archive_asset_id,archive_run_id,acquisition_state,content_state,extraction_state,formal_use_state,evidence_grade,redistribution_scope,raw_local_path,extracted_local_path,target_table,replacement_source,next_action,revalidation_required
LCL-0001,20260816_research_archive_v1,NOT_APPLICABLE,NOT_ACQUIRED,FAILED,EXCLUDED,内部,metadata_only,,,source_registry | case_evidence,,仅保留元数据；正式分析改用许可允许的权威替代源。,0
LCL-0002,20260816_research_archive_v1,ACQUIRED,DOCUMENT_LOCAL,NOT_REQUIRED,CORE,A,shared,01_比赛与项目基线/本地原件/02数据创新平台.pdf,,source_registry | case_evidence,,人工复核关键字段与source_locator；通过后映射至正式source_registry。,1
LCL-0003,20260816_research_archive_v1,ACQUIRED,LOCAL_ASSET,NOT_REQUIRED,SUPPLEMENT,内部,shared,03_案例库与证据/本地原件/案例库/地缘冲突与制裁篇/01_2022俄乌冲突-外储冻结/案例档案.md,,company_overseas_exposure | country_monthly_risk | country_policy_year | country_event | case_evidence,,按项目用途复核；不足以单独支持核心结论。,1
LCL-0004,20260816_research_archive_v1,ACQUIRED,LOCAL_ASSET,NOT_REQUIRED,SUPPLEMENT,内部,shared,03_案例库与证据/本地原件/案例库/地缘冲突与制裁篇/02_2022俄罗斯黄金制裁免疫/案例档案.md,,company_overseas_exposure | country_monthly_risk | country_policy_year | country_event | case_evidence,,按项目用途复核；不足以单独支持核心结论。,1
LCL-0005,20260816_research_archive_v1,ACQUIRED,LOCAL_ASSET,NOT_REQUIRED,SUPPLEMENT,内部,shared,03_案例库与证据/本地原件/案例库/地缘冲突与制裁篇/03_2024以色列-伊朗冲突/案例档案.md,,company_overseas_exposure | country_monthly_risk | country_policy_year | country_event | case_evidence,,按项目用途复核；不足以单独支持核心结论。,1
LCL-0006,20260816_research_archive_v1,ACQUIRED,LOCAL_ASSET,NOT_REQUIRED,SUPPLEMENT,内部,shared,03_案例库与证据/本地原件/案例库/地缘冲突与制裁篇/04_2012-2013土耳其-伊朗黄金换天然气/案例档案.md,,company_overseas_exposure | country_monthly_risk | country_policy_year | country_event | case_evidence,,按项目用途复核；不足以单独支持核心结论。,1
LCL-0007,20260816_research_archive_v1,ACQUIRED,LOCAL_ASSET,NOT_REQUIRED,SUPPLEMENT,内部,shared,03_案例库与证据/本地原件/案例库/地缘冲突与制裁篇/05_2019委内瑞拉伦敦黄金冻结/案例档案.md,,company_overseas_exposure | country_monthly_risk | country_policy_year | country_event | case_evidence,,按项目用途复核；不足以单独支持核心结论。,1
LCL-0008,20260816_research_archive_v1,ACQUIRED,LOCAL_ASSET,NOT_REQUIRED,SUPPLEMENT,内部,shared,03_案例库与证据/本地原件/案例库/地缘冲突与制裁篇/06_2014克里米亚危机-卢布暴跌/案例档案.md,,company_overseas_exposure | country_monthly_risk | country_policy_year | country_event | case_evidence,,按项目用途复核；不足以单独支持核心结论。,1
LCL-0009,20260816_research_archive_v1,ACQUIRED,LOCAL_ASSET,NOT_REQUIRED,SUPPLEMENT,内部,shared,03_案例库与证据/本地原件/案例库/地缘冲突与制裁篇/07_2018特朗普对伊制裁/案例档案.md,,company_overseas_exposure | country_monthly_risk | country_policy_year | country_event | case_evidence,,按项目用途复核；不足以单独支持核心结论。,1
LCL-0010,20260816_research_archive_v1,ACQUIRED,LOCAL_ASSET,NOT_REQUIRED,SUPPLEMENT,内部,shared,03_案例库与证据/本地原件/案例库/地缘冲突与制裁篇/08_2023苏丹内战黄金经济/案例档案.md,,company_overseas_exposure | country_monthly_risk | country_policy_year | country_event | case_evidence,,按项目用途复核；不足以单独支持核心结论。,1
LCL-0011,20260816_research_archive_v1,ACQUIRED,LOCAL_ASSET,NOT_REQUIRED,SUPPLEMENT,内部,shared,03_案例库与证据/本地原件/案例库/调研方向与跨国企业筛选报告.md,,company_overseas_exposure | country_monthly_risk | country_policy_year | country_event | case_evidence,,按项目用途复核；不足以单独支持核心结论。,1
LCL-0012,20260816_research_archive_v1,ACQUIRED,LOCAL_ASSET,NOT_REQUIRED,SUPPLEMENT,内部,shared,03_案例库与证据/本地原件/案例库/宏观危机篇/01_1929大萧条/案例档案.md,,company_overseas_exposure | country_monthly_risk | country_policy_year | country_event | case_evidence,,按项目用途复核；不足以单独支持核心结论。,1
LCL-0013,20260816_research_archive_v1,ACQUIRED,LOCAL_ASSET,NOT_REQUIRED,SUPPLEMENT,内部,shared,03_案例库与证据/本地原件/案例库/宏观危机篇/02_1933罗斯福黄金新政/案例档案.md,,company_overseas_exposure | country_monthly_risk | country_policy_year | country_event | case_evidence,,按项目用途复核；不足以单独支持核心结论。,1
LCL-0014,20260816_research_archive_v1,ACQUIRED,LOCAL_ASSET,NOT_REQUIRED,SUPPLEMENT,内部,shared,03_案例库与证据/本地原件/案例库/宏观危机篇/03_1971布雷顿森林解体/案例档案.md,,company_overseas_exposure | country_monthly_risk | country_policy_year | country_event | case_evidence,,按项目用途复核；不足以单独支持核心结论。,1
LCL-0015,20260816_research_archive_v1,ACQUIRED,LOCAL_ASSET,NOT_REQUIRED,SUPPLEMENT,内部,shared,03_案例库与证据/本地原件/案例库/宏观危机篇/04_1973-1980滞胀大牛市/案例档案.md,,company_overseas_exposure | country_monthly_risk | country_policy_year | country_event | case_evidence,,按项目用途复核；不足以单独支持核心结论。,1
LCL-0016,20260816_research_archive_v1,ACQUIRED,LOCAL_ASSET,NOT_REQUIRED,SUPPLEMENT,内部,shared,03_案例库与证据/本地原件/案例库/宏观危机篇/06_1987黑色星期一/案例档案.md,,company_overseas_exposure | country_monthly_risk | country_policy_year | country_event | case_evidence,,按项目用途复核；不足以单独支持核心结论。,1
LCL-0017,20260816_research_archive_v1,ACQUIRED,LOCAL_ASSET,NOT_REQUIRED,SUPPLEMENT,内部,shared,03_案例库与证据/本地原件/案例库/宏观危机篇/07_1997亚洲金融危机/案例档案.md,,company_overseas_exposure | country_monthly_risk | country_policy_year | country_event | case_evidence,,按项目用途复核；不足以单独支持核心结论。,1
LCL-0018,20260816_research_archive_v1,ACQUIRED,LOCAL_ASSET,NOT_REQUIRED,SUPPLEMENT,内部,shared,03_案例库与证据/本地原件/案例库/宏观危机篇/08_2000互联网泡沫/案例档案.md,,company_overseas_exposure | country_monthly_risk | country_policy_year | country_event | case_evidence,,按项目用途复核；不足以单独支持核心结论。,1
LCL-0019,20260816_research_archive_v1,ACQUIRED,LOCAL_ASSET,NOT_REQUIRED,SUPPLEMENT,内部,shared,03_案例库与证据/本地原件/案例库/宏观危机篇/09_2008全球金融危机/案例档案.md,,company_overseas_exposure | country_monthly_risk | country_policy_year | country_event | case_evidence,,按项目用途复核；不足以单独支持核心结论。,1
LCL-0020,20260816_research_archive_v1,ACQUIRED,LOCAL_ASSET,NOT_REQUIRED,SUPPLEMENT,内部,shared,03_案例库与证据/本地原件/案例库/宏观危机篇/10_1990日本资产泡沫破裂/案例档案.md,,company_overseas_exposure | country_monthly_risk | country_policy_year | country_event | case_evidence,,按项目用途复核；不足以单独支持核心结论。,1
LCL-0021,20260816_research_archive_v1,ACQUIRED,LOCAL_ASSET,NOT_REQUIRED,SUPPLEMENT,内部,shared,03_案例库与证据/本地原件/案例库/宏观危机篇/11_1994墨西哥龙舌兰危机/案例档案.md,,company_overseas_exposure | country_monthly_risk | country_policy_year | country_event | case_evidence,,按项目用途复核；不足以单独支持核心结论。,1
LCL-0022,20260816_research_archive_v1,ACQUIRED,LOCAL_ASSET,NOT_REQUIRED,SUPPLEMENT,内部,shared,03_案例库与证据/本地原件/案例库/宏观危机篇/11_2013黄金暴跌（反面案例）/案例档案.md,,company_overseas_exposure | country_monthly_risk | country_policy_year | country_event | case_evidence,,按项目用途复核；不足以单独支持核心结论。,1
LCL-0023,20260816_research_archive_v1,ACQUIRED,LOCAL_ASSET,NOT_REQUIRED,SUPPLEMENT,内部,shared,03_案例库与证据/本地原件/案例库/宏观危机篇/12_1998俄罗斯金融危机/案例档案.md,,company_overseas_exposure | country_monthly_risk | country_policy_year | country_event | case_evidence,,按项目用途复核；不足以单独支持核心结论。,1
LCL-0024,20260816_research_archive_v1,ACQUIRED,LOCAL_ASSET,NOT_REQUIRED,SUPPLEMENT,内部,shared,03_案例库与证据/本地原件/案例库/宏观危机篇/13_2001阿根廷债务危机/案例档案.md,,company_overseas_exposure | country_monthly_risk | country_policy_year | country_event | case_evidence,,按项目用途复核；不足以单独支持核心结论。,1
LCL-0025,20260816_research_archive_v1,ACQUIRED,LOCAL_ASSET,NOT_REQUIRED,SUPPLEMENT,内部,shared,03_案例库与证据/本地原件/案例库/宏观危机篇/14_2010欧洲主权债务危机/案例档案.md,,company_overseas_exposure | country_monthly_risk | country_policy_year | country_event | case_evidence,,按项目用途复核；不足以单独支持核心结论。,1
LCL-0026,20260816_research_archive_v1,ACQUIRED,LOCAL_ASSET,NOT_REQUIRED,SUPPLEMENT,内部,shared,03_案例库与证据/本地原件/案例库/宏观危机篇/15_2020疫情全球市场崩盘/案例档案.md,,company_overseas_exposure | country_monthly_risk | country_policy_year | country_event | case_evidence,,按项目用途复核；不足以单独支持核心结论。,1
LCL-0027,20260816_research_archive_v1,ACQUIRED,LOCAL_ASSET,NOT_REQUIRED,SUPPLEMENT,内部,shared,03_案例库与证据/本地原件/案例库/宏观危机篇/16_2022美联储激进加息周期/案例档案.md,,company_overseas_exposure | country_monthly_risk | country_policy_year | country_event | case_evidence,,按项目用途复核；不足以单独支持核心结论。,1
LCL-0028,20260816_research_archive_v1,ACQUIRED,LOCAL_ASSET,NOT_REQUIRED,SUPPLEMENT,内部,shared,03_案例库与证据/本地原件/案例库/宏观危机篇/17_1980-2000黄金熊市_反面案例/案例档案.md,,company_overseas_exposure | country_monthly_risk | country_policy_year | country_event | case_evidence,,按项目用途复核；不足以单独支持核心结论。,1
LCL-0029,20260816_research_archive_v1,ACQUIRED,LOCAL_ASSET,NOT_REQUIRED,SUPPLEMENT,内部,shared,03_案例库与证据/本地原件/案例库/货币崩溃篇/01_1923魏玛德国恶性通胀/案例档案.md,,company_overseas_exposure | country_monthly_risk | country_policy_year | country_event | case_evidence,,按项目用途复核；不足以单独支持核心结论。,1
LCL-0030,20260816_research_archive_v1,ACQUIRED,LOCAL_ASSET,NOT_REQUIRED,SUPPLEMENT,内部,shared,03_案例库与证据/本地原件/案例库/货币崩溃篇/02_2008津巴布韦恶性通胀/案例档案.md,,company_overseas_exposure | country_monthly_risk | country_policy_year | country_event | case_evidence,,按项目用途复核；不足以单独支持核心结论。,1
LCL-0031,20260816_research_archive_v1,ACQUIRED,LOCAL_ASSET,NOT_REQUIRED,SUPPLEMENT,内部,shared,03_案例库与证据/本地原件/案例库/货币崩溃篇/03_2015-2021委内瑞拉玻利瓦尔/案例档案.md,,company_overseas_exposure | country_monthly_risk | country_policy_year | country_event | case_evidence,,按项目用途复核；不足以单独支持核心结论。,1
LCL-0032,20260816_research_archive_v1,ACQUIRED,LOCAL_ASSET,NOT_REQUIRED,SUPPLEMENT,内部,shared,03_案例库与证据/本地原件/案例库/货币崩溃篇/04_2018土耳其里拉危机/案例档案.md,,company_overseas_exposure | country_monthly_risk | country_policy_year | country_event | case_evidence,,按项目用途复核；不足以单独支持核心结论。,1
LCL-0033,20260816_research_archive_v1,ACQUIRED,LOCAL_ASSET,NOT_REQUIRED,SUPPLEMENT,内部,shared,03_案例库与证据/本地原件/案例库/货币崩溃篇/05_2019-2023黎巴嫩镑崩溃/案例档案.md,,company_overseas_exposure | country_monthly_risk | country_policy_year | country_event | case_evidence,,按项目用途复核；不足以单独支持核心结论。,1
LCL-0034,20260816_research_archive_v1,ACQUIRED,LOCAL_ASSET,NOT_REQUIRED,SUPPLEMENT,内部,shared,03_案例库与证据/本地原件/案例库/货币崩溃篇/06_2022-2024尼日利亚奈拉崩溃/案例档案.md,,company_overseas_exposure | country_monthly_risk | country_policy_year | country_event | case_evidence,,按项目用途复核；不足以单独支持核心结论。,1
LCL-0035,20260816_research_archive_v1,ACQUIRED,LOCAL_ASSET,NOT_REQUIRED,SUPPLEMENT,内部,shared,03_案例库与证据/本地原件/案例库/货币崩溃篇/07_2022-2024埃及镑贬值/案例档案.md,,company_overseas_exposure | country_monthly_risk | country_policy_year | country_event | case_evidence,,按项目用途复核；不足以单独支持核心结论。,1
LCL-0036,20260816_research_archive_v1,ACQUIRED,LOCAL_ASSET,NOT_REQUIRED,SUPPLEMENT,内部,shared,03_案例库与证据/本地原件/案例库/货币崩溃篇/08_2010-2025伊朗里亚尔/案例档案.md,,company_overseas_exposure | country_monthly_risk | country_policy_year | country_event | case_evidence,,按项目用途复核；不足以单独支持核心结论。,1
LCL-0037,20260816_research_archive_v1,ACQUIRED,LOCAL_ASSET,NOT_REQUIRED,SUPPLEMENT,内部,shared,03_案例库与证据/本地原件/案例库/货币崩溃篇/09_2023-2024阿根廷比索危机/案例档案.md,,company_overseas_exposure | country_monthly_risk | country_policy_year | country_event | case_evidence,,按项目用途复核；不足以单独支持核心结论。,1
LCL-0038,20260816_research_archive_v1,ACQUIRED,LOCAL_ASSET,NOT_REQUIRED,SUPPLEMENT,内部,shared,03_案例库与证据/本地原件/案例库/货币崩溃篇/10_1998俄罗斯卢布危机/案例档案.md,,company_overseas_exposure | country_monthly_risk | country_policy_year | country_event | case_evidence,,按项目用途复核；不足以单独支持核心结论。,1
LCL-0039,20260816_research_archive_v1,ACQUIRED,LOCAL_ASSET,NOT_REQUIRED,SUPPLEMENT,内部,shared,03_案例库与证据/本地原件/案例库/微观企业篇/01_MTN尼日利亚/案例档案.md,,company_overseas_exposure | country_monthly_risk | country_policy_year | country_event | case_evidence,,按项目用途复核；不足以单独支持核心结论。,1
LCL-0040,20260816_research_archive_v1,ACQUIRED,LOCAL_ASSET,NOT_REQUIRED,SUPPLEMENT,内部,shared,03_案例库与证据/本地原件/案例库/微观企业篇/02_雀巢尼日利亚/案例档案.md,,company_overseas_exposure | country_monthly_risk | country_policy_year | country_event | case_evidence,,按项目用途复核；不足以单独支持核心结论。,1
LCL-0041,20260816_research_archive_v1,ACQUIRED,LOCAL_ASSET,NOT_REQUIRED,SUPPLEMENT,内部,shared,03_案例库与证据/本地原件/案例库/微观企业篇/03_ABInBev阿根廷/案例档案.md,,company_overseas_exposure | country_monthly_risk | country_policy_year | country_event | case_evidence,,按项目用途复核；不足以单独支持核心结论。,1
LCL-0042,20260816_research_archive_v1,ACQUIRED,LOCAL_ASSET,NOT_REQUIRED,SUPPLEMENT,内部,shared,03_案例库与证据/本地原件/案例库/微观企业篇/04_传音控股/案例档案.md,,company_overseas_exposure | country_monthly_risk | country_policy_year | country_event | case_evidence,,按项目用途复核；不足以单独支持核心结论。,1
LCL-0043,20260816_research_archive_v1,ACQUIRED,LOCAL_ASSET,NOT_REQUIRED,SUPPLEMENT,内部,shared,03_案例库与证据/本地原件/案例库/微观企业篇/05_华为/案例档案.md,,company_overseas_exposure | country_monthly_risk | country_policy_year | country_event | case_evidence,,按项目用途复核；不足以单独支持核心结论。,1
LCL-0044,20260816_research_archive_v1,ACQUIRED,LOCAL_ASSET,NOT_REQUIRED,SUPPLEMENT,内部,shared,03_案例库与证据/本地原件/案例库/微观企业篇/06_雷诺法兴俄罗斯退出/案例档案.md,,company_overseas_exposure | country_monthly_risk | country_policy_year | country_event | case_evidence,,按项目用途复核；不足以单独支持核心结论。,1
LCL-0045,20260816_research_archive_v1,ACQUIRED,LOCAL_ASSET,NOT_REQUIRED,SUPPLEMENT,内部,shared,03_案例库与证据/本地原件/案例库/微观企业篇/07_IATA航司被困资金/案例档案.md,,company_overseas_exposure | country_monthly_risk | country_policy_year | country_event | case_evidence,,按项目用途复核；不足以单独支持核心结论。,1
LCL-0046,20260816_research_archive_v1,ACQUIRED,LOCAL_ASSET,NOT_REQUIRED,SUPPLEMENT,内部,shared,03_案例库与证据/本地原件/案例库/微观企业篇/08_Palantir黑天鹅黄金/案例档案.md,,company_overseas_exposure | country_monthly_risk | country_policy_year | country_event | case_evidence,,按项目用途复核；不足以单独支持核心结论。,1
LCL-0047,20260816_research_archive_v1,ACQUIRED,LOCAL_ASSET,NOT_REQUIRED,SUPPLEMENT,内部,shared,03_案例库与证据/本地原件/案例库/微观企业篇/09_Tether黄金储备/案例档案.md,,company_overseas_exposure | country_monthly_risk | country_policy_year | country_event | case_evidence,,按项目用途复核；不足以单独支持核心结论。,1
LCL-0048,20260816_research_archive_v1,ACQUIRED,LOCAL_ASSET,NOT_REQUIRED,SUPPLEMENT,内部,shared,03_案例库与证据/本地原件/案例库/微观企业篇/10_中国黄金会计错配_反面/案例档案.md,,company_overseas_exposure | country_monthly_risk | country_policy_year | country_event | case_evidence,,按项目用途复核；不足以单独支持核心结论。,1
LCL-0049,20260816_research_archive_v1,ACQUIRED,LOCAL_ASSET,NOT_REQUIRED,SUPPLEMENT,内部,shared,03_案例库与证据/本地原件/案例库/README_案例库总览.md,,company_overseas_exposure | country_monthly_risk | country_policy_year | country_event | case_evidence,,按项目用途复核；不足以单独支持核心结论。,1
LCL-0050,20260816_research_archive_v1,ACQUIRED,DOCUMENT_LOCAL,NOT_REQUIRED,SUPPLEMENT,内部,shared,02_方案演进与调研报告/本地原件/方案整合与实施路径/方案整合与实施路径.pdf,,asset_monthly_return | case_evidence | global_cycle_month,,按项目用途复核；不足以单独支持核心结论。,1
LCL-0051,20260816_research_archive_v1,ACQUIRED,LOCAL_ASSET,NOT_REQUIRED,SUPPLEMENT,内部,shared,02_方案演进与调研报告/本地原件/方案整合与实施路径/方案整合与实施路径.tex,,asset_monthly_return | case_evidence | global_cycle_month,,按项目用途复核；不足以单独支持核心结论。,1
LCL-0052,20260816_research_archive_v1,ACQUIRED,DOCUMENT_LOCAL,NOT_REQUIRED,SUPPLEMENT,内部,shared,02_方案演进与调研报告/本地原件/方案整合与实施路径/build/方案整合与实施路径.pdf,,asset_monthly_return | case_evidence | global_cycle_month,,按项目用途复核；不足以单独支持核心结论。,1
LCL-0053,20260816_research_archive_v1,ACQUIRED,DOCUMENT_LOCAL,NOT_REQUIRED,SUPPLEMENT,内部,shared,02_方案演进与调研报告/本地原件/计划书/01_项目可行性研究与参赛方案书.pdf,,asset_monthly_return | case_evidence | global_cycle_month,,按项目用途复核；不足以单独支持核心结论。,1
LCL-0054,20260816_research_archive_v1,ACQUIRED,LOCAL_ASSET,NOT_REQUIRED,SUPPLEMENT,内部,shared,02_方案演进与调研报告/本地原件/计划书/01_项目可行性研究与参赛方案书.tex,,asset_monthly_return | case_evidence | global_cycle_month,,按项目用途复核；不足以单独支持核心结论。,1
LCL-0055,20260816_research_archive_v1,ACQUIRED,DOCUMENT_LOCAL,NOT_REQUIRED,SUPPLEMENT,内部,shared,02_方案演进与调研报告/本地原件/计划书/02_项目执行与协作手册.pdf,,asset_monthly_return | case_evidence | global_cycle_month,,按项目用途复核；不足以单独支持核心结论。,1
LCL-0056,20260816_research_archive_v1,ACQUIRED,LOCAL_ASSET,NOT_REQUIRED,SUPPLEMENT,内部,shared,02_方案演进与调研报告/本地原件/计划书/02_项目执行与协作手册.tex,,asset_monthly_return | case_evidence | global_cycle_month,,按项目用途复核；不足以单独支持核心结论。,1
LCL-0057,20260816_research_archive_v1,ACQUIRED,DOCUMENT_LOCAL,NOT_REQUIRED,SUPPLEMENT,内部,shared,02_方案演进与调研报告/本地原件/计划书/03_多币种流动性与黄金战略储备周期配置计划书.pdf,,asset_monthly_return | case_evidence | global_cycle_month,,按项目用途复核；不足以单独支持核心结论。,1
LCL-0058,20260816_research_archive_v1,ACQUIRED,LOCAL_ASSET,NOT_REQUIRED,SUPPLEMENT,内部,shared,02_方案演进与调研报告/本地原件/计划书/03_多币种流动性与黄金战略储备周期配置计划书.tex,,asset_monthly_return | case_evidence | global_cycle_month,,按项目用途复核；不足以单独支持核心结论。,1
LCL-0059,20260816_research_archive_v1,ACQUIRED,DOCUMENT_LOCAL,NOT_REQUIRED,SUPPLEMENT,内部,shared,02_方案演进与调研报告/本地原件/计划书/04_亚非拉国别风险与多币种储备智能决策平台总计划书.pdf,,source_registry | asset_monthly_return | case_evidence | global_cycle_month,,按项目用途复核；不足以单独支持核心结论。,1
LCL-0060,20260816_research_archive_v1,ACQUIRED,LOCAL_ASSET,NOT_REQUIRED,SUPPLEMENT,内部,shared,02_方案演进与调研报告/本地原件/计划书/04_亚非拉国别风险与多币种储备智能决策平台总计划书.tex,,source_registry | asset_monthly_return | case_evidence | global_cycle_month,,按项目用途复核；不足以单独支持核心结论。,1
LCL-0061,20260816_research_archive_v1,ACQUIRED,DOCUMENT_LOCAL,NOT_REQUIRED,SUPPLEMENT,内部,shared,02_方案演进与调研报告/本地原件/计划书/05_全球经济周期与亚非拉国别风险多币种储备智能决策平台总计划书.pdf,,source_registry | asset_monthly_return | case_evidence | global_cycle_month,,按项目用途复核；不足以单独支持核心结论。,1
LCL-0062,20260816_research_archive_v1,ACQUIRED,LOCAL_ASSET,NOT_REQUIRED,SUPPLEMENT,内部,shared,02_方案演进与调研报告/本地原件/计划书/05_全球经济周期与亚非拉国别风险多币种储备智能决策平台总计划书.tex,,source_registry | asset_monthly_return | case_evidence | global_cycle_month,,按项目用途复核；不足以单独支持核心结论。,1
LCL-0063,20260816_research_archive_v1,ACQUIRED,LOCAL_ASSET,NOT_REQUIRED,SUPPLEMENT,内部,shared,02_方案演进与调研报告/本地原件/计划书/飞书兼容_Mermaid_项目实施与数据采集全景图_预览.png,,asset_monthly_return | case_evidence | global_cycle_month,,按项目用途复核；不足以单独支持核心结论。,1
LCL-0064,20260816_research_archive_v1,ACQUIRED,LOCAL_ASSET,NOT_REQUIRED,SUPPLEMENT,内部,shared,02_方案演进与调研报告/本地原件/计划书/飞书兼容_Mermaid_项目实施与数据采集全景图.mmd,,asset_monthly_return | case_evidence | global_cycle_month,,按项目用途复核；不足以单独支持核心结论。,1
LCL-0065,20260816_research_archive_v1,ACQUIRED,LOCAL_ASSET,NOT_REQUIRED,SUPPLEMENT,内部,shared,02_方案演进与调研报告/本地原件/计划书/飞书兼容_Mermaid_项目实施与数据采集全景图.svg,,asset_monthly_return | case_evidence | global_cycle_month,,按项目用途复核；不足以单独支持核心结论。,1
LCL-0066,20260816_research_archive_v1,ACQUIRED,LOCAL_ASSET,NOT_REQUIRED,SUPPLEMENT,内部,shared,02_方案演进与调研报告/本地原件/计划书/飞书兼容_Mermaid_V3.0_数据采集处理与Smartbi落地全流程_预览.png,,source_registry | asset_monthly_return | case_evidence | global_cycle_month,,按项目用途复核；不足以单独支持核心结论。,1
LCL-0067,20260816_research_archive_v1,ACQUIRED,LOCAL_ASSET,NOT_REQUIRED,SUPPLEMENT,内部,shared,02_方案演进与调研报告/本地原件/计划书/飞书兼容_Mermaid_V3.0_数据采集处理与Smartbi落地全流程.mmd,,source_registry | asset_monthly_return | case_evidence | global_cycle_month,,按项目用途复核；不足以单独支持核心结论。,1
LCL-0068,20260816_research_archive_v1,ACQUIRED,LOCAL_ASSET,NOT_REQUIRED,SUPPLEMENT,内部,shared,02_方案演进与调研报告/本地原件/计划书/飞书兼容_Mermaid_V3.0_数据采集处理与Smartbi落地全流程.svg,,source_registry | asset_monthly_return | case_evidence | global_cycle_month,,按项目用途复核；不足以单独支持核心结论。,1
LCL-0069,20260816_research_archive_v1,ACQUIRED,LOCAL_ASSET,NOT_REQUIRED,SUPPLEMENT,内部,shared,02_方案演进与调研报告/本地原件/计划书/飞书兼容_Mermaid_V4.0_全球经济周期与系统性危机全流程_预览.png,,asset_monthly_return | case_evidence | global_cycle_month,,按项目用途复核；不足以单独支持核心结论。,1
LCL-0070,20260816_research_archive_v1,ACQUIRED,LOCAL_ASSET,NOT_REQUIRED,SUPPLEMENT,内部,shared,02_方案演进与调研报告/本地原件/计划书/飞书兼容_Mermaid_V4.0_全球经济周期与系统性危机全流程.mmd,,asset_monthly_return | case_evidence | global_cycle_month,,按项目用途复核；不足以单独支持核心结论。,1
LCL-0071,20260816_research_archive_v1,ACQUIRED,LOCAL_ASSET,NOT_REQUIRED,SUPPLEMENT,内部,shared,02_方案演进与调研报告/本地原件/计划书/飞书兼容_Mermaid_V4.0_全球经济周期与系统性危机全流程.svg,,asset_monthly_return | case_evidence | global_cycle_month,,按项目用途复核；不足以单独支持核心结论。,1
LCL-0072,20260816_research_archive_v1,ACQUIRED,LOCAL_ASSET,NOT_REQUIRED,SUPPLEMENT,内部,shared,02_方案演进与调研报告/本地原件/计划书/planbook-style.tex,,asset_monthly_return | case_evidence | global_cycle_month,,按项目用途复核；不足以单独支持核心结论。,1
LCL-0073,20260816_research_archive_v1,ACQUIRED,LOCAL_ASSET,NOT_REQUIRED,SUPPLEMENT,内部,shared,02_方案演进与调研报告/本地原件/计划书/references.bib,,asset_monthly_return | case_evidence | global_cycle_month,,按项目用途复核；不足以单独支持核心结论。,1
LCL-0074,20260816_research_archive_v1,ACQUIRED,LOCAL_ASSET,NOT_REQUIRED,SUPPLEMENT,内部,shared,02_方案演进与调研报告/本地原件/跨国公司黄金硬通货需求调研报告.md,,asset_monthly_return | case_evidence | global_cycle_month,,按项目用途复核；不足以单独支持核心结论。,1
LCL-0075,20260816_research_archive_v1,ACQUIRED,LOCAL_ASSET,NOT_REQUIRED,SUPPLEMENT,内部,shared,02_方案演进与调研报告/本地原件/命题可行性验证报告.md,,asset_monthly_return | case_evidence | global_cycle_month,,按项目用途复核；不足以单独支持核心结论。,1
LCL-0076,20260816_research_archive_v1,ACQUIRED,LOCAL_ASSET,NOT_REQUIRED,SUPPLEMENT,内部,shared,02_方案演进与调研报告/本地原件/企业资产配置调研报告.md,,company_overseas_exposure | asset_monthly_return | case_evidence | global_cycle_month,,按项目用途复核；不足以单独支持核心结论。,1
LCL-0077,20260816_research_archive_v1,ACQUIRED,LOCAL_ASSET,NOT_REQUIRED,SUPPLEMENT,内部,shared,01_比赛与项目基线/本地原件/生成评分标准表.mjs,,source_registry | case_evidence,,按项目用途复核；不足以单独支持核心结论。,1
LCL-0078,20260816_research_archive_v1,ACQUIRED,LOCAL_ASSET,NOT_REQUIRED,SUPPLEMENT,内部,shared,02_方案演进与调研报告/本地原件/题意符合性评估报告.md,,asset_monthly_return | case_evidence | global_cycle_month,,按项目用途复核；不足以单独支持核心结论。,1
LCL-0079,20260816_research_archive_v1,ACQUIRED,LOCAL_ASSET,NOT_REQUIRED,SUPPLEMENT,内部,shared,01_比赛与项目基线/本地原件/预览_硬性要求与评分标准.png,,source_registry | case_evidence,,按项目用途复核；不足以单独支持核心结论。,1
LCL-0080,20260816_research_archive_v1,ACQUIRED,LOCAL_ASSET,NOT_REQUIRED,SUPPLEMENT,内部,shared,01_比赛与项目基线/本地原件/预览_整体流程.png,,source_registry | case_evidence,,按项目用途复核；不足以单独支持核心结论。,1
LCL-0081,20260816_research_archive_v1,NOT_ACQUIRED,NOT_ACQUIRED,FAILED,EXCLUDED,内部,metadata_only,,,source_registry | case_evidence,,仅保留元数据；正式分析改用许可允许的权威替代源。,0
LCL-0082,20260816_research_archive_v1,ACQUIRED,STRUCTURED_LOCAL,NOT_REQUIRED,SUPPLEMENT,内部,shared,10_数据集原件与说明/本地原件/最终数据/最终数据/outputs/019f56e7-91fe-7a43-b1d0-ae50e45c9d0c/黄金价格传导链因素与时序数据_20260724.xlsx,,asset_monthly_return | case_evidence,,按项目用途复核；不足以单独支持核心结论。,1
LCL-0083,20260816_research_archive_v1,ACQUIRED,LOCAL_ASSET,NOT_REQUIRED,SUPPLEMENT,内部,private_only,10_数据集原件与说明/本地原件/最终数据/最终数据/outputs/019f56e7-91fe-7a43-b1d0-ae50e45c9d0c/黄金价格传导链因素与时序数据_20260724.xlsx.inspect.ndjson,,asset_monthly_return | case_evidence,,按项目用途复核；不足以单独支持核心结论。,1
LCL-0084,20260816_research_archive_v1,ACQUIRED,STRUCTURED_LOCAL,NOT_REQUIRED,SUPPLEMENT,内部,shared,10_数据集原件与说明/本地原件/最终数据/最终数据/outputs/019f56e7-91fe-7a43-b1d0-ae50e45c9d0c/金银价格波动影响因素与时序数据_20260726.xlsx,,case_evidence,,按项目用途复核；不足以单独支持核心结论。,1
LCL-0085,20260816_research_archive_v1,ACQUIRED,LOCAL_ASSET,NOT_REQUIRED,SUPPLEMENT,内部,private_only,10_数据集原件与说明/本地原件/最终数据/最终数据/outputs/019f56e7-91fe-7a43-b1d0-ae50e45c9d0c/金银价格波动影响因素与时序数据_20260726.xlsx.inspect.ndjson,,case_evidence,,按项目用途复核；不足以单独支持核心结论。,1
LCL-0086,20260816_research_archive_v1,ACQUIRED,STRUCTURED_LOCAL,NOT_REQUIRED,SUPPLEMENT,内部,shared,10_数据集原件与说明/本地原件/最终数据/最终数据/outputs/019f56e7-91fe-7a43-b1d0-ae50e45c9d0c/金银价格波动影响因素与时序数据_中文字段版_20260726.xlsx,,case_evidence,,按项目用途复核；不足以单独支持核心结论。,1
LCL-0087,20260816_research_archive_v1,ACQUIRED,LOCAL_ASSET,NOT_REQUIRED,SUPPLEMENT,内部,private_only,10_数据集原件与说明/本地原件/最终数据/最终数据/outputs/019f56e7-91fe-7a43-b1d0-ae50e45c9d0c/金银价格波动影响因素与时序数据_中文字段版_20260726.xlsx.inspect.ndjson,,case_evidence,,按项目用途复核；不足以单独支持核心结论。,1
LCL-0088,20260816_research_archive_v1,ACQUIRED,STRUCTURED_LOCAL,NOT_REQUIRED,SUPPLEMENT,内部,shared,10_数据集原件与说明/本地原件/最终数据/最终数据/outputs/019f56e7-91fe-7a43-b1d0-ae50e45c9d0c/金银价格预测_官方数据与因素台账_20260713.xlsx,,case_evidence,,按项目用途复核；不足以单独支持核心结论。,1
LCL-0089,20260816_research_archive_v1,ACQUIRED,LOCAL_ASSET,NOT_REQUIRED,SUPPLEMENT,内部,private_only,10_数据集原件与说明/本地原件/最终数据/最终数据/outputs/019f56e7-91fe-7a43-b1d0-ae50e45c9d0c/金银价格预测_官方数据与因素台账_20260713.xlsx.inspect.ndjson,,case_evidence,,按项目用途复核；不足以单独支持核心结论。,1
LCL-0090,20260816_research_archive_v1,ACQUIRED,LOCAL_ASSET,NOT_REQUIRED,SUPPLEMENT,内部,shared,10_数据集原件与说明/本地原件/最终数据/最终数据/outputs/019f56e7-91fe-7a43-b1d0-ae50e45c9d0c/gold_factor_previews/00_说明与总览.png,,case_evidence,,按项目用途复核；不足以单独支持核心结论。,1
LCL-0091,20260816_research_archive_v1,ACQUIRED,LOCAL_ASSET,NOT_REQUIRED,SUPPLEMENT,内部,shared,10_数据集原件与说明/本地原件/最终数据/最终数据/outputs/019f56e7-91fe-7a43-b1d0-ae50e45c9d0c/gold_factor_previews/01_价格传导链.png,,case_evidence,,按项目用途复核；不足以单独支持核心结论。,1
LCL-0092,20260816_research_archive_v1,ACQUIRED,LOCAL_ASSET,NOT_REQUIRED,SUPPLEMENT,内部,shared,10_数据集原件与说明/本地原件/最终数据/最终数据/outputs/019f56e7-91fe-7a43-b1d0-ae50e45c9d0c/gold_factor_previews/02_影响因素表.png,,case_evidence,,按项目用途复核；不足以单独支持核心结论。,1
LCL-0093,20260816_research_archive_v1,ACQUIRED,LOCAL_ASSET,NOT_REQUIRED,SUPPLEMENT,内部,shared,10_数据集原件与说明/本地原件/最终数据/最终数据/outputs/019f56e7-91fe-7a43-b1d0-ae50e45c9d0c/gold_factor_previews/03_事件关联.png,,case_evidence,,按项目用途复核；不足以单独支持核心结论。,1
LCL-0094,20260816_research_archive_v1,ACQUIRED,LOCAL_ASSET,NOT_REQUIRED,SUPPLEMENT,内部,shared,10_数据集原件与说明/本地原件/最终数据/最终数据/outputs/019f56e7-91fe-7a43-b1d0-ae50e45c9d0c/gold_factor_previews/05_日度对齐主表.png,,case_evidence,,按项目用途复核；不足以单独支持核心结论。,1
LCL-0095,20260816_research_archive_v1,ACQUIRED,LOCAL_ASSET,NOT_REQUIRED,SUPPLEMENT,内部,shared,10_数据集原件与说明/本地原件/最终数据/最终数据/outputs/019f56e7-91fe-7a43-b1d0-ae50e45c9d0c/gold_factor_previews/06_SGE原始日行情.png,,asset_monthly_return | case_evidence,,按项目用途复核；不足以单独支持核心结论。,1
LCL-0096,20260816_research_archive_v1,ACQUIRED,LOCAL_ASSET,NOT_REQUIRED,SUPPLEMENT,内部,shared,10_数据集原件与说明/本地原件/最终数据/最终数据/outputs/019f56e7-91fe-7a43-b1d0-ae50e45c9d0c/gold_factor_previews/07_FRED日度原始.png,,asset_monthly_return | case_evidence,,按项目用途复核；不足以单独支持核心结论。,1
LCL-0097,20260816_research_archive_v1,ACQUIRED,LOCAL_ASSET,NOT_REQUIRED,SUPPLEMENT,内部,shared,10_数据集原件与说明/本地原件/最终数据/最终数据/outputs/019f56e7-91fe-7a43-b1d0-ae50e45c9d0c/gold_factor_previews/08_CFTC周度持仓.png,,case_evidence,,按项目用途复核；不足以单独支持核心结论。,1
LCL-0098,20260816_research_archive_v1,ACQUIRED,LOCAL_ASSET,NOT_REQUIRED,SUPPLEMENT,内部,shared,10_数据集原件与说明/本地原件/最终数据/最终数据/outputs/019f56e7-91fe-7a43-b1d0-ae50e45c9d0c/gold_factor_previews/09_月度研究主表.png,,case_evidence,,按项目用途复核；不足以单独支持核心结论。,1
LCL-0099,20260816_research_archive_v1,ACQUIRED,LOCAL_ASSET,NOT_REQUIRED,SUPPLEMENT,内部,shared,10_数据集原件与说明/本地原件/最终数据/最终数据/outputs/019f56e7-91fe-7a43-b1d0-ae50e45c9d0c/gold_factor_previews/10_GPR月度.png,,case_evidence,,按项目用途复核；不足以单独支持核心结论。,1
LCL-0100,20260816_research_archive_v1,ACQUIRED,LOCAL_ASSET,NOT_REQUIRED,SUPPLEMENT,内部,shared,10_数据集原件与说明/本地原件/最终数据/最终数据/outputs/019f56e7-91fe-7a43-b1d0-ae50e45c9d0c/gold_factor_previews/12_来源与口径.png,,case_evidence,,按项目用途复核；不足以单独支持核心结论。,1
LCL-0101,20260816_research_archive_v1,ACQUIRED,LOCAL_ASSET,NOT_REQUIRED,SUPPLEMENT,内部,shared,10_数据集原件与说明/本地原件/最终数据/最终数据/outputs/019f56e7-91fe-7a43-b1d0-ae50e45c9d0c/gold_factor_previews/13_质量检查_导出后复核.png,,case_evidence,,按项目用途复核；不足以单独支持核心结论。,1
LCL-0102,20260816_research_archive_v1,ACQUIRED,LOCAL_ASSET,NOT_REQUIRED,SUPPLEMENT,内部,shared,10_数据集原件与说明/本地原件/最终数据/最终数据/outputs/019f56e7-91fe-7a43-b1d0-ae50e45c9d0c/gold_factor_previews/13_质量检查.png,,case_evidence,,按项目用途复核；不足以单独支持核心结论。,1
LCL-0103,20260816_research_archive_v1,ACQUIRED,LOCAL_ASSET,NOT_REQUIRED,SUPPLEMENT,内部,shared,10_数据集原件与说明/本地原件/最终数据/最终数据/outputs/019f56e7-91fe-7a43-b1d0-ae50e45c9d0c/gold_factor_previews/全部工作表总览.png,,case_evidence,,按项目用途复核；不足以单独支持核心结论。,1
LCL-0104,20260816_research_archive_v1,ACQUIRED,LOCAL_ASSET,NOT_REQUIRED,SUPPLEMENT,内部,shared,10_数据集原件与说明/本地原件/最终数据/最终数据/outputs/019f56e7-91fe-7a43-b1d0-ae50e45c9d0c/gold_silver_chinese_previews/00_说明与总览.png,,case_evidence,,按项目用途复核；不足以单独支持核心结论。,1
LCL-0105,20260816_research_archive_v1,ACQUIRED,LOCAL_ASSET,NOT_REQUIRED,SUPPLEMENT,内部,shared,10_数据集原件与说明/本地原件/最终数据/最终数据/outputs/019f56e7-91fe-7a43-b1d0-ae50e45c9d0c/gold_silver_chinese_previews/01_金银传导链.png,,case_evidence,,按项目用途复核；不足以单独支持核心结论。,1
LCL-0106,20260816_research_archive_v1,ACQUIRED,LOCAL_ASSET,NOT_REQUIRED,SUPPLEMENT,内部,shared,10_数据集原件与说明/本地原件/最终数据/最终数据/outputs/019f56e7-91fe-7a43-b1d0-ae50e45c9d0c/gold_silver_chinese_previews/02_金银因素表.png,,case_evidence,,按项目用途复核；不足以单独支持核心结论。,1
LCL-0107,20260816_research_archive_v1,ACQUIRED,LOCAL_ASSET,NOT_REQUIRED,SUPPLEMENT,内部,shared,10_数据集原件与说明/本地原件/最终数据/最终数据/outputs/019f56e7-91fe-7a43-b1d0-ae50e45c9d0c/gold_silver_chinese_previews/03_事件关联.png,,case_evidence,,按项目用途复核；不足以单独支持核心结论。,1
LCL-0108,20260816_research_archive_v1,ACQUIRED,LOCAL_ASSET,NOT_REQUIRED,SUPPLEMENT,内部,shared,10_数据集原件与说明/本地原件/最终数据/最终数据/outputs/019f56e7-91fe-7a43-b1d0-ae50e45c9d0c/gold_silver_chinese_previews/04_术语与字段说明.png,,case_evidence,,按项目用途复核；不足以单独支持核心结论。,1
LCL-0109,20260816_research_archive_v1,ACQUIRED,LOCAL_ASSET,NOT_REQUIRED,SUPPLEMENT,内部,shared,10_数据集原件与说明/本地原件/最终数据/最终数据/outputs/019f56e7-91fe-7a43-b1d0-ae50e45c9d0c/gold_silver_chinese_previews/05_金银日度主表.png,,case_evidence,,按项目用途复核；不足以单独支持核心结论。,1
LCL-0110,20260816_research_archive_v1,ACQUIRED,LOCAL_ASSET,NOT_REQUIRED,SUPPLEMENT,内部,shared,10_数据集原件与说明/本地原件/最终数据/最终数据/outputs/019f56e7-91fe-7a43-b1d0-ae50e45c9d0c/gold_silver_chinese_previews/06_SGE原始日行情.png,,asset_monthly_return | case_evidence,,按项目用途复核；不足以单独支持核心结论。,1
LCL-0111,20260816_research_archive_v1,ACQUIRED,LOCAL_ASSET,NOT_REQUIRED,SUPPLEMENT,内部,shared,10_数据集原件与说明/本地原件/最终数据/最终数据/outputs/019f56e7-91fe-7a43-b1d0-ae50e45c9d0c/gold_silver_chinese_previews/07_FRED日度原始.png,,asset_monthly_return | case_evidence,,按项目用途复核；不足以单独支持核心结论。,1
LCL-0112,20260816_research_archive_v1,ACQUIRED,LOCAL_ASSET,NOT_REQUIRED,SUPPLEMENT,内部,shared,10_数据集原件与说明/本地原件/最终数据/最终数据/outputs/019f56e7-91fe-7a43-b1d0-ae50e45c9d0c/gold_silver_chinese_previews/08_CFTC周度持仓.png,,case_evidence,,按项目用途复核；不足以单独支持核心结论。,1
LCL-0113,20260816_research_archive_v1,ACQUIRED,LOCAL_ASSET,NOT_REQUIRED,SUPPLEMENT,内部,shared,10_数据集原件与说明/本地原件/最终数据/最终数据/outputs/019f56e7-91fe-7a43-b1d0-ae50e45c9d0c/gold_silver_chinese_previews/09_金银月度主表.png,,case_evidence,,按项目用途复核；不足以单独支持核心结论。,1
LCL-0114,20260816_research_archive_v1,ACQUIRED,LOCAL_ASSET,NOT_REQUIRED,SUPPLEMENT,内部,shared,10_数据集原件与说明/本地原件/最终数据/最终数据/outputs/019f56e7-91fe-7a43-b1d0-ae50e45c9d0c/gold_silver_chinese_previews/10_GPR月度.png,,case_evidence,,按项目用途复核；不足以单独支持核心结论。,1
LCL-0115,20260816_research_archive_v1,ACQUIRED,LOCAL_ASSET,NOT_REQUIRED,SUPPLEMENT,内部,shared,10_数据集原件与说明/本地原件/最终数据/最终数据/outputs/019f56e7-91fe-7a43-b1d0-ae50e45c9d0c/gold_silver_chinese_previews/11_白银年度供需.png,,case_evidence,,按项目用途复核；不足以单独支持核心结论。,1
LCL-0116,20260816_research_archive_v1,ACQUIRED,LOCAL_ASSET,NOT_REQUIRED,SUPPLEMENT,内部,shared,10_数据集原件与说明/本地原件/最终数据/最终数据/outputs/019f56e7-91fe-7a43-b1d0-ae50e45c9d0c/gold_silver_chinese_previews/12_来源与口径.png,,case_evidence,,按项目用途复核；不足以单独支持核心结论。,1
LCL-0117,20260816_research_archive_v1,ACQUIRED,LOCAL_ASSET,NOT_REQUIRED,SUPPLEMENT,内部,shared,10_数据集原件与说明/本地原件/最终数据/最终数据/outputs/019f56e7-91fe-7a43-b1d0-ae50e45c9d0c/gold_silver_chinese_previews/13_质量检查.png,,case_evidence,,按项目用途复核；不足以单独支持核心结论。,1
LCL-0118,20260816_research_archive_v1,ACQUIRED,LOCAL_ASSET,NOT_REQUIRED,SUPPLEMENT,内部,shared,10_数据集原件与说明/本地原件/最终数据/最终数据/outputs/019f56e7-91fe-7a43-b1d0-ae50e45c9d0c/gold_silver_factor_previews/00_说明与总览.png,,case_evidence,,按项目用途复核；不足以单独支持核心结论。,1
LCL-0119,20260816_research_archive_v1,ACQUIRED,LOCAL_ASSET,NOT_REQUIRED,REPLACED,内部,shared,10_数据集原件与说明/本地原件/最终数据/最终数据/outputs/019f56e7-91fe-7a43-b1d0-ae50e45c9d0c/gold_silver_chinese_previews/01_金银传导链.png,,case_evidence,LCL-0105,使用替代来源：LCL-0105,0
LCL-0120,20260816_research_archive_v1,ACQUIRED,LOCAL_ASSET,NOT_REQUIRED,REPLACED,内部,shared,10_数据集原件与说明/本地原件/最终数据/最终数据/outputs/019f56e7-91fe-7a43-b1d0-ae50e45c9d0c/gold_silver_chinese_previews/02_金银因素表.png,,case_evidence,LCL-0106,使用替代来源：LCL-0106,0
LCL-0121,20260816_research_archive_v1,ACQUIRED,LOCAL_ASSET,NOT_REQUIRED,SUPPLEMENT,内部,shared,10_数据集原件与说明/本地原件/最终数据/最终数据/outputs/019f56e7-91fe-7a43-b1d0-ae50e45c9d0c/gold_silver_factor_previews/03_事件关联.png,,case_evidence,,按项目用途复核；不足以单独支持核心结论。,1
LCL-0122,20260816_research_archive_v1,ACQUIRED,LOCAL_ASSET,NOT_REQUIRED,SUPPLEMENT,内部,shared,10_数据集原件与说明/本地原件/最终数据/最终数据/outputs/019f56e7-91fe-7a43-b1d0-ae50e45c9d0c/gold_silver_factor_previews/05_金银日度主表.png,,case_evidence,,按项目用途复核；不足以单独支持核心结论。,1
LCL-0123,20260816_research_archive_v1,ACQUIRED,LOCAL_ASSET,NOT_REQUIRED,REPLACED,内部,shared,10_数据集原件与说明/本地原件/最终数据/最终数据/outputs/019f56e7-91fe-7a43-b1d0-ae50e45c9d0c/gold_factor_previews/06_SGE原始日行情.png,,asset_monthly_return | case_evidence,LCL-0095,使用替代来源：LCL-0095,0
LCL-0124,20260816_research_archive_v1,ACQUIRED,LOCAL_ASSET,NOT_REQUIRED,REPLACED,内部,shared,10_数据集原件与说明/本地原件/最终数据/最终数据/outputs/019f56e7-91fe-7a43-b1d0-ae50e45c9d0c/gold_factor_previews/07_FRED日度原始.png,,asset_monthly_return | case_evidence,LCL-0096,使用替代来源：LCL-0096,0
LCL-0125,20260816_research_archive_v1,ACQUIRED,LOCAL_ASSET,NOT_REQUIRED,REPLACED,内部,shared,10_数据集原件与说明/本地原件/最终数据/最终数据/outputs/019f56e7-91fe-7a43-b1d0-ae50e45c9d0c/gold_factor_previews/08_CFTC周度持仓.png,,case_evidence,LCL-0097,使用替代来源：LCL-0097,0
LCL-0126,20260816_research_archive_v1,ACQUIRED,LOCAL_ASSET,NOT_REQUIRED,REPLACED,内部,shared,10_数据集原件与说明/本地原件/最终数据/最终数据/outputs/019f56e7-91fe-7a43-b1d0-ae50e45c9d0c/gold_factor_previews/09_月度研究主表.png,,case_evidence,LCL-0098,使用替代来源：LCL-0098,0
LCL-0127,20260816_research_archive_v1,ACQUIRED,LOCAL_ASSET,NOT_REQUIRED,REPLACED,内部,shared,10_数据集原件与说明/本地原件/最终数据/最终数据/outputs/019f56e7-91fe-7a43-b1d0-ae50e45c9d0c/gold_factor_previews/10_GPR月度.png,,case_evidence,LCL-0099,使用替代来源：LCL-0099,0
LCL-0128,20260816_research_archive_v1,ACQUIRED,LOCAL_ASSET,NOT_REQUIRED,SUPPLEMENT,内部,shared,10_数据集原件与说明/本地原件/最终数据/最终数据/outputs/019f56e7-91fe-7a43-b1d0-ae50e45c9d0c/gold_silver_factor_previews/11_白银年度供需.png,,case_evidence,,按项目用途复核；不足以单独支持核心结论。,1
LCL-0129,20260816_research_archive_v1,ACQUIRED,LOCAL_ASSET,NOT_REQUIRED,REPLACED,内部,shared,10_数据集原件与说明/本地原件/最终数据/最终数据/outputs/019f56e7-91fe-7a43-b1d0-ae50e45c9d0c/gold_silver_chinese_previews/12_来源与口径.png,,case_evidence,LCL-0116,使用替代来源：LCL-0116,0
LCL-0130,20260816_research_archive_v1,ACQUIRED,LOCAL_ASSET,NOT_REQUIRED,SUPPLEMENT,内部,shared,10_数据集原件与说明/本地原件/最终数据/最终数据/outputs/019f56e7-91fe-7a43-b1d0-ae50e45c9d0c/gold_silver_factor_previews/13_质量检查.png,,case_evidence,,按项目用途复核；不足以单独支持核心结论。,1
LCL-0131,20260816_research_archive_v1,ACQUIRED,LOCAL_ASSET,NOT_REQUIRED,SUPPLEMENT,内部,shared,10_数据集原件与说明/本地原件/最终数据/最终数据/outputs/019f56e7-91fe-7a43-b1d0-ae50e45c9d0c/previews/00_使用说明.png,,case_evidence,,按项目用途复核；不足以单独支持核心结论。,1
LCL-0132,20260816_research_archive_v1,ACQUIRED,LOCAL_ASSET,NOT_REQUIRED,SUPPLEMENT,内部,shared,10_数据集原件与说明/本地原件/最终数据/最终数据/outputs/019f56e7-91fe-7a43-b1d0-ae50e45c9d0c/previews/01_数据目录.png,,case_evidence,,按项目用途复核；不足以单独支持核心结论。,1
LCL-0133,20260816_research_archive_v1,ACQUIRED,LOCAL_ASSET,NOT_REQUIRED,SUPPLEMENT,内部,shared,10_数据集原件与说明/本地原件/最终数据/最终数据/outputs/019f56e7-91fe-7a43-b1d0-ae50e45c9d0c/previews/02_因素地图.png,,case_evidence,,按项目用途复核；不足以单独支持核心结论。,1
LCL-0134,20260816_research_archive_v1,ACQUIRED,LOCAL_ASSET,NOT_REQUIRED,SUPPLEMENT,内部,shared,10_数据集原件与说明/本地原件/最终数据/最终数据/outputs/019f56e7-91fe-7a43-b1d0-ae50e45c9d0c/previews/03_事件时间线.png,,case_evidence,,按项目用途复核；不足以单独支持核心结论。,1
LCL-0135,20260816_research_archive_v1,ACQUIRED,LOCAL_ASSET,NOT_REQUIRED,SUPPLEMENT,内部,shared,10_数据集原件与说明/本地原件/最终数据/最终数据/outputs/019f56e7-91fe-7a43-b1d0-ae50e45c9d0c/previews/04_因子扫描.png,,case_evidence,,按项目用途复核；不足以单独支持核心结论。,1
LCL-0136,20260816_research_archive_v1,ACQUIRED,LOCAL_ASSET,NOT_REQUIRED,SUPPLEMENT,内部,shared,10_数据集原件与说明/本地原件/最终数据/最终数据/outputs/019f56e7-91fe-7a43-b1d0-ae50e45c9d0c/previews/05_月度建模表.png,,case_evidence,,按项目用途复核；不足以单独支持核心结论。,1
LCL-0137,20260816_research_archive_v1,ACQUIRED,LOCAL_ASSET,NOT_REQUIRED,SUPPLEMENT,内部,shared,10_数据集原件与说明/本地原件/最终数据/最终数据/outputs/019f56e7-91fe-7a43-b1d0-ae50e45c9d0c/previews/06_月度价格.png,,case_evidence,,按项目用途复核；不足以单独支持核心结论。,1
LCL-0138,20260816_research_archive_v1,ACQUIRED,LOCAL_ASSET,NOT_REQUIRED,SUPPLEMENT,内部,shared,10_数据集原件与说明/本地原件/最终数据/最终数据/outputs/019f56e7-91fe-7a43-b1d0-ae50e45c9d0c/previews/07_日收益率.png,,case_evidence,,按项目用途复核；不足以单独支持核心结论。,1
LCL-0139,20260816_research_archive_v1,ACQUIRED,LOCAL_ASSET,NOT_REQUIRED,SUPPLEMENT,内部,shared,10_数据集原件与说明/本地原件/最终数据/最终数据/outputs/019f56e7-91fe-7a43-b1d0-ae50e45c9d0c/previews/08_美元指数.png,,asset_monthly_return | case_evidence,,按项目用途复核；不足以单独支持核心结论。,1
LCL-0140,20260816_research_archive_v1,ACQUIRED,LOCAL_ASSET,NOT_REQUIRED,SUPPLEMENT,内部,shared,10_数据集原件与说明/本地原件/最终数据/最终数据/outputs/019f56e7-91fe-7a43-b1d0-ae50e45c9d0c/previews/09_CFTC持仓.png,,case_evidence,,按项目用途复核；不足以单独支持核心结论。,1
LCL-0141,20260816_research_archive_v1,ACQUIRED,LOCAL_ASSET,NOT_REQUIRED,SUPPLEMENT,内部,shared,10_数据集原件与说明/本地原件/最终数据/最终数据/outputs/019f56e7-91fe-7a43-b1d0-ae50e45c9d0c/previews/10_GPR指数.png,,case_evidence,,按项目用途复核；不足以单独支持核心结论。,1
LCL-0142,20260816_research_archive_v1,ACQUIRED,LOCAL_ASSET,NOT_REQUIRED,SUPPLEMENT,内部,shared,10_数据集原件与说明/本地原件/最终数据/最终数据/outputs/019f56e7-91fe-7a43-b1d0-ae50e45c9d0c/previews/11_质量检查.png,,case_evidence,,按项目用途复核；不足以单独支持核心结论。,1
LCL-0143,20260816_research_archive_v1,ACQUIRED,STRUCTURED_LOCAL,NOT_REQUIRED,SUPPLEMENT,内部,shared,10_数据集原件与说明/本地原件/最终数据/最终数据/research/media_sentiment_gold_paper/datasets/processed/China_Mainland_EPU_proxy_2022-02_to_2025-02.csv,,case_evidence,,按项目用途复核；不足以单独支持核心结论。,1
LCL-0144,20260816_research_archive_v1,ACQUIRED,STRUCTURED_LOCAL,NOT_REQUIRED,SUPPLEMENT,内部,shared,10_数据集原件与说明/本地原件/最终数据/最终数据/research/media_sentiment_gold_paper/datasets/processed/Fed_broad_dollar_proxy_2022-02_to_2025-02.csv,,case_evidence,,按项目用途复核；不足以单独支持核心结论。,1
LCL-0145,20260816_research_archive_v1,ACQUIRED,STRUCTURED_LOCAL,NOT_REQUIRED,SUPPLEMENT,内部,shared,10_数据集原件与说明/本地原件/最终数据/最终数据/research/media_sentiment_gold_paper/datasets/processed/THUOCL_caijing_utf8.csv,,case_evidence,,按项目用途复核；不足以单独支持核心结论。,1
LCL-0146,20260816_research_archive_v1,ACQUIRED,STRUCTURED_LOCAL,NOT_REQUIRED,SUPPLEMENT,内部,shared,10_数据集原件与说明/本地原件/最终数据/最终数据/research/media_sentiment_gold_paper/datasets/processed/US_Treasury_real_yield_proxy_2022-02_to_2025-02.csv,,asset_monthly_return | case_evidence,,按项目用途复核；不足以单独支持核心结论。,1
LCL-0147,20260816_research_archive_v1,ACQUIRED,STRUCTURED_LOCAL,NOT_REQUIRED,SUPPLEMENT,内部,shared,10_数据集原件与说明/本地原件/最终数据/最终数据/research/media_sentiment_gold_paper/datasets/processed/World_Bank_commodity_proxies_2022-02_to_2025-02.csv,,country_exposure | case_evidence,,按项目用途复核；不足以单独支持核心结论。,1
LCL-0148,20260816_research_archive_v1,NOT_APPLICABLE,NOT_ACQUIRED,FAILED,EXCLUDED,内部,metadata_only,,,case_evidence,,仅保留元数据；正式分析改用许可允许的权威替代源。,0
LCL-0149,20260816_research_archive_v1,ACQUIRED,STRUCTURED_LOCAL,NOT_REQUIRED,SUPPLEMENT,内部,shared,10_数据集原件与说明/本地原件/最终数据/最终数据/research/media_sentiment_gold_paper/datasets/raw/China_Mainland_Paper_EPU.xlsx,,case_evidence,,按项目用途复核；不足以单独支持核心结论。,1
LCL-0150,20260816_research_archive_v1,ACQUIRED,LOCAL_ASSET,NOT_REQUIRED,SUPPLEMENT,内部,shared,10_数据集原件与说明/本地原件/最终数据/最终数据/research/media_sentiment_gold_paper/datasets/raw/THUOCL_caijing.txt,,case_evidence,,按项目用途复核；不足以单独支持核心结论。,1
LCL-0151,20260816_research_archive_v1,ACQUIRED,LOCAL_ASSET,NOT_REQUIRED,SUPPLEMENT,内部,shared,10_数据集原件与说明/本地原件/最终数据/最终数据/research/media_sentiment_gold_paper/datasets/raw/THUOCL_LICENSE.txt,,case_evidence,,按项目用途复核；不足以单独支持核心结论。,1
LCL-0152,20260816_research_archive_v1,ACQUIRED,LOCAL_ASSET,NOT_REQUIRED,SUPPLEMENT,内部,private_only,10_数据集原件与说明/本地原件/最终数据/最终数据/research/media_sentiment_gold_paper/metadata/checksums_sha256.txt,,case_evidence,,按项目用途复核；不足以单独支持核心结论。,1
LCL-0153,20260816_research_archive_v1,ACQUIRED,STRUCTURED_LOCAL,NOT_REQUIRED,SUPPLEMENT,内部,shared,10_数据集原件与说明/本地原件/最终数据/最终数据/research/media_sentiment_gold_paper/metadata/dataset_manifest.csv,,case_evidence,,按项目用途复核；不足以单独支持核心结论。,1
LCL-0154,20260816_research_archive_v1,ACQUIRED,LOCAL_ASSET,NOT_REQUIRED,SUPPLEMENT,内部,shared,10_数据集原件与说明/本地原件/最终数据/最终数据/research/media_sentiment_gold_paper/metadata/europepmc_fulltext.xml,,case_evidence,,按项目用途复核；不足以单独支持核心结论。,1
LCL-0155,20260816_research_archive_v1,ACQUIRED,LOCAL_ASSET,NOT_REQUIRED,SUPPLEMENT,内部,private_only,10_数据集原件与说明/本地原件/最终数据/最终数据/research/media_sentiment_gold_paper/metadata/heywhale_app.js,,case_evidence,,按项目用途复核；不足以单独支持核心结论。,1
LCL-0156,20260816_research_archive_v1,ACQUIRED,EMPTY_SHELL,FAILED,EXCLUDED,内部,private_only,10_数据集原件与说明/本地原件/最终数据/最终数据/research/media_sentiment_gold_paper/metadata/heywhale_dataset_page.html,,case_evidence,,补充权威替代来源；无法取得时删除相应字段和结论承诺。,0
LCL-0157,20260816_research_archive_v1,ACQUIRED,NARRATIVE_CONTENT,EXTRACTED,SUPPLEMENT,内部,private_only,10_数据集原件与说明/本地原件/最终数据/最终数据/research/media_sentiment_gold_paper/metadata/sge_en_daily.html,02_提取正文/LCL-0157/content.json,asset_monthly_return | case_evidence,,按项目用途复核；不足以单独支持核心结论。,1
LCL-0158,20260816_research_archive_v1,ACQUIRED,LOCAL_ASSET,NOT_REQUIRED,SUPPLEMENT,内部,private_only,10_数据集原件与说明/本地原件/最终数据/最终数据/research/media_sentiment_gold_paper/metadata/sge_func.js,,asset_monthly_return | case_evidence,,按项目用途复核；不足以单独支持核心结论。,1
LCL-0159,20260816_research_archive_v1,ACQUIRED,LOCAL_ASSET,NOT_REQUIRED,SUPPLEMENT,内部,private_only,10_数据集原件与说明/本地原件/最终数据/最终数据/research/media_sentiment_gold_paper/metadata/sge_main.js,,asset_monthly_return | case_evidence,,按项目用途复核；不足以单独支持核心结论。,1
LCL-0160,20260816_research_archive_v1,ACQUIRED,NARRATIVE_CONTENT,EXTRACTED,SUPPLEMENT,内部,private_only,10_数据集原件与说明/本地原件/最终数据/最终数据/research/media_sentiment_gold_paper/metadata/sge_quotation_daily_new.html,02_提取正文/LCL-0160/content.json,asset_monthly_return | case_evidence,,按项目用途复核；不足以单独支持核心结论。,1
LCL-0161,20260816_research_archive_v1,ACQUIRED,LOCAL_ASSET,NOT_REQUIRED,SUPPLEMENT,内部,private_only,10_数据集原件与说明/本地原件/最终数据/最终数据/research/media_sentiment_gold_paper/metadata/sge_tools.js,,asset_monthly_return | case_evidence,,按项目用途复核；不足以单独支持核心结论。,1
LCL-0162,20260816_research_archive_v1,NOT_APPLICABLE,NOT_ACQUIRED,FAILED,EXCLUDED,内部,metadata_only,,,case_evidence,,仅保留元数据；正式分析改用许可允许的权威替代源。,0
LCL-0163,20260816_research_archive_v1,NOT_APPLICABLE,NOT_ACQUIRED,FAILED,EXCLUDED,内部,metadata_only,,,case_evidence,,仅保留元数据；正式分析改用许可允许的权威替代源。,0
LCL-0164,20260816_research_archive_v1,ACQUIRED,STRUCTURED_LOCAL,NOT_REQUIRED,SUPPLEMENT,内部,shared,10_数据集原件与说明/本地原件/最终数据/最终数据/research/media_sentiment_gold_paper/outputs/019f56e7-91fe-7a43-b1d0-ae50e45c9d0c/论文数据来源与复现清单.xlsx,,case_evidence,,按项目用途复核；不足以单独支持核心结论。,1
LCL-0165,20260816_research_archive_v1,ACQUIRED,LOCAL_ASSET,NOT_REQUIRED,SUPPLEMENT,内部,private_only,10_数据集原件与说明/本地原件/最终数据/最终数据/research/media_sentiment_gold_paper/outputs/019f56e7-91fe-7a43-b1d0-ae50e45c9d0c/论文数据来源与复现清单.xlsx.inspect.ndjson,,case_evidence,,按项目用途复核；不足以单独支持核心结论。,1
LCL-0166,20260816_research_archive_v1,ACQUIRED,LOCAL_ASSET,NOT_REQUIRED,SUPPLEMENT,内部,private_only,10_数据集原件与说明/本地原件/最终数据/最终数据/research/media_sentiment_gold_paper/outputs/019f56e7-91fe-7a43-b1d0-ae50e45c9d0c/formula_error_scan.ndjson,,case_evidence,,按项目用途复核；不足以单独支持核心结论。,1
LCL-0167,20260816_research_archive_v1,ACQUIRED,LOCAL_ASSET,NOT_REQUIRED,SUPPLEMENT,内部,shared,10_数据集原件与说明/本地原件/最终数据/最终数据/research/media_sentiment_gold_paper/outputs/019f56e7-91fe-7a43-b1d0-ae50e45c9d0c/previews/导读.png,,case_evidence,,按项目用途复核；不足以单独支持核心结论。,1
LCL-0168,20260816_research_archive_v1,ACQUIRED,LOCAL_ASSET,NOT_REQUIRED,SUPPLEMENT,内部,shared,10_数据集原件与说明/本地原件/最终数据/最终数据/research/media_sentiment_gold_paper/outputs/019f56e7-91fe-7a43-b1d0-ae50e45c9d0c/previews/复现风险.png,,case_evidence,,按项目用途复核；不足以单独支持核心结论。,1
LCL-0169,20260816_research_archive_v1,ACQUIRED,LOCAL_ASSET,NOT_REQUIRED,SUPPLEMENT,内部,shared,10_数据集原件与说明/本地原件/最终数据/最终数据/research/media_sentiment_gold_paper/outputs/019f56e7-91fe-7a43-b1d0-ae50e45c9d0c/previews/美元指数代理.png,,asset_monthly_return | case_evidence,,按项目用途复核；不足以单独支持核心结论。,1
LCL-0170,20260816_research_archive_v1,ACQUIRED,LOCAL_ASSET,NOT_REQUIRED,SUPPLEMENT,内部,shared,10_数据集原件与说明/本地原件/最终数据/最终数据/research/media_sentiment_gold_paper/outputs/019f56e7-91fe-7a43-b1d0-ae50e45c9d0c/previews/商品月度代理.png,,case_evidence,,按项目用途复核；不足以单独支持核心结论。,1
LCL-0171,20260816_research_archive_v1,ACQUIRED,LOCAL_ASSET,NOT_REQUIRED,SUPPLEMENT,内部,shared,10_数据集原件与说明/本地原件/最终数据/最终数据/research/media_sentiment_gold_paper/outputs/019f56e7-91fe-7a43-b1d0-ae50e45c9d0c/previews/实际利率代理.png,,asset_monthly_return | case_evidence,,按项目用途复核；不足以单独支持核心结论。,1
LCL-0172,20260816_research_archive_v1,ACQUIRED,LOCAL_ASSET,NOT_REQUIRED,SUPPLEMENT,内部,shared,10_数据集原件与说明/本地原件/最终数据/最终数据/research/media_sentiment_gold_paper/outputs/019f56e7-91fe-7a43-b1d0-ae50e45c9d0c/previews/数据清单.png,,case_evidence,,按项目用途复核；不足以单独支持核心结论。,1
LCL-0173,20260816_research_archive_v1,ACQUIRED,LOCAL_ASSET,NOT_REQUIRED,SUPPLEMENT,内部,shared,10_数据集原件与说明/本地原件/最终数据/最终数据/research/media_sentiment_gold_paper/outputs/019f56e7-91fe-7a43-b1d0-ae50e45c9d0c/previews/质量检查.png,,case_evidence,,按项目用途复核；不足以单独支持核心结论。,1
LCL-0174,20260816_research_archive_v1,ACQUIRED,LOCAL_ASSET,NOT_REQUIRED,SUPPLEMENT,内部,shared,10_数据集原件与说明/本地原件/最终数据/最终数据/research/media_sentiment_gold_paper/outputs/019f56e7-91fe-7a43-b1d0-ae50e45c9d0c/previews/EPU代理.png,,case_evidence,,按项目用途复核；不足以单独支持核心结论。,1
LCL-0175,20260816_research_archive_v1,ACQUIRED,LOCAL_ASSET,NOT_REQUIRED,SUPPLEMENT,内部,shared,10_数据集原件与说明/本地原件/最终数据/最终数据/research/media_sentiment_gold_paper/outputs/019f56e7-91fe-7a43-b1d0-ae50e45c9d0c/previews/THUOCL财经词表.png,,case_evidence,,按项目用途复核；不足以单独支持核心结论。,1
LCL-0176,20260816_research_archive_v1,ACQUIRED,LOCAL_ASSET,NOT_REQUIRED,SUPPLEMENT,内部,private_only,10_数据集原件与说明/本地原件/最终数据/最终数据/research/media_sentiment_gold_paper/outputs/019f56e7-91fe-7a43-b1d0-ae50e45c9d0c/workbook_inspect.ndjson,,case_evidence,,按项目用途复核；不足以单独支持核心结论。,1
LCL-0177,20260816_research_archive_v1,ACQUIRED,LOCAL_ASSET,NOT_REQUIRED,SUPPLEMENT,内部,shared,10_数据集原件与说明/本地原件/最终数据/最终数据/research/media_sentiment_gold_paper/README_论文学习与数据说明.md,,case_evidence,,按项目用途复核；不足以单独支持核心结论。,1
LCL-0178,20260816_research_archive_v1,ACQUIRED,LOCAL_ASSET,NOT_REQUIRED,SUPPLEMENT,内部,shared,10_数据集原件与说明/本地原件/最终数据/最终数据/research/media_sentiment_gold_paper/scripts/build_reproducibility_package.mjs,,case_evidence,,按项目用途复核；不足以单独支持核心结论。,1
LCL-0179,20260816_research_archive_v1,ACQUIRED,DOCUMENT_LOCAL,NOT_REQUIRED,CORE,A,shared,01_比赛与项目基线/本地原件/XH-202612_Smartbi AI驱动的数据创新平台研究.pdf,,source_registry | case_evidence,,人工复核关键字段与source_locator；通过后映射至正式source_registry。,1
LCL-0180,20260816_research_archive_v1,ACQUIRED,STRUCTURED_LOCAL,NOT_REQUIRED,SUPPLEMENT,内部,shared,01_比赛与项目基线/本地原件/XH-202612比赛硬性要求与评分标准_含技术方案.xlsx,,source_registry | case_evidence,,按项目用途复核；不足以单独支持核心结论。,1
WEB-0001,20260816_research_archive_v1,NOT_APPLICABLE,NOT_ACQUIRED,FAILED,EXCLUDED,D,metadata_only,,,asset_monthly_return | case_evidence | historical_crisis_event | global_cycle_month,,仅保留元数据；正式分析改用许可允许的权威替代源。,0
WEB-0002,20260816_research_archive_v1,ACQUIRED,MIXED_CONTENT,EXTRACTED,SUPPLEMENT,B,shared,06_黄金美元与储备配置/外部原件/WEB-0002__a_href=_/original.html,02_提取正文/WEB-0002/content.json,asset_monthly_return | portfolio_scenario,,按项目用途复核；不足以单独支持核心结论。,1
WEB-0003,20260816_research_archive_v1,NOT_APPLICABLE,NOT_ACQUIRED,FAILED,EXCLUDED,D,metadata_only,,,asset_monthly_return | case_evidence | historical_crisis_event | global_cycle_month,,仅保留元数据；正式分析改用许可允许的权威替代源。,0
WEB-0004,20260816_research_archive_v1,NOT_APPLICABLE,NOT_ACQUIRED,FAILED,EXCLUDED,D,metadata_only,,,company_overseas_exposure | country_event | asset_monthly_return | portfolio_scenario,,仅保留元数据；正式分析改用许可允许的权威替代源。,0
WEB-0005,20260816_research_archive_v1,NOT_APPLICABLE,NOT_ACQUIRED,FAILED,EXCLUDED,D,metadata_only,,,asset_monthly_return | portfolio_scenario,,仅保留元数据；正式分析改用许可允许的权威替代源。,0
WEB-0006,20260816_research_archive_v1,NOT_APPLICABLE,NOT_ACQUIRED,FAILED,EXCLUDED,D,metadata_only,,,asset_monthly_return | portfolio_scenario,,仅保留元数据；正式分析改用许可允许的权威替代源。,0
WEB-0007,20260816_research_archive_v1,NOT_APPLICABLE,NOT_ACQUIRED,FAILED,EXCLUDED,D,metadata_only,,,asset_monthly_return | portfolio_scenario,,仅保留元数据；正式分析改用许可允许的权威替代源。,0
WEB-0008,20260816_research_archive_v1,ACQUIRED,DOCUMENT_LOCAL,NOT_REQUIRED,EXCLUDED,D,private_only,08_企业案例与公开披露/外部原件/WEB-0008_中国期货业协会分析框架，2022/original.pdf,,company_overseas_exposure | country_event | asset_monthly_return | portfolio_scenario,,补充权威替代来源；无法取得时删除相应字段和结论承诺。,0
WEB-0009,20260816_research_archive_v1,NOT_APPLICABLE,NOT_ACQUIRED,FAILED,EXCLUDED,D,metadata_only,,,company_overseas_exposure | country_event | asset_monthly_return | portfolio_scenario,,仅保留元数据；正式分析改用许可允许的权威替代源。,0
WEB-0010,20260816_research_archive_v1,NOT_APPLICABLE,NOT_ACQUIRED,FAILED,EXCLUDED,D,metadata_only,,,company_overseas_exposure | country_event | asset_monthly_return | portfolio_scenario,,仅保留元数据；正式分析改用许可允许的权威替代源。,0
WEB-0011,20260816_research_archive_v1,ACQUIRED,MIXED_CONTENT,EXTRACTED,CORE,A,shared,08_企业案例与公开披露/外部原件/WEB-0011_人民银行，2022/original.html,02_提取正文/WEB-0011/content.json,company_overseas_exposure | country_event | asset_monthly_return | portfolio_scenario,,人工复核关键字段与source_locator；通过后映射至正式source_registry。,1
WEB-0012,20260816_research_archive_v1,NOT_APPLICABLE,NOT_ACQUIRED,FAILED,EXCLUDED,D,metadata_only,,,company_overseas_exposure | country_event | asset_monthly_return | portfolio_scenario,,仅保留元数据；正式分析改用许可允许的权威替代源。,0
WEB-0013,20260816_research_archive_v1,ACQUIRED,STRUCTURED_DATA,EXTRACTED,SUPPLEMENT,B,shared,06_黄金美元与储备配置/外部原件/WEB-0013__a_href=_/original.html,02_提取正文/WEB-0013/content.json,asset_monthly_return | portfolio_scenario,,按项目用途复核；不足以单独支持核心结论。,1
WEB-0014,20260816_research_archive_v1,NOT_APPLICABLE,NOT_ACQUIRED,FAILED,EXCLUDED,D,metadata_only,,,asset_monthly_return | portfolio_scenario,,仅保留元数据；正式分析改用许可允许的权威替代源。,0
WEB-0015,20260816_research_archive_v1,NOT_APPLICABLE,NOT_ACQUIRED,FAILED,EXCLUDED,D,metadata_only,,,country_policy_year,,按人工任务卡接受条款或完成机构授权后重新验收。,0
WEB-0016,20260816_research_archive_v1,ACQUIRED,DOCUMENT_LOCAL,NOT_REQUIRED,EXCLUDED,D,private_only,08_企业案例与公开披露/外部原件/WEB-0016_UBS_GFOR_2025/original.pdf,,company_overseas_exposure | country_event | asset_monthly_return | portfolio_scenario,,补充权威替代来源；无法取得时删除相应字段和结论承诺。,0
WEB-0017,20260816_research_archive_v1,NOT_APPLICABLE,NOT_ACQUIRED,FAILED,EXCLUDED,D,metadata_only,,,company_overseas_exposure | country_event | asset_monthly_return | portfolio_scenario | case_evidence,,仅保留元数据；正式分析改用许可允许的权威替代源。,0
WEB-0018,20260816_research_archive_v1,NOT_APPLICABLE,NOT_ACQUIRED,FAILED,EXCLUDED,D,metadata_only,,,company_overseas_exposure | country_event | asset_monthly_return | portfolio_scenario,,仅保留元数据；正式分析改用许可允许的权威替代源。,0
WEB-0019,20260816_research_archive_v1,NOT_APPLICABLE,NOT_ACQUIRED,FAILED,EXCLUDED,D,metadata_only,,,asset_monthly_return | portfolio_scenario,,按人工任务卡接受条款或完成机构授权后重新验收。,0
WEB-0020,20260816_research_archive_v1,ACQUIRED,DOCUMENT_LOCAL,NOT_REQUIRED,EXCLUDED,D,private_only,05_全球周期与历史危机/外部原件/WEB-0020_5._American_Institute_for_Economic_Research（AIER），《The_Federal_Reserve_B/original.pdf,,asset_monthly_return | case_evidence | historical_crisis_event | global_cycle_month,,补充权威替代来源；无法取得时删除相应字段和结论承诺。,0
WEB-0021,20260816_research_archive_v1,NOT_APPLICABLE,NOT_ACQUIRED,FAILED,EXCLUDED,D,metadata_only,,,country_monthly_risk | country_event | asset_monthly_return | portfolio_scenario | case_evidence,,仅保留元数据；正式分析改用许可允许的权威替代源。,0
WEB-0022,20260816_research_archive_v1,NOT_APPLICABLE,NOT_ACQUIRED,FAILED,EXCLUDED,D,metadata_only,,,company_overseas_exposure | country_event | asset_monthly_return | portfolio_scenario,,仅保留元数据；正式分析改用许可允许的权威替代源。,0
WEB-0023,20260816_research_archive_v1,NOT_APPLICABLE,NOT_ACQUIRED,FAILED,EXCLUDED,D,metadata_only,,,company_overseas_exposure | country_event | asset_monthly_return | portfolio_scenario,,仅保留元数据；正式分析改用许可允许的权威替代源。,0
WEB-0024,20260816_research_archive_v1,NOT_APPLICABLE,NOT_ACQUIRED,FAILED,EXCLUDED,D,metadata_only,,,case_evidence | historical_crisis_event | global_cycle_month,,仅保留元数据；正式分析改用许可允许的权威替代源。,0
WEB-0025,20260816_research_archive_v1,NOT_APPLICABLE,NOT_ACQUIRED,FAILED,EXCLUDED,D,metadata_only,,,company_overseas_exposure | country_event | asset_monthly_return | portfolio_scenario | case_evidence,,仅保留元数据；正式分析改用许可允许的权威替代源。,0
WEB-0026,20260816_research_archive_v1,ACQUIRED,NARRATIVE_CONTENT,EXTRACTED,SUPPLEMENT,B,shared,06_黄金美元与储备配置/外部原件/WEB-0026_XLSX_entry_xl_worksheets_sheet4.xml/original.html,02_提取正文/WEB-0026/content.json,asset_monthly_return | portfolio_scenario,,按项目用途复核；不足以单独支持核心结论。,1
WEB-0027,20260816_research_archive_v1,NOT_APPLICABLE,NOT_ACQUIRED,FAILED,EXCLUDED,D,metadata_only,,,case_evidence | historical_crisis_event | global_cycle_month,,仅保留元数据；正式分析改用许可允许的权威替代源。,0
WEB-0028,20260816_research_archive_v1,NOT_APPLICABLE,NOT_ACQUIRED,FAILED,EXCLUDED,D,metadata_only,,,company_overseas_exposure | country_event | asset_monthly_return | portfolio_scenario,,仅保留元数据；正式分析改用许可允许的权威替代源。,0
WEB-0029,20260816_research_archive_v1,NOT_APPLICABLE,NOT_ACQUIRED,FAILED,EXCLUDED,D,metadata_only,,,company_overseas_exposure | country_event | asset_monthly_return | portfolio_scenario,,仅保留元数据；正式分析改用许可允许的权威替代源。,0
WEB-0030,20260816_research_archive_v1,NOT_APPLICABLE,NOT_ACQUIRED,FAILED,EXCLUDED,D,metadata_only,,,asset_monthly_return | portfolio_scenario,,仅保留元数据；正式分析改用许可允许的权威替代源。,0
WEB-0031,20260816_research_archive_v1,NOT_APPLICABLE,NOT_ACQUIRED,FAILED,EXCLUDED,D,metadata_only,,,country_monthly_risk | country_event | asset_monthly_return | portfolio_scenario | case_evidence,,仅保留元数据；正式分析改用许可允许的权威替代源。,0
WEB-0032,20260816_research_archive_v1,NOT_APPLICABLE,NOT_ACQUIRED,FAILED,EXCLUDED,D,metadata_only,,,company_overseas_exposure | country_event | asset_monthly_return | portfolio_scenario,,仅保留元数据；正式分析改用许可允许的权威替代源。,0
WEB-0033,20260816_research_archive_v1,NOT_APPLICABLE,NOT_ACQUIRED,FAILED,EXCLUDED,D,metadata_only,,,asset_monthly_return | portfolio_scenario,,仅保留元数据；正式分析改用许可允许的权威替代源。,0
WEB-0034,20260816_research_archive_v1,NOT_APPLICABLE,NOT_ACQUIRED,FAILED,EXCLUDED,D,metadata_only,,,case_evidence | historical_crisis_event | global_cycle_month,,仅保留元数据；正式分析改用许可允许的权威替代源。,0
WEB-0035,20260816_research_archive_v1,NOT_APPLICABLE,NOT_ACQUIRED,FAILED,EXCLUDED,D,metadata_only,,,case_evidence | historical_crisis_event | global_cycle_month,,仅保留元数据；正式分析改用许可允许的权威替代源。,0
WEB-0036,20260816_research_archive_v1,NOT_APPLICABLE,NOT_ACQUIRED,FAILED,EXCLUDED,D,metadata_only,,,country_policy_year | asset_monthly_return | case_evidence,,仅保留元数据；正式分析改用许可允许的权威替代源。,0
WEB-0037,20260816_research_archive_v1,NOT_APPLICABLE,NOT_ACQUIRED,FAILED,EXCLUDED,D,metadata_only,,,asset_monthly_return | portfolio_scenario,,仅保留元数据；正式分析改用许可允许的权威替代源。,0
WEB-0038,20260816_research_archive_v1,NOT_APPLICABLE,NOT_ACQUIRED,FAILED,EXCLUDED,D,metadata_only,,,asset_monthly_return | portfolio_scenario,,仅保留元数据；正式分析改用许可允许的权威替代源。,0
WEB-0039,20260816_research_archive_v1,ACQUIRED,DOWNLOAD_LANDING,EXTRACTED,SUPPLEMENT,B,shared,"04_国别货币与中国出海/外部原件/WEB-0039_boards,/original.html",02_提取正文/WEB-0039/content.json,source_registry | country_monthly_risk | country_policy_year,,按项目用途复核；不足以单独支持核心结论。,1
WEB-0040,20260816_research_archive_v1,ACQUIRED,NARRATIVE_CONTENT,EXTRACTED,SUPPLEMENT,B,private_only,06_黄金美元与储备配置/外部原件/WEB-0040_PDF_link_annotation_/original.html,02_提取正文/WEB-0040/content.json | 01_新增原件/WEB-0040/WEB-0040-R01_WEOApr2026all.xlsx | 01_新增原件/WEB-0040/WEB-0040-R02_WEOhistorical.xlsx | 03_提取表格/WEB-0040/WEB-0040-R01/April_2026_WEO.csv | 03_提取表格/WEB-0040/WEB-0040-R01/Countries.csv | 03_提取表格/WEB-0040/WEB-0040-R01/Country_Groups.csv | 03_提取表格/WEB-0040/WEB-0040-R01/Commodity_Prices.csv | 03_提取表格/WEB-0040/WEB-0040-R01/Country_Group_Composition.csv | 03_提取表格/WEB-0040/WEB-0040-R02/Info.csv | 03_提取表格/WEB-0040/WEB-0040-R02/ngdp_rpch.csv | 03_提取表格/WEB-0040/WEB-0040-R02/pcpi_pch.csv | 03_提取表格/WEB-0040/WEB-0040-R02/bca_gdp_bp6.csv,source_registry | asset_monthly_return | portfolio_scenario,,按项目用途复核；不足以单独支持核心结论。,1
WEB-0041,20260816_research_archive_v1,NOT_APPLICABLE,NOT_ACQUIRED,FAILED,EXCLUDED,D,metadata_only,,,country_monthly_risk | country_policy_year | country_event | case_evidence,,仅保留元数据；正式分析改用许可允许的权威替代源。,0
WEB-0042,20260816_research_archive_v1,ACQUIRED,DOWNLOAD_LANDING,EXTRACTED,SUPPLEMENT,B,shared,04_国别货币与中国出海/外部原件/WEB-0042_PDF_link_annotation_/original.html,02_提取正文/WEB-0042/content.json | 01_新增原件/WEB-0042/WEB-0042-R01_FP.CPI.TOTL.ZG.zip | 01_新增原件/WEB-0042/WEB-0042-R02_FP.CPI.TOTL.ZG.xls | 01_新增原件/WEB-0042/WEB-0042-R03_FP.CPI.TOTL.ZG.zip | 01_新增原件/WEB-0042/expanded/WEB-0042-R01 | 01_新增原件/WEB-0042/expanded/WEB-0042-R01/API_FP.CPI.TOTL.ZG_DS2_en_csv_v2_285.csv | 01_新增原件/WEB-0042/expanded/WEB-0042-R01/Metadata_Country_API_FP.CPI.TOTL.ZG_DS2_en_csv_v2_285.csv | 01_新增原件/WEB-0042/expanded/WEB-0042-R01/Metadata_Indicator_API_FP.CPI.TOTL.ZG_DS2_en_csv_v2_285.csv | 01_新增原件/WEB-0042/expanded/WEB-0042-R03 | 01_新增原件/WEB-0042/expanded/WEB-0042-R03/API_FP.CPI.TOTL.ZG_DS2_en_xml_v2_2812.xml,country_monthly_risk | country_policy_year,,按项目用途复核；不足以单独支持核心结论。,1
WEB-0043,20260816_research_archive_v1,ACQUIRED,DOWNLOAD_LANDING,EXTRACTED,SUPPLEMENT,B,shared,04_国别货币与中国出海/外部原件/WEB-0043_PDF_link_annotation_/original.html,02_提取正文/WEB-0043/content.json | 01_新增原件/WEB-0043/WEB-0043-R01_PA.NUS.FCRF.zip | 01_新增原件/WEB-0043/WEB-0043-R02_PA.NUS.FCRF.xls | 01_新增原件/WEB-0043/WEB-0043-R03_PA.NUS.FCRF.zip | 01_新增原件/WEB-0043/expanded/WEB-0043-R01 | 01_新增原件/WEB-0043/expanded/WEB-0043-R01/API_PA.NUS.FCRF_DS2_en_csv_v2_32.csv | 01_新增原件/WEB-0043/expanded/WEB-0043-R01/Metadata_Country_API_PA.NUS.FCRF_DS2_en_csv_v2_32.csv | 01_新增原件/WEB-0043/expanded/WEB-0043-R01/Metadata_Indicator_API_PA.NUS.FCRF_DS2_en_csv_v2_32.csv | 01_新增原件/WEB-0043/expanded/WEB-0043-R03 | 01_新增原件/WEB-0043/expanded/WEB-0043-R03/API_PA.NUS.FCRF_DS2_en_xml_v2_753.xml,country_monthly_risk | country_policy_year,,按项目用途复核；不足以单独支持核心结论。,1
WEB-0044,20260816_research_archive_v1,ACQUIRED,NARRATIVE_CONTENT,EXTRACTED,SUPPLEMENT,B,shared,04_国别货币与中国出海/外部原件/WEB-0044_World_Bank数据许可/original.html,02_提取正文/WEB-0044/content.json,country_monthly_risk | country_policy_year,,按项目用途复核；不足以单独支持核心结论。,1
WEB-0045,20260816_research_archive_v1,ACQUIRED,MIXED_CONTENT,EXTRACTED,SUPPLEMENT,B,shared,07_会计合规与制裁/外部原件/WEB-0045_8._俄罗斯_2015_年_GDP（-2%）：世界银行_WDI：_/original.html,02_提取正文/WEB-0045/content.json,country_monthly_risk | country_policy_year | country_event | case_evidence | historical_crisis_event,,按项目用途复核；不足以单独支持核心结论。,1
WEB-0046,20260816_research_archive_v1,ACQUIRED,NARRATIVE_CONTENT,EXTRACTED,SUPPLEMENT,B,shared,"06_黄金美元与储备配置/外部原件/WEB-0046_3_World_Bank,_Global_Economic_Monitor,/original.html",02_提取正文/WEB-0046/content.json,source_registry | asset_monthly_return | portfolio_scenario,,按项目用途复核；不足以单独支持核心结论。,1
WEB-0047,20260816_research_archive_v1,NOT_ACQUIRED,NOT_ACQUIRED,FAILED,SUPPLEMENT,B,shared,,,country_monthly_risk | country_policy_year,WEB-0048,补充权威替代来源；无法取得时删除相应字段和结论承诺。,1
WEB-0048,20260816_research_archive_v1,ACQUIRED,DOWNLOAD_LANDING,EXTRACTED,SUPPLEMENT,B,shared,06_黄金美元与储备配置/外部原件/WEB-0048_PDF_link_annotation_/original.html,02_提取正文/WEB-0048/content.json | 01_新增原件/WEB-0048/WEB-0048-R01_GemDataEXTR.zip | 01_新增原件/WEB-0048/expanded/WEB-0048-R01 | 03_提取表格/WEB-0048/WEB-0048-R01-E001/annual.csv | 03_提取表格/WEB-0048/WEB-0048-R01-E001/monthly.csv | 03_提取表格/WEB-0048/WEB-0048-R01-E002/annual.csv | 03_提取表格/WEB-0048/WEB-0048-R01-E002/monthly.csv | 03_提取表格/WEB-0048/WEB-0048-R01-E003/annual.csv | 03_提取表格/WEB-0048/WEB-0048-R01-E003/monthly.csv | 03_提取表格/WEB-0048/WEB-0048-R01-E004/annual.csv | 03_提取表格/WEB-0048/WEB-0048-R01-E004/monthly.csv | 03_提取表格/WEB-0048/WEB-0048-R01-E005/annual.csv | 03_提取表格/WEB-0048/WEB-0048-R01-E005/monthly.csv | 03_提取表格/WEB-0048/WEB-0048-R01-E006/annual.csv | 03_提取表格/WEB-0048/WEB-0048-R01-E006/monthly.csv | 03_提取表格/WEB-0048/WEB-0048-R01-E007/annual.csv | 03_提取表格/WEB-0048/WEB-0048-R01-E007/monthly.csv | 03_提取表格/WEB-0048/WEB-0048-R01-E008/annual.csv | 03_提取表格/WEB-0048/WEB-0048-R01-E008/monthly.csv | 03_提取表格/WEB-0048/WEB-0048-R01-E009/annual.csv | 03_提取表格/WEB-0048/WEB-0048-R01-E009/monthly.csv | 03_提取表格/WEB-0048/WEB-0048-R01-E009/quarterly.csv | 03_提取表格/WEB-0048/WEB-0048-R01-E010/annual.csv | 03_提取表格/WEB-0048/WEB-0048-R01-E010/monthly.csv | 03_提取表格/WEB-0048/WEB-0048-R01-E010/quarterly.csv | 03_提取表格/WEB-0048/WEB-0048-R01-E011/annual.csv | 03_提取表格/WEB-0048/WEB-0048-R01-E011/monthly.csv | 03_提取表格/WEB-0048/WEB-0048-R01-E011/quarterly.csv | 03_提取表格/WEB-0048/WEB-0048-R01-E012/annual.csv | 03_提取表格/WEB-0048/WEB-0048-R01-E012/monthly.csv | 03_提取表格/WEB-0048/WEB-0048-R01-E012/quarterly.csv | 03_提取表格/WEB-0048/WEB-0048-R01-E013/annual.csv | 03_提取表格/WEB-0048/WEB-0048-R01-E013/monthly.csv | 03_提取表格/WEB-0048/WEB-0048-R01-E013/quarterly.csv | 03_提取表格/WEB-0048/WEB-0048-R01-E014/annual.csv | 03_提取表格/WEB-0048/WEB-0048-R01-E014/monthly.csv | 03_提取表格/WEB-0048/WEB-0048-R01-E014/quarterly.csv | 03_提取表格/WEB-0048/WEB-0048-R01-E015/annual.csv | 03_提取表格/WEB-0048/WEB-0048-R01-E015/monthly.csv | 03_提取表格/WEB-0048/WEB-0048-R01-E016/annual.csv | 03_提取表格/WEB-0048/WEB-0048-R01-E016/quarterly.csv | 03_提取表格/WEB-0048/WEB-0048-R01-E017/annual.csv | 03_提取表格/WEB-0048/WEB-0048-R01-E017/quarterly.csv | 03_提取表格/WEB-0048/WEB-0048-R01-E018/annual.csv | 03_提取表格/WEB-0048/WEB-0048-R01-E018/quarterly.csv | 03_提取表格/WEB-0048/WEB-0048-R01-E019/annual.csv | 03_提取表格/WEB-0048/WEB-0048-R01-E019/quarterly.csv | 03_提取表格/WEB-0048/WEB-0048-R01-E020/quarterly.csv | 03_提取表格/WEB-0048/WEB-0048-R01-E021/annual.csv | 03_提取表格/WEB-0048/WEB-0048-R01-E021/monthly.csv | 03_提取表格/WEB-0048/WEB-0048-R01-E021/quarterly.csv | 03_提取表格/WEB-0048/WEB-0048-R01-E022/annual.csv | 03_提取表格/WEB-0048/WEB-0048-R01-E022/monthly.csv | 03_提取表格/WEB-0048/WEB-0048-R01-E022/quarterly.csv | 03_提取表格/WEB-0048/WEB-0048-R01-E023/annual.csv | 03_提取表格/WEB-0048/WEB-0048-R01-E023/monthly.csv | 03_提取表格/WEB-0048/WEB-0048-R01-E023/quarterly.csv | 03_提取表格/WEB-0048/WEB-0048-R01-E024/annual.csv | 03_提取表格/WEB-0048/WEB-0048-R01-E024/monthly.csv | 03_提取表格/WEB-0048/WEB-0048-R01-E024/quarterly.csv | 03_提取表格/WEB-0048/WEB-0048-R01-E025/annual.csv | 03_提取表格/WEB-0048/WEB-0048-R01-E025/monthly.csv | 03_提取表格/WEB-0048/WEB-0048-R01-E025/quarterly.csv | 03_提取表格/WEB-0048/WEB-0048-R01-E026/annual.csv | 03_提取表格/WEB-0048/WEB-0048-R01-E026/monthly.csv | 03_提取表格/WEB-0048/WEB-0048-R01-E026/quarterly.csv | 03_提取表格/WEB-0048/WEB-0048-R01-E027/annual.csv | 03_提取表格/WEB-0048/WEB-0048-R01-E027/monthly.csv | 03_提取表格/WEB-0048/WEB-0048-R01-E028/annual.csv | 03_提取表格/WEB-0048/WEB-0048-R01-E028/monthly.csv | 03_提取表格/WEB-0048/WEB-0048-R01-E029/annual.csv | 03_提取表格/WEB-0048/WEB-0048-R01-E029/monthly.csv | 03_提取表格/WEB-0048/WEB-0048-R01-E030/annual.csv | 03_提取表格/WEB-0048/WEB-0048-R01-E030/monthly.csv | 03_提取表格/WEB-0048/WEB-0048-R01-E031/annual.csv | 03_提取表格/WEB-0048/WEB-0048-R01-E031/monthly.csv | 03_提取表格/WEB-0048/WEB-0048-R01-E032/annual.csv | 03_提取表格/WEB-0048/WEB-0048-R01-E032/monthly.csv | 03_提取表格/WEB-0048/WEB-0048-R01-E033/monthly.csv | 03_提取表格/WEB-0048/WEB-0048-R01-E034/annual.csv | 03_提取表格/WEB-0048/WEB-0048-R01-E034/monthly.csv | 03_提取表格/WEB-0048/WEB-0048-R01-E035/annual.csv | 03_提取表格/WEB-0048/WEB-0048-R01-E035/monthly.csv,source_registry | asset_monthly_return | portfolio_scenario,,按项目用途复核；不足以单独支持核心结论。,1
WEB-0049,20260816_research_archive_v1,ACQUIRED,NARRATIVE_CONTENT,EXTRACTED,SUPPLEMENT,B,shared,"04_国别货币与中国出海/外部原件/WEB-0049_8_World_Bank,_Indicator_API_Queries,/original.html",02_提取正文/WEB-0049/content.json,source_registry | country_monthly_risk | country_policy_year,,按项目用途复核；不足以单独支持核心结论。,1
WEB-0050,20260816_research_archive_v1,ACQUIRED,NARRATIVE_CONTENT,EXTRACTED,SUPPLEMENT,B,shared,06_黄金美元与储备配置/外部原件/WEB-0050_PDF_link_annotation_/original.html,02_提取正文/WEB-0050/content.json,source_registry | asset_monthly_return | portfolio_scenario,,按项目用途复核；不足以单独支持核心结论。,1
WEB-0051,20260816_research_archive_v1,NOT_APPLICABLE,NOT_ACQUIRED,FAILED,EXCLUDED,D,metadata_only,,,country_monthly_risk | country_policy_year | country_event | case_evidence,,仅保留元数据；正式分析改用许可允许的权威替代源。,0
WEB-0052,20260816_research_archive_v1,NOT_APPLICABLE,NOT_ACQUIRED,FAILED,EXCLUDED,D,metadata_only,,,company_overseas_exposure | country_event | asset_monthly_return | portfolio_scenario,,仅保留元数据；正式分析改用许可允许的权威替代源。,0
WEB-0053,20260816_research_archive_v1,NOT_APPLICABLE,NOT_ACQUIRED,FAILED,EXCLUDED,D,metadata_only,,,country_monthly_risk | case_evidence | historical_crisis_event | global_cycle_month,,仅保留元数据；正式分析改用许可允许的权威替代源。,0
WEB-0054,20260816_research_archive_v1,NOT_ACQUIRED,NOT_ACQUIRED,FAILED,EXCLUDED,D,private_only,,,company_overseas_exposure | country_event | asset_monthly_return | portfolio_scenario,WEB-0384,补充权威替代来源；无法取得时删除相应字段和结论承诺。,0
WEB-0055,20260816_research_archive_v1,NOT_APPLICABLE,NOT_ACQUIRED,FAILED,EXCLUDED,D,metadata_only,,,country_monthly_risk | country_policy_year,,仅保留元数据；正式分析改用许可允许的权威替代源。,0
WEB-0056,20260816_research_archive_v1,NOT_APPLICABLE,NOT_ACQUIRED,FAILED,EXCLUDED,D,metadata_only,,,asset_monthly_return | portfolio_scenario,,仅保留元数据；正式分析改用许可允许的权威替代源。,0
WEB-0057,20260816_research_archive_v1,NOT_APPLICABLE,NOT_ACQUIRED,FAILED,EXCLUDED,D,metadata_only,,,country_monthly_risk | country_event | asset_monthly_return | portfolio_scenario | case_evidence,,仅保留元数据；正式分析改用许可允许的权威替代源。,0
WEB-0058,20260816_research_archive_v1,NOT_APPLICABLE,NOT_ACQUIRED,FAILED,EXCLUDED,D,metadata_only,,,case_evidence | historical_crisis_event | global_cycle_month,,仅保留元数据；正式分析改用许可允许的权威替代源。,0
WEB-0059,20260816_research_archive_v1,NOT_APPLICABLE,NOT_ACQUIRED,FAILED,EXCLUDED,D,metadata_only,,,case_evidence | historical_crisis_event | global_cycle_month,,仅保留元数据；正式分析改用许可允许的权威替代源。,0
WEB-0060,20260816_research_archive_v1,ACQUIRED,STRUCTURED_DATA,EXTRACTED,SUPPLEMENT,B,shared,06_黄金美元与储备配置/外部原件/WEB-0060_PDF_link_annotation_/original.html,02_提取正文/WEB-0060/content.json,asset_monthly_return | portfolio_scenario,,按项目用途复核；不足以单独支持核心结论。,1
WEB-0061,20260816_research_archive_v1,NOT_APPLICABLE,NOT_ACQUIRED,FAILED,EXCLUDED,B,metadata_only,,,asset_monthly_return | portfolio_scenario,,仅保留元数据；正式分析改用许可允许的权威替代源。,0
WEB-0062,20260816_research_archive_v1,NOT_APPLICABLE,NOT_ACQUIRED,FAILED,EXCLUDED,D,metadata_only,,,company_overseas_exposure | country_event | asset_monthly_return | portfolio_scenario,,仅保留元数据；正式分析改用许可允许的权威替代源。,0
WEB-0063,20260816_research_archive_v1,NOT_APPLICABLE,NOT_ACQUIRED,FAILED,EXCLUDED,C,metadata_only,,,company_overseas_exposure | country_event | asset_monthly_return | portfolio_scenario,,仅保留元数据；正式分析改用许可允许的权威替代源。,0
WEB-0064,20260816_research_archive_v1,NOT_APPLICABLE,NOT_ACQUIRED,FAILED,EXCLUDED,D,metadata_only,,,company_overseas_exposure | country_event | asset_monthly_return | portfolio_scenario,,仅保留元数据；正式分析改用许可允许的权威替代源。,0
WEB-0065,20260816_research_archive_v1,NOT_APPLICABLE,NOT_ACQUIRED,FAILED,EXCLUDED,D,metadata_only,,,company_overseas_exposure | country_event | asset_monthly_return | portfolio_scenario,,仅保留元数据；正式分析改用许可允许的权威替代源。,0
WEB-0066,20260816_research_archive_v1,NOT_APPLICABLE,NOT_ACQUIRED,FAILED,EXCLUDED,C,metadata_only,,,company_overseas_exposure | country_event | asset_monthly_return | portfolio_scenario,,仅保留元数据；正式分析改用许可允许的权威替代源。,0
WEB-0067,20260816_research_archive_v1,NOT_APPLICABLE,NOT_ACQUIRED,FAILED,EXCLUDED,C,metadata_only,,,asset_monthly_return | case_evidence | historical_crisis_event | global_cycle_month,,仅保留元数据；正式分析改用许可允许的权威替代源。,0
WEB-0068,20260816_research_archive_v1,NOT_APPLICABLE,NOT_ACQUIRED,FAILED,EXCLUDED,C,metadata_only,,,company_overseas_exposure | country_event | asset_monthly_return | portfolio_scenario,,仅保留元数据；正式分析改用许可允许的权威替代源。,0
WEB-0069,20260816_research_archive_v1,NOT_APPLICABLE,NOT_ACQUIRED,FAILED,EXCLUDED,C,metadata_only,,,company_overseas_exposure | country_event | asset_monthly_return | portfolio_scenario,,仅保留元数据；正式分析改用许可允许的权威替代源。,0
WEB-0070,20260816_research_archive_v1,NOT_APPLICABLE,NOT_ACQUIRED,FAILED,EXCLUDED,C,metadata_only,,,company_overseas_exposure | country_event | asset_monthly_return | portfolio_scenario,,仅保留元数据；正式分析改用许可允许的权威替代源。,0
WEB-0071,20260816_research_archive_v1,NOT_APPLICABLE,NOT_ACQUIRED,FAILED,EXCLUDED,D,metadata_only,,,case_evidence | historical_crisis_event | global_cycle_month,,仅保留元数据；正式分析改用许可允许的权威替代源。,0
WEB-0072,20260816_research_archive_v1,NOT_APPLICABLE,NOT_ACQUIRED,FAILED,EXCLUDED,D,metadata_only,,,portfolio_scenario | case_evidence | historical_crisis_event | global_cycle_month,,仅保留元数据；正式分析改用许可允许的权威替代源。,0
WEB-0073,20260816_research_archive_v1,ACQUIRED,DOCUMENT_LOCAL,NOT_REQUIRED,EXCLUDED,D,private_only,08_企业案例与公开披露/外部原件/WEB-0073_3._美国财政部年报（1940，圣路易斯联储_FRASER_档案）：1911–1932_年白银年均价格表，1929_年_53.3_美分、1932/original.pdf,,company_overseas_exposure | country_event | portfolio_scenario | case_evidence | historical_crisis_event,,补充权威替代来源；无法取得时删除相应字段和结论承诺。,0
WEB-0074,20260816_research_archive_v1,NOT_APPLICABLE,NOT_ACQUIRED,FAILED,EXCLUDED,D,metadata_only,,,source_registry | asset_monthly_return | portfolio_scenario,,仅保留元数据；正式分析改用许可允许的权威替代源。,0
WEB-0075,20260816_research_archive_v1,NOT_APPLICABLE,NOT_ACQUIRED,FAILED,EXCLUDED,D,metadata_only,,,country_policy_year | asset_monthly_return | portfolio_scenario,,仅保留元数据；正式分析改用许可允许的权威替代源。,0
WEB-0076,20260816_research_archive_v1,NOT_APPLICABLE,NOT_ACQUIRED,FAILED,EXCLUDED,D,metadata_only,,,country_monthly_risk | country_event | asset_monthly_return | portfolio_scenario | case_evidence,,仅保留元数据；正式分析改用许可允许的权威替代源。,0
WEB-0077,20260816_research_archive_v1,NOT_APPLICABLE,NOT_ACQUIRED,FAILED,EXCLUDED,D,metadata_only,,,country_monthly_risk | country_event | asset_monthly_return | portfolio_scenario | case_evidence,,仅保留元数据；正式分析改用许可允许的权威替代源。,0
WEB-0078,20260816_research_archive_v1,NOT_APPLICABLE,NOT_ACQUIRED,FAILED,EXCLUDED,D,metadata_only,,,company_overseas_exposure | country_monthly_risk | country_event | asset_monthly_return | portfolio_scenario | case_evidence,,仅保留元数据；正式分析改用许可允许的权威替代源。,0
WEB-0079,20260816_research_archive_v1,NOT_APPLICABLE,NOT_ACQUIRED,FAILED,EXCLUDED,D,metadata_only,,,source_registry | asset_monthly_return | portfolio_scenario,,仅保留元数据；正式分析改用许可允许的权威替代源。,0
WEB-0080,20260816_research_archive_v1,NOT_APPLICABLE,NOT_ACQUIRED,FAILED,EXCLUDED,D,metadata_only,,,country_monthly_risk | country_policy_year | country_event | asset_monthly_return | case_evidence,,仅保留元数据；正式分析改用许可允许的权威替代源。,0
WEB-0081,20260816_research_archive_v1,NOT_APPLICABLE,NOT_ACQUIRED,FAILED,EXCLUDED,D,metadata_only,,,country_monthly_risk | asset_monthly_return | case_evidence | historical_crisis_event | global_cycle_month,,仅保留元数据；正式分析改用许可允许的权威替代源。,0
WEB-0082,20260816_research_archive_v1,NOT_APPLICABLE,NOT_ACQUIRED,FAILED,EXCLUDED,D,metadata_only,,,company_overseas_exposure | country_monthly_risk | country_event | asset_monthly_return | portfolio_scenario | case_evidence,,仅保留元数据；正式分析改用许可允许的权威替代源。,0
WEB-0083,20260816_research_archive_v1,NOT_APPLICABLE,NOT_ACQUIRED,FAILED,EXCLUDED,D,metadata_only,,,country_monthly_risk | country_event | asset_monthly_return | portfolio_scenario | case_evidence,,仅保留元数据；正式分析改用许可允许的权威替代源。,0
WEB-0084,20260816_research_archive_v1,NOT_APPLICABLE,NOT_ACQUIRED,FAILED,EXCLUDED,D,metadata_only,,,asset_monthly_return | case_evidence | historical_crisis_event | global_cycle_month,,仅保留元数据；正式分析改用许可允许的权威替代源。,0
WEB-0085,20260816_research_archive_v1,NOT_APPLICABLE,NOT_ACQUIRED,FAILED,EXCLUDED,D,metadata_only,,,country_monthly_risk | country_policy_year | asset_monthly_return | case_evidence,,仅保留元数据；正式分析改用许可允许的权威替代源。,0
WEB-0086,20260816_research_archive_v1,NOT_APPLICABLE,NOT_ACQUIRED,FAILED,EXCLUDED,D,metadata_only,,,asset_monthly_return | case_evidence | historical_crisis_event | global_cycle_month,,仅保留元数据；正式分析改用许可允许的权威替代源。,0
WEB-0087,20260816_research_archive_v1,NOT_APPLICABLE,NOT_ACQUIRED,FAILED,EXCLUDED,D,metadata_only,,,source_registry | asset_monthly_return | portfolio_scenario,,仅保留元数据；正式分析改用许可允许的权威替代源。,0
WEB-0088,20260816_research_archive_v1,NOT_APPLICABLE,NOT_ACQUIRED,FAILED,EXCLUDED,D,metadata_only,,,country_monthly_risk | asset_monthly_return | case_evidence | historical_crisis_event | global_cycle_month,,仅保留元数据；正式分析改用许可允许的权威替代源。,0
WEB-0089,20260816_research_archive_v1,NOT_APPLICABLE,NOT_ACQUIRED,FAILED,EXCLUDED,D,metadata_only,,,source_registry | asset_monthly_return | portfolio_scenario,,仅保留元数据；正式分析改用许可允许的权威替代源。,0
WEB-0090,20260816_research_archive_v1,NOT_APPLICABLE,NOT_ACQUIRED,FAILED,EXCLUDED,D,metadata_only,,,source_registry | asset_monthly_return | portfolio_scenario,,仅保留元数据；正式分析改用许可允许的权威替代源。,0
WEB-0091,20260816_research_archive_v1,NOT_APPLICABLE,NOT_ACQUIRED,FAILED,EXCLUDED,D,metadata_only,,,company_overseas_exposure | country_event | asset_monthly_return | portfolio_scenario,,仅保留元数据；正式分析改用许可允许的权威替代源。,0
WEB-0092,20260816_research_archive_v1,NOT_APPLICABLE,NOT_ACQUIRED,FAILED,EXCLUDED,D,shared,,,asset_monthly_return | portfolio_scenario,,由资料负责人合法登录、采购或申请授权；不得自动绕过。,0
WEB-0093,20260816_research_archive_v1,NOT_APPLICABLE,NOT_ACQUIRED,FAILED,EXCLUDED,D,metadata_only,,,company_overseas_exposure | country_event | asset_monthly_return | portfolio_scenario | case_evidence,,仅保留元数据；正式分析改用许可允许的权威替代源。,0
WEB-0094,20260816_research_archive_v1,NOT_APPLICABLE,NOT_ACQUIRED,FAILED,EXCLUDED,D,metadata_only,,,asset_monthly_return | case_evidence | historical_crisis_event | global_cycle_month,,仅保留元数据；正式分析改用许可允许的权威替代源。,0
WEB-0095,20260816_research_archive_v1,NOT_APPLICABLE,NOT_ACQUIRED,FAILED,EXCLUDED,D,metadata_only,,,case_evidence | historical_crisis_event | global_cycle_month,,仅保留元数据；正式分析改用许可允许的权威替代源。,0
WEB-0096,20260816_research_archive_v1,NOT_APPLICABLE,NOT_ACQUIRED,FAILED,EXCLUDED,D,metadata_only,,,asset_monthly_return | portfolio_scenario,,仅保留元数据；正式分析改用许可允许的权威替代源。,0
WEB-0097,20260816_research_archive_v1,NOT_APPLICABLE,NOT_ACQUIRED,FAILED,EXCLUDED,D,metadata_only,,,asset_monthly_return | portfolio_scenario,,仅保留元数据；正式分析改用许可允许的权威替代源。,0
WEB-0098,20260816_research_archive_v1,ACQUIRED,NARRATIVE_CONTENT,EXTRACTED,CORE,A,shared,06_黄金美元与储备配置/外部原件/WEB-0098_XLSX_entry_xl_worksheets_sheet4.xml/original.html,02_提取正文/WEB-0098/content.json,asset_monthly_return | portfolio_scenario,,人工复核关键字段与source_locator；通过后映射至正式source_registry。,1
WEB-0099,20260816_research_archive_v1,ACQUIRED,NARRATIVE_CONTENT,EXTRACTED,CORE,A,shared,05_全球周期与历史危机/外部原件/WEB-0099_3._U.S._Department_of_the_Treasury（美国财政部），《Exchange_Stabilization_Fund_–/original.html,02_提取正文/WEB-0099/content.json,asset_monthly_return | case_evidence | historical_crisis_event | global_cycle_month,,人工复核关键字段与source_locator；通过后映射至正式source_registry。,1
WEB-0100,20260816_research_archive_v1,NOT_ACQUIRED,NOT_ACQUIRED,FAILED,CORE,A,shared,,,asset_monthly_return | case_evidence | historical_crisis_event | global_cycle_month,WEB-0101,补充权威替代来源；无法取得时删除相应字段和结论承诺。,1
WEB-0101,20260816_research_archive_v1,ACQUIRED,MIXED_CONTENT,EXTRACTED,CORE,A,shared,06_黄金美元与储备配置/外部原件/WEB-0101_XLSX_entry_xl_worksheets_sheet2.xml/original.html,02_提取正文/WEB-0101/content.json,asset_monthly_return | portfolio_scenario,,人工复核关键字段与source_locator；通过后映射至正式source_registry。,1
WEB-0102,20260816_research_archive_v1,NOT_APPLICABLE,NOT_ACQUIRED,FAILED,EXCLUDED,D,metadata_only,,,case_evidence | historical_crisis_event | global_cycle_month,,仅保留元数据；正式分析改用许可允许的权威替代源。,0
WEB-0103,20260816_research_archive_v1,ACQUIRED,DOCUMENT_LOCAL,NOT_REQUIRED,EXCLUDED,D,private_only,08_企业案例与公开披露/外部原件/WEB-0103_公开年报/original.pdf,,company_overseas_exposure | country_event | asset_monthly_return | portfolio_scenario,,补充权威替代来源；无法取得时删除相应字段和结论承诺。,0
WEB-0104,20260816_research_archive_v1,NOT_APPLICABLE,NOT_ACQUIRED,FAILED,EXCLUDED,D,metadata_only,,,case_evidence | historical_crisis_event | global_cycle_month,,仅保留元数据；正式分析改用许可允许的权威替代源。,0
WEB-0105,20260816_research_archive_v1,NOT_APPLICABLE,NOT_ACQUIRED,FAILED,EXCLUDED,D,metadata_only,,,company_overseas_exposure | country_event | asset_monthly_return | portfolio_scenario,,仅保留元数据；正式分析改用许可允许的权威替代源。,0
WEB-0106,20260816_research_archive_v1,NOT_APPLICABLE,NOT_ACQUIRED,FAILED,EXCLUDED,D,metadata_only,,,asset_monthly_return | case_evidence | historical_crisis_event | global_cycle_month,,仅保留元数据；正式分析改用许可允许的权威替代源。,0
WEB-0107,20260816_research_archive_v1,NOT_APPLICABLE,NOT_ACQUIRED,FAILED,EXCLUDED,D,metadata_only,,,company_overseas_exposure | country_event | asset_monthly_return | portfolio_scenario | case_evidence,,仅保留元数据；正式分析改用许可允许的权威替代源。,0
WEB-0108,20260816_research_archive_v1,ACQUIRED,DOWNLOAD_LANDING,EXTRACTED,CORE,A,shared,08_企业案例与公开披露/外部原件/WEB-0108_上海市委金融办，2025-03/original.html,02_提取正文/WEB-0108/content.json,company_overseas_exposure | country_event | asset_monthly_return | portfolio_scenario,,人工复核关键字段与source_locator；通过后映射至正式source_registry。,1
WEB-0109,20260816_research_archive_v1,ACQUIRED,NARRATIVE_CONTENT,EXTRACTED,CORE,A,shared,08_企业案例与公开披露/外部原件/WEB-0109_上海金融局，2025/original.html,02_提取正文/WEB-0109/content.json,company_overseas_exposure | country_event | asset_monthly_return | portfolio_scenario,,人工复核关键字段与source_locator；通过后映射至正式source_registry。,1
WEB-0110,20260816_research_archive_v1,NOT_APPLICABLE,NOT_ACQUIRED,FAILED,EXCLUDED,D,metadata_only,,,company_overseas_exposure | country_policy_year | country_event | case_evidence,,仅保留元数据；正式分析改用许可允许的权威替代源。,0
WEB-0111,20260816_research_archive_v1,NOT_APPLICABLE,NOT_ACQUIRED,FAILED,EXCLUDED,C,metadata_only,,,company_overseas_exposure | country_event | asset_monthly_return | portfolio_scenario,,仅保留元数据；正式分析改用许可允许的权威替代源。,0
WEB-0112,20260816_research_archive_v1,NOT_APPLICABLE,NOT_ACQUIRED,FAILED,EXCLUDED,C,metadata_only,,,company_overseas_exposure | country_event | asset_monthly_return | portfolio_scenario,,仅保留元数据；正式分析改用许可允许的权威替代源。,0
WEB-0113,20260816_research_archive_v1,NOT_APPLICABLE,NOT_ACQUIRED,FAILED,EXCLUDED,D,metadata_only,,,company_overseas_exposure | country_event | asset_monthly_return | portfolio_scenario,,仅保留元数据；正式分析改用许可允许的权威替代源。,0
WEB-0114,20260816_research_archive_v1,NOT_APPLICABLE,NOT_ACQUIRED,FAILED,EXCLUDED,D,metadata_only,,,asset_monthly_return | case_evidence | historical_crisis_event | global_cycle_month,,仅保留元数据；正式分析改用许可允许的权威替代源。,0
WEB-0115,20260816_research_archive_v1,ACQUIRED,DOCUMENT_LOCAL,NOT_REQUIRED,SUPPLEMENT,B,shared,06_黄金美元与储备配置/外部原件/WEB-0115_缺失论文PDF官方开放CDN恢复候选/original.pdf,,asset_monthly_return | portfolio_scenario,,按项目用途复核；不足以单独支持核心结论。,1
WEB-0116,20260816_research_archive_v1,NOT_APPLICABLE,NOT_ACQUIRED,FAILED,EXCLUDED,D,metadata_only,,,asset_monthly_return | case_evidence | historical_crisis_event | global_cycle_month,,仅保留元数据；正式分析改用许可允许的权威替代源。,0
WEB-0117,20260816_research_archive_v1,NOT_APPLICABLE,NOT_ACQUIRED,FAILED,EXCLUDED,D,metadata_only,,,country_monthly_risk | country_policy_year | country_event | case_evidence,,仅保留元数据；正式分析改用许可允许的权威替代源。,0
WEB-0118,20260816_research_archive_v1,NOT_APPLICABLE,NOT_ACQUIRED,FAILED,EXCLUDED,D,metadata_only,,,asset_monthly_return | portfolio_scenario,,仅保留元数据；正式分析改用许可允许的权威替代源。,0
WEB-0119,20260816_research_archive_v1,NOT_APPLICABLE,NOT_ACQUIRED,FAILED,EXCLUDED,C,metadata_only,,,company_overseas_exposure | country_event | asset_monthly_return | portfolio_scenario,,仅保留元数据；正式分析改用许可允许的权威替代源。,0
WEB-0120,20260816_research_archive_v1,NOT_APPLICABLE,NOT_ACQUIRED,FAILED,EXCLUDED,D,metadata_only,,,asset_monthly_return | portfolio_scenario,,仅保留元数据；正式分析改用许可允许的权威替代源。,0
WEB-0121,20260816_research_archive_v1,NOT_APPLICABLE,NOT_ACQUIRED,FAILED,EXCLUDED,D,metadata_only,,,asset_monthly_return | portfolio_scenario,,仅保留元数据；正式分析改用许可允许的权威替代源。,0
WEB-0122,20260816_research_archive_v1,NOT_APPLICABLE,NOT_ACQUIRED,FAILED,EXCLUDED,D,metadata_only,,,asset_monthly_return | portfolio_scenario,,仅保留元数据；正式分析改用许可允许的权威替代源。,0
WEB-0123,20260816_research_archive_v1,NOT_APPLICABLE,NOT_ACQUIRED,FAILED,EXCLUDED,D,metadata_only,,,asset_monthly_return | case_evidence | historical_crisis_event | global_cycle_month,,仅保留元数据；正式分析改用许可允许的权威替代源。,0
WEB-0124,20260816_research_archive_v1,NOT_APPLICABLE,NOT_ACQUIRED,FAILED,EXCLUDED,D,metadata_only,,,company_overseas_exposure | country_event | asset_monthly_return | portfolio_scenario,,仅保留元数据；正式分析改用许可允许的权威替代源。,0
WEB-0125,20260816_research_archive_v1,NOT_APPLICABLE,NOT_ACQUIRED,FAILED,EXCLUDED,D,metadata_only,,,company_overseas_exposure | country_event | asset_monthly_return | portfolio_scenario,,仅保留元数据；正式分析改用许可允许的权威替代源。,0
WEB-0126,20260816_research_archive_v1,NOT_APPLICABLE,NOT_ACQUIRED,FAILED,EXCLUDED,C,metadata_only,,,company_overseas_exposure | country_event | asset_monthly_return | portfolio_scenario,,仅保留元数据；正式分析改用许可允许的权威替代源。,0
WEB-0127,20260816_research_archive_v1,NOT_APPLICABLE,NOT_ACQUIRED,FAILED,EXCLUDED,D,metadata_only,,,asset_monthly_return | case_evidence | historical_crisis_event | global_cycle_month,,仅保留元数据；正式分析改用许可允许的权威替代源。,0
WEB-0128,20260816_research_archive_v1,ACQUIRED,NARRATIVE_CONTENT,EXTRACTED,CORE,A,shared,07_会计合规与制裁/外部原件/WEB-0128_7._2014_年西方制裁（首轮）：EU_美国财政部_OFAC_公告：_/original.html,02_提取正文/WEB-0128/content.json,source_registry | country_policy_year | case_evidence,,人工复核关键字段与source_locator；通过后映射至正式source_registry。,1
WEB-0129,20260816_research_archive_v1,ACQUIRED,NARRATIVE_CONTENT,EXTRACTED,CORE,A,shared,07_会计合规与制裁/外部原件/WEB-0129_PDF_link_annotation_/original.html,02_提取正文/WEB-0129/content.json,country_policy_year | asset_monthly_return,,人工复核关键字段与source_locator；通过后映射至正式source_registry。,1
WEB-0130,20260816_research_archive_v1,NOT_APPLICABLE,NOT_ACQUIRED,FAILED,EXCLUDED,A,metadata_only,,,country_policy_year | asset_monthly_return,,仅保留元数据；正式分析改用许可允许的权威替代源。,0
WEB-0131,20260816_research_archive_v1,NOT_APPLICABLE,NOT_ACQUIRED,FAILED,EXCLUDED,D,metadata_only,,,asset_monthly_return | case_evidence | historical_crisis_event | global_cycle_month,,仅保留元数据；正式分析改用许可允许的权威替代源。,0
WEB-0132,20260816_research_archive_v1,ACQUIRED,DOCUMENT_LOCAL,NOT_REQUIRED,SUPPLEMENT,B,shared,"05_全球周期与历史危机/外部原件/WEB-0132_1._World_Bank（世界银行），《The_Korean_Financial_Crisis_of_1997_Onset,_Turnarou/original.pdf",,country_monthly_risk | asset_monthly_return | case_evidence | historical_crisis_event | global_cycle_month,,按项目用途复核；不足以单独支持核心结论。,1
WEB-0133,20260816_research_archive_v1,NOT_APPLICABLE,NOT_ACQUIRED,FAILED,EXCLUDED,C,metadata_only,,,country_monthly_risk | country_policy_year | country_event | case_evidence,,仅保留元数据；正式分析改用许可允许的权威替代源。,0
WEB-0134,20260816_research_archive_v1,NOT_APPLICABLE,NOT_ACQUIRED,FAILED,EXCLUDED,C,metadata_only,,,company_overseas_exposure | country_event | asset_monthly_return | portfolio_scenario,,仅保留元数据；正式分析改用许可允许的权威替代源。,0
WEB-0135,20260816_research_archive_v1,ACQUIRED,DOCUMENT_LOCAL,NOT_REQUIRED,EXCLUDED,D,private_only,08_企业案例与公开披露/外部原件/WEB-0135_东方财富研报，2021/original.pdf,,company_overseas_exposure | country_event | asset_monthly_return | portfolio_scenario,,补充权威替代来源；无法取得时删除相应字段和结论承诺。,0
WEB-0136,20260816_research_archive_v1,ACQUIRED,DOCUMENT_LOCAL,NOT_REQUIRED,EXCLUDED,D,private_only,08_企业案例与公开披露/外部原件/WEB-0136_开源证券，2025-02/original.pdf,,company_overseas_exposure | country_event | asset_monthly_return | portfolio_scenario,,补充权威替代来源；无法取得时删除相应字段和结论承诺。,0
WEB-0137,20260816_research_archive_v1,ACQUIRED,DOCUMENT_LOCAL,NOT_REQUIRED,EXCLUDED,D,private_only,08_企业案例与公开披露/外部原件/WEB-0137_开源证券，2025-01/original.pdf,,company_overseas_exposure | country_event | asset_monthly_return | portfolio_scenario,,补充权威替代来源；无法取得时删除相应字段和结论承诺。,0
WEB-0138,20260816_research_archive_v1,ACQUIRED,DOCUMENT_LOCAL,NOT_REQUIRED,EXCLUDED,D,private_only,08_企业案例与公开披露/外部原件/WEB-0138_建筑业实证，2024/original.pdf,,company_overseas_exposure | country_event | asset_monthly_return | portfolio_scenario,,补充权威替代来源；无法取得时删除相应字段和结论承诺。,0
WEB-0139,20260816_research_archive_v1,ACQUIRED,MIXED_CONTENT,EXTRACTED,CORE,A,shared,06_黄金美元与储备配置/外部原件/WEB-0139_-_PMC：/original.html,02_提取正文/WEB-0139/content.json,asset_monthly_return | portfolio_scenario,,人工复核关键字段与source_locator；通过后映射至正式source_registry。,1
WEB-0140,20260816_research_archive_v1,NOT_ACQUIRED,NOT_ACQUIRED,FAILED,CORE,A,shared,,,asset_monthly_return | portfolio_scenario,WEB-0115,补充权威替代来源；无法取得时删除相应字段和结论承诺。,1
WEB-0141,20260816_research_archive_v1,NOT_APPLICABLE,NOT_ACQUIRED,FAILED,EXCLUDED,D,metadata_only,,,asset_monthly_return | portfolio_scenario,,仅保留元数据；正式分析改用许可允许的权威替代源。,0
WEB-0142,20260816_research_archive_v1,NOT_APPLICABLE,NOT_ACQUIRED,FAILED,EXCLUDED,D,metadata_only,,,asset_monthly_return | portfolio_scenario,,仅保留元数据；正式分析改用许可允许的权威替代源。,0
WEB-0143,20260816_research_archive_v1,ACQUIRED,DOCUMENT_LOCAL,NOT_REQUIRED,EXCLUDED,D,private_only,08_企业案例与公开披露/外部原件/WEB-0143_《台大管理论丛》/original.pdf,,company_overseas_exposure | country_event | asset_monthly_return | portfolio_scenario,,补充权威替代来源；无法取得时删除相应字段和结论承诺。,0
WEB-0144,20260816_research_archive_v1,NOT_APPLICABLE,NOT_ACQUIRED,FAILED,EXCLUDED,A,metadata_only,,,country_monthly_risk | country_policy_year | country_event | case_evidence,,仅保留元数据；正式分析改用许可允许的权威替代源。,0
WEB-0145,20260816_research_archive_v1,NOT_ACQUIRED,NOT_ACQUIRED,FAILED,SUPPLEMENT,B,shared,,,asset_monthly_return | portfolio_scenario,WEB-0395,补充权威替代来源；无法取得时删除相应字段和结论承诺。,1
WEB-0146,20260816_research_archive_v1,ACQUIRED,DOCUMENT_LOCAL,NOT_REQUIRED,EXCLUDED,D,private_only,07_会计合规与制裁/外部原件/WEB-0146_BBVA_公告，2022/original.pdf,,country_policy_year | asset_monthly_return,,补充权威替代来源；无法取得时删除相应字段和结论承诺。,0
WEB-0147,20260816_research_archive_v1,NOT_APPLICABLE,NOT_ACQUIRED,FAILED,EXCLUDED,D,metadata_only,,,asset_monthly_return | portfolio_scenario,,仅保留元数据；正式分析改用许可允许的权威替代源。,0
WEB-0148,20260816_research_archive_v1,NOT_APPLICABLE,NOT_ACQUIRED,FAILED,EXCLUDED,D,metadata_only,,,asset_monthly_return | portfolio_scenario,,仅保留元数据；正式分析改用许可允许的权威替代源。,0
WEB-0149,20260816_research_archive_v1,ACQUIRED,DOCUMENT_LOCAL,NOT_REQUIRED,EXCLUDED,D,private_only,05_全球周期与历史危机/外部原件/WEB-0149_3._The_Silver_Institute（2026）：《World_Silver_Survey》——白银年度均价（2000：4.95；20/original.pdf,,asset_monthly_return | case_evidence | historical_crisis_event | global_cycle_month,,补充权威替代来源；无法取得时删除相应字段和结论承诺。,0
WEB-0150,20260816_research_archive_v1,NOT_APPLICABLE,NOT_ACQUIRED,FAILED,EXCLUDED,D,metadata_only,,,asset_monthly_return | case_evidence | historical_crisis_event | global_cycle_month,,仅保留元数据；正式分析改用许可允许的权威替代源。,0
WEB-0151,20260816_research_archive_v1,NOT_APPLICABLE,NOT_ACQUIRED,FAILED,EXCLUDED,D,metadata_only,,,asset_monthly_return | portfolio_scenario,,按人工任务卡接受条款或完成机构授权后重新验收。,0
WEB-0152,20260816_research_archive_v1,NOT_APPLICABLE,NOT_ACQUIRED,FAILED,EXCLUDED,D,metadata_only,,,asset_monthly_return | portfolio_scenario,,按人工任务卡接受条款或完成机构授权后重新验收。,0
WEB-0153,20260816_research_archive_v1,NOT_APPLICABLE,NOT_ACQUIRED,FAILED,EXCLUDED,D,metadata_only,,,asset_monthly_return | portfolio_scenario,,按人工任务卡接受条款或完成机构授权后重新验收。,0
WEB-0154,20260816_research_archive_v1,NOT_APPLICABLE,NOT_ACQUIRED,FAILED,EXCLUDED,D,metadata_only,,,asset_monthly_return | portfolio_scenario,,按人工任务卡接受条款或完成机构授权后重新验收。,0
WEB-0155,20260816_research_archive_v1,NOT_APPLICABLE,NOT_ACQUIRED,FAILED,EXCLUDED,D,metadata_only,,,asset_monthly_return | portfolio_scenario,,按人工任务卡接受条款或完成机构授权后重新验收。,0
WEB-0156,20260816_research_archive_v1,ACQUIRED,DOCUMENT_LOCAL,NOT_REQUIRED,EXCLUDED,D,private_only,08_企业案例与公开披露/外部原件/WEB-0156_上交所重组报告书，2025/original.pdf,,company_overseas_exposure | country_event | asset_monthly_return | portfolio_scenario,,补充权威替代来源；无法取得时删除相应字段和结论承诺。,0
WEB-0157,20260816_research_archive_v1,NOT_APPLICABLE,NOT_ACQUIRED,FAILED,EXCLUDED,D,metadata_only,,,company_overseas_exposure | country_event | asset_monthly_return | portfolio_scenario | case_evidence,,仅保留元数据；正式分析改用许可允许的权威替代源。,0
WEB-0158,20260816_research_archive_v1,ACQUIRED,DOCUMENT_LOCAL,NOT_REQUIRED,SUPPLEMENT,B,shared,06_黄金美元与储备配置/外部原件/WEB-0158_XLSX_entry_xl_worksheets_sheet4.xml/original.pdf,,asset_monthly_return | portfolio_scenario,,按项目用途复核；不足以单独支持核心结论。,1
WEB-0159,20260816_research_archive_v1,ACQUIRED,NARRATIVE_CONTENT,EXTRACTED,SUPPLEMENT,B,shared,06_黄金美元与储备配置/外部原件/WEB-0159_XLSX_entry_xl_worksheets_sheet2.xml/original.html,02_提取正文/WEB-0159/content.json,country_exposure | asset_monthly_return | portfolio_scenario,,按项目用途复核；不足以单独支持核心结论。,1
WEB-0160,20260816_research_archive_v1,NOT_APPLICABLE,NOT_ACQUIRED,FAILED,EXCLUDED,D,metadata_only,,,source_registry,,由资料负责人合法登录、采购或申请授权；不得自动绕过。,0
WEB-0161,20260816_research_archive_v1,NOT_APPLICABLE,NOT_ACQUIRED,FAILED,EXCLUDED,D,metadata_only,,,source_registry,,由资料负责人合法登录、采购或申请授权；不得自动绕过。,0
WEB-0162,20260816_research_archive_v1,ACQUIRED,NARRATIVE_CONTENT,EXTRACTED,CORE,A,shared,05_全球周期与历史危机/外部原件/WEB-0162_7._美国财政部《1995_年墨西哥金融救援》文件（200_亿美元外汇稳定基金）：_/original.html,02_提取正文/WEB-0162/content.json,asset_monthly_return | case_evidence | historical_crisis_event | global_cycle_month,,人工复核关键字段与source_locator；通过后映射至正式source_registry。,1
WEB-0163,20260816_research_archive_v1,NOT_APPLICABLE,NOT_ACQUIRED,FAILED,EXCLUDED,D,metadata_only,,,case_evidence | historical_crisis_event | global_cycle_month,,仅保留元数据；正式分析改用许可允许的权威替代源。,0
WEB-0164,20260816_research_archive_v1,NOT_APPLICABLE,NOT_ACQUIRED,FAILED,EXCLUDED,D,metadata_only,,,company_overseas_exposure | country_event | asset_monthly_return | portfolio_scenario,,仅保留元数据；正式分析改用许可允许的权威替代源。,0
WEB-0165,20260816_research_archive_v1,ACQUIRED,DOCUMENT_LOCAL,NOT_REQUIRED,EXCLUDED,D,private_only,06_黄金美元与储备配置/外部原件/WEB-0165_PDF_link_annotation_/original.pdf,,source_registry | asset_monthly_return | portfolio_scenario,,补充权威替代来源；无法取得时删除相应字段和结论承诺。,0
WEB-0166,20260816_research_archive_v1,ACQUIRED,DOCUMENT_LOCAL,NOT_REQUIRED,EXCLUDED,D,private_only,06_黄金美元与储备配置/外部原件/WEB-0166_PDF_link_annotation_/original.pdf,,asset_monthly_return | portfolio_scenario,,补充权威替代来源；无法取得时删除相应字段和结论承诺。,0
WEB-0167,20260816_research_archive_v1,NOT_APPLICABLE,NOT_ACQUIRED,FAILED,EXCLUDED,D,metadata_only,,,asset_monthly_return | portfolio_scenario,,仅保留元数据；正式分析改用许可允许的权威替代源。,0
WEB-0168,20260816_research_archive_v1,NOT_APPLICABLE,NOT_ACQUIRED,FAILED,EXCLUDED,D,metadata_only,,,country_monthly_risk | country_event | asset_monthly_return | portfolio_scenario | case_evidence,,仅保留元数据；正式分析改用许可允许的权威替代源。,0
WEB-0169,20260816_research_archive_v1,NOT_APPLICABLE,NOT_ACQUIRED,FAILED,EXCLUDED,D,private_only,,,asset_monthly_return | case_evidence | historical_crisis_event | global_cycle_month,,由资料负责人合法登录、采购或申请授权；不得自动绕过。,0
WEB-0170,20260816_research_archive_v1,NOT_APPLICABLE,NOT_ACQUIRED,FAILED,EXCLUDED,D,metadata_only,,,company_overseas_exposure | country_event | asset_monthly_return | portfolio_scenario,,仅保留元数据；正式分析改用许可允许的权威替代源。,0
WEB-0171,20260816_research_archive_v1,NOT_APPLICABLE,NOT_ACQUIRED,FAILED,EXCLUDED,D,metadata_only,,,country_monthly_risk | country_policy_year | country_event | case_evidence,,仅保留元数据；正式分析改用许可允许的权威替代源。,0
WEB-0172,20260816_research_archive_v1,NOT_APPLICABLE,NOT_ACQUIRED,FAILED,EXCLUDED,D,metadata_only,,,case_evidence | historical_crisis_event | global_cycle_month,,仅保留元数据；正式分析改用许可允许的权威替代源。,0
WEB-0173,20260816_research_archive_v1,NOT_APPLICABLE,NOT_ACQUIRED,FAILED,EXCLUDED,D,metadata_only,,,country_policy_year | asset_monthly_return,,仅保留元数据；正式分析改用许可允许的权威替代源。,0
WEB-0174,20260816_research_archive_v1,NOT_APPLICABLE,NOT_ACQUIRED,FAILED,EXCLUDED,D,metadata_only,,,country_monthly_risk | asset_monthly_return | case_evidence | historical_crisis_event | global_cycle_month,,仅保留元数据；正式分析改用许可允许的权威替代源。,0
WEB-0175,20260816_research_archive_v1,NOT_APPLICABLE,NOT_ACQUIRED,FAILED,EXCLUDED,C,metadata_only,,,country_monthly_risk | country_policy_year | country_event | case_evidence,,仅保留元数据；正式分析改用许可允许的权威替代源。,0
WEB-0176,20260816_research_archive_v1,NOT_APPLICABLE,NOT_ACQUIRED,FAILED,EXCLUDED,C,metadata_only,,,country_monthly_risk | country_policy_year | country_event | asset_monthly_return | case_evidence,,仅保留元数据；正式分析改用许可允许的权威替代源。,0
WEB-0177,20260816_research_archive_v1,NOT_APPLICABLE,NOT_ACQUIRED,FAILED,EXCLUDED,C,metadata_only,,,company_overseas_exposure | country_monthly_risk | country_event | asset_monthly_return | portfolio_scenario | case_evidence,,仅保留元数据；正式分析改用许可允许的权威替代源。,0
WEB-0178,20260816_research_archive_v1,NOT_APPLICABLE,NOT_ACQUIRED,FAILED,EXCLUDED,C,metadata_only,,,company_overseas_exposure | country_monthly_risk | country_policy_year | country_event | asset_monthly_return | case_evidence,,仅保留元数据；正式分析改用许可允许的权威替代源。,0
WEB-0179,20260816_research_archive_v1,NOT_APPLICABLE,NOT_ACQUIRED,FAILED,EXCLUDED,C,metadata_only,,,country_monthly_risk | country_event | asset_monthly_return | portfolio_scenario | case_evidence,,仅保留元数据；正式分析改用许可允许的权威替代源。,0
WEB-0180,20260816_research_archive_v1,NOT_APPLICABLE,NOT_ACQUIRED,FAILED,EXCLUDED,C,metadata_only,,,country_monthly_risk | country_event | asset_monthly_return | portfolio_scenario | case_evidence,,仅保留元数据；正式分析改用许可允许的权威替代源。,0
WEB-0181,20260816_research_archive_v1,NOT_APPLICABLE,NOT_ACQUIRED,FAILED,EXCLUDED,A,metadata_only,,,country_monthly_risk | country_event | case_evidence | historical_crisis_event | global_cycle_month,,仅保留元数据；正式分析改用许可允许的权威替代源。,0
WEB-0182,20260816_research_archive_v1,NOT_APPLICABLE,NOT_ACQUIRED,FAILED,EXCLUDED,D,metadata_only,,,country_monthly_risk | country_policy_year,,仅保留元数据；正式分析改用许可允许的权威替代源。,0
WEB-0183,20260816_research_archive_v1,NOT_APPLICABLE,NOT_ACQUIRED,FAILED,EXCLUDED,D,metadata_only,,,source_registry | asset_monthly_return | portfolio_scenario,,仅保留元数据；正式分析改用许可允许的权威替代源。,0
WEB-0184,20260816_research_archive_v1,NOT_APPLICABLE,NOT_ACQUIRED,FAILED,EXCLUDED,D,metadata_only,,,country_policy_year | asset_monthly_return,,仅保留元数据；正式分析改用许可允许的权威替代源。,0
WEB-0185,20260816_research_archive_v1,NOT_APPLICABLE,NOT_ACQUIRED,FAILED,EXCLUDED,D,metadata_only,,,company_overseas_exposure | country_event | portfolio_scenario | case_evidence,,仅保留元数据；正式分析改用许可允许的权威替代源。,0
WEB-0186,20260816_research_archive_v1,ACQUIRED,DOCUMENT_LOCAL,NOT_REQUIRED,EXCLUDED,D,private_only,08_企业案例与公开披露/外部原件/WEB-0186_Berkshire_2011_股东信/original.pdf,,company_overseas_exposure | country_event | asset_monthly_return | portfolio_scenario,,补充权威替代来源；无法取得时删除相应字段和结论承诺。,0
WEB-0187,20260816_research_archive_v1,ACQUIRED,NARRATIVE_CONTENT,EXTRACTED,SUPPLEMENT,B,shared,"06_黄金美元与储备配置/外部原件/WEB-0187_change_Reserve_Returns,_BIS_Working_Papers_No._906,_2020,/original.html",02_提取正文/WEB-0187/content.json,asset_monthly_return | portfolio_scenario,,按项目用途复核；不足以单独支持核心结论。,1
WEB-0188,20260816_research_archive_v1,ACQUIRED,DOCUMENT_LOCAL,NOT_REQUIRED,SUPPLEMENT,B,shared,08_企业案例与公开披露/外部原件/WEB-0188_7._BIS（国际清算银行）1998_年年报第六章——危机对商品与金价的压制作用：/original.pdf,,company_overseas_exposure | country_event | portfolio_scenario | case_evidence | historical_crisis_event,,按项目用途复核；不足以单独支持核心结论。,1
WEB-0189,20260816_research_archive_v1,ACQUIRED,DOCUMENT_LOCAL,NOT_REQUIRED,SUPPLEMENT,B,shared,04_国别货币与中国出海/外部原件/WEB-0189_PDF_link_annotation_/original.pdf,,country_monthly_risk | country_policy_year,,按项目用途复核；不足以单独支持核心结论。,1
WEB-0190,20260816_research_archive_v1,ACQUIRED,DOCUMENT_LOCAL,NOT_REQUIRED,SUPPLEMENT,B,shared,"06_黄金美元与储备配置/外部原件/WEB-0190_work,_BIS_Papers_No._38,_2008,/original.pdf",,asset_monthly_return | portfolio_scenario,,按项目用途复核；不足以单独支持核心结论。,1
WEB-0191,20260816_research_archive_v1,ACQUIRED,NARRATIVE_CONTENT,EXTRACTED,SUPPLEMENT,B,shared,06_黄金美元与储备配置/外部原件/WEB-0191_PDF_link_annotation_/original.html,02_提取正文/WEB-0191/content.json,asset_monthly_return | portfolio_scenario,,按项目用途复核；不足以单独支持核心结论。,1
WEB-0192,20260816_research_archive_v1,ACQUIRED,DOCUMENT_LOCAL,NOT_REQUIRED,SUPPLEMENT,B,shared,"04_国别货币与中国出海/外部原件/WEB-0192_umentation,/original.pdf",,source_registry | country_monthly_risk | country_policy_year,,按项目用途复核；不足以单独支持核心结论。,1
WEB-0193,20260816_research_archive_v1,NOT_APPLICABLE,NOT_ACQUIRED,FAILED,EXCLUDED,D,metadata_only,,,asset_monthly_return | portfolio_scenario,,仅保留元数据；正式分析改用许可允许的权威替代源。,0
WEB-0194,20260816_research_archive_v1,ACQUIRED,NARRATIVE_CONTENT,EXTRACTED,CORE,A,shared,05_全球周期与历史危机/外部原件/WEB-0194_1._美国_CPI_数据（2022-06_峰值_9.1%）：美国劳工统计局：_/original.html,02_提取正文/WEB-0194/content.json,country_monthly_risk | asset_monthly_return | case_evidence | historical_crisis_event | global_cycle_month,,人工复核关键字段与source_locator；通过后映射至正式source_registry。,1
WEB-0195,20260816_research_archive_v1,ACQUIRED,MIXED_CONTENT,EXTRACTED,CORE,A,shared,06_黄金美元与储备配置/外部原件/WEB-0195_XLSX_entry_xl_worksheets_sheet2.xml/original.html,02_提取正文/WEB-0195/content.json,asset_monthly_return | portfolio_scenario,,人工复核关键字段与source_locator；通过后映射至正式source_registry。,1
WEB-0196,20260816_research_archive_v1,NOT_APPLICABLE,NOT_ACQUIRED,FAILED,EXCLUDED,D,metadata_only,,,case_evidence | historical_crisis_event | global_cycle_month,,仅保留元数据；正式分析改用许可允许的权威替代源。,0
WEB-0197,20260816_research_archive_v1,ACQUIRED,NARRATIVE_CONTENT,EXTRACTED,SUPPLEMENT,B,shared,"05_全球周期与历史危机/外部原件/WEB-0197_Accord,_bubble_formation_and_subsequent_adjustment,/original.html",02_提取正文/WEB-0197/content.json | 01_新增原件/WEB-0197/WEB-0197-R01_whatsnew.xml | 01_新增原件/WEB-0197/WEB-0197-R02_mei260810.xlsx | 01_新增原件/WEB-0197/WEB-0197-R03_call.xlsx | 01_新增原件/WEB-0197/WEB-0197-R01_whatsnew.xml | 03_提取表格/WEB-0197/WEB-0197-R02/mei.csv | 03_提取表格/WEB-0197/WEB-0197-R03/業態別・By_Sector_(1)_(2).csv | 03_提取表格/WEB-0197/WEB-0197-R03/業態別・By_Sector_(3)_(4).csv | 03_提取表格/WEB-0197/WEB-0197-R03/期間別・By_Period.csv,source_registry | historical_crisis_event | global_cycle_month,,按项目用途复核；不足以单独支持核心结论。,1
WEB-0198,20260816_research_archive_v1,ACQUIRED,NARRATIVE_CONTENT,EXTRACTED,SUPPLEMENT,B,shared,05_全球周期与历史危机/外部原件/WEB-0198_PDF_link_annotation_/original.html,02_提取正文/WEB-0198/content.json,source_registry | historical_crisis_event | global_cycle_month,,按项目用途复核；不足以单独支持核心结论。,1
WEB-0199,20260816_research_archive_v1,ACQUIRED,NARRATIVE_CONTENT,EXTRACTED,SUPPLEMENT,B,shared,05_全球周期与历史危机/外部原件/WEB-0199_PDF_link_annotation_/original.html,02_提取正文/WEB-0199/content.json,source_registry | historical_crisis_event | global_cycle_month,,按项目用途复核；不足以单独支持核心结论。,1
WEB-0200,20260816_research_archive_v1,ACQUIRED,MIXED_CONTENT,EXTRACTED,SUPPLEMENT,B,shared,05_全球周期与历史危机/外部原件/WEB-0200_5._日银资金循环统计（家庭金融资产）：日本银行，_/original.html,02_提取正文/WEB-0200/content.json | 01_新增原件/WEB-0200/WEB-0200-R01_sjds.xlsx | 01_新增原件/WEB-0200/WEB-0200-R02_sjfs.xlsx | 01_新增原件/WEB-0200/WEB-0200-R03_sjfy.xlsx | 03_提取表格/WEB-0200/WEB-0200-R01/SDDS.csv | 03_提取表格/WEB-0200/WEB-0200-R02/OFCS.csv | 03_提取表格/WEB-0200/WEB-0200-R03/1.csv | 03_提取表格/WEB-0200/WEB-0200-R03/2.csv | 03_提取表格/WEB-0200/WEB-0200-R03/3.csv | 03_提取表格/WEB-0200/WEB-0200-R03/4.csv | 03_提取表格/WEB-0200/WEB-0200-R03/5.csv | 03_提取表格/WEB-0200/WEB-0200-R03/6.csv | 03_提取表格/WEB-0200/WEB-0200-R03/7.csv | 03_提取表格/WEB-0200/WEB-0200-R03/8.csv | 03_提取表格/WEB-0200/WEB-0200-R03/9.csv | 03_提取表格/WEB-0200/WEB-0200-R03/10.csv | 03_提取表格/WEB-0200/WEB-0200-R03/19.csv | 03_提取表格/WEB-0200/WEB-0200-R03/20.csv | 03_提取表格/WEB-0200/WEB-0200-R03/21.csv | 03_提取表格/WEB-0200/WEB-0200-R03/22.csv | 03_提取表格/WEB-0200/WEB-0200-R03/23.csv | 03_提取表格/WEB-0200/WEB-0200-R03/24.csv | 03_提取表格/WEB-0200/WEB-0200-R03/25.csv | 03_提取表格/WEB-0200/WEB-0200-R03/26.csv | 03_提取表格/WEB-0200/WEB-0200-R03/27.csv | 03_提取表格/WEB-0200/WEB-0200-R03/28.csv | 03_提取表格/WEB-0200/WEB-0200-R03/45.csv | 03_提取表格/WEB-0200/WEB-0200-R03/46.csv | 03_提取表格/WEB-0200/WEB-0200-R03/47.csv | 03_提取表格/WEB-0200/WEB-0200-R03/48.csv | 03_提取表格/WEB-0200/WEB-0200-R03/49.csv | 03_提取表格/WEB-0200/WEB-0200-R03/50.csv | 03_提取表格/WEB-0200/WEB-0200-R03/51.csv | 03_提取表格/WEB-0200/WEB-0200-R03/52.csv | 03_提取表格/WEB-0200/WEB-0200-R03/53.csv | 03_提取表格/WEB-0200/WEB-0200-R03/54.csv,case_evidence | historical_crisis_event | global_cycle_month,,按项目用途复核；不足以单独支持核心结论。,1
WEB-0201,20260816_research_archive_v1,NOT_APPLICABLE,NOT_ACQUIRED,FAILED,EXCLUDED,D,metadata_only,,,country_monthly_risk | country_policy_year | country_event | case_evidence,,仅保留元数据；正式分析改用许可允许的权威替代源。,0
WEB-0202,20260816_research_archive_v1,NOT_APPLICABLE,NOT_ACQUIRED,FAILED,EXCLUDED,D,metadata_only,,,case_evidence | historical_crisis_event | global_cycle_month,,仅保留元数据；正式分析改用许可允许的权威替代源。,0
WEB-0203,20260816_research_archive_v1,NOT_APPLICABLE,NOT_ACQUIRED,FAILED,EXCLUDED,D,metadata_only,,,case_evidence | historical_crisis_event | global_cycle_month,,仅保留元数据；正式分析改用许可允许的权威替代源。,0
WEB-0204,20260816_research_archive_v1,NOT_APPLICABLE,NOT_ACQUIRED,FAILED,EXCLUDED,D,metadata_only,,,asset_monthly_return | case_evidence | historical_crisis_event | global_cycle_month,,仅保留元数据；正式分析改用许可允许的权威替代源。,0
WEB-0205,20260816_research_archive_v1,NOT_APPLICABLE,NOT_ACQUIRED,FAILED,EXCLUDED,D,metadata_only,,,case_evidence | historical_crisis_event | global_cycle_month,,仅保留元数据；正式分析改用许可允许的权威替代源。,0
WEB-0206,20260816_research_archive_v1,NOT_APPLICABLE,NOT_ACQUIRED,FAILED,EXCLUDED,D,metadata_only,,,case_evidence | historical_crisis_event | global_cycle_month,,仅保留元数据；正式分析改用许可允许的权威替代源。,0
WEB-0207,20260816_research_archive_v1,ACQUIRED,DOCUMENT_LOCAL,NOT_REQUIRED,EXCLUDED,D,private_only,08_企业案例与公开披露/外部原件/WEB-0207_CAFI_报告_PDF/original.pdf,,company_overseas_exposure | country_event | asset_monthly_return | portfolio_scenario,,补充权威替代来源；无法取得时删除相应字段和结论承诺。,0
WEB-0208,20260816_research_archive_v1,NOT_APPLICABLE,NOT_ACQUIRED,FAILED,EXCLUDED,A,metadata_only,,,country_monthly_risk | country_policy_year | country_event | case_evidence,,仅保留元数据；正式分析改用许可允许的权威替代源。,0
WEB-0209,20260816_research_archive_v1,NOT_APPLICABLE,NOT_ACQUIRED,FAILED,EXCLUDED,D,private_only,,,country_monthly_risk | country_policy_year | country_event | case_evidence,,由资料负责人合法登录、采购或申请授权；不得自动绕过。,0
WEB-0210,20260816_research_archive_v1,NOT_APPLICABLE,NOT_ACQUIRED,FAILED,EXCLUDED,D,metadata_only,,,country_monthly_risk | country_policy_year | country_event | case_evidence,,仅保留元数据；正式分析改用许可允许的权威替代源。,0
WEB-0211,20260816_research_archive_v1,NOT_APPLICABLE,NOT_ACQUIRED,FAILED,EXCLUDED,A,metadata_only,,,company_overseas_exposure | country_monthly_risk | country_event | portfolio_scenario | case_evidence,,仅保留元数据；正式分析改用许可允许的权威替代源。,0
WEB-0212,20260816_research_archive_v1,NOT_APPLICABLE,NOT_ACQUIRED,FAILED,EXCLUDED,D,metadata_only,,,asset_monthly_return | portfolio_scenario,,仅保留元数据；正式分析改用许可允许的权威替代源。,0
WEB-0213,20260816_research_archive_v1,NOT_APPLICABLE,NOT_ACQUIRED,FAILED,EXCLUDED,D,metadata_only,,,country_policy_year | asset_monthly_return | case_evidence,,仅保留元数据；正式分析改用许可允许的权威替代源。,0
WEB-0214,20260816_research_archive_v1,NOT_APPLICABLE,NOT_ACQUIRED,FAILED,EXCLUDED,A,metadata_only,,,asset_monthly_return | portfolio_scenario,,仅保留元数据；正式分析改用许可允许的权威替代源。,0
WEB-0215,20260816_research_archive_v1,NOT_APPLICABLE,NOT_ACQUIRED,FAILED,EXCLUDED,D,metadata_only,,,company_overseas_exposure | country_event | asset_monthly_return | portfolio_scenario | case_evidence,,仅保留元数据；正式分析改用许可允许的权威替代源。,0
WEB-0216,20260816_research_archive_v1,ACQUIRED,NARRATIVE_CONTENT,EXTRACTED,SUPPLEMENT,B,shared,04_国别货币与中国出海/外部原件/WEB-0216_PDF_link_annotation_/original.html,02_提取正文/WEB-0216/content.json,source_registry | country_monthly_risk | country_policy_year,,按项目用途复核；不足以单独支持核心结论。,1
WEB-0217,20260816_research_archive_v1,NOT_APPLICABLE,NOT_ACQUIRED,FAILED,EXCLUDED,D,metadata_only,,,company_overseas_exposure | country_policy_year | asset_monthly_return,,仅保留元数据；正式分析改用许可允许的权威替代源。,0
WEB-0218,20260816_research_archive_v1,NOT_APPLICABLE,NOT_ACQUIRED,FAILED,EXCLUDED,D,metadata_only,,,company_overseas_exposure | country_policy_year | asset_monthly_return | case_evidence,,仅保留元数据；正式分析改用许可允许的权威替代源。,0
WEB-0219,20260816_research_archive_v1,ACQUIRED,DOCUMENT_LOCAL,NOT_REQUIRED,EXCLUDED,D,private_only,08_企业案例与公开披露/外部原件/WEB-0219_CICPA_刊载研究，2017/original.pdf,,company_overseas_exposure | country_event | asset_monthly_return | portfolio_scenario,,补充权威替代来源；无法取得时删除相应字段和结论承诺。,0
WEB-0220,20260816_research_archive_v1,NOT_APPLICABLE,NOT_ACQUIRED,FAILED,EXCLUDED,C,metadata_only,,,company_overseas_exposure | country_event | portfolio_scenario | case_evidence,,仅保留元数据；正式分析改用许可允许的权威替代源。,0
WEB-0221,20260816_research_archive_v1,NOT_APPLICABLE,NOT_ACQUIRED,FAILED,EXCLUDED,C,metadata_only,,,company_overseas_exposure | country_event | asset_monthly_return | portfolio_scenario,,仅保留元数据；正式分析改用许可允许的权威替代源。,0
WEB-0222,20260816_research_archive_v1,NOT_APPLICABLE,NOT_ACQUIRED,FAILED,EXCLUDED,C,metadata_only,,,company_overseas_exposure | country_event | asset_monthly_return | portfolio_scenario,,仅保留元数据；正式分析改用许可允许的权威替代源。,0
WEB-0223,20260816_research_archive_v1,NOT_APPLICABLE,NOT_ACQUIRED,FAILED,EXCLUDED,C,metadata_only,,,asset_monthly_return | case_evidence | historical_crisis_event | global_cycle_month,,仅保留元数据；正式分析改用许可允许的权威替代源。,0
WEB-0224,20260816_research_archive_v1,NOT_APPLICABLE,NOT_ACQUIRED,FAILED,EXCLUDED,D,metadata_only,,,case_evidence | historical_crisis_event | global_cycle_month,,仅保留元数据；正式分析改用许可允许的权威替代源。,0
WEB-0225,20260816_research_archive_v1,NOT_APPLICABLE,NOT_ACQUIRED,FAILED,EXCLUDED,D,metadata_only,,,asset_monthly_return | portfolio_scenario,,仅保留元数据；正式分析改用许可允许的权威替代源。,0
WEB-0226,20260816_research_archive_v1,NOT_APPLICABLE,NOT_ACQUIRED,FAILED,EXCLUDED,D,metadata_only,,,country_monthly_risk | case_evidence | historical_crisis_event | global_cycle_month,,仅保留元数据；正式分析改用许可允许的权威替代源。,0
WEB-0227,20260816_research_archive_v1,NOT_APPLICABLE,NOT_ACQUIRED,FAILED,EXCLUDED,D,metadata_only,,,country_monthly_risk | country_event | asset_monthly_return | portfolio_scenario | case_evidence,,仅保留元数据；正式分析改用许可允许的权威替代源。,0
WEB-0228,20260816_research_archive_v1,NOT_APPLICABLE,NOT_ACQUIRED,FAILED,EXCLUDED,D,metadata_only,,,asset_monthly_return | portfolio_scenario,,仅保留元数据；正式分析改用许可允许的权威替代源。,0
WEB-0229,20260816_research_archive_v1,NOT_APPLICABLE,NOT_ACQUIRED,FAILED,EXCLUDED,A,metadata_only,,,country_policy_year | asset_monthly_return | case_evidence,,仅保留元数据；正式分析改用许可允许的权威替代源。,0
WEB-0230,20260816_research_archive_v1,NOT_APPLICABLE,NOT_ACQUIRED,FAILED,EXCLUDED,D,metadata_only,,,company_overseas_exposure | country_event | asset_monthly_return | portfolio_scenario,,仅保留元数据；正式分析改用许可允许的权威替代源。,0
WEB-0231,20260816_research_archive_v1,NOT_APPLICABLE,NOT_ACQUIRED,FAILED,EXCLUDED,D,metadata_only,,,country_policy_year | asset_monthly_return,,仅保留元数据；正式分析改用许可允许的权威替代源。,0
WEB-0232,20260816_research_archive_v1,NOT_APPLICABLE,NOT_ACQUIRED,FAILED,EXCLUDED,D,metadata_only,,,asset_monthly_return | case_evidence | historical_crisis_event | global_cycle_month,,仅保留元数据；正式分析改用许可允许的权威替代源。,0
WEB-0233,20260816_research_archive_v1,NOT_APPLICABLE,NOT_ACQUIRED,FAILED,EXCLUDED,D,metadata_only,,,case_evidence | historical_crisis_event | global_cycle_month,,仅保留元数据；正式分析改用许可允许的权威替代源。,0
WEB-0234,20260816_research_archive_v1,NOT_APPLICABLE,NOT_ACQUIRED,FAILED,EXCLUDED,D,metadata_only,,,country_policy_year | asset_monthly_return | case_evidence,,仅保留元数据；正式分析改用许可允许的权威替代源。,0
WEB-0235,20260816_research_archive_v1,ACQUIRED,MIXED_CONTENT,EXTRACTED,CORE,A,shared,05_全球周期与历史危机/外部原件/WEB-0235_5._国务院发展研究中心，张瑾《亚洲金融危机回顾与思考》，2022——各国股市跌幅与韩元半年贬值_48%：/original.html,02_提取正文/WEB-0235/content.json,case_evidence | historical_crisis_event | global_cycle_month,,人工复核关键字段与source_locator；通过后映射至正式source_registry。,1
WEB-0236,20260816_research_archive_v1,ACQUIRED,LOCAL_ASSET,NOT_REQUIRED,REPLACED,D,shared,10_数据集原件与说明/本地原件/最终数据/最终数据/research/media_sentiment_gold_paper/metadata/europepmc_fulltext.xml,,asset_monthly_return | portfolio_scenario,LCL-0154,使用替代来源：LCL-0154,0
WEB-0237,20260816_research_archive_v1,ACQUIRED,MIXED_CONTENT,EXTRACTED,SUPPLEMENT,B,shared,05_全球周期与历史危机/外部原件/WEB-0237_7._《华盛顿协议》（1999-09）：欧洲央行（ECB）声明：_/original.html,02_提取正文/WEB-0237/content.json,asset_monthly_return | case_evidence | historical_crisis_event | global_cycle_month,,按项目用途复核；不足以单独支持核心结论。,1
WEB-0238,20260816_research_archive_v1,ACQUIRED,NARRATIVE_CONTENT,EXTRACTED,SUPPLEMENT,B,shared,05_全球周期与历史危机/外部原件/WEB-0238_1._ECB《The_Financial_Crisis_in_the_Global_Economy》与希腊救助文件：_/original.html,02_提取正文/WEB-0238/content.json,case_evidence | historical_crisis_event | global_cycle_month,,按项目用途复核；不足以单独支持核心结论。,1
WEB-0239,20260816_research_archive_v1,ACQUIRED,DOCUMENT_LOCAL,NOT_REQUIRED,EXCLUDED,D,private_only,"05_全球周期与历史危机/外部原件/WEB-0239_5._Burdekin,_R.C.K.（2005，EconStor_学术档案）：《US_pressure_on_China's_currency/original.pdf",,case_evidence | historical_crisis_event | global_cycle_month,,补充权威替代来源；无法取得时删除相应字段和结论承诺。,0
WEB-0240,20260816_research_archive_v1,NOT_APPLICABLE,NOT_ACQUIRED,FAILED,EXCLUDED,A,metadata_only,,,country_policy_year | asset_monthly_return | case_evidence,,仅保留元数据；正式分析改用许可允许的权威替代源。,0
WEB-0241,20260816_research_archive_v1,NOT_APPLICABLE,NOT_ACQUIRED,FAILED,EXCLUDED,A,metadata_only,,,country_monthly_risk | country_policy_year | country_event | case_evidence,,仅保留元数据；正式分析改用许可允许的权威替代源。,0
WEB-0242,20260816_research_archive_v1,NOT_APPLICABLE,NOT_ACQUIRED,FAILED,EXCLUDED,B,metadata_only,,,source_registry | company_overseas_exposure | country_event | asset_monthly_return | portfolio_scenario,,按人工任务卡接受条款或完成机构授权后重新验收。,0
WEB-0243,20260816_research_archive_v1,NOT_APPLICABLE,NOT_ACQUIRED,FAILED,EXCLUDED,B,metadata_only,,,company_overseas_exposure | country_event | asset_monthly_return | portfolio_scenario,,按人工任务卡接受条款或完成机构授权后重新验收。,0
WEB-0244,20260816_research_archive_v1,NOT_APPLICABLE,NOT_ACQUIRED,FAILED,EXCLUDED,B,metadata_only,,,country_monthly_risk | country_event | asset_monthly_return | portfolio_scenario | case_evidence,,按人工任务卡接受条款或完成机构授权后重新验收。,0
WEB-0245,20260816_research_archive_v1,NOT_APPLICABLE,NOT_ACQUIRED,FAILED,EXCLUDED,B,metadata_only,,,asset_monthly_return | portfolio_scenario,,按人工任务卡接受条款或完成机构授权后重新验收。,0
WEB-0246,20260816_research_archive_v1,NOT_APPLICABLE,NOT_ACQUIRED,FAILED,EXCLUDED,B,metadata_only,,,asset_monthly_return | portfolio_scenario,,按人工任务卡接受条款或完成机构授权后重新验收。,0
WEB-0247,20260816_research_archive_v1,NOT_APPLICABLE,NOT_ACQUIRED,FAILED,EXCLUDED,D,metadata_only,,,case_evidence | historical_crisis_event | global_cycle_month,,仅保留元数据；正式分析改用许可允许的权威替代源。,0
WEB-0248,20260816_research_archive_v1,NOT_APPLICABLE,NOT_ACQUIRED,FAILED,EXCLUDED,D,metadata_only,,,company_overseas_exposure | country_event | asset_monthly_return | portfolio_scenario,,仅保留元数据；正式分析改用许可允许的权威替代源。,0
WEB-0249,20260816_research_archive_v1,ACQUIRED,DOCUMENT_LOCAL,NOT_REQUIRED,EXCLUDED,D,private_only,08_企业案例与公开披露/外部原件/WEB-0249_CRS，2018/original.pdf,,company_overseas_exposure | country_event | asset_monthly_return | portfolio_scenario,,补充权威替代来源；无法取得时删除相应字段和结论承诺。,0
WEB-0250,20260816_research_archive_v1,NOT_APPLICABLE,NOT_ACQUIRED,FAILED,EXCLUDED,D,metadata_only,,,company_overseas_exposure | country_event | asset_monthly_return | portfolio_scenario,,仅保留元数据；正式分析改用许可允许的权威替代源。,0
WEB-0251,20260816_research_archive_v1,NOT_APPLICABLE,NOT_ACQUIRED,FAILED,EXCLUDED,D,metadata_only,,,company_overseas_exposure | country_event | asset_monthly_return | portfolio_scenario,,仅保留元数据；正式分析改用许可允许的权威替代源。,0
WEB-0252,20260816_research_archive_v1,NOT_APPLICABLE,NOT_ACQUIRED,FAILED,EXCLUDED,A,metadata_only,,,asset_monthly_return | portfolio_scenario,,仅保留元数据；正式分析改用许可允许的权威替代源。,0
WEB-0253,20260816_research_archive_v1,ACQUIRED,MIXED_CONTENT,EXTRACTED,CORE,A,shared,06_黄金美元与储备配置/外部原件/WEB-0253_XLSX_entry_xl_worksheets_sheet4.xml/original.html,02_提取正文/WEB-0253/content.json | 01_新增原件/WEB-0253/WEB-0253-R01_feds_notes.xml | 01_新增原件/WEB-0253/WEB-0253-R01_feds_notes.xml,asset_monthly_return | portfolio_scenario,,人工复核关键字段与source_locator；通过后映射至正式source_registry。,1
WEB-0254,20260816_research_archive_v1,ACQUIRED,NARRATIVE_CONTENT,EXTRACTED,CORE,A,shared,05_全球周期与历史危机/外部原件/WEB-0254_2._美联储加息记录：美联储官网（FOMC_声明与经济预测）：_/original.html,02_提取正文/WEB-0254/content.json,case_evidence | historical_crisis_event | global_cycle_month,,人工复核关键字段与source_locator；通过后映射至正式source_registry。,1
WEB-0255,20260816_research_archive_v1,NOT_ACQUIRED,NOT_ACQUIRED,FAILED,CORE,A,shared,,,case_evidence | historical_crisis_event | global_cycle_month,WEB-0256,补充权威替代来源；无法取得时删除相应字段和结论承诺。,1
WEB-0256,20260816_research_archive_v1,ACQUIRED,NARRATIVE_CONTENT,EXTRACTED,CORE,A,shared,04_国别货币与中国出海/外部原件/WEB-0256_2020年FOMC官方新闻稿索引（替代失效汇总链接）/original.html,02_提取正文/WEB-0256/content.json,country_monthly_risk | country_policy_year,,人工复核关键字段与source_locator；通过后映射至正式source_registry。,1
WEB-0257,20260816_research_archive_v1,ACQUIRED,NARRATIVE_CONTENT,EXTRACTED,CORE,A,shared,06_黄金美元与储备配置/外部原件/WEB-0257_XLSX_entry_xl_worksheets_sheet4.xml/original.html,02_提取正文/WEB-0257/content.json,asset_monthly_return | portfolio_scenario,,人工复核关键字段与source_locator；通过后映射至正式source_registry。,1
WEB-0258,20260816_research_archive_v1,ACQUIRED,NARRATIVE_CONTENT,EXTRACTED,CORE,A,shared,06_黄金美元与储备配置/外部原件/WEB-0258_XLSX_entry_xl_worksheets_sheet4.xml/original.html,02_提取正文/WEB-0258/content.json,asset_monthly_return | portfolio_scenario,,人工复核关键字段与source_locator；通过后映射至正式source_registry。,1
WEB-0259,20260816_research_archive_v1,ACQUIRED,NARRATIVE_CONTENT,EXTRACTED,CORE,A,shared,06_黄金美元与储备配置/外部原件/WEB-0259_XLSX_entry_xl_worksheets_sheet4.xml/original.html,02_提取正文/WEB-0259/content.json,asset_monthly_return | portfolio_scenario,,人工复核关键字段与source_locator；通过后映射至正式source_registry。,1
WEB-0260,20260816_research_archive_v1,ACQUIRED,NARRATIVE_CONTENT,EXTRACTED,CORE,A,shared,06_黄金美元与储备配置/外部原件/WEB-0260_XLSX_entry_xl_worksheets_sheet4.xml/original.html,02_提取正文/WEB-0260/content.json,asset_monthly_return | portfolio_scenario,,人工复核关键字段与source_locator；通过后映射至正式source_registry。,1
WEB-0261,20260816_research_archive_v1,ACQUIRED,NARRATIVE_CONTENT,EXTRACTED,CORE,A,shared,06_黄金美元与储备配置/外部原件/WEB-0261_XLSX_entry_xl_worksheets_sheet4.xml/original.html,02_提取正文/WEB-0261/content.json,asset_monthly_return | portfolio_scenario,,人工复核关键字段与source_locator；通过后映射至正式source_registry。,1
WEB-0262,20260816_research_archive_v1,ACQUIRED,NARRATIVE_CONTENT,EXTRACTED,CORE,A,shared,06_黄金美元与储备配置/外部原件/WEB-0262_XLSX_entry_xl_worksheets_sheet4.xml/original.html,02_提取正文/WEB-0262/content.json,asset_monthly_return | portfolio_scenario,,人工复核关键字段与source_locator；通过后映射至正式source_registry。,1
WEB-0263,20260816_research_archive_v1,ACQUIRED,NARRATIVE_CONTENT,EXTRACTED,CORE,A,shared,06_黄金美元与储备配置/外部原件/WEB-0263_XLSX_entry_xl_worksheets_sheet4.xml/original.html,02_提取正文/WEB-0263/content.json,asset_monthly_return | portfolio_scenario,,人工复核关键字段与source_locator；通过后映射至正式source_registry。,1
WEB-0264,20260816_research_archive_v1,ACQUIRED,MIXED_CONTENT,EXTRACTED,CORE,A,shared,06_黄金美元与储备配置/外部原件/WEB-0264_XLSX_entry_xl_worksheets_sheet2.xml/original.html,02_提取正文/WEB-0264/content.json | 01_新增原件/WEB-0264/WEB-0264-R01_FRB_g17_xml.zip | 01_新增原件/WEB-0264/WEB-0264-R02_g17.txt | 01_新增原件/WEB-0264/WEB-0264-R03_g17.txt | 01_新增原件/WEB-0264/expanded/WEB-0264-R01 | 01_新增原件/WEB-0264/expanded/WEB-0264-R01/G17_data.xml | 01_新增原件/WEB-0264/expanded/WEB-0264-R01/G17_struct.xml | 01_新增原件/WEB-0264/WEB-0264-R02_g17.txt | 01_新增原件/WEB-0264/WEB-0264-R03_g17.txt,asset_monthly_return | portfolio_scenario,,人工复核关键字段与source_locator；通过后映射至正式source_registry。,1
WEB-0265,20260816_research_archive_v1,ACQUIRED,MIXED_CONTENT,EXTRACTED,CORE,A,shared,06_黄金美元与储备配置/外部原件/WEB-0265_-_来源：/original.html,02_提取正文/WEB-0265/content.json,asset_monthly_return | portfolio_scenario,,人工复核关键字段与source_locator；通过后映射至正式source_registry。,1
WEB-0266,20260816_research_archive_v1,ACQUIRED,MIXED_CONTENT,EXTRACTED,CORE,A,shared,06_黄金美元与储备配置/外部原件/WEB-0266_XLSX_entry_xl_worksheets_sheet2.xml/original.html,02_提取正文/WEB-0266/content.json | 01_新增原件/WEB-0266/WEB-0266-R01_FRB_h10_xml.zip | 01_新增原件/WEB-0266/expanded/WEB-0266-R01 | 01_新增原件/WEB-0266/expanded/WEB-0266-R01/H10_data.xml | 01_新增原件/WEB-0266/expanded/WEB-0266-R01/H10_struct.xml,asset_monthly_return | portfolio_scenario,,人工复核关键字段与source_locator；通过后映射至正式source_registry。,1
WEB-0267,20260816_research_archive_v1,NOT_APPLICABLE,NOT_ACQUIRED,FAILED,EXCLUDED,B,metadata_only,,,case_evidence | historical_crisis_event | global_cycle_month,,仅保留元数据；正式分析改用许可允许的权威替代源。,0
WEB-0268,20260816_research_archive_v1,NOT_APPLICABLE,NOT_ACQUIRED,FAILED,EXCLUDED,B,metadata_only,,,asset_monthly_return | case_evidence | historical_crisis_event | global_cycle_month,,仅保留元数据；正式分析改用许可允许的权威替代源。,0
WEB-0269,20260816_research_archive_v1,NOT_APPLICABLE,NOT_ACQUIRED,FAILED,EXCLUDED,D,metadata_only,,,company_overseas_exposure | country_event | asset_monthly_return | portfolio_scenario,,仅保留元数据；正式分析改用许可允许的权威替代源。,0
WEB-0270,20260816_research_archive_v1,NOT_APPLICABLE,NOT_ACQUIRED,FAILED,EXCLUDED,D,metadata_only,,,company_overseas_exposure | country_event | asset_monthly_return | portfolio_scenario,,仅保留元数据；正式分析改用许可允许的权威替代源。,0
WEB-0271,20260816_research_archive_v1,NOT_APPLICABLE,NOT_ACQUIRED,FAILED,EXCLUDED,D,metadata_only,,,company_overseas_exposure | country_event | asset_monthly_return | portfolio_scenario,,仅保留元数据；正式分析改用许可允许的权威替代源。,0
WEB-0272,20260816_research_archive_v1,NOT_APPLICABLE,NOT_ACQUIRED,FAILED,EXCLUDED,D,metadata_only,,,company_overseas_exposure | country_event | asset_monthly_return | portfolio_scenario,,仅保留元数据；正式分析改用许可允许的权威替代源。,0
WEB-0273,20260816_research_archive_v1,NOT_APPLICABLE,NOT_ACQUIRED,FAILED,EXCLUDED,D,metadata_only,,,case_evidence | historical_crisis_event | global_cycle_month,,仅保留元数据；正式分析改用许可允许的权威替代源。,0
WEB-0274,20260816_research_archive_v1,NOT_APPLICABLE,NOT_ACQUIRED,FAILED,EXCLUDED,D,metadata_only,,,asset_monthly_return | portfolio_scenario,,仅保留元数据；正式分析改用许可允许的权威替代源。,0
WEB-0275,20260816_research_archive_v1,NOT_APPLICABLE,NOT_ACQUIRED,FAILED,EXCLUDED,D,metadata_only,,,company_overseas_exposure | country_policy_year | asset_monthly_return | case_evidence,,仅保留元数据；正式分析改用许可允许的权威替代源。,0
WEB-0276,20260816_research_archive_v1,NOT_APPLICABLE,NOT_ACQUIRED,FAILED,EXCLUDED,D,metadata_only,,,asset_monthly_return | portfolio_scenario,,仅保留元数据；正式分析改用许可允许的权威替代源。,0
WEB-0277,20260816_research_archive_v1,NOT_APPLICABLE,NOT_ACQUIRED,FAILED,EXCLUDED,D,metadata_only,,,country_policy_year | country_event | asset_monthly_return | case_evidence,,仅保留元数据；正式分析改用许可允许的权威替代源。,0
WEB-0278,20260816_research_archive_v1,NOT_APPLICABLE,NOT_ACQUIRED,FAILED,EXCLUDED,D,metadata_only,,,country_monthly_risk | country_policy_year | country_event | asset_monthly_return | case_evidence,,仅保留元数据；正式分析改用许可允许的权威替代源。,0
WEB-0279,20260816_research_archive_v1,NOT_APPLICABLE,NOT_ACQUIRED,FAILED,EXCLUDED,D,metadata_only,,,company_overseas_exposure | country_monthly_risk | country_policy_year | country_event | asset_monthly_return | case_evidence,,仅保留元数据；正式分析改用许可允许的权威替代源。,0
WEB-0280,20260816_research_archive_v1,NOT_APPLICABLE,NOT_ACQUIRED,FAILED,EXCLUDED,D,metadata_only,,,company_overseas_exposure | country_policy_year | country_event | asset_monthly_return | case_evidence,,仅保留元数据；正式分析改用许可允许的权威替代源。,0
WEB-0281,20260816_research_archive_v1,NOT_APPLICABLE,NOT_ACQUIRED,FAILED,EXCLUDED,D,metadata_only,,,asset_monthly_return | portfolio_scenario,,仅保留元数据；正式分析改用许可允许的权威替代源。,0
WEB-0282,20260816_research_archive_v1,NOT_APPLICABLE,NOT_ACQUIRED,FAILED,EXCLUDED,D,metadata_only,,,asset_monthly_return | case_evidence | historical_crisis_event | global_cycle_month,,仅保留元数据；正式分析改用许可允许的权威替代源。,0
WEB-0283,20260816_research_archive_v1,NOT_APPLICABLE,NOT_ACQUIRED,FAILED,EXCLUDED,D,metadata_only,,,asset_monthly_return | case_evidence | historical_crisis_event | global_cycle_month,,仅保留元数据；正式分析改用许可允许的权威替代源。,0
WEB-0284,20260816_research_archive_v1,NOT_APPLICABLE,NOT_ACQUIRED,FAILED,EXCLUDED,D,metadata_only,,,asset_monthly_return | portfolio_scenario | case_evidence | historical_crisis_event | global_cycle_month,,仅保留元数据；正式分析改用许可允许的权威替代源。,0
WEB-0285,20260816_research_archive_v1,NOT_APPLICABLE,NOT_ACQUIRED,FAILED,EXCLUDED,D,metadata_only,,,asset_monthly_return | portfolio_scenario,,仅保留元数据；正式分析改用许可允许的权威替代源。,0
WEB-0286,20260816_research_archive_v1,NOT_APPLICABLE,NOT_ACQUIRED,FAILED,EXCLUDED,D,metadata_only,,,asset_monthly_return | portfolio_scenario,,仅保留元数据；正式分析改用许可允许的权威替代源。,0
WEB-0287,20260816_research_archive_v1,NOT_APPLICABLE,NOT_ACQUIRED,FAILED,EXCLUDED,D,metadata_only,,,case_evidence | historical_crisis_event | global_cycle_month,,仅保留元数据；正式分析改用许可允许的权威替代源。,0
WEB-0288,20260816_research_archive_v1,NOT_APPLICABLE,NOT_ACQUIRED,FAILED,EXCLUDED,D,metadata_only,,,asset_monthly_return | case_evidence | historical_crisis_event | global_cycle_month,,仅保留元数据；正式分析改用许可允许的权威替代源。,0
WEB-0289,20260816_research_archive_v1,ACQUIRED,NARRATIVE_CONTENT,EXTRACTED,CORE,A,shared,08_企业案例与公开披露/外部原件/WEB-0289_办法全文，中国政府网/original.html,02_提取正文/WEB-0289/content.json,company_overseas_exposure | country_event | asset_monthly_return | portfolio_scenario,,人工复核关键字段与source_locator；通过后映射至正式source_registry。,1
WEB-0290,20260816_research_archive_v1,NOT_APPLICABLE,NOT_ACQUIRED,FAILED,EXCLUDED,A,metadata_only,,,asset_monthly_return | case_evidence | historical_crisis_event | global_cycle_month,,仅保留元数据；正式分析改用许可允许的权威替代源。,0
WEB-0291,20260816_research_archive_v1,NOT_APPLICABLE,NOT_ACQUIRED,FAILED,EXCLUDED,D,metadata_only,,,company_overseas_exposure | country_event | asset_monthly_return | portfolio_scenario,,仅保留元数据；正式分析改用许可允许的权威替代源。,0
WEB-0292,20260816_research_archive_v1,NOT_APPLICABLE,NOT_ACQUIRED,FAILED,EXCLUDED,D,metadata_only,,,company_overseas_exposure | country_event | asset_monthly_return | portfolio_scenario,,仅保留元数据；正式分析改用许可允许的权威替代源。,0
WEB-0293,20260816_research_archive_v1,NOT_APPLICABLE,NOT_ACQUIRED,FAILED,EXCLUDED,D,metadata_only,,,asset_monthly_return | portfolio_scenario,,按人工任务卡接受条款或完成机构授权后重新验收。,0
WEB-0294,20260816_research_archive_v1,NOT_APPLICABLE,NOT_ACQUIRED,FAILED,EXCLUDED,D,metadata_only,,,asset_monthly_return | portfolio_scenario,,按人工任务卡接受条款或完成机构授权后重新验收。,0
WEB-0295,20260816_research_archive_v1,NOT_APPLICABLE,NOT_ACQUIRED,FAILED,EXCLUDED,D,metadata_only,,,asset_monthly_return | portfolio_scenario,,按人工任务卡接受条款或完成机构授权后重新验收。,0
WEB-0296,20260816_research_archive_v1,NOT_APPLICABLE,NOT_ACQUIRED,FAILED,EXCLUDED,D,metadata_only,,,company_overseas_exposure | country_event | portfolio_scenario | case_evidence,,仅保留元数据；正式分析改用许可允许的权威替代源。,0
WEB-0297,20260816_research_archive_v1,ACQUIRED,DOCUMENT_LOCAL,NOT_REQUIRED,EXCLUDED,D,private_only,06_黄金美元与储备配置/外部原件/WEB-0297_XLSX_entry_xl_worksheets_sheet4.xml/original.pdf,,asset_monthly_return | portfolio_scenario,,补充权威替代来源；无法取得时删除相应字段和结论承诺。,0
WEB-0298,20260816_research_archive_v1,ACQUIRED,NARRATIVE_CONTENT,EXTRACTED,SUPPLEMENT,B,private_only,08_企业案例与公开披露/外部原件/WEB-0298_6._IATA《2024_Blocked_Funds_Update》（尼日利亚清兑后、其余国家仍高企）：_/original.html,02_提取正文/WEB-0298/content.json,company_overseas_exposure | country_event | portfolio_scenario | case_evidence,,按项目用途复核；不足以单独支持核心结论。,1
WEB-0299,20260816_research_archive_v1,ACQUIRED,MIXED_CONTENT,EXTRACTED,SUPPLEMENT,B,private_only,04_国别货币与中国出海/外部原件/WEB-0299_url_=/original.html,02_提取正文/WEB-0299/content.json,country_monthly_risk | country_policy_year,,按项目用途复核；不足以单独支持核心结论。,1
WEB-0300,20260816_research_archive_v1,ACQUIRED,NARRATIVE_CONTENT,EXTRACTED,SUPPLEMENT,B,private_only,08_企业案例与公开披露/外部原件/WEB-0300_1._IATA《Blocked_Funds_Report》（2023-04_峰值_22.7_亿美元、分国别数据）：_/original.html,02_提取正文/WEB-0300/content.json,company_overseas_exposure | country_event | portfolio_scenario | case_evidence,,按项目用途复核；不足以单独支持核心结论。,1
WEB-0301,20260816_research_archive_v1,ACQUIRED,MIXED_CONTENT,EXTRACTED,SUPPLEMENT,B,private_only,04_国别货币与中国出海/外部原件/WEB-0301_PDF_link_annotation_/original.html,02_提取正文/WEB-0301/content.json,country_monthly_risk | country_policy_year,,按项目用途复核；不足以单独支持核心结论。,1
WEB-0302,20260816_research_archive_v1,NOT_APPLICABLE,NOT_ACQUIRED,FAILED,EXCLUDED,B,metadata_only,,,country_monthly_risk | country_policy_year,,仅保留元数据；正式分析改用许可允许的权威替代源。,0
WEB-0303,20260816_research_archive_v1,ACQUIRED,NARRATIVE_CONTENT,EXTRACTED,SUPPLEMENT,B,private_only,07_会计合规与制裁/外部原件/WEB-0303_4._IAS_29《恶性通货膨胀经济中的财务报告》准则文本：IFRS_Foundation：_/original.html,02_提取正文/WEB-0303/content.json,company_overseas_exposure | country_policy_year | asset_monthly_return | case_evidence,,按项目用途复核；不足以单独支持核心结论。,1
WEB-0304,20260816_research_archive_v1,NOT_ACQUIRED,NOT_ACQUIRED,FAILED,SUPPLEMENT,B,private_only,,,country_policy_year | asset_monthly_return,WEB-0306,补充权威替代来源；无法取得时删除相应字段和结论承诺。,1
WEB-0305,20260816_research_archive_v1,NOT_ACQUIRED,NOT_ACQUIRED,FAILED,SUPPLEMENT,B,private_only,,,country_policy_year,WEB-0306,补充权威替代来源；无法取得时删除相应字段和结论承诺。,1
WEB-0306,20260816_research_archive_v1,ACQUIRED,DOCUMENT_LOCAL,NOT_REQUIRED,SUPPLEMENT,B,private_only,07_会计合规与制裁/外部原件/WEB-0306_PDF_link_annotation_/original.pdf,,country_policy_year | asset_monthly_return,,按项目用途复核；不足以单独支持核心结论。,1
WEB-0307,20260816_research_archive_v1,ACQUIRED,DOCUMENT_LOCAL,NOT_REQUIRED,SUPPLEMENT,B,private_only,07_会计合规与制裁/外部原件/WEB-0307_PDF_link_annotation_/original.pdf,,country_policy_year,,按项目用途复核；不足以单独支持核心结论。,1
WEB-0308,20260816_research_archive_v1,NOT_ACQUIRED,NOT_ACQUIRED,FAILED,SUPPLEMENT,B,private_only,,,country_policy_year,WEB-0306,补充权威替代来源；无法取得时删除相应字段和结论承诺。,1
WEB-0309,20260816_research_archive_v1,ACQUIRED,NARRATIVE_CONTENT,EXTRACTED,SUPPLEMENT,B,private_only,"07_会计合规与制裁/外部原件/WEB-0309_Economies,/original.html",02_提取正文/WEB-0309/content.json,country_policy_year | asset_monthly_return,,按项目用途复核；不足以单独支持核心结论。,1
WEB-0310,20260816_research_archive_v1,ACQUIRED,NARRATIVE_CONTENT,EXTRACTED,SUPPLEMENT,B,private_only,07_会计合规与制裁/外部原件/WEB-0310_PDF_link_annotation_/original.html,02_提取正文/WEB-0310/content.json,country_policy_year | asset_monthly_return,,按项目用途复核；不足以单独支持核心结论。,1
WEB-0311,20260816_research_archive_v1,NOT_APPLICABLE,NOT_ACQUIRED,FAILED,SUPPLEMENT,B,private_only,,,company_overseas_exposure | country_event | portfolio_scenario | case_evidence,,由资料负责人合法登录、采购或申请授权；不得自动绕过。,1
WEB-0312,20260816_research_archive_v1,NOT_APPLICABLE,NOT_ACQUIRED,FAILED,SUPPLEMENT,B,private_only,,,country_monthly_risk | country_event | case_evidence | historical_crisis_event | global_cycle_month,,由资料负责人合法登录、采购或申请授权；不得自动绕过。,1
WEB-0313,20260816_research_archive_v1,NOT_APPLICABLE,NOT_ACQUIRED,FAILED,SUPPLEMENT,B,private_only,,,country_monthly_risk | country_event | asset_monthly_return | portfolio_scenario | case_evidence,,由资料负责人合法登录、采购或申请授权；不得自动绕过。,1
WEB-0314,20260816_research_archive_v1,NOT_APPLICABLE,NOT_ACQUIRED,FAILED,SUPPLEMENT,B,private_only,,,country_monthly_risk | country_event | case_evidence | historical_crisis_event | global_cycle_month,,由资料负责人合法登录、采购或申请授权；不得自动绕过。,1
WEB-0315,20260816_research_archive_v1,NOT_APPLICABLE,NOT_ACQUIRED,FAILED,SUPPLEMENT,B,private_only,,,country_policy_year | asset_monthly_return | case_evidence,,由资料负责人合法登录、采购或申请授权；不得自动绕过。,1
WEB-0316,20260816_research_archive_v1,NOT_APPLICABLE,NOT_ACQUIRED,FAILED,SUPPLEMENT,B,private_only,,,asset_monthly_return | portfolio_scenario,,由资料负责人合法登录、采购或申请授权；不得自动绕过。,1
WEB-0317,20260816_research_archive_v1,NOT_APPLICABLE,NOT_ACQUIRED,FAILED,SUPPLEMENT,B,private_only,,,asset_monthly_return | portfolio_scenario,,由资料负责人合法登录、采购或申请授权；不得自动绕过。,1
WEB-0318,20260816_research_archive_v1,ACQUIRED,STRUCTURED_DATA,EXTRACTED,SUPPLEMENT,B,private_only,05_全球周期与历史危机/外部原件/WEB-0318_1._IMF《Mexico_The_Tequila_Crisis》案例研究（比索汇率、外储、救助规模）：_/original.html,02_提取正文/WEB-0318/content.json,case_evidence | historical_crisis_event | global_cycle_month,,按项目用途复核；不足以单独支持核心结论。,1
WEB-0319,20260816_research_archive_v1,NOT_APPLICABLE,NOT_ACQUIRED,FAILED,EXCLUDED,A,metadata_only,,,company_overseas_exposure | country_monthly_risk | country_event | portfolio_scenario | case_evidence,,仅保留元数据；正式分析改用许可允许的权威替代源。,0
WEB-0320,20260816_research_archive_v1,NOT_APPLICABLE,NOT_ACQUIRED,FAILED,EXCLUDED,D,metadata_only,,,case_evidence | historical_crisis_event | global_cycle_month,,仅保留元数据；正式分析改用许可允许的权威替代源。,0
WEB-0321,20260816_research_archive_v1,NOT_APPLICABLE,NOT_ACQUIRED,FAILED,EXCLUDED,D,metadata_only,,,company_overseas_exposure | country_monthly_risk | country_event | portfolio_scenario | case_evidence,,仅保留元数据；正式分析改用许可允许的权威替代源。,0
WEB-0322,20260816_research_archive_v1,NOT_APPLICABLE,NOT_ACQUIRED,FAILED,EXCLUDED,D,metadata_only,,,company_overseas_exposure | country_event | asset_monthly_return | portfolio_scenario,,仅保留元数据；正式分析改用许可允许的权威替代源。,0
WEB-0323,20260816_research_archive_v1,NOT_APPLICABLE,NOT_ACQUIRED,FAILED,EXCLUDED,D,metadata_only,,,asset_monthly_return | case_evidence | historical_crisis_event | global_cycle_month,,仅保留元数据；正式分析改用许可允许的权威替代源。,0
WEB-0324,20260816_research_archive_v1,NOT_APPLICABLE,NOT_ACQUIRED,FAILED,EXCLUDED,D,metadata_only,,,country_monthly_risk | country_policy_year | country_event | case_evidence,,仅保留元数据；正式分析改用许可允许的权威替代源。,0
WEB-0325,20260816_research_archive_v1,NOT_APPLICABLE,NOT_ACQUIRED,FAILED,EXCLUDED,D,metadata_only,,,company_overseas_exposure | country_event | asset_monthly_return | portfolio_scenario,,仅保留元数据；正式分析改用许可允许的权威替代源。,0
WEB-0326,20260816_research_archive_v1,NOT_APPLICABLE,NOT_ACQUIRED,FAILED,EXCLUDED,D,metadata_only,,,asset_monthly_return | case_evidence | historical_crisis_event | global_cycle_month,,仅保留元数据；正式分析改用许可允许的权威替代源。,0
WEB-0327,20260816_research_archive_v1,NOT_APPLICABLE,NOT_ACQUIRED,FAILED,EXCLUDED,D,metadata_only,,,country_policy_year | asset_monthly_return | case_evidence,,仅保留元数据；正式分析改用许可允许的权威替代源。,0
WEB-0328,20260816_research_archive_v1,NOT_APPLICABLE,NOT_ACQUIRED,FAILED,EXCLUDED,D,metadata_only,,,asset_monthly_return | case_evidence | historical_crisis_event | global_cycle_month,,仅保留元数据；正式分析改用许可允许的权威替代源。,0
WEB-0329,20260816_research_archive_v1,NOT_APPLICABLE,NOT_ACQUIRED,FAILED,EXCLUDED,D,metadata_only,,,asset_monthly_return | portfolio_scenario,,仅保留元数据；正式分析改用许可允许的权威替代源。,0
WEB-0330,20260816_research_archive_v1,NOT_APPLICABLE,NOT_ACQUIRED,FAILED,EXCLUDED,D,metadata_only,,,asset_monthly_return | portfolio_scenario,,仅保留元数据；正式分析改用许可允许的权威替代源。,0
WEB-0331,20260816_research_archive_v1,NOT_APPLICABLE,NOT_ACQUIRED,FAILED,EXCLUDED,D,metadata_only,,,asset_monthly_return | portfolio_scenario,,仅保留元数据；正式分析改用许可允许的权威替代源。,0
WEB-0332,20260816_research_archive_v1,NOT_APPLICABLE,NOT_ACQUIRED,FAILED,EXCLUDED,D,metadata_only,,,country_monthly_risk | country_event | case_evidence | historical_crisis_event | global_cycle_month,,仅保留元数据；正式分析改用许可允许的权威替代源。,0
WEB-0333,20260816_research_archive_v1,NOT_APPLICABLE,NOT_ACQUIRED,FAILED,EXCLUDED,D,metadata_only,,,case_evidence | historical_crisis_event | global_cycle_month,,仅保留元数据；正式分析改用许可允许的权威替代源。,0
WEB-0334,20260816_research_archive_v1,NOT_APPLICABLE,NOT_ACQUIRED,FAILED,EXCLUDED,D,metadata_only,,,asset_monthly_return | portfolio_scenario,,仅保留元数据；正式分析改用许可允许的权威替代源。,0
WEB-0335,20260816_research_archive_v1,ACQUIRED,BLOCK_PAGE,FAILED,REPLACED,B,private_only,"06_黄金美元与储备配置/外部原件/WEB-0335_论文,论文PDF,完整论文,2026-02-28,一次性,MDPI_PMC,/original.html",,asset_monthly_return | portfolio_scenario,WEB-0115,使用WEB-0115官方开放PDF，不再使用拦截页。,0
WEB-0336,20260816_research_archive_v1,ACQUIRED,BLOCK_PAGE,FAILED,REPLACED,B,private_only,04_国别货币与中国出海/外部原件/WEB-0336_缺失论文PDF恢复候选/original.html,,country_monthly_risk | country_policy_year,WEB-0115,使用WEB-0115官方开放PDF，不再使用拦截页。,0
WEB-0337,20260816_research_archive_v1,NOT_APPLICABLE,NOT_ACQUIRED,FAILED,EXCLUDED,D,metadata_only,,,country_policy_year | asset_monthly_return,,仅保留元数据；正式分析改用许可允许的权威替代源。,0
WEB-0338,20260816_research_archive_v1,NOT_APPLICABLE,NOT_ACQUIRED,FAILED,EXCLUDED,D,metadata_only,,,company_overseas_exposure | country_event | asset_monthly_return | portfolio_scenario,,仅保留元数据；正式分析改用许可允许的权威替代源。,0
WEB-0339,20260816_research_archive_v1,NOT_APPLICABLE,NOT_ACQUIRED,FAILED,EXCLUDED,D,metadata_only,,,asset_monthly_return | portfolio_scenario,,仅保留元数据；正式分析改用许可允许的权威替代源。,0
WEB-0340,20260816_research_archive_v1,NOT_APPLICABLE,NOT_ACQUIRED,FAILED,EXCLUDED,D,metadata_only,,,asset_monthly_return | portfolio_scenario,,仅保留元数据；正式分析改用许可允许的权威替代源。,0
WEB-0341,20260816_research_archive_v1,NOT_APPLICABLE,NOT_ACQUIRED,FAILED,EXCLUDED,D,metadata_only,,,case_evidence | historical_crisis_event | global_cycle_month,,仅保留元数据；正式分析改用许可允许的权威替代源。,0
WEB-0342,20260816_research_archive_v1,NOT_ACQUIRED,NOT_ACQUIRED,FAILED,CORE,A,shared,,,country_monthly_risk | country_policy_year,WEB-0344,补充权威替代来源；无法取得时删除相应字段和结论承诺。,1
WEB-0343,20260816_research_archive_v1,NOT_ACQUIRED,NOT_ACQUIRED,FAILED,CORE,A,shared,,,asset_monthly_return | portfolio_scenario,WEB-0344,补充权威替代来源；无法取得时删除相应字段和结论承诺。,1
WEB-0344,20260816_research_archive_v1,ACQUIRED,NARRATIVE_CONTENT,EXTRACTED,CORE,A,shared,06_黄金美元与储备配置/外部原件/WEB-0344_PDF_link_annotation_/original.html,02_提取正文/WEB-0344/content.json,source_registry | country_exposure | asset_monthly_return | portfolio_scenario,,人工复核关键字段与source_locator；通过后映射至正式source_registry。,1
WEB-0345,20260816_research_archive_v1,ACQUIRED,BLOCK_PAGE,FAILED,EXCLUDED,A,shared,08_企业案例与公开披露/外部原件/WEB-0345_人社部，2020/original.html,,company_overseas_exposure | country_event | asset_monthly_return | portfolio_scenario,,补充权威替代来源；无法取得时删除相应字段和结论承诺。,0
WEB-0346,20260816_research_archive_v1,NOT_APPLICABLE,NOT_ACQUIRED,FAILED,EXCLUDED,D,metadata_only,,,company_overseas_exposure | country_event | portfolio_scenario | case_evidence,,仅保留元数据；正式分析改用许可允许的权威替代源。,0
WEB-0347,20260816_research_archive_v1,NOT_APPLICABLE,NOT_ACQUIRED,FAILED,EXCLUDED,D,metadata_only,,,company_overseas_exposure | country_monthly_risk | country_event | portfolio_scenario | case_evidence,,仅保留元数据；正式分析改用许可允许的权威替代源。,0
WEB-0348,20260816_research_archive_v1,ACQUIRED,NARRATIVE_CONTENT,EXTRACTED,SUPPLEMENT,B,private_only,05_全球周期与历史危机/外部原件/WEB-0348_PDF_link_annotation_/original.html,02_提取正文/WEB-0348/content.json,asset_monthly_return | historical_crisis_event | global_cycle_month,,按项目用途复核；不足以单独支持核心结论。,1
WEB-0349,20260816_research_archive_v1,ACQUIRED,NARRATIVE_CONTENT,EXTRACTED,SUPPLEMENT,B,private_only,05_全球周期与历史危机/外部原件/WEB-0349_PDF_link_annotation_/original.html,02_提取正文/WEB-0349/content.json,source_registry | historical_crisis_event | global_cycle_month,,按项目用途复核；不足以单独支持核心结论。,1
WEB-0350,20260816_research_archive_v1,ACQUIRED,NARRATIVE_CONTENT,EXTRACTED,SUPPLEMENT,B,private_only,"05_全球周期与历史危机/外部原件/WEB-0350_sions_and_Contractions,/original.html",02_提取正文/WEB-0350/content.json,source_registry | historical_crisis_event | global_cycle_month,,按项目用途复核；不足以单独支持核心结论。,1
WEB-0351,20260816_research_archive_v1,ACQUIRED,MIXED_CONTENT,EXTRACTED,SUPPLEMENT,B,private_only,05_全球周期与历史危机/外部原件/WEB-0351_PDF_link_annotation_/original.html,02_提取正文/WEB-0351/content.json | 01_新增原件/WEB-0351/WEB-0351-R01_BCDC_spreadsheet_for_website.xlsx | 03_提取表格/WEB-0351/WEB-0351-R01/NBER_Chronology.csv,source_registry | historical_crisis_event | global_cycle_month,,按项目用途复核；不足以单独支持核心结论。,1
WEB-0352,20260816_research_archive_v1,ACQUIRED,DOCUMENT_LOCAL,NOT_REQUIRED,SUPPLEMENT,B,private_only,08_企业案例与公开披露/外部原件/WEB-0352_NBER，2013/original.pdf,,company_overseas_exposure | country_event | asset_monthly_return | portfolio_scenario,,按项目用途复核；不足以单独支持核心结论。,1
WEB-0353,20260816_research_archive_v1,NOT_APPLICABLE,NOT_ACQUIRED,FAILED,EXCLUDED,B,metadata_only,,,source_registry | historical_crisis_event | global_cycle_month,,仅保留元数据；正式分析改用许可允许的权威替代源。,0
WEB-0354,20260816_research_archive_v1,NOT_APPLICABLE,NOT_ACQUIRED,FAILED,EXCLUDED,D,private_only,,,company_overseas_exposure | country_event | asset_monthly_return | portfolio_scenario,,由资料负责人合法登录、采购或申请授权；不得自动绕过。,0
WEB-0355,20260816_research_archive_v1,NOT_APPLICABLE,NOT_ACQUIRED,FAILED,EXCLUDED,D,metadata_only,,,company_overseas_exposure | country_monthly_risk | country_event | portfolio_scenario | case_evidence,,仅保留元数据；正式分析改用许可允许的权威替代源。,0
WEB-0356,20260816_research_archive_v1,NOT_APPLICABLE,NOT_ACQUIRED,FAILED,EXCLUDED,D,metadata_only,,,company_overseas_exposure | country_event | portfolio_scenario | case_evidence,,仅保留元数据；正式分析改用许可允许的权威替代源。,0
WEB-0357,20260816_research_archive_v1,ACQUIRED,STRUCTURED_DATA,EXTRACTED,CORE,A,shared,08_企业案例与公开披露/外部原件/WEB-0357_金融监管总局官网全文/original.html,02_提取正文/WEB-0357/content.json,company_overseas_exposure | country_event | asset_monthly_return | portfolio_scenario,,人工复核关键字段与source_locator；通过后映射至正式source_registry。,1
WEB-0358,20260816_research_archive_v1,ACQUIRED,STRUCTURED_DATA,EXTRACTED,REPLACED,A,shared,08_企业案例与公开披露/外部原件/WEB-0357_金融监管总局官网全文/original.html,02_提取正文/WEB-0358/content.json,company_overseas_exposure | country_event | asset_monthly_return | portfolio_scenario,WEB-0357,使用替代来源：WEB-0357,0
WEB-0359,20260816_research_archive_v1,ACQUIRED,LOW_CONTENT,PARTIAL,EXCLUDED,A,shared,08_企业案例与公开披露/外部原件/WEB-0359_办法附件测算示例/original.html,02_提取正文/WEB-0359/content.json,company_overseas_exposure | country_event | asset_monthly_return | portfolio_scenario,,补充权威替代来源；无法取得时删除相应字段和结论承诺。,0
WEB-0360,20260816_research_archive_v1,NOT_APPLICABLE,NOT_ACQUIRED,FAILED,EXCLUDED,A,metadata_only,,,company_overseas_exposure | country_monthly_risk | country_event | portfolio_scenario | case_evidence,,仅保留元数据；正式分析改用许可允许的权威替代源。,0
WEB-0361,20260816_research_archive_v1,NOT_APPLICABLE,NOT_ACQUIRED,FAILED,EXCLUDED,D,metadata_only,,,company_overseas_exposure | country_event | asset_monthly_return | portfolio_scenario,,仅保留元数据；正式分析改用许可允许的权威替代源。,0
WEB-0362,20260816_research_archive_v1,NOT_APPLICABLE,NOT_ACQUIRED,FAILED,EXCLUDED,D,metadata_only,,,company_overseas_exposure | country_event | asset_monthly_return | portfolio_scenario,,仅保留元数据；正式分析改用许可允许的权威替代源。,0
WEB-0363,20260816_research_archive_v1,ACQUIRED,STRUCTURED_DATA,EXTRACTED,EXCLUDED,D,private_only,06_黄金美元与储备配置/外部原件/WEB-0363_XLSX_entry_xl_worksheets_sheet11.xml/original.html,02_提取正文/WEB-0363/content.json,asset_monthly_return | portfolio_scenario,,补充权威替代来源；无法取得时删除相应字段和结论承诺。,0
WEB-0364,20260816_research_archive_v1,ACQUIRED,MIXED_CONTENT,EXTRACTED,EXCLUDED,D,private_only,06_黄金美元与储备配置/外部原件/WEB-0364_-_来源：/original.html,02_提取正文/WEB-0364/content.json | 01_新增原件/WEB-0364/WEB-0364-R01_China_Mainland_Paper_EPU.xlsx | 03_提取表格/WEB-0364/WEB-0364-R01/EPU_1949-1978.csv | 03_提取表格/WEB-0364/WEB-0364-R01/EPU_1979-1999.csv | 03_提取表格/WEB-0364/WEB-0364-R01/EPU_2000_onwards.csv | 03_提取表格/WEB-0364/WEB-0364-R01/TPU_2000_onwards.csv,asset_monthly_return | portfolio_scenario,,补充权威替代来源；无法取得时删除相应字段和结论承诺。,0
WEB-0365,20260816_research_archive_v1,NOT_APPLICABLE,NOT_ACQUIRED,FAILED,EXCLUDED,D,metadata_only,,,asset_monthly_return | case_evidence | historical_crisis_event | global_cycle_month,,仅保留元数据；正式分析改用许可允许的权威替代源。,0
WEB-0366,20260816_research_archive_v1,NOT_APPLICABLE,NOT_ACQUIRED,FAILED,EXCLUDED,D,metadata_only,,,asset_monthly_return | case_evidence | historical_crisis_event | global_cycle_month,,仅保留元数据；正式分析改用许可允许的权威替代源。,0
WEB-0367,20260816_research_archive_v1,NOT_APPLICABLE,NOT_ACQUIRED,FAILED,EXCLUDED,D,metadata_only,,,company_overseas_exposure | country_event | asset_monthly_return | portfolio_scenario,,仅保留元数据；正式分析改用许可允许的权威替代源。,0
WEB-0368,20260816_research_archive_v1,ACQUIRED,DOCUMENT_LOCAL,NOT_REQUIRED,EXCLUDED,D,private_only,08_企业案例与公开披露/外部原件/WEB-0368_普华永道，2024/original.pdf,,company_overseas_exposure | country_event | asset_monthly_return | portfolio_scenario,,补充权威替代来源；无法取得时删除相应字段和结论承诺。,0
WEB-0369,20260816_research_archive_v1,NOT_APPLICABLE,NOT_ACQUIRED,FAILED,EXCLUDED,D,private_only,,,country_policy_year | country_event | asset_monthly_return | case_evidence,,由资料负责人合法登录、采购或申请授权；不得自动绕过。,0
WEB-0370,20260816_research_archive_v1,NOT_APPLICABLE,NOT_ACQUIRED,FAILED,EXCLUDED,D,private_only,,,country_policy_year | asset_monthly_return,,由资料负责人合法登录、采购或申请授权；不得自动绕过。,0
WEB-0371,20260816_research_archive_v1,NOT_APPLICABLE,NOT_ACQUIRED,FAILED,EXCLUDED,D,metadata_only,,,case_evidence | historical_crisis_event | global_cycle_month,,仅保留元数据；正式分析改用许可允许的权威替代源。,0
WEB-0372,20260816_research_archive_v1,NOT_APPLICABLE,NOT_ACQUIRED,FAILED,EXCLUDED,D,metadata_only,,,company_overseas_exposure | country_event | portfolio_scenario | case_evidence,,仅保留元数据；正式分析改用许可允许的权威替代源。,0
WEB-0373,20260816_research_archive_v1,NOT_APPLICABLE,NOT_ACQUIRED,FAILED,EXCLUDED,C,metadata_only,,,country_monthly_risk | country_event | asset_monthly_return | portfolio_scenario | case_evidence,,仅保留元数据；正式分析改用许可允许的权威替代源。,0
WEB-0374,20260816_research_archive_v1,NOT_APPLICABLE,NOT_ACQUIRED,FAILED,EXCLUDED,C,metadata_only,,,company_overseas_exposure | country_policy_year | country_event | asset_monthly_return | case_evidence,,仅保留元数据；正式分析改用许可允许的权威替代源。,0
WEB-0375,20260816_research_archive_v1,NOT_APPLICABLE,NOT_ACQUIRED,FAILED,EXCLUDED,C,metadata_only,,,country_monthly_risk | country_event | asset_monthly_return | portfolio_scenario | case_evidence,,仅保留元数据；正式分析改用许可允许的权威替代源。,0
WEB-0376,20260816_research_archive_v1,NOT_APPLICABLE,NOT_ACQUIRED,FAILED,EXCLUDED,C,metadata_only,,,company_overseas_exposure | country_monthly_risk | country_policy_year | country_event | asset_monthly_return | case_evidence,,仅保留元数据；正式分析改用许可允许的权威替代源。,0
WEB-0377,20260816_research_archive_v1,NOT_APPLICABLE,NOT_ACQUIRED,FAILED,EXCLUDED,C,metadata_only,,,country_monthly_risk | country_policy_year | country_event | case_evidence,,仅保留元数据；正式分析改用许可允许的权威替代源。,0
WEB-0378,20260816_research_archive_v1,NOT_APPLICABLE,NOT_ACQUIRED,FAILED,EXCLUDED,C,metadata_only,,,company_overseas_exposure | country_event | asset_monthly_return | portfolio_scenario | case_evidence,,仅保留元数据；正式分析改用许可允许的权威替代源。,0
WEB-0379,20260816_research_archive_v1,NOT_APPLICABLE,NOT_ACQUIRED,FAILED,EXCLUDED,C,metadata_only,,,country_policy_year | country_event | asset_monthly_return | case_evidence,,仅保留元数据；正式分析改用许可允许的权威替代源。,0
WEB-0380,20260816_research_archive_v1,NOT_APPLICABLE,NOT_ACQUIRED,FAILED,EXCLUDED,D,metadata_only,,,company_overseas_exposure | country_event | asset_monthly_return | portfolio_scenario,,仅保留元数据；正式分析改用许可允许的权威替代源。,0
WEB-0381,20260816_research_archive_v1,NOT_APPLICABLE,NOT_ACQUIRED,FAILED,EXCLUDED,D,metadata_only,,,company_overseas_exposure | country_event | asset_monthly_return | portfolio_scenario,,仅保留元数据；正式分析改用许可允许的权威替代源。,0
WEB-0382,20260816_research_archive_v1,ACQUIRED,NARRATIVE_CONTENT,EXTRACTED,CORE,A,shared,05_全球周期与历史危机/外部原件/WEB-0382_7._中国央行_2022_年_11_月重启购金（+32_吨）：国家外汇管理局_2022_年_12_月官方储备数据公报：_/original.html,02_提取正文/WEB-0382/content.json,case_evidence | historical_crisis_event | global_cycle_month,,人工复核关键字段与source_locator；通过后映射至正式source_registry。,1
WEB-0383,20260816_research_archive_v1,NOT_APPLICABLE,NOT_ACQUIRED,FAILED,EXCLUDED,D,metadata_only,,,case_evidence | historical_crisis_event | global_cycle_month,,仅保留元数据；正式分析改用许可允许的权威替代源。,0
WEB-0384,20260816_research_archive_v1,ACQUIRED,DOCUMENT_LOCAL,NOT_REQUIRED,EXCLUDED,D,private_only,08_企业案例与公开披露/外部原件/WEB-0384_《清华大学学报》财务预警综述，2023/original.pdf,,company_overseas_exposure | country_event | asset_monthly_return | portfolio_scenario,,补充权威替代来源；无法取得时删除相应字段和结论承诺。,0
WEB-0385,20260816_research_archive_v1,ACQUIRED,MIXED_CONTENT,EXTRACTED,CORE,A,shared,08_企业案例与公开披露/外部原件/WEB-0385_2._Newmont_公司_10-K_年报（SEC，2006）——引_LBMA_伦敦下午定盘价年度高_低_均价（2000：279；2001：27/original.html,02_提取正文/WEB-0385/content.json,company_overseas_exposure | country_event | portfolio_scenario | case_evidence | historical_crisis_event,,人工复核关键字段与source_locator；通过后映射至正式source_registry。,1
WEB-0386,20260816_research_archive_v1,ACQUIRED,MIXED_CONTENT,EXTRACTED,CORE,A,shared,08_企业案例与公开披露/外部原件/WEB-0386_3._美国SEC备案文件（SPDR_Gold_Trust_FWP，载2008年3月17日金价1011美元纪录），2009年，/original.html,02_提取正文/WEB-0386/content.json,company_overseas_exposure | country_event | portfolio_scenario | case_evidence | historical_crisis_event,,人工复核关键字段与source_locator；通过后映射至正式source_registry。,1
WEB-0387,20260816_research_archive_v1,ACQUIRED,MIXED_CONTENT,EXTRACTED,CORE,A,shared,08_企业案例与公开披露/外部原件/WEB-0387_3._AB_InBev_2023_年报（阿根廷贬值_+_IAS_29_冲击_3.03_亿美元）：SEC_EDGAR：_/original.html,02_提取正文/WEB-0387/content.json,company_overseas_exposure | country_monthly_risk | country_event | portfolio_scenario | case_evidence,,人工复核关键字段与source_locator；通过后映射至正式source_registry。,1
WEB-0388,20260816_research_archive_v1,ACQUIRED,MIXED_CONTENT,EXTRACTED,CORE,A,shared,08_企业案例与公开披露/外部原件/WEB-0388_1._AB_InBev_2023_年报（20-F，IAS_29_重述与贬值负面影响_3.03_亿美元）：SEC_EDGAR：_/original.html,02_提取正文/WEB-0388/content.json,company_overseas_exposure | country_event | portfolio_scenario | case_evidence,,人工复核关键字段与source_locator；通过后映射至正式source_registry。,1
WEB-0389,20260816_research_archive_v1,ACQUIRED,NARRATIVE_CONTENT,EXTRACTED,CORE,A,shared,08_企业案例与公开披露/外部原件/WEB-0389_AB_InBev_FY2023，SEC/original.html,02_提取正文/WEB-0389/content.json,company_overseas_exposure | country_event | asset_monthly_return | portfolio_scenario,,人工复核关键字段与source_locator；通过后映射至正式source_registry。,1
WEB-0390,20260816_research_archive_v1,ACQUIRED,MIXED_CONTENT,EXTRACTED,CORE,A,shared,08_企业案例与公开披露/外部原件/WEB-0390_Barrick_2009_年报，SEC/original.html,02_提取正文/WEB-0390/content.json,company_overseas_exposure | country_event | asset_monthly_return | portfolio_scenario,,人工复核关键字段与source_locator；通过后映射至正式source_registry。,1
WEB-0391,20260816_research_archive_v1,ACQUIRED,MIXED_CONTENT,EXTRACTED,CORE,A,shared,08_企业案例与公开披露/外部原件/WEB-0391_4._Palantir_10-Q_10-K（SEC_EDGAR）：_/original.html,02_提取正文/WEB-0391/content.json,company_overseas_exposure | country_event | asset_monthly_return | portfolio_scenario | case_evidence,,人工复核关键字段与source_locator；通过后映射至正式source_registry。,1
WEB-0392,20260816_research_archive_v1,ACQUIRED,STRUCTURED_DATA,EXTRACTED,REPLACED,B,shared,06_黄金美元与储备配置/外部原件/WEB-0013__a_href=_/original.html,02_提取正文/WEB-0392/content.json,source_registry | company_overseas_exposure | country_policy_year | asset_monthly_return | case_evidence,WEB-0013,使用替代来源：WEB-0013,0
WEB-0393,20260816_research_archive_v1,ACQUIRED,STRUCTURED_DATA,EXTRACTED,SUPPLEMENT,B,shared,08_企业案例与公开披露/外部原件/WEB-0393_SGE_官网/original.html,02_提取正文/WEB-0393/content.json,company_overseas_exposure | country_event | asset_monthly_return | portfolio_scenario,,按项目用途复核；不足以单独支持核心结论。,1
WEB-0394,20260816_research_archive_v1,ACQUIRED,DOWNLOAD_LANDING,EXTRACTED,SUPPLEMENT,B,shared,06_黄金美元与储备配置/外部原件/WEB-0394_-_SGE_更早历史数据：/original.html,02_提取正文/WEB-0394/content.json,asset_monthly_return | portfolio_scenario,,按项目用途复核；不足以单独支持核心结论。,1
WEB-0395,20260816_research_archive_v1,ACQUIRED,DOWNLOAD_LANDING,EXTRACTED,SUPPLEMENT,B,shared,06_黄金美元与储备配置/外部原件/WEB-0395_XLSX_entry_xl_worksheets_sheet11.xml/original.html,02_提取正文/WEB-0395/content.json,asset_monthly_return | portfolio_scenario,,按项目用途复核；不足以单独支持核心结论。,1
WEB-0396,20260816_research_archive_v1,ACQUIRED,MIXED_CONTENT,EXTRACTED,SUPPLEMENT,B,shared,06_黄金美元与储备配置/外部原件/WEB-0396_XLSX_entry_xl_worksheets_sheet6.xml/original.html,02_提取正文/WEB-0396/content.json,asset_monthly_return | portfolio_scenario,,按项目用途复核；不足以单独支持核心结论。,1
WEB-0397,20260816_research_archive_v1,ACQUIRED,MIXED_CONTENT,EXTRACTED,SUPPLEMENT,B,shared,06_黄金美元与储备配置/外部原件/WEB-0397_XLSX_entry_xl_worksheets_sheet6.xml/original.html,02_提取正文/WEB-0397/content.json,asset_monthly_return | portfolio_scenario,,按项目用途复核；不足以单独支持核心结论。,1
WEB-0398,20260816_research_archive_v1,ACQUIRED,MIXED_CONTENT,EXTRACTED,SUPPLEMENT,B,shared,06_黄金美元与储备配置/外部原件/WEB-0398_XLSX_entry_xl_worksheets_sheet6.xml/original.html,02_提取正文/WEB-0398/content.json,asset_monthly_return | portfolio_scenario,,按项目用途复核；不足以单独支持核心结论。,1
WEB-0399,20260816_research_archive_v1,ACQUIRED,MIXED_CONTENT,EXTRACTED,SUPPLEMENT,B,shared,06_黄金美元与储备配置/外部原件/WEB-0399_XLSX_entry_xl_worksheets_sheet6.xml/original.html,02_提取正文/WEB-0399/content.json,asset_monthly_return | portfolio_scenario,,按项目用途复核；不足以单独支持核心结论。,1
WEB-0400,20260816_research_archive_v1,ACQUIRED,MIXED_CONTENT,EXTRACTED,SUPPLEMENT,B,shared,06_黄金美元与储备配置/外部原件/WEB-0400_XLSX_entry_xl_worksheets_sheet6.xml/original.html,02_提取正文/WEB-0400/content.json,asset_monthly_return | portfolio_scenario,,按项目用途复核；不足以单独支持核心结论。,1
WEB-0401,20260816_research_archive_v1,ACQUIRED,MIXED_CONTENT,EXTRACTED,SUPPLEMENT,B,shared,06_黄金美元与储备配置/外部原件/WEB-0401_XLSX_entry_xl_worksheets_sheet6.xml/original.html,02_提取正文/WEB-0401/content.json,asset_monthly_return | portfolio_scenario,,按项目用途复核；不足以单独支持核心结论。,1
WEB-0402,20260816_research_archive_v1,ACQUIRED,MIXED_CONTENT,EXTRACTED,SUPPLEMENT,B,shared,06_黄金美元与储备配置/外部原件/WEB-0402_XLSX_entry_xl_worksheets_sheet6.xml/original.html,02_提取正文/WEB-0402/content.json,asset_monthly_return | portfolio_scenario,,按项目用途复核；不足以单独支持核心结论。,1
WEB-0403,20260816_research_archive_v1,ACQUIRED,MIXED_CONTENT,EXTRACTED,SUPPLEMENT,B,shared,06_黄金美元与储备配置/外部原件/WEB-0403_XLSX_entry_xl_worksheets_sheet6.xml/original.html,02_提取正文/WEB-0403/content.json,asset_monthly_return | portfolio_scenario,,按项目用途复核；不足以单独支持核心结论。,1
WEB-0404,20260816_research_archive_v1,ACQUIRED,MIXED_CONTENT,EXTRACTED,SUPPLEMENT,B,shared,06_黄金美元与储备配置/外部原件/WEB-0404_XLSX_entry_xl_worksheets_sheet6.xml/original.html,02_提取正文/WEB-0404/content.json,asset_monthly_return | portfolio_scenario,,按项目用途复核；不足以单独支持核心结论。,1
WEB-0405,20260816_research_archive_v1,ACQUIRED,MIXED_CONTENT,EXTRACTED,SUPPLEMENT,B,shared,06_黄金美元与储备配置/外部原件/WEB-0405_XLSX_entry_xl_worksheets_sheet6.xml/original.html,02_提取正文/WEB-0405/content.json,asset_monthly_return | portfolio_scenario,,按项目用途复核；不足以单独支持核心结论。,1
WEB-0406,20260816_research_archive_v1,ACQUIRED,MIXED_CONTENT,EXTRACTED,SUPPLEMENT,B,shared,06_黄金美元与储备配置/外部原件/WEB-0406_XLSX_entry_xl_worksheets_sheet6.xml/original.html,02_提取正文/WEB-0406/content.json,asset_monthly_return | portfolio_scenario,,按项目用途复核；不足以单独支持核心结论。,1
WEB-0407,20260816_research_archive_v1,ACQUIRED,MIXED_CONTENT,EXTRACTED,SUPPLEMENT,B,shared,06_黄金美元与储备配置/外部原件/WEB-0407_XLSX_entry_xl_worksheets_sheet6.xml/original.html,02_提取正文/WEB-0407/content.json,asset_monthly_return | portfolio_scenario,,按项目用途复核；不足以单独支持核心结论。,1
WEB-0408,20260816_research_archive_v1,ACQUIRED,MIXED_CONTENT,EXTRACTED,SUPPLEMENT,B,shared,06_黄金美元与储备配置/外部原件/WEB-0408_XLSX_entry_xl_worksheets_sheet6.xml/original.html,02_提取正文/WEB-0408/content.json,asset_monthly_return | portfolio_scenario,,按项目用途复核；不足以单独支持核心结论。,1
WEB-0409,20260816_research_archive_v1,ACQUIRED,MIXED_CONTENT,EXTRACTED,SUPPLEMENT,B,shared,06_黄金美元与储备配置/外部原件/WEB-0409_XLSX_entry_xl_worksheets_sheet6.xml/original.html,02_提取正文/WEB-0409/content.json,asset_monthly_return | portfolio_scenario,,按项目用途复核；不足以单独支持核心结论。,1
WEB-0410,20260816_research_archive_v1,ACQUIRED,MIXED_CONTENT,EXTRACTED,SUPPLEMENT,B,shared,06_黄金美元与储备配置/外部原件/WEB-0410_XLSX_entry_xl_worksheets_sheet6.xml/original.html,02_提取正文/WEB-0410/content.json,asset_monthly_return | portfolio_scenario,,按项目用途复核；不足以单独支持核心结论。,1
WEB-0411,20260816_research_archive_v1,ACQUIRED,MIXED_CONTENT,EXTRACTED,SUPPLEMENT,B,shared,06_黄金美元与储备配置/外部原件/WEB-0411_XLSX_entry_xl_worksheets_sheet6.xml/original.html,02_提取正文/WEB-0411/content.json,asset_monthly_return | portfolio_scenario,,按项目用途复核；不足以单独支持核心结论。,1
WEB-0412,20260816_research_archive_v1,ACQUIRED,MIXED_CONTENT,EXTRACTED,SUPPLEMENT,B,shared,06_黄金美元与储备配置/外部原件/WEB-0412_XLSX_entry_xl_worksheets_sheet6.xml/original.html,02_提取正文/WEB-0412/content.json,asset_monthly_return | portfolio_scenario,,按项目用途复核；不足以单独支持核心结论。,1
WEB-0413,20260816_research_archive_v1,ACQUIRED,MIXED_CONTENT,EXTRACTED,SUPPLEMENT,B,shared,06_黄金美元与储备配置/外部原件/WEB-0413_XLSX_entry_xl_worksheets_sheet6.xml/original.html,02_提取正文/WEB-0413/content.json,asset_monthly_return | portfolio_scenario,,按项目用途复核；不足以单独支持核心结论。,1
WEB-0414,20260816_research_archive_v1,ACQUIRED,MIXED_CONTENT,EXTRACTED,SUPPLEMENT,B,shared,06_黄金美元与储备配置/外部原件/WEB-0414_XLSX_entry_xl_worksheets_sheet6.xml/original.html,02_提取正文/WEB-0414/content.json,asset_monthly_return | portfolio_scenario,,按项目用途复核；不足以单独支持核心结论。,1
WEB-0415,20260816_research_archive_v1,ACQUIRED,MIXED_CONTENT,EXTRACTED,SUPPLEMENT,B,shared,06_黄金美元与储备配置/外部原件/WEB-0415_XLSX_entry_xl_worksheets_sheet6.xml/original.html,02_提取正文/WEB-0415/content.json,asset_monthly_return | portfolio_scenario,,按项目用途复核；不足以单独支持核心结论。,1
WEB-0416,20260816_research_archive_v1,ACQUIRED,MIXED_CONTENT,EXTRACTED,SUPPLEMENT,B,shared,06_黄金美元与储备配置/外部原件/WEB-0416_XLSX_entry_xl_worksheets_sheet6.xml/original.html,02_提取正文/WEB-0416/content.json,asset_monthly_return | portfolio_scenario,,按项目用途复核；不足以单独支持核心结论。,1
WEB-0417,20260816_research_archive_v1,ACQUIRED,MIXED_CONTENT,EXTRACTED,SUPPLEMENT,B,shared,06_黄金美元与储备配置/外部原件/WEB-0417_XLSX_entry_xl_worksheets_sheet6.xml/original.html,02_提取正文/WEB-0417/content.json,asset_monthly_return | portfolio_scenario,,按项目用途复核；不足以单独支持核心结论。,1
WEB-0418,20260816_research_archive_v1,ACQUIRED,MIXED_CONTENT,EXTRACTED,SUPPLEMENT,B,shared,06_黄金美元与储备配置/外部原件/WEB-0418_XLSX_entry_xl_worksheets_sheet6.xml/original.html,02_提取正文/WEB-0418/content.json,asset_monthly_return | portfolio_scenario,,按项目用途复核；不足以单独支持核心结论。,1
WEB-0419,20260816_research_archive_v1,ACQUIRED,MIXED_CONTENT,EXTRACTED,SUPPLEMENT,B,shared,06_黄金美元与储备配置/外部原件/WEB-0419_XLSX_entry_xl_worksheets_sheet6.xml/original.html,02_提取正文/WEB-0419/content.json,asset_monthly_return | portfolio_scenario,,按项目用途复核；不足以单独支持核心结论。,1
WEB-0420,20260816_research_archive_v1,ACQUIRED,MIXED_CONTENT,EXTRACTED,SUPPLEMENT,B,shared,06_黄金美元与储备配置/外部原件/WEB-0420_XLSX_entry_xl_worksheets_sheet6.xml/original.html,02_提取正文/WEB-0420/content.json,asset_monthly_return | portfolio_scenario,,按项目用途复核；不足以单独支持核心结论。,1
WEB-0421,20260816_research_archive_v1,ACQUIRED,MIXED_CONTENT,EXTRACTED,SUPPLEMENT,B,shared,06_黄金美元与储备配置/外部原件/WEB-0421_XLSX_entry_xl_worksheets_sheet6.xml/original.html,02_提取正文/WEB-0421/content.json,asset_monthly_return | portfolio_scenario,,按项目用途复核；不足以单独支持核心结论。,1
WEB-0422,20260816_research_archive_v1,ACQUIRED,MIXED_CONTENT,EXTRACTED,SUPPLEMENT,B,shared,06_黄金美元与储备配置/外部原件/WEB-0422_XLSX_entry_xl_worksheets_sheet6.xml/original.html,02_提取正文/WEB-0422/content.json,asset_monthly_return | portfolio_scenario,,按项目用途复核；不足以单独支持核心结论。,1
WEB-0423,20260816_research_archive_v1,ACQUIRED,MIXED_CONTENT,EXTRACTED,SUPPLEMENT,B,shared,06_黄金美元与储备配置/外部原件/WEB-0423_XLSX_entry_xl_worksheets_sheet6.xml/original.html,02_提取正文/WEB-0423/content.json,asset_monthly_return | portfolio_scenario,,按项目用途复核；不足以单独支持核心结论。,1
WEB-0424,20260816_research_archive_v1,ACQUIRED,MIXED_CONTENT,EXTRACTED,SUPPLEMENT,B,shared,06_黄金美元与储备配置/外部原件/WEB-0424_XLSX_entry_xl_worksheets_sheet6.xml/original.html,02_提取正文/WEB-0424/content.json,asset_monthly_return | portfolio_scenario,,按项目用途复核；不足以单独支持核心结论。,1
WEB-0425,20260816_research_archive_v1,ACQUIRED,MIXED_CONTENT,EXTRACTED,SUPPLEMENT,B,shared,06_黄金美元与储备配置/外部原件/WEB-0425_XLSX_entry_xl_worksheets_sheet6.xml/original.html,02_提取正文/WEB-0425/content.json,asset_monthly_return | portfolio_scenario,,按项目用途复核；不足以单独支持核心结论。,1
WEB-0426,20260816_research_archive_v1,ACQUIRED,MIXED_CONTENT,EXTRACTED,SUPPLEMENT,B,shared,06_黄金美元与储备配置/外部原件/WEB-0426_XLSX_entry_xl_worksheets_sheet6.xml/original.html,02_提取正文/WEB-0426/content.json,asset_monthly_return | portfolio_scenario,,按项目用途复核；不足以单独支持核心结论。,1
WEB-0427,20260816_research_archive_v1,ACQUIRED,MIXED_CONTENT,EXTRACTED,SUPPLEMENT,B,shared,06_黄金美元与储备配置/外部原件/WEB-0427_XLSX_entry_xl_worksheets_sheet6.xml/original.html,02_提取正文/WEB-0427/content.json,asset_monthly_return | portfolio_scenario,,按项目用途复核；不足以单独支持核心结论。,1
WEB-0428,20260816_research_archive_v1,ACQUIRED,MIXED_CONTENT,EXTRACTED,SUPPLEMENT,B,shared,06_黄金美元与储备配置/外部原件/WEB-0428_XLSX_entry_xl_worksheets_sheet6.xml/original.html,02_提取正文/WEB-0428/content.json,asset_monthly_return | portfolio_scenario,,按项目用途复核；不足以单独支持核心结论。,1
WEB-0429,20260816_research_archive_v1,ACQUIRED,MIXED_CONTENT,EXTRACTED,SUPPLEMENT,B,shared,06_黄金美元与储备配置/外部原件/WEB-0429_XLSX_entry_xl_worksheets_sheet6.xml/original.html,02_提取正文/WEB-0429/content.json,asset_monthly_return | portfolio_scenario,,按项目用途复核；不足以单独支持核心结论。,1
WEB-0430,20260816_research_archive_v1,ACQUIRED,MIXED_CONTENT,EXTRACTED,SUPPLEMENT,B,shared,06_黄金美元与储备配置/外部原件/WEB-0430_XLSX_entry_xl_worksheets_sheet6.xml/original.html,02_提取正文/WEB-0430/content.json,asset_monthly_return | portfolio_scenario,,按项目用途复核；不足以单独支持核心结论。,1
WEB-0431,20260816_research_archive_v1,ACQUIRED,MIXED_CONTENT,EXTRACTED,SUPPLEMENT,B,shared,06_黄金美元与储备配置/外部原件/WEB-0431_XLSX_entry_xl_worksheets_sheet6.xml/original.html,02_提取正文/WEB-0431/content.json,asset_monthly_return | portfolio_scenario,,按项目用途复核；不足以单独支持核心结论。,1
WEB-0432,20260816_research_archive_v1,ACQUIRED,MIXED_CONTENT,EXTRACTED,SUPPLEMENT,B,shared,06_黄金美元与储备配置/外部原件/WEB-0432_XLSX_entry_xl_worksheets_sheet6.xml/original.html,02_提取正文/WEB-0432/content.json,asset_monthly_return | portfolio_scenario,,按项目用途复核；不足以单独支持核心结论。,1
WEB-0433,20260816_research_archive_v1,ACQUIRED,MIXED_CONTENT,EXTRACTED,SUPPLEMENT,B,shared,06_黄金美元与储备配置/外部原件/WEB-0433_XLSX_entry_xl_worksheets_sheet6.xml/original.html,02_提取正文/WEB-0433/content.json,asset_monthly_return | portfolio_scenario,,按项目用途复核；不足以单独支持核心结论。,1
WEB-0434,20260816_research_archive_v1,ACQUIRED,MIXED_CONTENT,EXTRACTED,SUPPLEMENT,B,shared,06_黄金美元与储备配置/外部原件/WEB-0434_XLSX_entry_xl_worksheets_sheet6.xml/original.html,02_提取正文/WEB-0434/content.json,asset_monthly_return | portfolio_scenario,,按项目用途复核；不足以单独支持核心结论。,1
WEB-0435,20260816_research_archive_v1,ACQUIRED,MIXED_CONTENT,EXTRACTED,SUPPLEMENT,B,shared,06_黄金美元与储备配置/外部原件/WEB-0435_XLSX_entry_xl_worksheets_sheet6.xml/original.html,02_提取正文/WEB-0435/content.json,asset_monthly_return | portfolio_scenario,,按项目用途复核；不足以单独支持核心结论。,1
WEB-0436,20260816_research_archive_v1,ACQUIRED,MIXED_CONTENT,EXTRACTED,SUPPLEMENT,B,shared,06_黄金美元与储备配置/外部原件/WEB-0436_XLSX_entry_xl_worksheets_sheet6.xml/original.html,02_提取正文/WEB-0436/content.json,asset_monthly_return | portfolio_scenario,,按项目用途复核；不足以单独支持核心结论。,1
WEB-0437,20260816_research_archive_v1,ACQUIRED,MIXED_CONTENT,EXTRACTED,SUPPLEMENT,B,shared,06_黄金美元与储备配置/外部原件/WEB-0437_XLSX_entry_xl_worksheets_sheet6.xml/original.html,02_提取正文/WEB-0437/content.json,asset_monthly_return | portfolio_scenario,,按项目用途复核；不足以单独支持核心结论。,1
WEB-0438,20260816_research_archive_v1,ACQUIRED,MIXED_CONTENT,EXTRACTED,SUPPLEMENT,B,shared,06_黄金美元与储备配置/外部原件/WEB-0438_XLSX_entry_xl_worksheets_sheet6.xml/original.html,02_提取正文/WEB-0438/content.json,asset_monthly_return | portfolio_scenario,,按项目用途复核；不足以单独支持核心结论。,1
WEB-0439,20260816_research_archive_v1,ACQUIRED,MIXED_CONTENT,EXTRACTED,SUPPLEMENT,B,shared,06_黄金美元与储备配置/外部原件/WEB-0439_XLSX_entry_xl_worksheets_sheet6.xml/original.html,02_提取正文/WEB-0439/content.json,asset_monthly_return | portfolio_scenario,,按项目用途复核；不足以单独支持核心结论。,1
WEB-0440,20260816_research_archive_v1,ACQUIRED,MIXED_CONTENT,EXTRACTED,SUPPLEMENT,B,shared,06_黄金美元与储备配置/外部原件/WEB-0440_XLSX_entry_xl_worksheets_sheet6.xml/original.html,02_提取正文/WEB-0440/content.json,asset_monthly_return | portfolio_scenario,,按项目用途复核；不足以单独支持核心结论。,1
WEB-0441,20260816_research_archive_v1,ACQUIRED,MIXED_CONTENT,EXTRACTED,SUPPLEMENT,B,shared,06_黄金美元与储备配置/外部原件/WEB-0441_XLSX_entry_xl_worksheets_sheet6.xml/original.html,02_提取正文/WEB-0441/content.json,asset_monthly_return | portfolio_scenario,,按项目用途复核；不足以单独支持核心结论。,1
WEB-0442,20260816_research_archive_v1,ACQUIRED,MIXED_CONTENT,EXTRACTED,SUPPLEMENT,B,shared,06_黄金美元与储备配置/外部原件/WEB-0442_XLSX_entry_xl_worksheets_sheet6.xml/original.html,02_提取正文/WEB-0442/content.json,asset_monthly_return | portfolio_scenario,,按项目用途复核；不足以单独支持核心结论。,1
WEB-0443,20260816_research_archive_v1,ACQUIRED,MIXED_CONTENT,EXTRACTED,SUPPLEMENT,B,shared,06_黄金美元与储备配置/外部原件/WEB-0443_XLSX_entry_xl_worksheets_sheet6.xml/original.html,02_提取正文/WEB-0443/content.json,asset_monthly_return | portfolio_scenario,,按项目用途复核；不足以单独支持核心结论。,1
WEB-0444,20260816_research_archive_v1,ACQUIRED,MIXED_CONTENT,EXTRACTED,SUPPLEMENT,B,shared,06_黄金美元与储备配置/外部原件/WEB-0444_XLSX_entry_xl_worksheets_sheet6.xml/original.html,02_提取正文/WEB-0444/content.json,asset_monthly_return | portfolio_scenario,,按项目用途复核；不足以单独支持核心结论。,1
WEB-0445,20260816_research_archive_v1,ACQUIRED,MIXED_CONTENT,EXTRACTED,SUPPLEMENT,B,shared,06_黄金美元与储备配置/外部原件/WEB-0445_XLSX_entry_xl_worksheets_sheet6.xml/original.html,02_提取正文/WEB-0445/content.json,asset_monthly_return | portfolio_scenario,,按项目用途复核；不足以单独支持核心结论。,1
WEB-0446,20260816_research_archive_v1,ACQUIRED,MIXED_CONTENT,EXTRACTED,SUPPLEMENT,B,shared,06_黄金美元与储备配置/外部原件/WEB-0446_XLSX_entry_xl_worksheets_sheet6.xml/original.html,02_提取正文/WEB-0446/content.json,asset_monthly_return | portfolio_scenario,,按项目用途复核；不足以单独支持核心结论。,1
WEB-0447,20260816_research_archive_v1,ACQUIRED,MIXED_CONTENT,EXTRACTED,SUPPLEMENT,B,shared,06_黄金美元与储备配置/外部原件/WEB-0447_XLSX_entry_xl_worksheets_sheet6.xml/original.html,02_提取正文/WEB-0447/content.json,asset_monthly_return | portfolio_scenario,,按项目用途复核；不足以单独支持核心结论。,1
WEB-0448,20260816_research_archive_v1,ACQUIRED,MIXED_CONTENT,EXTRACTED,SUPPLEMENT,B,shared,06_黄金美元与储备配置/外部原件/WEB-0448_XLSX_entry_xl_worksheets_sheet6.xml/original.html,02_提取正文/WEB-0448/content.json,asset_monthly_return | portfolio_scenario,,按项目用途复核；不足以单独支持核心结论。,1
WEB-0449,20260816_research_archive_v1,ACQUIRED,MIXED_CONTENT,EXTRACTED,SUPPLEMENT,B,shared,06_黄金美元与储备配置/外部原件/WEB-0449_XLSX_entry_xl_worksheets_sheet6.xml/original.html,02_提取正文/WEB-0449/content.json,asset_monthly_return | portfolio_scenario,,按项目用途复核；不足以单独支持核心结论。,1
WEB-0450,20260816_research_archive_v1,ACQUIRED,MIXED_CONTENT,EXTRACTED,SUPPLEMENT,B,shared,06_黄金美元与储备配置/外部原件/WEB-0450_XLSX_entry_xl_worksheets_sheet6.xml/original.html,02_提取正文/WEB-0450/content.json,asset_monthly_return | portfolio_scenario,,按项目用途复核；不足以单独支持核心结论。,1
WEB-0451,20260816_research_archive_v1,ACQUIRED,MIXED_CONTENT,EXTRACTED,SUPPLEMENT,B,shared,06_黄金美元与储备配置/外部原件/WEB-0451_XLSX_entry_xl_worksheets_sheet6.xml/original.html,02_提取正文/WEB-0451/content.json,asset_monthly_return | portfolio_scenario,,按项目用途复核；不足以单独支持核心结论。,1
WEB-0452,20260816_research_archive_v1,ACQUIRED,MIXED_CONTENT,EXTRACTED,SUPPLEMENT,B,shared,06_黄金美元与储备配置/外部原件/WEB-0452_XLSX_entry_xl_worksheets_sheet6.xml/original.html,02_提取正文/WEB-0452/content.json,asset_monthly_return | portfolio_scenario,,按项目用途复核；不足以单独支持核心结论。,1
WEB-0453,20260816_research_archive_v1,ACQUIRED,MIXED_CONTENT,EXTRACTED,SUPPLEMENT,B,shared,06_黄金美元与储备配置/外部原件/WEB-0453_XLSX_entry_xl_worksheets_sheet6.xml/original.html,02_提取正文/WEB-0453/content.json,asset_monthly_return | portfolio_scenario,,按项目用途复核；不足以单独支持核心结论。,1
WEB-0454,20260816_research_archive_v1,ACQUIRED,MIXED_CONTENT,EXTRACTED,SUPPLEMENT,B,shared,06_黄金美元与储备配置/外部原件/WEB-0454_XLSX_entry_xl_worksheets_sheet6.xml/original.html,02_提取正文/WEB-0454/content.json,asset_monthly_return | portfolio_scenario,,按项目用途复核；不足以单独支持核心结论。,1
WEB-0455,20260816_research_archive_v1,ACQUIRED,MIXED_CONTENT,EXTRACTED,SUPPLEMENT,B,shared,06_黄金美元与储备配置/外部原件/WEB-0455_XLSX_entry_xl_worksheets_sheet6.xml/original.html,02_提取正文/WEB-0455/content.json,asset_monthly_return | portfolio_scenario,,按项目用途复核；不足以单独支持核心结论。,1
WEB-0456,20260816_research_archive_v1,ACQUIRED,MIXED_CONTENT,EXTRACTED,SUPPLEMENT,B,shared,06_黄金美元与储备配置/外部原件/WEB-0456_XLSX_entry_xl_worksheets_sheet6.xml/original.html,02_提取正文/WEB-0456/content.json,asset_monthly_return | portfolio_scenario,,按项目用途复核；不足以单独支持核心结论。,1
WEB-0457,20260816_research_archive_v1,ACQUIRED,MIXED_CONTENT,EXTRACTED,SUPPLEMENT,B,shared,06_黄金美元与储备配置/外部原件/WEB-0457_XLSX_entry_xl_worksheets_sheet6.xml/original.html,02_提取正文/WEB-0457/content.json,asset_monthly_return | portfolio_scenario,,按项目用途复核；不足以单独支持核心结论。,1
WEB-0458,20260816_research_archive_v1,ACQUIRED,DOCUMENT_LOCAL,NOT_REQUIRED,EXCLUDED,D,private_only,05_全球周期与历史危机/外部原件/WEB-0458_6._上海期货交易所，2013年12月，《美联储QE决策的时间纵向分析及对金价的影响》——2013年12月18日美联储宣布缩减购债：_/original.pdf,,asset_monthly_return | case_evidence | historical_crisis_event | global_cycle_month,,补充权威替代来源；无法取得时删除相应字段和结论承诺。,0
WEB-0459,20260816_research_archive_v1,ACQUIRED,DOCUMENT_LOCAL,NOT_REQUIRED,EXCLUDED,D,private_only,08_企业案例与公开披露/外部原件/WEB-0459_上期所研究报告/original.pdf,,company_overseas_exposure | country_event | asset_monthly_return | portfolio_scenario,,补充权威替代来源；无法取得时删除相应字段和结论承诺。,0
WEB-0460,20260816_research_archive_v1,NOT_APPLICABLE,NOT_ACQUIRED,FAILED,EXCLUDED,C,metadata_only,,,company_overseas_exposure | country_event | asset_monthly_return | portfolio_scenario,,仅保留元数据；正式分析改用许可允许的权威替代源。,0
WEB-0461,20260816_research_archive_v1,NOT_APPLICABLE,NOT_ACQUIRED,FAILED,EXCLUDED,D,metadata_only,,,case_evidence | historical_crisis_event | global_cycle_month,,仅保留元数据；正式分析改用许可允许的权威替代源。,0
WEB-0462,20260816_research_archive_v1,NOT_APPLICABLE,NOT_ACQUIRED,FAILED,EXCLUDED,D,metadata_only,,,source_registry,,仅保留元数据；正式分析改用许可允许的权威替代源。,0
WEB-0463,20260816_research_archive_v1,NOT_APPLICABLE,NOT_ACQUIRED,FAILED,EXCLUDED,D,metadata_only,,,source_registry,,仅保留元数据；正式分析改用许可允许的权威替代源。,0
WEB-0464,20260816_research_archive_v1,NOT_APPLICABLE,NOT_ACQUIRED,FAILED,EXCLUDED,D,metadata_only,,,source_registry,,仅保留元数据；正式分析改用许可允许的权威替代源。,0
WEB-0465,20260816_research_archive_v1,NOT_APPLICABLE,NOT_ACQUIRED,FAILED,EXCLUDED,D,metadata_only,,,company_overseas_exposure | country_event | portfolio_scenario | case_evidence,,仅保留元数据；正式分析改用许可允许的权威替代源。,0
WEB-0466,20260816_research_archive_v1,NOT_APPLICABLE,NOT_ACQUIRED,FAILED,EXCLUDED,D,metadata_only,,,company_overseas_exposure | country_event | asset_monthly_return | portfolio_scenario,,仅保留元数据；正式分析改用许可允许的权威替代源。,0
WEB-0467,20260816_research_archive_v1,NOT_APPLICABLE,NOT_ACQUIRED,FAILED,EXCLUDED,D,metadata_only,,,company_overseas_exposure | country_event | asset_monthly_return | portfolio_scenario,,仅保留元数据；正式分析改用许可允许的权威替代源。,0
WEB-0468,20260816_research_archive_v1,NOT_APPLICABLE,NOT_ACQUIRED,FAILED,EXCLUDED,D,metadata_only,,,asset_monthly_return | case_evidence | historical_crisis_event | global_cycle_month,,仅保留元数据；正式分析改用许可允许的权威替代源。,0
WEB-0469,20260816_research_archive_v1,ACQUIRED,MIXED_CONTENT,EXTRACTED,EXCLUDED,D,private_only,07_会计合规与制裁/外部原件/WEB-0469_1._传音控股_2023_2024_年报与三季报（人民币营收、非洲占比、汇率损失）：上交所披露：_/original.html,02_提取正文/WEB-0469/content.json,company_overseas_exposure | country_policy_year | asset_monthly_return | case_evidence,,补充权威替代来源；无法取得时删除相应字段和结论承诺。,0
WEB-0470,20260816_research_archive_v1,NOT_APPLICABLE,NOT_ACQUIRED,FAILED,EXCLUDED,D,metadata_only,,,case_evidence | historical_crisis_event | global_cycle_month,,仅保留元数据；正式分析改用许可允许的权威替代源。,0
WEB-0471,20260816_research_archive_v1,ACQUIRED,MIXED_CONTENT,EXTRACTED,CORE,A,shared,08_企业案例与公开披露/外部原件/WEB-0471_国家统计局，2025-01/original.html,02_提取正文/WEB-0471/content.json | 01_新增原件/WEB-0471/WEB-0471-R01_P020250127324149881531.xlsx | 03_提取表格/WEB-0471/WEB-0471-R01/附表1.csv | 03_提取表格/WEB-0471/WEB-0471-R01/附表2.csv | 03_提取表格/WEB-0471/WEB-0471-R01/附表3.csv | 03_提取表格/WEB-0471/WEB-0471-R01/12月用1.csv | 03_提取表格/WEB-0471/WEB-0471-R01/12月用2.csv | 03_提取表格/WEB-0471/WEB-0471-R01/12月用3.csv,company_overseas_exposure | country_event | asset_monthly_return | portfolio_scenario,,人工复核关键字段与source_locator；通过后映射至正式source_registry。,1
WEB-0472,20260816_research_archive_v1,ACQUIRED,MIXED_CONTENT,EXTRACTED,CORE,A,shared,08_企业案例与公开披露/外部原件/WEB-0472_2024-12/original.html,02_提取正文/WEB-0472/content.json | 01_新增原件/WEB-0472/WEB-0472-R01_P020241227323532210431.xlsx | 03_提取表格/WEB-0472/WEB-0472-R01/附表1.csv | 03_提取表格/WEB-0472/WEB-0472-R01/附表2.csv | 03_提取表格/WEB-0472/WEB-0472-R01/附表3.csv | 03_提取表格/WEB-0472/WEB-0472-R01/12月用1.csv | 03_提取表格/WEB-0472/WEB-0472-R01/12月用2.csv | 03_提取表格/WEB-0472/WEB-0472-R01/12月用3.csv,company_overseas_exposure | country_event | asset_monthly_return | portfolio_scenario,,人工复核关键字段与source_locator；通过后映射至正式source_registry。,1
WEB-0473,20260816_research_archive_v1,NOT_APPLICABLE,NOT_ACQUIRED,FAILED,EXCLUDED,D,metadata_only,,,case_evidence | historical_crisis_event | global_cycle_month,,仅保留元数据；正式分析改用许可允许的权威替代源。,0
WEB-0474,20260816_research_archive_v1,NOT_APPLICABLE,NOT_ACQUIRED,FAILED,EXCLUDED,A,metadata_only,,,company_overseas_exposure | country_monthly_risk | country_policy_year | country_event | case_evidence,,仅保留元数据；正式分析改用许可允许的权威替代源。,0
WEB-0475,20260816_research_archive_v1,NOT_APPLICABLE,NOT_ACQUIRED,FAILED,EXCLUDED,D,metadata_only,,,country_monthly_risk | country_policy_year | country_event | asset_monthly_return | case_evidence,,仅保留元数据；正式分析改用许可允许的权威替代源。,0
WEB-0476,20260816_research_archive_v1,NOT_APPLICABLE,NOT_ACQUIRED,FAILED,EXCLUDED,A,metadata_only,,,country_monthly_risk | country_policy_year | country_event | asset_monthly_return | case_evidence,,仅保留元数据；正式分析改用许可允许的权威替代源。,0
WEB-0477,20260816_research_archive_v1,NOT_APPLICABLE,NOT_ACQUIRED,FAILED,EXCLUDED,D,metadata_only,,,company_overseas_exposure | country_event | asset_monthly_return | portfolio_scenario,,仅保留元数据；正式分析改用许可允许的权威替代源。,0
WEB-0478,20260816_research_archive_v1,NOT_APPLICABLE,NOT_ACQUIRED,FAILED,EXCLUDED,D,metadata_only,,,company_overseas_exposure | country_event | asset_monthly_return | portfolio_scenario,,仅保留元数据；正式分析改用许可允许的权威替代源。,0
WEB-0479,20260816_research_archive_v1,NOT_APPLICABLE,NOT_ACQUIRED,FAILED,EXCLUDED,C,metadata_only,,,company_overseas_exposure | country_monthly_risk | country_event | portfolio_scenario | case_evidence,,仅保留元数据；正式分析改用许可允许的权威替代源。,0
WEB-0480,20260816_research_archive_v1,NOT_APPLICABLE,NOT_ACQUIRED,FAILED,EXCLUDED,C,metadata_only,,,company_overseas_exposure | country_event | asset_monthly_return | portfolio_scenario,,仅保留元数据；正式分析改用许可允许的权威替代源。,0
WEB-0481,20260816_research_archive_v1,NOT_APPLICABLE,NOT_ACQUIRED,FAILED,EXCLUDED,A,metadata_only,,,country_monthly_risk | country_policy_year | country_event | case_evidence,,仅保留元数据；正式分析改用许可允许的权威替代源。,0
WEB-0482,20260816_research_archive_v1,NOT_APPLICABLE,NOT_ACQUIRED,FAILED,EXCLUDED,A,metadata_only,,,country_policy_year | asset_monthly_return | case_evidence,,仅保留元数据；正式分析改用许可允许的权威替代源。,0
WEB-0483,20260816_research_archive_v1,NOT_APPLICABLE,NOT_ACQUIRED,FAILED,EXCLUDED,D,metadata_only,,,asset_monthly_return | case_evidence | historical_crisis_event | global_cycle_month,,仅保留元数据；正式分析改用许可允许的权威替代源。,0
WEB-0484,20260816_research_archive_v1,NOT_APPLICABLE,NOT_ACQUIRED,FAILED,EXCLUDED,D,metadata_only,,,country_policy_year | asset_monthly_return,,仅保留元数据；正式分析改用许可允许的权威替代源。,0
WEB-0485,20260816_research_archive_v1,NOT_APPLICABLE,NOT_ACQUIRED,FAILED,EXCLUDED,A,metadata_only,,,asset_monthly_return | portfolio_scenario,,仅保留元数据；正式分析改用许可允许的权威替代源。,0
WEB-0486,20260816_research_archive_v1,NOT_APPLICABLE,NOT_ACQUIRED,FAILED,EXCLUDED,A,metadata_only,,,asset_monthly_return | portfolio_scenario,,仅保留元数据；正式分析改用许可允许的权威替代源。,0
WEB-0487,20260816_research_archive_v1,NOT_APPLICABLE,NOT_ACQUIRED,FAILED,EXCLUDED,A,metadata_only,,,asset_monthly_return | portfolio_scenario,,仅保留元数据；正式分析改用许可允许的权威替代源。,0
WEB-0488,20260816_research_archive_v1,NOT_APPLICABLE,NOT_ACQUIRED,FAILED,EXCLUDED,D,metadata_only,,,asset_monthly_return | portfolio_scenario,,仅保留元数据；正式分析改用许可允许的权威替代源。,0
WEB-0489,20260816_research_archive_v1,NOT_APPLICABLE,NOT_ACQUIRED,FAILED,EXCLUDED,D,metadata_only,,,asset_monthly_return | portfolio_scenario,,仅保留元数据；正式分析改用许可允许的权威替代源。,0
WEB-0490,20260816_research_archive_v1,NOT_APPLICABLE,NOT_ACQUIRED,FAILED,EXCLUDED,D,metadata_only,,,asset_monthly_return | portfolio_scenario,,仅保留元数据；正式分析改用许可允许的权威替代源。,0
WEB-0491,20260816_research_archive_v1,NOT_APPLICABLE,NOT_ACQUIRED,FAILED,EXCLUDED,D,metadata_only,,,country_monthly_risk | country_policy_year | country_event | asset_monthly_return | case_evidence,,仅保留元数据；正式分析改用许可允许的权威替代源。,0
WEB-0492,20260816_research_archive_v1,ACQUIRED,NARRATIVE_CONTENT,EXTRACTED,SUPPLEMENT,B,shared,"06_黄金美元与储备配置/外部原件/WEB-0492_17_World_Bank,_Commodity_Markets_Pink_Sheet,/original.html",02_提取正文/WEB-0492/content.json,asset_monthly_return | portfolio_scenario,,按项目用途复核；不足以单独支持核心结论。,1
WEB-0493,20260816_research_archive_v1,ACQUIRED,NARRATIVE_CONTENT,EXTRACTED,SUPPLEMENT,B,shared,07_会计合规与制裁/外部原件/WEB-0493_3._苏丹_GDP（2023_年_-12%～-18%）：世界银行《Sudan_Economic_Update》：_/original.html,02_提取正文/WEB-0493/content.json,country_policy_year | asset_monthly_return | case_evidence,,按项目用途复核；不足以单独支持核心结论。,1
WEB-0494,20260816_research_archive_v1,ACQUIRED,NARRATIVE_CONTENT,EXTRACTED,SUPPLEMENT,B,shared,06_黄金美元与储备配置/外部原件/WEB-0494_2._世界银行（World_Bank），2022，《Lebanon's_Crisis_Great_Denial_in_the_Deliberat/original.html,02_提取正文/WEB-0494/content.json,country_monthly_risk | country_event | asset_monthly_return | portfolio_scenario | case_evidence,,按项目用途复核；不足以单独支持核心结论。,1
WEB-0495,20260816_research_archive_v1,ACQUIRED,NARRATIVE_CONTENT,EXTRACTED,SUPPLEMENT,B,shared,"04_国别货币与中国出海/外部原件/WEB-0495_1._世界银行（World_Bank），2023，《Lebanon_Economic_Monitor,_Spring_2023_Normaliz/original.html",02_提取正文/WEB-0495/content.json,country_monthly_risk | country_policy_year | country_event | case_evidence,,按项目用途复核；不足以单独支持核心结论。,1
WEB-0496,20260816_research_archive_v1,ACQUIRED,NARRATIVE_CONTENT,EXTRACTED,SUPPLEMENT,B,shared,06_黄金美元与储备配置/外部原件/WEB-0496_XLSX_entry_xl_worksheets_sheet4.xml/original.html,02_提取正文/WEB-0496/content.json,country_exposure | asset_monthly_return | portfolio_scenario,,按项目用途复核；不足以单独支持核心结论。,1
WEB-0497,20260816_research_archive_v1,ACQUIRED,MIXED_CONTENT,EXTRACTED,SUPPLEMENT,B,shared,05_全球周期与历史危机/外部原件/WEB-0497_5._世界银行《Global_Economic_Prospects》1995_年墨西哥_GDP_数据（-6.2%）：_/original.html,02_提取正文/WEB-0497/content.json,case_evidence | historical_crisis_event | global_cycle_month,,按项目用途复核；不足以单独支持核心结论。,1
WEB-0498,20260816_research_archive_v1,ACQUIRED,MIXED_CONTENT,EXTRACTED,SUPPLEMENT,B,shared,07_会计合规与制裁/外部原件/WEB-0498_8._布伦特_2024_年走势：世界银行_Pink_Sheet：_/original.html,02_提取正文/WEB-0498/content.json | 01_新增原件/WEB-0498/WEB-0498-R01_CMO-Historical-Data-Annual.xlsx | 01_新增原件/WEB-0498/WEB-0498-R02_CMO-Historical-Data-Monthly.xlsx | 03_提取表格/WEB-0498/WEB-0498-R01/AFOSHEET.csv | 03_提取表格/WEB-0498/WEB-0498-R01/Annual_Prices_(Nominal).csv | 03_提取表格/WEB-0498/WEB-0498-R01/Annual_Indices_(Nominal).csv | 03_提取表格/WEB-0498/WEB-0498-R01/Annual_Prices_(Real).csv | 03_提取表格/WEB-0498/WEB-0498-R01/Annual_Indices_(Real).csv | 03_提取表格/WEB-0498/WEB-0498-R01/Description.csv | 03_提取表格/WEB-0498/WEB-0498-R01/Definitions.csv | 03_提取表格/WEB-0498/WEB-0498-R01/Index_Weights.csv | 03_提取表格/WEB-0498/WEB-0498-R02/AFOSHEET.csv | 03_提取表格/WEB-0498/WEB-0498-R02/Monthly_Prices.csv | 03_提取表格/WEB-0498/WEB-0498-R02/Monthly_Indices.csv | 03_提取表格/WEB-0498/WEB-0498-R02/Description.csv | 03_提取表格/WEB-0498/WEB-0498-R02/Index_Weights.csv,country_exposure | country_policy_year | asset_monthly_return | case_evidence | historical_crisis_event,,按项目用途复核；不足以单独支持核心结论。,1
WEB-0499,20260816_research_archive_v1,NOT_APPLICABLE,NOT_ACQUIRED,FAILED,EXCLUDED,D,metadata_only,,,company_overseas_exposure | country_event | asset_monthly_return | portfolio_scenario,,仅保留元数据；正式分析改用许可允许的权威替代源。,0
WEB-0500,20260816_research_archive_v1,NOT_APPLICABLE,NOT_ACQUIRED,FAILED,EXCLUDED,D,metadata_only,,,company_overseas_exposure | country_event | asset_monthly_return | portfolio_scenario,,仅保留元数据；正式分析改用许可允许的权威替代源。,0
WEB-0501,20260816_research_archive_v1,NOT_APPLICABLE,NOT_ACQUIRED,FAILED,EXCLUDED,D,metadata_only,,,company_overseas_exposure | country_event | asset_monthly_return | portfolio_scenario,,仅保留元数据；正式分析改用许可允许的权威替代源。,0
WEB-0502,20260816_research_archive_v1,NOT_APPLICABLE,NOT_ACQUIRED,FAILED,EXCLUDED,D,metadata_only,,,company_overseas_exposure | country_event | asset_monthly_return | portfolio_scenario,,仅保留元数据；正式分析改用许可允许的权威替代源。,0
WEB-0503,20260816_research_archive_v1,NOT_APPLICABLE,NOT_ACQUIRED,FAILED,EXCLUDED,D,metadata_only,,,company_overseas_exposure | country_event | asset_monthly_return | portfolio_scenario,,仅保留元数据；正式分析改用许可允许的权威替代源。,0
WEB-0504,20260816_research_archive_v1,NOT_APPLICABLE,NOT_ACQUIRED,FAILED,EXCLUDED,D,metadata_only,,,company_overseas_exposure | country_event | asset_monthly_return | portfolio_scenario,,仅保留元数据；正式分析改用许可允许的权威替代源。,0
WEB-0505,20260816_research_archive_v1,NOT_APPLICABLE,NOT_ACQUIRED,FAILED,EXCLUDED,D,metadata_only,,,company_overseas_exposure | country_event | asset_monthly_return | portfolio_scenario,,仅保留元数据；正式分析改用许可允许的权威替代源。,0
WEB-0506,20260816_research_archive_v1,NOT_APPLICABLE,NOT_ACQUIRED,FAILED,EXCLUDED,D,metadata_only,,,company_overseas_exposure | country_event | asset_monthly_return | portfolio_scenario,,仅保留元数据；正式分析改用许可允许的权威替代源。,0
WEB-0507,20260816_research_archive_v1,NOT_APPLICABLE,NOT_ACQUIRED,FAILED,EXCLUDED,D,metadata_only,,,asset_monthly_return | portfolio_scenario,,仅保留元数据；正式分析改用许可允许的权威替代源。,0
REF-0001,20260816_research_archive_v1,NOT_APPLICABLE,NOT_ACQUIRED,FAILED,EXCLUDED,D,metadata_only,,,country_policy_year,,按人工任务卡接受条款或完成机构授权后重新验收。,0
