asset_id,source_file,location,origin_type,context,canonical_url
WEB-0001,案例库/宏观危机篇/11_2013黄金暴跌（反面案例）/案例档案.md,58,plain_url,5. 中国建设银行，2013年8月，《2013年上半年黄金市场回顾与预判》——6月20日美联储声明后金价单日跌5%：<http://ccb.com/cn/ccbtoday/jhbkhb/20130813_1376363753.html>,http://ccb.com/cn/ccbtoday/jhbkhb/20130813_1376363753.html
WEB-0002,最终数据/最终数据/research/media_sentiment_gold_paper/metadata/sge_quotation_daily_new.html,508,plain_url,"        	<a href=""http://en.sge.com.cn"" class=""englishBtn"">International Business</a>",http://en.sge.com.cn/
WEB-0003,案例库/宏观危机篇/11_2013黄金暴跌（反面案例）/案例档案.md,57,plain_url,"4. 人民网财经，2013年4月22日，""黄金暴跌美联储和高盛难逃操纵嫌疑""——4月12日-5.03%、4月15日-9.09%为30年最大单日跌幅：<http://finance.people.com.cn/stock/n/2013/0422/c67815-21224610.html>",http://finance.people.com.cn/stock/n/2013/0422/c67815-21224610.html
WEB-0004,企业资产配置调研报告.md,111,markdown_link,- **银行贷后实务阈值清单**：应收账款回收周期 >90 天或现金流持续为负；**流动比率 <1.5、速动比率 <1、资产负债率骤升 >70%**；短债占比 >50% 或依赖借新还旧；货币资金不足以覆盖短期有息负债；连续两期利息逾期；资金归行率下降 >50%；3 家以上机构多头借贷。（[盈科律所贷后风控要点](https://www.yingkelvshi.net/show-m.asp?id=2947)；[贷后预警信号清单（120 项）](http://mp.weixin.qq.com/s?__biz=MzA5MzEwODIxMQ==&mid=2247576958&idx=1&sn=05edc03f5edfd6117c09ff9d91fdf54b)）,http://mp.weixin.qq.com/s?__biz=MzA5MzEwODIxMQ%3D%3D&mid=2247576958&idx=1&sn=05edc03f5edfd6117c09ff9d91fdf54b
WEB-0004,企业资产配置调研报告.md,111,plain_url,- **银行贷后实务阈值清单**：应收账款回收周期 >90 天或现金流持续为负；**流动比率 <1.5、速动比率 <1、资产负债率骤升 >70%**；短债占比 >50% 或依赖借新还旧；货币资金不足以覆盖短期有息负债；连续两期利息逾期；资金归行率下降 >50%；3 家以上机构多头借贷。（[盈科律所贷后风控要点](https://www.yingkelvshi.net/show-m.asp?id=2947)；[贷后预警信号清单（120 项）](http://mp.weixin.qq.com/s?__biz=MzA5MzEwODIxMQ==&mid=2247576958&idx=1&sn=05edc03f5edfd6117c09ff9d91fdf54b)）,http://mp.weixin.qq.com/s?__biz=MzA5MzEwODIxMQ%3D%3D&mid=2247576958&idx=1&sn=05edc03f5edfd6117c09ff9d91fdf54b
WEB-0005,最终数据/最终数据/research/media_sentiment_gold_paper/datasets/raw/China_Mainland_Paper_EPU.xlsx,docProps/core.xml,xlsx_xml,XLSX entry: docProps/core.xml,http://purl.org/dc/dcmitype
WEB-0006,最终数据/最终数据/research/media_sentiment_gold_paper/datasets/raw/China_Mainland_Paper_EPU.xlsx,docProps/core.xml,xlsx_xml,XLSX entry: docProps/core.xml,http://purl.org/dc/elements/1.1
WEB-0007,最终数据/最终数据/research/media_sentiment_gold_paper/datasets/raw/China_Mainland_Paper_EPU.xlsx,docProps/core.xml,xlsx_xml,XLSX entry: docProps/core.xml,http://purl.org/dc/terms
WEB-0008,企业资产配置调研报告.md,66,markdown_link,"- 自营为第一大收入来源（2024 年 1740.7 亿元，占营收 38.6%）；自营金融资产约占总资产 35%、货币资金约 20%（七成为客户资金）、两融融出资金约 13%；自营""重固收""。（[财联社，2025-04](https://www.cls.cn/detail/1997358)；[中国期货业协会分析框架，2022](http://www.cfachina.org/servicesupport/analygarden/jrl/fxszh6/202207/P020220713595644967146.pdf)；[开源证券，2025-01](https://pdf.dfcfw.com/pdf/H301_AP202501231642482948_1.pdf)）",http://www.cfachina.org/servicesupport/analygarden/jrl/fxszh6/202207/P020220713595644967146.pdf
WEB-0008,企业资产配置调研报告.md,66,plain_url,"- 自营为第一大收入来源（2024 年 1740.7 亿元，占营收 38.6%）；自营金融资产约占总资产 35%、货币资金约 20%（七成为客户资金）、两融融出资金约 13%；自营""重固收""。（[财联社，2025-04](https://www.cls.cn/detail/1997358)；[中国期货业协会分析框架，2022](http://www.cfachina.org/servicesupport/analygarden/jrl/fxszh6/202207/P020220713595644967146.pdf)；[开源证券，2025-01](https://pdf.dfcfw.com/pdf/H301_AP202501231642482948_1.pdf)）",http://www.cfachina.org/servicesupport/analygarden/jrl/fxszh6/202207/P020220713595644967146.pdf
WEB-0009,企业资产配置调研报告.md,121,markdown_link,"- **商票替代现金支付**：约 2016 年起将货款变为""账期+商票""，供应商账期被动拉长。（[经济观察网，2021](http://www.eeo.com.cn/2021/0927/506013.shtml)）",http://www.eeo.com.cn/2021/0927/506013.shtml
WEB-0009,企业资产配置调研报告.md,121,plain_url,"- **商票替代现金支付**：约 2016 年起将货款变为""账期+商票""，供应商账期被动拉长。（[经济观察网，2021](http://www.eeo.com.cn/2021/0927/506013.shtml)）",http://www.eeo.com.cn/2021/0927/506013.shtml
WEB-0010,企业资产配置调研报告.md,34,markdown_link,- **现金持有水平高**：A 股上市公司货币资金/总资产均值约 **18.6%–20.2%**，非货币金融资产占比仅约 3.2%。（[《金融研究》论文](http://www.jryj.org.cn/CN/article/downloadArticleFile.do?attachType=PDF&id=1090)；[CICPA 刊载研究，2017](https://www.cicpa.org.cn/ztzl1/zgzckjs/zazhi2017/202012/P020230523520286146501.pdf)）,http://www.jryj.org.cn/CN/article/downloadArticleFile.do?attachType=PDF&id=1090
WEB-0010,企业资产配置调研报告.md,34,plain_url,- **现金持有水平高**：A 股上市公司货币资金/总资产均值约 **18.6%–20.2%**，非货币金融资产占比仅约 3.2%。（[《金融研究》论文](http://www.jryj.org.cn/CN/article/downloadArticleFile.do?attachType=PDF&id=1090)；[CICPA 刊载研究，2017](https://www.cicpa.org.cn/ztzl1/zgzckjs/zazhi2017/202012/P020230523520286146501.pdf)）,http://www.jryj.org.cn/CN/article/downloadArticleFile.do?attachType=PDF&id=1090
WEB-0011,企业资产配置调研报告.md,135,markdown_link,"- **质押/租借盘活**：人民银行《黄金租借业务管理暂行办法》（银办发〔2022〕88 号）：银行向非金融机构借出黄金仅限""涉金企业""；普通企业可作为质押方/借出方。黄金质押融资业务商业银行自 2000 年左右已开展。（[人民银行，2022](http://www.pbc.gov.cn/tiaofasi/144941/3581332/4600134/index.html)；[上期所研究报告](https://www.shfe.com.cn/upload/20201104/1604460652453.pdf)）",http://www.pbc.gov.cn/tiaofasi/144941/3581332/4600134/index.html
WEB-0011,企业资产配置调研报告.md,135,plain_url,"- **质押/租借盘活**：人民银行《黄金租借业务管理暂行办法》（银办发〔2022〕88 号）：银行向非金融机构借出黄金仅限""涉金企业""；普通企业可作为质押方/借出方。黄金质押融资业务商业银行自 2000 年左右已开展。（[人民银行，2022](http://www.pbc.gov.cn/tiaofasi/144941/3581332/4600134/index.html)；[上期所研究报告](https://www.shfe.com.cn/upload/20201104/1604460652453.pdf)）",http://www.pbc.gov.cn/tiaofasi/144941/3581332/4600134/index.html
WEB-0012,企业资产配置调研报告.md,123,markdown_link,"- **经营性负债金融化**：危机暴露时应付贸易账款高达 5824 亿元（对供应商），一年内到期有息负债约 2400 亿元，上下游企业超 8000 家，形成""商票违约→供应商坏账→供应商流动性危机""传染链。（[东方财富研报，2021](https://pdf.dfcfw.com/pdf/H3_AP202109261518619160_1.pdf)；[票据承兑资讯，2022](http://www.piaofengzixun.com/2022/02/23/hdspyqfromsupplier/)）",http://www.piaofengzixun.com/2022/02/23/hdspyqfromsupplier
WEB-0012,企业资产配置调研报告.md,123,plain_url,"- **经营性负债金融化**：危机暴露时应付贸易账款高达 5824 亿元（对供应商），一年内到期有息负债约 2400 亿元，上下游企业超 8000 家，形成""商票违约→供应商坏账→供应商流动性危机""传染链。（[东方财富研报，2021](https://pdf.dfcfw.com/pdf/H3_AP202109261518619160_1.pdf)；[票据承兑资讯，2022](http://www.piaofengzixun.com/2022/02/23/hdspyqfromsupplier/)）",http://www.piaofengzixun.com/2022/02/23/hdspyqfromsupplier
WEB-0013,最终数据/最终数据/research/media_sentiment_gold_paper/metadata/sge_en_daily.html,260,plain_url,"                <a href=""http://www.sge.com.cn""><div class=""button pull-left ml15"">中文版</div></a>",http://www.sge.com.cn/
WEB-0013,最终数据/最终数据/research/media_sentiment_gold_paper/metadata/sge_en_daily.html,565,plain_url,"                <li><a href=""http://www.sge.com.cn"" target=""_blank"">中文版</a></li>",http://www.sge.com.cn/
WEB-0014,最终数据/最终数据/research/media_sentiment_gold_paper/metadata/heywhale_app.js,1,plain_url,"(function(){""use strict"";var t={35448:function(t,e,i){i.d(e,{A:function(){return g}});var s=function(){var t=this,e=t._self._c;return e(""Modal"",{staticClass:""dataset-tag-select-modal"",attrs:{title:t.title,""mask-closable"":!1,transfer:!1,width:800},model:{value:t.showDialog,callback:function(e){t.showDialog=e},expression:""showDialog""}},[e(""div"",{staticStyle:{margin:""0 24px""}},[e(""Input"",{staticStyle:{width:""186px""},attrs:{search:"""",placeholder:""输入关键字搜索""},model:{value:t.form.Title,callback:function",https://a2c411febe86730926faad4b2d1c901d@o4509683932790784.ingest.us.sentry.io/4509709887864832
WEB-0015,最终数据/最终数据/research/media_sentiment_gold_paper/metadata/dataset_manifest.csv,18,plain_url,"解释变量,ACI,Actuaries Climate Index，区域/季节聚合规则未说明,2022-02-01至2025-02-28,图示阶梯,Actuaries Climate Index,https://actuariesclimateindex.org/data/,正文变量表（来源未引用）,需人工接受条款,,仅限个人专业/非商业研究；禁止机器人抓取和再分发,未下载,必须由参赛者本人阅读并勾选条款后下载，不能自动抓取",https://actuariesclimateindex.org/data
WEB-0015,最终数据/最终数据/research/media_sentiment_gold_paper/outputs/019f56e7-91fe-7a43-b1d0-ae50e45c9d0c/论文数据来源与复现清单.xlsx,xl/worksheets/sheet2.xml,xlsx_xml,XLSX entry: xl/worksheets/sheet2.xml,https://actuariesclimateindex.org/data
WEB-0015,最终数据/最终数据/research/media_sentiment_gold_paper/outputs/019f56e7-91fe-7a43-b1d0-ae50e45c9d0c/论文数据来源与复现清单.xlsx.inspect.ndjson,79,plain_url,"{""kind"":""table"",""sheet"":""数据清单"",""address"":""A1:M22"",""rows"":22,""cols"":13,""values"":[[""论文数据资产清单：精确引用、受限数据与开放代理"",""论文数据资产清单：精确引用、受限数据与开放代理"",""论文数据资产清单：精确引用、受限数据与开放代理"",""论文数据资产清单：精确引用、受限数据与开放代理"",""论文数据资产清单：精确引用、受限数据与开放代理"",""论文数据资产清单：精确引用、受限数据与开放代理"",""论文数据资产清单：精确引用、受限数据与开放代理"",""论文数据资产清单：精确引用、受限数据与开放代理"",""论文数据资产清单：精确引用、受限数据与开放代理"",""论文数据资产清单：精确引用、受限数据与开放代理"",""论文数据资产清单：精确引用、受限数据与开放代理"",""论文数据资产清单：精确引用、受限数据与开放代理"",""论文数据资产清单：精确引用、受限数据与开放代理""],[""黄色/红色状态用于提醒，但判断以‘可得状态’和‘精确或代理’文本为准。所有代理数据都不能当作原作者数据。"",null,null,null,null,null",https://actuariesclimateindex.org/data
WEB-0015,最终数据/最终数据/research/media_sentiment_gold_paper/outputs/019f56e7-91fe-7a43-b1d0-ae50e45c9d0c/workbook_inspect.ndjson,5,plain_url,"{""kind"":""table"",""sheet"":""数据清单"",""address"":""A1:M22"",""rows"":22,""cols"":13,""values"":[[""论文数据资产清单：精确引用、受限数据与开放代理"",""论文数据资产清单：精确引用、受限数据与开放代理"",""论文数据资产清单：精确引用、受限数据与开放代理"",""论文数据资产清单：精确引用、受限数据与开放代理"",""论文数据资产清单：精确引用、受限数据与开放代理"",""论文数据资产清单：精确引用、受限数据与开放代理"",""论文数据资产清单：精确引用、受限数据与开放代理"",""论文数据资产清单：精确引用、受限数据与开放代理"",""论文数据资产清单：精确引用、受限数据与开放代理"",""论文数据资产清单：精确引用、受限数据与开放代理"",""论文数据资产清单：精确引用、受限数据与开放代理"",""论文数据资产清单：精确引用、受限数据与开放代理"",""论文数据资产清单：精确引用、受限数据与开放代理""],[""黄色/红色状态用于提醒，但判断以‘可得状态’和‘精确或代理’文本为准。所有代理数据都不能当作原作者数据。"",null,null,null,null,null",https://actuariesclimateindex.org/data
WEB-0015,最终数据/最终数据/research/media_sentiment_gold_paper/README_论文学习与数据说明.md,114,plain_url,- ACI：https://actuariesclimateindex.org/data/,https://actuariesclimateindex.org/data
WEB-0015,最终数据/最终数据/research/media_sentiment_gold_paper/scripts/build_reproducibility_package.mjs,109,plain_url,"  [""解释变量"", ""ACI"", ""Actuaries Climate Index，区域/季节聚合规则未说明"", ""2022-02-01至2025-02-28"", ""图示阶梯"", ""Actuaries Climate Index"", ""https://actuariesclimateindex.org/data/"", ""正文变量表（来源未引用）"", ""需人工接受条款"", """", ""仅限个人专业/非商业研究；禁止机器人抓取和再分发"", ""未下载"", ""必须由参赛者本人阅读并勾选条款后下载，不能自动抓取""],",https://actuariesclimateindex.org/data
WEB-0016,跨国公司黄金硬通货需求调研报告.md,125,markdown_link,- **企业/家办层面的市场答案**：72% 家族办公室黄金配置为零，平均配置仅约 1%–2%（UBS/Campden 2024–2025）——最自由的长期资本也只把黄金当小比例保险。（[UBS GFOR 2025](https://advisors.ubs.com/mediahandler/media/708880/UBS-Global-Family-Office-Report-2025-Final-Single-Pages.pdf)）,https://advisors.ubs.com/mediahandler/media/708880/UBS-Global-Family-Office-Report-2025-Final-Single-Pages.pdf
WEB-0016,跨国公司黄金硬通货需求调研报告.md,125,plain_url,- **企业/家办层面的市场答案**：72% 家族办公室黄金配置为零，平均配置仅约 1%–2%（UBS/Campden 2024–2025）——最自由的长期资本也只把黄金当小比例保险。（[UBS GFOR 2025](https://advisors.ubs.com/mediahandler/media/708880/UBS-Global-Family-Office-Report-2025-Final-Single-Pages.pdf)）,https://advisors.ubs.com/mediahandler/media/708880/UBS-Global-Family-Office-Report-2025-Final-Single-Pages.pdf
WEB-0017,案例库/微观企业篇/07_IATA航司被困资金/案例档案.md,77,plain_url,2. 尼日利亚 8.1–8.5 亿美元与阿联酋航空停飞拉各斯（2023-06）：Reuters/African Business 2023 年报道：<https://african.business/>,https://african.business/
WEB-0018,跨国公司黄金硬通货需求调研报告.md,64,markdown_link,- 全球航司被困资金 2023 年 4 月达 **22.7 亿美元**（+47% YoY），2025 年 10 月仍有 12 亿美元；尼日利亚单国曾达 **8.5 亿美元**（全球之首），阿联酋航空一度停飞拉各斯抗议。（[IATA/CAPA，2024](https://centreforaviation.com/news/iata-blocked-airline-funds-drop-28-since-dec-2023-situation-severe-in-pakistan-and-bangladesh-1266064)；[African Business，2024](https://african.business/2024/06/trade-investment/nigeria-clears-98-of-blocked-airline-funds-says-iata)）,https://african.business/2024/06/trade-investment/nigeria-clears-98-of-blocked-airline-funds-says-iata
WEB-0018,跨国公司黄金硬通货需求调研报告.md,64,plain_url,- 全球航司被困资金 2023 年 4 月达 **22.7 亿美元**（+47% YoY），2025 年 10 月仍有 12 亿美元；尼日利亚单国曾达 **8.5 亿美元**（全球之首），阿联酋航空一度停飞拉各斯抗议。（[IATA/CAPA，2024](https://centreforaviation.com/news/iata-blocked-airline-funds-drop-28-since-dec-2023-situation-severe-in-pakistan-and-bangladesh-1266064)；[African Business，2024](https://african.business/2024/06/trade-investment/nigeria-clears-98-of-blocked-airline-funds-says-iata)）,https://african.business/2024/06/trade-investment/nigeria-clears-98-of-blocked-airline-funds-says-iata
WEB-0019,最终数据/最终数据/research/media_sentiment_gold_paper/metadata/heywhale_app.js,1,plain_url,"(function(){""use strict"";var t={35448:function(t,e,i){i.d(e,{A:function(){return g}});var s=function(){var t=this,e=t._self._c;return e(""Modal"",{staticClass:""dataset-tag-select-modal"",attrs:{title:t.title,""mask-closable"":!1,transfer:!1,width:800},model:{value:t.showDialog,callback:function(e){t.showDialog=e},expression:""showDialog""}},[e(""div"",{staticStyle:{margin:""0 24px""}},[e(""Input"",{staticStyle:{width:""186px""},attrs:{search:"""",placeholder:""输入关键字搜索""},model:{value:t.form.Title,callback:function",https://ai.heywhale.com/
WEB-0020,案例库/宏观危机篇/02_1933罗斯福黄金新政/案例档案.md,54,plain_url,"5. American Institute for Economic Research（AIER），《The Federal Reserve Board and the Rise of the Corporate State, 1931-1934》（含59.06%含金量数据），https://aier.org/wp-content/uploads/2013/11/EEB199509.pdf",https://aier.org/wp-content/uploads/2013/11/EEB199509.pdf
WEB-0021,案例库/货币崩溃篇/05_2019-2023黎巴嫩镑崩溃/案例档案.md,59,plain_url,5. 美联社（AP News），2026，《Lebanon's economic crisis: Gold reserves as a lifeline?》——央行 286.8 吨黄金储备及 1986 年禁售法。https://apnews.com/article/lebanon-gold-economy-banking-crisis-reserves-hedge-630f1da3b391d83aa1124be22c1de9fd,https://apnews.com/article/lebanon-gold-economy-banking-crisis-reserves-hedge-630f1da3b391d83aa1124be22c1de9fd
WEB-0022,企业资产配置调研报告.md,40,markdown_link,- **资产负债率 40%–60%** 为通常认可的合理区间；超 70% 风险显著。（[财务分析通行标准](https://baike.baidu.com/item/%E8%B5%84%E4%BA%A7%E8%B4%9F%E5%80%BA%E7%8E%87/2429745)）,https://baike.baidu.com/item/%E8%B5%84%E4%BA%A7%E8%B4%9F%E5%80%BA%E7%8E%87/2429745
WEB-0022,企业资产配置调研报告.md,40,plain_url,- **资产负债率 40%–60%** 为通常认可的合理区间；超 70% 风险显著。（[财务分析通行标准](https://baike.baidu.com/item/%E8%B5%84%E4%BA%A7%E8%B4%9F%E5%80%BA%E7%8E%87/2429745)）,https://baike.baidu.com/item/%E8%B5%84%E4%BA%A7%E8%B4%9F%E5%80%BA%E7%8E%87/2429745
WEB-0023,企业资产配置调研报告.md,51,markdown_link,- **Altman Z-score 模型**：Z = 1.2X₁+1.4X₂+3.3X₃+0.6X₄+0.999X₅（X₁=营运资本/总资产，X₂=留存收益/总资产，X₃=EBIT/总资产，X₄=权益市值/负债账面值，X₅=销售收入/总资产）；**Z<1.81 破产区、1.81–2.99 灰色区、>2.99 安全区**，破产前 1–2 年预测准确率 70%–95%。（[百度百科·Z值预警](https://baike.baidu.com/item/Z%E5%80%BC%E9%A2%84%E8%AD%A6/10007705)；[建筑业实证，2024](https://pdf.hanspub.org/ecl2024134_6332312079.pdf)）,https://baike.baidu.com/item/Z%E5%80%BC%E9%A2%84%E8%AD%A6/10007705
WEB-0023,企业资产配置调研报告.md,51,plain_url,- **Altman Z-score 模型**：Z = 1.2X₁+1.4X₂+3.3X₃+0.6X₄+0.999X₅（X₁=营运资本/总资产，X₂=留存收益/总资产，X₃=EBIT/总资产，X₄=权益市值/负债账面值，X₅=销售收入/总资产）；**Z<1.81 破产区、1.81–2.99 灰色区、>2.99 安全区**，破产前 1–2 年预测准确率 70%–95%。（[百度百科·Z值预警](https://baike.baidu.com/item/Z%E5%80%BC%E9%A2%84%E8%AD%A6/10007705)；[建筑业实证，2024](https://pdf.hanspub.org/ecl2024134_6332312079.pdf)）,https://baike.baidu.com/item/Z%E5%80%BC%E9%A2%84%E8%AD%A6/10007705
WEB-0024,案例库/宏观危机篇/03_1971布雷顿森林解体/案例档案.md,58,plain_url,6. BestFolio / Cresset Capital（2026）：1970 年代滞胀期美股复盘（标普 500 1973–74 下跌约 48%、实际回报至 1993 年才收复 1968 年高点），https://bestfolio.app/blog/taa-market-crises-protection,https://bestfolio.app/blog/taa-market-crises-protection
WEB-0025,案例库/微观企业篇/08_Palantir黑天鹅黄金/案例档案.md,76,plain_url,3. Blockworks 2021-08 报道《Palantir buys $50.7M in gold bars to hedge black swan》：<https://blockworks.com/news/palantir-buys-50-7-million-in-gold-bars-to-hedge-black-swan-event>,https://blockworks.com/news/palantir-buys-50-7-million-in-gold-bars-to-hedge-black-swan-event
WEB-0025,跨国公司黄金硬通货需求调研报告.md,33,markdown_link,"- **Palantir（2021）**：购入约 5070 万美元金条，明确表述为对冲""黑天鹅事件""，存于美国本土安全地点，并称未来可能接受黄金付款。（[Blockworks，2021](https://blockworks.com/news/palantir-buys-50-7-million-in-gold-bars-to-hedge-black-swan-event)）",https://blockworks.com/news/palantir-buys-50-7-million-in-gold-bars-to-hedge-black-swan-event
WEB-0025,跨国公司黄金硬通货需求调研报告.md,33,plain_url,"- **Palantir（2021）**：购入约 5070 万美元金条，明确表述为对冲""黑天鹅事件""，存于美国本土安全地点，并称未来可能接受黄金付款。（[Blockworks，2021](https://blockworks.com/news/palantir-buys-50-7-million-in-gold-bars-to-hedge-black-swan-event)）",https://blockworks.com/news/palantir-buys-50-7-million-in-gold-bars-to-hedge-black-swan-event
WEB-0026,最终数据/最终数据/outputs/019f56e7-91fe-7a43-b1d0-ae50e45c9d0c/金银价格预测_官方数据与因素台账_20260713.xlsx,xl/worksheets/sheet4.xml,xlsx_xml,XLSX entry: xl/worksheets/sheet4.xml,https://blogs.worldbank.org/en/opendata/precious-metals-retreat-from-record-highs
WEB-0026,最终数据/最终数据/outputs/019f56e7-91fe-7a43-b1d0-ae50e45c9d0c/金银价格预测_官方数据与因素台账_20260713.xlsx.inspect.ndjson,978,plain_url,"{""kind"":""table"",""sheet"":""03_事件时间线"",""address"":""A1:K20"",""rows"":20,""cols"":11,""values"":[[""开始日期"",""结束日期"",""事件"",""主因子通道"",""黄金反应"",""白银反应"",""关键事实"",""证据性质"",""官方/一手来源"",""因果边界"",""建模标签""],[""2020-03-11T00:00:00.000Z"",""2020-03-19T00:00:00.000Z"",""COVID-19全球大流行与美元流动性冲击"",""避险↑；现金需求↑；去杠杆；工业预期↓"",""先跌后涨"",""大幅下跌"",""3月19日前后金银均触及年度低位；金银比一度极端上升"",""事件共时+市场复盘"",""https://www.who.int/news-room/speeches/item/who-director-general-s-opening-remarks-at-the-media-briefing-on-covid-19---11-march-2020"",""不能把跌幅只归因于疫情声明，保证金与美元融资压力同样关键"",""LIQUIDITY_SH",https://blogs.worldbank.org/en/opendata/precious-metals-retreat-from-record-highs
WEB-0027,案例库/宏观危机篇/09_2008全球金融危机/案例档案.md,46,plain_url,"4. Bullion Exchanges，《Gold Crisis 2008 Explained: Drop, Recovery, and Rally Path》，2026年，https://bullionexchanges.com/blog/gold-2008-crisis-explained-from-selloff-to-historic-rally",https://bullionexchanges.com/blog/gold-2008-crisis-explained-from-selloff-to-historic-rally
WEB-0028,企业资产配置调研报告.md,35,markdown_link,- **与中小企业的核心差异**：大型企业固定资产/长期资产占比更高（重资产行业可达 20%–40%）、融资渠道多元、现金储备厚；中小企业资产集中于应收+存货、抵押物不足——这是其融资难的结构性原因。（[清晖智库，2018](https://business.sohu.com/20181029/n553647212.shtml)）,https://business.sohu.com/20181029/n553647212.shtml
WEB-0028,企业资产配置调研报告.md,35,plain_url,- **与中小企业的核心差异**：大型企业固定资产/长期资产占比更高（重资产行业可达 20%–40%）、融资渠道多元、现金储备厚；中小企业资产集中于应收+存货、抵押物不足——这是其融资难的结构性原因。（[清晖智库，2018](https://business.sohu.com/20181029/n553647212.shtml)）,https://business.sohu.com/20181029/n553647212.shtml
WEB-0028,企业资产配置调研报告.md,42,markdown_link,- **货币资金占总资产 15%–25%** 被视为合理：过低预示资金链风险，过高说明资金利用效率低。（[清晖智库宋清辉，2018](https://business.sohu.com/20181029/n553647212.shtml)）,https://business.sohu.com/20181029/n553647212.shtml
WEB-0028,企业资产配置调研报告.md,42,plain_url,- **货币资金占总资产 15%–25%** 被视为合理：过低预示资金链风险，过高说明资金利用效率低。（[清晖智库宋清辉，2018](https://business.sohu.com/20181029/n553647212.shtml)）,https://business.sohu.com/20181029/n553647212.shtml
WEB-0029,跨国公司黄金硬通货需求调研报告.md,55,markdown_link,"  - MTN Nigeria：2023 年汇兑损失 **7,404 亿奈拉**（上市后首亏），2024 年 **9,254 亿奈拉**、税后亏损 4,004 亿奈拉（约 11 亿美元）。（[TheCable，2024](https://www.thecable.ng/mtn-nigeria-recorded-n740bn-fx-losses-in-2023/)；[Business Insider NG，2025](https://businessinsiderng.com/mtn-in-a-fix-records-n400-4bn-loss-in-2024/)）",https://businessinsiderng.com/mtn-in-a-fix-records-n400-4bn-loss-in-2024
WEB-0029,跨国公司黄金硬通货需求调研报告.md,55,plain_url,"  - MTN Nigeria：2023 年汇兑损失 **7,404 亿奈拉**（上市后首亏），2024 年 **9,254 亿奈拉**、税后亏损 4,004 亿奈拉（约 11 亿美元）。（[TheCable，2024](https://www.thecable.ng/mtn-nigeria-recorded-n740bn-fx-losses-in-2023/)；[Business Insider NG，2025](https://businessinsiderng.com/mtn-in-a-fix-records-n400-4bn-loss-in-2024/)）",https://businessinsiderng.com/mtn-in-a-fix-records-n400-4bn-loss-in-2024
WEB-0030,最终数据/最终数据/research/media_sentiment_gold_paper/metadata/heywhale_app.js,1,plain_url,"(function(){""use strict"";var t={35448:function(t,e,i){i.d(e,{A:function(){return g}});var s=function(){var t=this,e=t._self._c;return e(""Modal"",{staticClass:""dataset-tag-select-modal"",attrs:{title:t.title,""mask-closable"":!1,transfer:!1,width:800},model:{value:t.showDialog,callback:function(e){t.showDialog=e},expression:""showDialog""}},[e(""div"",{staticStyle:{margin:""0 24px""}},[e(""Input"",{staticStyle:{width:""186px""},attrs:{search:"""",placeholder:""输入关键字搜索""},model:{value:t.form.Title,callback:function",https://cdn.kesci.com/default_img_lib
WEB-0031,案例库/货币崩溃篇/06_2022-2024尼日利亚奈拉崩溃/案例档案.md,99,plain_url,8. 被困资金（blocked funds）数据：IATA/CAPA 尼日利亚 8.5 亿美元报道：<https://centreforaviation.com/news/>,https://centreforaviation.com/news
WEB-0032,跨国公司黄金硬通货需求调研报告.md,64,markdown_link,- 全球航司被困资金 2023 年 4 月达 **22.7 亿美元**（+47% YoY），2025 年 10 月仍有 12 亿美元；尼日利亚单国曾达 **8.5 亿美元**（全球之首），阿联酋航空一度停飞拉各斯抗议。（[IATA/CAPA，2024](https://centreforaviation.com/news/iata-blocked-airline-funds-drop-28-since-dec-2023-situation-severe-in-pakistan-and-bangladesh-1266064)；[African Business，2024](https://african.business/2024/06/trade-investment/nigeria-clears-98-of-blocked-airline-funds-says-iata)）,https://centreforaviation.com/news/iata-blocked-airline-funds-drop-28-since-dec-2023-situation-severe-in-pakistan-and-bangladesh-1266064
WEB-0032,跨国公司黄金硬通货需求调研报告.md,64,plain_url,- 全球航司被困资金 2023 年 4 月达 **22.7 亿美元**（+47% YoY），2025 年 10 月仍有 12 亿美元；尼日利亚单国曾达 **8.5 亿美元**（全球之首），阿联酋航空一度停飞拉各斯抗议。（[IATA/CAPA，2024](https://centreforaviation.com/news/iata-blocked-airline-funds-drop-28-since-dec-2023-situation-severe-in-pakistan-and-bangladesh-1266064)；[African Business，2024](https://african.business/2024/06/trade-investment/nigeria-clears-98-of-blocked-airline-funds-says-iata)）,https://centreforaviation.com/news/iata-blocked-airline-funds-drop-28-since-dec-2023-situation-severe-in-pakistan-and-bangladesh-1266064
WEB-0033,最终数据/最终数据/research/media_sentiment_gold_paper/metadata/dataset_manifest.csv,5,plain_url,"目标价格,WGC/Global黄金价格,论文所谓WGC或Global市场金价，具体定盘价/时点未给出,2022-02-01至2025-02-28,日频/含非交易日,World Gold Council/Goldhub,https://china.gold.org/goldhub/data/gold-prices,论文声称使用但未给数据文件,未下载,,LBMA历史基准价受IBA许可约束,不可精确复现,论文没有定义字段、币种、时点和许可",https://china.gold.org/goldhub/data/gold-prices
WEB-0033,最终数据/最终数据/research/media_sentiment_gold_paper/outputs/019f56e7-91fe-7a43-b1d0-ae50e45c9d0c/论文数据来源与复现清单.xlsx,xl/worksheets/sheet2.xml,xlsx_xml,XLSX entry: xl/worksheets/sheet2.xml,https://china.gold.org/goldhub/data/gold-prices
WEB-0033,最终数据/最终数据/research/media_sentiment_gold_paper/outputs/019f56e7-91fe-7a43-b1d0-ae50e45c9d0c/论文数据来源与复现清单.xlsx.inspect.ndjson,79,plain_url,"{""kind"":""table"",""sheet"":""数据清单"",""address"":""A1:M22"",""rows"":22,""cols"":13,""values"":[[""论文数据资产清单：精确引用、受限数据与开放代理"",""论文数据资产清单：精确引用、受限数据与开放代理"",""论文数据资产清单：精确引用、受限数据与开放代理"",""论文数据资产清单：精确引用、受限数据与开放代理"",""论文数据资产清单：精确引用、受限数据与开放代理"",""论文数据资产清单：精确引用、受限数据与开放代理"",""论文数据资产清单：精确引用、受限数据与开放代理"",""论文数据资产清单：精确引用、受限数据与开放代理"",""论文数据资产清单：精确引用、受限数据与开放代理"",""论文数据资产清单：精确引用、受限数据与开放代理"",""论文数据资产清单：精确引用、受限数据与开放代理"",""论文数据资产清单：精确引用、受限数据与开放代理"",""论文数据资产清单：精确引用、受限数据与开放代理""],[""黄色/红色状态用于提醒，但判断以‘可得状态’和‘精确或代理’文本为准。所有代理数据都不能当作原作者数据。"",null,null,null,null,null",https://china.gold.org/goldhub/data/gold-prices
WEB-0033,最终数据/最终数据/research/media_sentiment_gold_paper/outputs/019f56e7-91fe-7a43-b1d0-ae50e45c9d0c/workbook_inspect.ndjson,5,plain_url,"{""kind"":""table"",""sheet"":""数据清单"",""address"":""A1:M22"",""rows"":22,""cols"":13,""values"":[[""论文数据资产清单：精确引用、受限数据与开放代理"",""论文数据资产清单：精确引用、受限数据与开放代理"",""论文数据资产清单：精确引用、受限数据与开放代理"",""论文数据资产清单：精确引用、受限数据与开放代理"",""论文数据资产清单：精确引用、受限数据与开放代理"",""论文数据资产清单：精确引用、受限数据与开放代理"",""论文数据资产清单：精确引用、受限数据与开放代理"",""论文数据资产清单：精确引用、受限数据与开放代理"",""论文数据资产清单：精确引用、受限数据与开放代理"",""论文数据资产清单：精确引用、受限数据与开放代理"",""论文数据资产清单：精确引用、受限数据与开放代理"",""论文数据资产清单：精确引用、受限数据与开放代理"",""论文数据资产清单：精确引用、受限数据与开放代理""],[""黄色/红色状态用于提醒，但判断以‘可得状态’和‘精确或代理’文本为准。所有代理数据都不能当作原作者数据。"",null,null,null,null,null",https://china.gold.org/goldhub/data/gold-prices
WEB-0033,最终数据/最终数据/research/media_sentiment_gold_paper/README_论文学习与数据说明.md,111,plain_url,- WGC/Goldhub：https://china.gold.org/goldhub/data/gold-prices,https://china.gold.org/goldhub/data/gold-prices
WEB-0033,最终数据/最终数据/research/media_sentiment_gold_paper/scripts/build_reproducibility_package.mjs,96,plain_url,"  [""目标价格"", ""WGC/Global黄金价格"", ""论文所谓WGC或Global市场金价，具体定盘价/时点未给出"", ""2022-02-01至2025-02-28"", ""日频/含非交易日"", ""World Gold Council/Goldhub"", ""https://china.gold.org/goldhub/data/gold-prices"", ""论文声称使用但未给数据文件"", ""未下载"", """", ""LBMA历史基准价受IBA许可约束"", ""不可精确复现"", ""论文没有定义字段、币种、时点和许可""],",https://china.gold.org/goldhub/data/gold-prices
WEB-0034,案例库/宏观危机篇/16_2022美联储激进加息周期/案例档案.md,100,plain_url,8. 比特币 2022 年 -65%：CoinMarketCap 年度数据：<https://coinmarketcap.com/currencies/bitcoin/>,https://coinmarketcap.com/currencies/bitcoin
WEB-0035,案例库/宏观危机篇/15_2020疫情全球市场崩盘/案例档案.md,98,plain_url,7. 比特币 2020-03-12 单日 -40%：CoinMarketCap 历史数据：<https://coinmarketcap.com/currencies/bitcoin/historical-data/>,https://coinmarketcap.com/currencies/bitcoin/historical-data
WEB-0036,案例库/地缘冲突与制裁篇/02_2022俄罗斯黄金制裁免疫/案例档案.md,81,plain_url,3. 阿联酋（约 96.4 吨）与香港（约 88 吨）承接俄金：贸易数据（UN Comtrade / 港府统计处）及 Reuters 报道：<https://comtradeplus.un.org/>,https://comtradeplus.un.org/
WEB-0037,最终数据/最终数据/research/media_sentiment_gold_paper/metadata/europepmc_fulltext.xml,1,plain_url,"<?xml version=""1.0"" encoding=""UTF-8""?><article xml:lang=""en"" article-type=""research-article""><front><journal-meta><journal-id journal-id-type=""pmc-domain-id"">3926</journal-id><journal-id journal-id-type=""pmc-domain"">entropy</journal-id><journal-title-group><journal-title>Entropy</journal-title><abbrev-journal-title>Entropy (Basel)</abbrev-journal-title></journal-title-group><publisher><publisher-name>Multidisciplinary Digital Publishing Institute (MDPI)</publisher-name></publisher></journal-meta",https://creativecommons.org/licenses/by/4.0
WEB-0038,最终数据/最终数据/research/media_sentiment_gold_paper/metadata/weebly_cookies.txt,2,plain_url,# https://curl.se/docs/http-cookies.html,https://curl.se/docs/http-cookies.html
WEB-0039,计划书/05_全球经济周期与亚非拉国别风险多币种储备智能决策平台总计划书.pdf,5457,pdf_text,"    boards, https://data.bis.org/topics/RPP/tables-and-dashboards, accessed",https://data.bis.org/topics/RPP/tables-and-dashboards
WEB-0039,计划书/05_全球经济周期与亚非拉国别风险多币种储备智能决策平台总计划书.pdf,annotation-48,pdf_annotation,PDF link annotation: https://data.bis.org/topics/RPP/tables-and-dashboards,https://data.bis.org/topics/RPP/tables-and-dashboards
WEB-0039,计划书/05_全球经济周期与亚非拉国别风险多币种储备智能决策平台总计划书.pdf,annotation-49,pdf_annotation,PDF link annotation: https://data.bis.org/topics/RPP/tables-and-dashboards,https://data.bis.org/topics/RPP/tables-and-dashboards
WEB-0039,计划书/05_全球经济周期与亚非拉国别风险多币种储备智能决策平台总计划书.tex,2465,plain_url,"Bank for International Settlements, Residential Property Prices: Tables and Dashboards, \url{https://data.bis.org/topics/RPP/tables-and-dashboards}, accessed 2026-08-16.",https://data.bis.org/topics/RPP/tables-and-dashboards
WEB-0040,计划书/02_项目执行与协作手册.pdf,annotation-5,pdf_annotation,PDF link annotation: https://data.imf.org/Datasets/WEO,https://data.imf.org/Datasets/WEO
WEB-0040,计划书/02_项目执行与协作手册.pdf,annotation-6,pdf_annotation,PDF link annotation: https://data.imf.org/Datasets/WEO,https://data.imf.org/Datasets/WEO
WEB-0040,计划书/03_多币种流动性与黄金战略储备周期配置计划书.pdf,annotation-8,pdf_annotation,PDF link annotation: https://data.imf.org/Datasets/WEO,https://data.imf.org/Datasets/WEO
WEB-0040,计划书/03_多币种流动性与黄金战略储备周期配置计划书.pdf,annotation-9,pdf_annotation,PDF link annotation: https://data.imf.org/Datasets/WEO,https://data.imf.org/Datasets/WEO
WEB-0040,计划书/03_多币种流动性与黄金战略储备周期配置计划书.pdf,annotation-10,pdf_annotation,PDF link annotation: https://data.imf.org/Datasets/WEO,https://data.imf.org/Datasets/WEO
WEB-0040,计划书/03_多币种流动性与黄金战略储备周期配置计划书.tex,787,plain_url,"International Monetary Fund, \emph{World Economic Outlook Database}, \url{https://data.imf.org/Datasets/WEO}.",https://data.imf.org/Datasets/WEO
WEB-0040,计划书/04_亚非拉国别风险与多币种储备智能决策平台总计划书.pdf,annotation-23,pdf_annotation,PDF link annotation: https://data.imf.org/Datasets/WEO,https://data.imf.org/Datasets/WEO
WEB-0040,计划书/04_亚非拉国别风险与多币种储备智能决策平台总计划书.pdf,annotation-24,pdf_annotation,PDF link annotation: https://data.imf.org/Datasets/WEO,https://data.imf.org/Datasets/WEO
WEB-0040,计划书/04_亚非拉国别风险与多币种储备智能决策平台总计划书.pdf,annotation-25,pdf_annotation,PDF link annotation: https://data.imf.org/Datasets/WEO,https://data.imf.org/Datasets/WEO
WEB-0040,计划书/04_亚非拉国别风险与多币种储备智能决策平台总计划书.tex,2069,plain_url,"International Monetary Fund, World Economic Outlook Database, \url{https://data.imf.org/Datasets/WEO}, accessed 2026-08-15.",https://data.imf.org/Datasets/WEO
WEB-0040,计划书/05_全球经济周期与亚非拉国别风险多币种储备智能决策平台总计划书.pdf,annotation-23,pdf_annotation,PDF link annotation: https://data.imf.org/Datasets/WEO,https://data.imf.org/Datasets/WEO
WEB-0040,计划书/05_全球经济周期与亚非拉国别风险多币种储备智能决策平台总计划书.pdf,annotation-24,pdf_annotation,PDF link annotation: https://data.imf.org/Datasets/WEO,https://data.imf.org/Datasets/WEO
WEB-0040,计划书/05_全球经济周期与亚非拉国别风险多币种储备智能决策平台总计划书.pdf,annotation-25,pdf_annotation,PDF link annotation: https://data.imf.org/Datasets/WEO,https://data.imf.org/Datasets/WEO
WEB-0040,计划书/05_全球经济周期与亚非拉国别风险多币种储备智能决策平台总计划书.tex,2426,plain_url,"International Monetary Fund, World Economic Outlook Database, \url{https://data.imf.org/Datasets/WEO}, accessed 2026-08-15.",https://data.imf.org/Datasets/WEO
WEB-0040,计划书/references.bib,53,plain_url,"  url         = {https://data.imf.org/Datasets/WEO},",https://data.imf.org/Datasets/WEO
WEB-0041,案例库/货币崩溃篇/03_2015-2021委内瑞拉玻利瓦尔/案例档案.md,96,plain_url,7. 移民人数：联合国难民署（UNHCR）：<https://data.unhcr.org/en/situations/vensitu>,https://data.unhcr.org/en/situations/vensitu
WEB-0042,计划书/01_项目可行性研究与参赛方案书.pdf,annotation-21,pdf_annotation,PDF link annotation: https://data.worldbank.org/indicator/FP.CPI.TOTL.ZG,https://data.worldbank.org/indicator/FP.CPI.TOTL.ZG
WEB-0042,计划书/01_项目可行性研究与参赛方案书.pdf,annotation-22,pdf_annotation,PDF link annotation: https://data.worldbank.org/indicator/FP.CPI.TOTL.ZG,https://data.worldbank.org/indicator/FP.CPI.TOTL.ZG
WEB-0042,计划书/references.bib,37,plain_url,"  url         = {https://data.worldbank.org/indicator/FP.CPI.TOTL.ZG},",https://data.worldbank.org/indicator/FP.CPI.TOTL.ZG
WEB-0043,计划书/01_项目可行性研究与参赛方案书.pdf,annotation-23,pdf_annotation,PDF link annotation: https://data.worldbank.org/indicator/PA.NUS.FCRF,https://data.worldbank.org/indicator/PA.NUS.FCRF
WEB-0043,计划书/01_项目可行性研究与参赛方案书.pdf,annotation-24,pdf_annotation,PDF link annotation: https://data.worldbank.org/indicator/PA.NUS.FCRF,https://data.worldbank.org/indicator/PA.NUS.FCRF
WEB-0043,计划书/references.bib,29,plain_url,"  url         = {https://data.worldbank.org/indicator/PA.NUS.FCRF},",https://data.worldbank.org/indicator/PA.NUS.FCRF
WEB-0044,V1.0归档实施策略,policy,archive_policy,World Bank数据许可,https://data.worldbank.org/summary-terms-of-use
WEB-0045,案例库/地缘冲突与制裁篇/06_2014克里米亚危机-卢布暴跌/案例档案.md,89,plain_url,8. 俄罗斯 2015 年 GDP（-2%）：世界银行 WDI：<https://databank.worldbank.org/>,https://databank.worldbank.org/
WEB-0045,案例库/宏观危机篇/12_1998俄罗斯金融危机/案例档案.md,98,plain_url,8. 俄罗斯 1998 年 GDP 数据（-5.3%）：世界银行 World Development Indicators：<https://databank.worldbank.org/>,https://databank.worldbank.org/
WEB-0045,案例库/宏观危机篇/13_2001阿根廷债务危机/案例档案.md,94,plain_url,5. 阿根廷 2002 年 GDP（-10.9%）与 CPI（41%）：世界银行 WDI：<https://databank.worldbank.org/>,https://databank.worldbank.org/
WEB-0045,案例库/货币崩溃篇/02_2008津巴布韦恶性通胀/案例档案.md,94,plain_url,7. 津巴布韦 GDP 萎缩（2000–2008 约 -50%）：世界银行 WDI：<https://databank.worldbank.org/>,https://databank.worldbank.org/
WEB-0045,案例库/货币崩溃篇/03_2015-2021委内瑞拉玻利瓦尔/案例档案.md,95,plain_url,6. 委内瑞拉 GDP 累计萎缩：世界银行 WDI：<https://databank.worldbank.org/>,https://databank.worldbank.org/
WEB-0045,案例库/货币崩溃篇/09_2023-2024阿根廷比索危机/案例档案.md,100,plain_url,8. 阿根廷外债与 IMF 债务数据：世界银行 International Debt Statistics：<https://databank.worldbank.org/>,https://databank.worldbank.org/
WEB-0046,计划书/03_多币种流动性与黄金战略储备周期配置计划书.pdf,1226,pdf_text," [3] World Bank, Global Economic Monitor, https://datacatalog.worldbank.org/",https://datacatalog.worldbank.org/
WEB-0046,计划书/04_亚非拉国别风险与多币种储备智能决策平台总计划书.pdf,4346,pdf_text," [7] World Bank, Global Economic Monitor, https://datacatalog.worldbank.org/",https://datacatalog.worldbank.org/
WEB-0046,计划书/05_全球经济周期与亚非拉国别风险多币种储备智能决策平台总计划书.pdf,5402,pdf_text," [7] World Bank, Global Economic Monitor, https://datacatalog.worldbank.org/",https://datacatalog.worldbank.org/
WEB-0047,计划书/02_项目执行与协作手册.pdf,1248,pdf_text,      逐指标核验. 2026. url: https://datacatalog.worldbank.org/search/dataset/,https://datacatalog.worldbank.org/search/dataset
WEB-0048,计划书/02_项目执行与协作手册.pdf,annotation-9,pdf_annotation,PDF link annotation: https://datacatalog.worldbank.org/search/dataset/0037798/global-economic-monitor,https://datacatalog.worldbank.org/search/dataset/0037798/global-economic-monitor
WEB-0048,计划书/02_项目执行与协作手册.pdf,annotation-10,pdf_annotation,PDF link annotation: https://datacatalog.worldbank.org/search/dataset/0037798/global-economic-monitor,https://datacatalog.worldbank.org/search/dataset/0037798/global-economic-monitor
WEB-0048,计划书/03_多币种流动性与黄金战略储备周期配置计划书.pdf,annotation-3,pdf_annotation,PDF link annotation: https://datacatalog.worldbank.org/search/dataset/0037798/global-economic-monitor,https://datacatalog.worldbank.org/search/dataset/0037798/global-economic-monitor
WEB-0048,计划书/03_多币种流动性与黄金战略储备周期配置计划书.pdf,annotation-4,pdf_annotation,PDF link annotation: https://datacatalog.worldbank.org/search/dataset/0037798/global-economic-monitor,https://datacatalog.worldbank.org/search/dataset/0037798/global-economic-monitor
WEB-0048,计划书/03_多币种流动性与黄金战略储备周期配置计划书.pdf,annotation-5,pdf_annotation,PDF link annotation: https://datacatalog.worldbank.org/search/dataset/0037798/global-economic-monitor,https://datacatalog.worldbank.org/search/dataset/0037798/global-economic-monitor
WEB-0048,计划书/03_多币种流动性与黄金战略储备周期配置计划书.tex,781,plain_url,"World Bank, \emph{Global Economic Monitor}, \url{https://datacatalog.worldbank.org/search/dataset/0037798/global-economic-monitor}.",https://datacatalog.worldbank.org/search/dataset/0037798/global-economic-monitor
WEB-0048,计划书/04_亚非拉国别风险与多币种储备智能决策平台总计划书.pdf,annotation-18,pdf_annotation,PDF link annotation: https://datacatalog.worldbank.org/search/dataset/0037798/global-economic-monitor,https://datacatalog.worldbank.org/search/dataset/0037798/global-economic-monitor
WEB-0048,计划书/04_亚非拉国别风险与多币种储备智能决策平台总计划书.pdf,annotation-19,pdf_annotation,PDF link annotation: https://datacatalog.worldbank.org/search/dataset/0037798/global-economic-monitor,https://datacatalog.worldbank.org/search/dataset/0037798/global-economic-monitor
WEB-0048,计划书/04_亚非拉国别风险与多币种储备智能决策平台总计划书.pdf,annotation-20,pdf_annotation,PDF link annotation: https://datacatalog.worldbank.org/search/dataset/0037798/global-economic-monitor,https://datacatalog.worldbank.org/search/dataset/0037798/global-economic-monitor
WEB-0048,计划书/04_亚非拉国别风险与多币种储备智能决策平台总计划书.tex,2063,plain_url,"World Bank, Global Economic Monitor, \url{https://datacatalog.worldbank.org/search/dataset/0037798/global-economic-monitor}, accessed 2026-08-15.",https://datacatalog.worldbank.org/search/dataset/0037798/global-economic-monitor
WEB-0048,计划书/05_全球经济周期与亚非拉国别风险多币种储备智能决策平台总计划书.pdf,annotation-18,pdf_annotation,PDF link annotation: https://datacatalog.worldbank.org/search/dataset/0037798/global-economic-monitor,https://datacatalog.worldbank.org/search/dataset/0037798/global-economic-monitor
WEB-0048,计划书/05_全球经济周期与亚非拉国别风险多币种储备智能决策平台总计划书.pdf,annotation-19,pdf_annotation,PDF link annotation: https://datacatalog.worldbank.org/search/dataset/0037798/global-economic-monitor,https://datacatalog.worldbank.org/search/dataset/0037798/global-economic-monitor
WEB-0048,计划书/05_全球经济周期与亚非拉国别风险多币种储备智能决策平台总计划书.pdf,annotation-20,pdf_annotation,PDF link annotation: https://datacatalog.worldbank.org/search/dataset/0037798/global-economic-monitor,https://datacatalog.worldbank.org/search/dataset/0037798/global-economic-monitor
WEB-0048,计划书/05_全球经济周期与亚非拉国别风险多币种储备智能决策平台总计划书.tex,2420,plain_url,"World Bank, Global Economic Monitor, \url{https://datacatalog.worldbank.org/search/dataset/0037798/global-economic-monitor}, accessed 2026-08-15.",https://datacatalog.worldbank.org/search/dataset/0037798/global-economic-monitor
WEB-0048,计划书/references.bib,61,plain_url,"  url         = {https://datacatalog.worldbank.org/search/dataset/0037798/global-economic-monitor},",https://datacatalog.worldbank.org/search/dataset/0037798/global-economic-monitor
WEB-0049,计划书/04_亚非拉国别风险与多币种储备智能决策平台总计划书.pdf,4349,pdf_spaced_url," [8] World Bank, Indicator API Queries, https : / / datahelpdesk . worldbank . org /",https://datahelpdesk.worldbank.org/
WEB-0049,计划书/05_全球经济周期与亚非拉国别风险多币种储备智能决策平台总计划书.pdf,5405,pdf_spaced_url," [8] World Bank, Indicator API Queries, https : / / datahelpdesk . worldbank . org /",https://datahelpdesk.worldbank.org/
WEB-0050,计划书/01_项目可行性研究与参赛方案书.pdf,annotation-19,pdf_annotation,PDF link annotation: https://datahelpdesk.worldbank.org/knowledgebase/articles/889392,https://datahelpdesk.worldbank.org/knowledgebase/articles/889392
WEB-0050,计划书/01_项目可行性研究与参赛方案书.pdf,annotation-20,pdf_annotation,PDF link annotation: https://datahelpdesk.worldbank.org/knowledgebase/articles/889392,https://datahelpdesk.worldbank.org/knowledgebase/articles/889392
WEB-0050,计划书/03_多币种流动性与黄金战略储备周期配置计划书.pdf,annotation-6,pdf_annotation,PDF link annotation: https://datahelpdesk.worldbank.org/knowledgebase/articles/889392,https://datahelpdesk.worldbank.org/knowledgebase/articles/889392
WEB-0050,计划书/03_多币种流动性与黄金战略储备周期配置计划书.pdf,annotation-7,pdf_annotation,PDF link annotation: https://datahelpdesk.worldbank.org/knowledgebase/articles/889392,https://datahelpdesk.worldbank.org/knowledgebase/articles/889392
WEB-0050,计划书/03_多币种流动性与黄金战略储备周期配置计划书.tex,784,plain_url,"World Bank, \emph{World Bank Indicators API Documentation}, \url{https://datahelpdesk.worldbank.org/knowledgebase/articles/889392}.",https://datahelpdesk.worldbank.org/knowledgebase/articles/889392
WEB-0050,计划书/04_亚非拉国别风险与多币种储备智能决策平台总计划书.pdf,annotation-21,pdf_annotation,PDF link annotation: https://datahelpdesk.worldbank.org/knowledgebase/articles/889392,https://datahelpdesk.worldbank.org/knowledgebase/articles/889392
WEB-0050,计划书/04_亚非拉国别风险与多币种储备智能决策平台总计划书.pdf,annotation-22,pdf_annotation,PDF link annotation: https://datahelpdesk.worldbank.org/knowledgebase/articles/889392,https://datahelpdesk.worldbank.org/knowledgebase/articles/889392
WEB-0050,计划书/04_亚非拉国别风险与多币种储备智能决策平台总计划书.tex,2066,plain_url,"World Bank, Indicator API Queries, \url{https://datahelpdesk.worldbank.org/knowledgebase/articles/889392}, accessed 2026-08-15.",https://datahelpdesk.worldbank.org/knowledgebase/articles/889392
WEB-0050,计划书/05_全球经济周期与亚非拉国别风险多币种储备智能决策平台总计划书.pdf,annotation-21,pdf_annotation,PDF link annotation: https://datahelpdesk.worldbank.org/knowledgebase/articles/889392,https://datahelpdesk.worldbank.org/knowledgebase/articles/889392
WEB-0050,计划书/05_全球经济周期与亚非拉国别风险多币种储备智能决策平台总计划书.pdf,annotation-22,pdf_annotation,PDF link annotation: https://datahelpdesk.worldbank.org/knowledgebase/articles/889392,https://datahelpdesk.worldbank.org/knowledgebase/articles/889392
WEB-0050,计划书/05_全球经济周期与亚非拉国别风险多币种储备智能决策平台总计划书.tex,2423,plain_url,"World Bank, Indicator API Queries, \url{https://datahelpdesk.worldbank.org/knowledgebase/articles/889392}, accessed 2026-08-15.",https://datahelpdesk.worldbank.org/knowledgebase/articles/889392
WEB-0050,计划书/references.bib,21,plain_url,"  url         = {https://datahelpdesk.worldbank.org/knowledgebase/articles/889392},",https://datahelpdesk.worldbank.org/knowledgebase/articles/889392
WEB-0051,案例库/货币崩溃篇/01_1923魏玛德国恶性通胀/案例档案.md,44,plain_url,"2. Statista（汇编帝国银行数据），""金马克对纸马克价值1922–1923""，2024。https://de.statista.com/statistik/daten/studie/281794/umfrage/hyperinflation-in-der-weimarer-republik/",https://de.statista.com/statistik/daten/studie/281794/umfrage/hyperinflation-in-der-weimarer-republik
WEB-0052,跨国公司黄金硬通货需求调研报告.md,28,markdown_link,- **委内瑞拉**：央行黄金储备从 2013 年约 365 吨抛售至 2025 年约 47 吨（-80%）换取硬通货；2020 年以约 **9 吨黄金（约 5 亿美元）直接支付伊朗**的汽油援助。（[Discovery Alert，2026](https://discoveryalert.com.au/currency-crises-central-bank-gold-liquidation-2026/)；[彭博社转引，2020](https://international.sindonews.com/read/88912/41/akui-guaido-presiden-venezuela-bank-inggris-tolak-maduro-tarik-emas-rp143-t-1593709649)）,https://discoveryalert.com.au/currency-crises-central-bank-gold-liquidation-2026
WEB-0052,跨国公司黄金硬通货需求调研报告.md,28,plain_url,- **委内瑞拉**：央行黄金储备从 2013 年约 365 吨抛售至 2025 年约 47 吨（-80%）换取硬通货；2020 年以约 **9 吨黄金（约 5 亿美元）直接支付伊朗**的汽油援助。（[Discovery Alert，2026](https://discoveryalert.com.au/currency-crises-central-bank-gold-liquidation-2026/)；[彭博社转引，2020](https://international.sindonews.com/read/88912/41/akui-guaido-presiden-venezuela-bank-inggris-tolak-maduro-tarik-emas-rp143-t-1593709649)）,https://discoveryalert.com.au/currency-crises-central-bank-gold-liquidation-2026
WEB-0053,案例库/宏观危机篇/04_1973-1980滞胀大牛市/案例档案.md,67,plain_url,"6. Discovery Alert，""Gold & Oil Embargo: Historic and Modern Impact on Gold Prices""（2026，引用 CPI 峰值 14.8% 来自 Federal Reserve History），https://discoveryalert.com.au/gold-oil-embargo-impact-gold-prices-inflation-fed/",https://discoveryalert.com.au/gold-oil-embargo-impact-gold-prices-inflation-fed
WEB-0054,企业资产配置调研报告.md,110,doi,- **现金流类补充指标**：经营现金流/流动负债、现金流量比率、现金利息保障倍数、EBITDA/利息费用。（[《清华大学学报》财务预警综述，2023](https://www.sciopen.com/local/article_pdf/10.16511/j.cnki.qhdxxb.2023.21.008.pdf)）,https://doi.org/10.16511/j.cnki.qhdxxb.2023.21.008.pdf
WEB-0055,计划书/01_项目可行性研究与参赛方案书.pdf,1387,pdf_doi,"       National Bureau of Economic Research, 2013. doi: 10.3386/w18706. url: https:",https://doi.org/10.3386/w18706
WEB-0055,计划书/01_项目可行性研究与参赛方案书.pdf,annotation-3,pdf_annotation,PDF link annotation: https://doi.org/10.3386/w18706,https://doi.org/10.3386/w18706
WEB-0055,计划书/references.bib,100,doi,"  doi         = {10.3386/w18706},",https://doi.org/10.3386/w18706
WEB-0056,最终数据/最终数据/research/media_sentiment_gold_paper/metadata/dataset_manifest.csv,2,doi,"论文,论文PDF,完整论文,2026-02-28,一次性,MDPI/PMC,https://www.mdpi.com/1099-4300/28/3/271,论文原文,已下载,research/media_sentiment_gold_paper/paper/Ji_et_al_2026_Entropy_CNN-QRLSTM.pdf,CC BY 4.0,精确,40页，DOI 10.3390/e28030271",https://doi.org/10.3390/e28030271
WEB-0056,最终数据/最终数据/research/media_sentiment_gold_paper/README_论文学习与数据说明.md,19,doi,- DOI：10.3390/e28030271,https://doi.org/10.3390/e28030271
WEB-0057,案例库/货币崩溃篇/03_2015-2021委内瑞拉玻利瓦尔/案例档案.md,98,plain_url,9. 美元化程度：Ecoanalítica：<https://ecoanalitica.com/>,https://ecoanalitica.com/
WEB-0058,案例库/宏观危机篇/14_2010欧洲主权债务危机/案例档案.md,97,plain_url,"7. ""三驾马车""救助规模：欧盟委员会财政事务文件：<https://economy-finance.ec.europa.eu/>",https://economy-finance.ec.europa.eu/
WEB-0059,案例库/宏观危机篇/06_1987黑色星期一/案例档案.md,76,plain_url,"3. Yale Program on Financial Stability, K. Nygaard, ""The Federal Reserve's Response to the 1987 Market Crash""（2020）：美联储四项应对措施与流动性注入。https://elischolar.library.yale.edu/cgi/viewcontent.cgi?article=1109&context=journal-of-financial-crises",https://elischolar.library.yale.edu/cgi/viewcontent.cgi?article=1109&context=journal-of-financial-crises
WEB-0060,计划书/03_多币种流动性与黄金战略储备周期配置计划书.pdf,annotation-27,pdf_annotation,PDF link annotation: https://en.sge.com.cn/h5_data_BenchmarkPrice,https://en.sge.com.cn/h5_data_BenchmarkPrice
WEB-0060,计划书/03_多币种流动性与黄金战略储备周期配置计划书.pdf,annotation-28,pdf_annotation,PDF link annotation: https://en.sge.com.cn/h5_data_BenchmarkPrice,https://en.sge.com.cn/h5_data_BenchmarkPrice
WEB-0060,计划书/03_多币种流动性与黄金战略储备周期配置计划书.pdf,annotation-29,pdf_annotation,PDF link annotation: https://en.sge.com.cn/h5_data_BenchmarkPrice,https://en.sge.com.cn/h5_data_BenchmarkPrice
WEB-0060,计划书/03_多币种流动性与黄金战略储备周期配置计划书.tex,814,plain_url,"Shanghai Gold Exchange, \emph{Shanghai Gold Benchmark Price}, \url{https://en.sge.com.cn/h5_data_BenchmarkPrice}.",https://en.sge.com.cn/h5_data_BenchmarkPrice
WEB-0061,计划书/03_多币种流动性与黄金战略储备周期配置计划书.pdf,1268,pdf_text,"[14] Shanghai Gold Exchange, Shanghai Gold Benchmark Price, https://en.sge.com.",https://en.sge.com/
WEB-0062,企业资产配置调研报告.md,61,markdown_link,"- **""贵金属""科目快速膨胀但占比 <0.5%**：18 家上市银行 2024 年末贵金属资产合计 7708.78 亿元（同比 +70.2%）；工行 2025Q3 末 3854.30 亿元（较年初 +127.51%）。科目含自有黄金与代客黄金（积存金、代理购金），以公允价值计量。（[搜狐财经引 Wind，2025-04](https://www.sohu.com/a/890104126_121976698)；[同花顺财经，2025-11](https://field.10jqka.com.cn/20251105/c672268440.shtml)）",https://field.10jqka.com.cn/20251105/c672268440.shtml
WEB-0062,企业资产配置调研报告.md,61,plain_url,"- **""贵金属""科目快速膨胀但占比 <0.5%**：18 家上市银行 2024 年末贵金属资产合计 7708.78 亿元（同比 +70.2%）；工行 2025Q3 末 3854.30 亿元（较年初 +127.51%）。科目含自有黄金与代客黄金（积存金、代理购金），以公允价值计量。（[搜狐财经引 Wind，2025-04](https://www.sohu.com/a/890104126_121976698)；[同花顺财经，2025-11](https://field.10jqka.com.cn/20251105/c672268440.shtml)）",https://field.10jqka.com.cn/20251105/c672268440.shtml
WEB-0063,企业资产配置调研报告.md,26,markdown_link,- **抗风险能力弱**：央行/银保监会《中国小微企业金融服务报告（2018）》：中小企业平均寿命约 3 年；小微企业法人贷款不良率 3.16%，单户授信 500 万以下小微贷款不良率 5.5%。（[财新报道，2019](https://finance.caixin.com/2019-06-25/101431232.html)）,https://finance.caixin.com/2019-06-25/101431232.html
WEB-0063,企业资产配置调研报告.md,26,plain_url,- **抗风险能力弱**：央行/银保监会《中国小微企业金融服务报告（2018）》：中小企业平均寿命约 3 年；小微企业法人贷款不良率 3.16%，单户授信 500 万以下小微贷款不良率 5.5%。（[财新报道，2019](https://finance.caixin.com/2019-06-25/101431232.html)）,https://finance.caixin.com/2019-06-25/101431232.html
WEB-0064,企业资产配置调研报告.md,77,markdown_link,- 2025 年中国黄金需求总量 1003 吨（金额 7960 亿元、同比 +53% 创新高），金条金币 432 吨（+28%）——投资需求取代金饰成为主导。（[世界黄金协会，2026-01](https://finance.eastmoney.com/a/202601293635229941.html)）,https://finance.eastmoney.com/a/202601293635229941.html
WEB-0064,企业资产配置调研报告.md,77,plain_url,- 2025 年中国黄金需求总量 1003 吨（金额 7960 亿元、同比 +53% 创新高），金条金币 432 吨（+28%）——投资需求取代金饰成为主导。（[世界黄金协会，2026-01](https://finance.eastmoney.com/a/202601293635229941.html)）,https://finance.eastmoney.com/a/202601293635229941.html
WEB-0065,企业资产配置调研报告.md,76,markdown_link,- **黄金 ETF 爆发**：2025 年中国黄金 ETF 全年流入 1100 亿元（约 133 吨），年末总规模 2418 亿元（同比 +243%），持仓 248 吨，均创历史新高。（[世界黄金协会，2026-01](https://finance.eastmoney.com/a/202601293635238166.html)）,https://finance.eastmoney.com/a/202601293635238166.html
WEB-0065,企业资产配置调研报告.md,76,plain_url,- **黄金 ETF 爆发**：2025 年中国黄金 ETF 全年流入 1100 亿元（约 133 吨），年末总规模 2418 亿元（同比 +243%），持仓 248 吨，均创历史新高。（[世界黄金协会，2026-01](https://finance.eastmoney.com/a/202601293635238166.html)）,https://finance.eastmoney.com/a/202601293635238166.html
WEB-0066,企业资产配置调研报告.md,53,markdown_link,- **资不抵债**：2020 年 A 股 38 家上市公司资不抵债，创近五年新高。（[证券时报·数据宝](https://finance.sina.cn/2019-11-01/detail-iicezuev6448497.d.html)）,https://finance.sina.cn/2019-11-01/detail-iicezuev6448497.d.html
WEB-0066,企业资产配置调研报告.md,53,plain_url,- **资不抵债**：2020 年 A 股 38 家上市公司资不抵债，创近五年新高。（[证券时报·数据宝](https://finance.sina.cn/2019-11-01/detail-iicezuev6448497.d.html)）,https://finance.sina.cn/2019-11-01/detail-iicezuev6448497.d.html
WEB-0067,案例库/宏观危机篇/03_1971布雷顿森林解体/案例档案.md,55,plain_url,"3. 新浪财经（2022）：""对1970年代滞涨期的回顾和对比""（美元指数 1971 年 120.4→1980 年 84.7），https://finance.sina.cn/futuremarket/qsyw/2022-07-06/detail-imizirav2178461.d.html",https://finance.sina.cn/futuremarket/qsyw/2022-07-06/detail-imizirav2178461.d.html
WEB-0068,企业资产配置调研报告.md,75,markdown_link,- **央行持续购金**：2025 年 12 月末官方黄金储备 7415 万盎司（约 2306 吨）；2026 年 7 月末 7608 万盎司（约 2366 吨），占外汇储备 8.96%；2024 年 11 月起连续逐月增持。（[新浪财经引外汇局，2026-01](https://finance.sina.cn/stock/ggyj/2026-01-21/detail-inhiaktt8097986.d.html?vt=4)）,https://finance.sina.cn/stock/ggyj/2026-01-21/detail-inhiaktt8097986.d.html?vt=4
WEB-0068,企业资产配置调研报告.md,75,plain_url,- **央行持续购金**：2025 年 12 月末官方黄金储备 7415 万盎司（约 2306 吨）；2026 年 7 月末 7608 万盎司（约 2366 吨），占外汇储备 8.96%；2024 年 11 月起连续逐月增持。（[新浪财经引外汇局，2026-01](https://finance.sina.cn/stock/ggyj/2026-01-21/detail-inhiaktt8097986.d.html?vt=4)）,https://finance.sina.cn/stock/ggyj/2026-01-21/detail-inhiaktt8097986.d.html?vt=4
WEB-0069,企业资产配置调研报告.md,32,markdown_link,- **资产负债率更高且更稳定**：A 股非金融上市公司整体资产负债率 2013 年后稳定在 **60% 左右**，中位数约 40.9%（2020）。（[粤开证券李奇霖，2019](https://finance.sina.cn/zl/2019-04-03/zl-ihvhiewr2875426.d.html)；[证券时报·数据宝，2021](https://xueqiu.com/6089013236/178955965)）,https://finance.sina.cn/zl/2019-04-03/zl-ihvhiewr2875426.d.html
WEB-0069,企业资产配置调研报告.md,32,plain_url,- **资产负债率更高且更稳定**：A 股非金融上市公司整体资产负债率 2013 年后稳定在 **60% 左右**，中位数约 40.9%（2020）。（[粤开证券李奇霖，2019](https://finance.sina.cn/zl/2019-04-03/zl-ihvhiewr2875426.d.html)；[证券时报·数据宝，2021](https://xueqiu.com/6089013236/178955965)）,https://finance.sina.cn/zl/2019-04-03/zl-ihvhiewr2875426.d.html
WEB-0070,企业资产配置调研报告.md,133,markdown_link,"- **积存金/纸黄金**：人民银行《黄金积存业务管理暂行办法》（银办发〔2018〕222 号）要求""支持客户提取实物黄金或卖出获得货币资金""——法定双向变现安排。（[人民银行，2018](https://finance.sina.com.cn/money/nmetal/roll/2018-12-14/doc-ihmutuec9237941.shtml)）",https://finance.sina.com.cn/money/nmetal/roll/2018-12-14/doc-ihmutuec9237941.shtml
WEB-0070,企业资产配置调研报告.md,133,plain_url,"- **积存金/纸黄金**：人民银行《黄金积存业务管理暂行办法》（银办发〔2018〕222 号）要求""支持客户提取实物黄金或卖出获得货币资金""——法定双向变现安排。（[人民银行，2018](https://finance.sina.com.cn/money/nmetal/roll/2018-12-14/doc-ihmutuec9237941.shtml)）",https://finance.sina.com.cn/money/nmetal/roll/2018-12-14/doc-ihmutuec9237941.shtml
WEB-0071,案例库/宏观危机篇/15_2020疫情全球市场崩盘/案例档案.md,92,plain_url,1. 标普 500 历史数据（2020 峰值/谷底/全年）：Yahoo Finance/Refinitiv 历史行情：<https://finance.yahoo.com/quote/%5EGSPC/history/>,https://finance.yahoo.com/quote/%5EGSPC/history
WEB-0071,案例库/宏观危机篇/16_2022美联储激进加息周期/案例档案.md,95,plain_url,3. 标普 500 / 纳斯达克 2022 全年涨跌幅：Yahoo Finance/Refinitiv 历史数据：<https://finance.yahoo.com/quote/%5EGSPC/history/>,https://finance.yahoo.com/quote/%5EGSPC/history
WEB-0072,案例库/宏观危机篇/09_2008全球金融危机/案例档案.md,48,plain_url,6. Financial Gravity（引标普500 2007年10月—2009年3月回撤56.8%数据），2024年，https://financialgravityfamilyofficeservices.com/walters/newsletter/cautionary-tale/,https://financialgravityfamilyofficeservices.com/walters/newsletter/cautionary-tale
WEB-0073,案例库/宏观危机篇/01_1929大萧条/案例档案.md,44,plain_url,3. 美国财政部年报（1940，圣路易斯联储 FRASER 档案）：1911–1932 年白银年均价格表，1929 年 53.3 美分、1932 年 28.2 美分、1932 年 12 月低点 24.6 美分。https://fraser.stlouisfed.org/files/docs/publications/treasar/AR_TREASURY_1940.pdf,https://fraser.stlouisfed.org/files/docs/publications/treasar/AR_TREASURY_1940.pdf
WEB-0074,计划书/03_多币种流动性与黄金战略储备周期配置计划书.pdf,annotation-34,pdf_annotation,PDF link annotation: https://fred.stlouisfed.org/,https://fred.stlouisfed.org/
WEB-0074,计划书/03_多币种流动性与黄金战略储备周期配置计划书.pdf,annotation-35,pdf_annotation,PDF link annotation: https://fred.stlouisfed.org/,https://fred.stlouisfed.org/
WEB-0074,计划书/03_多币种流动性与黄金战略储备周期配置计划书.tex,820,plain_url,"Federal Reserve Bank of St. Louis, \emph{FRED Economic Data}, \url{https://fred.stlouisfed.org/}.",https://fred.stlouisfed.org/
WEB-0074,计划书/04_亚非拉国别风险与多币种储备智能决策平台总计划书.pdf,annotation-30,pdf_annotation,PDF link annotation: https://fred.stlouisfed.org/,https://fred.stlouisfed.org/
WEB-0074,计划书/04_亚非拉国别风险与多币种储备智能决策平台总计划书.pdf,annotation-31,pdf_annotation,PDF link annotation: https://fred.stlouisfed.org/,https://fred.stlouisfed.org/
WEB-0074,计划书/04_亚非拉国别风险与多币种储备智能决策平台总计划书.pdf,annotation-32,pdf_annotation,PDF link annotation: https://fred.stlouisfed.org/,https://fred.stlouisfed.org/
WEB-0074,计划书/04_亚非拉国别风险与多币种储备智能决策平台总计划书.tex,2081,plain_url,"Federal Reserve Bank of St. Louis, FRED economic data, \url{https://fred.stlouisfed.org/}, accessed 2026-08-15.",https://fred.stlouisfed.org/
WEB-0074,计划书/05_全球经济周期与亚非拉国别风险多币种储备智能决策平台总计划书.pdf,annotation-30,pdf_annotation,PDF link annotation: https://fred.stlouisfed.org/,https://fred.stlouisfed.org/
WEB-0074,计划书/05_全球经济周期与亚非拉国别风险多币种储备智能决策平台总计划书.pdf,annotation-31,pdf_annotation,PDF link annotation: https://fred.stlouisfed.org/,https://fred.stlouisfed.org/
WEB-0074,计划书/05_全球经济周期与亚非拉国别风险多币种储备智能决策平台总计划书.pdf,annotation-32,pdf_annotation,PDF link annotation: https://fred.stlouisfed.org/,https://fred.stlouisfed.org/
WEB-0074,计划书/05_全球经济周期与亚非拉国别风险多币种储备智能决策平台总计划书.tex,2438,plain_url,"Federal Reserve Bank of St. Louis, FRED economic data, \url{https://fred.stlouisfed.org/}, accessed 2026-08-15.",https://fred.stlouisfed.org/
WEB-0074,计划书/references.bib,167,plain_url,"  url         = {https://fred.stlouisfed.org/},",https://fred.stlouisfed.org/
WEB-0074,最终数据/最终数据/outputs/019f56e7-91fe-7a43-b1d0-ae50e45c9d0c/黄金价格传导链因素与时序数据_20260724.xlsx,xl/worksheets/sheet11.xml,xlsx_xml,XLSX entry: xl/worksheets/sheet11.xml,https://fred.stlouisfed.org/
WEB-0074,最终数据/最终数据/outputs/019f56e7-91fe-7a43-b1d0-ae50e45c9d0c/黄金价格传导链因素与时序数据_20260724.xlsx.inspect.ndjson,80405,plain_url,"{""kind"":""table"",""sheet"":""12_来源与口径"",""address"":""A1:M13"",""rows"":13,""cols"":13,""values"":[[""数据来源与时间口径"",null,null,null,null,null,null,null,null,null,null,null,null],[null,null,null,null,null,null,null,null,null,null,null,null,null],[""所有模型字段都应能追溯到此表；完整URL只集中存放在本页，避免在建模表中重复。"",null,null,null,null,null,null,null,null,null,null,null,null],[null,null,null,null,null,null,null,null,null,null,null,null,null],[""数据集ID"",""字段/用途"",""来源机构"",""频率"",""观察时间"",""模型可用时间"",""覆盖期"",""单位"",""官方URL"",""本地文件"",""许可/引用说明"",""工作表"",""备注""],[""SGE_DAILY",https://fred.stlouisfed.org/
WEB-0074,最终数据/最终数据/outputs/019f56e7-91fe-7a43-b1d0-ae50e45c9d0c/金银价格波动影响因素与时序数据_20260726.xlsx,xl/worksheets/sheet12.xml,xlsx_xml,XLSX entry: xl/worksheets/sheet12.xml,https://fred.stlouisfed.org/
WEB-0074,最终数据/最终数据/outputs/019f56e7-91fe-7a43-b1d0-ae50e45c9d0c/金银价格波动影响因素与时序数据_20260726.xlsx.inspect.ndjson,91397,plain_url,"{""kind"":""table"",""sheet"":""12_来源与口径"",""address"":""A1:M14"",""rows"":14,""cols"":13,""values"":[[""数据来源与时间口径"",null,null,null,null,null,null,null,null,null,null,null,null],[null,null,null,null,null,null,null,null,null,null,null,null,null],[""所有模型字段都应能追溯到此表；完整URL只集中存放在本页，避免在建模表中重复。"",null,null,null,null,null,null,null,null,null,null,null,null],[null,null,null,null,null,null,null,null,null,null,null,null,null],[""数据集ID"",""字段/用途"",""来源机构"",""频率"",""观察时间"",""模型可用时间"",""覆盖期"",""单位"",""官方URL"",""本地文件"",""许可/引用说明"",""工作表"",""备注""],[""SGE_DAILY",https://fred.stlouisfed.org/
WEB-0074,最终数据/最终数据/outputs/019f56e7-91fe-7a43-b1d0-ae50e45c9d0c/金银价格波动影响因素与时序数据_中文字段版_20260726.xlsx,xl/worksheets/sheet13.xml,xlsx_xml,XLSX entry: xl/worksheets/sheet13.xml,https://fred.stlouisfed.org/
WEB-0074,最终数据/最终数据/outputs/019f56e7-91fe-7a43-b1d0-ae50e45c9d0c/金银价格波动影响因素与时序数据_中文字段版_20260726.xlsx.inspect.ndjson,91689,plain_url,"{""kind"":""table"",""sheet"":""12_来源与口径"",""address"":""A1:M14"",""rows"":14,""cols"":13,""values"":[[""数据来源与时间口径"",null,null,null,null,null,null,null,null,null,null,null,null],[null,null,null,null,null,null,null,null,null,null,null,null,null],[""所有模型字段都应能追溯到此表；完整URL只集中存放在本页，避免在建模表中重复。"",null,null,null,null,null,null,null,null,null,null,null,null],[null,null,null,null,null,null,null,null,null,null,null,null,null],[""数据集ID"",""字段/用途"",""来源机构"",""频率"",""观察时间"",""模型可用时间"",""覆盖期"",""单位"",""官方URL"",""本地文件"",""许可/引用说明"",""工作表"",""备注""],[""SGE_DAILY",https://fred.stlouisfed.org/
WEB-0075,最终数据/最终数据/outputs/019f56e7-91fe-7a43-b1d0-ae50e45c9d0c/金银价格预测_官方数据与因素台账_20260713.xlsx,xl/worksheets/sheet2.xml,xlsx_xml,XLSX entry: xl/worksheets/sheet2.xml,https://fred.stlouisfed.org/legal
WEB-0075,最终数据/最终数据/outputs/019f56e7-91fe-7a43-b1d0-ae50e45c9d0c/金银价格预测_官方数据与因素台账_20260713.xlsx.inspect.ndjson,649,plain_url,"{""kind"":""table"",""sheet"":""01_数据目录"",""address"":""A1:N15"",""rows"":15,""cols"":14,""values"":[[""dataset_id"",""数据集/字段"",""来源机构"",""频率"",""观测日期口径"",""发布时间/可用时点"",""覆盖范围"",""单位"",""许可与再分发"",""交付状态"",""官方URL"",""本地路径"",""建模用途"",""注意事项""],[""WB_PRICE"",""黄金、白银、铜、布伦特等月均价"",""World Bank"",""月"",""自然月月均"",""次月更新；本表建模统一滞后1月"",""2016-01—2026-06"",""USD/oz、USD/mt、USD/bbl"",""世界银行公开数据；保留署名"",""已收集/可交付"",""https://thedocs.worldbank.org/en/doc/74e8be41ceb20fa0da750cda2f6b9e4e-0050012026/world-bank-commodities-price-data-the-pink-sheet"",""data/raw/world_bank/CMO-Histo",https://fred.stlouisfed.org/legal
WEB-0075,V1.0归档实施策略,policy,archive_policy,FRED法律条款,https://fred.stlouisfed.org/legal
WEB-0076,案例库/货币崩溃篇/07_2022-2024埃及镑贬值/案例档案.md,89,plain_url,1. 埃镑汇率数据（15.7 → 48–50）：美联储圣路易斯分部（FRED）EGP/USD：<https://fred.stlouisfed.org/series/AEXEGUS>,https://fred.stlouisfed.org/series/AEXEGUS
WEB-0077,案例库/货币崩溃篇/08_2010-2025伊朗里亚尔/案例档案.md,92,plain_url,1. 里亚尔汇率数据（2011–2025）：IMF IFS / Bonbast（伊朗黑市汇率跟踪）/美联储 FRED（IRR/USD）：<https://fred.stlouisfed.org/series/AEXIRUS>,https://fred.stlouisfed.org/series/AEXIRUS
WEB-0078,案例库/货币崩溃篇/06_2022-2024尼日利亚奈拉崩溃/案例档案.md,92,plain_url,"1. 奈拉汇率数据（N461 → N1,535）：美联储圣路易斯分部（FRED）NGN/USD：<https://fred.stlouisfed.org/series/AEXNUS>",https://fred.stlouisfed.org/series/AEXNUS
WEB-0078,案例库/微观企业篇/01_MTN尼日利亚/案例档案.md,75,plain_url,"3. 奈拉汇率数据（N461 → N1,535）：美联储圣路易斯分部（FRED）NGN/USD：<https://fred.stlouisfed.org/series/AEXNUS>",https://fred.stlouisfed.org/series/AEXNUS
WEB-0078,案例库/微观企业篇/02_雀巢尼日利亚/案例档案.md,76,plain_url,"4. 奈拉汇率（N461 → N1,535）：美联储 FRED NGN/USD：<https://fred.stlouisfed.org/series/AEXNUS>",https://fred.stlouisfed.org/series/AEXNUS
WEB-0078,案例库/微观企业篇/04_传音控股/案例档案.md,79,plain_url,6. 奈拉 2023–2024 -70%：美联储 FRED NGN/USD：<https://fred.stlouisfed.org/series/AEXNUS>,https://fred.stlouisfed.org/series/AEXNUS
WEB-0078,案例库/微观企业篇/07_IATA航司被困资金/案例档案.md,79,plain_url,4. 奈拉 2023–2024 -70%：美联储 FRED：<https://fred.stlouisfed.org/series/AEXNUS>,https://fred.stlouisfed.org/series/AEXNUS
WEB-0079,计划书/05_全球经济周期与亚非拉国别风险多币种储备智能决策平台总计划书.pdf,5452,pdf_text,"    Adjusted Spread, https://fred.stlouisfed.org/series/BAMLH0A0HYM2, accessed",https://fred.stlouisfed.org/series/BAMLH0A0HYM2
WEB-0079,计划书/05_全球经济周期与亚非拉国别风险多币种储备智能决策平台总计划书.pdf,annotation-46,pdf_annotation,PDF link annotation: https://fred.stlouisfed.org/series/BAMLH0A0HYM2,https://fred.stlouisfed.org/series/BAMLH0A0HYM2
WEB-0079,计划书/05_全球经济周期与亚非拉国别风险多币种储备智能决策平台总计划书.pdf,annotation-47,pdf_annotation,PDF link annotation: https://fred.stlouisfed.org/series/BAMLH0A0HYM2,https://fred.stlouisfed.org/series/BAMLH0A0HYM2
WEB-0079,计划书/05_全球经济周期与亚非拉国别风险多币种储备智能决策平台总计划书.tex,2462,plain_url,"Federal Reserve Bank of St. Louis and ICE Data Indices, US High Yield Index Option-Adjusted Spread, \url{https://fred.stlouisfed.org/series/BAMLH0A0HYM2}, accessed 2026-08-16. The submission package must follow the stated ICE/FRED access and redistribution restrictions; raw observations are not redistributed without permission.",https://fred.stlouisfed.org/series/BAMLH0A0HYM2
WEB-0080,案例库/地缘冲突与制裁篇/06_2014克里米亚危机-卢布暴跌/案例档案.md,82,plain_url,1. 卢布 2014 年汇率（33 → 68，-72%）：美联储圣路易斯分部（FRED）RUB/USD：<https://fred.stlouisfed.org/series/CCUSMA02RUM618N>,https://fred.stlouisfed.org/series/CCUSMA02RUM618N
WEB-0080,案例库/货币崩溃篇/10_1998俄罗斯卢布危机/案例档案.md,87,plain_url,1. 卢布汇率（1998–1999）：美联储圣路易斯分部（FRED）RUB/USD：<https://fred.stlouisfed.org/series/CCUSMA02RUM618N>,https://fred.stlouisfed.org/series/CCUSMA02RUM618N
WEB-0081,案例库/宏观危机篇/11_1994墨西哥龙舌兰危机/案例档案.md,90,plain_url,2. 美联储圣路易斯分部（FRED）比索/美元汇率数据：<https://fred.stlouisfed.org/series/DEXMXUS>,https://fred.stlouisfed.org/series/DEXMXUS
WEB-0082,案例库/宏观危机篇/13_2001阿根廷债务危机/案例档案.md,91,plain_url,2. 美联储圣路易斯分部（FRED）阿根廷比索/美元汇率：<https://fred.stlouisfed.org/series/DEXRARL>,https://fred.stlouisfed.org/series/DEXRARL
WEB-0082,案例库/微观企业篇/03_ABInBev阿根廷/案例档案.md,75,plain_url,3. 阿根廷比索汇率（2023 -78%、12 月 +54%）：阿根廷央行（BCRA）/FRED：<https://fred.stlouisfed.org/series/DEXRARL>,https://fred.stlouisfed.org/series/DEXRARL
WEB-0083,案例库/货币崩溃篇/04_2018土耳其里拉危机/案例档案.md,90,plain_url,1. 土耳其里拉汇率数据（2018–2025）：美联储圣路易斯分部（FRED）TRY/USD：<https://fred.stlouisfed.org/series/DEXTAUS>,https://fred.stlouisfed.org/series/DEXTAUS
WEB-0084,案例库/宏观危机篇/17_1980-2000黄金熊市_反面案例/案例档案.md,88,plain_url,5. 联邦基金利率（沃尔克 20% 峰值，1981-06）：美联储圣路易斯分部：<https://fred.stlouisfed.org/series/DFF>,https://fred.stlouisfed.org/series/DFF
WEB-0085,案例库/地缘冲突与制裁篇/03_2024以色列-伊朗冲突/案例档案.md,92,plain_url,5. 以色列谢克尔汇率：FRED ILS/USD：<https://fred.stlouisfed.org/series/EXILUS>,https://fred.stlouisfed.org/series/EXILUS
WEB-0086,案例库/宏观危机篇/14_2010欧洲主权债务危机/案例档案.md,93,plain_url,3. 希腊 10 年期国债收益率历史：<https://fred.stlouisfed.org/series/IRLTLT01GRM156N>,https://fred.stlouisfed.org/series/IRLTLT01GRM156N
WEB-0087,计划书/05_全球经济周期与亚非拉国别风险多币种储备智能决策平台总计划书.pdf,5449,pdf_text,"    https://fred.stlouisfed.org/series/NFCI, accessed 2026-08-16.",https://fred.stlouisfed.org/series/NFCI
WEB-0087,计划书/05_全球经济周期与亚非拉国别风险多币种储备智能决策平台总计划书.pdf,annotation-45,pdf_annotation,PDF link annotation: https://fred.stlouisfed.org/series/NFCI,https://fred.stlouisfed.org/series/NFCI
WEB-0087,计划书/05_全球经济周期与亚非拉国别风险多币种储备智能决策平台总计划书.tex,2459,plain_url,"Federal Reserve Bank of St. Louis, Chicago Fed National Financial Conditions Index, \url{https://fred.stlouisfed.org/series/NFCI}, accessed 2026-08-16.",https://fred.stlouisfed.org/series/NFCI
WEB-0088,案例库/宏观危机篇/12_1998俄罗斯金融危机/案例档案.md,92,plain_url,2. 美联储圣路易斯分部（FRED）卢布/美元汇率：<https://fred.stlouisfed.org/series/RBIBIS>,https://fred.stlouisfed.org/series/RBIBIS
WEB-0089,计划书/05_全球经济周期与亚非拉国别风险多币种储备智能决策平台总计划书.pdf,annotation-42,pdf_annotation,PDF link annotation: https://fred.stlouisfed.org/series/SAHMREALTIME,https://fred.stlouisfed.org/series/SAHMREALTIME
WEB-0089,计划书/05_全球经济周期与亚非拉国别风险多币种储备智能决策平台总计划书.pdf,annotation-43,pdf_annotation,PDF link annotation: https://fred.stlouisfed.org/series/SAHMREALTIME,https://fred.stlouisfed.org/series/SAHMREALTIME
WEB-0089,计划书/05_全球经济周期与亚非拉国别风险多币种储备智能决策平台总计划书.tex,2453,plain_url,"Federal Reserve Bank of St. Louis, Real-time Sahm Rule Recession Indicator, \url{https://fred.stlouisfed.org/series/SAHMREALTIME}, accessed 2026-08-16.",https://fred.stlouisfed.org/series/SAHMREALTIME
WEB-0090,计划书/04_亚非拉国别风险与多币种储备智能决策平台总计划书.pdf,4369,pdf_text,"[13] Federal Reserve Bank of St. Louis, FRED economic data, https://fred.stlouisfed.",https://fred.stlouisfed/
WEB-0090,计划书/05_全球经济周期与亚非拉国别风险多币种储备智能决策平台总计划书.pdf,5425,pdf_text,"[13] Federal Reserve Bank of St. Louis, FRED economic data, https://fred.stlouisfed.",https://fred.stlouisfed/
WEB-0091,企业资产配置调研报告.md,139,markdown_link,- **人民币金价过去 20 年复合年化约 9%**，跑赢同期国内股债；2003–2022 年 COMEX 黄金、伦敦现货年化分别 8.55%、8.27%，跑赢沪深 300。（[世界黄金协会，2026](https://news.10jqka.com.cn/20260806/c678732646.shtml)；[WGC 报告，2023](https://fund.eastmoney.com/a/202303312678415644.html)）,https://fund.eastmoney.com/a/202303312678415644.html
WEB-0091,企业资产配置调研报告.md,139,plain_url,- **人民币金价过去 20 年复合年化约 9%**，跑赢同期国内股债；2003–2022 年 COMEX 黄金、伦敦现货年化分别 8.55%、8.27%，跑赢沪深 300。（[世界黄金协会，2026](https://news.10jqka.com.cn/20260806/c678732646.shtml)；[WGC 报告，2023](https://fund.eastmoney.com/a/202303312678415644.html)）,https://fund.eastmoney.com/a/202303312678415644.html
WEB-0092,最终数据/最终数据/research/media_sentiment_gold_paper/metadata/dataset_manifest.csv,4,plain_url,"文本词典,THUOCL财经词表,论文参考文献32所列清华财经类词汇词库,更新于2016-12-24,3830词条,THUNLP/Heywhale,https://github.com/thunlp/THUOCL,论文明确引用,已下载,research/media_sentiment_gold_paper/datasets/raw/THUOCL_caijing.txt,MIT；成果中应声明使用清华大学开放中文词库,精确引用源,词+DF值，Tab分隔；它不是论文最终55正/104负情绪词典",https://github.com/thunlp/THUOCL
WEB-0092,最终数据/最终数据/research/media_sentiment_gold_paper/outputs/019f56e7-91fe-7a43-b1d0-ae50e45c9d0c/论文数据来源与复现清单.xlsx,xl/worksheets/sheet2.xml,xlsx_xml,XLSX entry: xl/worksheets/sheet2.xml,https://github.com/thunlp/THUOCL
WEB-0092,最终数据/最终数据/research/media_sentiment_gold_paper/outputs/019f56e7-91fe-7a43-b1d0-ae50e45c9d0c/论文数据来源与复现清单.xlsx.inspect.ndjson,79,plain_url,"{""kind"":""table"",""sheet"":""数据清单"",""address"":""A1:M22"",""rows"":22,""cols"":13,""values"":[[""论文数据资产清单：精确引用、受限数据与开放代理"",""论文数据资产清单：精确引用、受限数据与开放代理"",""论文数据资产清单：精确引用、受限数据与开放代理"",""论文数据资产清单：精确引用、受限数据与开放代理"",""论文数据资产清单：精确引用、受限数据与开放代理"",""论文数据资产清单：精确引用、受限数据与开放代理"",""论文数据资产清单：精确引用、受限数据与开放代理"",""论文数据资产清单：精确引用、受限数据与开放代理"",""论文数据资产清单：精确引用、受限数据与开放代理"",""论文数据资产清单：精确引用、受限数据与开放代理"",""论文数据资产清单：精确引用、受限数据与开放代理"",""论文数据资产清单：精确引用、受限数据与开放代理"",""论文数据资产清单：精确引用、受限数据与开放代理""],[""黄色/红色状态用于提醒，但判断以‘可得状态’和‘精确或代理’文本为准。所有代理数据都不能当作原作者数据。"",null,null,null,null,null",https://github.com/thunlp/THUOCL
WEB-0092,最终数据/最终数据/research/media_sentiment_gold_paper/outputs/019f56e7-91fe-7a43-b1d0-ae50e45c9d0c/workbook_inspect.ndjson,5,plain_url,"{""kind"":""table"",""sheet"":""数据清单"",""address"":""A1:M22"",""rows"":22,""cols"":13,""values"":[[""论文数据资产清单：精确引用、受限数据与开放代理"",""论文数据资产清单：精确引用、受限数据与开放代理"",""论文数据资产清单：精确引用、受限数据与开放代理"",""论文数据资产清单：精确引用、受限数据与开放代理"",""论文数据资产清单：精确引用、受限数据与开放代理"",""论文数据资产清单：精确引用、受限数据与开放代理"",""论文数据资产清单：精确引用、受限数据与开放代理"",""论文数据资产清单：精确引用、受限数据与开放代理"",""论文数据资产清单：精确引用、受限数据与开放代理"",""论文数据资产清单：精确引用、受限数据与开放代理"",""论文数据资产清单：精确引用、受限数据与开放代理"",""论文数据资产清单：精确引用、受限数据与开放代理"",""论文数据资产清单：精确引用、受限数据与开放代理""],[""黄色/红色状态用于提醒，但判断以‘可得状态’和‘精确或代理’文本为准。所有代理数据都不能当作原作者数据。"",null,null,null,null,null",https://github.com/thunlp/THUOCL
WEB-0092,最终数据/最终数据/research/media_sentiment_gold_paper/README_论文学习与数据说明.md,51,plain_url,- 官方仓库：https://github.com/thunlp/THUOCL,https://github.com/thunlp/THUOCL
WEB-0092,最终数据/最终数据/research/media_sentiment_gold_paper/scripts/build_reproducibility_package.mjs,95,plain_url,"  [""文本词典"", ""THUOCL财经词表"", ""论文参考文献32所列清华财经类词汇词库"", ""更新于2016-12-24"", ""3830词条"", ""THUNLP/Heywhale"", ""https://github.com/thunlp/THUOCL"", ""论文明确引用"", ""已下载"", rel(path.join(rawDir, ""THUOCL_caijing.txt"")), ""MIT；成果中应声明使用清华大学开放中文词库"", ""精确引用源"", ""词+DF值，Tab分隔；它不是论文最终55正/104负情绪词典""],",https://github.com/thunlp/THUOCL
WEB-0093,案例库/微观企业篇/09_Tether黄金储备/案例档案.md,80,plain_url,5. Tether XAU₮（黄金计价稳定币，约 7.66 吨实物支持）：Tether 官方产品页面：<https://gold.tether.to/>,https://gold.tether.to/
WEB-0094,案例库/宏观危机篇/03_1971布雷顿森林解体/案例档案.md,57,plain_url,"5. GoldSilver.com（引 LBMA 与 Macrotrends 数据）：""The 1971 Nixon Shock""（金价 35→850 美元、+2,300%），https://goldsilver.com/learn/how-money-works/the-1971-nixon-shock/",https://goldsilver.com/learn/how-money-works/the-1971-nixon-shock
WEB-0095,案例库/宏观危机篇/04_1973-1980滞胀大牛市/案例档案.md,63,plain_url,"2. GoldSilver.com（引用 Macrotrends 百年金价图、LBMA 历史数据、World Gold Council），""Gold Price Cycles: What History's Patterns Tell Us""（2026），https://goldsilver.com/learn/investing-in-gold/gold-price-cycles-market-trends/",https://goldsilver.com/learn/investing-in-gold/gold-price-cycles-market-trends
WEB-0096,最终数据/最终数据/research/media_sentiment_gold_paper/metadata/sge_en_daily.html,29,plain_url,"  hm.src = ""https://hm.baidu.com/hm.js?62fa33f77aa3ca59592c24364d3c42eb"";",https://hm.baidu.com/hm.js?62fa33f77aa3ca59592c24364d3c42eb=
WEB-0097,最终数据/最终数据/research/media_sentiment_gold_paper/metadata/sge_quotation_daily_new.html,64,plain_url,"  hm.src = ""https://hm.baidu.com/hm.js?9165e30c92968eb1baa5e3eb5f34dc60"";",https://hm.baidu.com/hm.js?9165e30c92968eb1baa5e3eb5f34dc60=
WEB-0098,最终数据/最终数据/outputs/019f56e7-91fe-7a43-b1d0-ae50e45c9d0c/金银价格预测_官方数据与因素台账_20260713.xlsx,xl/worksheets/sheet4.xml,xlsx_xml,XLSX entry: xl/worksheets/sheet4.xml,https://home.treasury.gov/news/press-releases/jy0612
WEB-0098,最终数据/最终数据/outputs/019f56e7-91fe-7a43-b1d0-ae50e45c9d0c/金银价格预测_官方数据与因素台账_20260713.xlsx.inspect.ndjson,978,plain_url,"{""kind"":""table"",""sheet"":""03_事件时间线"",""address"":""A1:K20"",""rows"":20,""cols"":11,""values"":[[""开始日期"",""结束日期"",""事件"",""主因子通道"",""黄金反应"",""白银反应"",""关键事实"",""证据性质"",""官方/一手来源"",""因果边界"",""建模标签""],[""2020-03-11T00:00:00.000Z"",""2020-03-19T00:00:00.000Z"",""COVID-19全球大流行与美元流动性冲击"",""避险↑；现金需求↑；去杠杆；工业预期↓"",""先跌后涨"",""大幅下跌"",""3月19日前后金银均触及年度低位；金银比一度极端上升"",""事件共时+市场复盘"",""https://www.who.int/news-room/speeches/item/who-director-general-s-opening-remarks-at-the-media-briefing-on-covid-19---11-march-2020"",""不能把跌幅只归因于疫情声明，保证金与美元融资压力同样关键"",""LIQUIDITY_SH",https://home.treasury.gov/news/press-releases/jy0612
WEB-0099,案例库/宏观危机篇/02_1933罗斯福黄金新政/案例档案.md,52,plain_url,3. U.S. Department of the Treasury（美国财政部），《Exchange Stabilization Fund – Legislative Basis》，https://home.treasury.gov/policy-issues/international/exchange-stabilization-fund/legislative-basis,https://home.treasury.gov/policy-issues/international/exchange-stabilization-fund/legislative-basis
WEB-0100,案例库/宏观危机篇/17_1980-2000黄金熊市_反面案例/案例档案.md,87,plain_url,4. 美国 10 年期国债收益率：美国财政部利率历史：<https://home.treasury.gov/resource-center/data-chart-center/interest-rates>,https://home.treasury.gov/resource-center/data-chart-center/interest-rates
WEB-0100,最终数据/最终数据/research/media_sentiment_gold_paper/README_论文学习与数据说明.md,72,plain_url,- 来源：https://home.treasury.gov/resource-center/data-chart-center/interest-rates,https://home.treasury.gov/resource-center/data-chart-center/interest-rates
WEB-0101,最终数据/最终数据/outputs/019f56e7-91fe-7a43-b1d0-ae50e45c9d0c/金银价格预测_官方数据与因素台账_20260713.xlsx,xl/worksheets/sheet2.xml,xlsx_xml,XLSX entry: xl/worksheets/sheet2.xml,https://home.treasury.gov/resource-center/data-chart-center/interest-rates/TextView?type=daily_treasury_real_yield_curve
WEB-0101,最终数据/最终数据/outputs/019f56e7-91fe-7a43-b1d0-ae50e45c9d0c/金银价格预测_官方数据与因素台账_20260713.xlsx.inspect.ndjson,649,plain_url,"{""kind"":""table"",""sheet"":""01_数据目录"",""address"":""A1:N15"",""rows"":15,""cols"":14,""values"":[[""dataset_id"",""数据集/字段"",""来源机构"",""频率"",""观测日期口径"",""发布时间/可用时点"",""覆盖范围"",""单位"",""许可与再分发"",""交付状态"",""官方URL"",""本地路径"",""建模用途"",""注意事项""],[""WB_PRICE"",""黄金、白银、铜、布伦特等月均价"",""World Bank"",""月"",""自然月月均"",""次月更新；本表建模统一滞后1月"",""2016-01—2026-06"",""USD/oz、USD/mt、USD/bbl"",""世界银行公开数据；保留署名"",""已收集/可交付"",""https://thedocs.worldbank.org/en/doc/74e8be41ceb20fa0da750cda2f6b9e4e-0050012026/world-bank-commodities-price-data-the-pink-sheet"",""data/raw/world_bank/CMO-Histo",https://home.treasury.gov/resource-center/data-chart-center/interest-rates/TextView?type=daily_treasury_real_yield_curve
WEB-0102,案例库/宏观危机篇/01_1929大萧条/案例档案.md,47,plain_url,6. HowMuch.net（2020）：百年金银价格比图，1933 年金银比 132.4 的极值记录。https://howmuch.net/articles/gold-silver-ratio-timeline,https://howmuch.net/articles/gold-silver-ratio-timeline
WEB-0103,企业资产配置调研报告.md,52,markdown_link,"- **终态特征：货币资金枯竭 + 应收/存货畸高**。某环保企业破产前期货币资金仅占总资产 3.1%，应收账款占 32%、存货占 26.4%——资产""纸面化""、现金断流。（[公开年报](https://imgs.h2o-china.com/4d/fb/1016/883980422335d7f88721e49.PDF)）",https://imgs.h2o-china.com/4d/fb/1016/883980422335d7f88721e49.PDF
WEB-0103,企业资产配置调研报告.md,52,plain_url,"- **终态特征：货币资金枯竭 + 应收/存货畸高**。某环保企业破产前期货币资金仅占总资产 3.1%，应收账款占 32%、存货占 26.4%——资产""纸面化""、现金断流。（[公开年报](https://imgs.h2o-china.com/4d/fb/1016/883980422335d7f88721e49.PDF)）",https://imgs.h2o-china.com/4d/fb/1016/883980422335d7f88721e49.PDF
WEB-0104,案例库/宏观危机篇/10_1990日本资产泡沫破裂/案例档案.md,86,plain_url,"1. 日经指数历史数据（峰值 38,957 点、谷底 7,607 点）：日经平均指数官方历史数据，<https://indexes.nikkei.co.jp/nkave/historical/en/nikkei_stock_average_daily_en.html>",https://indexes.nikkei.co.jp/nkave/historical/en/nikkei_stock_average_daily_en.html
WEB-0105,跨国公司黄金硬通货需求调研报告.md,28,markdown_link,- **委内瑞拉**：央行黄金储备从 2013 年约 365 吨抛售至 2025 年约 47 吨（-80%）换取硬通货；2020 年以约 **9 吨黄金（约 5 亿美元）直接支付伊朗**的汽油援助。（[Discovery Alert，2026](https://discoveryalert.com.au/currency-crises-central-bank-gold-liquidation-2026/)；[彭博社转引，2020](https://international.sindonews.com/read/88912/41/akui-guaido-presiden-venezuela-bank-inggris-tolak-maduro-tarik-emas-rp143-t-1593709649)）,https://international.sindonews.com/read/88912/41/akui-guaido-presiden-venezuela-bank-inggris-tolak-maduro-tarik-emas-rp143-t-1593709649
WEB-0105,跨国公司黄金硬通货需求调研报告.md,28,plain_url,- **委内瑞拉**：央行黄金储备从 2013 年约 365 吨抛售至 2025 年约 47 吨（-80%）换取硬通货；2020 年以约 **9 吨黄金（约 5 亿美元）直接支付伊朗**的汽油援助。（[Discovery Alert，2026](https://discoveryalert.com.au/currency-crises-central-bank-gold-liquidation-2026/)；[彭博社转引，2020](https://international.sindonews.com/read/88912/41/akui-guaido-presiden-venezuela-bank-inggris-tolak-maduro-tarik-emas-rp143-t-1593709649)）,https://international.sindonews.com/read/88912/41/akui-guaido-presiden-venezuela-bank-inggris-tolak-maduro-tarik-emas-rp143-t-1593709649
WEB-0106,案例库/宏观危机篇/08_2000互联网泡沫/案例档案.md,76,plain_url,1. International Banker（2021）：《The Dotcom Bubble Burst (2000)》——纳斯达克跌幅与 5 万亿美元市值蒸发数据。https://internationalbanker.com/history-of-financial-crises/the-dotcom-bubble-burst-2000/,https://internationalbanker.com/history-of-financial-crises/the-dotcom-bubble-burst-2000
WEB-0107,案例库/微观企业篇/08_Palantir黑天鹅黄金/案例档案.md,74,plain_url,"1. Palantir 2021Q2 财报与致股东信（购入 5,070 万美元金条、对冲黑天鹅表述）：<https://investors.palantir.com/>",https://investors.palantir.com/
WEB-0108,企业资产配置调研报告.md,71,markdown_link,- **★ 保险资金投资黄金试点（2025，关键政策依据）**：金融监管总局 2025-02-07 印发《关于开展保险资金投资黄金业务试点的通知》，首次允许保险资金直接配置黄金；**10 家试点机构**（国寿、太平人寿、平安人寿、太保寿险、泰康、新华、人保财险、平安财险、太保财险、中国信保）；投资黄金账面余额合计**不得超过上季末总资产的 1%**（测算上限约 1990 亿元）；投资范围限 SGE 现货实盘/延期交收/上海金定价/询价即期掉期合约；要求**以中长期资产配置为目的**。2025 年 3 月中国人寿完成首笔黄金询价交易。（[金融监管总局原文，2025-02-07](https://www.nfra.gov.cn/cn/view/pages/ItemDetail.html?docId=1198136&itemId=915)；[北京日报，2025-02](https://xinwen.bjd.com.cn/content/s67a5ceb2e4b08edd28f4c180.html)；[上海市委金融办，2025-03](https://jrj.sh.gov.cn/BX182/2,https://jrj.sh.gov.cn/BX182/20250326/21ddc678b47f47358f7f87bceb73d090.html
WEB-0108,企业资产配置调研报告.md,71,plain_url,- **★ 保险资金投资黄金试点（2025，关键政策依据）**：金融监管总局 2025-02-07 印发《关于开展保险资金投资黄金业务试点的通知》，首次允许保险资金直接配置黄金；**10 家试点机构**（国寿、太平人寿、平安人寿、太保寿险、泰康、新华、人保财险、平安财险、太保财险、中国信保）；投资黄金账面余额合计**不得超过上季末总资产的 1%**（测算上限约 1990 亿元）；投资范围限 SGE 现货实盘/延期交收/上海金定价/询价即期掉期合约；要求**以中长期资产配置为目的**。2025 年 3 月中国人寿完成首笔黄金询价交易。（[金融监管总局原文，2025-02-07](https://www.nfra.gov.cn/cn/view/pages/ItemDetail.html?docId=1198136&itemId=915)；[北京日报，2025-02](https://xinwen.bjd.com.cn/content/s67a5ceb2e4b08edd28f4c180.html)；[上海市委金融办，2025-03](https://jrj.sh.gov.cn/BX182/2,https://jrj.sh.gov.cn/BX182/20250326/21ddc678b47f47358f7f87bceb73d090.html
WEB-0109,跨国公司黄金硬通货需求调研报告.md,98,markdown_link,"- **SGEI 国际板**是留给境外主体的通道：境外机构可申请国际会员，经 FT 账户用离岸人民币交易，但资金全封闭运行、""哪里来回哪里去""；2025 年 6 月香港启用首个离岸黄金交割仓。（[金杜律所，2022](https://www.kingandwood.com/cn/zh/insights/latest-thinking/gold-market-foreign-investors-participate-in-chinas-gold-market.html)；[上海金融局，2025](https://jrj.sh.gov.cn/QT186/20250630/fe7d02adf9a24321921a3f4853668c0f.html)）",https://jrj.sh.gov.cn/QT186/20250630/fe7d02adf9a24321921a3f4853668c0f.html
WEB-0109,跨国公司黄金硬通货需求调研报告.md,98,plain_url,"- **SGEI 国际板**是留给境外主体的通道：境外机构可申请国际会员，经 FT 账户用离岸人民币交易，但资金全封闭运行、""哪里来回哪里去""；2025 年 6 月香港启用首个离岸黄金交割仓。（[金杜律所，2022](https://www.kingandwood.com/cn/zh/insights/latest-thinking/gold-market-foreign-investors-participate-in-chinas-gold-market.html)；[上海金融局，2025](https://jrj.sh.gov.cn/QT186/20250630/fe7d02adf9a24321921a3f4853668c0f.html)）",https://jrj.sh.gov.cn/QT186/20250630/fe7d02adf9a24321921a3f4853668c0f.html
WEB-0110,案例库/地缘冲突与制裁篇/01_2022俄乌冲突-外储冻结/案例档案.md,93,plain_url,7. KSE（基辅经济学院）《Direct losses of Russian assets and companies》2025：<https://kse.ua/>,https://kse.ua/
WEB-0110,案例库/微观企业篇/06_雷诺法兴俄罗斯退出/案例档案.md,78,plain_url,"4. KSE《Direct losses of Russian assets and companies》（前三年约 1,670 亿美元）：<https://kse.ua/>",https://kse.ua/
WEB-0111,企业资产配置调研报告.md,60,markdown_link,- **贷款是资产端第一大科目，占比约 55%–58%**；金融投资（债券为主）约占 **29.4%**（2024Q3 上市银行 87.7 万亿元）；现金及存放央行约 6%–8%；同业资产约 4%–5%。（[普华永道，2024](https://www.pwccn.com/zh/banking/banking-newsletter-2024-q1.pdf)；[开源证券，2025-02](https://pdf.dfcfw.com/pdf/H3_AP202502131643043350_1.pdf)；[财联社，2025-01](https://m.cls.cn/detail/1913267)）,https://m.cls.cn/detail/1913267
WEB-0111,企业资产配置调研报告.md,60,plain_url,- **贷款是资产端第一大科目，占比约 55%–58%**；金融投资（债券为主）约占 **29.4%**（2024Q3 上市银行 87.7 万亿元）；现金及存放央行约 6%–8%；同业资产约 4%–5%。（[普华永道，2024](https://www.pwccn.com/zh/banking/banking-newsletter-2024-q1.pdf)；[开源证券，2025-02](https://pdf.dfcfw.com/pdf/H3_AP202502131643043350_1.pdf)；[财联社，2025-01](https://m.cls.cn/detail/1913267)）,https://m.cls.cn/detail/1913267
WEB-0112,企业资产配置调研报告.md,158,markdown_link,- **波动与回撤**：年化波动率约 15%–20%；2013 年单年 -28%；历史最大回撤超 70%（1980–2000）；2025-10-21 单日 -6.3%（12 年最大单日跌幅）。（[雪球研究，2025](https://xueqiu.com/1859186301/332846795)；[财联社，2025-10](https://m.cls.cn/detail/2176533)）,https://m.cls.cn/detail/2176533
WEB-0112,企业资产配置调研报告.md,158,plain_url,- **波动与回撤**：年化波动率约 15%–20%；2013 年单年 -28%；历史最大回撤超 70%（1980–2000）；2025-10-21 单日 -6.3%（12 年最大单日跌幅）。（[雪球研究，2025](https://xueqiu.com/1859186301/332846795)；[财联社，2025-10](https://m.cls.cn/detail/2176533)）,https://m.cls.cn/detail/2176533
WEB-0113,企业资产配置调研报告.md,70,markdown_link,"- 2025 年末保险资金运用余额约 **38.48 万亿元**；配置结构""债券压舱石""：债券约 50%、股票约 10%、长期股权约 8%、银行存款约 7.5%、基金约 5%。（[金融监管总局数据，2026](https://xueqiu.com/3145432369/377457302)；[搜狐财经，2026-05](https://m.sohu.com/a/1026660896_465408)）",https://m.sohu.com/a/1026660896_465408
WEB-0113,企业资产配置调研报告.md,70,plain_url,"- 2025 年末保险资金运用余额约 **38.48 万亿元**；配置结构""债券压舱石""：债券约 50%、股票约 10%、长期股权约 8%、银行存款约 7.5%、基金约 5%。（[金融监管总局数据，2026](https://xueqiu.com/3145432369/377457302)；[搜狐财经，2026-05](https://m.sohu.com/a/1026660896_465408)）",https://m.sohu.com/a/1026660896_465408
WEB-0114,案例库/宏观危机篇/07_1997亚洲金融危机/案例档案.md,68,plain_url,"3. Federal Reserve History / maseconomics 综述——印尼盾贬值约 80%、韩元约 50%、IMF 超 1,100 亿美元救助、雅加达指数跌 81%：https://maseconomics.com/1997-asian-financial-crisis-explained-how-contagion-spread-across-borders/",https://maseconomics.com/1997-asian-financial-crisis-explained-how-contagion-spread-across-borders
WEB-0115,V1.0归档实施策略,policy,legacy_manifest,缺失论文PDF官方开放CDN恢复候选,https://mdpi-res.com/d_attachment/entropy/entropy-28-00271/article_deploy/entropy-28-00271-v2.pdf
WEB-0116,案例库/宏观危机篇/06_1987黑色星期一/案例档案.md,77,plain_url,4. MetalCharts / National Mining Association 历史金价数据：1987年LBMA均价447美元、年涨约21.5%。https://metalcharts.org/gold-price-history ; https://nma.org/resources/historical-gold-prices-1833-to-present/,https://metalcharts.org/gold-price-history
WEB-0117,案例库/货币崩溃篇/01_1923魏玛德国恶性通胀/案例档案.md,46,plain_url,"4. Mises Institute, ""Understanding Money Mechanics""（货币供应膨胀70亿倍等数据），2024。https://mises.org/understanding-money-mechanics/monetary-inflation-and-price-inflation",https://mises.org/understanding-money-mechanics/monetary-inflation-and-price-inflation
WEB-0118,最终数据/最终数据/research/media_sentiment_gold_paper/metadata/heywhale_app.js,1,plain_url,"(function(){""use strict"";var t={35448:function(t,e,i){i.d(e,{A:function(){return g}});var s=function(){var t=this,e=t._self._c;return e(""Modal"",{staticClass:""dataset-tag-select-modal"",attrs:{title:t.title,""mask-closable"":!1,transfer:!1,width:800},model:{value:t.showDialog,callback:function(e){t.showDialog=e},expression:""showDialog""}},[e(""div"",{staticStyle:{margin:""0 24px""}},[e(""Input"",{staticStyle:{width:""186px""},attrs:{search:"""",placeholder:""输入关键字搜索""},model:{value:t.form.Title,callback:function",https://modelwhale.com/client
WEB-0119,跨国公司黄金硬通货需求调研报告.md,92,markdown_link,"- 中国准则镜像：中国黄金（600916）资产端按存货、租赁负债端按公允价值，**计量错配**致 2025 年公允价值变动损失约 -10.4 亿元——""黄金入表扭曲利润表""的实证。（[中国黄金公告，2026](https://money.finance.sina.com.cn/corp/view/vCB_AllBulletinDetail.php?stockid=600916&id=12268449)）",https://money.finance.sina.com.cn/corp/view/vCB_AllBulletinDetail.php?stockid=600916&id=12268449
WEB-0119,跨国公司黄金硬通货需求调研报告.md,92,plain_url,"- 中国准则镜像：中国黄金（600916）资产端按存货、租赁负债端按公允价值，**计量错配**致 2025 年公允价值变动损失约 -10.4 亿元——""黄金入表扭曲利润表""的实证。（[中国黄金公告，2026](https://money.finance.sina.com.cn/corp/view/vCB_AllBulletinDetail.php?stockid=600916&id=12268449)）",https://money.finance.sina.com.cn/corp/view/vCB_AllBulletinDetail.php?stockid=600916&id=12268449
WEB-0120,最终数据/最终数据/research/media_sentiment_gold_paper/metadata/heywhale_app.js,1,plain_url,"(function(){""use strict"";var t={35448:function(t,e,i){i.d(e,{A:function(){return g}});var s=function(){var t=this,e=t._self._c;return e(""Modal"",{staticClass:""dataset-tag-select-modal"",attrs:{title:t.title,""mask-closable"":!1,transfer:!1,width:800},model:{value:t.showDialog,callback:function(e){t.showDialog=e},expression:""showDialog""}},[e(""div"",{staticStyle:{margin:""0 24px""}},[e(""Input"",{staticStyle:{width:""186px""},attrs:{search:"""",placeholder:""输入关键字搜索""},model:{value:t.form.Title,callback:function",https://mp.weixin.qq.com/mp/appmsgalbum?__biz=Mzk0OTM0NDY2NQ%3D%3D&action=getalbum&album_id=2973375948618498052&scene=126
WEB-0121,最终数据/最终数据/research/media_sentiment_gold_paper/metadata/heywhale_app.js,1,plain_url,"(function(){""use strict"";var t={35448:function(t,e,i){i.d(e,{A:function(){return g}});var s=function(){var t=this,e=t._self._c;return e(""Modal"",{staticClass:""dataset-tag-select-modal"",attrs:{title:t.title,""mask-closable"":!1,transfer:!1,width:800},model:{value:t.showDialog,callback:function(e){t.showDialog=e},expression:""showDialog""}},[e(""div"",{staticStyle:{margin:""0 24px""}},[e(""Input"",{staticStyle:{width:""186px""},attrs:{search:"""",placeholder:""输入关键字搜索""},model:{value:t.form.Title,callback:function",https://mw-ds-ng-parsed-meta-1254542291.cos.ap-nanjing.myqcloud.com/$
WEB-0122,最终数据/最终数据/research/media_sentiment_gold_paper/metadata/heywhale_app.js,1,plain_url,"(function(){""use strict"";var t={35448:function(t,e,i){i.d(e,{A:function(){return g}});var s=function(){var t=this,e=t._self._c;return e(""Modal"",{staticClass:""dataset-tag-select-modal"",attrs:{title:t.title,""mask-closable"":!1,transfer:!1,width:800},model:{value:t.showDialog,callback:function(e){t.showDialog=e},expression:""showDialog""}},[e(""div"",{staticStyle:{margin:""0 24px""}},[e(""Input"",{staticStyle:{width:""186px""},attrs:{search:"""",placeholder:""输入关键字搜索""},model:{value:t.form.Title,callback:function",https://mw-workspace-parsed-1254542291.cos.ap-nanjing.myqcloud.com/$
WEB-0123,案例库/宏观危机篇/11_2013黄金暴跌（反面案例）/案例档案.md,61,plain_url,"8. New Business Age（TC Correspondent），2014年，""Investors Run Away From Gold In 2013""——GLD全年减持546吨、两日自1525跌至1321美元：<https://newbusinessage.com/news/2361/investors-run-away-from-gold-in-2013/>",https://newbusinessage.com/news/2361/investors-run-away-from-gold-in-2013
WEB-0124,跨国公司黄金硬通货需求调研报告.md,29,markdown_link,"- **伊朗民间**：里亚尔十年贬值约 97%（2015 年约 3.2 万 → 2025 年 12 月 131.2 万/美元），通胀 40%–50%，企业与民众抢购金币形成""淘金热""——与用户设想的""里亚尔暴跌、持金保值""情景高度吻合。（[Iran International，2025](https://www.iranintl.com/en/202512153499)；[New Lines Magazine，2026](https://newlinesmag.com/reportage/why-iran-is-witnessing-a-gold-rush/)）",https://newlinesmag.com/reportage/why-iran-is-witnessing-a-gold-rush
WEB-0124,跨国公司黄金硬通货需求调研报告.md,29,plain_url,"- **伊朗民间**：里亚尔十年贬值约 97%（2015 年约 3.2 万 → 2025 年 12 月 131.2 万/美元），通胀 40%–50%，企业与民众抢购金币形成""淘金热""——与用户设想的""里亚尔暴跌、持金保值""情景高度吻合。（[Iran International，2025](https://www.iranintl.com/en/202512153499)；[New Lines Magazine，2026](https://newlinesmag.com/reportage/why-iran-is-witnessing-a-gold-rush/)）",https://newlinesmag.com/reportage/why-iran-is-witnessing-a-gold-rush
WEB-0125,企业资产配置调研报告.md,139,markdown_link,- **人民币金价过去 20 年复合年化约 9%**，跑赢同期国内股债；2003–2022 年 COMEX 黄金、伦敦现货年化分别 8.55%、8.27%，跑赢沪深 300。（[世界黄金协会，2026](https://news.10jqka.com.cn/20260806/c678732646.shtml)；[WGC 报告，2023](https://fund.eastmoney.com/a/202303312678415644.html)）,https://news.10jqka.com.cn/20260806/c678732646.shtml
WEB-0125,企业资产配置调研报告.md,139,plain_url,- **人民币金价过去 20 年复合年化约 9%**，跑赢同期国内股债；2003–2022 年 COMEX 黄金、伦敦现货年化分别 8.55%、8.27%，跑赢沪深 300。（[世界黄金协会，2026](https://news.10jqka.com.cn/20260806/c678732646.shtml)；[WGC 报告，2023](https://fund.eastmoney.com/a/202303312678415644.html)）,https://news.10jqka.com.cn/20260806/c678732646.shtml
WEB-0126,企业资产配置调研报告.md,122,markdown_link,- **商票贴现率飙升先于公开违约**：2020 年恒大商票贴现率约 25%，年底涨至 30%。（[新浪新闻引中国新闻周刊，2021](https://news.sina.cn/gn/2021-11-20/detail-iktzscyy6640228.d.html?vt=4)）,https://news.sina.cn/gn/2021-11-20/detail-iktzscyy6640228.d.html?vt=4
WEB-0126,企业资产配置调研报告.md,122,plain_url,- **商票贴现率飙升先于公开违约**：2020 年恒大商票贴现率约 25%，年底涨至 30%。（[新浪新闻引中国新闻周刊，2021](https://news.sina.cn/gn/2021-11-20/detail-iktzscyy6640228.d.html?vt=4)）,https://news.sina.cn/gn/2021-11-20/detail-iktzscyy6640228.d.html?vt=4
WEB-0127,案例库/宏观危机篇/06_1987黑色星期一/案例档案.md,77,plain_url,4. MetalCharts / National Mining Association 历史金价数据：1987年LBMA均价447美元、年涨约21.5%。https://metalcharts.org/gold-price-history ; https://nma.org/resources/historical-gold-prices-1833-to-present/,https://nma.org/resources/historical-gold-prices-1833-to-present
WEB-0128,案例库/地缘冲突与制裁篇/06_2014克里米亚危机-卢布暴跌/案例档案.md,88,plain_url,7. 2014 年西方制裁（首轮）：EU/美国财政部 OFAC 公告：<https://ofac.treasury.gov/>,https://ofac.treasury.gov/
WEB-0128,案例库/地缘冲突与制裁篇/07_2018特朗普对伊制裁/案例档案.md,83,plain_url,2. 2018 年两轮制裁（8 月金属/11 月石油）：美国财政部 OFAC 公告：<https://ofac.treasury.gov/>,https://ofac.treasury.gov/
WEB-0128,计划书/04_亚非拉国别风险与多币种储备智能决策平台总计划书.pdf,annotation-35,pdf_annotation,PDF link annotation: https://ofac.treasury.gov/,https://ofac.treasury.gov/
WEB-0128,计划书/04_亚非拉国别风险与多币种储备智能决策平台总计划书.pdf,annotation-36,pdf_annotation,PDF link annotation: https://ofac.treasury.gov/,https://ofac.treasury.gov/
WEB-0128,计划书/04_亚非拉国别风险与多币种储备智能决策平台总计划书.pdf,annotation-37,pdf_annotation,PDF link annotation: https://ofac.treasury.gov/,https://ofac.treasury.gov/
WEB-0128,计划书/04_亚非拉国别风险与多币种储备智能决策平台总计划书.tex,2087,plain_url,"U.S. Department of the Treasury, OFAC Sanctions Programs and Information, \url{https://ofac.treasury.gov/}, accessed 2026-08-15.",https://ofac.treasury.gov/
WEB-0128,计划书/05_全球经济周期与亚非拉国别风险多币种储备智能决策平台总计划书.pdf,annotation-35,pdf_annotation,PDF link annotation: https://ofac.treasury.gov/,https://ofac.treasury.gov/
WEB-0128,计划书/05_全球经济周期与亚非拉国别风险多币种储备智能决策平台总计划书.pdf,annotation-36,pdf_annotation,PDF link annotation: https://ofac.treasury.gov/,https://ofac.treasury.gov/
WEB-0128,计划书/05_全球经济周期与亚非拉国别风险多币种储备智能决策平台总计划书.pdf,annotation-37,pdf_annotation,PDF link annotation: https://ofac.treasury.gov/,https://ofac.treasury.gov/
WEB-0128,计划书/05_全球经济周期与亚非拉国别风险多币种储备智能决策平台总计划书.tex,2444,plain_url,"U.S. Department of the Treasury, OFAC Sanctions Programs and Information, \url{https://ofac.treasury.gov/}, accessed 2026-08-15.",https://ofac.treasury.gov/
WEB-0129,计划书/01_项目可行性研究与参赛方案书.pdf,annotation-17,pdf_annotation,PDF link annotation: https://ofac.treasury.gov/faqs/1029,https://ofac.treasury.gov/faqs/1029
WEB-0129,计划书/01_项目可行性研究与参赛方案书.pdf,annotation-18,pdf_annotation,PDF link annotation: https://ofac.treasury.gov/faqs/1029,https://ofac.treasury.gov/faqs/1029
WEB-0129,计划书/03_多币种流动性与黄金战略储备周期配置计划书.pdf,annotation-39,pdf_annotation,PDF link annotation: https://ofac.treasury.gov/faqs/1029,https://ofac.treasury.gov/faqs/1029
WEB-0129,计划书/03_多币种流动性与黄金战略储备周期配置计划书.pdf,annotation-40,pdf_annotation,PDF link annotation: https://ofac.treasury.gov/faqs/1029,https://ofac.treasury.gov/faqs/1029
WEB-0129,计划书/03_多币种流动性与黄金战略储备周期配置计划书.pdf,annotation-41,pdf_annotation,PDF link annotation: https://ofac.treasury.gov/faqs/1029,https://ofac.treasury.gov/faqs/1029
WEB-0129,计划书/03_多币种流动性与黄金战略储备周期配置计划书.tex,826,plain_url,"U.S. Department of the Treasury, Office of Foreign Assets Control, \emph{FAQ 1029: Russia-related Sanctions and Gold-related Transactions}, 2022, \url{https://ofac.treasury.gov/faqs/1029}.",https://ofac.treasury.gov/faqs/1029
WEB-0129,计划书/references.bib,108,plain_url,"  url         = {https://ofac.treasury.gov/faqs/1029},",https://ofac.treasury.gov/faqs/1029
WEB-0130,计划书/03_多币种流动性与黄金战略储备周期配置计划书.pdf,1283,pdf_text,"    related Sanctions and Gold-related Transactions, 2022, https://ofac.treasury.",https://ofac.treasury/
WEB-0131,案例库/宏观危机篇/06_1987黑色星期一/案例档案.md,78,plain_url,5. OnlyGold 历史金价：1986年末390.9美元、1987年末486.5美元。https://onlygold.com/gold-prices/historical-gold-prices/,https://onlygold.com/gold-prices/historical-gold-prices
WEB-0131,案例库/宏观危机篇/07_1997亚洲金融危机/案例档案.md,71,plain_url,6. Only Gold 历史金价数据——1996—1998 年美元金价走势（年末约 287—369 美元/盎司区间）：https://onlygold.com/gold-prices/historical-gold-prices/,https://onlygold.com/gold-prices/historical-gold-prices
WEB-0132,案例库/宏观危机篇/07_1997亚洲金融危机/案例档案.md,66,plain_url,"1. World Bank（世界银行），《The Korean Financial Crisis of 1997: Onset, Turnaround, and Thereafter》——献金运动 226 吨、22 亿美元、350 万人参与等细节：https://openknowledge.worldbank.org/server/api/core/bitstreams/77019c81-838e-5b7b-b58d-2df21ff9a80f/content",https://openknowledge.worldbank.org/server/api/core/bitstreams/77019c81-838e-5b7b-b58d-2df21ff9a80f/content
WEB-0133,案例库/货币崩溃篇/01_1923魏玛德国恶性通胀/案例档案.md,45,plain_url,"3. 财新网，《""直升机撒钱""：赤字货币化是魔鬼吗》，2016。https://opinion.caixin.com/2016-08-24/100981080.html",https://opinion.caixin.com/2016-08-24/100981080.html
WEB-0134,企业资产配置调研报告.md,25,markdown_link,- **应收账款增速长期快于营收**：2019–2022 年大中型民营工业企业应收账款累计增 41%、存货增 43%，高出同期营收增速 8.5 和 10.5 个百分点。（[财新网专栏，2023](https://opinion.caixin.com/2023-08-09/102091459.html)）,https://opinion.caixin.com/2023-08-09/102091459.html
WEB-0134,企业资产配置调研报告.md,25,plain_url,- **应收账款增速长期快于营收**：2019–2022 年大中型民营工业企业应收账款累计增 41%、存货增 43%，高出同期营收增速 8.5 和 10.5 个百分点。（[财新网专栏，2023](https://opinion.caixin.com/2023-08-09/102091459.html)）,https://opinion.caixin.com/2023-08-09/102091459.html
WEB-0135,企业资产配置调研报告.md,123,markdown_link,"- **经营性负债金融化**：危机暴露时应付贸易账款高达 5824 亿元（对供应商），一年内到期有息负债约 2400 亿元，上下游企业超 8000 家，形成""商票违约→供应商坏账→供应商流动性危机""传染链。（[东方财富研报，2021](https://pdf.dfcfw.com/pdf/H3_AP202109261518619160_1.pdf)；[票据承兑资讯，2022](http://www.piaofengzixun.com/2022/02/23/hdspyqfromsupplier/)）",https://pdf.dfcfw.com/pdf/H3_AP202109261518619160_1.pdf
WEB-0135,企业资产配置调研报告.md,123,plain_url,"- **经营性负债金融化**：危机暴露时应付贸易账款高达 5824 亿元（对供应商），一年内到期有息负债约 2400 亿元，上下游企业超 8000 家，形成""商票违约→供应商坏账→供应商流动性危机""传染链。（[东方财富研报，2021](https://pdf.dfcfw.com/pdf/H3_AP202109261518619160_1.pdf)；[票据承兑资讯，2022](http://www.piaofengzixun.com/2022/02/23/hdspyqfromsupplier/)）",https://pdf.dfcfw.com/pdf/H3_AP202109261518619160_1.pdf
WEB-0136,企业资产配置调研报告.md,60,markdown_link,- **贷款是资产端第一大科目，占比约 55%–58%**；金融投资（债券为主）约占 **29.4%**（2024Q3 上市银行 87.7 万亿元）；现金及存放央行约 6%–8%；同业资产约 4%–5%。（[普华永道，2024](https://www.pwccn.com/zh/banking/banking-newsletter-2024-q1.pdf)；[开源证券，2025-02](https://pdf.dfcfw.com/pdf/H3_AP202502131643043350_1.pdf)；[财联社，2025-01](https://m.cls.cn/detail/1913267)）,https://pdf.dfcfw.com/pdf/H3_AP202502131643043350_1.pdf
WEB-0136,企业资产配置调研报告.md,60,plain_url,- **贷款是资产端第一大科目，占比约 55%–58%**；金融投资（债券为主）约占 **29.4%**（2024Q3 上市银行 87.7 万亿元）；现金及存放央行约 6%–8%；同业资产约 4%–5%。（[普华永道，2024](https://www.pwccn.com/zh/banking/banking-newsletter-2024-q1.pdf)；[开源证券，2025-02](https://pdf.dfcfw.com/pdf/H3_AP202502131643043350_1.pdf)；[财联社，2025-01](https://m.cls.cn/detail/1913267)）,https://pdf.dfcfw.com/pdf/H3_AP202502131643043350_1.pdf
WEB-0137,企业资产配置调研报告.md,66,markdown_link,"- 自营为第一大收入来源（2024 年 1740.7 亿元，占营收 38.6%）；自营金融资产约占总资产 35%、货币资金约 20%（七成为客户资金）、两融融出资金约 13%；自营""重固收""。（[财联社，2025-04](https://www.cls.cn/detail/1997358)；[中国期货业协会分析框架，2022](http://www.cfachina.org/servicesupport/analygarden/jrl/fxszh6/202207/P020220713595644967146.pdf)；[开源证券，2025-01](https://pdf.dfcfw.com/pdf/H301_AP202501231642482948_1.pdf)）",https://pdf.dfcfw.com/pdf/H301_AP202501231642482948_1.pdf
WEB-0137,企业资产配置调研报告.md,66,plain_url,"- 自营为第一大收入来源（2024 年 1740.7 亿元，占营收 38.6%）；自营金融资产约占总资产 35%、货币资金约 20%（七成为客户资金）、两融融出资金约 13%；自营""重固收""。（[财联社，2025-04](https://www.cls.cn/detail/1997358)；[中国期货业协会分析框架，2022](http://www.cfachina.org/servicesupport/analygarden/jrl/fxszh6/202207/P020220713595644967146.pdf)；[开源证券，2025-01](https://pdf.dfcfw.com/pdf/H301_AP202501231642482948_1.pdf)）",https://pdf.dfcfw.com/pdf/H301_AP202501231642482948_1.pdf
WEB-0138,企业资产配置调研报告.md,51,markdown_link,- **Altman Z-score 模型**：Z = 1.2X₁+1.4X₂+3.3X₃+0.6X₄+0.999X₅（X₁=营运资本/总资产，X₂=留存收益/总资产，X₃=EBIT/总资产，X₄=权益市值/负债账面值，X₅=销售收入/总资产）；**Z<1.81 破产区、1.81–2.99 灰色区、>2.99 安全区**，破产前 1–2 年预测准确率 70%–95%。（[百度百科·Z值预警](https://baike.baidu.com/item/Z%E5%80%BC%E9%A2%84%E8%AD%A6/10007705)；[建筑业实证，2024](https://pdf.hanspub.org/ecl2024134_6332312079.pdf)）,https://pdf.hanspub.org/ecl2024134_6332312079.pdf
WEB-0138,企业资产配置调研报告.md,51,plain_url,- **Altman Z-score 模型**：Z = 1.2X₁+1.4X₂+3.3X₃+0.6X₄+0.999X₅（X₁=营运资本/总资产，X₂=留存收益/总资产，X₃=EBIT/总资产，X₄=权益市值/负债账面值，X₅=销售收入/总资产）；**Z<1.81 破产区、1.81–2.99 灰色区、>2.99 安全区**，破产前 1–2 年预测准确率 70%–95%。（[百度百科·Z值预警](https://baike.baidu.com/item/Z%E5%80%BC%E9%A2%84%E8%AD%A6/10007705)；[建筑业实证，2024](https://pdf.hanspub.org/ecl2024134_6332312079.pdf)）,https://pdf.hanspub.org/ecl2024134_6332312079.pdf
WEB-0139,最终数据/最终数据/research/media_sentiment_gold_paper/README_论文学习与数据说明.md,22,plain_url,- PMC：https://pmc.ncbi.nlm.nih.gov/articles/PMC13025532/,https://pmc.ncbi.nlm.nih.gov/articles/PMC13025532
WEB-0140,V1.0归档实施策略,policy,legacy_manifest,缺失论文PDF恢复候选,https://pmc.ncbi.nlm.nih.gov/articles/PMC13025532/pdf/entropy-28-00271.pdf
WEB-0141,最终数据/最终数据/outputs/019f56e7-91fe-7a43-b1d0-ae50e45c9d0c/黄金价格传导链因素与时序数据_20260724.xlsx,xl/worksheets/sheet4.xml,xlsx_xml,XLSX entry: xl/worksheets/sheet4.xml,https://press.un.org/en/2022/sgsm21132.doc.htm
WEB-0141,最终数据/最终数据/outputs/019f56e7-91fe-7a43-b1d0-ae50e45c9d0c/黄金价格传导链因素与时序数据_20260724.xlsx.inspect.ndjson,630,plain_url,"{""kind"":""table"",""sheet"":""03_事件关联"",""address"":""A1:I8"",""rows"":8,""cols"":9,""values"":[[""event_date"",""事件"",""理论传导链"",""官方来源"",""事件月黄金收益"",""事件月实际利率变化"",""事件月美元收益"",""事件月GPR变化"",""解读限制""],[""2020-03-11T00:00:00.000Z"",""全球疫情与流动性冲击"",""风险上升→VIX/美元上升→先去杠杆，后宽松与避险"",""https://www.who.int/director-general/speeches/detail/who-director-general-s-opening-remarks-at-the-media-briefing-on-covid-19---11-march-2020"",-0.003130870381966133,-0.005239234449760752,0.03694780887864013,5.584469999999996,""月度窗口用于筛选案例，正式结论需使用日度事件窗和对照样本""],[""2020-0",https://press.un.org/en/2022/sgsm21132.doc.htm
WEB-0141,最终数据/最终数据/outputs/019f56e7-91fe-7a43-b1d0-ae50e45c9d0c/黄金价格传导链因素与时序数据_20260724.xlsx.inspect.ndjson,631,plain_url,"{""kind"":""region"",""sheet"":""03_事件关联"",""address"":""A1:I8"",""rows"":8,""cols"":9,""nonEmpty"":72,""text"":72,""maxTextLength"":141,""preview"":[[""event_date"",""事件"",""理论传导链"",""官方来源"",""事件月黄金收益"",""事件月实际利率变化""],[""43901"",""全球疫情与流动性冲击"",""风险上升→VIX/美元上升→先去杠杆，后宽松与避险"",""https://www.who.int/director-general/speeches/detail/who-director-general-s-o..."",""-0.003130870381966133"",""-0.005239234449760752""],[""43905"",""美联储紧急降息与资产购买"",""政策宽松→收益率下降/流动性改善→黄金中期受支撑"",""https://www.federalreserve.gov/newsevents/pressreleases/monetary20200315a.htm"",""-0.",https://press.un.org/en/2022/sgsm21132.doc.htm
WEB-0141,最终数据/最终数据/outputs/019f56e7-91fe-7a43-b1d0-ae50e45c9d0c/金银价格波动影响因素与时序数据_20260726.xlsx,xl/worksheets/sheet4.xml,xlsx_xml,XLSX entry: xl/worksheets/sheet4.xml,https://press.un.org/en/2022/sgsm21132.doc.htm
WEB-0141,最终数据/最终数据/outputs/019f56e7-91fe-7a43-b1d0-ae50e45c9d0c/金银价格波动影响因素与时序数据_20260726.xlsx.inspect.ndjson,720,plain_url,"{""kind"":""table"",""sheet"":""03_事件关联"",""address"":""A1:K8"",""rows"":8,""cols"":11,""values"":[[""event_date"",""事件"",""理论传导链"",""官方来源"",""事件月黄金收益"",""事件月白银收益"",""事件月实际利率变化"",""事件月美元收益"",""事件月GPR变化"",""事件月金银比"",""解读限制""],[""2020-03-11T00:00:00.000Z"",""全球疫情与流动性冲击"",""风险上升→VIX/美元上升→金银先去杠杆；白银叠加工业担忧，后期随宽松修复"",""https://www.who.int/director-general/speeches/detail/who-director-general-s-opening-remarks-at-the-media-briefing-on-covid-19---11-march-2020"",-0.003130870381966133,-0.16759776536312843,-0.005239234449760752,0.03694780887864013,5.584",https://press.un.org/en/2022/sgsm21132.doc.htm
WEB-0141,最终数据/最终数据/outputs/019f56e7-91fe-7a43-b1d0-ae50e45c9d0c/金银价格波动影响因素与时序数据_20260726.xlsx.inspect.ndjson,721,plain_url,"{""kind"":""region"",""sheet"":""03_事件关联"",""address"":""A1:K8"",""rows"":8,""cols"":11,""nonEmpty"":88,""text"":88,""maxTextLength"":141,""preview"":[[""event_date"",""事件"",""理论传导链"",""官方来源"",""事件月黄金收益"",""事件月白银收益""],[""43901"",""全球疫情与流动性冲击"",""风险上升→VIX/美元上升→金银先去杠杆；白银叠加工业担忧，后期随宽松修复"",""https://www.who.int/director-general/speeches/detail/who-director-general-s-o..."",""-0.003130870381966133"",""-0.16759776536312843""],[""43905"",""美联储紧急降息与资产购买"",""政策宽松→收益率下降/流动性改善→黄金获避险支撑，白银随流动性与增长预期修复"",""https://www.federalreserve.gov/newsevents/pressreleases/mon",https://press.un.org/en/2022/sgsm21132.doc.htm
WEB-0141,最终数据/最终数据/outputs/019f56e7-91fe-7a43-b1d0-ae50e45c9d0c/金银价格波动影响因素与时序数据_中文字段版_20260726.xlsx,xl/worksheets/sheet4.xml,xlsx_xml,XLSX entry: xl/worksheets/sheet4.xml,https://press.un.org/en/2022/sgsm21132.doc.htm
WEB-0141,最终数据/最终数据/outputs/019f56e7-91fe-7a43-b1d0-ae50e45c9d0c/金银价格波动影响因素与时序数据_中文字段版_20260726.xlsx.inspect.ndjson,720,plain_url,"{""kind"":""table"",""sheet"":""03_事件关联"",""address"":""A1:K8"",""rows"":8,""cols"":11,""values"":[[""事件日期"",""事件"",""理论传导链"",""官方来源"",""事件月黄金收益"",""事件月白银收益"",""事件月实际利率变化"",""事件月美元收益"",""事件月GPR变化"",""事件月金银比"",""解读限制""],[""2020-03-11T00:00:00.000Z"",""全球疫情与流动性冲击"",""风险上升→VIX/美元上升→金银先去杠杆；白银叠加工业担忧，后期随宽松修复"",""https://www.who.int/director-general/speeches/detail/who-director-general-s-opening-remarks-at-the-media-briefing-on-covid-19---11-march-2020"",-0.003130870381966133,-0.16759776536312843,-0.005239234449760752,0.03694780887864013,5.584469999",https://press.un.org/en/2022/sgsm21132.doc.htm
WEB-0141,最终数据/最终数据/outputs/019f56e7-91fe-7a43-b1d0-ae50e45c9d0c/金银价格波动影响因素与时序数据_中文字段版_20260726.xlsx.inspect.ndjson,721,plain_url,"{""kind"":""region"",""sheet"":""03_事件关联"",""address"":""A1:K8"",""rows"":8,""cols"":11,""nonEmpty"":88,""text"":88,""maxTextLength"":141,""preview"":[[""事件日期"",""事件"",""理论传导链"",""官方来源"",""事件月黄金收益"",""事件月白银收益""],[""43901"",""全球疫情与流动性冲击"",""风险上升→VIX/美元上升→金银先去杠杆；白银叠加工业担忧，后期随宽松修复"",""https://www.who.int/director-general/speeches/detail/who-director-general-s-o..."",""-0.003130870381966133"",""-0.16759776536312843""],[""43905"",""美联储紧急降息与资产购买"",""政策宽松→收益率下降/流动性改善→黄金获避险支撑，白银随流动性与增长预期修复"",""https://www.federalreserve.gov/newsevents/pressreleases/monetary2",https://press.un.org/en/2022/sgsm21132.doc.htm
WEB-0142,最终数据/最终数据/research/media_sentiment_gold_paper/metadata/heywhale_dataset_page.html,1,plain_url,"<!doctype html><html lang=""zh-cmn-Hans""><head><meta charset=""utf-8""/><meta name=""renderer"" content=""webkit""/><link href=""//cdn.kesci.com/qi6p0znhi/mw.ico"" type=""image/x-icon"" rel=""shortcut icon""/><meta name=""viewport"" content=""width=device-width,initial-scale=1,maximum-scale=1,minimum-scale=1,user-scalable=no""/><title>工作台 - Heywhale.com</title><script defer=""defer"" src=""https://static.heywhale.com/bundle/workbench/static/js/chunk-vendors.11f65d5b.js""></script><script defer=""defer"" src=""https://s",https://res.wx.qq.com/open/js/jweixin-1.3.2.js
WEB-0143,企业资产配置调研报告.md,152,markdown_link,- **现金持有比例经验量级**：初创期企业现金约占总资产 10.85%，成熟期约 3.82%（台湾上市公司样本）。（[《台大管理论丛》](https://review.management.ntu.edu.tw/paper/4165-P.pdf)）,https://review.management.ntu.edu.tw/paper/4165-P.pdf
WEB-0143,企业资产配置调研报告.md,152,plain_url,- **现金持有比例经验量级**：初创期企业现金约占总资产 10.85%，成熟期约 3.82%（台湾上市公司样本）。（[《台大管理论丛》](https://review.management.ntu.edu.tw/paper/4165-P.pdf)）,https://review.management.ntu.edu.tw/paper/4165-P.pdf
WEB-0144,案例库/货币崩溃篇/10_1998俄罗斯卢布危机/案例档案.md,88,plain_url,2. 俄罗斯 CPI（1998-12 同比 84%）：俄罗斯联邦统计局（Rosstat）：<https://rosstat.gov.ru/>,https://rosstat.gov.ru/
WEB-0145,最终数据/最终数据/research/media_sentiment_gold_paper/metadata/sge_quotation_daily_new.html,601,plain_url,"                   <a href=""https://service.sge.com.cn:8443/financialinquiry/initAuth.htm"">票据查验</a>",https://service.sge.com.cn:8443/financialinquiry/initAuth.htm
WEB-0146,跨国公司黄金硬通货需求调研报告.md,76,markdown_link,- 阿根廷（2018 起）、土耳其（2022 起）被列为恶性通胀经济体：子公司报表须按一般购买力指数重述再按期末汇率折算——**贬值+重述双重打击集团报表**；Vodafone、BBVA、AB InBev 均已适用并披露重大负面影响。（[BDO，2018](https://www.bdo.ae/getattachment/Services/Audit-Assurance/IFRS-Advisory-Services/IFRS-PUBLICATIONS/IFRB-2018-02-Argentina-and-IAS-29.pdf.aspx?lang)；[BBVA 公告，2022](https://shareholdersandinvestors.bbva.com/wp-content/uploads/2022/06/20220628-Implementation-of-IAS-29-to-BBVA-Turkey-Financial-Statements_ENG.pdf)）,https://shareholdersandinvestors.bbva.com/wp-content/uploads/2022/06/20220628-Implementation-of-IAS-29-to-BBVA-Turkey-Financial-Statements_ENG.pdf
WEB-0146,跨国公司黄金硬通货需求调研报告.md,76,plain_url,- 阿根廷（2018 起）、土耳其（2022 起）被列为恶性通胀经济体：子公司报表须按一般购买力指数重述再按期末汇率折算——**贬值+重述双重打击集团报表**；Vodafone、BBVA、AB InBev 均已适用并披露重大负面影响。（[BDO，2018](https://www.bdo.ae/getattachment/Services/Audit-Assurance/IFRS-Advisory-Services/IFRS-PUBLICATIONS/IFRB-2018-02-Argentina-and-IAS-29.pdf.aspx?lang)；[BBVA 公告，2022](https://shareholdersandinvestors.bbva.com/wp-content/uploads/2022/06/20220628-Implementation-of-IAS-29-to-BBVA-Turkey-Financial-Statements_ENG.pdf)）,https://shareholdersandinvestors.bbva.com/wp-content/uploads/2022/06/20220628-Implementation-of-IAS-29-to-BBVA-Turkey-Financial-Statements_ENG.pdf
WEB-0147,最终数据/最终数据/outputs/019f56e7-91fe-7a43-b1d0-ae50e45c9d0c/金银价格预测_官方数据与因素台账_20260713.xlsx,xl/worksheets/sheet2.xml,xlsx_xml,XLSX entry: xl/worksheets/sheet2.xml,https://silverinstitute.org/all-world-silver-surveys
WEB-0147,最终数据/最终数据/outputs/019f56e7-91fe-7a43-b1d0-ae50e45c9d0c/金银价格预测_官方数据与因素台账_20260713.xlsx,xl/worksheets/sheet4.xml,xlsx_xml,XLSX entry: xl/worksheets/sheet4.xml,https://silverinstitute.org/all-world-silver-surveys
WEB-0147,最终数据/最终数据/outputs/019f56e7-91fe-7a43-b1d0-ae50e45c9d0c/金银价格预测_官方数据与因素台账_20260713.xlsx.inspect.ndjson,649,plain_url,"{""kind"":""table"",""sheet"":""01_数据目录"",""address"":""A1:N15"",""rows"":15,""cols"":14,""values"":[[""dataset_id"",""数据集/字段"",""来源机构"",""频率"",""观测日期口径"",""发布时间/可用时点"",""覆盖范围"",""单位"",""许可与再分发"",""交付状态"",""官方URL"",""本地路径"",""建模用途"",""注意事项""],[""WB_PRICE"",""黄金、白银、铜、布伦特等月均价"",""World Bank"",""月"",""自然月月均"",""次月更新；本表建模统一滞后1月"",""2016-01—2026-06"",""USD/oz、USD/mt、USD/bbl"",""世界银行公开数据；保留署名"",""已收集/可交付"",""https://thedocs.worldbank.org/en/doc/74e8be41ceb20fa0da750cda2f6b9e4e-0050012026/world-bank-commodities-price-data-the-pink-sheet"",""data/raw/world_bank/CMO-Histo",https://silverinstitute.org/all-world-silver-surveys
WEB-0147,最终数据/最终数据/outputs/019f56e7-91fe-7a43-b1d0-ae50e45c9d0c/金银价格预测_官方数据与因素台账_20260713.xlsx.inspect.ndjson,978,plain_url,"{""kind"":""table"",""sheet"":""03_事件时间线"",""address"":""A1:K20"",""rows"":20,""cols"":11,""values"":[[""开始日期"",""结束日期"",""事件"",""主因子通道"",""黄金反应"",""白银反应"",""关键事实"",""证据性质"",""官方/一手来源"",""因果边界"",""建模标签""],[""2020-03-11T00:00:00.000Z"",""2020-03-19T00:00:00.000Z"",""COVID-19全球大流行与美元流动性冲击"",""避险↑；现金需求↑；去杠杆；工业预期↓"",""先跌后涨"",""大幅下跌"",""3月19日前后金银均触及年度低位；金银比一度极端上升"",""事件共时+市场复盘"",""https://www.who.int/news-room/speeches/item/who-director-general-s-opening-remarks-at-the-media-briefing-on-covid-19---11-march-2020"",""不能把跌幅只归因于疫情声明，保证金与美元融资压力同样关键"",""LIQUIDITY_SH",https://silverinstitute.org/all-world-silver-surveys
WEB-0148,最终数据/最终数据/outputs/019f56e7-91fe-7a43-b1d0-ae50e45c9d0c/金银价格预测_官方数据与因素台账_20260713.xlsx,xl/worksheets/sheet4.xml,xlsx_xml,XLSX entry: xl/worksheets/sheet4.xml,https://silverinstitute.org/elevated-lease-rates-regional-liquidity-tightness-and-robust-investor-interest-resulted-in-record-silver-prices-in-2025
WEB-0148,最终数据/最终数据/outputs/019f56e7-91fe-7a43-b1d0-ae50e45c9d0c/金银价格预测_官方数据与因素台账_20260713.xlsx.inspect.ndjson,978,plain_url,"{""kind"":""table"",""sheet"":""03_事件时间线"",""address"":""A1:K20"",""rows"":20,""cols"":11,""values"":[[""开始日期"",""结束日期"",""事件"",""主因子通道"",""黄金反应"",""白银反应"",""关键事实"",""证据性质"",""官方/一手来源"",""因果边界"",""建模标签""],[""2020-03-11T00:00:00.000Z"",""2020-03-19T00:00:00.000Z"",""COVID-19全球大流行与美元流动性冲击"",""避险↑；现金需求↑；去杠杆；工业预期↓"",""先跌后涨"",""大幅下跌"",""3月19日前后金银均触及年度低位；金银比一度极端上升"",""事件共时+市场复盘"",""https://www.who.int/news-room/speeches/item/who-director-general-s-opening-remarks-at-the-media-briefing-on-covid-19---11-march-2020"",""不能把跌幅只归因于疫情声明，保证金与美元融资压力同样关键"",""LIQUIDITY_SH",https://silverinstitute.org/elevated-lease-rates-regional-liquidity-tightness-and-robust-investor-interest-resulted-in-record-silver-prices-in-2025
WEB-0149,案例库/宏观危机篇/08_2000互联网泡沫/案例档案.md,78,plain_url,3. The Silver Institute（2026）：《World Silver Survey》——白银年度均价（2000：4.95；2001：4.37；2002：4.60 美元/盎司）。https://silverinstitute.org/wp-content/uploads/2026/04/World-Silver-Survey-2026.pdf,https://silverinstitute.org/wp-content/uploads/2026/04/World-Silver-Survey-2026.pdf
WEB-0149,最终数据/最终数据/outputs/019f56e7-91fe-7a43-b1d0-ae50e45c9d0c/金银价格波动影响因素与时序数据_20260726.xlsx,xl/worksheets/sheet11.xml,xlsx_xml,XLSX entry: xl/worksheets/sheet11.xml,https://silverinstitute.org/wp-content/uploads/2026/04/World-Silver-Survey-2026.pdf
WEB-0149,最终数据/最终数据/outputs/019f56e7-91fe-7a43-b1d0-ae50e45c9d0c/金银价格波动影响因素与时序数据_20260726.xlsx,xl/worksheets/sheet12.xml,xlsx_xml,XLSX entry: xl/worksheets/sheet12.xml,https://silverinstitute.org/wp-content/uploads/2026/04/World-Silver-Survey-2026.pdf
WEB-0149,最终数据/最终数据/outputs/019f56e7-91fe-7a43-b1d0-ae50e45c9d0c/金银价格波动影响因素与时序数据_20260726.xlsx.inspect.ndjson,91018,plain_url,"{""kind"":""table"",""sheet"":""11_白银年度供需"",""address"":""A1:AE15"",""rows"":15,""cols"":31,""values"":[[""白银年度供需、工业需求与市场平衡"",null,null,null,null,null,null,null,null,null,null,null,null,null,null,null,null,null,null,null,null,null,null,null,null,null,null,null,null,null,null],[null,null,null,null,null,null,null,null,null,null,null,null,null,null,null,null,null,null,null,null,null,null,null,null,null,null,null,null,null,null,null],[""来源：World Silver Survey 2026，附录1第65页；单位为吨，2026为预测值。年度数据用于中长期机制，不用于解释单日波动。"",null,null,",https://silverinstitute.org/wp-content/uploads/2026/04/World-Silver-Survey-2026.pdf
WEB-0149,最终数据/最终数据/outputs/019f56e7-91fe-7a43-b1d0-ae50e45c9d0c/金银价格波动影响因素与时序数据_20260726.xlsx.inspect.ndjson,91397,plain_url,"{""kind"":""table"",""sheet"":""12_来源与口径"",""address"":""A1:M14"",""rows"":14,""cols"":13,""values"":[[""数据来源与时间口径"",null,null,null,null,null,null,null,null,null,null,null,null],[null,null,null,null,null,null,null,null,null,null,null,null,null],[""所有模型字段都应能追溯到此表；完整URL只集中存放在本页，避免在建模表中重复。"",null,null,null,null,null,null,null,null,null,null,null,null],[null,null,null,null,null,null,null,null,null,null,null,null,null],[""数据集ID"",""字段/用途"",""来源机构"",""频率"",""观察时间"",""模型可用时间"",""覆盖期"",""单位"",""官方URL"",""本地文件"",""许可/引用说明"",""工作表"",""备注""],[""SGE_DAILY",https://silverinstitute.org/wp-content/uploads/2026/04/World-Silver-Survey-2026.pdf
WEB-0149,最终数据/最终数据/outputs/019f56e7-91fe-7a43-b1d0-ae50e45c9d0c/金银价格波动影响因素与时序数据_中文字段版_20260726.xlsx,xl/worksheets/sheet12.xml,xlsx_xml,XLSX entry: xl/worksheets/sheet12.xml,https://silverinstitute.org/wp-content/uploads/2026/04/World-Silver-Survey-2026.pdf
WEB-0149,最终数据/最终数据/outputs/019f56e7-91fe-7a43-b1d0-ae50e45c9d0c/金银价格波动影响因素与时序数据_中文字段版_20260726.xlsx,xl/worksheets/sheet13.xml,xlsx_xml,XLSX entry: xl/worksheets/sheet13.xml,https://silverinstitute.org/wp-content/uploads/2026/04/World-Silver-Survey-2026.pdf
WEB-0149,最终数据/最终数据/outputs/019f56e7-91fe-7a43-b1d0-ae50e45c9d0c/金银价格波动影响因素与时序数据_中文字段版_20260726.xlsx.inspect.ndjson,91310,plain_url,"{""kind"":""table"",""sheet"":""11_白银年度供需"",""address"":""A1:AE15"",""rows"":15,""cols"":31,""values"":[[""白银年度供需、工业需求与市场平衡"",null,null,null,null,null,null,null,null,null,null,null,null,null,null,null,null,null,null,null,null,null,null,null,null,null,null,null,null,null,null],[null,null,null,null,null,null,null,null,null,null,null,null,null,null,null,null,null,null,null,null,null,null,null,null,null,null,null,null,null,null,null],[""来源：World Silver Survey 2026，附录1第65页；单位为吨，2026为预测值。年度数据用于中长期机制，不用于解释单日波动。"",null,null,",https://silverinstitute.org/wp-content/uploads/2026/04/World-Silver-Survey-2026.pdf
WEB-0149,最终数据/最终数据/outputs/019f56e7-91fe-7a43-b1d0-ae50e45c9d0c/金银价格波动影响因素与时序数据_中文字段版_20260726.xlsx.inspect.ndjson,91689,plain_url,"{""kind"":""table"",""sheet"":""12_来源与口径"",""address"":""A1:M14"",""rows"":14,""cols"":13,""values"":[[""数据来源与时间口径"",null,null,null,null,null,null,null,null,null,null,null,null],[null,null,null,null,null,null,null,null,null,null,null,null,null],[""所有模型字段都应能追溯到此表；完整URL只集中存放在本页，避免在建模表中重复。"",null,null,null,null,null,null,null,null,null,null,null,null],[null,null,null,null,null,null,null,null,null,null,null,null,null],[""数据集ID"",""字段/用途"",""来源机构"",""频率"",""观察时间"",""模型可用时间"",""覆盖期"",""单位"",""官方URL"",""本地文件"",""许可/引用说明"",""工作表"",""备注""],[""SGE_DAILY",https://silverinstitute.org/wp-content/uploads/2026/04/World-Silver-Survey-2026.pdf
WEB-0150,案例库/宏观危机篇/01_1929大萧条/案例档案.md,45,plain_url,4. Small Caps（2020）：《What history teaches us about gold in economic crises》，Homestake 股价 80→495 美元、1932 年全球黄金产量纪录、6102 号行政令细节。https://smallcaps.com.au/article/what-history-teaches-about-gold-economic-crises,https://smallcaps.com.au/article/what-history-teaches-about-gold-economic-crises
WEB-0151,最终数据/最终数据/research/media_sentiment_gold_paper/metadata/heywhale_app.js,1,plain_url,"(function(){""use strict"";var t={35448:function(t,e,i){i.d(e,{A:function(){return g}});var s=function(){var t=this,e=t._self._c;return e(""Modal"",{staticClass:""dataset-tag-select-modal"",attrs:{title:t.title,""mask-closable"":!1,transfer:!1,width:800},model:{value:t.showDialog,callback:function(e){t.showDialog=e},expression:""showDialog""}},[e(""div"",{staticStyle:{margin:""0 24px""}},[e(""Input"",{staticStyle:{width:""186px""},attrs:{search:"""",placeholder:""输入关键字搜索""},model:{value:t.form.Title,callback:function",https://static.heywhale.com/bundle/workbench
WEB-0152,最终数据/最终数据/research/media_sentiment_gold_paper/metadata/heywhale_dataset_page.html,1,plain_url,"<!doctype html><html lang=""zh-cmn-Hans""><head><meta charset=""utf-8""/><meta name=""renderer"" content=""webkit""/><link href=""//cdn.kesci.com/qi6p0znhi/mw.ico"" type=""image/x-icon"" rel=""shortcut icon""/><meta name=""viewport"" content=""width=device-width,initial-scale=1,maximum-scale=1,minimum-scale=1,user-scalable=no""/><title>工作台 - Heywhale.com</title><script defer=""defer"" src=""https://static.heywhale.com/bundle/workbench/static/js/chunk-vendors.11f65d5b.js""></script><script defer=""defer"" src=""https://s",https://static.heywhale.com/bundle/workbench/static/css/app.184341d4.css
WEB-0153,最终数据/最终数据/research/media_sentiment_gold_paper/metadata/heywhale_dataset_page.html,1,plain_url,"<!doctype html><html lang=""zh-cmn-Hans""><head><meta charset=""utf-8""/><meta name=""renderer"" content=""webkit""/><link href=""//cdn.kesci.com/qi6p0znhi/mw.ico"" type=""image/x-icon"" rel=""shortcut icon""/><meta name=""viewport"" content=""width=device-width,initial-scale=1,maximum-scale=1,minimum-scale=1,user-scalable=no""/><title>工作台 - Heywhale.com</title><script defer=""defer"" src=""https://static.heywhale.com/bundle/workbench/static/js/chunk-vendors.11f65d5b.js""></script><script defer=""defer"" src=""https://s",https://static.heywhale.com/bundle/workbench/static/css/chunk-vendors.c32cdedd.css
WEB-0154,最终数据/最终数据/research/media_sentiment_gold_paper/metadata/heywhale_dataset_page.html,1,plain_url,"<!doctype html><html lang=""zh-cmn-Hans""><head><meta charset=""utf-8""/><meta name=""renderer"" content=""webkit""/><link href=""//cdn.kesci.com/qi6p0znhi/mw.ico"" type=""image/x-icon"" rel=""shortcut icon""/><meta name=""viewport"" content=""width=device-width,initial-scale=1,maximum-scale=1,minimum-scale=1,user-scalable=no""/><title>工作台 - Heywhale.com</title><script defer=""defer"" src=""https://static.heywhale.com/bundle/workbench/static/js/chunk-vendors.11f65d5b.js""></script><script defer=""defer"" src=""https://s",https://static.heywhale.com/bundle/workbench/static/js/app.25414c0c.js
WEB-0155,最终数据/最终数据/research/media_sentiment_gold_paper/metadata/heywhale_dataset_page.html,1,plain_url,"<!doctype html><html lang=""zh-cmn-Hans""><head><meta charset=""utf-8""/><meta name=""renderer"" content=""webkit""/><link href=""//cdn.kesci.com/qi6p0znhi/mw.ico"" type=""image/x-icon"" rel=""shortcut icon""/><meta name=""viewport"" content=""width=device-width,initial-scale=1,maximum-scale=1,minimum-scale=1,user-scalable=no""/><title>工作台 - Heywhale.com</title><script defer=""defer"" src=""https://static.heywhale.com/bundle/workbench/static/js/chunk-vendors.11f65d5b.js""></script><script defer=""defer"" src=""https://s",https://static.heywhale.com/bundle/workbench/static/js/chunk-vendors.11f65d5b.js
WEB-0156,企业资产配置调研报告.md,50,markdown_link,- **流动性指标先行恶化**：破产重整企业的流动比率、速动比率显著低于同行业、资产负债率显著高于同行业。（[上交所重组报告书，2025](https://static.sse.com.cn/stock/disclosure/announcement/c/202506/600356_20250627_46FQ.pdf)）,https://static.sse.com.cn/stock/disclosure/announcement/c/202506/600356_20250627_46FQ.pdf
WEB-0156,企业资产配置调研报告.md,50,plain_url,- **流动性指标先行恶化**：破产重整企业的流动比率、速动比率显著低于同行业、资产负债率显著高于同行业。（[上交所重组报告书，2025](https://static.sse.com.cn/stock/disclosure/announcement/c/202506/600356_20250627_46FQ.pdf)）,https://static.sse.com.cn/stock/disclosure/announcement/c/202506/600356_20250627_46FQ.pdf
WEB-0157,案例库/微观企业篇/09_Tether黄金储备/案例档案.md,76,plain_url,1. Tether《Tether Attestation Reports》（储备构成与黄金持仓）：<https://tether.to/en/transparency/>,https://tether.to/en/transparency
WEB-0158,最终数据/最终数据/outputs/019f56e7-91fe-7a43-b1d0-ae50e45c9d0c/金银价格预测_官方数据与因素台账_20260713.xlsx,xl/worksheets/sheet4.xml,xlsx_xml,XLSX entry: xl/worksheets/sheet4.xml,https://thedocs.worldbank.org/en/doc/399f7262c01cf21e4918b6b22627ac19-0050012026/related/Global-Monthly-February-2026.pdf
WEB-0158,最终数据/最终数据/outputs/019f56e7-91fe-7a43-b1d0-ae50e45c9d0c/金银价格预测_官方数据与因素台账_20260713.xlsx.inspect.ndjson,978,plain_url,"{""kind"":""table"",""sheet"":""03_事件时间线"",""address"":""A1:K20"",""rows"":20,""cols"":11,""values"":[[""开始日期"",""结束日期"",""事件"",""主因子通道"",""黄金反应"",""白银反应"",""关键事实"",""证据性质"",""官方/一手来源"",""因果边界"",""建模标签""],[""2020-03-11T00:00:00.000Z"",""2020-03-19T00:00:00.000Z"",""COVID-19全球大流行与美元流动性冲击"",""避险↑；现金需求↑；去杠杆；工业预期↓"",""先跌后涨"",""大幅下跌"",""3月19日前后金银均触及年度低位；金银比一度极端上升"",""事件共时+市场复盘"",""https://www.who.int/news-room/speeches/item/who-director-general-s-opening-remarks-at-the-media-briefing-on-covid-19---11-march-2020"",""不能把跌幅只归因于疫情声明，保证金与美元融资压力同样关键"",""LIQUIDITY_SH",https://thedocs.worldbank.org/en/doc/399f7262c01cf21e4918b6b22627ac19-0050012026/related/Global-Monthly-February-2026.pdf
WEB-0159,最终数据/最终数据/outputs/019f56e7-91fe-7a43-b1d0-ae50e45c9d0c/金银价格预测_官方数据与因素台账_20260713.xlsx,xl/worksheets/sheet2.xml,xlsx_xml,XLSX entry: xl/worksheets/sheet2.xml,https://thedocs.worldbank.org/en/doc/74e8be41ceb20fa0da750cda2f6b9e4e-0050012026/world-bank-commodities-price-data-the-pink-sheet
WEB-0159,最终数据/最终数据/outputs/019f56e7-91fe-7a43-b1d0-ae50e45c9d0c/金银价格预测_官方数据与因素台账_20260713.xlsx.inspect.ndjson,649,plain_url,"{""kind"":""table"",""sheet"":""01_数据目录"",""address"":""A1:N15"",""rows"":15,""cols"":14,""values"":[[""dataset_id"",""数据集/字段"",""来源机构"",""频率"",""观测日期口径"",""发布时间/可用时点"",""覆盖范围"",""单位"",""许可与再分发"",""交付状态"",""官方URL"",""本地路径"",""建模用途"",""注意事项""],[""WB_PRICE"",""黄金、白银、铜、布伦特等月均价"",""World Bank"",""月"",""自然月月均"",""次月更新；本表建模统一滞后1月"",""2016-01—2026-06"",""USD/oz、USD/mt、USD/bbl"",""世界银行公开数据；保留署名"",""已收集/可交付"",""https://thedocs.worldbank.org/en/doc/74e8be41ceb20fa0da750cda2f6b9e4e-0050012026/world-bank-commodities-price-data-the-pink-sheet"",""data/raw/world_bank/CMO-Histo",https://thedocs.worldbank.org/en/doc/74e8be41ceb20fa0da750cda2f6b9e4e-0050012026/world-bank-commodities-price-data-the-pink-sheet
WEB-0160,计划书/04_亚非拉国别风险与多币种储备智能决策平台总计划书.pdf,4337,pdf_text,    核验记录，https://tiaozhanbei.cloud.smartbi.com.cn/smartbi/vision/index.,https://tiaozhanbei.cloud.smartbi.com.cn/smartbi/vision/index
WEB-0160,计划书/05_全球经济周期与亚非拉国别风险多币种储备智能决策平台总计划书.pdf,5393,pdf_text,    核验记录，https://tiaozhanbei.cloud.smartbi.com.cn/smartbi/vision/index.,https://tiaozhanbei.cloud.smartbi.com.cn/smartbi/vision/index
WEB-0161,计划书/04_亚非拉国别风险与多币种储备智能决策平台总计划书.pdf,annotation-10,pdf_annotation,PDF link annotation: https://tiaozhanbei.cloud.smartbi.com.cn/smartbi/vision/index.jsp,https://tiaozhanbei.cloud.smartbi.com.cn/smartbi/vision/index.jsp
WEB-0161,计划书/04_亚非拉国别风险与多币种储备智能决策平台总计划书.pdf,annotation-11,pdf_annotation,PDF link annotation: https://tiaozhanbei.cloud.smartbi.com.cn/smartbi/vision/index.jsp,https://tiaozhanbei.cloud.smartbi.com.cn/smartbi/vision/index.jsp
WEB-0161,计划书/04_亚非拉国别风险与多币种储备智能决策平台总计划书.pdf,annotation-12,pdf_annotation,PDF link annotation: https://tiaozhanbei.cloud.smartbi.com.cn/smartbi/vision/index.jsp,https://tiaozhanbei.cloud.smartbi.com.cn/smartbi/vision/index.jsp
WEB-0161,计划书/04_亚非拉国别风险与多币种储备智能决策平台总计划书.tex,2057,plain_url,主办方 Smartbi 测试实例：认证后只读版本、许可、功能目录、资源树与公开演示模型核验记录，\url{https://tiaozhanbei.cloud.smartbi.com.cn/smartbi/vision/index.jsp}，核验日期：2026-08-16；记录不包含登录凭据，上传、建模与恢复另按 P0/D10--D12 验收。,https://tiaozhanbei.cloud.smartbi.com.cn/smartbi/vision/index.jsp
WEB-0161,计划书/05_全球经济周期与亚非拉国别风险多币种储备智能决策平台总计划书.pdf,annotation-10,pdf_annotation,PDF link annotation: https://tiaozhanbei.cloud.smartbi.com.cn/smartbi/vision/index.jsp,https://tiaozhanbei.cloud.smartbi.com.cn/smartbi/vision/index.jsp
WEB-0161,计划书/05_全球经济周期与亚非拉国别风险多币种储备智能决策平台总计划书.pdf,annotation-11,pdf_annotation,PDF link annotation: https://tiaozhanbei.cloud.smartbi.com.cn/smartbi/vision/index.jsp,https://tiaozhanbei.cloud.smartbi.com.cn/smartbi/vision/index.jsp
WEB-0161,计划书/05_全球经济周期与亚非拉国别风险多币种储备智能决策平台总计划书.pdf,annotation-12,pdf_annotation,PDF link annotation: https://tiaozhanbei.cloud.smartbi.com.cn/smartbi/vision/index.jsp,https://tiaozhanbei.cloud.smartbi.com.cn/smartbi/vision/index.jsp
WEB-0161,计划书/05_全球经济周期与亚非拉国别风险多币种储备智能决策平台总计划书.tex,2414,plain_url,主办方 Smartbi 测试实例：认证后只读版本、许可、功能目录、资源树与公开演示模型核验记录，\url{https://tiaozhanbei.cloud.smartbi.com.cn/smartbi/vision/index.jsp}，核验日期：2026-08-16；记录不包含登录凭据，上传、建模与恢复另按 P0/D10--D12 验收。,https://tiaozhanbei.cloud.smartbi.com.cn/smartbi/vision/index.jsp
WEB-0162,案例库/宏观危机篇/11_1994墨西哥龙舌兰危机/案例档案.md,95,plain_url,7. 美国财政部《1995 年墨西哥金融救援》文件（200 亿美元外汇稳定基金）：<https://treasury.gov/about/offices/domestic-finance/pages/mexico-stabilization.aspx>,https://treasury.gov/about/offices/domestic-finance/pages/mexico-stabilization.aspx
WEB-0163,案例库/宏观危机篇/04_1973-1980滞胀大牛市/案例档案.md,66,plain_url,"5. US Gold and Coin Research，""Gold vs S&P 500 by Decade (1970s–2020s)""（2026 年 2 月更新，数据源：National Mining Association / Slickcharts），https://usgoldandcoin.com/research/gold-vs-sp500",https://usgoldandcoin.com/research/gold-vs-sp500
WEB-0164,企业资产配置调研报告.md,146,markdown_link,"- **上市公司现金管理""挂钩黄金""已成趋势**：2025 年以来多家上市公司用闲置资金认购挂钩黄金的结构性存款；证监会《上市公司监管指引第 2 号》允许闲置募集资金现金管理，要求安全性高、流动性好、期限 ≤12 个月。（[中国经营报，2025-12](https://view.inews.qq.com/a/20251226A08F0300)；[监管指引整理](https://xueqiu.com/3410678413/223931252)）",https://view.inews.qq.com/a/20251226A08F0300
WEB-0164,企业资产配置调研报告.md,146,plain_url,"- **上市公司现金管理""挂钩黄金""已成趋势**：2025 年以来多家上市公司用闲置资金认购挂钩黄金的结构性存款；证监会《上市公司监管指引第 2 号》允许闲置募集资金现金管理，要求安全性高、流动性好、期限 ≤12 个月。（[中国经营报，2025-12](https://view.inews.qq.com/a/20251226A08F0300)；[监管指引整理](https://xueqiu.com/3410678413/223931252)）",https://view.inews.qq.com/a/20251226A08F0300
WEB-0165,计划书/02_项目执行与协作手册.pdf,1246,pdf_text,      https://web.pdx.edu/~ito/Readme_kaopen2023.pdf.,https://web.pdx.edu/~ito/Readme_kaopen2023.pdf
WEB-0165,计划书/02_项目执行与协作手册.pdf,annotation-7,pdf_annotation,PDF link annotation: https://web.pdx.edu/~ito/Readme_kaopen2023.pdf,https://web.pdx.edu/~ito/Readme_kaopen2023.pdf
WEB-0165,计划书/02_项目执行与协作手册.pdf,annotation-8,pdf_annotation,PDF link annotation: https://web.pdx.edu/~ito/Readme_kaopen2023.pdf,https://web.pdx.edu/~ito/Readme_kaopen2023.pdf
WEB-0165,计划书/03_多币种流动性与黄金战略储备周期配置计划书.pdf,annotation-13,pdf_annotation,PDF link annotation: https://web.pdx.edu/~ito/Readme_kaopen2023.pdf,https://web.pdx.edu/~ito/Readme_kaopen2023.pdf
WEB-0165,计划书/03_多币种流动性与黄金战略储备周期配置计划书.pdf,annotation-14,pdf_annotation,PDF link annotation: https://web.pdx.edu/~ito/Readme_kaopen2023.pdf,https://web.pdx.edu/~ito/Readme_kaopen2023.pdf
WEB-0165,计划书/03_多币种流动性与黄金战略储备周期配置计划书.pdf,annotation-15,pdf_annotation,PDF link annotation: https://web.pdx.edu/~ito/Readme_kaopen2023.pdf,https://web.pdx.edu/~ito/Readme_kaopen2023.pdf
WEB-0165,计划书/03_多币种流动性与黄金战略储备周期配置计划书.tex,793,plain_url,"Menzie Chinn and Hiro Ito, \emph{The Chinn--Ito Index}, 2023 release documentation, \url{https://web.pdx.edu/~ito/Readme_kaopen2023.pdf}.",https://web.pdx.edu/~ito/Readme_kaopen2023.pdf
WEB-0165,计划书/04_亚非拉国别风险与多币种储备智能决策平台总计划书.pdf,4360,pdf_text,"    https://web.pdx.edu/~ito/Readme_kaopen2023.pdf, accessed 2026-08-15.",https://web.pdx.edu/~ito/Readme_kaopen2023.pdf
WEB-0165,计划书/04_亚非拉国别风险与多币种储备智能决策平台总计划书.pdf,annotation-27,pdf_annotation,PDF link annotation: https://web.pdx.edu/~ito/Readme_kaopen2023.pdf,https://web.pdx.edu/~ito/Readme_kaopen2023.pdf
WEB-0165,计划书/04_亚非拉国别风险与多币种储备智能决策平台总计划书.tex,2075,plain_url,"Chinn, M. D. and Ito, H., The Chinn--Ito Index, documentation for the 2023 release, \url{https://web.pdx.edu/~ito/Readme_kaopen2023.pdf}, accessed 2026-08-15.",https://web.pdx.edu/~ito/Readme_kaopen2023.pdf
WEB-0165,计划书/05_全球经济周期与亚非拉国别风险多币种储备智能决策平台总计划书.pdf,5416,pdf_text,"    https://web.pdx.edu/~ito/Readme_kaopen2023.pdf, accessed 2026-08-15.",https://web.pdx.edu/~ito/Readme_kaopen2023.pdf
WEB-0165,计划书/05_全球经济周期与亚非拉国别风险多币种储备智能决策平台总计划书.pdf,annotation-27,pdf_annotation,PDF link annotation: https://web.pdx.edu/~ito/Readme_kaopen2023.pdf,https://web.pdx.edu/~ito/Readme_kaopen2023.pdf
WEB-0165,计划书/05_全球经济周期与亚非拉国别风险多币种储备智能决策平台总计划书.tex,2432,plain_url,"Chinn, M. D. and Ito, H., The Chinn--Ito Index, documentation for the 2023 release, \url{https://web.pdx.edu/~ito/Readme_kaopen2023.pdf}, accessed 2026-08-15.",https://web.pdx.edu/~ito/Readme_kaopen2023.pdf
WEB-0165,计划书/references.bib,72,plain_url,"  url         = {https://web.pdx.edu/~ito/Readme_kaopen2023.pdf},",https://web.pdx.edu/~ito/Readme_kaopen2023.pdf
WEB-0166,计划书/03_多币种流动性与黄金战略储备周期配置计划书.pdf,annotation-30,pdf_annotation,PDF link annotation: https://www.afponline.org/docs/default-source/default-document-library/pub/gtnews-guide-to-investing-operating-cash.pdf,https://www.afponline.org/docs/default-source/default-document-library/pub/gtnews-guide-to-investing-operating-cash.pdf
WEB-0166,计划书/03_多币种流动性与黄金战略储备周期配置计划书.pdf,annotation-31,pdf_annotation,PDF link annotation: https://www.afponline.org/docs/default-source/default-document-library/pub/gtnews-guide-to-investing-operating-cash.pdf,https://www.afponline.org/docs/default-source/default-document-library/pub/gtnews-guide-to-investing-operating-cash.pdf
WEB-0166,计划书/03_多币种流动性与黄金战略储备周期配置计划书.pdf,annotation-32,pdf_annotation,PDF link annotation: https://www.afponline.org/docs/default-source/default-document-library/pub/gtnews-guide-to-investing-operating-cash.pdf,https://www.afponline.org/docs/default-source/default-document-library/pub/gtnews-guide-to-investing-operating-cash.pdf
WEB-0166,计划书/03_多币种流动性与黄金战略储备周期配置计划书.pdf,annotation-33,pdf_annotation,PDF link annotation: https://www.afponline.org/docs/default-source/default-document-library/pub/gtnews-guide-to-investing-operating-cash.pdf,https://www.afponline.org/docs/default-source/default-document-library/pub/gtnews-guide-to-investing-operating-cash.pdf
WEB-0166,计划书/03_多币种流动性与黄金战略储备周期配置计划书.tex,817,plain_url,"Association for Financial Professionals / gtnews, \emph{Guide to Investing Operating Cash}, 2014, \url{https://www.afponline.org/docs/default-source/default-document-library/pub/gtnews-guide-to-investing-operating-cash.pdf}.",https://www.afponline.org/docs/default-source/default-document-library/pub/gtnews-guide-to-investing-operating-cash.pdf
WEB-0167,计划书/03_多币种流动性与黄金战略储备周期配置计划书.pdf,1272,pdf_spaced_url,"    vesting        Operating     Cash,           2014,       https : / / www . afponline .",https://www.afponline/
WEB-0168,案例库/货币崩溃篇/05_2019-2023黎巴嫩镑崩溃/案例档案.md,58,plain_url,4. Arabian Gulf Business Insight（AGBI），2023，《Lebanon's new bank rules offer 'lollar' accounts respite》——存款从 1160 亿降至 890 亿美元、折损 70%–83%。https://www.agbi.com/analysis/banking-finance/2023/10/lebanons-new-bank-rules-offer-lollar-accounts-respite/,https://www.agbi.com/analysis/banking-finance/2023/10/lebanons-new-bank-rules-offer-lollar-accounts-respite
WEB-0169,案例库/宏观危机篇/11_2013黄金暴跌（反面案例）/案例档案.md,56,plain_url,3. 世界黄金协会（WGC），2013年《Gold Demand Trends Q2 2013》——ETF流出为需求下滑主因：<https://www.agloc.org/pdf/GDT_Q2_2013.pdf>,https://www.agloc.org/pdf/GDT_Q2_2013.pdf
WEB-0170,跨国公司黄金硬通货需求调研报告.md,34,markdown_link,"- **Tether**：截至 2025 年 12 月持有约 **130 吨黄金**（2025 年增持超 100 吨，超过任何一家央行当年购金量），占其储备 10%–15%——""企业购金超过央行""的新现象。（[AInvest，2026](https://www.ainvest.com/news/tether-buys-27-tons-gold-q4-2025-xaut-stablecoin-2601/)）",https://www.ainvest.com/news/tether-buys-27-tons-gold-q4-2025-xaut-stablecoin-2601
WEB-0170,跨国公司黄金硬通货需求调研报告.md,34,plain_url,"- **Tether**：截至 2025 年 12 月持有约 **130 吨黄金**（2025 年增持超 100 吨，超过任何一家央行当年购金量），占其储备 10%–15%——""企业购金超过央行""的新现象。（[AInvest，2026](https://www.ainvest.com/news/tether-buys-27-tons-gold-q4-2025-xaut-stablecoin-2601/)）",https://www.ainvest.com/news/tether-buys-27-tons-gold-q4-2025-xaut-stablecoin-2601
WEB-0171,案例库/货币崩溃篇/08_2010-2025伊朗里亚尔/案例档案.md,93,plain_url,2. 伊朗 CPI 数据（2018–2025 30%–50%）：伊朗统计中心（SCI）：<https://www.amar.org.ir/>,https://www.amar.org.ir/
WEB-0172,案例库/宏观危机篇/14_2010欧洲主权债务危机/案例档案.md,99,plain_url,9. 希腊雅典综合指数历史：<https://www.athexgroup.gr/>,https://www.athexgroup.gr/
WEB-0173,跨国公司黄金硬通货需求调研报告.md,26,markdown_link,"- **土耳其–伊朗""黄金换天然气""（2012–2013）**：美元清算被切断后，伊朗的里拉货款经 Halkbank 购金、由迪拜转运至伊朗；2012 年土耳其对伊朗黄金出口约 **64 亿美元**，Zarrab 网络年经手近 100 亿美元。终结于 2013 年美国 IFCA 法案禁止对伊供应贵金属。（[Wisconsin Project，2025](https://www.wisconsinproject.org/major-turkish-bank-prosecuted-in-unprecedented-iran-sanctions-evasion-case/)；[AzerNews，2013](https://www.azernews.az/business/62020.html)）",https://www.azernews.az/business/62020.html
WEB-0173,跨国公司黄金硬通货需求调研报告.md,26,plain_url,"- **土耳其–伊朗""黄金换天然气""（2012–2013）**：美元清算被切断后，伊朗的里拉货款经 Halkbank 购金、由迪拜转运至伊朗；2012 年土耳其对伊朗黄金出口约 **64 亿美元**，Zarrab 网络年经手近 100 亿美元。终结于 2013 年美国 IFCA 法案禁止对伊供应贵金属。（[Wisconsin Project，2025](https://www.wisconsinproject.org/major-turkish-bank-prosecuted-in-unprecedented-iran-sanctions-evasion-case/)；[AzerNews，2013](https://www.azernews.az/business/62020.html)）",https://www.azernews.az/business/62020.html
WEB-0174,案例库/宏观危机篇/11_1994墨西哥龙舌兰危机/案例档案.md,91,plain_url,3. 墨西哥央行（Banxico）历史汇率与利率数据：<https://www.banxico.org.mx/SieInternet/consultarDirectorioInternetAction.do?locale=en>,https://www.banxico.org.mx/SieInternet/consultarDirectorioInternetAction.do?locale=en
WEB-0175,案例库/地缘冲突与制裁篇/06_2014克里米亚危机-卢布暴跌/案例档案.md,83,plain_url,"2. 2014-12""黑色星期二""与央行加息 650 基点：Reuters/BBC 2014 年 12 月报道：<https://www.bbc.com/news/business>",https://www.bbc.com/news/business
WEB-0175,案例库/货币崩溃篇/07_2022-2024埃及镑贬值/案例档案.md,96,plain_url,"8. 埃及""抢金潮""报道：BBC/Reuters 2022–2023 年报道：<https://www.bbc.com/news/business>",https://www.bbc.com/news/business
WEB-0176,案例库/货币崩溃篇/04_2018土耳其里拉危机/案例档案.md,97,plain_url,"8. 2021 年""低利率政策""与里拉 -44%：BBC/Reuters 2021 年 12 月报道：<https://www.bbc.com/news/business-59514816>",https://www.bbc.com/news/business-59514816
WEB-0177,案例库/货币崩溃篇/02_2008津巴布韦恶性通胀/案例档案.md,91,plain_url,4. 废钞与美元化（2009-02）：Reuters/BBC 2009 年报道：<https://www.bbc.com/news/world-africa-14180904>,https://www.bbc.com/news/world-africa-14180904
WEB-0178,案例库/地缘冲突与制裁篇/05_2019委内瑞拉伦敦黄金冻结/案例档案.md,86,plain_url,1. 委内瑞拉伦敦黄金（31 吨/约 10 亿美元）被冻结：Reuters/BBC 2019–2020 年报道：<https://www.bbc.com/news/world-latin-america>,https://www.bbc.com/news/world-latin-america
WEB-0178,案例库/货币崩溃篇/09_2023-2024阿根廷比索危机/案例档案.md,99,plain_url,"7. 米莱 2023-12 改革（比索贬值 54%）与""shock""计划：Reuters/BBC 2023-12 报道：<https://www.bbc.com/news/world-latin-america>",https://www.bbc.com/news/world-latin-america
WEB-0179,案例库/货币崩溃篇/03_2015-2021委内瑞拉玻利瓦尔/案例档案.md,92,plain_url,3. 2018 年向俄销售黄金与德银抵押被没收：Reuters/BBC：<https://www.bbc.com/news/world-latin-america-47844418>,https://www.bbc.com/news/world-latin-america-47844418
WEB-0180,案例库/货币崩溃篇/08_2010-2025伊朗里亚尔/案例档案.md,97,plain_url,6. 伊朗央行金本位/黄金担保数字货币（2025）：Reuters/BBC Persian 报道：<https://www.bbc.com/persian>,https://www.bbc.com/persian
WEB-0181,案例库/宏观危机篇/13_2001阿根廷债务危机/案例档案.md,93,plain_url,4. 阿根廷央行（BCRA）历史汇率与通胀数据：<https://www.bcra.gob.ar/en/>,https://www.bcra.gob.ar/en
WEB-0181,案例库/货币崩溃篇/09_2023-2024阿根廷比索危机/案例档案.md,93,plain_url,1. 阿根廷比索官方汇率（2023–2025）：阿根廷央行（BCRA）汇率数据：<https://www.bcra.gob.ar/en/>,https://www.bcra.gob.ar/en
WEB-0182,计划书/02_项目执行与协作手册.pdf,1235,pdf_text,      https://www.bde.es/wbe/en/areas-actuacion/analisis-e-investigacion/,https://www.bde.es/wbe/en/areas-actuacion/analisis-e-investigacion
WEB-0183,计划书/02_项目执行与协作手册.pdf,annotation-1,pdf_annotation,PDF link annotation: https://www.bde.es/wbe/en/areas-actuacion/analisis-e-investigacion/recursos/indices-de-riesgo-geopolitico-generales-y-bilaterales-para-34-economias-6075d2451c9da91.html,https://www.bde.es/wbe/en/areas-actuacion/analisis-e-investigacion/recursos/indices-de-riesgo-geopolitico-generales-y-bilaterales-para-34-economias-6075d2451c9da91.html
WEB-0183,计划书/02_项目执行与协作手册.pdf,annotation-2,pdf_annotation,PDF link annotation: https://www.bde.es/wbe/en/areas-actuacion/analisis-e-investigacion/recursos/indices-de-riesgo-geopolitico-generales-y-bilaterales-para-34-economias-6075d2451c9da91.html,https://www.bde.es/wbe/en/areas-actuacion/analisis-e-investigacion/recursos/indices-de-riesgo-geopolitico-generales-y-bilaterales-para-34-economias-6075d2451c9da91.html
WEB-0183,计划书/02_项目执行与协作手册.pdf,annotation-3,pdf_annotation,PDF link annotation: https://www.bde.es/wbe/en/areas-actuacion/analisis-e-investigacion/recursos/indices-de-riesgo-geopolitico-generales-y-bilaterales-para-34-economias-6075d2451c9da91.html,https://www.bde.es/wbe/en/areas-actuacion/analisis-e-investigacion/recursos/indices-de-riesgo-geopolitico-generales-y-bilaterales-para-34-economias-6075d2451c9da91.html
WEB-0183,计划书/03_多币种流动性与黄金战略储备周期配置计划书.pdf,annotation-16,pdf_annotation,PDF link annotation: https://www.bde.es/wbe/en/areas-actuacion/analisis-e-investigacion/recursos/indices-de-riesgo-geopolitico-generales-y-bilaterales-para-34-economias-6075d2451c9da91.html,https://www.bde.es/wbe/en/areas-actuacion/analisis-e-investigacion/recursos/indices-de-riesgo-geopolitico-generales-y-bilaterales-para-34-economias-6075d2451c9da91.html
WEB-0183,计划书/03_多币种流动性与黄金战略储备周期配置计划书.pdf,annotation-17,pdf_annotation,PDF link annotation: https://www.bde.es/wbe/en/areas-actuacion/analisis-e-investigacion/recursos/indices-de-riesgo-geopolitico-generales-y-bilaterales-para-34-economias-6075d2451c9da91.html,https://www.bde.es/wbe/en/areas-actuacion/analisis-e-investigacion/recursos/indices-de-riesgo-geopolitico-generales-y-bilaterales-para-34-economias-6075d2451c9da91.html
WEB-0183,计划书/03_多币种流动性与黄金战略储备周期配置计划书.tex,796,plain_url,"Banco de España, \emph{Country-specific Geopolitical Risk Indices for 34 Economies}, \href{https://www.bde.es/wbe/en/areas-actuacion/analisis-e-investigacion/recursos/indices-de-riesgo-geopolitico-generales-y-bilaterales-para-34-economias-6075d2451c9da91.html}{official source page}.",https://www.bde.es/wbe/en/areas-actuacion/analisis-e-investigacion/recursos/indices-de-riesgo-geopolitico-generales-y-bilaterales-para-34-economias-6075d2451c9da91.html
WEB-0183,计划书/04_亚非拉国别风险与多币种储备智能决策平台总计划书.pdf,annotation-28,pdf_annotation,PDF link annotation: https://www.bde.es/wbe/en/areas-actuacion/analisis-e-investigacion/recursos/indices-de-riesgo-geopolitico-generales-y-bilaterales-para-34-economias-6075d2451c9da91.html,https://www.bde.es/wbe/en/areas-actuacion/analisis-e-investigacion/recursos/indices-de-riesgo-geopolitico-generales-y-bilaterales-para-34-economias-6075d2451c9da91.html
WEB-0183,计划书/04_亚非拉国别风险与多币种储备智能决策平台总计划书.pdf,annotation-29,pdf_annotation,PDF link annotation: https://www.bde.es/wbe/en/areas-actuacion/analisis-e-investigacion/recursos/indices-de-riesgo-geopolitico-generales-y-bilaterales-para-34-economias-6075d2451c9da91.html,https://www.bde.es/wbe/en/areas-actuacion/analisis-e-investigacion/recursos/indices-de-riesgo-geopolitico-generales-y-bilaterales-para-34-economias-6075d2451c9da91.html
WEB-0183,计划书/04_亚非拉国别风险与多币种储备智能决策平台总计划书.tex,2078,plain_url,"Banco de España, Geopolitical Risk Indices for 34 Economies, \href{https://www.bde.es/wbe/en/areas-actuacion/analisis-e-investigacion/recursos/indices-de-riesgo-geopolitico-generales-y-bilaterales-para-34-economias-6075d2451c9da91.html}{country GPR resource page}, accessed 2026-08-15.",https://www.bde.es/wbe/en/areas-actuacion/analisis-e-investigacion/recursos/indices-de-riesgo-geopolitico-generales-y-bilaterales-para-34-economias-6075d2451c9da91.html
WEB-0183,计划书/05_全球经济周期与亚非拉国别风险多币种储备智能决策平台总计划书.pdf,annotation-28,pdf_annotation,PDF link annotation: https://www.bde.es/wbe/en/areas-actuacion/analisis-e-investigacion/recursos/indices-de-riesgo-geopolitico-generales-y-bilaterales-para-34-economias-6075d2451c9da91.html,https://www.bde.es/wbe/en/areas-actuacion/analisis-e-investigacion/recursos/indices-de-riesgo-geopolitico-generales-y-bilaterales-para-34-economias-6075d2451c9da91.html
WEB-0183,计划书/05_全球经济周期与亚非拉国别风险多币种储备智能决策平台总计划书.pdf,annotation-29,pdf_annotation,PDF link annotation: https://www.bde.es/wbe/en/areas-actuacion/analisis-e-investigacion/recursos/indices-de-riesgo-geopolitico-generales-y-bilaterales-para-34-economias-6075d2451c9da91.html,https://www.bde.es/wbe/en/areas-actuacion/analisis-e-investigacion/recursos/indices-de-riesgo-geopolitico-generales-y-bilaterales-para-34-economias-6075d2451c9da91.html
WEB-0183,计划书/05_全球经济周期与亚非拉国别风险多币种储备智能决策平台总计划书.tex,2435,plain_url,"Banco de España, Geopolitical Risk Indices for 34 Economies, \href{https://www.bde.es/wbe/en/areas-actuacion/analisis-e-investigacion/recursos/indices-de-riesgo-geopolitico-generales-y-bilaterales-para-34-economias-6075d2451c9da91.html}{country GPR resource page}, accessed 2026-08-15.",https://www.bde.es/wbe/en/areas-actuacion/analisis-e-investigacion/recursos/indices-de-riesgo-geopolitico-generales-y-bilaterales-para-34-economias-6075d2451c9da91.html
WEB-0183,计划书/references.bib,80,plain_url,"  url         = {https://www.bde.es/wbe/en/areas-actuacion/analisis-e-investigacion/recursos/indices-de-riesgo-geopolitico-generales-y-bilaterales-para-34-economias-6075d2451c9da91.html},",https://www.bde.es/wbe/en/areas-actuacion/analisis-e-investigacion/recursos/indices-de-riesgo-geopolitico-generales-y-bilaterales-para-34-economias-6075d2451c9da91.html
WEB-0184,跨国公司黄金硬通货需求调研报告.md,76,markdown_link,- 阿根廷（2018 起）、土耳其（2022 起）被列为恶性通胀经济体：子公司报表须按一般购买力指数重述再按期末汇率折算——**贬值+重述双重打击集团报表**；Vodafone、BBVA、AB InBev 均已适用并披露重大负面影响。（[BDO，2018](https://www.bdo.ae/getattachment/Services/Audit-Assurance/IFRS-Advisory-Services/IFRS-PUBLICATIONS/IFRB-2018-02-Argentina-and-IAS-29.pdf.aspx?lang)；[BBVA 公告，2022](https://shareholdersandinvestors.bbva.com/wp-content/uploads/2022/06/20220628-Implementation-of-IAS-29-to-BBVA-Turkey-Financial-Statements_ENG.pdf)）,https://www.bdo.ae/getattachment/Services/Audit-Assurance/IFRS-Advisory-Services/IFRS-PUBLICATIONS/IFRB-2018-02-Argentina-and-IAS-29.pdf.aspx?lang=
WEB-0184,跨国公司黄金硬通货需求调研报告.md,76,plain_url,- 阿根廷（2018 起）、土耳其（2022 起）被列为恶性通胀经济体：子公司报表须按一般购买力指数重述再按期末汇率折算——**贬值+重述双重打击集团报表**；Vodafone、BBVA、AB InBev 均已适用并披露重大负面影响。（[BDO，2018](https://www.bdo.ae/getattachment/Services/Audit-Assurance/IFRS-Advisory-Services/IFRS-PUBLICATIONS/IFRB-2018-02-Argentina-and-IAS-29.pdf.aspx?lang)；[BBVA 公告，2022](https://shareholdersandinvestors.bbva.com/wp-content/uploads/2022/06/20220628-Implementation-of-IAS-29-to-BBVA-Turkey-Financial-Statements_ENG.pdf)）,https://www.bdo.ae/getattachment/Services/Audit-Assurance/IFRS-Advisory-Services/IFRS-PUBLICATIONS/IFRB-2018-02-Argentina-and-IAS-29.pdf.aspx?lang=
WEB-0185,案例库/微观企业篇/03_ABInBev阿根廷/案例档案.md,80,plain_url,8. BDO《IAS 29 应用指引》：<https://www.bdo.global/>,https://www.bdo.global/
WEB-0186,跨国公司黄金硬通货需求调研报告.md,42,markdown_link,"- **巴菲特批评（2011 股东信）**：黄金""永远不会产出任何东西""，持金是零息资产的投机。（[Berkshire 2011 股东信](https://www.berkshirehathaway.com/letters/2011ltr.pdf)）",https://www.berkshirehathaway.com/letters/2011ltr.pdf
WEB-0186,跨国公司黄金硬通货需求调研报告.md,42,plain_url,"- **巴菲特批评（2011 股东信）**：黄金""永远不会产出任何东西""，持金是零息资产的投机。（[Berkshire 2011 股东信](https://www.berkshirehathaway.com/letters/2011ltr.pdf)）",https://www.berkshirehathaway.com/letters/2011ltr.pdf
WEB-0187,计划书/03_多币种流动性与黄金战略储备周期配置计划书.pdf,1245,pdf_text,"    change Reserve Returns, BIS Working Papers No. 906, 2020, https://www.bis.org/",https://www.bis.org/
WEB-0188,案例库/宏观危机篇/07_1997亚洲金融危机/案例档案.md,72,plain_url,7. BIS（国际清算银行）1998 年年报第六章——危机对商品与金价的压制作用：https://www.bis.org/publ/ar98b06.pdf,https://www.bis.org/publ/ar98b06.pdf
WEB-0189,计划书/01_项目可行性研究与参赛方案书.pdf,annotation-1,pdf_annotation,PDF link annotation: https://www.bis.org/publ/bcbs238.pdf,https://www.bis.org/publ/bcbs238.pdf
WEB-0189,计划书/01_项目可行性研究与参赛方案书.pdf,annotation-2,pdf_annotation,PDF link annotation: https://www.bis.org/publ/bcbs238.pdf,https://www.bis.org/publ/bcbs238.pdf
WEB-0189,计划书/references.bib,118,plain_url,"  url         = {https://www.bis.org/publ/bcbs238.pdf},",https://www.bis.org/publ/bcbs238.pdf
WEB-0190,计划书/03_多币种流动性与黄金战略储备周期配置计划书.pdf,1249,pdf_text,"    work, BIS Papers No. 38, 2008, https://www.bis.org/publ/bppdf/bispap38.pdf.",https://www.bis.org/publ/bppdf/bispap38.pdf
WEB-0190,计划书/03_多币种流动性与黄金战略储备周期配置计划书.pdf,annotation-21,pdf_annotation,PDF link annotation: https://www.bis.org/publ/bppdf/bispap38.pdf,https://www.bis.org/publ/bppdf/bispap38.pdf
WEB-0190,计划书/03_多币种流动性与黄金战略储备周期配置计划书.tex,802,plain_url,"Bank for International Settlements, \emph{FX Reserve Management: Elements of a Framework}, BIS Papers No. 38, 2008, \url{https://www.bis.org/publ/bppdf/bispap38.pdf}.",https://www.bis.org/publ/bppdf/bispap38.pdf
WEB-0191,计划书/03_多币种流动性与黄金战略储备周期配置计划书.pdf,annotation-18,pdf_annotation,PDF link annotation: https://www.bis.org/publ/work906.htm,https://www.bis.org/publ/work906.htm
WEB-0191,计划书/03_多币种流动性与黄金战略储备周期配置计划书.pdf,annotation-19,pdf_annotation,PDF link annotation: https://www.bis.org/publ/work906.htm,https://www.bis.org/publ/work906.htm
WEB-0191,计划书/03_多币种流动性与黄金战略储备周期配置计划书.pdf,annotation-20,pdf_annotation,PDF link annotation: https://www.bis.org/publ/work906.htm,https://www.bis.org/publ/work906.htm
WEB-0191,计划书/03_多币种流动性与黄金战略储备周期配置计划书.tex,799,plain_url,"Omar Zulaica, \emph{What Share for Gold? On the Interaction of Gold and Foreign Exchange Reserve Returns}, BIS Working Papers No. 906, 2020, \url{https://www.bis.org/publ/work906.htm}.",https://www.bis.org/publ/work906.htm
WEB-0192,计划书/05_全球经济周期与亚非拉国别风险多币种储备智能决策平台总计划书.pdf,5461,pdf_text,"    umentation, https://www.bis.org/statistics/pp_selected_documentation.pdf,",https://www.bis.org/statistics/pp_selected_documentation.pdf
WEB-0192,计划书/05_全球经济周期与亚非拉国别风险多币种储备智能决策平台总计划书.pdf,annotation-50,pdf_annotation,PDF link annotation: https://www.bis.org/statistics/pp_selected_documentation.pdf,https://www.bis.org/statistics/pp_selected_documentation.pdf
WEB-0192,计划书/05_全球经济周期与亚非拉国别风险多币种储备智能决策平台总计划书.tex,2468,plain_url,"Bank for International Settlements, Selected Residential Property Price Series: Documentation, \url{https://www.bis.org/statistics/pp_selected_documentation.pdf}, accessed 2026-08-16.",https://www.bis.org/statistics/pp_selected_documentation.pdf
WEB-0193,计划书/01_项目可行性研究与参赛方案书.pdf,1384,pdf_text,"       黄金. Bank for International Settlements, 2013, pp. 1–75. url: https://www.bis.",https://www.bis/
WEB-0194,案例库/宏观危机篇/16_2022美联储激进加息周期/案例档案.md,93,plain_url,1. 美国 CPI 数据（2022-06 峰值 9.1%）：美国劳工统计局：<https://www.bls.gov/cpi/>,https://www.bls.gov/cpi
WEB-0194,案例库/宏观危机篇/17_1980-2000黄金熊市_反面案例/案例档案.md,85,plain_url,2. 美国 CPI（1980 年 14.8% 峰值）：美国劳工统计局（BLS）：<https://www.bls.gov/cpi/>,https://www.bls.gov/cpi
WEB-0195,最终数据/最终数据/outputs/019f56e7-91fe-7a43-b1d0-ae50e45c9d0c/金银价格预测_官方数据与因素台账_20260713.xlsx,xl/worksheets/sheet2.xml,xlsx_xml,XLSX entry: xl/worksheets/sheet2.xml,https://www.bls.gov/data
WEB-0195,最终数据/最终数据/outputs/019f56e7-91fe-7a43-b1d0-ae50e45c9d0c/金银价格预测_官方数据与因素台账_20260713.xlsx.inspect.ndjson,649,plain_url,"{""kind"":""table"",""sheet"":""01_数据目录"",""address"":""A1:N15"",""rows"":15,""cols"":14,""values"":[[""dataset_id"",""数据集/字段"",""来源机构"",""频率"",""观测日期口径"",""发布时间/可用时点"",""覆盖范围"",""单位"",""许可与再分发"",""交付状态"",""官方URL"",""本地路径"",""建模用途"",""注意事项""],[""WB_PRICE"",""黄金、白银、铜、布伦特等月均价"",""World Bank"",""月"",""自然月月均"",""次月更新；本表建模统一滞后1月"",""2016-01—2026-06"",""USD/oz、USD/mt、USD/bbl"",""世界银行公开数据；保留署名"",""已收集/可交付"",""https://thedocs.worldbank.org/en/doc/74e8be41ceb20fa0da750cda2f6b9e4e-0050012026/world-bank-commodities-price-data-the-pink-sheet"",""data/raw/world_bank/CMO-Histo",https://www.bls.gov/data
WEB-0196,案例库/宏观危机篇/11_1994墨西哥龙舌兰危机/案例档案.md,92,plain_url,4. 墨西哥股市 IPC 指数历史数据：<https://www.bmv.com.mx/en/indices/indice-de-precios-y-cotizaciones-ipc>,https://www.bmv.com.mx/en/indices/indice-de-precios-y-cotizaciones-ipc
WEB-0197,计划书/05_全球经济周期与亚非拉国别风险多币种储备智能决策平台总计划书.pdf,5465,pdf_text,"    Accord, bubble formation and subsequent adjustment, https://www.boj.or.jp/en/",https://www.boj.or.jp/en
WEB-0198,计划书/05_全球经济周期与亚非拉国别风险多币种储备智能决策平台总计划书.pdf,5473,pdf_text,"    https://www.boj.or.jp/en/about/press/koen_2011/ko110906a.htm, accessed",https://www.boj.or.jp/en/about/press/koen_2011/ko110906a.htm
WEB-0198,计划书/05_全球经济周期与亚非拉国别风险多币种储备智能决策平台总计划书.pdf,annotation-53,pdf_annotation,PDF link annotation: https://www.boj.or.jp/en/about/press/koen_2011/ko110906a.htm,https://www.boj.or.jp/en/about/press/koen_2011/ko110906a.htm
WEB-0198,计划书/05_全球经济周期与亚非拉国别风险多币种储备智能决策平台总计划书.tex,2474,plain_url,"Bank of Japan, Speech reviewing the Plaza Accord and Japan's asset-price bubble, \url{https://www.boj.or.jp/en/about/press/koen_2011/ko110906a.htm}, accessed 2026-08-16.",https://www.boj.or.jp/en/about/press/koen_2011/ko110906a.htm
WEB-0199,计划书/05_全球经济周期与亚非拉国别风险多币种储备智能决策平台总计划书.pdf,annotation-51,pdf_annotation,PDF link annotation: https://www.boj.or.jp/en/about/press/koen_2021/ko210831a.htm,https://www.boj.or.jp/en/about/press/koen_2021/ko210831a.htm
WEB-0199,计划书/05_全球经济周期与亚非拉国别风险多币种储备智能决策平台总计划书.pdf,annotation-52,pdf_annotation,PDF link annotation: https://www.boj.or.jp/en/about/press/koen_2021/ko210831a.htm,https://www.boj.or.jp/en/about/press/koen_2021/ko210831a.htm
WEB-0199,计划书/05_全球经济周期与亚非拉国别风险多币种储备智能决策平台总计划书.tex,2471,plain_url,"Bank of Japan, Speech on Japan's Economy and Monetary Policy, including the Plaza Accord, bubble formation and subsequent adjustment, \url{https://www.boj.or.jp/en/about/press/koen_2021/ko210831a.htm}, accessed 2026-08-16.",https://www.boj.or.jp/en/about/press/koen_2021/ko210831a.htm
WEB-0200,案例库/宏观危机篇/10_1990日本资产泡沫破裂/案例档案.md,90,plain_url,5. 日银资金循环统计（家庭金融资产）：日本银行，<https://www.boj.or.jp/en/statistics/sj/index.htm>,https://www.boj.or.jp/en/statistics/sj/index.htm
WEB-0201,案例库/货币崩溃篇/01_1923魏玛德国恶性通胀/案例档案.md,47,plain_url,"5. Britannica, ""Hyperinflation in the Weimar Republic (1922–23)""。https://www.britannica.com/event/hyperinflation-in-the-Weimar-Republic",https://www.britannica.com/event/hyperinflation-in-the-Weimar-Republic
WEB-0202,案例库/宏观危机篇/03_1971布雷顿森林解体/案例档案.md,56,plain_url,"4. Britannica（大英百科全书）：""Silver Thursday""（亨特兄弟持仓与 1980 年银价崩盘），https://www.britannica.com/topic/Silver-Thursday",https://www.britannica.com/topic/Silver-Thursday
WEB-0202,案例库/宏观危机篇/04_1973-1980滞胀大牛市/案例档案.md,64,plain_url,"3. Encyclopaedia Britannica，""Silver Thursday: Causes, Impact, & Aftermath""（2026 更新），https://www.britannica.com/topic/Silver-Thursday",https://www.britannica.com/topic/Silver-Thursday
WEB-0203,案例库/宏观危机篇/01_1929大萧条/案例档案.md,43,plain_url,2. BullionVault（2009）：《Gold in the Depression》，Homestake EPS、股息数据及里士满联储 John Walter（2005）银行倒闭统计。https://www.bullionvault.com/gold-news/history/gold-depression-06082009,https://www.bullionvault.com/gold-news/history/gold-depression-06082009
WEB-0204,案例库/宏观危机篇/11_2013黄金暴跌（反面案例）/案例档案.md,54,plain_url,"1. BullionVault（Adrian Ash），2023年，""Gold's Big Price Crash, 10 Year On""——两日跌幅、季度-25.4%、TIPS相关性、GLD流出等细节：<https://www.bullionvault.com/gold-news/opinion-analysis/golds-big-price-crash-10-year-07072023>",https://www.bullionvault.com/gold-news/opinion-analysis/golds-big-price-crash-10-year-07072023
WEB-0205,案例库/宏观危机篇/06_1987黑色星期一/案例档案.md,75,plain_url,"2. BullionVault, Adrian Ash, ""How Does Gold Perform When Stock Markets Crash?""（2024）：黑色星期一当日金价 +3.2%。https://www.bullionvault.com/gold-news/opinion-analysis/how-does-gold-price-perform-stock-market-crash-080720241",https://www.bullionvault.com/gold-news/opinion-analysis/how-does-gold-price-perform-stock-market-crash-080720241
WEB-0206,案例库/宏观危机篇/13_2001阿根廷债务危机/案例档案.md,92,plain_url,3. Merval 指数历史数据：<https://www.byma.com.ar/en/indices/indice-merval>,https://www.byma.com.ar/en/indices/indice-merval
WEB-0207,企业资产配置调研报告.md,23,markdown_link,- **应收账款占比高是最突出的结构性特征**。中国普惠金融研究院（CAFI）《2024 小微企业金融健康报告》：小微企业应收账款占营业收入比重显著，超四成样本企业存在应收账款拖欠。（[CAFI 报告 PDF](https://www.cafi.org.cn/upload/portal/20250217/eedd01c8680e2444e0bedf31c5f12d56.pdf)）,https://www.cafi.org.cn/upload/portal/20250217/eedd01c8680e2444e0bedf31c5f12d56.pdf
WEB-0207,企业资产配置调研报告.md,23,plain_url,- **应收账款占比高是最突出的结构性特征**。中国普惠金融研究院（CAFI）《2024 小微企业金融健康报告》：小微企业应收账款占营业收入比重显著，超四成样本企业存在应收账款拖欠。（[CAFI 报告 PDF](https://www.cafi.org.cn/upload/portal/20250217/eedd01c8680e2444e0bedf31c5f12d56.pdf)）,https://www.cafi.org.cn/upload/portal/20250217/eedd01c8680e2444e0bedf31c5f12d56.pdf
WEB-0208,案例库/货币崩溃篇/07_2022-2024埃及镑贬值/案例档案.md,90,plain_url,2. 埃及 CPI（2023-09 峰值 38.0%）：埃及中央公共动员与统计局（CAPMAS）：<https://www.capmas.gov.eg/>,https://www.capmas.gov.eg/
WEB-0209,案例库/货币崩溃篇/01_1923魏玛德国恶性通胀/案例档案.md,43,plain_url,"1. 德意志联邦银行（Deutsche Bundesbank）历史统计档案，转引自 Cato Institute：Hanke & Krus, ""World Hyperinflations"", Cato Working Paper No. 8, 2012。https://www.cato.org/sites/cato.org/files/pubs/pdf/workingpaper-8.pdf",https://www.cato.org/sites/cato.org/files/pubs/pdf/workingpaper-8.pdf
WEB-0209,案例库/货币崩溃篇/02_2008津巴布韦恶性通胀/案例档案.md,88,plain_url,"1. 津巴布韦通胀与削零记录：Hanke & Krus, ""World Hyperinflations"", Cato Working Paper No. 8（2012）：<https://www.cato.org/sites/cato.org/files/pubs/pdf/workingpaper-8.pdf>",https://www.cato.org/sites/cato.org/files/pubs/pdf/workingpaper-8.pdf
WEB-0210,案例库/货币崩溃篇/07_2022-2024埃及镑贬值/案例档案.md,91,plain_url,3. 2022–2024 年三次贬值时间线：Reuters/Bloomberg 报道及埃及央行（CBE）公告：<https://www.cbe.org.eg/>,https://www.cbe.org.eg/
WEB-0211,案例库/货币崩溃篇/06_2022-2024尼日利亚奈拉崩溃/案例档案.md,98,plain_url,7. 尼日利亚央行（CBN）外汇改革声明（2023-06 统一汇率）：<https://www.cbn.gov.ng/>,https://www.cbn.gov.ng/
WEB-0211,案例库/微观企业篇/01_MTN尼日利亚/案例档案.md,77,plain_url,5. 尼日利亚央行基准利率（27.5%）：CBN 货币政策会议记录：<https://www.cbn.gov.ng/>,https://www.cbn.gov.ng/
WEB-0211,案例库/微观企业篇/02_雀巢尼日利亚/案例档案.md,78,plain_url,6. 尼日利亚央行利率（27.5%）：CBN：<https://www.cbn.gov.ng/>,https://www.cbn.gov.ng/
WEB-0212,最终数据/最终数据/outputs/019f56e7-91fe-7a43-b1d0-ae50e45c9d0c/金银价格预测_官方数据与因素台账_20260713.xlsx,xl/worksheets/sheet2.xml,xlsx_xml,XLSX entry: xl/worksheets/sheet2.xml,https://www.cboe.com/tradable_products/vix
WEB-0212,最终数据/最终数据/outputs/019f56e7-91fe-7a43-b1d0-ae50e45c9d0c/金银价格预测_官方数据与因素台账_20260713.xlsx.inspect.ndjson,649,plain_url,"{""kind"":""table"",""sheet"":""01_数据目录"",""address"":""A1:N15"",""rows"":15,""cols"":14,""values"":[[""dataset_id"",""数据集/字段"",""来源机构"",""频率"",""观测日期口径"",""发布时间/可用时点"",""覆盖范围"",""单位"",""许可与再分发"",""交付状态"",""官方URL"",""本地路径"",""建模用途"",""注意事项""],[""WB_PRICE"",""黄金、白银、铜、布伦特等月均价"",""World Bank"",""月"",""自然月月均"",""次月更新；本表建模统一滞后1月"",""2016-01—2026-06"",""USD/oz、USD/mt、USD/bbl"",""世界银行公开数据；保留署名"",""已收集/可交付"",""https://thedocs.worldbank.org/en/doc/74e8be41ceb20fa0da750cda2f6b9e4e-0050012026/world-bank-commodities-price-data-the-pink-sheet"",""data/raw/world_bank/CMO-Histo",https://www.cboe.com/tradable_products/vix
WEB-0213,案例库/地缘冲突与制裁篇/02_2022俄罗斯黄金制裁免疫/案例档案.md,82,plain_url,"4. 俄央行固定价 5,000 卢布/克购金：俄罗斯央行（CBR）公告：<https://www.cbr.ru/eng/>",https://www.cbr.ru/eng
WEB-0213,案例库/地缘冲突与制裁篇/06_2014克里米亚危机-卢布暴跌/案例档案.md,86,plain_url,5. 俄罗斯外储消耗（2014 约 800 亿美元）：俄罗斯央行（CBR）国际储备数据：<https://www.cbr.ru/eng/>,https://www.cbr.ru/eng
WEB-0214,最终数据/最终数据/outputs/019f56e7-91fe-7a43-b1d0-ae50e45c9d0c/黄金价格传导链因素与时序数据_20260724.xlsx,xl/worksheets/sheet11.xml,xlsx_xml,XLSX entry: xl/worksheets/sheet11.xml,https://www.cftc.gov/MarketReports/CommitmentsofTraders/HistoricalCompressed/index.htm
WEB-0214,最终数据/最终数据/outputs/019f56e7-91fe-7a43-b1d0-ae50e45c9d0c/黄金价格传导链因素与时序数据_20260724.xlsx.inspect.ndjson,80405,plain_url,"{""kind"":""table"",""sheet"":""12_来源与口径"",""address"":""A1:M13"",""rows"":13,""cols"":13,""values"":[[""数据来源与时间口径"",null,null,null,null,null,null,null,null,null,null,null,null],[null,null,null,null,null,null,null,null,null,null,null,null,null],[""所有模型字段都应能追溯到此表；完整URL只集中存放在本页，避免在建模表中重复。"",null,null,null,null,null,null,null,null,null,null,null,null],[null,null,null,null,null,null,null,null,null,null,null,null,null],[""数据集ID"",""字段/用途"",""来源机构"",""频率"",""观察时间"",""模型可用时间"",""覆盖期"",""单位"",""官方URL"",""本地文件"",""许可/引用说明"",""工作表"",""备注""],[""SGE_DAILY",https://www.cftc.gov/MarketReports/CommitmentsofTraders/HistoricalCompressed/index.htm
WEB-0214,最终数据/最终数据/outputs/019f56e7-91fe-7a43-b1d0-ae50e45c9d0c/金银价格波动影响因素与时序数据_20260726.xlsx,xl/worksheets/sheet12.xml,xlsx_xml,XLSX entry: xl/worksheets/sheet12.xml,https://www.cftc.gov/MarketReports/CommitmentsofTraders/HistoricalCompressed/index.htm
WEB-0214,最终数据/最终数据/outputs/019f56e7-91fe-7a43-b1d0-ae50e45c9d0c/金银价格波动影响因素与时序数据_20260726.xlsx.inspect.ndjson,91397,plain_url,"{""kind"":""table"",""sheet"":""12_来源与口径"",""address"":""A1:M14"",""rows"":14,""cols"":13,""values"":[[""数据来源与时间口径"",null,null,null,null,null,null,null,null,null,null,null,null],[null,null,null,null,null,null,null,null,null,null,null,null,null],[""所有模型字段都应能追溯到此表；完整URL只集中存放在本页，避免在建模表中重复。"",null,null,null,null,null,null,null,null,null,null,null,null],[null,null,null,null,null,null,null,null,null,null,null,null,null],[""数据集ID"",""字段/用途"",""来源机构"",""频率"",""观察时间"",""模型可用时间"",""覆盖期"",""单位"",""官方URL"",""本地文件"",""许可/引用说明"",""工作表"",""备注""],[""SGE_DAILY",https://www.cftc.gov/MarketReports/CommitmentsofTraders/HistoricalCompressed/index.htm
WEB-0214,最终数据/最终数据/outputs/019f56e7-91fe-7a43-b1d0-ae50e45c9d0c/金银价格波动影响因素与时序数据_中文字段版_20260726.xlsx,xl/worksheets/sheet13.xml,xlsx_xml,XLSX entry: xl/worksheets/sheet13.xml,https://www.cftc.gov/MarketReports/CommitmentsofTraders/HistoricalCompressed/index.htm
WEB-0214,最终数据/最终数据/outputs/019f56e7-91fe-7a43-b1d0-ae50e45c9d0c/金银价格波动影响因素与时序数据_中文字段版_20260726.xlsx.inspect.ndjson,91689,plain_url,"{""kind"":""table"",""sheet"":""12_来源与口径"",""address"":""A1:M14"",""rows"":14,""cols"":13,""values"":[[""数据来源与时间口径"",null,null,null,null,null,null,null,null,null,null,null,null],[null,null,null,null,null,null,null,null,null,null,null,null,null],[""所有模型字段都应能追溯到此表；完整URL只集中存放在本页，避免在建模表中重复。"",null,null,null,null,null,null,null,null,null,null,null,null],[null,null,null,null,null,null,null,null,null,null,null,null,null],[""数据集ID"",""字段/用途"",""来源机构"",""频率"",""观察时间"",""模型可用时间"",""覆盖期"",""单位"",""官方URL"",""本地文件"",""许可/引用说明"",""工作表"",""备注""],[""SGE_DAILY",https://www.cftc.gov/MarketReports/CommitmentsofTraders/HistoricalCompressed/index.htm
WEB-0214,最终数据/最终数据/outputs/019f56e7-91fe-7a43-b1d0-ae50e45c9d0c/金银价格预测_官方数据与因素台账_20260713.xlsx,xl/worksheets/sheet2.xml,xlsx_xml,XLSX entry: xl/worksheets/sheet2.xml,https://www.cftc.gov/MarketReports/CommitmentsofTraders/HistoricalCompressed/index.htm
WEB-0214,最终数据/最终数据/outputs/019f56e7-91fe-7a43-b1d0-ae50e45c9d0c/金银价格预测_官方数据与因素台账_20260713.xlsx.inspect.ndjson,649,plain_url,"{""kind"":""table"",""sheet"":""01_数据目录"",""address"":""A1:N15"",""rows"":15,""cols"":14,""values"":[[""dataset_id"",""数据集/字段"",""来源机构"",""频率"",""观测日期口径"",""发布时间/可用时点"",""覆盖范围"",""单位"",""许可与再分发"",""交付状态"",""官方URL"",""本地路径"",""建模用途"",""注意事项""],[""WB_PRICE"",""黄金、白银、铜、布伦特等月均价"",""World Bank"",""月"",""自然月月均"",""次月更新；本表建模统一滞后1月"",""2016-01—2026-06"",""USD/oz、USD/mt、USD/bbl"",""世界银行公开数据；保留署名"",""已收集/可交付"",""https://thedocs.worldbank.org/en/doc/74e8be41ceb20fa0da750cda2f6b9e4e-0050012026/world-bank-commodities-price-data-the-pink-sheet"",""data/raw/world_bank/CMO-Histo",https://www.cftc.gov/MarketReports/CommitmentsofTraders/HistoricalCompressed/index.htm
WEB-0215,案例库/微观企业篇/02_雀巢尼日利亚/案例档案.md,75,plain_url,"3. ""雀巢尼日利亚 2023 年汇兑损失 1950 亿奈拉、股东权益 -780 亿""：Channels TV 2024 报道：<https://www.channelstv.com/2024/02/28/nestle-nigeria-posts-n104bn-loss-for-2023/>",https://www.channelstv.com/2024/02/28/nestle-nigeria-posts-n104bn-loss-for-2023
WEB-0215,跨国公司黄金硬通货需求调研报告.md,56,markdown_link,"  - 雀巢尼日利亚：2023 年汇兑损失 1,950 亿奈拉，股东权益由 +302 亿转为 **-780 亿奈拉（资不抵债）**，两年无法分红。（[Channels TV，2024](https://www.channelstv.com/2024/02/28/nestle-nigeria-posts-n104bn-loss-for-2023/)）",https://www.channelstv.com/2024/02/28/nestle-nigeria-posts-n104bn-loss-for-2023
WEB-0215,跨国公司黄金硬通货需求调研报告.md,56,plain_url,"  - 雀巢尼日利亚：2023 年汇兑损失 1,950 亿奈拉，股东权益由 +302 亿转为 **-780 亿奈拉（资不抵债）**，两年无法分红。（[Channels TV，2024](https://www.channelstv.com/2024/02/28/nestle-nigeria-posts-n104bn-loss-for-2023/)）",https://www.channelstv.com/2024/02/28/nestle-nigeria-posts-n104bn-loss-for-2023
WEB-0216,计划书/05_全球经济周期与亚非拉国别风险多币种储备智能决策平台总计划书.pdf,5445,pdf_text,"    https://www.chicagofed.org/research/data/nfci/current-data, accessed 2026-",https://www.chicagofed.org/research/data/nfci/current-data
WEB-0216,计划书/05_全球经济周期与亚非拉国别风险多币种储备智能决策平台总计划书.pdf,annotation-44,pdf_annotation,PDF link annotation: https://www.chicagofed.org/research/data/nfci/current-data,https://www.chicagofed.org/research/data/nfci/current-data
WEB-0216,计划书/05_全球经济周期与亚非拉国别风险多币种储备智能决策平台总计划书.tex,2456,plain_url,"Federal Reserve Bank of Chicago, National Financial Conditions Index: Current Data, \url{https://www.chicagofed.org/research/data/nfci/current-data}, accessed 2026-08-16.",https://www.chicagofed.org/research/data/nfci/current-data
WEB-0217,企业资产配置调研报告.md,160,markdown_link,"- **会计处理**：交易目的持有的黄金（含 ETF）按《企业会计准则第 22 号》分类为交易性金融资产，公允价值变动计入当期损益，**直接冲击利润表，且不能计入""货币资金""**。（[正保会计网校，2025](https://www.chinaacc.com/zhuceshuiwushi/jhwd/zy20250626114216.shtml)）",https://www.chinaacc.com/zhuceshuiwushi/jhwd/zy20250626114216.shtml
WEB-0217,企业资产配置调研报告.md,160,plain_url,"- **会计处理**：交易目的持有的黄金（含 ETF）按《企业会计准则第 22 号》分类为交易性金融资产，公允价值变动计入当期损益，**直接冲击利润表，且不能计入""货币资金""**。（[正保会计网校，2025](https://www.chinaacc.com/zhuceshuiwushi/jhwd/zy20250626114216.shtml)）",https://www.chinaacc.com/zhuceshuiwushi/jhwd/zy20250626114216.shtml
WEB-0218,案例库/微观企业篇/10_中国黄金会计错配_反面/案例档案.md,73,plain_url,2. 中国黄金集团黄金珠宝股份有限公司官网/公告：<https://www.chinagoldsh.com/portal/cn/index.html>,https://www.chinagoldsh.com/portal/cn/index.html
WEB-0219,企业资产配置调研报告.md,34,markdown_link,- **现金持有水平高**：A 股上市公司货币资金/总资产均值约 **18.6%–20.2%**，非货币金融资产占比仅约 3.2%。（[《金融研究》论文](http://www.jryj.org.cn/CN/article/downloadArticleFile.do?attachType=PDF&id=1090)；[CICPA 刊载研究，2017](https://www.cicpa.org.cn/ztzl1/zgzckjs/zazhi2017/202012/P020230523520286146501.pdf)）,https://www.cicpa.org.cn/ztzl1/zgzckjs/zazhi2017/202012/P020230523520286146501.pdf
WEB-0219,企业资产配置调研报告.md,34,plain_url,- **现金持有水平高**：A 股上市公司货币资金/总资产均值约 **18.6%–20.2%**，非货币金融资产占比仅约 3.2%。（[《金融研究》论文](http://www.jryj.org.cn/CN/article/downloadArticleFile.do?attachType=PDF&id=1090)；[CICPA 刊载研究，2017](https://www.cicpa.org.cn/ztzl1/zgzckjs/zazhi2017/202012/P020230523520286146501.pdf)）,https://www.cicpa.org.cn/ztzl1/zgzckjs/zazhi2017/202012/P020230523520286146501.pdf
WEB-0219,企业资产配置调研报告.md,43,markdown_link,- **实证参照**：A 股正常经营公司现金持有均值约 18–20%、流动比率约 1.3–2.1、速动比率约 1.1–1.6。（[CICPA，2017](https://www.cicpa.org.cn/ztzl1/zgzckjs/zazhi2017/202012/P020230523520286146501.pdf)）,https://www.cicpa.org.cn/ztzl1/zgzckjs/zazhi2017/202012/P020230523520286146501.pdf
WEB-0219,企业资产配置调研报告.md,43,plain_url,- **实证参照**：A 股正常经营公司现金持有均值约 18–20%、流动比率约 1.3–2.1、速动比率约 1.1–1.6。（[CICPA，2017](https://www.cicpa.org.cn/ztzl1/zgzckjs/zazhi2017/202012/P020230523520286146501.pdf)）,https://www.cicpa.org.cn/ztzl1/zgzckjs/zazhi2017/202012/P020230523520286146501.pdf
WEB-0220,案例库/微观企业篇/04_传音控股/案例档案.md,75,plain_url,2. 传音 2024-10 三季报（2024Q3 净利润同比 -44%，归因埃塞俄比亚币贬值汇兑损失）：公司公告/财联社 2024-10 报道：<https://www.cls.cn/>,https://www.cls.cn/
WEB-0221,企业资产配置调研报告.md,66,markdown_link,"- 自营为第一大收入来源（2024 年 1740.7 亿元，占营收 38.6%）；自营金融资产约占总资产 35%、货币资金约 20%（七成为客户资金）、两融融出资金约 13%；自营""重固收""。（[财联社，2025-04](https://www.cls.cn/detail/1997358)；[中国期货业协会分析框架，2022](http://www.cfachina.org/servicesupport/analygarden/jrl/fxszh6/202207/P020220713595644967146.pdf)；[开源证券，2025-01](https://pdf.dfcfw.com/pdf/H301_AP202501231642482948_1.pdf)）",https://www.cls.cn/detail/1997358
WEB-0221,企业资产配置调研报告.md,66,plain_url,"- 自营为第一大收入来源（2024 年 1740.7 亿元，占营收 38.6%）；自营金融资产约占总资产 35%、货币资金约 20%（七成为客户资金）、两融融出资金约 13%；自营""重固收""。（[财联社，2025-04](https://www.cls.cn/detail/1997358)；[中国期货业协会分析框架，2022](http://www.cfachina.org/servicesupport/analygarden/jrl/fxszh6/202207/P020220713595644967146.pdf)；[开源证券，2025-01](https://pdf.dfcfw.com/pdf/H301_AP202501231642482948_1.pdf)）",https://www.cls.cn/detail/1997358
WEB-0222,企业资产配置调研报告.md,132,markdown_link,- **黄金 ETF（T+0）**：实金存于 SGE 金库，大额份额可提取实物；2026 年 1 月境内黄金 ETF 总规模约 3141 亿元，华安黄金 ETF 超 1200 亿元为亚洲最大。（[财联社，2026-01](https://www.cls.cn/detail/2272392)）,https://www.cls.cn/detail/2272392
WEB-0222,企业资产配置调研报告.md,132,plain_url,- **黄金 ETF（T+0）**：实金存于 SGE 金库，大额份额可提取实物；2026 年 1 月境内黄金 ETF 总规模约 3141 亿元，华安黄金 ETF 超 1200 亿元为亚洲最大。（[财联社，2026-01](https://www.cls.cn/detail/2272392)）,https://www.cls.cn/detail/2272392
WEB-0223,案例库/宏观危机篇/03_1971布雷顿森林解体/案例档案.md,54,plain_url,"2. 财联社（2024/2026）：""以史为鉴：70年代的黄金牛市是如何开始、如何结束的""（1970–74、1977–80 黄金年化收益 32.5%/45.2%），https://www.cls.cn/detail/2341263",https://www.cls.cn/detail/2341263
WEB-0224,案例库/宏观危机篇/15_2020疫情全球市场崩盘/案例档案.md,96,plain_url,5. WTI 原油负值事件（2020-04-20）：CME Group 与媒体记录：<https://www.cmegroup.com/>,https://www.cmegroup.com/
WEB-0225,最终数据/最终数据/outputs/019f56e7-91fe-7a43-b1d0-ae50e45c9d0c/金银价格预测_官方数据与因素台账_20260713.xlsx,xl/worksheets/sheet2.xml,xlsx_xml,XLSX entry: xl/worksheets/sheet2.xml,https://www.cmegroup.com/markets/metals/precious.html
WEB-0225,最终数据/最终数据/outputs/019f56e7-91fe-7a43-b1d0-ae50e45c9d0c/金银价格预测_官方数据与因素台账_20260713.xlsx.inspect.ndjson,649,plain_url,"{""kind"":""table"",""sheet"":""01_数据目录"",""address"":""A1:N15"",""rows"":15,""cols"":14,""values"":[[""dataset_id"",""数据集/字段"",""来源机构"",""频率"",""观测日期口径"",""发布时间/可用时点"",""覆盖范围"",""单位"",""许可与再分发"",""交付状态"",""官方URL"",""本地路径"",""建模用途"",""注意事项""],[""WB_PRICE"",""黄金、白银、铜、布伦特等月均价"",""World Bank"",""月"",""自然月月均"",""次月更新；本表建模统一滞后1月"",""2016-01—2026-06"",""USD/oz、USD/mt、USD/bbl"",""世界银行公开数据；保留署名"",""已收集/可交付"",""https://thedocs.worldbank.org/en/doc/74e8be41ceb20fa0da750cda2f6b9e4e-0050012026/world-bank-commodities-price-data-the-pink-sheet"",""data/raw/world_bank/CMO-Histo",https://www.cmegroup.com/markets/metals/precious.html
WEB-0226,案例库/宏观危机篇/07_1997亚洲金融危机/案例档案.md,69,plain_url,"4. CNBC Indonesia，《Rupiah Nelangsa, Krisis 1997/1998 Terulang?》，2024——印尼盾金价 40,000→73,125 印尼盾/克、通胀 77.63%、GDP -13.7%：https://www.cnbcindonesia.com/research/20240418153237-128-531396/rupiah-nelangsa-krisis-1997-1998-terulang",https://www.cnbcindonesia.com/research/20240418153237-128-531396/rupiah-nelangsa-krisis-1997-1998-terulang
WEB-0227,案例库/货币崩溃篇/05_2019-2023黎巴嫩镑崩溃/案例档案.md,61,plain_url,7. 新华网/新华财经，2023，《黎巴嫩本币兑美元汇率跌破 100000 比 1 大关》——黑市破 10 万、累计贬值超 98%。https://www.cnfin.com/hs-lb/detail/20230314/3822485_1.html,https://www.cnfin.com/hs-lb/detail/20230314/3822485_1.html
WEB-0228,最终数据/最终数据/research/media_sentiment_gold_paper/metadata/dataset_manifest.csv,8,plain_url,"文本语料,金投网黄金新闻,标题与正文共1303篇,2022-02-01至2025-02-28,文章级→日聚合,金投网,https://www.cngold.org/,论文描述但未发布,未公开,,新闻正文受版权及网站条款约束,不可复现,作者未给URL清单、抓取时间、去重规则或文本文件",https://www.cngold.org/
WEB-0228,最终数据/最终数据/research/media_sentiment_gold_paper/outputs/019f56e7-91fe-7a43-b1d0-ae50e45c9d0c/论文数据来源与复现清单.xlsx,xl/worksheets/sheet2.xml,xlsx_xml,XLSX entry: xl/worksheets/sheet2.xml,https://www.cngold.org/
WEB-0228,最终数据/最终数据/research/media_sentiment_gold_paper/outputs/019f56e7-91fe-7a43-b1d0-ae50e45c9d0c/论文数据来源与复现清单.xlsx.inspect.ndjson,79,plain_url,"{""kind"":""table"",""sheet"":""数据清单"",""address"":""A1:M22"",""rows"":22,""cols"":13,""values"":[[""论文数据资产清单：精确引用、受限数据与开放代理"",""论文数据资产清单：精确引用、受限数据与开放代理"",""论文数据资产清单：精确引用、受限数据与开放代理"",""论文数据资产清单：精确引用、受限数据与开放代理"",""论文数据资产清单：精确引用、受限数据与开放代理"",""论文数据资产清单：精确引用、受限数据与开放代理"",""论文数据资产清单：精确引用、受限数据与开放代理"",""论文数据资产清单：精确引用、受限数据与开放代理"",""论文数据资产清单：精确引用、受限数据与开放代理"",""论文数据资产清单：精确引用、受限数据与开放代理"",""论文数据资产清单：精确引用、受限数据与开放代理"",""论文数据资产清单：精确引用、受限数据与开放代理"",""论文数据资产清单：精确引用、受限数据与开放代理""],[""黄色/红色状态用于提醒，但判断以‘可得状态’和‘精确或代理’文本为准。所有代理数据都不能当作原作者数据。"",null,null,null,null,null",https://www.cngold.org/
WEB-0228,最终数据/最终数据/research/media_sentiment_gold_paper/outputs/019f56e7-91fe-7a43-b1d0-ae50e45c9d0c/workbook_inspect.ndjson,5,plain_url,"{""kind"":""table"",""sheet"":""数据清单"",""address"":""A1:M22"",""rows"":22,""cols"":13,""values"":[[""论文数据资产清单：精确引用、受限数据与开放代理"",""论文数据资产清单：精确引用、受限数据与开放代理"",""论文数据资产清单：精确引用、受限数据与开放代理"",""论文数据资产清单：精确引用、受限数据与开放代理"",""论文数据资产清单：精确引用、受限数据与开放代理"",""论文数据资产清单：精确引用、受限数据与开放代理"",""论文数据资产清单：精确引用、受限数据与开放代理"",""论文数据资产清单：精确引用、受限数据与开放代理"",""论文数据资产清单：精确引用、受限数据与开放代理"",""论文数据资产清单：精确引用、受限数据与开放代理"",""论文数据资产清单：精确引用、受限数据与开放代理"",""论文数据资产清单：精确引用、受限数据与开放代理"",""论文数据资产清单：精确引用、受限数据与开放代理""],[""黄色/红色状态用于提醒，但判断以‘可得状态’和‘精确或代理’文本为准。所有代理数据都不能当作原作者数据。"",null,null,null,null,null",https://www.cngold.org/
WEB-0228,最终数据/最终数据/research/media_sentiment_gold_paper/scripts/build_reproducibility_package.mjs,99,plain_url,"  [""文本语料"", ""金投网黄金新闻"", ""标题与正文共1303篇"", ""2022-02-01至2025-02-28"", ""文章级→日聚合"", ""金投网"", ""https://www.cngold.org/"", ""论文描述但未发布"", ""未公开"", """", ""新闻正文受版权及网站条款约束"", ""不可复现"", ""作者未给URL清单、抓取时间、去重规则或文本文件""],",https://www.cngold.org/
WEB-0229,案例库/地缘冲突与制裁篇/04_2012-2013土耳其-伊朗黄金换天然气/案例档案.md,83,plain_url,3. 美国财政部 OFAC 对伊朗制裁与 IFCA（2013）条文：美国国会立法《Iran Freedom and Counter-Proliferation Act》：<https://www.congress.gov/>,https://www.congress.gov/
WEB-0230,跨国公司黄金硬通货需求调研报告.md,44,markdown_link,- **企业涉金失败案例**：Ashanti Goldfields 套保危机（1999，浮亏 4.5–5.7 亿美元、几近破产）；Barrick 解除对冲（2009，确认约 56 亿美元损失）。（[Cornerstone Research](https://www.cornerstone.com/insights/cases/ashanti-goldfields-securities-litigation/)；[Barrick 2009 年报，SEC](https://www.sec.gov/Archives/edgar/data/756894/000110465910017012/a10-4461_1ex99d1.htm)）,https://www.cornerstone.com/insights/cases/ashanti-goldfields-securities-litigation
WEB-0230,跨国公司黄金硬通货需求调研报告.md,44,plain_url,- **企业涉金失败案例**：Ashanti Goldfields 套保危机（1999，浮亏 4.5–5.7 亿美元、几近破产）；Barrick 解除对冲（2009，确认约 56 亿美元损失）。（[Cornerstone Research](https://www.cornerstone.com/insights/cases/ashanti-goldfields-securities-litigation/)；[Barrick 2009 年报，SEC](https://www.sec.gov/Archives/edgar/data/756894/000110465910017012/a10-4461_1ex99d1.htm)）,https://www.cornerstone.com/insights/cases/ashanti-goldfields-securities-litigation
WEB-0231,跨国公司黄金硬通货需求调研报告.md,91,markdown_link,"- IFRS 下金条不是金融工具（无合同权利），准则无专门规定；主流按 **IAS 2 存货""成本与可变现净值孰低""**——**金价上涨不能确认收益、下跌要计提减值**，对冲收益在利润表""隐形""。WGC 2018 年呼吁统一会计框架，至今未解决。（[CPDbox，2024](https://www.cpdbox.com/040-investment-gold-ifrs/)；[WGC，2018](https://www.gold.org/download/file/8208/Working_towards_a%20common_accounting_framework_for_gold_updated_Jan2018.pdf)）",https://www.cpdbox.com/040-investment-gold-ifrs
WEB-0231,跨国公司黄金硬通货需求调研报告.md,91,plain_url,"- IFRS 下金条不是金融工具（无合同权利），准则无专门规定；主流按 **IAS 2 存货""成本与可变现净值孰低""**——**金价上涨不能确认收益、下跌要计提减值**，对冲收益在利润表""隐形""。WGC 2018 年呼吁统一会计框架，至今未解决。（[CPDbox，2024](https://www.cpdbox.com/040-investment-gold-ifrs/)；[WGC，2018](https://www.gold.org/download/file/8208/Working_towards_a%20common_accounting_framework_for_gold_updated_Jan2018.pdf)）",https://www.cpdbox.com/040-investment-gold-ifrs
WEB-0232,案例库/宏观危机篇/01_1929大萧条/案例档案.md,42,plain_url,1. Crescat Capital（2024）：《The Countercyclicality of Gold Mining Stocks》，Homestake 与道指 1929–1932 对比数据。https://www.crescat.net/the-countercyclicality-of-gold-mining-stocks/,https://www.crescat.net/the-countercyclicality-of-gold-mining-stocks
WEB-0232,案例库/宏观危机篇/02_1933罗斯福黄金新政/案例档案.md,53,plain_url,4. Crescat Capital，《The Countercyclicality of Gold Mining Stocks》（2024），https://www.crescat.net/the-countercyclicality-of-gold-mining-stocks/,https://www.crescat.net/the-countercyclicality-of-gold-mining-stocks
WEB-0233,案例库/宏观危机篇/10_1990日本资产泡沫破裂/案例档案.md,89,plain_url,4. 银行不良债权处置（100 万亿日元级）：日本金融厅/存款保险机构披露，<https://www.dic.go.jp/english/>,https://www.dic.go.jp/english
WEB-0234,案例库/地缘冲突与制裁篇/04_2012-2013土耳其-伊朗黄金换天然气/案例档案.md,86,plain_url,6. 迪拜黄金贸易枢纽角色：迪拜多种商品交易中心（DMCC）黄金贸易报告：<https://www.dmcc.ae/>,https://www.dmcc.ae/
WEB-0235,案例库/宏观危机篇/07_1997亚洲金融危机/案例档案.md,70,plain_url,5. 国务院发展研究中心，张瑾《亚洲金融危机回顾与思考》，2022——各国股市跌幅与韩元半年贬值 48%：https://www.drc.gov.cn/DocView.aspx?chnid=379&leafid=1338&docid=2905952,https://www.drc.gov.cn/DocView.aspx?chnid=379&leafid=1338&docid=2905952
WEB-0236,最终数据/最终数据/research/media_sentiment_gold_paper/metadata/dataset_manifest.csv,3,plain_url,"论文,全文XML,结构化全文与参考文献,2026-02-28,一次性,Europe PMC,https://www.ebi.ac.uk/europepmc/webservices/rest/PMC13025532/fullTextXML,论文原文,已下载,research/media_sentiment_gold_paper/metadata/europepmc_fulltext.xml,PMC开放获取,精确,未发现supplementary-material节点",https://www.ebi.ac.uk/europepmc/webservices/rest/PMC13025532/fullTextXML
WEB-0236,最终数据/最终数据/research/media_sentiment_gold_paper/outputs/019f56e7-91fe-7a43-b1d0-ae50e45c9d0c/论文数据来源与复现清单.xlsx,xl/worksheets/sheet2.xml,xlsx_xml,XLSX entry: xl/worksheets/sheet2.xml,https://www.ebi.ac.uk/europepmc/webservices/rest/PMC13025532/fullTextXML
WEB-0236,最终数据/最终数据/research/media_sentiment_gold_paper/outputs/019f56e7-91fe-7a43-b1d0-ae50e45c9d0c/论文数据来源与复现清单.xlsx.inspect.ndjson,79,plain_url,"{""kind"":""table"",""sheet"":""数据清单"",""address"":""A1:M22"",""rows"":22,""cols"":13,""values"":[[""论文数据资产清单：精确引用、受限数据与开放代理"",""论文数据资产清单：精确引用、受限数据与开放代理"",""论文数据资产清单：精确引用、受限数据与开放代理"",""论文数据资产清单：精确引用、受限数据与开放代理"",""论文数据资产清单：精确引用、受限数据与开放代理"",""论文数据资产清单：精确引用、受限数据与开放代理"",""论文数据资产清单：精确引用、受限数据与开放代理"",""论文数据资产清单：精确引用、受限数据与开放代理"",""论文数据资产清单：精确引用、受限数据与开放代理"",""论文数据资产清单：精确引用、受限数据与开放代理"",""论文数据资产清单：精确引用、受限数据与开放代理"",""论文数据资产清单：精确引用、受限数据与开放代理"",""论文数据资产清单：精确引用、受限数据与开放代理""],[""黄色/红色状态用于提醒，但判断以‘可得状态’和‘精确或代理’文本为准。所有代理数据都不能当作原作者数据。"",null,null,null,null,null",https://www.ebi.ac.uk/europepmc/webservices/rest/PMC13025532/fullTextXML
WEB-0236,最终数据/最终数据/research/media_sentiment_gold_paper/outputs/019f56e7-91fe-7a43-b1d0-ae50e45c9d0c/workbook_inspect.ndjson,5,plain_url,"{""kind"":""table"",""sheet"":""数据清单"",""address"":""A1:M22"",""rows"":22,""cols"":13,""values"":[[""论文数据资产清单：精确引用、受限数据与开放代理"",""论文数据资产清单：精确引用、受限数据与开放代理"",""论文数据资产清单：精确引用、受限数据与开放代理"",""论文数据资产清单：精确引用、受限数据与开放代理"",""论文数据资产清单：精确引用、受限数据与开放代理"",""论文数据资产清单：精确引用、受限数据与开放代理"",""论文数据资产清单：精确引用、受限数据与开放代理"",""论文数据资产清单：精确引用、受限数据与开放代理"",""论文数据资产清单：精确引用、受限数据与开放代理"",""论文数据资产清单：精确引用、受限数据与开放代理"",""论文数据资产清单：精确引用、受限数据与开放代理"",""论文数据资产清单：精确引用、受限数据与开放代理"",""论文数据资产清单：精确引用、受限数据与开放代理""],[""黄色/红色状态用于提醒，但判断以‘可得状态’和‘精确或代理’文本为准。所有代理数据都不能当作原作者数据。"",null,null,null,null,null",https://www.ebi.ac.uk/europepmc/webservices/rest/PMC13025532/fullTextXML
WEB-0236,最终数据/最终数据/research/media_sentiment_gold_paper/scripts/build_reproducibility_package.mjs,94,plain_url,"  [""论文"", ""全文XML"", ""结构化全文与参考文献"", ""2026-02-28"", ""一次性"", ""Europe PMC"", ""https://www.ebi.ac.uk/europepmc/webservices/rest/PMC13025532/fullTextXML"", ""论文原文"", ""已下载"", rel(path.join(metadataDir, ""europepmc_fulltext.xml"")), ""PMC开放获取"", ""精确"", ""未发现supplementary-material节点""],",https://www.ebi.ac.uk/europepmc/webservices/rest/PMC13025532/fullTextXML
WEB-0237,案例库/宏观危机篇/17_1980-2000黄金熊市_反面案例/案例档案.md,90,plain_url,7. 《华盛顿协议》（1999-09）：欧洲央行（ECB）声明：<https://www.ecb.europa.eu/>,https://www.ecb.europa.eu/
WEB-0238,案例库/宏观危机篇/14_2010欧洲主权债务危机/案例档案.md,91,plain_url,1. ECB《The Financial Crisis in the Global Economy》与希腊救助文件：<https://www.ecb.europa.eu/press/html/index.en.html>,https://www.ecb.europa.eu/press/html/index.en.html
WEB-0239,案例库/宏观危机篇/01_1929大萧条/案例档案.md,46,plain_url,"5. Burdekin, R.C.K.（2005，EconStor 学术档案）：《US pressure on China's currency: Milton Friedman and the silver purchase program》，1933–1935 年白银价格反弹至 81 美分数据。https://www.econstor.eu/bitstream/10419/31418/1/508648971.pdf",https://www.econstor.eu/bitstream/10419/31418/1/508648971.pdf
WEB-0240,案例库/地缘冲突与制裁篇/04_2012-2013土耳其-伊朗黄金换天然气/案例档案.md,84,plain_url,4. 土耳其天然气进口数据：EIA《Turkey》国别分析：<https://www.eia.gov/>,https://www.eia.gov/
WEB-0241,案例库/货币崩溃篇/03_2015-2021委内瑞拉玻利瓦尔/案例档案.md,99,plain_url,10. 委内瑞拉石油产量与制裁：EIA：<https://www.eia.gov/international/analysis/country/VEN>,https://www.eia.gov/international/analysis/country/VEN
WEB-0242,计划书/01_项目可行性研究与参赛方案书.pdf,1404,pdf_text,       change Restrictions. 2026. url: https://www.elibrary.imf.org/subject/012,https://www.elibrary.imf.org/subject/012
WEB-0242,计划书/01_项目可行性研究与参赛方案书.pdf,annotation-16,pdf_annotation,PDF link annotation: https://www.elibrary.imf.org/subject/012,https://www.elibrary.imf.org/subject/012
WEB-0242,计划书/02_项目执行与协作手册.pdf,1239,pdf_text,      change Restrictions. 2026. url: https://www.elibrary.imf.org/subject/012,https://www.elibrary.imf.org/subject/012
WEB-0242,计划书/02_项目执行与协作手册.pdf,annotation-4,pdf_annotation,PDF link annotation: https://www.elibrary.imf.org/subject/012,https://www.elibrary.imf.org/subject/012
WEB-0242,计划书/03_多币种流动性与黄金战略储备周期配置计划书.pdf,1236,pdf_text,"    change Restrictions, https://www.elibrary.imf.org/subject/012.",https://www.elibrary.imf.org/subject/012
WEB-0242,计划书/03_多币种流动性与黄金战略储备周期配置计划书.pdf,annotation-11,pdf_annotation,PDF link annotation: https://www.elibrary.imf.org/subject/012,https://www.elibrary.imf.org/subject/012
WEB-0242,计划书/03_多币种流动性与黄金战略储备周期配置计划书.pdf,annotation-12,pdf_annotation,PDF link annotation: https://www.elibrary.imf.org/subject/012,https://www.elibrary.imf.org/subject/012
WEB-0242,计划书/03_多币种流动性与黄金战略储备周期配置计划书.tex,790,plain_url,"International Monetary Fund, \emph{Annual Report on Exchange Arrangements and Exchange Restrictions}, \url{https://www.elibrary.imf.org/subject/012}.",https://www.elibrary.imf.org/subject/012
WEB-0242,计划书/04_亚非拉国别风险与多币种储备智能决策平台总计划书.pdf,4356,pdf_text,"    change Restrictions, https://www.elibrary.imf.org/subject/012, accessed 2026-",https://www.elibrary.imf.org/subject/012
WEB-0242,计划书/04_亚非拉国别风险与多币种储备智能决策平台总计划书.pdf,annotation-26,pdf_annotation,PDF link annotation: https://www.elibrary.imf.org/subject/012,https://www.elibrary.imf.org/subject/012
WEB-0242,计划书/04_亚非拉国别风险与多币种储备智能决策平台总计划书.tex,2072,plain_url,"International Monetary Fund, Annual Report on Exchange Arrangements and Exchange Restrictions, \url{https://www.elibrary.imf.org/subject/012}, accessed 2026-08-15.",https://www.elibrary.imf.org/subject/012
WEB-0242,计划书/05_全球经济周期与亚非拉国别风险多币种储备智能决策平台总计划书.pdf,5412,pdf_text,"    change Restrictions, https://www.elibrary.imf.org/subject/012, accessed 2026-",https://www.elibrary.imf.org/subject/012
WEB-0242,计划书/05_全球经济周期与亚非拉国别风险多币种储备智能决策平台总计划书.pdf,annotation-26,pdf_annotation,PDF link annotation: https://www.elibrary.imf.org/subject/012,https://www.elibrary.imf.org/subject/012
WEB-0242,计划书/05_全球经济周期与亚非拉国别风险多币种储备智能决策平台总计划书.tex,2429,plain_url,"International Monetary Fund, Annual Report on Exchange Arrangements and Exchange Restrictions, \url{https://www.elibrary.imf.org/subject/012}, accessed 2026-08-15.",https://www.elibrary.imf.org/subject/012
WEB-0242,计划书/references.bib,45,plain_url,"  url         = {https://www.elibrary.imf.org/subject/012},",https://www.elibrary.imf.org/subject/012
WEB-0243,跨国公司黄金硬通货需求调研报告.md,81,markdown_link,"- **危机时 NDF 失控**：IMF 研究确认""危机期间用 NDF 对冲的成本会变得极其昂贵""——最需要对冲的时刻工具最失效。（[IMF WP，2020](https://www.elibrary.imf.org/view/journals/001/2020/179/article-A001-en.xml)）",https://www.elibrary.imf.org/view/journals/001/2020/179/article-A001-en.xml
WEB-0243,跨国公司黄金硬通货需求调研报告.md,81,plain_url,"- **危机时 NDF 失控**：IMF 研究确认""危机期间用 NDF 对冲的成本会变得极其昂贵""——最需要对冲的时刻工具最失效。（[IMF WP，2020](https://www.elibrary.imf.org/view/journals/001/2020/179/article-A001-en.xml)）",https://www.elibrary.imf.org/view/journals/001/2020/179/article-A001-en.xml
WEB-0244,案例库/货币崩溃篇/05_2019-2023黎巴嫩镑崩溃/案例档案.md,57,plain_url,"3. IMF，2023，《Lebanon: 2023 Article IV Consultation》——黑市汇率 2023 年 3 月中旬达 140,000/美元。https://www.elibrary.imf.org/view/journals/002/2023/237/article-A001-en.xml",https://www.elibrary.imf.org/view/journals/002/2023/237/article-A001-en.xml
WEB-0245,计划书/03_多币种流动性与黄金战略储备周期配置计划书.pdf,1253,pdf_text,"    2026/007, 2026, https://www.elibrary.imf.org/view/journals/068/2026/007/",https://www.elibrary.imf.org/view/journals/068/2026/007
WEB-0246,计划书/03_多币种流动性与黄金战略储备周期配置计划书.pdf,annotation-22,pdf_annotation,PDF link annotation: https://www.elibrary.imf.org/view/journals/068/2026/007/article-A001-en.xml,https://www.elibrary.imf.org/view/journals/068/2026/007/article-A001-en.xml
WEB-0246,计划书/03_多币种流动性与黄金战略储备周期配置计划书.pdf,annotation-23,pdf_annotation,PDF link annotation: https://www.elibrary.imf.org/view/journals/068/2026/007/article-A001-en.xml,https://www.elibrary.imf.org/view/journals/068/2026/007/article-A001-en.xml
WEB-0246,计划书/03_多币种流动性与黄金战略储备周期配置计划书.tex,805,plain_url,"Istvan Mak and Etienne Vaccaro-Grange, \emph{Gold in Central Bank Reserves: Strategic Considerations, Market Risks, and Practical Guidance}, IMF Notes 2026/007, 2026, \url{https://www.elibrary.imf.org/view/journals/068/2026/007/article-A001-en.xml}.",https://www.elibrary.imf.org/view/journals/068/2026/007/article-A001-en.xml
WEB-0247,案例库/宏观危机篇/10_1990日本资产泡沫破裂/案例档案.md,88,plain_url,3. 名义 GDP 停滞数据：日本内阁府国民经济核算，<https://www.esri.cao.go.jp/en/sna/menu.html>,https://www.esri.cao.go.jp/en/sna/menu.html
WEB-0248,跨国公司黄金硬通货需求调研报告.md,41,markdown_link,"- **高通胀国家企业的首选不是黄金**：阿根廷企业的实务是持有美元、集团内部贷款抽离现金、转移定价——""去本币化""中美元及衍生品仍是首选，黄金只在""连美元通道都被切断""时登场。（[EuroFinance，2022](https://www.eurofinance.com/news/walking-the-fx-tightrope-in-latin-america/)）",https://www.eurofinance.com/news/walking-the-fx-tightrope-in-latin-america
WEB-0248,跨国公司黄金硬通货需求调研报告.md,41,plain_url,"- **高通胀国家企业的首选不是黄金**：阿根廷企业的实务是持有美元、集团内部贷款抽离现金、转移定价——""去本币化""中美元及衍生品仍是首选，黄金只在""连美元通道都被切断""时登场。（[EuroFinance，2022](https://www.eurofinance.com/news/walking-the-fx-tightrope-in-latin-america/)）",https://www.eurofinance.com/news/walking-the-fx-tightrope-in-latin-america
WEB-0249,跨国公司黄金硬通货需求调研报告.md,59,markdown_link,- **土耳其里拉**：2018 年贬约 40%、2021 年贬 44%（当年全球最差货币）；政府强制出口商将 25%→40% 外汇收入结售央行（准外汇管制）。（[CRS，2018](https://www.everycrsreport.com/files/2018-08-30_IF10957_5c486c6e983d7552ec639826ca42ad92b0876596.pdf)）,https://www.everycrsreport.com/files/2018-08-30_IF10957_5c486c6e983d7552ec639826ca42ad92b0876596.pdf
WEB-0249,跨国公司黄金硬通货需求调研报告.md,59,plain_url,- **土耳其里拉**：2018 年贬约 40%、2021 年贬 44%（当年全球最差货币）；政府强制出口商将 25%→40% 外汇收入结售央行（准外汇管制）。（[CRS，2018](https://www.everycrsreport.com/files/2018-08-30_IF10957_5c486c6e983d7552ec639826ca42ad92b0876596.pdf)）,https://www.everycrsreport.com/files/2018-08-30_IF10957_5c486c6e983d7552ec639826ca42ad92b0876596.pdf
WEB-0250,跨国公司黄金硬通货需求调研报告.md,65,markdown_link,"- 阿根廷""cepo""外汇管制下企业股息近 15 年基本无法自由汇出（2025 年 4 月才取消）。（[EY，2025](https://www.ey.com/en_gl/technical/tax-alerts/argentina-eliminates-most-remaining-foreign-exchange-controls)）",https://www.ey.com/en_gl/technical/tax-alerts/argentina-eliminates-most-remaining-foreign-exchange-controls
WEB-0250,跨国公司黄金硬通货需求调研报告.md,65,plain_url,"- 阿根廷""cepo""外汇管制下企业股息近 15 年基本无法自由汇出（2025 年 4 月才取消）。（[EY，2025](https://www.ey.com/en_gl/technical/tax-alerts/argentina-eliminates-most-remaining-foreign-exchange-controls)）",https://www.ey.com/en_gl/technical/tax-alerts/argentina-eliminates-most-remaining-foreign-exchange-controls
WEB-0251,企业资产配置调研报告.md,103,markdown_link,- 项目融资：还款来源主要依赖项目自身收入；放款前须确认**同比例项目资本金足额到位**；原则上以项目资产/预期收益设押。（[汉坤律所解读](https://www.hankunlaw.com/portal/article/index/cid/8/id/13961.html)；[方达律所速评](https://www.fangdalaw.com/content/details32_8567.html)）,https://www.fangdalaw.com/content/details32_8567.html
WEB-0251,企业资产配置调研报告.md,103,plain_url,- 项目融资：还款来源主要依赖项目自身收入；放款前须确认**同比例项目资本金足额到位**；原则上以项目资产/预期收益设押。（[汉坤律所解读](https://www.hankunlaw.com/portal/article/index/cid/8/id/13961.html)；[方达律所速评](https://www.fangdalaw.com/content/details32_8567.html)）,https://www.fangdalaw.com/content/details32_8567.html
WEB-0252,最终数据/最终数据/outputs/019f56e7-91fe-7a43-b1d0-ae50e45c9d0c/黄金价格传导链因素与时序数据_20260724.xlsx,xl/worksheets/sheet4.xml,xlsx_xml,XLSX entry: xl/worksheets/sheet4.xml,https://www.fdic.gov/news/press-releases/2023/pr23016.html
WEB-0252,最终数据/最终数据/outputs/019f56e7-91fe-7a43-b1d0-ae50e45c9d0c/黄金价格传导链因素与时序数据_20260724.xlsx.inspect.ndjson,630,plain_url,"{""kind"":""table"",""sheet"":""03_事件关联"",""address"":""A1:I8"",""rows"":8,""cols"":9,""values"":[[""event_date"",""事件"",""理论传导链"",""官方来源"",""事件月黄金收益"",""事件月实际利率变化"",""事件月美元收益"",""事件月GPR变化"",""解读限制""],[""2020-03-11T00:00:00.000Z"",""全球疫情与流动性冲击"",""风险上升→VIX/美元上升→先去杠杆，后宽松与避险"",""https://www.who.int/director-general/speeches/detail/who-director-general-s-opening-remarks-at-the-media-briefing-on-covid-19---11-march-2020"",-0.003130870381966133,-0.005239234449760752,0.03694780887864013,5.584469999999996,""月度窗口用于筛选案例，正式结论需使用日度事件窗和对照样本""],[""2020-0",https://www.fdic.gov/news/press-releases/2023/pr23016.html
WEB-0252,最终数据/最终数据/outputs/019f56e7-91fe-7a43-b1d0-ae50e45c9d0c/金银价格波动影响因素与时序数据_20260726.xlsx,xl/worksheets/sheet4.xml,xlsx_xml,XLSX entry: xl/worksheets/sheet4.xml,https://www.fdic.gov/news/press-releases/2023/pr23016.html
WEB-0252,最终数据/最终数据/outputs/019f56e7-91fe-7a43-b1d0-ae50e45c9d0c/金银价格波动影响因素与时序数据_20260726.xlsx.inspect.ndjson,720,plain_url,"{""kind"":""table"",""sheet"":""03_事件关联"",""address"":""A1:K8"",""rows"":8,""cols"":11,""values"":[[""event_date"",""事件"",""理论传导链"",""官方来源"",""事件月黄金收益"",""事件月白银收益"",""事件月实际利率变化"",""事件月美元收益"",""事件月GPR变化"",""事件月金银比"",""解读限制""],[""2020-03-11T00:00:00.000Z"",""全球疫情与流动性冲击"",""风险上升→VIX/美元上升→金银先去杠杆；白银叠加工业担忧，后期随宽松修复"",""https://www.who.int/director-general/speeches/detail/who-director-general-s-opening-remarks-at-the-media-briefing-on-covid-19---11-march-2020"",-0.003130870381966133,-0.16759776536312843,-0.005239234449760752,0.03694780887864013,5.584",https://www.fdic.gov/news/press-releases/2023/pr23016.html
WEB-0252,最终数据/最终数据/outputs/019f56e7-91fe-7a43-b1d0-ae50e45c9d0c/金银价格波动影响因素与时序数据_中文字段版_20260726.xlsx,xl/worksheets/sheet4.xml,xlsx_xml,XLSX entry: xl/worksheets/sheet4.xml,https://www.fdic.gov/news/press-releases/2023/pr23016.html
WEB-0252,最终数据/最终数据/outputs/019f56e7-91fe-7a43-b1d0-ae50e45c9d0c/金银价格波动影响因素与时序数据_中文字段版_20260726.xlsx.inspect.ndjson,720,plain_url,"{""kind"":""table"",""sheet"":""03_事件关联"",""address"":""A1:K8"",""rows"":8,""cols"":11,""values"":[[""事件日期"",""事件"",""理论传导链"",""官方来源"",""事件月黄金收益"",""事件月白银收益"",""事件月实际利率变化"",""事件月美元收益"",""事件月GPR变化"",""事件月金银比"",""解读限制""],[""2020-03-11T00:00:00.000Z"",""全球疫情与流动性冲击"",""风险上升→VIX/美元上升→金银先去杠杆；白银叠加工业担忧，后期随宽松修复"",""https://www.who.int/director-general/speeches/detail/who-director-general-s-opening-remarks-at-the-media-briefing-on-covid-19---11-march-2020"",-0.003130870381966133,-0.16759776536312843,-0.005239234449760752,0.03694780887864013,5.584469999",https://www.fdic.gov/news/press-releases/2023/pr23016.html
WEB-0253,最终数据/最终数据/outputs/019f56e7-91fe-7a43-b1d0-ae50e45c9d0c/金银价格预测_官方数据与因素台账_20260713.xlsx,xl/worksheets/sheet4.xml,xlsx_xml,XLSX entry: xl/worksheets/sheet4.xml,https://www.federalreserve.gov/econres/notes/feds-notes/the-federal-reserves-responses-to-the-post-covid-period-of-high-inflation-20240214.html
WEB-0253,最终数据/最终数据/outputs/019f56e7-91fe-7a43-b1d0-ae50e45c9d0c/金银价格预测_官方数据与因素台账_20260713.xlsx.inspect.ndjson,978,plain_url,"{""kind"":""table"",""sheet"":""03_事件时间线"",""address"":""A1:K20"",""rows"":20,""cols"":11,""values"":[[""开始日期"",""结束日期"",""事件"",""主因子通道"",""黄金反应"",""白银反应"",""关键事实"",""证据性质"",""官方/一手来源"",""因果边界"",""建模标签""],[""2020-03-11T00:00:00.000Z"",""2020-03-19T00:00:00.000Z"",""COVID-19全球大流行与美元流动性冲击"",""避险↑；现金需求↑；去杠杆；工业预期↓"",""先跌后涨"",""大幅下跌"",""3月19日前后金银均触及年度低位；金银比一度极端上升"",""事件共时+市场复盘"",""https://www.who.int/news-room/speeches/item/who-director-general-s-opening-remarks-at-the-media-briefing-on-covid-19---11-march-2020"",""不能把跌幅只归因于疫情声明，保证金与美元融资压力同样关键"",""LIQUIDITY_SH",https://www.federalreserve.gov/econres/notes/feds-notes/the-federal-reserves-responses-to-the-post-covid-period-of-high-inflation-20240214.html
WEB-0254,案例库/宏观危机篇/16_2022美联储激进加息周期/案例档案.md,94,plain_url,2. 美联储加息记录：美联储官网（FOMC 声明与经济预测）：<https://www.federalreserve.gov/monetarypolicy/fomccalendars.htm>,https://www.federalreserve.gov/monetarypolicy/fomccalendars.htm
WEB-0255,案例库/宏观危机篇/15_2020疫情全球市场崩盘/案例档案.md,95,plain_url,4. 美联储 2020 年 3 月紧急行动（降息至 0–0.25% + 无限量 QE）：美联储官网新闻稿：<https://www.federalreserve.gov/newsevents/pressreleases/2020-monetary.htm>,https://www.federalreserve.gov/newsevents/pressreleases/2020-monetary.htm
WEB-0256,V1.0归档实施策略,policy,replacement_source,2020年FOMC官方新闻稿索引（替代失效汇总链接）,https://www.federalreserve.gov/newsevents/pressreleases/2020-press-fomc.htm
WEB-0257,最终数据/最终数据/outputs/019f56e7-91fe-7a43-b1d0-ae50e45c9d0c/黄金价格传导链因素与时序数据_20260724.xlsx,xl/worksheets/sheet4.xml,xlsx_xml,XLSX entry: xl/worksheets/sheet4.xml,https://www.federalreserve.gov/newsevents/pressreleases/monetary20200315a.htm
WEB-0257,最终数据/最终数据/outputs/019f56e7-91fe-7a43-b1d0-ae50e45c9d0c/黄金价格传导链因素与时序数据_20260724.xlsx.inspect.ndjson,630,plain_url,"{""kind"":""table"",""sheet"":""03_事件关联"",""address"":""A1:I8"",""rows"":8,""cols"":9,""values"":[[""event_date"",""事件"",""理论传导链"",""官方来源"",""事件月黄金收益"",""事件月实际利率变化"",""事件月美元收益"",""事件月GPR变化"",""解读限制""],[""2020-03-11T00:00:00.000Z"",""全球疫情与流动性冲击"",""风险上升→VIX/美元上升→先去杠杆，后宽松与避险"",""https://www.who.int/director-general/speeches/detail/who-director-general-s-opening-remarks-at-the-media-briefing-on-covid-19---11-march-2020"",-0.003130870381966133,-0.005239234449760752,0.03694780887864013,5.584469999999996,""月度窗口用于筛选案例，正式结论需使用日度事件窗和对照样本""],[""2020-0",https://www.federalreserve.gov/newsevents/pressreleases/monetary20200315a.htm
WEB-0257,最终数据/最终数据/outputs/019f56e7-91fe-7a43-b1d0-ae50e45c9d0c/黄金价格传导链因素与时序数据_20260724.xlsx.inspect.ndjson,631,plain_url,"{""kind"":""region"",""sheet"":""03_事件关联"",""address"":""A1:I8"",""rows"":8,""cols"":9,""nonEmpty"":72,""text"":72,""maxTextLength"":141,""preview"":[[""event_date"",""事件"",""理论传导链"",""官方来源"",""事件月黄金收益"",""事件月实际利率变化""],[""43901"",""全球疫情与流动性冲击"",""风险上升→VIX/美元上升→先去杠杆，后宽松与避险"",""https://www.who.int/director-general/speeches/detail/who-director-general-s-o..."",""-0.003130870381966133"",""-0.005239234449760752""],[""43905"",""美联储紧急降息与资产购买"",""政策宽松→收益率下降/流动性改善→黄金中期受支撑"",""https://www.federalreserve.gov/newsevents/pressreleases/monetary20200315a.htm"",""-0.",https://www.federalreserve.gov/newsevents/pressreleases/monetary20200315a.htm
WEB-0257,最终数据/最终数据/outputs/019f56e7-91fe-7a43-b1d0-ae50e45c9d0c/金银价格波动影响因素与时序数据_20260726.xlsx,xl/worksheets/sheet4.xml,xlsx_xml,XLSX entry: xl/worksheets/sheet4.xml,https://www.federalreserve.gov/newsevents/pressreleases/monetary20200315a.htm
WEB-0257,最终数据/最终数据/outputs/019f56e7-91fe-7a43-b1d0-ae50e45c9d0c/金银价格波动影响因素与时序数据_20260726.xlsx.inspect.ndjson,720,plain_url,"{""kind"":""table"",""sheet"":""03_事件关联"",""address"":""A1:K8"",""rows"":8,""cols"":11,""values"":[[""event_date"",""事件"",""理论传导链"",""官方来源"",""事件月黄金收益"",""事件月白银收益"",""事件月实际利率变化"",""事件月美元收益"",""事件月GPR变化"",""事件月金银比"",""解读限制""],[""2020-03-11T00:00:00.000Z"",""全球疫情与流动性冲击"",""风险上升→VIX/美元上升→金银先去杠杆；白银叠加工业担忧，后期随宽松修复"",""https://www.who.int/director-general/speeches/detail/who-director-general-s-opening-remarks-at-the-media-briefing-on-covid-19---11-march-2020"",-0.003130870381966133,-0.16759776536312843,-0.005239234449760752,0.03694780887864013,5.584",https://www.federalreserve.gov/newsevents/pressreleases/monetary20200315a.htm
WEB-0257,最终数据/最终数据/outputs/019f56e7-91fe-7a43-b1d0-ae50e45c9d0c/金银价格波动影响因素与时序数据_20260726.xlsx.inspect.ndjson,721,plain_url,"{""kind"":""region"",""sheet"":""03_事件关联"",""address"":""A1:K8"",""rows"":8,""cols"":11,""nonEmpty"":88,""text"":88,""maxTextLength"":141,""preview"":[[""event_date"",""事件"",""理论传导链"",""官方来源"",""事件月黄金收益"",""事件月白银收益""],[""43901"",""全球疫情与流动性冲击"",""风险上升→VIX/美元上升→金银先去杠杆；白银叠加工业担忧，后期随宽松修复"",""https://www.who.int/director-general/speeches/detail/who-director-general-s-o..."",""-0.003130870381966133"",""-0.16759776536312843""],[""43905"",""美联储紧急降息与资产购买"",""政策宽松→收益率下降/流动性改善→黄金获避险支撑，白银随流动性与增长预期修复"",""https://www.federalreserve.gov/newsevents/pressreleases/mon",https://www.federalreserve.gov/newsevents/pressreleases/monetary20200315a.htm
WEB-0257,最终数据/最终数据/outputs/019f56e7-91fe-7a43-b1d0-ae50e45c9d0c/金银价格波动影响因素与时序数据_中文字段版_20260726.xlsx,xl/worksheets/sheet4.xml,xlsx_xml,XLSX entry: xl/worksheets/sheet4.xml,https://www.federalreserve.gov/newsevents/pressreleases/monetary20200315a.htm
WEB-0257,最终数据/最终数据/outputs/019f56e7-91fe-7a43-b1d0-ae50e45c9d0c/金银价格波动影响因素与时序数据_中文字段版_20260726.xlsx.inspect.ndjson,720,plain_url,"{""kind"":""table"",""sheet"":""03_事件关联"",""address"":""A1:K8"",""rows"":8,""cols"":11,""values"":[[""事件日期"",""事件"",""理论传导链"",""官方来源"",""事件月黄金收益"",""事件月白银收益"",""事件月实际利率变化"",""事件月美元收益"",""事件月GPR变化"",""事件月金银比"",""解读限制""],[""2020-03-11T00:00:00.000Z"",""全球疫情与流动性冲击"",""风险上升→VIX/美元上升→金银先去杠杆；白银叠加工业担忧，后期随宽松修复"",""https://www.who.int/director-general/speeches/detail/who-director-general-s-opening-remarks-at-the-media-briefing-on-covid-19---11-march-2020"",-0.003130870381966133,-0.16759776536312843,-0.005239234449760752,0.03694780887864013,5.584469999",https://www.federalreserve.gov/newsevents/pressreleases/monetary20200315a.htm
WEB-0257,最终数据/最终数据/outputs/019f56e7-91fe-7a43-b1d0-ae50e45c9d0c/金银价格波动影响因素与时序数据_中文字段版_20260726.xlsx.inspect.ndjson,721,plain_url,"{""kind"":""region"",""sheet"":""03_事件关联"",""address"":""A1:K8"",""rows"":8,""cols"":11,""nonEmpty"":88,""text"":88,""maxTextLength"":141,""preview"":[[""事件日期"",""事件"",""理论传导链"",""官方来源"",""事件月黄金收益"",""事件月白银收益""],[""43901"",""全球疫情与流动性冲击"",""风险上升→VIX/美元上升→金银先去杠杆；白银叠加工业担忧，后期随宽松修复"",""https://www.who.int/director-general/speeches/detail/who-director-general-s-o..."",""-0.003130870381966133"",""-0.16759776536312843""],[""43905"",""美联储紧急降息与资产购买"",""政策宽松→收益率下降/流动性改善→黄金获避险支撑，白银随流动性与增长预期修复"",""https://www.federalreserve.gov/newsevents/pressreleases/monetary2",https://www.federalreserve.gov/newsevents/pressreleases/monetary20200315a.htm
WEB-0258,最终数据/最终数据/outputs/019f56e7-91fe-7a43-b1d0-ae50e45c9d0c/金银价格预测_官方数据与因素台账_20260713.xlsx,xl/worksheets/sheet4.xml,xlsx_xml,XLSX entry: xl/worksheets/sheet4.xml,https://www.federalreserve.gov/newsevents/pressreleases/monetary20200315a1.htm
WEB-0258,最终数据/最终数据/outputs/019f56e7-91fe-7a43-b1d0-ae50e45c9d0c/金银价格预测_官方数据与因素台账_20260713.xlsx.inspect.ndjson,978,plain_url,"{""kind"":""table"",""sheet"":""03_事件时间线"",""address"":""A1:K20"",""rows"":20,""cols"":11,""values"":[[""开始日期"",""结束日期"",""事件"",""主因子通道"",""黄金反应"",""白银反应"",""关键事实"",""证据性质"",""官方/一手来源"",""因果边界"",""建模标签""],[""2020-03-11T00:00:00.000Z"",""2020-03-19T00:00:00.000Z"",""COVID-19全球大流行与美元流动性冲击"",""避险↑；现金需求↑；去杠杆；工业预期↓"",""先跌后涨"",""大幅下跌"",""3月19日前后金银均触及年度低位；金银比一度极端上升"",""事件共时+市场复盘"",""https://www.who.int/news-room/speeches/item/who-director-general-s-opening-remarks-at-the-media-briefing-on-covid-19---11-march-2020"",""不能把跌幅只归因于疫情声明，保证金与美元融资压力同样关键"",""LIQUIDITY_SH",https://www.federalreserve.gov/newsevents/pressreleases/monetary20200315a1.htm
WEB-0259,最终数据/最终数据/outputs/019f56e7-91fe-7a43-b1d0-ae50e45c9d0c/金银价格预测_官方数据与因素台账_20260713.xlsx,xl/worksheets/sheet4.xml,xlsx_xml,XLSX entry: xl/worksheets/sheet4.xml,https://www.federalreserve.gov/newsevents/pressreleases/monetary20211215a1.htm
WEB-0259,最终数据/最终数据/outputs/019f56e7-91fe-7a43-b1d0-ae50e45c9d0c/金银价格预测_官方数据与因素台账_20260713.xlsx.inspect.ndjson,978,plain_url,"{""kind"":""table"",""sheet"":""03_事件时间线"",""address"":""A1:K20"",""rows"":20,""cols"":11,""values"":[[""开始日期"",""结束日期"",""事件"",""主因子通道"",""黄金反应"",""白银反应"",""关键事实"",""证据性质"",""官方/一手来源"",""因果边界"",""建模标签""],[""2020-03-11T00:00:00.000Z"",""2020-03-19T00:00:00.000Z"",""COVID-19全球大流行与美元流动性冲击"",""避险↑；现金需求↑；去杠杆；工业预期↓"",""先跌后涨"",""大幅下跌"",""3月19日前后金银均触及年度低位；金银比一度极端上升"",""事件共时+市场复盘"",""https://www.who.int/news-room/speeches/item/who-director-general-s-opening-remarks-at-the-media-briefing-on-covid-19---11-march-2020"",""不能把跌幅只归因于疫情声明，保证金与美元融资压力同样关键"",""LIQUIDITY_SH",https://www.federalreserve.gov/newsevents/pressreleases/monetary20211215a1.htm
WEB-0260,最终数据/最终数据/outputs/019f56e7-91fe-7a43-b1d0-ae50e45c9d0c/黄金价格传导链因素与时序数据_20260724.xlsx,xl/worksheets/sheet4.xml,xlsx_xml,XLSX entry: xl/worksheets/sheet4.xml,https://www.federalreserve.gov/newsevents/pressreleases/monetary20220316a.htm
WEB-0260,最终数据/最终数据/outputs/019f56e7-91fe-7a43-b1d0-ae50e45c9d0c/黄金价格传导链因素与时序数据_20260724.xlsx.inspect.ndjson,630,plain_url,"{""kind"":""table"",""sheet"":""03_事件关联"",""address"":""A1:I8"",""rows"":8,""cols"":9,""values"":[[""event_date"",""事件"",""理论传导链"",""官方来源"",""事件月黄金收益"",""事件月实际利率变化"",""事件月美元收益"",""事件月GPR变化"",""解读限制""],[""2020-03-11T00:00:00.000Z"",""全球疫情与流动性冲击"",""风险上升→VIX/美元上升→先去杠杆，后宽松与避险"",""https://www.who.int/director-general/speeches/detail/who-director-general-s-opening-remarks-at-the-media-briefing-on-covid-19---11-march-2020"",-0.003130870381966133,-0.005239234449760752,0.03694780887864013,5.584469999999996,""月度窗口用于筛选案例，正式结论需使用日度事件窗和对照样本""],[""2020-0",https://www.federalreserve.gov/newsevents/pressreleases/monetary20220316a.htm
WEB-0260,最终数据/最终数据/outputs/019f56e7-91fe-7a43-b1d0-ae50e45c9d0c/黄金价格传导链因素与时序数据_20260724.xlsx.inspect.ndjson,631,plain_url,"{""kind"":""region"",""sheet"":""03_事件关联"",""address"":""A1:I8"",""rows"":8,""cols"":9,""nonEmpty"":72,""text"":72,""maxTextLength"":141,""preview"":[[""event_date"",""事件"",""理论传导链"",""官方来源"",""事件月黄金收益"",""事件月实际利率变化""],[""43901"",""全球疫情与流动性冲击"",""风险上升→VIX/美元上升→先去杠杆，后宽松与避险"",""https://www.who.int/director-general/speeches/detail/who-director-general-s-o..."",""-0.003130870381966133"",""-0.005239234449760752""],[""43905"",""美联储紧急降息与资产购买"",""政策宽松→收益率下降/流动性改善→黄金中期受支撑"",""https://www.federalreserve.gov/newsevents/pressreleases/monetary20200315a.htm"",""-0.",https://www.federalreserve.gov/newsevents/pressreleases/monetary20220316a.htm
WEB-0260,最终数据/最终数据/outputs/019f56e7-91fe-7a43-b1d0-ae50e45c9d0c/金银价格波动影响因素与时序数据_20260726.xlsx,xl/worksheets/sheet4.xml,xlsx_xml,XLSX entry: xl/worksheets/sheet4.xml,https://www.federalreserve.gov/newsevents/pressreleases/monetary20220316a.htm
WEB-0260,最终数据/最终数据/outputs/019f56e7-91fe-7a43-b1d0-ae50e45c9d0c/金银价格波动影响因素与时序数据_20260726.xlsx.inspect.ndjson,720,plain_url,"{""kind"":""table"",""sheet"":""03_事件关联"",""address"":""A1:K8"",""rows"":8,""cols"":11,""values"":[[""event_date"",""事件"",""理论传导链"",""官方来源"",""事件月黄金收益"",""事件月白银收益"",""事件月实际利率变化"",""事件月美元收益"",""事件月GPR变化"",""事件月金银比"",""解读限制""],[""2020-03-11T00:00:00.000Z"",""全球疫情与流动性冲击"",""风险上升→VIX/美元上升→金银先去杠杆；白银叠加工业担忧，后期随宽松修复"",""https://www.who.int/director-general/speeches/detail/who-director-general-s-opening-remarks-at-the-media-briefing-on-covid-19---11-march-2020"",-0.003130870381966133,-0.16759776536312843,-0.005239234449760752,0.03694780887864013,5.584",https://www.federalreserve.gov/newsevents/pressreleases/monetary20220316a.htm
WEB-0260,最终数据/最终数据/outputs/019f56e7-91fe-7a43-b1d0-ae50e45c9d0c/金银价格波动影响因素与时序数据_20260726.xlsx.inspect.ndjson,721,plain_url,"{""kind"":""region"",""sheet"":""03_事件关联"",""address"":""A1:K8"",""rows"":8,""cols"":11,""nonEmpty"":88,""text"":88,""maxTextLength"":141,""preview"":[[""event_date"",""事件"",""理论传导链"",""官方来源"",""事件月黄金收益"",""事件月白银收益""],[""43901"",""全球疫情与流动性冲击"",""风险上升→VIX/美元上升→金银先去杠杆；白银叠加工业担忧，后期随宽松修复"",""https://www.who.int/director-general/speeches/detail/who-director-general-s-o..."",""-0.003130870381966133"",""-0.16759776536312843""],[""43905"",""美联储紧急降息与资产购买"",""政策宽松→收益率下降/流动性改善→黄金获避险支撑，白银随流动性与增长预期修复"",""https://www.federalreserve.gov/newsevents/pressreleases/mon",https://www.federalreserve.gov/newsevents/pressreleases/monetary20220316a.htm
WEB-0260,最终数据/最终数据/outputs/019f56e7-91fe-7a43-b1d0-ae50e45c9d0c/金银价格波动影响因素与时序数据_中文字段版_20260726.xlsx,xl/worksheets/sheet4.xml,xlsx_xml,XLSX entry: xl/worksheets/sheet4.xml,https://www.federalreserve.gov/newsevents/pressreleases/monetary20220316a.htm
WEB-0260,最终数据/最终数据/outputs/019f56e7-91fe-7a43-b1d0-ae50e45c9d0c/金银价格波动影响因素与时序数据_中文字段版_20260726.xlsx.inspect.ndjson,720,plain_url,"{""kind"":""table"",""sheet"":""03_事件关联"",""address"":""A1:K8"",""rows"":8,""cols"":11,""values"":[[""事件日期"",""事件"",""理论传导链"",""官方来源"",""事件月黄金收益"",""事件月白银收益"",""事件月实际利率变化"",""事件月美元收益"",""事件月GPR变化"",""事件月金银比"",""解读限制""],[""2020-03-11T00:00:00.000Z"",""全球疫情与流动性冲击"",""风险上升→VIX/美元上升→金银先去杠杆；白银叠加工业担忧，后期随宽松修复"",""https://www.who.int/director-general/speeches/detail/who-director-general-s-opening-remarks-at-the-media-briefing-on-covid-19---11-march-2020"",-0.003130870381966133,-0.16759776536312843,-0.005239234449760752,0.03694780887864013,5.584469999",https://www.federalreserve.gov/newsevents/pressreleases/monetary20220316a.htm
WEB-0260,最终数据/最终数据/outputs/019f56e7-91fe-7a43-b1d0-ae50e45c9d0c/金银价格波动影响因素与时序数据_中文字段版_20260726.xlsx.inspect.ndjson,721,plain_url,"{""kind"":""region"",""sheet"":""03_事件关联"",""address"":""A1:K8"",""rows"":8,""cols"":11,""nonEmpty"":88,""text"":88,""maxTextLength"":141,""preview"":[[""事件日期"",""事件"",""理论传导链"",""官方来源"",""事件月黄金收益"",""事件月白银收益""],[""43901"",""全球疫情与流动性冲击"",""风险上升→VIX/美元上升→金银先去杠杆；白银叠加工业担忧，后期随宽松修复"",""https://www.who.int/director-general/speeches/detail/who-director-general-s-o..."",""-0.003130870381966133"",""-0.16759776536312843""],[""43905"",""美联储紧急降息与资产购买"",""政策宽松→收益率下降/流动性改善→黄金获避险支撑，白银随流动性与增长预期修复"",""https://www.federalreserve.gov/newsevents/pressreleases/monetary2",https://www.federalreserve.gov/newsevents/pressreleases/monetary20220316a.htm
WEB-0261,最终数据/最终数据/outputs/019f56e7-91fe-7a43-b1d0-ae50e45c9d0c/金银价格预测_官方数据与因素台账_20260713.xlsx,xl/worksheets/sheet4.xml,xlsx_xml,XLSX entry: xl/worksheets/sheet4.xml,https://www.federalreserve.gov/newsevents/pressreleases/monetary20230312a.htm
WEB-0261,最终数据/最终数据/outputs/019f56e7-91fe-7a43-b1d0-ae50e45c9d0c/金银价格预测_官方数据与因素台账_20260713.xlsx.inspect.ndjson,978,plain_url,"{""kind"":""table"",""sheet"":""03_事件时间线"",""address"":""A1:K20"",""rows"":20,""cols"":11,""values"":[[""开始日期"",""结束日期"",""事件"",""主因子通道"",""黄金反应"",""白银反应"",""关键事实"",""证据性质"",""官方/一手来源"",""因果边界"",""建模标签""],[""2020-03-11T00:00:00.000Z"",""2020-03-19T00:00:00.000Z"",""COVID-19全球大流行与美元流动性冲击"",""避险↑；现金需求↑；去杠杆；工业预期↓"",""先跌后涨"",""大幅下跌"",""3月19日前后金银均触及年度低位；金银比一度极端上升"",""事件共时+市场复盘"",""https://www.who.int/news-room/speeches/item/who-director-general-s-opening-remarks-at-the-media-briefing-on-covid-19---11-march-2020"",""不能把跌幅只归因于疫情声明，保证金与美元融资压力同样关键"",""LIQUIDITY_SH",https://www.federalreserve.gov/newsevents/pressreleases/monetary20230312a.htm
WEB-0262,最终数据/最终数据/outputs/019f56e7-91fe-7a43-b1d0-ae50e45c9d0c/黄金价格传导链因素与时序数据_20260724.xlsx,xl/worksheets/sheet4.xml,xlsx_xml,XLSX entry: xl/worksheets/sheet4.xml,https://www.federalreserve.gov/newsevents/pressreleases/monetary20240918a.htm
WEB-0262,最终数据/最终数据/outputs/019f56e7-91fe-7a43-b1d0-ae50e45c9d0c/黄金价格传导链因素与时序数据_20260724.xlsx.inspect.ndjson,630,plain_url,"{""kind"":""table"",""sheet"":""03_事件关联"",""address"":""A1:I8"",""rows"":8,""cols"":9,""values"":[[""event_date"",""事件"",""理论传导链"",""官方来源"",""事件月黄金收益"",""事件月实际利率变化"",""事件月美元收益"",""事件月GPR变化"",""解读限制""],[""2020-03-11T00:00:00.000Z"",""全球疫情与流动性冲击"",""风险上升→VIX/美元上升→先去杠杆，后宽松与避险"",""https://www.who.int/director-general/speeches/detail/who-director-general-s-opening-remarks-at-the-media-briefing-on-covid-19---11-march-2020"",-0.003130870381966133,-0.005239234449760752,0.03694780887864013,5.584469999999996,""月度窗口用于筛选案例，正式结论需使用日度事件窗和对照样本""],[""2020-0",https://www.federalreserve.gov/newsevents/pressreleases/monetary20240918a.htm
WEB-0262,最终数据/最终数据/outputs/019f56e7-91fe-7a43-b1d0-ae50e45c9d0c/金银价格波动影响因素与时序数据_20260726.xlsx,xl/worksheets/sheet4.xml,xlsx_xml,XLSX entry: xl/worksheets/sheet4.xml,https://www.federalreserve.gov/newsevents/pressreleases/monetary20240918a.htm
WEB-0262,最终数据/最终数据/outputs/019f56e7-91fe-7a43-b1d0-ae50e45c9d0c/金银价格波动影响因素与时序数据_20260726.xlsx.inspect.ndjson,720,plain_url,"{""kind"":""table"",""sheet"":""03_事件关联"",""address"":""A1:K8"",""rows"":8,""cols"":11,""values"":[[""event_date"",""事件"",""理论传导链"",""官方来源"",""事件月黄金收益"",""事件月白银收益"",""事件月实际利率变化"",""事件月美元收益"",""事件月GPR变化"",""事件月金银比"",""解读限制""],[""2020-03-11T00:00:00.000Z"",""全球疫情与流动性冲击"",""风险上升→VIX/美元上升→金银先去杠杆；白银叠加工业担忧，后期随宽松修复"",""https://www.who.int/director-general/speeches/detail/who-director-general-s-opening-remarks-at-the-media-briefing-on-covid-19---11-march-2020"",-0.003130870381966133,-0.16759776536312843,-0.005239234449760752,0.03694780887864013,5.584",https://www.federalreserve.gov/newsevents/pressreleases/monetary20240918a.htm
WEB-0262,最终数据/最终数据/outputs/019f56e7-91fe-7a43-b1d0-ae50e45c9d0c/金银价格波动影响因素与时序数据_中文字段版_20260726.xlsx,xl/worksheets/sheet4.xml,xlsx_xml,XLSX entry: xl/worksheets/sheet4.xml,https://www.federalreserve.gov/newsevents/pressreleases/monetary20240918a.htm
WEB-0262,最终数据/最终数据/outputs/019f56e7-91fe-7a43-b1d0-ae50e45c9d0c/金银价格波动影响因素与时序数据_中文字段版_20260726.xlsx.inspect.ndjson,720,plain_url,"{""kind"":""table"",""sheet"":""03_事件关联"",""address"":""A1:K8"",""rows"":8,""cols"":11,""values"":[[""事件日期"",""事件"",""理论传导链"",""官方来源"",""事件月黄金收益"",""事件月白银收益"",""事件月实际利率变化"",""事件月美元收益"",""事件月GPR变化"",""事件月金银比"",""解读限制""],[""2020-03-11T00:00:00.000Z"",""全球疫情与流动性冲击"",""风险上升→VIX/美元上升→金银先去杠杆；白银叠加工业担忧，后期随宽松修复"",""https://www.who.int/director-general/speeches/detail/who-director-general-s-opening-remarks-at-the-media-briefing-on-covid-19---11-march-2020"",-0.003130870381966133,-0.16759776536312843,-0.005239234449760752,0.03694780887864013,5.584469999",https://www.federalreserve.gov/newsevents/pressreleases/monetary20240918a.htm
WEB-0262,最终数据/最终数据/outputs/019f56e7-91fe-7a43-b1d0-ae50e45c9d0c/金银价格预测_官方数据与因素台账_20260713.xlsx,xl/worksheets/sheet4.xml,xlsx_xml,XLSX entry: xl/worksheets/sheet4.xml,https://www.federalreserve.gov/newsevents/pressreleases/monetary20240918a.htm
WEB-0262,最终数据/最终数据/outputs/019f56e7-91fe-7a43-b1d0-ae50e45c9d0c/金银价格预测_官方数据与因素台账_20260713.xlsx.inspect.ndjson,978,plain_url,"{""kind"":""table"",""sheet"":""03_事件时间线"",""address"":""A1:K20"",""rows"":20,""cols"":11,""values"":[[""开始日期"",""结束日期"",""事件"",""主因子通道"",""黄金反应"",""白银反应"",""关键事实"",""证据性质"",""官方/一手来源"",""因果边界"",""建模标签""],[""2020-03-11T00:00:00.000Z"",""2020-03-19T00:00:00.000Z"",""COVID-19全球大流行与美元流动性冲击"",""避险↑；现金需求↑；去杠杆；工业预期↓"",""先跌后涨"",""大幅下跌"",""3月19日前后金银均触及年度低位；金银比一度极端上升"",""事件共时+市场复盘"",""https://www.who.int/news-room/speeches/item/who-director-general-s-opening-remarks-at-the-media-briefing-on-covid-19---11-march-2020"",""不能把跌幅只归因于疫情声明，保证金与美元融资压力同样关键"",""LIQUIDITY_SH",https://www.federalreserve.gov/newsevents/pressreleases/monetary20240918a.htm
WEB-0263,最终数据/最终数据/outputs/019f56e7-91fe-7a43-b1d0-ae50e45c9d0c/金银价格预测_官方数据与因素台账_20260713.xlsx,xl/worksheets/sheet4.xml,xlsx_xml,XLSX entry: xl/worksheets/sheet4.xml,https://www.federalreserve.gov/newsevents/pressreleases/monetary20251210a.htm
WEB-0263,最终数据/最终数据/outputs/019f56e7-91fe-7a43-b1d0-ae50e45c9d0c/金银价格预测_官方数据与因素台账_20260713.xlsx.inspect.ndjson,978,plain_url,"{""kind"":""table"",""sheet"":""03_事件时间线"",""address"":""A1:K20"",""rows"":20,""cols"":11,""values"":[[""开始日期"",""结束日期"",""事件"",""主因子通道"",""黄金反应"",""白银反应"",""关键事实"",""证据性质"",""官方/一手来源"",""因果边界"",""建模标签""],[""2020-03-11T00:00:00.000Z"",""2020-03-19T00:00:00.000Z"",""COVID-19全球大流行与美元流动性冲击"",""避险↑；现金需求↑；去杠杆；工业预期↓"",""先跌后涨"",""大幅下跌"",""3月19日前后金银均触及年度低位；金银比一度极端上升"",""事件共时+市场复盘"",""https://www.who.int/news-room/speeches/item/who-director-general-s-opening-remarks-at-the-media-briefing-on-covid-19---11-march-2020"",""不能把跌幅只归因于疫情声明，保证金与美元融资压力同样关键"",""LIQUIDITY_SH",https://www.federalreserve.gov/newsevents/pressreleases/monetary20251210a.htm
WEB-0264,最终数据/最终数据/outputs/019f56e7-91fe-7a43-b1d0-ae50e45c9d0c/金银价格预测_官方数据与因素台账_20260713.xlsx,xl/worksheets/sheet2.xml,xlsx_xml,XLSX entry: xl/worksheets/sheet2.xml,https://www.federalreserve.gov/releases/g17
WEB-0264,最终数据/最终数据/outputs/019f56e7-91fe-7a43-b1d0-ae50e45c9d0c/金银价格预测_官方数据与因素台账_20260713.xlsx.inspect.ndjson,649,plain_url,"{""kind"":""table"",""sheet"":""01_数据目录"",""address"":""A1:N15"",""rows"":15,""cols"":14,""values"":[[""dataset_id"",""数据集/字段"",""来源机构"",""频率"",""观测日期口径"",""发布时间/可用时点"",""覆盖范围"",""单位"",""许可与再分发"",""交付状态"",""官方URL"",""本地路径"",""建模用途"",""注意事项""],[""WB_PRICE"",""黄金、白银、铜、布伦特等月均价"",""World Bank"",""月"",""自然月月均"",""次月更新；本表建模统一滞后1月"",""2016-01—2026-06"",""USD/oz、USD/mt、USD/bbl"",""世界银行公开数据；保留署名"",""已收集/可交付"",""https://thedocs.worldbank.org/en/doc/74e8be41ceb20fa0da750cda2f6b9e4e-0050012026/world-bank-commodities-price-data-the-pink-sheet"",""data/raw/world_bank/CMO-Histo",https://www.federalreserve.gov/releases/g17
WEB-0265,最终数据/最终数据/research/media_sentiment_gold_paper/README_论文学习与数据说明.md,81,plain_url,- 来源：https://www.federalreserve.gov/releases/h10/current/,https://www.federalreserve.gov/releases/h10/current
WEB-0266,最终数据/最终数据/outputs/019f56e7-91fe-7a43-b1d0-ae50e45c9d0c/金银价格预测_官方数据与因素台账_20260713.xlsx,xl/worksheets/sheet2.xml,xlsx_xml,XLSX entry: xl/worksheets/sheet2.xml,https://www.federalreserve.gov/releases/h10/summary/jrxwtfb_nb.htm
WEB-0266,最终数据/最终数据/outputs/019f56e7-91fe-7a43-b1d0-ae50e45c9d0c/金银价格预测_官方数据与因素台账_20260713.xlsx.inspect.ndjson,649,plain_url,"{""kind"":""table"",""sheet"":""01_数据目录"",""address"":""A1:N15"",""rows"":15,""cols"":14,""values"":[[""dataset_id"",""数据集/字段"",""来源机构"",""频率"",""观测日期口径"",""发布时间/可用时点"",""覆盖范围"",""单位"",""许可与再分发"",""交付状态"",""官方URL"",""本地路径"",""建模用途"",""注意事项""],[""WB_PRICE"",""黄金、白银、铜、布伦特等月均价"",""World Bank"",""月"",""自然月月均"",""次月更新；本表建模统一滞后1月"",""2016-01—2026-06"",""USD/oz、USD/mt、USD/bbl"",""世界银行公开数据；保留署名"",""已收集/可交付"",""https://thedocs.worldbank.org/en/doc/74e8be41ceb20fa0da750cda2f6b9e4e-0050012026/world-bank-commodities-price-data-the-pink-sheet"",""data/raw/world_bank/CMO-Histo",https://www.federalreserve.gov/releases/h10/summary/jrxwtfb_nb.htm
WEB-0267,案例库/宏观危机篇/03_1971布雷顿森林解体/案例档案.md,53,plain_url,"1. Federal Reserve History（美联储官方历史项目，2013）：""Nixon Ends Convertibility of U.S. Dollars to Gold and Announces Wage/Price Controls""，https://www.federalreservehistory.org/essays/gold-convertibility-ends",https://www.federalreservehistory.org/essays/gold-convertibility-ends
WEB-0267,案例库/宏观危机篇/04_1973-1980滞胀大牛市/案例档案.md,62,plain_url,"1. Federal Reserve History（美联储官方历史网站），""Nixon Ends Convertibility of U.S. Dollars to Gold""（1971 年事件条目）及沃尔克加息条目，https://www.federalreservehistory.org/essays/gold-convertibility-ends",https://www.federalreservehistory.org/essays/gold-convertibility-ends
WEB-0268,案例库/宏观危机篇/02_1933罗斯福黄金新政/案例档案.md,50,plain_url,1. Federal Reserve History（美联储官方历史网站），《Gold Reserve Act of 1934》，https://www.federalreservehistory.org/essays/gold-reserve-act,https://www.federalreservehistory.org/essays/gold-reserve-act
WEB-0269,企业资产配置调研报告.md,33,markdown_link,- **国企杠杆更高**：财政部数据，全国国有及国有控股企业资产负债率 2024 年末 **64.8%**。（[中国金融新闻网，2025-02](https://www.financialnews.com.cn/2025-02/05/content_417794.html)）,https://www.financialnews.com.cn/2025-02/05/content_417794.html
WEB-0269,企业资产配置调研报告.md,33,plain_url,- **国企杠杆更高**：财政部数据，全国国有及国有控股企业资产负债率 2024 年末 **64.8%**。（[中国金融新闻网，2025-02](https://www.financialnews.com.cn/2025-02/05/content_417794.html)）,https://www.financialnews.com.cn/2025-02/05/content_417794.html
WEB-0270,企业资产配置调研报告.md,97,markdown_link,"- 即：**销售收入与营运资金缺口决定""需求侧额度""，信用评级、抵押担保、现金流决定""风险侧额度""**。（[办法附件测算示例](https://www.nfra.gov.cn/cn/view/pages/rulesDetail.html?docId=1151066)；[中国金融新闻网，2024-02](https://www.financialnews.com.cn/jg/zc/202402/t20240202_286986.html)）",https://www.financialnews.com.cn/jg/zc/202402/t20240202_286986.html
WEB-0270,企业资产配置调研报告.md,97,plain_url,"- 即：**销售收入与营运资金缺口决定""需求侧额度""，信用评级、抵押担保、现金流决定""风险侧额度""**。（[办法附件测算示例](https://www.nfra.gov.cn/cn/view/pages/rulesDetail.html?docId=1151066)；[中国金融新闻网，2024-02](https://www.financialnews.com.cn/jg/zc/202402/t20240202_286986.html)）",https://www.financialnews.com.cn/jg/zc/202402/t20240202_286986.html
WEB-0271,企业资产配置调研报告.md,131,markdown_link,- **市场深度充足**：2025 年 SGE 黄金成交量单边 3.14 万吨、成交额 24.93 万亿元（+43.89%）。（[中国黄金协会，2026-02](https://www.fx678.com/C/20260205/202602051010132463.html)）,https://www.fx678.com/C/20260205/202602051010132463.html
WEB-0271,企业资产配置调研报告.md,131,plain_url,- **市场深度充足**：2025 年 SGE 黄金成交量单边 3.14 万吨、成交额 24.93 万亿元（+43.89%）。（[中国黄金协会，2026-02](https://www.fx678.com/C/20260205/202602051010132463.html)）,https://www.fx678.com/C/20260205/202602051010132463.html
WEB-0272,企业资产配置调研报告.md,140,markdown_link,- **与股相关性低**：过去七次经济衰退中五次表现良好；股债相关性增强背景下分散价值上升。（[WGC《黄金作为战略资产（2025 年版）》](https://www.fxbaogao.com/detail/4680353)）,https://www.fxbaogao.com/detail/4680353
WEB-0272,企业资产配置调研报告.md,140,plain_url,- **与股相关性低**：过去七次经济衰退中五次表现良好；股债相关性增强背景下分散价值上升。（[WGC《黄金作为战略资产（2025 年版）》](https://www.fxbaogao.com/detail/4680353)）,https://www.fxbaogao.com/detail/4680353
WEB-0273,案例库/宏观危机篇/09_2008全球金融危机/案例档案.md,44,plain_url,2. Gainesville Coins，《Gold Price History: Why Did Gold Fall In 2008?》，2025年（引LBMA历史定盘价），https://www.gainesvillecoins.com/blog/gold-price-2008-what-we-can-learn,https://www.gainesvillecoins.com/blog/gold-price-2008-what-we-can-learn
WEB-0274,最终数据/最终数据/outputs/019f56e7-91fe-7a43-b1d0-ae50e45c9d0c/黄金价格传导链因素与时序数据_20260724.xlsx,xl/worksheets/sheet11.xml,xlsx_xml,XLSX entry: xl/worksheets/sheet11.xml,https://www.gdeltproject.org/data.html
WEB-0274,最终数据/最终数据/outputs/019f56e7-91fe-7a43-b1d0-ae50e45c9d0c/黄金价格传导链因素与时序数据_20260724.xlsx.inspect.ndjson,80405,plain_url,"{""kind"":""table"",""sheet"":""12_来源与口径"",""address"":""A1:M13"",""rows"":13,""cols"":13,""values"":[[""数据来源与时间口径"",null,null,null,null,null,null,null,null,null,null,null,null],[null,null,null,null,null,null,null,null,null,null,null,null,null],[""所有模型字段都应能追溯到此表；完整URL只集中存放在本页，避免在建模表中重复。"",null,null,null,null,null,null,null,null,null,null,null,null],[null,null,null,null,null,null,null,null,null,null,null,null,null],[""数据集ID"",""字段/用途"",""来源机构"",""频率"",""观察时间"",""模型可用时间"",""覆盖期"",""单位"",""官方URL"",""本地文件"",""许可/引用说明"",""工作表"",""备注""],[""SGE_DAILY",https://www.gdeltproject.org/data.html
WEB-0274,最终数据/最终数据/outputs/019f56e7-91fe-7a43-b1d0-ae50e45c9d0c/金银价格波动影响因素与时序数据_20260726.xlsx,xl/worksheets/sheet12.xml,xlsx_xml,XLSX entry: xl/worksheets/sheet12.xml,https://www.gdeltproject.org/data.html
WEB-0274,最终数据/最终数据/outputs/019f56e7-91fe-7a43-b1d0-ae50e45c9d0c/金银价格波动影响因素与时序数据_20260726.xlsx.inspect.ndjson,91397,plain_url,"{""kind"":""table"",""sheet"":""12_来源与口径"",""address"":""A1:M14"",""rows"":14,""cols"":13,""values"":[[""数据来源与时间口径"",null,null,null,null,null,null,null,null,null,null,null,null],[null,null,null,null,null,null,null,null,null,null,null,null,null],[""所有模型字段都应能追溯到此表；完整URL只集中存放在本页，避免在建模表中重复。"",null,null,null,null,null,null,null,null,null,null,null,null],[null,null,null,null,null,null,null,null,null,null,null,null,null],[""数据集ID"",""字段/用途"",""来源机构"",""频率"",""观察时间"",""模型可用时间"",""覆盖期"",""单位"",""官方URL"",""本地文件"",""许可/引用说明"",""工作表"",""备注""],[""SGE_DAILY",https://www.gdeltproject.org/data.html
WEB-0274,最终数据/最终数据/outputs/019f56e7-91fe-7a43-b1d0-ae50e45c9d0c/金银价格波动影响因素与时序数据_中文字段版_20260726.xlsx,xl/worksheets/sheet13.xml,xlsx_xml,XLSX entry: xl/worksheets/sheet13.xml,https://www.gdeltproject.org/data.html
WEB-0274,最终数据/最终数据/outputs/019f56e7-91fe-7a43-b1d0-ae50e45c9d0c/金银价格波动影响因素与时序数据_中文字段版_20260726.xlsx.inspect.ndjson,91689,plain_url,"{""kind"":""table"",""sheet"":""12_来源与口径"",""address"":""A1:M14"",""rows"":14,""cols"":13,""values"":[[""数据来源与时间口径"",null,null,null,null,null,null,null,null,null,null,null,null],[null,null,null,null,null,null,null,null,null,null,null,null,null],[""所有模型字段都应能追溯到此表；完整URL只集中存放在本页，避免在建模表中重复。"",null,null,null,null,null,null,null,null,null,null,null,null],[null,null,null,null,null,null,null,null,null,null,null,null,null],[""数据集ID"",""字段/用途"",""来源机构"",""频率"",""观察时间"",""模型可用时间"",""覆盖期"",""单位"",""官方URL"",""本地文件"",""许可/引用说明"",""工作表"",""备注""],[""SGE_DAILY",https://www.gdeltproject.org/data.html
WEB-0275,案例库/微观企业篇/10_中国黄金会计错配_反面/案例档案.md,75,plain_url,4. WGC 2018《Working towards a common accounting framework for gold》：<https://www.gold.org/download/file/8208/Working_towards_a%20common_accounting_framework_for_gold_updated_Jan2018.pdf>,https://www.gold.org/download/file/8208/Working_towards_a%20common_accounting_framework_for_gold_updated_Jan2018.pdf
WEB-0275,跨国公司黄金硬通货需求调研报告.md,91,markdown_link,"- IFRS 下金条不是金融工具（无合同权利），准则无专门规定；主流按 **IAS 2 存货""成本与可变现净值孰低""**——**金价上涨不能确认收益、下跌要计提减值**，对冲收益在利润表""隐形""。WGC 2018 年呼吁统一会计框架，至今未解决。（[CPDbox，2024](https://www.cpdbox.com/040-investment-gold-ifrs/)；[WGC，2018](https://www.gold.org/download/file/8208/Working_towards_a%20common_accounting_framework_for_gold_updated_Jan2018.pdf)）",https://www.gold.org/download/file/8208/Working_towards_a%20common_accounting_framework_for_gold_updated_Jan2018.pdf
WEB-0275,跨国公司黄金硬通货需求调研报告.md,91,plain_url,"- IFRS 下金条不是金融工具（无合同权利），准则无专门规定；主流按 **IAS 2 存货""成本与可变现净值孰低""**——**金价上涨不能确认收益、下跌要计提减值**，对冲收益在利润表""隐形""。WGC 2018 年呼吁统一会计框架，至今未解决。（[CPDbox，2024](https://www.cpdbox.com/040-investment-gold-ifrs/)；[WGC，2018](https://www.gold.org/download/file/8208/Working_towards_a%20common_accounting_framework_for_gold_updated_Jan2018.pdf)）",https://www.gold.org/download/file/8208/Working_towards_a%20common_accounting_framework_for_gold_updated_Jan2018.pdf
WEB-0276,最终数据/最终数据/outputs/019f56e7-91fe-7a43-b1d0-ae50e45c9d0c/黄金价格传导链因素与时序数据_20260724.xlsx,xl/worksheets/sheet11.xml,xlsx_xml,XLSX entry: xl/worksheets/sheet11.xml,https://www.gold.org/goldhub/data
WEB-0276,最终数据/最终数据/outputs/019f56e7-91fe-7a43-b1d0-ae50e45c9d0c/黄金价格传导链因素与时序数据_20260724.xlsx.inspect.ndjson,80405,plain_url,"{""kind"":""table"",""sheet"":""12_来源与口径"",""address"":""A1:M13"",""rows"":13,""cols"":13,""values"":[[""数据来源与时间口径"",null,null,null,null,null,null,null,null,null,null,null,null],[null,null,null,null,null,null,null,null,null,null,null,null,null],[""所有模型字段都应能追溯到此表；完整URL只集中存放在本页，避免在建模表中重复。"",null,null,null,null,null,null,null,null,null,null,null,null],[null,null,null,null,null,null,null,null,null,null,null,null,null],[""数据集ID"",""字段/用途"",""来源机构"",""频率"",""观察时间"",""模型可用时间"",""覆盖期"",""单位"",""官方URL"",""本地文件"",""许可/引用说明"",""工作表"",""备注""],[""SGE_DAILY",https://www.gold.org/goldhub/data
WEB-0276,最终数据/最终数据/outputs/019f56e7-91fe-7a43-b1d0-ae50e45c9d0c/金银价格波动影响因素与时序数据_20260726.xlsx,xl/worksheets/sheet12.xml,xlsx_xml,XLSX entry: xl/worksheets/sheet12.xml,https://www.gold.org/goldhub/data
WEB-0276,最终数据/最终数据/outputs/019f56e7-91fe-7a43-b1d0-ae50e45c9d0c/金银价格波动影响因素与时序数据_20260726.xlsx.inspect.ndjson,91397,plain_url,"{""kind"":""table"",""sheet"":""12_来源与口径"",""address"":""A1:M14"",""rows"":14,""cols"":13,""values"":[[""数据来源与时间口径"",null,null,null,null,null,null,null,null,null,null,null,null],[null,null,null,null,null,null,null,null,null,null,null,null,null],[""所有模型字段都应能追溯到此表；完整URL只集中存放在本页，避免在建模表中重复。"",null,null,null,null,null,null,null,null,null,null,null,null],[null,null,null,null,null,null,null,null,null,null,null,null,null],[""数据集ID"",""字段/用途"",""来源机构"",""频率"",""观察时间"",""模型可用时间"",""覆盖期"",""单位"",""官方URL"",""本地文件"",""许可/引用说明"",""工作表"",""备注""],[""SGE_DAILY",https://www.gold.org/goldhub/data
WEB-0276,最终数据/最终数据/outputs/019f56e7-91fe-7a43-b1d0-ae50e45c9d0c/金银价格波动影响因素与时序数据_中文字段版_20260726.xlsx,xl/worksheets/sheet13.xml,xlsx_xml,XLSX entry: xl/worksheets/sheet13.xml,https://www.gold.org/goldhub/data
WEB-0276,最终数据/最终数据/outputs/019f56e7-91fe-7a43-b1d0-ae50e45c9d0c/金银价格波动影响因素与时序数据_中文字段版_20260726.xlsx.inspect.ndjson,91689,plain_url,"{""kind"":""table"",""sheet"":""12_来源与口径"",""address"":""A1:M14"",""rows"":14,""cols"":13,""values"":[[""数据来源与时间口径"",null,null,null,null,null,null,null,null,null,null,null,null],[null,null,null,null,null,null,null,null,null,null,null,null,null],[""所有模型字段都应能追溯到此表；完整URL只集中存放在本页，避免在建模表中重复。"",null,null,null,null,null,null,null,null,null,null,null,null],[null,null,null,null,null,null,null,null,null,null,null,null,null],[""数据集ID"",""字段/用途"",""来源机构"",""频率"",""观察时间"",""模型可用时间"",""覆盖期"",""单位"",""官方URL"",""本地文件"",""许可/引用说明"",""工作表"",""备注""],[""SGE_DAILY",https://www.gold.org/goldhub/data
WEB-0276,最终数据/最终数据/outputs/019f56e7-91fe-7a43-b1d0-ae50e45c9d0c/金银价格预测_官方数据与因素台账_20260713.xlsx,xl/worksheets/sheet2.xml,xlsx_xml,XLSX entry: xl/worksheets/sheet2.xml,https://www.gold.org/goldhub/data
WEB-0276,最终数据/最终数据/outputs/019f56e7-91fe-7a43-b1d0-ae50e45c9d0c/金银价格预测_官方数据与因素台账_20260713.xlsx.inspect.ndjson,649,plain_url,"{""kind"":""table"",""sheet"":""01_数据目录"",""address"":""A1:N15"",""rows"":15,""cols"":14,""values"":[[""dataset_id"",""数据集/字段"",""来源机构"",""频率"",""观测日期口径"",""发布时间/可用时点"",""覆盖范围"",""单位"",""许可与再分发"",""交付状态"",""官方URL"",""本地路径"",""建模用途"",""注意事项""],[""WB_PRICE"",""黄金、白银、铜、布伦特等月均价"",""World Bank"",""月"",""自然月月均"",""次月更新；本表建模统一滞后1月"",""2016-01—2026-06"",""USD/oz、USD/mt、USD/bbl"",""世界银行公开数据；保留署名"",""已收集/可交付"",""https://thedocs.worldbank.org/en/doc/74e8be41ceb20fa0da750cda2f6b9e4e-0050012026/world-bank-commodities-price-data-the-pink-sheet"",""data/raw/world_bank/CMO-Histo",https://www.gold.org/goldhub/data
WEB-0277,案例库/地缘冲突与制裁篇/01_2022俄乌冲突-外储冻结/案例档案.md,91,plain_url,"5. 2022-03-08 金价冲至 2,078 美元：LBMA 金价历史数据/世界黄金协会：<https://www.gold.org/goldhub/data/gold-prices>",https://www.gold.org/goldhub/data/gold-prices
WEB-0277,案例库/地缘冲突与制裁篇/02_2022俄罗斯黄金制裁免疫/案例档案.md,85,plain_url,7. 全球金价 2022 年表现（约 -0.3%）：LBMA 金价历史数据/世界黄金协会：<https://www.gold.org/goldhub/data/gold-prices>,https://www.gold.org/goldhub/data/gold-prices
WEB-0277,案例库/地缘冲突与制裁篇/03_2024以色列-伊朗冲突/案例档案.md,88,plain_url,1. 金价 2024 年表现：LBMA 金价历史数据/世界黄金协会：<https://www.gold.org/goldhub/data/gold-prices>,https://www.gold.org/goldhub/data/gold-prices
WEB-0277,案例库/地缘冲突与制裁篇/04_2012-2013土耳其-伊朗黄金换天然气/案例档案.md,87,plain_url,7. 黄金历史价格（2012–2013）：LBMA 金价历史数据/世界黄金协会：<https://www.gold.org/goldhub/data/gold-prices>,https://www.gold.org/goldhub/data/gold-prices
WEB-0277,案例库/地缘冲突与制裁篇/05_2019委内瑞拉伦敦黄金冻结/案例档案.md,92,plain_url,7. 黄金历史价格（2019）：LBMA 金价历史数据/世界黄金协会：<https://www.gold.org/goldhub/data/gold-prices>,https://www.gold.org/goldhub/data/gold-prices
WEB-0277,案例库/地缘冲突与制裁篇/06_2014克里米亚危机-卢布暴跌/案例档案.md,90,plain_url,9. 黄金价格 2014 年（约 -1.5%）：LBMA 金价历史数据/世界黄金协会：<https://www.gold.org/goldhub/data/gold-prices>,https://www.gold.org/goldhub/data/gold-prices
WEB-0277,案例库/地缘冲突与制裁篇/07_2018特朗普对伊制裁/案例档案.md,88,plain_url,"7. 黄金 2018 年价格（1,310 → 1,280，12 月低 1,190）：LBMA 金价历史数据/世界黄金协会：<https://www.gold.org/goldhub/data/gold-prices>",https://www.gold.org/goldhub/data/gold-prices
WEB-0277,案例库/地缘冲突与制裁篇/08_2023苏丹内战黄金经济/案例档案.md,89,plain_url,7. 黄金 2023 年全球价格（+13%）：LBMA 金价历史数据/世界黄金协会：<https://www.gold.org/goldhub/data/gold-prices>,https://www.gold.org/goldhub/data/gold-prices
WEB-0277,案例库/宏观危机篇/10_1990日本资产泡沫破裂/案例档案.md,91,plain_url,6. 黄金（美元/日元计价）历史价格：伦敦金定盘价历史数据（经世界黄金协会整理），<https://www.gold.org/goldhub/data/gold-prices>,https://www.gold.org/goldhub/data/gold-prices
WEB-0277,案例库/宏观危机篇/11_1994墨西哥龙舌兰危机/案例档案.md,94,plain_url,6. 黄金历史价格（1994–1996）：LBMA 金价历史数据/世界黄金协会 Goldhub：<https://www.gold.org/goldhub/data/gold-prices>,https://www.gold.org/goldhub/data/gold-prices
WEB-0277,案例库/宏观危机篇/12_1998俄罗斯金融危机/案例档案.md,95,plain_url,5. 黄金历史价格（1998–2001）：LBMA 金价历史数据/世界黄金协会：<https://www.gold.org/goldhub/data/gold-prices>,https://www.gold.org/goldhub/data/gold-prices
WEB-0277,案例库/宏观危机篇/13_2001阿根廷债务危机/案例档案.md,96,plain_url,7. 黄金历史价格（2001–2002）：LBMA 金价历史数据/世界黄金协会：<https://www.gold.org/goldhub/data/gold-prices>,https://www.gold.org/goldhub/data/gold-prices
WEB-0277,案例库/宏观危机篇/14_2010欧洲主权债务危机/案例档案.md,94,plain_url,4. 黄金历史价格（2008–2013）：LBMA 金价历史数据/世界黄金协会：<https://www.gold.org/goldhub/data/gold-prices>,https://www.gold.org/goldhub/data/gold-prices
WEB-0277,案例库/宏观危机篇/15_2020疫情全球市场崩盘/案例档案.md,93,plain_url,2. 黄金历史价格（2020-02 至 2020-08）：LBMA 金价历史数据/世界黄金协会：<https://www.gold.org/goldhub/data/gold-prices>,https://www.gold.org/goldhub/data/gold-prices
WEB-0277,案例库/宏观危机篇/16_2022美联储激进加息周期/案例档案.md,97,plain_url,5. 伦敦金 2022 年全年（约 -0.3%）与 3 月峰值：LBMA 金价历史数据/世界黄金协会 Goldhub：<https://www.gold.org/goldhub/data/gold-prices>,https://www.gold.org/goldhub/data/gold-prices
WEB-0277,案例库/宏观危机篇/17_1980-2000黄金熊市_反面案例/案例档案.md,84,plain_url,1. 黄金历史价格（1980-850 → 2001-254 低点）：LBMA 金价历史定盘价/世界黄金协会 Goldhub：<https://www.gold.org/goldhub/data/gold-prices>,https://www.gold.org/goldhub/data/gold-prices
WEB-0277,案例库/货币崩溃篇/02_2008津巴布韦恶性通胀/案例档案.md,92,plain_url,5. 黄金历史价格（2007–2009）：LBMA 金价历史数据：<https://www.gold.org/goldhub/data/gold-prices>,https://www.gold.org/goldhub/data/gold-prices
WEB-0277,案例库/货币崩溃篇/04_2018土耳其里拉危机/案例档案.md,93,plain_url,4. 黄金历史价格（2018–2025）：LBMA 金价历史数据/世界黄金协会：<https://www.gold.org/goldhub/data/gold-prices>,https://www.gold.org/goldhub/data/gold-prices
WEB-0277,案例库/货币崩溃篇/06_2022-2024尼日利亚奈拉崩溃/案例档案.md,97,plain_url,6. 全球金价（2023–2025）：LBMA 金价历史数据/世界黄金协会：<https://www.gold.org/goldhub/data/gold-prices>,https://www.gold.org/goldhub/data/gold-prices
WEB-0277,案例库/货币崩溃篇/07_2022-2024埃及镑贬值/案例档案.md,95,plain_url,7. 黄金价格（埃镑与美元计价）：LBMA 金价历史数据/世界黄金协会：<https://www.gold.org/goldhub/data/gold-prices>,https://www.gold.org/goldhub/data/gold-prices
WEB-0277,案例库/货币崩溃篇/08_2010-2025伊朗里亚尔/案例档案.md,98,plain_url,7. 全球金价历史（2011–2025）：LBMA 金价历史数据/世界黄金协会：<https://www.gold.org/goldhub/data/gold-prices>,https://www.gold.org/goldhub/data/gold-prices
WEB-0277,案例库/货币崩溃篇/09_2023-2024阿根廷比索危机/案例档案.md,97,plain_url,5. 黄金历史价格（2023–2025）：LBMA 金价历史数据/世界黄金协会：<https://www.gold.org/goldhub/data/gold-prices>,https://www.gold.org/goldhub/data/gold-prices
WEB-0277,案例库/货币崩溃篇/10_1998俄罗斯卢布危机/案例档案.md,90,plain_url,4. 黄金历史价格（1998–1999）：LBMA 金价历史数据/世界黄金协会：<https://www.gold.org/goldhub/data/gold-prices>,https://www.gold.org/goldhub/data/gold-prices
WEB-0277,案例库/微观企业篇/01_MTN尼日利亚/案例档案.md,79,plain_url,7. 黄金价格（2023–2025）：LBMA/世界黄金协会：<https://www.gold.org/goldhub/data/gold-prices>,https://www.gold.org/goldhub/data/gold-prices
WEB-0277,案例库/微观企业篇/02_雀巢尼日利亚/案例档案.md,79,plain_url,7. 黄金价格（2023–2025）：LBMA/世界黄金协会：<https://www.gold.org/goldhub/data/gold-prices>,https://www.gold.org/goldhub/data/gold-prices
WEB-0277,案例库/微观企业篇/03_ABInBev阿根廷/案例档案.md,78,plain_url,"6. 黄金价格与""非货币性资产""属性：LBMA/世界黄金协会：<https://www.gold.org/goldhub/data/gold-prices>",https://www.gold.org/goldhub/data/gold-prices
WEB-0277,案例库/微观企业篇/04_传音控股/案例档案.md,77,plain_url,4. 2024 年全球金价 +27%（人民币计约 +28%）：LBMA/世界黄金协会：<https://www.gold.org/goldhub/data/gold-prices>,https://www.gold.org/goldhub/data/gold-prices
WEB-0277,案例库/微观企业篇/05_华为/案例档案.md,78,plain_url,6. 全球金价 2024–2025（美元/人民币计）：LBMA/世界黄金协会：<https://www.gold.org/goldhub/data/gold-prices>,https://www.gold.org/goldhub/data/gold-prices
WEB-0277,案例库/微观企业篇/06_雷诺法兴俄罗斯退出/案例档案.md,82,plain_url,8. 全球金价 2022–2025（地缘避险）：LBMA/世界黄金协会：<https://www.gold.org/goldhub/data/gold-prices>,https://www.gold.org/goldhub/data/gold-prices
WEB-0277,案例库/微观企业篇/07_IATA航司被困资金/案例档案.md,82,plain_url,7. 全球金价 2022–2025（美元/人民币计）：LBMA/世界黄金协会：<https://www.gold.org/goldhub/data/gold-prices>,https://www.gold.org/goldhub/data/gold-prices
WEB-0277,案例库/微观企业篇/08_Palantir黑天鹅黄金/案例档案.md,78,plain_url,5. 全球金价 2021–2025：LBMA/世界黄金协会：<https://www.gold.org/goldhub/data/gold-prices>,https://www.gold.org/goldhub/data/gold-prices
WEB-0278,案例库/地缘冲突与制裁篇/01_2022俄乌冲突-外储冻结/案例档案.md,88,plain_url,"2. 俄罗斯境内黄金储备（约 2,300 吨）与""制裁免疫""：世界黄金协会黄金储备数据库：<https://www.gold.org/goldhub/data/gold-reserves-by-country>",https://www.gold.org/goldhub/data/gold-reserves-by-country
WEB-0278,案例库/地缘冲突与制裁篇/02_2022俄罗斯黄金制裁免疫/案例档案.md,79,plain_url,"1. 俄境内黄金储备（约 2,300–2,360 吨）：世界黄金协会央行黄金储备数据库：<https://www.gold.org/goldhub/data/gold-reserves-by-country>",https://www.gold.org/goldhub/data/gold-reserves-by-country
WEB-0278,案例库/地缘冲突与制裁篇/05_2019委内瑞拉伦敦黄金冻结/案例档案.md,89,plain_url,4. 委内瑞拉央行黄金总额与伦敦部分：世界黄金协会央行黄金储备数据库：<https://www.gold.org/goldhub/data/gold-reserves-by-country>,https://www.gold.org/goldhub/data/gold-reserves-by-country
WEB-0278,案例库/地缘冲突与制裁篇/06_2014克里米亚危机-卢布暴跌/案例档案.md,85,plain_url,"4. 俄罗斯央行黄金储备（2014 约 1,000 吨 → 2021 约 2,300 吨）：世界黄金协会央行黄金储备数据库：<https://www.gold.org/goldhub/data/gold-reserves-by-country>",https://www.gold.org/goldhub/data/gold-reserves-by-country
WEB-0278,案例库/货币崩溃篇/03_2015-2021委内瑞拉玻利瓦尔/案例档案.md,91,plain_url,2. 黄金储备：世界黄金协会 Goldhub 央行黄金储备数据库：<https://www.gold.org/goldhub/data/gold-reserves-by-country>,https://www.gold.org/goldhub/data/gold-reserves-by-country
WEB-0278,案例库/货币崩溃篇/04_2018土耳其里拉危机/案例档案.md,94,plain_url,5. 土耳其央行黄金储备（约 200 → 650 吨）：世界黄金协会央行黄金储备数据库：<https://www.gold.org/goldhub/data/gold-reserves-by-country>,https://www.gold.org/goldhub/data/gold-reserves-by-country
WEB-0278,案例库/货币崩溃篇/06_2022-2024尼日利亚奈拉崩溃/案例档案.md,100,plain_url,9. 尼日利亚黄金储备与央行购金：世界黄金协会央行黄金储备数据库：<https://www.gold.org/goldhub/data/gold-reserves-by-country>,https://www.gold.org/goldhub/data/gold-reserves-by-country
WEB-0278,案例库/货币崩溃篇/07_2022-2024埃及镑贬值/案例档案.md,98,plain_url,10. 埃及央行黄金储备（约 80 吨）：世界黄金协会央行黄金储备数据库：<https://www.gold.org/goldhub/data/gold-reserves-by-country>,https://www.gold.org/goldhub/data/gold-reserves-by-country
WEB-0278,案例库/货币崩溃篇/08_2010-2025伊朗里亚尔/案例档案.md,101,plain_url,10. 伊朗黄金储备（境内约 200 吨级）：世界黄金协会央行黄金储备数据库：<https://www.gold.org/goldhub/data/gold-reserves-by-country>,https://www.gold.org/goldhub/data/gold-reserves-by-country
WEB-0278,案例库/货币崩溃篇/09_2023-2024阿根廷比索危机/案例档案.md,98,plain_url,6. 阿根廷央行黄金储备（约 50–60 吨）：世界黄金协会央行黄金储备数据库：<https://www.gold.org/goldhub/data/gold-reserves-by-country>,https://www.gold.org/goldhub/data/gold-reserves-by-country
WEB-0278,案例库/微观企业篇/09_Tether黄金储备/案例档案.md,82,plain_url,7. 全球黄金储备国别排行（Tether 130 吨≈前 20 名）：世界黄金协会黄金储备数据库：<https://www.gold.org/goldhub/data/gold-reserves-by-country>,https://www.gold.org/goldhub/data/gold-reserves-by-country
WEB-0279,案例库/地缘冲突与制裁篇/03_2024以色列-伊朗冲突/案例档案.md,96,plain_url,9. 世界黄金协会《Gold as a Strategic Asset》地缘风险研究：<https://www.gold.org/goldhub/research>,https://www.gold.org/goldhub/research
WEB-0279,案例库/地缘冲突与制裁篇/05_2019委内瑞拉伦敦黄金冻结/案例档案.md,95,plain_url,10. 黄金保管地风险评估：世界黄金协会《Gold Storage and Custody》行业指引：<https://www.gold.org/goldhub/research>,https://www.gold.org/goldhub/research
WEB-0279,案例库/货币崩溃篇/04_2018土耳其里拉危机/案例档案.md,98,plain_url,"9. 土耳其民间藏金（约 2,000–3,000 吨）与金币文化：世界黄金协会《Turkiye》市场报告：<https://www.gold.org/goldhub/research>",https://www.gold.org/goldhub/research
WEB-0279,案例库/货币崩溃篇/08_2010-2025伊朗里亚尔/案例档案.md,100,plain_url,"9. 伊朗民间""黄金信仰""与人均购金：世界黄金协会《Iran》市场观察：<https://www.gold.org/goldhub/research>",https://www.gold.org/goldhub/research
WEB-0279,案例库/微观企业篇/08_Palantir黑天鹅黄金/案例档案.md,82,plain_url,9. 企业现金/黄金配置研究：世界黄金协会《Corporate Gold Reserve》与《Gold as a Strategic Asset》：<https://www.gold.org/goldhub/research>,https://www.gold.org/goldhub/research
WEB-0280,案例库/地缘冲突与制裁篇/01_2022俄乌冲突-外储冻结/案例档案.md,90,plain_url,"4. 2022 年全球央行购金 1,136 吨：世界黄金协会《Gold Demand Trends Full Year 2022》：<https://www.gold.org/goldhub/research/gold-demand-trends>",https://www.gold.org/goldhub/research/gold-demand-trends
WEB-0280,案例库/地缘冲突与制裁篇/02_2022俄罗斯黄金制裁免疫/案例档案.md,87,plain_url,"9. 2022 年全球央行购金 1,136 吨：世界黄金协会《Gold Demand Trends》：<https://www.gold.org/goldhub/research/gold-demand-trends>",https://www.gold.org/goldhub/research/gold-demand-trends
WEB-0280,案例库/地缘冲突与制裁篇/03_2024以色列-伊朗冲突/案例档案.md,91,plain_url,"4. 2024 年全球央行购金 1,046 吨：世界黄金协会《Gold Demand Trends》：<https://www.gold.org/goldhub/research/gold-demand-trends>",https://www.gold.org/goldhub/research/gold-demand-trends
WEB-0280,案例库/宏观危机篇/16_2022美联储激进加息周期/案例档案.md,98,plain_url,"6. 全球央行 2022 年购金 1,136 吨：世界黄金协会《Gold Demand Trends Full Year 2022》：<https://www.gold.org/goldhub/research/gold-demand-trends>",https://www.gold.org/goldhub/research/gold-demand-trends
WEB-0280,案例库/微观企业篇/09_Tether黄金储备/案例档案.md,81,plain_url,"6. 全球央行购金 2025 年数据（约 1,000+ 吨合计）：世界黄金协会《Gold Demand Trends》：<https://www.gold.org/goldhub/research/gold-demand-trends>",https://www.gold.org/goldhub/research/gold-demand-trends
WEB-0281,最终数据/最终数据/outputs/019f56e7-91fe-7a43-b1d0-ae50e45c9d0c/金银价格预测_官方数据与因素台账_20260713.xlsx,xl/worksheets/sheet4.xml,xlsx_xml,XLSX entry: xl/worksheets/sheet4.xml,https://www.gold.org/goldhub/research/gold-demand-trends/gold-demand-trends-full-year-2024/central-banks
WEB-0281,最终数据/最终数据/outputs/019f56e7-91fe-7a43-b1d0-ae50e45c9d0c/金银价格预测_官方数据与因素台账_20260713.xlsx.inspect.ndjson,978,plain_url,"{""kind"":""table"",""sheet"":""03_事件时间线"",""address"":""A1:K20"",""rows"":20,""cols"":11,""values"":[[""开始日期"",""结束日期"",""事件"",""主因子通道"",""黄金反应"",""白银反应"",""关键事实"",""证据性质"",""官方/一手来源"",""因果边界"",""建模标签""],[""2020-03-11T00:00:00.000Z"",""2020-03-19T00:00:00.000Z"",""COVID-19全球大流行与美元流动性冲击"",""避险↑；现金需求↑；去杠杆；工业预期↓"",""先跌后涨"",""大幅下跌"",""3月19日前后金银均触及年度低位；金银比一度极端上升"",""事件共时+市场复盘"",""https://www.who.int/news-room/speeches/item/who-director-general-s-opening-remarks-at-the-media-briefing-on-covid-19---11-march-2020"",""不能把跌幅只归因于疫情声明，保证金与美元融资压力同样关键"",""LIQUIDITY_SH",https://www.gold.org/goldhub/research/gold-demand-trends/gold-demand-trends-full-year-2024/central-banks
WEB-0282,案例库/宏观危机篇/07_1997亚洲金融危机/案例档案.md,67,plain_url,2. World Gold Council（世界黄金协会），《The Asian financial crisis – 20 years later》，2017——危机成因、黄金无信用风险属性的分析：https://www.gold.org/goldhub/research/gold-investor/gold-investor-december-2017/13216,https://www.gold.org/goldhub/research/gold-investor/gold-investor-december-2017/13216
WEB-0283,案例库/宏观危机篇/09_2008全球金融危机/案例档案.md,43,plain_url,1. 世界黄金协会（WGC），《The gold perspective – 10 years after Lehman Brothers failed》，2019年，https://www.gold.org/goldhub/research/gold-investor/gold-investor-february-2019/13643,https://www.gold.org/goldhub/research/gold-investor/gold-investor-february-2019/13643
WEB-0284,案例库/宏观危机篇/16_2022美联储激进加息周期/案例档案.md,102,plain_url,10. 世界黄金协会《Gold Outlook》：2022 年黄金组合分散价值研究报告：<https://www.gold.org/goldhub/research/outlook>,https://www.gold.org/goldhub/research/outlook
WEB-0285,计划书/01_项目可行性研究与参赛方案书.pdf,annotation-25,pdf_annotation,PDF link annotation: https://www.gold.org/goldhub/research/relevance-of-gold-as-a-strategic-asset/portfolio-impact,https://www.gold.org/goldhub/research/relevance-of-gold-as-a-strategic-asset/portfolio-impact
WEB-0285,计划书/01_项目可行性研究与参赛方案书.pdf,annotation-26,pdf_annotation,PDF link annotation: https://www.gold.org/goldhub/research/relevance-of-gold-as-a-strategic-asset/portfolio-impact,https://www.gold.org/goldhub/research/relevance-of-gold-as-a-strategic-asset/portfolio-impact
WEB-0285,计划书/01_项目可行性研究与参赛方案书.pdf,annotation-27,pdf_annotation,PDF link annotation: https://www.gold.org/goldhub/research/relevance-of-gold-as-a-strategic-asset/portfolio-impact,https://www.gold.org/goldhub/research/relevance-of-gold-as-a-strategic-asset/portfolio-impact
WEB-0285,计划书/references.bib,89,plain_url,"  url         = {https://www.gold.org/goldhub/research/relevance-of-gold-as-a-strategic-asset/portfolio-impact},",https://www.gold.org/goldhub/research/relevance-of-gold-as-a-strategic-asset/portfolio-impact
WEB-0286,V1.0归档实施策略,policy,archive_policy,WGC条款,https://www.gold.org/terms-and-conditions
WEB-0287,案例库/宏观危机篇/06_1987黑色星期一/案例档案.md,74,plain_url,"1. Goldman Sachs, ""Global Financial Markets Crash on Black Monday""（2019）：道指单日 -22.61%、508.32点。https://www.goldmansachs.com/our-firm/history/moments/1987-black-monday",https://www.goldmansachs.com/our-firm/history/moments/1987-black-monday
WEB-0288,案例库/宏观危机篇/08_2000互联网泡沫/案例档案.md,80,plain_url,5. Gold Price Forecast（2024）：《Dot-com Bubble and Gold》——纳斯达克 1994—2000 年约 600% 涨幅及同期黄金走势背景。https://www.goldpriceforecast.com/explanations/dot-com-bubble-gold/,https://www.goldpriceforecast.com/explanations/dot-com-bubble-gold
WEB-0289,跨国公司黄金硬通货需求调研报告.md,96,markdown_link,- 《黄金及黄金制品进出口管理办法》（2015）：黄金进出口准许证制度，可申请主体**限五类**（上金所金融会员、大型矿产企业、超大型有色企业、纪念币企业、认证精炼企业）——**一般工商企业不在名单内**；进口黄金必须在上金所登记交易，入境后锁定在受监管体系内。（[办法全文，中国政府网](https://www.gov.cn/zhengce/2015-04/01/content_5712727.htm)）,https://www.gov.cn/zhengce/2015-04/01/content_5712727.htm
WEB-0289,跨国公司黄金硬通货需求调研报告.md,96,plain_url,- 《黄金及黄金制品进出口管理办法》（2015）：黄金进出口准许证制度，可申请主体**限五类**（上金所金融会员、大型矿产企业、超大型有色企业、纪念币企业、认证精炼企业）——**一般工商企业不在名单内**；进口黄金必须在上金所登记交易，入境后锁定在受监管体系内。（[办法全文，中国政府网](https://www.gov.cn/zhengce/2015-04/01/content_5712727.htm)）,https://www.gov.cn/zhengce/2015-04/01/content_5712727.htm
WEB-0290,案例库/宏观危机篇/17_1980-2000黄金熊市_反面案例/案例档案.md,89,plain_url,6. 英国 1999–2000 年出售黄金储备（415 吨）：英国财政部/英格兰银行公开记录：<https://www.gov.uk/>,https://www.gov.uk/
WEB-0291,企业资产配置调研报告.md,49,markdown_link,- **典型恶化路径**：财务失败企业的资产负债率约为正常企业的 **2 倍以上**，且在 ST/破产前数年持续上升。（[Z 值模型应用研究，2021](https://www.gwyoo.com/lunwen/cwlw/cwyjlw/202105/740664.html)）,https://www.gwyoo.com/lunwen/cwlw/cwyjlw/202105/740664.html
WEB-0291,企业资产配置调研报告.md,49,plain_url,- **典型恶化路径**：财务失败企业的资产负债率约为正常企业的 **2 倍以上**，且在 ST/破产前数年持续上升。（[Z 值模型应用研究，2021](https://www.gwyoo.com/lunwen/cwlw/cwyjlw/202105/740664.html)）,https://www.gwyoo.com/lunwen/cwlw/cwyjlw/202105/740664.html
WEB-0292,企业资产配置调研报告.md,103,markdown_link,- 项目融资：还款来源主要依赖项目自身收入；放款前须确认**同比例项目资本金足额到位**；原则上以项目资产/预期收益设押。（[汉坤律所解读](https://www.hankunlaw.com/portal/article/index/cid/8/id/13961.html)；[方达律所速评](https://www.fangdalaw.com/content/details32_8567.html)）,https://www.hankunlaw.com/portal/article/index/cid/8/id/13961.html
WEB-0292,企业资产配置调研报告.md,103,plain_url,- 项目融资：还款来源主要依赖项目自身收入；放款前须确认**同比例项目资本金足额到位**；原则上以项目资产/预期收益设押。（[汉坤律所解读](https://www.hankunlaw.com/portal/article/index/cid/8/id/13961.html)；[方达律所速评](https://www.fangdalaw.com/content/details32_8567.html)）,https://www.hankunlaw.com/portal/article/index/cid/8/id/13961.html
WEB-0293,最终数据/最终数据/research/media_sentiment_gold_paper/metadata/heywhale_app.js,1,plain_url,"(function(){""use strict"";var t={35448:function(t,e,i){i.d(e,{A:function(){return g}});var s=function(){var t=this,e=t._self._c;return e(""Modal"",{staticClass:""dataset-tag-select-modal"",attrs:{title:t.title,""mask-closable"":!1,transfer:!1,width:800},model:{value:t.showDialog,callback:function(e){t.showDialog=e},expression:""showDialog""}},[e(""div"",{staticStyle:{margin:""0 24px""}},[e(""Input"",{staticStyle:{width:""186px""},attrs:{search:"""",placeholder:""输入关键字搜索""},model:{value:t.form.Title,callback:function",https://www.heywhale.com/
WEB-0294,最终数据/最终数据/research/media_sentiment_gold_paper/metadata/heywhale_app.js,1,plain_url,"(function(){""use strict"";var t={35448:function(t,e,i){i.d(e,{A:function(){return g}});var s=function(){var t=this,e=t._self._c;return e(""Modal"",{staticClass:""dataset-tag-select-modal"",attrs:{title:t.title,""mask-closable"":!1,transfer:!1,width:800},model:{value:t.showDialog,callback:function(e){t.showDialog=e},expression:""showDialog""}},[e(""div"",{staticStyle:{margin:""0 24px""}},[e(""Input"",{staticStyle:{width:""186px""},attrs:{search:"""",placeholder:""输入关键字搜索""},model:{value:t.form.Title,callback:function",https://www.heywhale.com/about
WEB-0295,最终数据/最终数据/research/media_sentiment_gold_paper/metadata/europepmc_fulltext.xml,112,plain_url,"</td></tr><tr><td align=""center"" valign=""middle"" rowspan=""1"" colspan=""1"">XGBoost</td><td align=""center"" valign=""middle"" rowspan=""1"" colspan=""1"">289.457</td><td align=""center"" valign=""middle"" rowspan=""1"" colspan=""1"">91,267.845</td><td align=""center"" valign=""middle"" rowspan=""1"" colspan=""1"">302.105</td><td align=""center"" valign=""middle"" rowspan=""1"" colspan=""1"">16.894</td><td align=""center"" valign=""middle"" rowspan=""1"" colspan=""1"">−9.765</td></tr><tr><td align=""center"" valign=""middle"" style=""border-b",https://www.heywhale.com/mw/dataset/611a163b911b3300174a19f2
WEB-0295,最终数据/最终数据/research/media_sentiment_gold_paper/README_论文学习与数据说明.md,52,plain_url,- 论文引用的 Heywhale 页面：https://www.heywhale.com/mw/dataset/611a163b911b3300174a19f2,https://www.heywhale.com/mw/dataset/611a163b911b3300174a19f2
WEB-0296,案例库/微观企业篇/05_华为/案例档案.md,73,plain_url,1. 华为 2025 年年度报告（净汇兑损失 12.68 亿元、财务费用构成）：华为投资控股有限公司官网（企业社会责任/年度报告栏目）：<https://www.huawei.com/cn/annual-report>,https://www.huawei.com/cn/annual-report
WEB-0296,案例库/微观企业篇/05_华为/案例档案.md,74,plain_url,"2. 华为 2024 年年度报告（总营收约 8,621 亿元、增长约 22%）：<https://www.huawei.com/cn/annual-report>",https://www.huawei.com/cn/annual-report
WEB-0297,最终数据/最终数据/outputs/019f56e7-91fe-7a43-b1d0-ae50e45c9d0c/金银价格预测_官方数据与因素台账_20260713.xlsx,xl/worksheets/sheet4.xml,xlsx_xml,XLSX entry: xl/worksheets/sheet4.xml,https://www.iaea.org/sites/default/files/documents/gov2025-50.pdf
WEB-0297,最终数据/最终数据/outputs/019f56e7-91fe-7a43-b1d0-ae50e45c9d0c/金银价格预测_官方数据与因素台账_20260713.xlsx.inspect.ndjson,978,plain_url,"{""kind"":""table"",""sheet"":""03_事件时间线"",""address"":""A1:K20"",""rows"":20,""cols"":11,""values"":[[""开始日期"",""结束日期"",""事件"",""主因子通道"",""黄金反应"",""白银反应"",""关键事实"",""证据性质"",""官方/一手来源"",""因果边界"",""建模标签""],[""2020-03-11T00:00:00.000Z"",""2020-03-19T00:00:00.000Z"",""COVID-19全球大流行与美元流动性冲击"",""避险↑；现金需求↑；去杠杆；工业预期↓"",""先跌后涨"",""大幅下跌"",""3月19日前后金银均触及年度低位；金银比一度极端上升"",""事件共时+市场复盘"",""https://www.who.int/news-room/speeches/item/who-director-general-s-opening-remarks-at-the-media-briefing-on-covid-19---11-march-2020"",""不能把跌幅只归因于疫情声明，保证金与美元融资压力同样关键"",""LIQUIDITY_SH",https://www.iaea.org/sites/default/files/documents/gov2025-50.pdf
WEB-0298,案例库/微观企业篇/07_IATA航司被困资金/案例档案.md,81,plain_url,6. IATA《2024 Blocked Funds Update》（尼日利亚清兑后、其余国家仍高企）：<https://www.iata.org/>,https://www.iata.org/
WEB-0299,计划书/references.bib,159,plain_url,"  url         = {https://www.iata.org/blocked-funds},",https://www.iata.org/blocked-funds
WEB-0300,案例库/微观企业篇/07_IATA航司被困资金/案例档案.md,76,plain_url,1. IATA《Blocked Funds Report》（2023-04 峰值 22.7 亿美元、分国别数据）：<https://www.iata.org/en/pressroom/>,https://www.iata.org/en/pressroom
WEB-0301,计划书/01_项目可行性研究与参赛方案书.pdf,annotation-14,pdf_annotation,PDF link annotation: https://www.iata.org/en/pressroom/2024-releases/2024-06-02-01/,https://www.iata.org/en/pressroom/2024-releases/2024-06-02-01
WEB-0301,计划书/01_项目可行性研究与参赛方案书.pdf,annotation-15,pdf_annotation,PDF link annotation: https://www.iata.org/en/pressroom/2024-releases/2024-06-02-01/,https://www.iata.org/en/pressroom/2024-releases/2024-06-02-01
WEB-0301,计划书/references.bib,151,plain_url,"  url         = {https://www.iata.org/en/pressroom/2024-releases/2024-06-02-01/},",https://www.iata.org/en/pressroom/2024-releases/2024-06-02-01
WEB-0302,计划书/01_项目可行性研究与参赛方案书.pdf,1401,pdf_text,"       Dollars with Major Clearance in Nigeria. June 2, 2024. url: https://www.iata.",https://www.iata/
WEB-0303,案例库/微观企业篇/03_ABInBev阿根廷/案例档案.md,76,plain_url,4. IAS 29《恶性通货膨胀经济中的财务报告》准则文本：IFRS Foundation：<https://www.ifrs.org/>,https://www.ifrs.org/
WEB-0303,案例库/微观企业篇/10_中国黄金会计错配_反面/案例档案.md,74,plain_url,3. IAS 2《存货》与租赁会计（IAS 17/IFRS 16）、金融工具（IFRS 9）准则文本：IFRS Foundation：<https://www.ifrs.org/>,https://www.ifrs.org/
WEB-0303,计划书/01_项目可行性研究与参赛方案书.pdf,1389,pdf_spaced_url, [3]   IFRS Foundation. IAS 2 Inventories. 2021. url: https : / / www . ifrs . org /,https://www.ifrs.org/
WEB-0304,计划书/03_多币种流动性与黄金战略储备周期配置计划书.pdf,1287,pdf_text,"    Paper AP10, 2016, https://www.ifrs.org/content/dam/ifrs/meetings/2016/",https://www.ifrs.org/content/dam/ifrs/meetings/2016
WEB-0305,计划书/01_项目可行性研究与参赛方案书.pdf,1398,pdf_text,       25. url: https://www.ifrs.org/content/dam/ifrs/meetings/2016/november/,https://www.ifrs.org/content/dam/ifrs/meetings/2016/november
WEB-0306,计划书/01_项目可行性研究与参赛方案书.pdf,annotation-11,pdf_annotation,PDF link annotation: https://www.ifrs.org/content/dam/ifrs/meetings/2016/november/ifrs-ic/commodity-loans/ap10-commodity-loans.pdf,https://www.ifrs.org/content/dam/ifrs/meetings/2016/november/ifrs-ic/commodity-loans/ap10-commodity-loans.pdf
WEB-0306,计划书/01_项目可行性研究与参赛方案书.pdf,annotation-12,pdf_annotation,PDF link annotation: https://www.ifrs.org/content/dam/ifrs/meetings/2016/november/ifrs-ic/commodity-loans/ap10-commodity-loans.pdf,https://www.ifrs.org/content/dam/ifrs/meetings/2016/november/ifrs-ic/commodity-loans/ap10-commodity-loans.pdf
WEB-0306,计划书/01_项目可行性研究与参赛方案书.pdf,annotation-13,pdf_annotation,PDF link annotation: https://www.ifrs.org/content/dam/ifrs/meetings/2016/november/ifrs-ic/commodity-loans/ap10-commodity-loans.pdf,https://www.ifrs.org/content/dam/ifrs/meetings/2016/november/ifrs-ic/commodity-loans/ap10-commodity-loans.pdf
WEB-0306,计划书/03_多币种流动性与黄金战略储备周期配置计划书.pdf,annotation-42,pdf_annotation,PDF link annotation: https://www.ifrs.org/content/dam/ifrs/meetings/2016/november/ifrs-ic/commodity-loans/ap10-commodity-loans.pdf,https://www.ifrs.org/content/dam/ifrs/meetings/2016/november/ifrs-ic/commodity-loans/ap10-commodity-loans.pdf
WEB-0306,计划书/03_多币种流动性与黄金战略储备周期配置计划书.pdf,annotation-43,pdf_annotation,PDF link annotation: https://www.ifrs.org/content/dam/ifrs/meetings/2016/november/ifrs-ic/commodity-loans/ap10-commodity-loans.pdf,https://www.ifrs.org/content/dam/ifrs/meetings/2016/november/ifrs-ic/commodity-loans/ap10-commodity-loans.pdf
WEB-0306,计划书/03_多币种流动性与黄金战略储备周期配置计划书.tex,829,plain_url,"IFRS Interpretations Committee, \emph{Commodity Loans and Related Transactions: Staff Paper AP10}, 2016, \url{https://www.ifrs.org/content/dam/ifrs/meetings/2016/november/ifrs-ic/commodity-loans/ap10-commodity-loans.pdf}.",https://www.ifrs.org/content/dam/ifrs/meetings/2016/november/ifrs-ic/commodity-loans/ap10-commodity-loans.pdf
WEB-0306,计划书/references.bib,128,plain_url,"  url         = {https://www.ifrs.org/content/dam/ifrs/meetings/2016/november/ifrs-ic/commodity-loans/ap10-commodity-loans.pdf},",https://www.ifrs.org/content/dam/ifrs/meetings/2016/november/ifrs-ic/commodity-loans/ap10-commodity-loans.pdf
WEB-0307,计划书/01_项目可行性研究与参赛方案书.pdf,annotation-6,pdf_annotation,PDF link annotation: https://www.ifrs.org/content/dam/ifrs/publications/pdf-standards/english/2021/issued/part-a/ias-2-inventories.pdf,https://www.ifrs.org/content/dam/ifrs/publications/pdf-standards/english/2021/issued/part-a/ias-2-inventories.pdf
WEB-0307,计划书/01_项目可行性研究与参赛方案书.pdf,annotation-7,pdf_annotation,PDF link annotation: https://www.ifrs.org/content/dam/ifrs/publications/pdf-standards/english/2021/issued/part-a/ias-2-inventories.pdf,https://www.ifrs.org/content/dam/ifrs/publications/pdf-standards/english/2021/issued/part-a/ias-2-inventories.pdf
WEB-0307,计划书/01_项目可行性研究与参赛方案书.pdf,annotation-8,pdf_annotation,PDF link annotation: https://www.ifrs.org/content/dam/ifrs/publications/pdf-standards/english/2021/issued/part-a/ias-2-inventories.pdf,https://www.ifrs.org/content/dam/ifrs/publications/pdf-standards/english/2021/issued/part-a/ias-2-inventories.pdf
WEB-0307,计划书/references.bib,144,plain_url,  url         = {https://www.ifrs.org/content/dam/ifrs/publications/pdf-standards/english/2021/issued/part-a/ias-2-inventories.pdf},https://www.ifrs.org/content/dam/ifrs/publications/pdf-standards/english/2021/issued/part-a/ias-2-inventories.pdf
WEB-0308,计划书/01_项目可行性研究与参赛方案书.pdf,1393,pdf_text,       2026. url: https://www.ifrs.org/issued- standards/list- of- standards/,https://www.ifrs.org/issued-
WEB-0309,计划书/03_多币种流动性与黄金战略储备周期配置计划书.pdf,1291,pdf_spaced_url,"    Economies, https : / / www . ifrs . org / issued-standards / list-of-standards /",https://www.ifrs.org/issued-standards/list-of-standards
WEB-0310,计划书/01_项目可行性研究与参赛方案书.pdf,annotation-9,pdf_annotation,PDF link annotation: https://www.ifrs.org/issued-standards/list-of-standards/ias-29-financial-reporting-in-hyperinflationary-economies/,https://www.ifrs.org/issued-standards/list-of-standards/ias-29-financial-reporting-in-hyperinflationary-economies
WEB-0310,计划书/01_项目可行性研究与参赛方案书.pdf,annotation-10,pdf_annotation,PDF link annotation: https://www.ifrs.org/issued-standards/list-of-standards/ias-29-financial-reporting-in-hyperinflationary-economies/,https://www.ifrs.org/issued-standards/list-of-standards/ias-29-financial-reporting-in-hyperinflationary-economies
WEB-0310,计划书/03_多币种流动性与黄金战略储备周期配置计划书.pdf,annotation-44,pdf_annotation,PDF link annotation: https://www.ifrs.org/issued-standards/list-of-standards/ias-29-financial-reporting-in-hyperinflationary-economies/,https://www.ifrs.org/issued-standards/list-of-standards/ias-29-financial-reporting-in-hyperinflationary-economies
WEB-0310,计划书/03_多币种流动性与黄金战略储备周期配置计划书.pdf,annotation-45,pdf_annotation,PDF link annotation: https://www.ifrs.org/issued-standards/list-of-standards/ias-29-financial-reporting-in-hyperinflationary-economies/,https://www.ifrs.org/issued-standards/list-of-standards/ias-29-financial-reporting-in-hyperinflationary-economies
WEB-0310,计划书/03_多币种流动性与黄金战略储备周期配置计划书.pdf,annotation-46,pdf_annotation,PDF link annotation: https://www.ifrs.org/issued-standards/list-of-standards/ias-29-financial-reporting-in-hyperinflationary-economies/,https://www.ifrs.org/issued-standards/list-of-standards/ias-29-financial-reporting-in-hyperinflationary-economies
WEB-0310,计划书/03_多币种流动性与黄金战略储备周期配置计划书.tex,832,plain_url,"IFRS Foundation, \emph{IAS 29 Financial Reporting in Hyperinflationary Economies}, \url{https://www.ifrs.org/issued-standards/list-of-standards/ias-29-financial-reporting-in-hyperinflationary-economies/}.",https://www.ifrs.org/issued-standards/list-of-standards/ias-29-financial-reporting-in-hyperinflationary-economies
WEB-0310,计划书/references.bib,136,plain_url,"  url         = {https://www.ifrs.org/issued-standards/list-of-standards/ias-29-financial-reporting-in-hyperinflationary-economies/},",https://www.ifrs.org/issued-standards/list-of-standards/ias-29-financial-reporting-in-hyperinflationary-economies
WEB-0311,案例库/微观企业篇/07_IATA航司被困资金/案例档案.md,80,plain_url,5. IMF《Blocked Funds and Currency Convertibility》研究（危机期对冲成本高企）：<https://www.imf.org/>,https://www.imf.org/
WEB-0312,案例库/宏观危机篇/13_2001阿根廷债务危机/案例档案.md,90,plain_url,1. IMF《Argentina: Selected Issues》与 2001 年救助文件：<https://www.imf.org/en/Countries/ARG>,https://www.imf.org/en/Countries/ARG
WEB-0312,案例库/货币崩溃篇/09_2023-2024阿根廷比索危机/案例档案.md,96,plain_url,4. IMF 阿根廷救助（2018 年 570 亿美元、2022 年 440 亿美元）：IMF《Argentina Country Report》：<https://www.imf.org/en/Countries/ARG>,https://www.imf.org/en/Countries/ARG
WEB-0313,案例库/货币崩溃篇/07_2022-2024埃及镑贬值/案例档案.md,92,plain_url,4. IMF 救助（2022-12 30 亿美元 → 2024-03 80 亿美元）：IMF《Egypt Article IV Consultation》与新闻稿：<https://www.imf.org/en/Countries/EGY>,https://www.imf.org/en/Countries/EGY
WEB-0314,案例库/宏观危机篇/12_1998俄罗斯金融危机/案例档案.md,91,plain_url,1. IMF《Russian Federation: Selected Issues》与 1998 年救助文件：<https://www.imf.org/en/Countries/RUS>,https://www.imf.org/en/Countries/RUS
WEB-0314,案例库/货币崩溃篇/10_1998俄罗斯卢布危机/案例档案.md,89,plain_url,3. IMF《Russian Federation: Selected Issues》（1998–2000）：<https://www.imf.org/en/Countries/RUS>,https://www.imf.org/en/Countries/RUS
WEB-0315,案例库/地缘冲突与制裁篇/08_2023苏丹内战黄金经济/案例档案.md,88,plain_url,6. 2021 年 IMF/世行暂停对苏援助：IMF 新闻稿：<https://www.imf.org/en/Countries/SDN>,https://www.imf.org/en/Countries/SDN
WEB-0316,计划书/03_多币种流动性与黄金战略储备周期配置计划书.pdf,1262,pdf_spaced_url,"    2023, https : / / www . imf . org / en / publications / wp / issues / 2023 / 01 / 27 /",https://www.imf.org/en/publications/wp/issues/2023/01/27
WEB-0317,计划书/03_多币种流动性与黄金战略储备周期配置计划书.pdf,annotation-24,pdf_annotation,PDF link annotation: https://www.imf.org/en/publications/wp/issues/2023/01/27/gold-as-international-reserves-a-barbarous-relic-no-more-528089,https://www.imf.org/en/publications/wp/issues/2023/01/27/gold-as-international-reserves-a-barbarous-relic-no-more-528089
WEB-0317,计划书/03_多币种流动性与黄金战略储备周期配置计划书.pdf,annotation-25,pdf_annotation,PDF link annotation: https://www.imf.org/en/publications/wp/issues/2023/01/27/gold-as-international-reserves-a-barbarous-relic-no-more-528089,https://www.imf.org/en/publications/wp/issues/2023/01/27/gold-as-international-reserves-a-barbarous-relic-no-more-528089
WEB-0317,计划书/03_多币种流动性与黄金战略储备周期配置计划书.tex,808,plain_url,"Serkan Arslanalp, Barry Eichengreen, and Chima Simpson-Bell, \emph{Gold as International Reserves: A Barbarous Relic No More?}, IMF Working Paper 2023/014, 2023, \url{https://www.imf.org/en/publications/wp/issues/2023/01/27/gold-as-international-reserves-a-barbarous-relic-no-more-528089}.",https://www.imf.org/en/publications/wp/issues/2023/01/27/gold-as-international-reserves-a-barbarous-relic-no-more-528089
WEB-0318,案例库/宏观危机篇/11_1994墨西哥龙舌兰危机/案例档案.md,89,plain_url,1. IMF《Mexico: The Tequila Crisis》案例研究（比索汇率、外储、救助规模）：<https://www.imf.org/external/np/exr/center/mm/eng/mm_rs_03.htm>,https://www.imf.org/external/np/exr/center/mm/eng/mm_rs_03.htm
WEB-0319,案例库/货币崩溃篇/09_2023-2024阿根廷比索危机/案例档案.md,94,plain_url,2. 阿根廷 CPI（2023-12 单月 25.5%、2024-05 同比 289.4%）：阿根廷国家统计局（INDEC）：<https://www.indec.gob.ar/>,https://www.indec.gob.ar/
WEB-0319,案例库/微观企业篇/03_ABInBev阿根廷/案例档案.md,74,plain_url,2. 阿根廷 CPI（2023 全年 211%）：阿根廷国家统计局（INDEC）：<https://www.indec.gob.ar/>,https://www.indec.gob.ar/
WEB-0320,案例库/宏观危机篇/04_1973-1980滞胀大牛市/案例档案.md,65,plain_url,"4. Investopedia，""Silver Thursday: What It Means, How It Works""，https://www.investopedia.com/terms/s/silver_thursday.asp",https://www.investopedia.com/terms/s/silver_thursday.asp
WEB-0321,案例库/货币崩溃篇/08_2010-2025伊朗里亚尔/案例档案.md,95,plain_url,4. 2024–2025 年以色列打击后伊朗金价飙升报道：Iran International、Reuters 2024–2025 年报道：<https://www.iranintl.com/>,https://www.iranintl.com/
WEB-0322,跨国公司黄金硬通货需求调研报告.md,29,markdown_link,"- **伊朗民间**：里亚尔十年贬值约 97%（2015 年约 3.2 万 → 2025 年 12 月 131.2 万/美元），通胀 40%–50%，企业与民众抢购金币形成""淘金热""——与用户设想的""里亚尔暴跌、持金保值""情景高度吻合。（[Iran International，2025](https://www.iranintl.com/en/202512153499)；[New Lines Magazine，2026](https://newlinesmag.com/reportage/why-iran-is-witnessing-a-gold-rush/)）",https://www.iranintl.com/en/202512153499
WEB-0322,跨国公司黄金硬通货需求调研报告.md,29,plain_url,"- **伊朗民间**：里亚尔十年贬值约 97%（2015 年约 3.2 万 → 2025 年 12 月 131.2 万/美元），通胀 40%–50%，企业与民众抢购金币形成""淘金热""——与用户设想的""里亚尔暴跌、持金保值""情景高度吻合。（[Iran International，2025](https://www.iranintl.com/en/202512153499)；[New Lines Magazine，2026](https://newlinesmag.com/reportage/why-iran-is-witnessing-a-gold-rush/)）",https://www.iranintl.com/en/202512153499
WEB-0323,案例库/宏观危机篇/16_2022美联储激进加息周期/案例档案.md,96,plain_url,4. 美国 20+ 年期长期国债 ETF（TLT）-30% 涨跌：贝莱德 iShares TLT 历史价格：<https://www.ishares.com/us/products/239454/>,https://www.ishares.com/us/products/239454
WEB-0324,案例库/货币崩溃篇/05_2019-2023黎巴嫩镑崩溃/案例档案.md,60,plain_url,"6. 解放日报·上观新闻，2023，《""全球最大危机之一""！""中东小巴黎""，发生了什么？》——2023 年 2 月 1 日官方汇率 1507.5→15000、黑市 64000。https://www.jfdaily.com/wx/detail.do?id=594267",https://www.jfdaily.com/wx/detail.do?id=594267
WEB-0325,跨国公司黄金硬通货需求调研报告.md,98,markdown_link,"- **SGEI 国际板**是留给境外主体的通道：境外机构可申请国际会员，经 FT 账户用离岸人民币交易，但资金全封闭运行、""哪里来回哪里去""；2025 年 6 月香港启用首个离岸黄金交割仓。（[金杜律所，2022](https://www.kingandwood.com/cn/zh/insights/latest-thinking/gold-market-foreign-investors-participate-in-chinas-gold-market.html)；[上海金融局，2025](https://jrj.sh.gov.cn/QT186/20250630/fe7d02adf9a24321921a3f4853668c0f.html)）",https://www.kingandwood.com/cn/zh/insights/latest-thinking/gold-market-foreign-investors-participate-in-chinas-gold-market.html
WEB-0325,跨国公司黄金硬通货需求调研报告.md,98,plain_url,"- **SGEI 国际板**是留给境外主体的通道：境外机构可申请国际会员，经 FT 账户用离岸人民币交易，但资金全封闭运行、""哪里来回哪里去""；2025 年 6 月香港启用首个离岸黄金交割仓。（[金杜律所，2022](https://www.kingandwood.com/cn/zh/insights/latest-thinking/gold-market-foreign-investors-participate-in-chinas-gold-market.html)；[上海金融局，2025](https://jrj.sh.gov.cn/QT186/20250630/fe7d02adf9a24321921a3f4853668c0f.html)）",https://www.kingandwood.com/cn/zh/insights/latest-thinking/gold-market-foreign-investors-participate-in-chinas-gold-market.html
WEB-0326,案例库/宏观危机篇/02_1933罗斯福黄金新政/案例档案.md,55,plain_url,"6. Kitco News，《Gold revaluation would pay Washington, not private holders, historian says》（2026，引述美联储历史记录中28亿美元重估收益），https://www.kitco.com/news/article/2026-08-03/gold-revaluation-would-pay-washington-not-private-holders-historian-says",https://www.kitco.com/news/article/2026-08-03/gold-revaluation-would-pay-washington-not-private-holders-historian-says
WEB-0327,案例库/地缘冲突与制裁篇/02_2022俄罗斯黄金制裁免疫/案例档案.md,80,plain_url,2. G7 禁运俄金（2022-06）与 LBMA 除名：G7 峰会公报 / LBMA 官方声明：<https://www.lbma.org.uk/>,https://www.lbma.org.uk/
WEB-0328,案例库/宏观危机篇/11_2013黄金暴跌（反面案例）/案例档案.md,55,plain_url,"2. LBMA《Alchemist》第74期，""After the Gold Crash""——2013全年-30%、集中于二季度、近半跌幅在4月两日：<https://www.lbma.org.uk/alchemist/issue-74/after-the-gold-crash>",https://www.lbma.org.uk/alchemist/issue-74/after-the-gold-crash
WEB-0329,最终数据/最终数据/outputs/019f56e7-91fe-7a43-b1d0-ae50e45c9d0c/金银价格预测_官方数据与因素台账_20260713.xlsx,xl/worksheets/sheet4.xml,xlsx_xml,XLSX entry: xl/worksheets/sheet4.xml,https://www.lbma.org.uk/articles/silver-trading-volume-exceeds-1-billion-oz-on-1-february
WEB-0329,最终数据/最终数据/outputs/019f56e7-91fe-7a43-b1d0-ae50e45c9d0c/金银价格预测_官方数据与因素台账_20260713.xlsx.inspect.ndjson,978,plain_url,"{""kind"":""table"",""sheet"":""03_事件时间线"",""address"":""A1:K20"",""rows"":20,""cols"":11,""values"":[[""开始日期"",""结束日期"",""事件"",""主因子通道"",""黄金反应"",""白银反应"",""关键事实"",""证据性质"",""官方/一手来源"",""因果边界"",""建模标签""],[""2020-03-11T00:00:00.000Z"",""2020-03-19T00:00:00.000Z"",""COVID-19全球大流行与美元流动性冲击"",""避险↑；现金需求↑；去杠杆；工业预期↓"",""先跌后涨"",""大幅下跌"",""3月19日前后金银均触及年度低位；金银比一度极端上升"",""事件共时+市场复盘"",""https://www.who.int/news-room/speeches/item/who-director-general-s-opening-remarks-at-the-media-briefing-on-covid-19---11-march-2020"",""不能把跌幅只归因于疫情声明，保证金与美元融资压力同样关键"",""LIQUIDITY_SH",https://www.lbma.org.uk/articles/silver-trading-volume-exceeds-1-billion-oz-on-1-february
WEB-0330,最终数据/最终数据/outputs/019f56e7-91fe-7a43-b1d0-ae50e45c9d0c/金银价格预测_官方数据与因素台账_20260713.xlsx,xl/worksheets/sheet2.xml,xlsx_xml,XLSX entry: xl/worksheets/sheet2.xml,https://www.lbma.org.uk/prices-and-data
WEB-0330,最终数据/最终数据/outputs/019f56e7-91fe-7a43-b1d0-ae50e45c9d0c/金银价格预测_官方数据与因素台账_20260713.xlsx.inspect.ndjson,649,plain_url,"{""kind"":""table"",""sheet"":""01_数据目录"",""address"":""A1:N15"",""rows"":15,""cols"":14,""values"":[[""dataset_id"",""数据集/字段"",""来源机构"",""频率"",""观测日期口径"",""发布时间/可用时点"",""覆盖范围"",""单位"",""许可与再分发"",""交付状态"",""官方URL"",""本地路径"",""建模用途"",""注意事项""],[""WB_PRICE"",""黄金、白银、铜、布伦特等月均价"",""World Bank"",""月"",""自然月月均"",""次月更新；本表建模统一滞后1月"",""2016-01—2026-06"",""USD/oz、USD/mt、USD/bbl"",""世界银行公开数据；保留署名"",""已收集/可交付"",""https://thedocs.worldbank.org/en/doc/74e8be41ceb20fa0da750cda2f6b9e4e-0050012026/world-bank-commodities-price-data-the-pink-sheet"",""data/raw/world_bank/CMO-Histo",https://www.lbma.org.uk/prices-and-data
WEB-0331,最终数据/最终数据/research/media_sentiment_gold_paper/metadata/dataset_manifest.csv,6,plain_url,"目标价格,LBMA黄金价格,LBMA Gold Price，AM/PM及币种未说明,2022-02-01至2025-02-28,日频/含非交易日,LBMA/IBA,https://www.lbma.org.uk/prices-and-data/lbma-precious-metal-prices,论文声称使用但未给数据文件,需授权,,获取、使用或再分发历史基准价通常需IBA许可,不可精确复现,不以第三方镜像规避许可",https://www.lbma.org.uk/prices-and-data/lbma-precious-metal-prices
WEB-0331,最终数据/最终数据/research/media_sentiment_gold_paper/outputs/019f56e7-91fe-7a43-b1d0-ae50e45c9d0c/论文数据来源与复现清单.xlsx,xl/worksheets/sheet2.xml,xlsx_xml,XLSX entry: xl/worksheets/sheet2.xml,https://www.lbma.org.uk/prices-and-data/lbma-precious-metal-prices
WEB-0331,最终数据/最终数据/research/media_sentiment_gold_paper/outputs/019f56e7-91fe-7a43-b1d0-ae50e45c9d0c/论文数据来源与复现清单.xlsx.inspect.ndjson,79,plain_url,"{""kind"":""table"",""sheet"":""数据清单"",""address"":""A1:M22"",""rows"":22,""cols"":13,""values"":[[""论文数据资产清单：精确引用、受限数据与开放代理"",""论文数据资产清单：精确引用、受限数据与开放代理"",""论文数据资产清单：精确引用、受限数据与开放代理"",""论文数据资产清单：精确引用、受限数据与开放代理"",""论文数据资产清单：精确引用、受限数据与开放代理"",""论文数据资产清单：精确引用、受限数据与开放代理"",""论文数据资产清单：精确引用、受限数据与开放代理"",""论文数据资产清单：精确引用、受限数据与开放代理"",""论文数据资产清单：精确引用、受限数据与开放代理"",""论文数据资产清单：精确引用、受限数据与开放代理"",""论文数据资产清单：精确引用、受限数据与开放代理"",""论文数据资产清单：精确引用、受限数据与开放代理"",""论文数据资产清单：精确引用、受限数据与开放代理""],[""黄色/红色状态用于提醒，但判断以‘可得状态’和‘精确或代理’文本为准。所有代理数据都不能当作原作者数据。"",null,null,null,null,null",https://www.lbma.org.uk/prices-and-data/lbma-precious-metal-prices
WEB-0331,最终数据/最终数据/research/media_sentiment_gold_paper/outputs/019f56e7-91fe-7a43-b1d0-ae50e45c9d0c/workbook_inspect.ndjson,5,plain_url,"{""kind"":""table"",""sheet"":""数据清单"",""address"":""A1:M22"",""rows"":22,""cols"":13,""values"":[[""论文数据资产清单：精确引用、受限数据与开放代理"",""论文数据资产清单：精确引用、受限数据与开放代理"",""论文数据资产清单：精确引用、受限数据与开放代理"",""论文数据资产清单：精确引用、受限数据与开放代理"",""论文数据资产清单：精确引用、受限数据与开放代理"",""论文数据资产清单：精确引用、受限数据与开放代理"",""论文数据资产清单：精确引用、受限数据与开放代理"",""论文数据资产清单：精确引用、受限数据与开放代理"",""论文数据资产清单：精确引用、受限数据与开放代理"",""论文数据资产清单：精确引用、受限数据与开放代理"",""论文数据资产清单：精确引用、受限数据与开放代理"",""论文数据资产清单：精确引用、受限数据与开放代理"",""论文数据资产清单：精确引用、受限数据与开放代理""],[""黄色/红色状态用于提醒，但判断以‘可得状态’和‘精确或代理’文本为准。所有代理数据都不能当作原作者数据。"",null,null,null,null,null",https://www.lbma.org.uk/prices-and-data/lbma-precious-metal-prices
WEB-0331,最终数据/最终数据/research/media_sentiment_gold_paper/README_论文学习与数据说明.md,110,plain_url,- LBMA：https://www.lbma.org.uk/prices-and-data/lbma-precious-metal-prices,https://www.lbma.org.uk/prices-and-data/lbma-precious-metal-prices
WEB-0331,最终数据/最终数据/research/media_sentiment_gold_paper/scripts/build_reproducibility_package.mjs,97,plain_url,"  [""目标价格"", ""LBMA黄金价格"", ""LBMA Gold Price，AM/PM及币种未说明"", ""2022-02-01至2025-02-28"", ""日频/含非交易日"", ""LBMA/IBA"", ""https://www.lbma.org.uk/prices-and-data/lbma-precious-metal-prices"", ""论文声称使用但未给数据文件"", ""需授权"", """", ""获取、使用或再分发历史基准价通常需IBA许可"", ""不可精确复现"", ""不以第三方镜像规避许可""],",https://www.lbma.org.uk/prices-and-data/lbma-precious-metal-prices
WEB-0332,案例库/宏观危机篇/10_1990日本资产泡沫破裂/案例档案.md,92,plain_url,7. 白银历史价格：LBMA 白银基准价历史数据，<https://www.lbma.org.uk/prices-and-data/precious-metal-prices>,https://www.lbma.org.uk/prices-and-data/precious-metal-prices
WEB-0332,案例库/宏观危机篇/12_1998俄罗斯金融危机/案例档案.md,96,plain_url,6. 白银历史价格：LBMA 白银基准价：<https://www.lbma.org.uk/prices-and-data/precious-metal-prices>,https://www.lbma.org.uk/prices-and-data/precious-metal-prices
WEB-0332,案例库/宏观危机篇/13_2001阿根廷债务危机/案例档案.md,97,plain_url,8. 白银历史价格：LBMA 白银基准价：<https://www.lbma.org.uk/prices-and-data/precious-metal-prices>,https://www.lbma.org.uk/prices-and-data/precious-metal-prices
WEB-0332,案例库/宏观危机篇/14_2010欧洲主权债务危机/案例档案.md,95,plain_url,5. 白银历史价格（2008–2013）：LBMA 白银基准价：<https://www.lbma.org.uk/prices-and-data/precious-metal-prices>,https://www.lbma.org.uk/prices-and-data/precious-metal-prices
WEB-0332,案例库/宏观危机篇/15_2020疫情全球市场崩盘/案例档案.md,94,plain_url,3. 白银历史价格（2020-02 至 2020-08）：LBMA 白银基准价：<https://www.lbma.org.uk/prices-and-data/precious-metal-prices>,https://www.lbma.org.uk/prices-and-data/precious-metal-prices
WEB-0332,案例库/货币崩溃篇/02_2008津巴布韦恶性通胀/案例档案.md,93,plain_url,6. 白银历史价格（2007–2009）：LBMA 白银基准价：<https://www.lbma.org.uk/prices-and-data/precious-metal-prices>,https://www.lbma.org.uk/prices-and-data/precious-metal-prices
WEB-0332,计划书/references.bib,175,plain_url,"  url         = {https://www.lbma.org.uk/prices-and-data/precious-metal-prices},",https://www.lbma.org.uk/prices-and-data/precious-metal-prices
WEB-0333,案例库/宏观危机篇/06_1987黑色星期一/案例档案.md,79,plain_url,6. Macrotrends 白银百年价格序列：1987年10—12月白银月度价格。https://www.macrotrends.net/1470/historical-silver-prices-100-year-chart,https://www.macrotrends.net/1470/historical-silver-prices-100-year-chart
WEB-0334,最终数据/最终数据/outputs/019f56e7-91fe-7a43-b1d0-ae50e45c9d0c/黄金价格传导链因素与时序数据_20260724.xlsx,xl/worksheets/sheet11.xml,xlsx_xml,XLSX entry: xl/worksheets/sheet11.xml,https://www.matteoiacoviello.com/gpr.htm
WEB-0334,最终数据/最终数据/outputs/019f56e7-91fe-7a43-b1d0-ae50e45c9d0c/黄金价格传导链因素与时序数据_20260724.xlsx.inspect.ndjson,80405,plain_url,"{""kind"":""table"",""sheet"":""12_来源与口径"",""address"":""A1:M13"",""rows"":13,""cols"":13,""values"":[[""数据来源与时间口径"",null,null,null,null,null,null,null,null,null,null,null,null],[null,null,null,null,null,null,null,null,null,null,null,null,null],[""所有模型字段都应能追溯到此表；完整URL只集中存放在本页，避免在建模表中重复。"",null,null,null,null,null,null,null,null,null,null,null,null],[null,null,null,null,null,null,null,null,null,null,null,null,null],[""数据集ID"",""字段/用途"",""来源机构"",""频率"",""观察时间"",""模型可用时间"",""覆盖期"",""单位"",""官方URL"",""本地文件"",""许可/引用说明"",""工作表"",""备注""],[""SGE_DAILY",https://www.matteoiacoviello.com/gpr.htm
WEB-0334,最终数据/最终数据/outputs/019f56e7-91fe-7a43-b1d0-ae50e45c9d0c/金银价格波动影响因素与时序数据_20260726.xlsx,xl/worksheets/sheet12.xml,xlsx_xml,XLSX entry: xl/worksheets/sheet12.xml,https://www.matteoiacoviello.com/gpr.htm
WEB-0334,最终数据/最终数据/outputs/019f56e7-91fe-7a43-b1d0-ae50e45c9d0c/金银价格波动影响因素与时序数据_20260726.xlsx.inspect.ndjson,91397,plain_url,"{""kind"":""table"",""sheet"":""12_来源与口径"",""address"":""A1:M14"",""rows"":14,""cols"":13,""values"":[[""数据来源与时间口径"",null,null,null,null,null,null,null,null,null,null,null,null],[null,null,null,null,null,null,null,null,null,null,null,null,null],[""所有模型字段都应能追溯到此表；完整URL只集中存放在本页，避免在建模表中重复。"",null,null,null,null,null,null,null,null,null,null,null,null],[null,null,null,null,null,null,null,null,null,null,null,null,null],[""数据集ID"",""字段/用途"",""来源机构"",""频率"",""观察时间"",""模型可用时间"",""覆盖期"",""单位"",""官方URL"",""本地文件"",""许可/引用说明"",""工作表"",""备注""],[""SGE_DAILY",https://www.matteoiacoviello.com/gpr.htm
WEB-0334,最终数据/最终数据/outputs/019f56e7-91fe-7a43-b1d0-ae50e45c9d0c/金银价格波动影响因素与时序数据_中文字段版_20260726.xlsx,xl/worksheets/sheet13.xml,xlsx_xml,XLSX entry: xl/worksheets/sheet13.xml,https://www.matteoiacoviello.com/gpr.htm
WEB-0334,最终数据/最终数据/outputs/019f56e7-91fe-7a43-b1d0-ae50e45c9d0c/金银价格波动影响因素与时序数据_中文字段版_20260726.xlsx.inspect.ndjson,91689,plain_url,"{""kind"":""table"",""sheet"":""12_来源与口径"",""address"":""A1:M14"",""rows"":14,""cols"":13,""values"":[[""数据来源与时间口径"",null,null,null,null,null,null,null,null,null,null,null,null],[null,null,null,null,null,null,null,null,null,null,null,null,null],[""所有模型字段都应能追溯到此表；完整URL只集中存放在本页，避免在建模表中重复。"",null,null,null,null,null,null,null,null,null,null,null,null],[null,null,null,null,null,null,null,null,null,null,null,null,null],[""数据集ID"",""字段/用途"",""来源机构"",""频率"",""观察时间"",""模型可用时间"",""覆盖期"",""单位"",""官方URL"",""本地文件"",""许可/引用说明"",""工作表"",""备注""],[""SGE_DAILY",https://www.matteoiacoviello.com/gpr.htm
WEB-0334,最终数据/最终数据/outputs/019f56e7-91fe-7a43-b1d0-ae50e45c9d0c/金银价格预测_官方数据与因素台账_20260713.xlsx,xl/worksheets/sheet2.xml,xlsx_xml,XLSX entry: xl/worksheets/sheet2.xml,https://www.matteoiacoviello.com/gpr.htm
WEB-0334,最终数据/最终数据/outputs/019f56e7-91fe-7a43-b1d0-ae50e45c9d0c/金银价格预测_官方数据与因素台账_20260713.xlsx.inspect.ndjson,649,plain_url,"{""kind"":""table"",""sheet"":""01_数据目录"",""address"":""A1:N15"",""rows"":15,""cols"":14,""values"":[[""dataset_id"",""数据集/字段"",""来源机构"",""频率"",""观测日期口径"",""发布时间/可用时点"",""覆盖范围"",""单位"",""许可与再分发"",""交付状态"",""官方URL"",""本地路径"",""建模用途"",""注意事项""],[""WB_PRICE"",""黄金、白银、铜、布伦特等月均价"",""World Bank"",""月"",""自然月月均"",""次月更新；本表建模统一滞后1月"",""2016-01—2026-06"",""USD/oz、USD/mt、USD/bbl"",""世界银行公开数据；保留署名"",""已收集/可交付"",""https://thedocs.worldbank.org/en/doc/74e8be41ceb20fa0da750cda2f6b9e4e-0050012026/world-bank-commodities-price-data-the-pink-sheet"",""data/raw/world_bank/CMO-Histo",https://www.matteoiacoviello.com/gpr.htm
WEB-0335,最终数据/最终数据/research/media_sentiment_gold_paper/metadata/dataset_manifest.csv,2,plain_url,"论文,论文PDF,完整论文,2026-02-28,一次性,MDPI/PMC,https://www.mdpi.com/1099-4300/28/3/271,论文原文,已下载,research/media_sentiment_gold_paper/paper/Ji_et_al_2026_Entropy_CNN-QRLSTM.pdf,CC BY 4.0,精确,40页，DOI 10.3390/e28030271",https://www.mdpi.com/1099-4300/28/3/271
WEB-0335,最终数据/最终数据/research/media_sentiment_gold_paper/metadata/dataset_manifest.csv,9,plain_url,"情绪指标,BI媒体情绪极性,基于领域词典和语义规则的每日聚合情绪,2022-02-01至2025-02-28,日频,作者构造,https://www.mdpi.com/1099-4300/28/3/271,论文描述但未发布,未公开,,作者生成数据,不可复现,最终55个正向词、104个负向词及日度BI均未附",https://www.mdpi.com/1099-4300/28/3/271
WEB-0335,最终数据/最终数据/research/media_sentiment_gold_paper/outputs/019f56e7-91fe-7a43-b1d0-ae50e45c9d0c/论文数据来源与复现清单.xlsx,xl/worksheets/sheet2.xml,xlsx_xml,XLSX entry: xl/worksheets/sheet2.xml,https://www.mdpi.com/1099-4300/28/3/271
WEB-0335,最终数据/最终数据/research/media_sentiment_gold_paper/outputs/019f56e7-91fe-7a43-b1d0-ae50e45c9d0c/论文数据来源与复现清单.xlsx.inspect.ndjson,79,plain_url,"{""kind"":""table"",""sheet"":""数据清单"",""address"":""A1:M22"",""rows"":22,""cols"":13,""values"":[[""论文数据资产清单：精确引用、受限数据与开放代理"",""论文数据资产清单：精确引用、受限数据与开放代理"",""论文数据资产清单：精确引用、受限数据与开放代理"",""论文数据资产清单：精确引用、受限数据与开放代理"",""论文数据资产清单：精确引用、受限数据与开放代理"",""论文数据资产清单：精确引用、受限数据与开放代理"",""论文数据资产清单：精确引用、受限数据与开放代理"",""论文数据资产清单：精确引用、受限数据与开放代理"",""论文数据资产清单：精确引用、受限数据与开放代理"",""论文数据资产清单：精确引用、受限数据与开放代理"",""论文数据资产清单：精确引用、受限数据与开放代理"",""论文数据资产清单：精确引用、受限数据与开放代理"",""论文数据资产清单：精确引用、受限数据与开放代理""],[""黄色/红色状态用于提醒，但判断以‘可得状态’和‘精确或代理’文本为准。所有代理数据都不能当作原作者数据。"",null,null,null,null,null",https://www.mdpi.com/1099-4300/28/3/271
WEB-0335,最终数据/最终数据/research/media_sentiment_gold_paper/outputs/019f56e7-91fe-7a43-b1d0-ae50e45c9d0c/workbook_inspect.ndjson,5,plain_url,"{""kind"":""table"",""sheet"":""数据清单"",""address"":""A1:M22"",""rows"":22,""cols"":13,""values"":[[""论文数据资产清单：精确引用、受限数据与开放代理"",""论文数据资产清单：精确引用、受限数据与开放代理"",""论文数据资产清单：精确引用、受限数据与开放代理"",""论文数据资产清单：精确引用、受限数据与开放代理"",""论文数据资产清单：精确引用、受限数据与开放代理"",""论文数据资产清单：精确引用、受限数据与开放代理"",""论文数据资产清单：精确引用、受限数据与开放代理"",""论文数据资产清单：精确引用、受限数据与开放代理"",""论文数据资产清单：精确引用、受限数据与开放代理"",""论文数据资产清单：精确引用、受限数据与开放代理"",""论文数据资产清单：精确引用、受限数据与开放代理"",""论文数据资产清单：精确引用、受限数据与开放代理"",""论文数据资产清单：精确引用、受限数据与开放代理""],[""黄色/红色状态用于提醒，但判断以‘可得状态’和‘精确或代理’文本为准。所有代理数据都不能当作原作者数据。"",null,null,null,null,null",https://www.mdpi.com/1099-4300/28/3/271
WEB-0335,最终数据/最终数据/research/media_sentiment_gold_paper/README_论文学习与数据说明.md,21,plain_url,- MDPI：https://www.mdpi.com/1099-4300/28/3/271,https://www.mdpi.com/1099-4300/28/3/271
WEB-0335,最终数据/最终数据/research/media_sentiment_gold_paper/scripts/build_reproducibility_package.mjs,93,plain_url,"  [""论文"", ""论文PDF"", ""完整论文"", ""2026-02-28"", ""一次性"", ""MDPI/PMC"", ""https://www.mdpi.com/1099-4300/28/3/271"", ""论文原文"", ""已下载"", rel(path.join(root, ""paper/Ji_et_al_2026_Entropy_CNN-QRLSTM.pdf"")), ""CC BY 4.0"", ""精确"", ""40页，DOI 10.3390/e28030271""],",https://www.mdpi.com/1099-4300/28/3/271
WEB-0335,最终数据/最终数据/research/media_sentiment_gold_paper/scripts/build_reproducibility_package.mjs,100,plain_url,"  [""情绪指标"", ""BI媒体情绪极性"", ""基于领域词典和语义规则的每日聚合情绪"", ""2022-02-01至2025-02-28"", ""日频"", ""作者构造"", ""https://www.mdpi.com/1099-4300/28/3/271"", ""论文描述但未发布"", ""未公开"", """", ""作者生成数据"", ""不可复现"", ""最终55个正向词、104个负向词及日度BI均未附""],",https://www.mdpi.com/1099-4300/28/3/271
WEB-0336,V1.0归档实施策略,policy,legacy_manifest,缺失论文PDF恢复候选,https://www.mdpi.com/1099-4300/28/3/271/pdf
WEB-0337,跨国公司黄金硬通货需求调研报告.md,37,markdown_link,"- **哥伦比亚 Mineros（2026）**：设立""战略黄金储备""，按 IAS 2 存货计量——也是少数明示会计政策的企业持金案例。（[Mineros 公告，2026](https://www.mineros.com.co/news/mineros-s-a-adopts-strategic-gold-reserve-policy-2026-07-10)）",https://www.mineros.com.co/news/mineros-s-a-adopts-strategic-gold-reserve-policy-2026-07-10
WEB-0337,跨国公司黄金硬通货需求调研报告.md,37,plain_url,"- **哥伦比亚 Mineros（2026）**：设立""战略黄金储备""，按 IAS 2 存货计量——也是少数明示会计政策的企业持金案例。（[Mineros 公告，2026](https://www.mineros.com.co/news/mineros-s-a-adopts-strategic-gold-reserve-policy-2026-07-10)）",https://www.mineros.com.co/news/mineros-s-a-adopts-strategic-gold-reserve-policy-2026-07-10
WEB-0338,跨国公司黄金硬通货需求调研报告.md,46,markdown_link,- **抵押对手方风险**：委内瑞拉 2016 年以 20 吨黄金抵押向德银贷款 7.5 亿美元，违约后黄金被没收。（[彭博/MINING.COM，2019](https://www.mining.com/web/venezuela-said-default-gold-swap-deutsche-bank/)）,https://www.mining.com/web/venezuela-said-default-gold-swap-deutsche-bank
WEB-0338,跨国公司黄金硬通货需求调研报告.md,46,plain_url,- **抵押对手方风险**：委内瑞拉 2016 年以 20 吨黄金抵押向德银贷款 7.5 亿美元，违约后黄金被没收。（[彭博/MINING.COM，2019](https://www.mining.com/web/venezuela-said-default-gold-swap-deutsche-bank/)）,https://www.mining.com/web/venezuela-said-default-gold-swap-deutsche-bank
WEB-0339,最终数据/最终数据/research/media_sentiment_gold_paper/metadata/heywhale_app.js,1,plain_url,"(function(){""use strict"";var t={35448:function(t,e,i){i.d(e,{A:function(){return g}});var s=function(){var t=this,e=t._self._c;return e(""Modal"",{staticClass:""dataset-tag-select-modal"",attrs:{title:t.title,""mask-closable"":!1,transfer:!1,width:800},model:{value:t.showDialog,callback:function(e){t.showDialog=e},expression:""showDialog""}},[e(""div"",{staticStyle:{margin:""0 24px""}},[e(""Input"",{staticStyle:{width:""186px""},attrs:{search:"""",placeholder:""输入关键字搜索""},model:{value:t.form.Title,callback:function",https://www.modelwhale.com/
WEB-0340,最终数据/最终数据/research/media_sentiment_gold_paper/metadata/heywhale_app.js,1,plain_url,"(function(){""use strict"";var t={35448:function(t,e,i){i.d(e,{A:function(){return g}});var s=function(){var t=this,e=t._self._c;return e(""Modal"",{staticClass:""dataset-tag-select-modal"",attrs:{title:t.title,""mask-closable"":!1,transfer:!1,width:800},model:{value:t.showDialog,callback:function(e){t.showDialog=e},expression:""showDialog""}},[e(""div"",{staticStyle:{margin:""0 24px""}},[e(""Input"",{staticStyle:{width:""186px""},attrs:{search:"""",placeholder:""输入关键字搜索""},model:{value:t.form.Title,callback:function",https://www.modelwhale.com/pricing
WEB-0341,案例库/宏观危机篇/12_1998俄罗斯金融危机/案例档案.md,93,plain_url,3. RTS 指数历史数据（1997 峰值 → 1998 谷底）：<https://www.moex.com/en/index/RTS>,https://www.moex.com/en/index/RTS
WEB-0342,计划书/01_项目可行性研究与参赛方案书.pdf,1426,pdf_text,       接投资统计公报. 2025. url: https://www.mofcom.gov.cn/zfxxgk/fdzdgknr/,https://www.mofcom.gov.cn/zfxxgk/fdzdgknr
WEB-0342,计划书/02_项目执行与协作手册.pdf,1251,pdf_text,      接投资统计公报. 2025. url: https://www.mofcom.gov.cn/zfxxgk/fdzdgknr/,https://www.mofcom.gov.cn/zfxxgk/fdzdgknr
WEB-0343,计划书/03_多币种流动性与黄金战略储备周期配置计划书.pdf,1223,pdf_text,    资统计公报，2025，https://www.mofcom.gov.cn/zfxxgk/fdzdgknr/ztfl/tjsj/,https://www.mofcom.gov.cn/zfxxgk/fdzdgknr/ztfl/tjsj
WEB-0344,计划书/01_项目可行性研究与参赛方案书.pdf,annotation-28,pdf_annotation,PDF link annotation: https://www.mofcom.gov.cn/zfxxgk/fdzdgknr/ztfl/tjsj/gwjjhztj/art/2025/art_73650df853694bf0a192e5fceb2948bb.html,https://www.mofcom.gov.cn/zfxxgk/fdzdgknr/ztfl/tjsj/gwjjhztj/art/2025/art_73650df853694bf0a192e5fceb2948bb.html
WEB-0344,计划书/01_项目可行性研究与参赛方案书.pdf,annotation-29,pdf_annotation,PDF link annotation: https://www.mofcom.gov.cn/zfxxgk/fdzdgknr/ztfl/tjsj/gwjjhztj/art/2025/art_73650df853694bf0a192e5fceb2948bb.html,https://www.mofcom.gov.cn/zfxxgk/fdzdgknr/ztfl/tjsj/gwjjhztj/art/2025/art_73650df853694bf0a192e5fceb2948bb.html
WEB-0344,计划书/01_项目可行性研究与参赛方案书.pdf,annotation-30,pdf_annotation,PDF link annotation: https://www.mofcom.gov.cn/zfxxgk/fdzdgknr/ztfl/tjsj/gwjjhztj/art/2025/art_73650df853694bf0a192e5fceb2948bb.html,https://www.mofcom.gov.cn/zfxxgk/fdzdgknr/ztfl/tjsj/gwjjhztj/art/2025/art_73650df853694bf0a192e5fceb2948bb.html
WEB-0344,计划书/02_项目执行与协作手册.pdf,annotation-11,pdf_annotation,PDF link annotation: https://www.mofcom.gov.cn/zfxxgk/fdzdgknr/ztfl/tjsj/gwjjhztj/art/2025/art_73650df853694bf0a192e5fceb2948bb.html,https://www.mofcom.gov.cn/zfxxgk/fdzdgknr/ztfl/tjsj/gwjjhztj/art/2025/art_73650df853694bf0a192e5fceb2948bb.html
WEB-0344,计划书/02_项目执行与协作手册.pdf,annotation-12,pdf_annotation,PDF link annotation: https://www.mofcom.gov.cn/zfxxgk/fdzdgknr/ztfl/tjsj/gwjjhztj/art/2025/art_73650df853694bf0a192e5fceb2948bb.html,https://www.mofcom.gov.cn/zfxxgk/fdzdgknr/ztfl/tjsj/gwjjhztj/art/2025/art_73650df853694bf0a192e5fceb2948bb.html
WEB-0344,计划书/03_多币种流动性与黄金战略储备周期配置计划书.pdf,annotation-1,pdf_annotation,PDF link annotation: https://www.mofcom.gov.cn/zfxxgk/fdzdgknr/ztfl/tjsj/gwjjhztj/art/2025/art_73650df853694bf0a192e5fceb2948bb.html,https://www.mofcom.gov.cn/zfxxgk/fdzdgknr/ztfl/tjsj/gwjjhztj/art/2025/art_73650df853694bf0a192e5fceb2948bb.html
WEB-0344,计划书/03_多币种流动性与黄金战略储备周期配置计划书.pdf,annotation-2,pdf_annotation,PDF link annotation: https://www.mofcom.gov.cn/zfxxgk/fdzdgknr/ztfl/tjsj/gwjjhztj/art/2025/art_73650df853694bf0a192e5fceb2948bb.html,https://www.mofcom.gov.cn/zfxxgk/fdzdgknr/ztfl/tjsj/gwjjhztj/art/2025/art_73650df853694bf0a192e5fceb2948bb.html
WEB-0344,计划书/03_多币种流动性与黄金战略储备周期配置计划书.tex,778,plain_url,中华人民共和国商务部、国家统计局、国家外汇管理局，\emph{2024年度中国对外直接投资统计公报}，2025，\url{https://www.mofcom.gov.cn/zfxxgk/fdzdgknr/ztfl/tjsj/gwjjhztj/art/2025/art_73650df853694bf0a192e5fceb2948bb.html}。,https://www.mofcom.gov.cn/zfxxgk/fdzdgknr/ztfl/tjsj/gwjjhztj/art/2025/art_73650df853694bf0a192e5fceb2948bb.html
WEB-0344,计划书/04_亚非拉国别风险与多币种储备智能决策平台总计划书.pdf,annotation-13,pdf_annotation,PDF link annotation: https://www.mofcom.gov.cn/zfxxgk/fdzdgknr/ztfl/tjsj/gwjjhztj/art/2025/art_73650df853694bf0a192e5fceb2948bb.html,https://www.mofcom.gov.cn/zfxxgk/fdzdgknr/ztfl/tjsj/gwjjhztj/art/2025/art_73650df853694bf0a192e5fceb2948bb.html
WEB-0344,计划书/04_亚非拉国别风险与多币种储备智能决策平台总计划书.pdf,annotation-14,pdf_annotation,PDF link annotation: https://www.mofcom.gov.cn/zfxxgk/fdzdgknr/ztfl/tjsj/gwjjhztj/art/2025/art_73650df853694bf0a192e5fceb2948bb.html,https://www.mofcom.gov.cn/zfxxgk/fdzdgknr/ztfl/tjsj/gwjjhztj/art/2025/art_73650df853694bf0a192e5fceb2948bb.html
WEB-0344,计划书/04_亚非拉国别风险与多币种储备智能决策平台总计划书.pdf,annotation-15,pdf_annotation,PDF link annotation: https://www.mofcom.gov.cn/zfxxgk/fdzdgknr/ztfl/tjsj/gwjjhztj/art/2025/art_73650df853694bf0a192e5fceb2948bb.html,https://www.mofcom.gov.cn/zfxxgk/fdzdgknr/ztfl/tjsj/gwjjhztj/art/2025/art_73650df853694bf0a192e5fceb2948bb.html
WEB-0344,计划书/04_亚非拉国别风险与多币种储备智能决策平台总计划书.pdf,annotation-16,pdf_annotation,PDF link annotation: https://www.mofcom.gov.cn/zfxxgk/fdzdgknr/ztfl/tjsj/gwjjhztj/art/2025/art_73650df853694bf0a192e5fceb2948bb.html,https://www.mofcom.gov.cn/zfxxgk/fdzdgknr/ztfl/tjsj/gwjjhztj/art/2025/art_73650df853694bf0a192e5fceb2948bb.html
WEB-0344,计划书/04_亚非拉国别风险与多币种储备智能决策平台总计划书.pdf,annotation-17,pdf_annotation,PDF link annotation: https://www.mofcom.gov.cn/zfxxgk/fdzdgknr/ztfl/tjsj/gwjjhztj/art/2025/art_73650df853694bf0a192e5fceb2948bb.html,https://www.mofcom.gov.cn/zfxxgk/fdzdgknr/ztfl/tjsj/gwjjhztj/art/2025/art_73650df853694bf0a192e5fceb2948bb.html
WEB-0344,计划书/04_亚非拉国别风险与多币种储备智能决策平台总计划书.tex,2060,plain_url,中华人民共和国商务部：《2024年度中国对外直接投资统计公报》相关发布页，\url{https://www.mofcom.gov.cn/zfxxgk/fdzdgknr/ztfl/tjsj/gwjjhztj/art/2025/art_73650df853694bf0a192e5fceb2948bb.html}，访问日期：2026-08-15。,https://www.mofcom.gov.cn/zfxxgk/fdzdgknr/ztfl/tjsj/gwjjhztj/art/2025/art_73650df853694bf0a192e5fceb2948bb.html
WEB-0344,计划书/05_全球经济周期与亚非拉国别风险多币种储备智能决策平台总计划书.pdf,annotation-13,pdf_annotation,PDF link annotation: https://www.mofcom.gov.cn/zfxxgk/fdzdgknr/ztfl/tjsj/gwjjhztj/art/2025/art_73650df853694bf0a192e5fceb2948bb.html,https://www.mofcom.gov.cn/zfxxgk/fdzdgknr/ztfl/tjsj/gwjjhztj/art/2025/art_73650df853694bf0a192e5fceb2948bb.html
WEB-0344,计划书/05_全球经济周期与亚非拉国别风险多币种储备智能决策平台总计划书.pdf,annotation-14,pdf_annotation,PDF link annotation: https://www.mofcom.gov.cn/zfxxgk/fdzdgknr/ztfl/tjsj/gwjjhztj/art/2025/art_73650df853694bf0a192e5fceb2948bb.html,https://www.mofcom.gov.cn/zfxxgk/fdzdgknr/ztfl/tjsj/gwjjhztj/art/2025/art_73650df853694bf0a192e5fceb2948bb.html
WEB-0344,计划书/05_全球经济周期与亚非拉国别风险多币种储备智能决策平台总计划书.pdf,annotation-15,pdf_annotation,PDF link annotation: https://www.mofcom.gov.cn/zfxxgk/fdzdgknr/ztfl/tjsj/gwjjhztj/art/2025/art_73650df853694bf0a192e5fceb2948bb.html,https://www.mofcom.gov.cn/zfxxgk/fdzdgknr/ztfl/tjsj/gwjjhztj/art/2025/art_73650df853694bf0a192e5fceb2948bb.html
WEB-0344,计划书/05_全球经济周期与亚非拉国别风险多币种储备智能决策平台总计划书.pdf,annotation-16,pdf_annotation,PDF link annotation: https://www.mofcom.gov.cn/zfxxgk/fdzdgknr/ztfl/tjsj/gwjjhztj/art/2025/art_73650df853694bf0a192e5fceb2948bb.html,https://www.mofcom.gov.cn/zfxxgk/fdzdgknr/ztfl/tjsj/gwjjhztj/art/2025/art_73650df853694bf0a192e5fceb2948bb.html
WEB-0344,计划书/05_全球经济周期与亚非拉国别风险多币种储备智能决策平台总计划书.pdf,annotation-17,pdf_annotation,PDF link annotation: https://www.mofcom.gov.cn/zfxxgk/fdzdgknr/ztfl/tjsj/gwjjhztj/art/2025/art_73650df853694bf0a192e5fceb2948bb.html,https://www.mofcom.gov.cn/zfxxgk/fdzdgknr/ztfl/tjsj/gwjjhztj/art/2025/art_73650df853694bf0a192e5fceb2948bb.html
WEB-0344,计划书/05_全球经济周期与亚非拉国别风险多币种储备智能决策平台总计划书.tex,2417,plain_url,中华人民共和国商务部：《2024年度中国对外直接投资统计公报》相关发布页，\url{https://www.mofcom.gov.cn/zfxxgk/fdzdgknr/ztfl/tjsj/gwjjhztj/art/2025/art_73650df853694bf0a192e5fceb2948bb.html}，访问日期：2026-08-15。,https://www.mofcom.gov.cn/zfxxgk/fdzdgknr/ztfl/tjsj/gwjjhztj/art/2025/art_73650df853694bf0a192e5fceb2948bb.html
WEB-0344,计划书/references.bib,13,plain_url,"  url         = {https://www.mofcom.gov.cn/zfxxgk/fdzdgknr/ztfl/tjsj/gwjjhztj/art/2025/art_73650df853694bf0a192e5fceb2948bb.html},",https://www.mofcom.gov.cn/zfxxgk/fdzdgknr/ztfl/tjsj/gwjjhztj/art/2025/art_73650df853694bf0a192e5fceb2948bb.html
WEB-0345,企业资产配置调研报告.md,147,markdown_link,"- **注意**：企业年金/职业年金目前不能直接投资黄金（人社部发〔2020〕95 号）——机构配置黄金整体仍处""逐步开闸""阶段。（[人社部，2020](https://www.mohrss.gov.cn/shbxjjjds/SHBXJDSzhengcewenjian/202012/t20201230_406915.html)）",https://www.mohrss.gov.cn/shbxjjjds/SHBXJDSzhengcewenjian/202012/t20201230_406915.html
WEB-0345,企业资产配置调研报告.md,147,plain_url,"- **注意**：企业年金/职业年金目前不能直接投资黄金（人社部发〔2020〕95 号）——机构配置黄金整体仍处""逐步开闸""阶段。（[人社部，2020](https://www.mohrss.gov.cn/shbxjjjds/SHBXJDSzhengcewenjian/202012/t20201230_406915.html)）",https://www.mohrss.gov.cn/shbxjjjds/SHBXJDSzhengcewenjian/202012/t20201230_406915.html
WEB-0346,案例库/微观企业篇/01_MTN尼日利亚/案例档案.md,74,plain_url,2. MTN Group 2024 年报（含尼日利亚分部汇兑损失披露）：<https://www.mtn.com/>,https://www.mtn.com/
WEB-0347,案例库/货币崩溃篇/06_2022-2024尼日利亚奈拉崩溃/案例档案.md,94,plain_url,"3. MTN Nigeria 2023/2024 财报（汇兑损失 7,404 亿 + 9,254 亿奈拉）：MTN Group 与 MTN Nigeria 官方公告（NGX 披露）：<https://www.mtn.ng/>",https://www.mtn.ng/
WEB-0347,案例库/微观企业篇/01_MTN尼日利亚/案例档案.md,73,plain_url,1. MTN Nigeria 2023/2024 年报与业绩公告（NGX 披露）：<https://www.mtn.ng/>,https://www.mtn.ng/
WEB-0348,计划书/01_项目可行性研究与参赛方案书.pdf,annotation-4,pdf_annotation,PDF link annotation: https://www.nber.org/papers/w18706,https://www.nber.org/papers/w18706
WEB-0348,计划书/01_项目可行性研究与参赛方案书.pdf,annotation-5,pdf_annotation,PDF link annotation: https://www.nber.org/papers/w18706,https://www.nber.org/papers/w18706
WEB-0348,计划书/03_多币种流动性与黄金战略储备周期配置计划书.pdf,1266,pdf_text,"    18706, 2013, https://www.nber.org/papers/w18706.",https://www.nber.org/papers/w18706
WEB-0348,计划书/03_多币种流动性与黄金战略储备周期配置计划书.pdf,annotation-26,pdf_annotation,PDF link annotation: https://www.nber.org/papers/w18706,https://www.nber.org/papers/w18706
WEB-0348,计划书/03_多币种流动性与黄金战略储备周期配置计划书.tex,811,plain_url,"Claude B. Erb and Campbell R. Harvey, \emph{The Golden Dilemma}, NBER Working Paper 18706, 2013, \url{https://www.nber.org/papers/w18706}.",https://www.nber.org/papers/w18706
WEB-0348,计划书/references.bib,101,plain_url,  url         = {https://www.nber.org/papers/w18706},https://www.nber.org/papers/w18706
WEB-0349,计划书/05_全球经济周期与亚非拉国别风险多币种储备智能决策平台总计划书.pdf,annotation-38,pdf_annotation,PDF link annotation: https://www.nber.org/research/business-cycle-dating,https://www.nber.org/research/business-cycle-dating
WEB-0349,计划书/05_全球经济周期与亚非拉国别风险多币种储备智能决策平台总计划书.pdf,annotation-39,pdf_annotation,PDF link annotation: https://www.nber.org/research/business-cycle-dating,https://www.nber.org/research/business-cycle-dating
WEB-0349,计划书/05_全球经济周期与亚非拉国别风险多币种储备智能决策平台总计划书.tex,2447,plain_url,"National Bureau of Economic Research, Business Cycle Dating, \url{https://www.nber.org/research/business-cycle-dating}, accessed 2026-08-16.",https://www.nber.org/research/business-cycle-dating
WEB-0350,计划书/05_全球经济周期与亚非拉国别风险多币种储备智能决策平台总计划书.pdf,5438,pdf_spaced_url,"    sions    and     Contractions,   https : / / www . nber . org / research / data /",https://www.nber.org/research/data
WEB-0351,计划书/05_全球经济周期与亚非拉国别风险多币种储备智能决策平台总计划书.pdf,annotation-40,pdf_annotation,PDF link annotation: https://www.nber.org/research/data/us-business-cycle-expansions-and-contractions,https://www.nber.org/research/data/us-business-cycle-expansions-and-contractions
WEB-0351,计划书/05_全球经济周期与亚非拉国别风险多币种储备智能决策平台总计划书.pdf,annotation-41,pdf_annotation,PDF link annotation: https://www.nber.org/research/data/us-business-cycle-expansions-and-contractions,https://www.nber.org/research/data/us-business-cycle-expansions-and-contractions
WEB-0351,计划书/05_全球经济周期与亚非拉国别风险多币种储备智能决策平台总计划书.tex,2450,plain_url,"National Bureau of Economic Research, US Business Cycle Expansions and Contractions, \url{https://www.nber.org/research/data/us-business-cycle-expansions-and-contractions}, accessed 2026-08-16.",https://www.nber.org/research/data/us-business-cycle-expansions-and-contractions
WEB-0352,跨国公司黄金硬通货需求调研报告.md,43,markdown_link,- **学术研究**：Erb & Harvey《The Golden Dilemma》（NBER w18706，2013）——黄金的通胀对冲有效性在可承受时间尺度上不稳定。（[NBER，2013](https://www.nber.org/system/files/working_papers/w18706/w18706.pdf)）,https://www.nber.org/system/files/working_papers/w18706/w18706.pdf
WEB-0352,跨国公司黄金硬通货需求调研报告.md,43,plain_url,- **学术研究**：Erb & Harvey《The Golden Dilemma》（NBER w18706，2013）——黄金的通胀对冲有效性在可承受时间尺度上不稳定。（[NBER，2013](https://www.nber.org/system/files/working_papers/w18706/w18706.pdf)）,https://www.nber.org/system/files/working_papers/w18706/w18706.pdf
WEB-0353,计划书/05_全球经济周期与亚非拉国别风险多币种储备智能决策平台总计划书.pdf,5434,pdf_text,"[16] National Bureau of Economic Research, Business Cycle Dating, https://www.nber.",https://www.nber/
WEB-0354,企业资产配置调研报告.md,27,markdown_link,- **资产结构实例**（新三板样本）：流动性资产（应收+存货）常合计占总资产 50% 以上、固定资产占比低、货币资金储备薄；应收账款占总资产 30%–50%、存货 20%–40%。（[全国股转系统公司年报披露，2021–2022](https://www.neeq.com.cn/disclosure/2022/2022-08-19/1660895675_962813.pdf)）,https://www.neeq.com.cn/disclosure/2022/2022-08-19/1660895675_962813.pdf
WEB-0354,企业资产配置调研报告.md,27,plain_url,- **资产结构实例**（新三板样本）：流动性资产（应收+存货）常合计占总资产 50% 以上、固定资产占比低、货币资金储备薄；应收账款占总资产 30%–50%、存货 20%–40%。（[全国股转系统公司年报披露，2021–2022](https://www.neeq.com.cn/disclosure/2022/2022-08-19/1660895675_962813.pdf)）,https://www.neeq.com.cn/disclosure/2022/2022-08-19/1660895675_962813.pdf
WEB-0355,案例库/货币崩溃篇/06_2022-2024尼日利亚奈拉崩溃/案例档案.md,95,plain_url,4. 雀巢尼日利亚 2023 年报（股东权益 -780 亿奈拉）：雀巢尼日利亚/NGX 披露：<https://www.nestle-cwa.com/>,https://www.nestle-cwa.com/
WEB-0355,案例库/微观企业篇/02_雀巢尼日利亚/案例档案.md,73,plain_url,1. 雀巢尼日利亚 2023/2024 年年报（NGX 披露）：<https://www.nestle-cwa.com/>,https://www.nestle-cwa.com/
WEB-0356,案例库/微观企业篇/02_雀巢尼日利亚/案例档案.md,74,plain_url,2. 雀巢集团 2023 年报（尼日利亚分部汇兑损失与资不抵债披露）：<https://www.nestle.com/>,https://www.nestle.com/
WEB-0357,企业资产配置调研报告.md,83,markdown_link,来源：[金融监管总局官网全文](https://www.nfra.gov.cn/cn/view/pages/ItemDetail.html?docId=1151066&itemId=4214&generaltype=1),https://www.nfra.gov.cn/cn/view/pages/ItemDetail.html?docId=1151066&itemId=4214&generaltype=1
WEB-0357,企业资产配置调研报告.md,83,plain_url,来源：[金融监管总局官网全文](https://www.nfra.gov.cn/cn/view/pages/ItemDetail.html?docId=1151066&itemId=4214&generaltype=1),https://www.nfra.gov.cn/cn/view/pages/ItemDetail.html?docId=1151066&itemId=4214&generaltype=1
WEB-0358,企业资产配置调研报告.md,71,markdown_link,- **★ 保险资金投资黄金试点（2025，关键政策依据）**：金融监管总局 2025-02-07 印发《关于开展保险资金投资黄金业务试点的通知》，首次允许保险资金直接配置黄金；**10 家试点机构**（国寿、太平人寿、平安人寿、太保寿险、泰康、新华、人保财险、平安财险、太保财险、中国信保）；投资黄金账面余额合计**不得超过上季末总资产的 1%**（测算上限约 1990 亿元）；投资范围限 SGE 现货实盘/延期交收/上海金定价/询价即期掉期合约；要求**以中长期资产配置为目的**。2025 年 3 月中国人寿完成首笔黄金询价交易。（[金融监管总局原文，2025-02-07](https://www.nfra.gov.cn/cn/view/pages/ItemDetail.html?docId=1198136&itemId=915)；[北京日报，2025-02](https://xinwen.bjd.com.cn/content/s67a5ceb2e4b08edd28f4c180.html)；[上海市委金融办，2025-03](https://jrj.sh.gov.cn/BX182/2,https://www.nfra.gov.cn/cn/view/pages/ItemDetail.html?docId=1198136&itemId=915
WEB-0358,企业资产配置调研报告.md,71,plain_url,- **★ 保险资金投资黄金试点（2025，关键政策依据）**：金融监管总局 2025-02-07 印发《关于开展保险资金投资黄金业务试点的通知》，首次允许保险资金直接配置黄金；**10 家试点机构**（国寿、太平人寿、平安人寿、太保寿险、泰康、新华、人保财险、平安财险、太保财险、中国信保）；投资黄金账面余额合计**不得超过上季末总资产的 1%**（测算上限约 1990 亿元）；投资范围限 SGE 现货实盘/延期交收/上海金定价/询价即期掉期合约；要求**以中长期资产配置为目的**。2025 年 3 月中国人寿完成首笔黄金询价交易。（[金融监管总局原文，2025-02-07](https://www.nfra.gov.cn/cn/view/pages/ItemDetail.html?docId=1198136&itemId=915)；[北京日报，2025-02](https://xinwen.bjd.com.cn/content/s67a5ceb2e4b08edd28f4c180.html)；[上海市委金融办，2025-03](https://jrj.sh.gov.cn/BX182/2,https://www.nfra.gov.cn/cn/view/pages/ItemDetail.html?docId=1198136&itemId=915
WEB-0359,企业资产配置调研报告.md,97,markdown_link,"- 即：**销售收入与营运资金缺口决定""需求侧额度""，信用评级、抵押担保、现金流决定""风险侧额度""**。（[办法附件测算示例](https://www.nfra.gov.cn/cn/view/pages/rulesDetail.html?docId=1151066)；[中国金融新闻网，2024-02](https://www.financialnews.com.cn/jg/zc/202402/t20240202_286986.html)）",https://www.nfra.gov.cn/cn/view/pages/rulesDetail.html?docId=1151066
WEB-0359,企业资产配置调研报告.md,97,plain_url,"- 即：**销售收入与营运资金缺口决定""需求侧额度""，信用评级、抵押担保、现金流决定""风险侧额度""**。（[办法附件测算示例](https://www.nfra.gov.cn/cn/view/pages/rulesDetail.html?docId=1151066)；[中国金融新闻网，2024-02](https://www.financialnews.com.cn/jg/zc/202402/t20240202_286986.html)）",https://www.nfra.gov.cn/cn/view/pages/rulesDetail.html?docId=1151066
WEB-0360,案例库/货币崩溃篇/06_2022-2024尼日利亚奈拉崩溃/案例档案.md,93,plain_url,2. 尼日利亚 CPI（2024-06 同比 34.2%）：尼日利亚国家统计局（NBS）：<https://www.nigerianstat.gov.ng/>,https://www.nigerianstat.gov.ng/
WEB-0360,案例库/微观企业篇/01_MTN尼日利亚/案例档案.md,76,plain_url,4. 尼日利亚 CPI（2024-06 34.2%）：尼日利亚国家统计局（NBS）：<https://www.nigerianstat.gov.ng/>,https://www.nigerianstat.gov.ng/
WEB-0360,案例库/微观企业篇/02_雀巢尼日利亚/案例档案.md,77,plain_url,5. 尼日利亚 CPI（2024-06 34.2%）：尼日利亚国家统计局（NBS）：<https://www.nigerianstat.gov.ng/>,https://www.nigerianstat.gov.ng/
WEB-0361,跨国公司黄金硬通货需求调研报告.md,72,markdown_link,"- 达能、嘉士伯俄资产被总统令置于""临时国家管理""（事实国有化）；Yale 名单追踪近 1,000 家企业宣布退出。（[Reuters，2024](https://www.rt.com/business/595044-firms-leaving-russia-losses/)；[OSW/KSE，2025](https://www.osw.waw.pl/en/publikacje/osw-commentary/2025-09-01/putins-elite-divides-spoils-russia-large-scale-nationalisation)）",https://www.osw.waw.pl/en/publikacje/osw-commentary/2025-09-01/putins-elite-divides-spoils-russia-large-scale-nationalisation
WEB-0361,跨国公司黄金硬通货需求调研报告.md,72,plain_url,"- 达能、嘉士伯俄资产被总统令置于""临时国家管理""（事实国有化）；Yale 名单追踪近 1,000 家企业宣布退出。（[Reuters，2024](https://www.rt.com/business/595044-firms-leaving-russia-losses/)；[OSW/KSE，2025](https://www.osw.waw.pl/en/publikacje/osw-commentary/2025-09-01/putins-elite-divides-spoils-russia-large-scale-nationalisation)）",https://www.osw.waw.pl/en/publikacje/osw-commentary/2025-09-01/putins-elite-divides-spoils-russia-large-scale-nationalisation
WEB-0362,跨国公司黄金硬通货需求调研报告.md,60,markdown_link,"- **黎巴嫩镑**：2023 年 2 月官方汇率一次性贬值 90%（1,507→15,000），黑市已超 60,000。**埃及镑**：2022 年以来三次贬值（~15.7→~50/美元）。（[The National，2023](https://www.thenationalnews.com/business/economy/2023/01/31/lebanon-to-devalue-the-pound-by-90-central-bank-governor-says/)；[PIIE，2024](https://www.piie.com/research/piie-charts/2024/egyptian-pound-devaluations-have-induced-recurring-crises-1952)）",https://www.piie.com/research/piie-charts/2024/egyptian-pound-devaluations-have-induced-recurring-crises-1952
WEB-0362,跨国公司黄金硬通货需求调研报告.md,60,plain_url,"- **黎巴嫩镑**：2023 年 2 月官方汇率一次性贬值 90%（1,507→15,000），黑市已超 60,000。**埃及镑**：2022 年以来三次贬值（~15.7→~50/美元）。（[The National，2023](https://www.thenationalnews.com/business/economy/2023/01/31/lebanon-to-devalue-the-pound-by-90-central-bank-governor-says/)；[PIIE，2024](https://www.piie.com/research/piie-charts/2024/egyptian-pound-devaluations-have-induced-recurring-crises-1952)）",https://www.piie.com/research/piie-charts/2024/egyptian-pound-devaluations-have-induced-recurring-crises-1952
WEB-0363,最终数据/最终数据/outputs/019f56e7-91fe-7a43-b1d0-ae50e45c9d0c/黄金价格传导链因素与时序数据_20260724.xlsx,xl/worksheets/sheet11.xml,xlsx_xml,XLSX entry: xl/worksheets/sheet11.xml,https://www.policyuncertainty.com/
WEB-0363,最终数据/最终数据/outputs/019f56e7-91fe-7a43-b1d0-ae50e45c9d0c/黄金价格传导链因素与时序数据_20260724.xlsx.inspect.ndjson,80405,plain_url,"{""kind"":""table"",""sheet"":""12_来源与口径"",""address"":""A1:M13"",""rows"":13,""cols"":13,""values"":[[""数据来源与时间口径"",null,null,null,null,null,null,null,null,null,null,null,null],[null,null,null,null,null,null,null,null,null,null,null,null,null],[""所有模型字段都应能追溯到此表；完整URL只集中存放在本页，避免在建模表中重复。"",null,null,null,null,null,null,null,null,null,null,null,null],[null,null,null,null,null,null,null,null,null,null,null,null,null],[""数据集ID"",""字段/用途"",""来源机构"",""频率"",""观察时间"",""模型可用时间"",""覆盖期"",""单位"",""官方URL"",""本地文件"",""许可/引用说明"",""工作表"",""备注""],[""SGE_DAILY",https://www.policyuncertainty.com/
WEB-0363,最终数据/最终数据/outputs/019f56e7-91fe-7a43-b1d0-ae50e45c9d0c/金银价格波动影响因素与时序数据_20260726.xlsx,xl/worksheets/sheet12.xml,xlsx_xml,XLSX entry: xl/worksheets/sheet12.xml,https://www.policyuncertainty.com/
WEB-0363,最终数据/最终数据/outputs/019f56e7-91fe-7a43-b1d0-ae50e45c9d0c/金银价格波动影响因素与时序数据_20260726.xlsx.inspect.ndjson,91397,plain_url,"{""kind"":""table"",""sheet"":""12_来源与口径"",""address"":""A1:M14"",""rows"":14,""cols"":13,""values"":[[""数据来源与时间口径"",null,null,null,null,null,null,null,null,null,null,null,null],[null,null,null,null,null,null,null,null,null,null,null,null,null],[""所有模型字段都应能追溯到此表；完整URL只集中存放在本页，避免在建模表中重复。"",null,null,null,null,null,null,null,null,null,null,null,null],[null,null,null,null,null,null,null,null,null,null,null,null,null],[""数据集ID"",""字段/用途"",""来源机构"",""频率"",""观察时间"",""模型可用时间"",""覆盖期"",""单位"",""官方URL"",""本地文件"",""许可/引用说明"",""工作表"",""备注""],[""SGE_DAILY",https://www.policyuncertainty.com/
WEB-0363,最终数据/最终数据/outputs/019f56e7-91fe-7a43-b1d0-ae50e45c9d0c/金银价格波动影响因素与时序数据_中文字段版_20260726.xlsx,xl/worksheets/sheet13.xml,xlsx_xml,XLSX entry: xl/worksheets/sheet13.xml,https://www.policyuncertainty.com/
WEB-0363,最终数据/最终数据/outputs/019f56e7-91fe-7a43-b1d0-ae50e45c9d0c/金银价格波动影响因素与时序数据_中文字段版_20260726.xlsx.inspect.ndjson,91689,plain_url,"{""kind"":""table"",""sheet"":""12_来源与口径"",""address"":""A1:M14"",""rows"":14,""cols"":13,""values"":[[""数据来源与时间口径"",null,null,null,null,null,null,null,null,null,null,null,null],[null,null,null,null,null,null,null,null,null,null,null,null,null],[""所有模型字段都应能追溯到此表；完整URL只集中存放在本页，避免在建模表中重复。"",null,null,null,null,null,null,null,null,null,null,null,null],[null,null,null,null,null,null,null,null,null,null,null,null,null],[""数据集ID"",""字段/用途"",""来源机构"",""频率"",""观察时间"",""模型可用时间"",""覆盖期"",""单位"",""官方URL"",""本地文件"",""许可/引用说明"",""工作表"",""备注""],[""SGE_DAILY",https://www.policyuncertainty.com/
WEB-0364,最终数据/最终数据/research/media_sentiment_gold_paper/README_论文学习与数据说明.md,62,plain_url,- 来源：https://www.policyuncertainty.com/china_monthly.html,https://www.policyuncertainty.com/china_monthly.html
WEB-0365,案例库/宏观危机篇/11_2013黄金暴跌（反面案例）/案例档案.md,60,plain_url,7. Reuters（经Politico转引），2013年12月31日——标普500全年+29.6%：<https://www.politico.com/tipsheets/playbook/2014/01/new-years-eve-reid-vs-paul-happy-new-year-and-obamacare-sayonara-2013-politico-presents-2013s-13-favorite-online-moments-no-more-white-house-petitions-no-lesson-the-clock-tick-tock-tick-tock-the-article-must-go-btv-gop-117247>,https://www.politico.com/tipsheets/playbook/2014/01/new-years-eve-reid-vs-paul-happy-new-year-and-obamacare-sayonara-2013-politico-presents-2013s-13-favorite-online-moments-no-more-white-house-petitions-no-lesson-the-clock-tick-tock-tick-tock-the-article-must-go-btv-gop-117247
WEB-0366,案例库/宏观危机篇/02_1933罗斯福黄金新政/案例档案.md,51,plain_url,2. The American Presidency Project（加州大学圣巴巴拉分校），《White House Statement on Proclamation 2072》（1934年1月31日原文），https://www.presidency.ucsb.edu/documents/white-house-statement-proclamation-2072,https://www.presidency.ucsb.edu/documents/white-house-statement-proclamation-2072
WEB-0367,跨国公司黄金硬通货需求调研报告.md,35,markdown_link,"- **上市公司""黄金金库""（2025 新趋势）**：Aurelion（NASDAQ）成为首家以 Tether Gold 为主要金库储备的上市公司（融资 1.5 亿美元）；Matador 分拆纯黄金金库公司 GODL。（[PR Newswire，2025](https://www.prnewswire.com/news-releases/prestige-wealth-inc-signs-and-closes-approx-150-million-financing-for-aurelion-treasury-initiating-nasdaq-s-first-tether-gold-treasury-prestige-wealth-inc-nasdaq-aure-plans-to-be-renamed-to-aurelion-inc-subject-to-appro-302583388.html)）",https://www.prnewswire.com/news-releases/prestige-wealth-inc-signs-and-closes-approx-150-million-financing-for-aurelion-treasury-initiating-nasdaq-s-first-tether-gold-treasury-prestige-wealth-inc-nasdaq-aure-plans-to-be-renamed-to-aurelion-inc-subject-to-appro-302583388.html
WEB-0367,跨国公司黄金硬通货需求调研报告.md,35,plain_url,"- **上市公司""黄金金库""（2025 新趋势）**：Aurelion（NASDAQ）成为首家以 Tether Gold 为主要金库储备的上市公司（融资 1.5 亿美元）；Matador 分拆纯黄金金库公司 GODL。（[PR Newswire，2025](https://www.prnewswire.com/news-releases/prestige-wealth-inc-signs-and-closes-approx-150-million-financing-for-aurelion-treasury-initiating-nasdaq-s-first-tether-gold-treasury-prestige-wealth-inc-nasdaq-aure-plans-to-be-renamed-to-aurelion-inc-subject-to-appro-302583388.html)）",https://www.prnewswire.com/news-releases/prestige-wealth-inc-signs-and-closes-approx-150-million-financing-for-aurelion-treasury-initiating-nasdaq-s-first-tether-gold-treasury-prestige-wealth-inc-nasdaq-aure-plans-to-be-renamed-to-aurelion-inc-subject-to-appro-302583388.html
WEB-0368,企业资产配置调研报告.md,60,markdown_link,- **贷款是资产端第一大科目，占比约 55%–58%**；金融投资（债券为主）约占 **29.4%**（2024Q3 上市银行 87.7 万亿元）；现金及存放央行约 6%–8%；同业资产约 4%–5%。（[普华永道，2024](https://www.pwccn.com/zh/banking/banking-newsletter-2024-q1.pdf)；[开源证券，2025-02](https://pdf.dfcfw.com/pdf/H3_AP202502131643043350_1.pdf)；[财联社，2025-01](https://m.cls.cn/detail/1913267)）,https://www.pwccn.com/zh/banking/banking-newsletter-2024-q1.pdf
WEB-0368,企业资产配置调研报告.md,60,plain_url,- **贷款是资产端第一大科目，占比约 55%–58%**；金融投资（债券为主）约占 **29.4%**（2024Q3 上市银行 87.7 万亿元）；现金及存放央行约 6%–8%；同业资产约 4%–5%。（[普华永道，2024](https://www.pwccn.com/zh/banking/banking-newsletter-2024-q1.pdf)；[开源证券，2025-02](https://pdf.dfcfw.com/pdf/H3_AP202502131643043350_1.pdf)；[财联社，2025-01](https://m.cls.cn/detail/1913267)）,https://www.pwccn.com/zh/banking/banking-newsletter-2024-q1.pdf
WEB-0369,案例库/地缘冲突与制裁篇/01_2022俄乌冲突-外储冻结/案例档案.md,89,plain_url,3. RAND《How Russia is using gold in wartime》（2025）：<https://www.rand.org/>,https://www.rand.org/
WEB-0369,案例库/地缘冲突与制裁篇/02_2022俄罗斯黄金制裁免疫/案例档案.md,83,plain_url,5. RAND《How Russia is using gold in wartime》：<https://www.rand.org/>,https://www.rand.org/
WEB-0369,案例库/地缘冲突与制裁篇/04_2012-2013土耳其-伊朗黄金换天然气/案例档案.md,90,plain_url,"10. RAND《How Russia is using gold in wartime》关于""黄金作为制裁下支付手段""的学术分析：<https://www.rand.org/>",https://www.rand.org/
WEB-0369,案例库/地缘冲突与制裁篇/05_2019委内瑞拉伦敦黄金冻结/案例档案.md,93,plain_url,8. 2022 年俄罗斯外储冻结与境内黄金对照分析：RAND《How Russia is using gold in wartime》：<https://www.rand.org/>,https://www.rand.org/
WEB-0369,案例库/地缘冲突与制裁篇/06_2014克里米亚危机-卢布暴跌/案例档案.md,87,plain_url,"6. 俄罗斯""黄金回国""与去美元化：RAND《How Russia is using gold in wartime》：<https://www.rand.org/>",https://www.rand.org/
WEB-0370,跨国公司黄金硬通货需求调研报告.md,27,markdown_link,"- **俄罗斯（2022 后）**：约 3000 亿美元外储被冻结，但 **2300+ 吨境内黄金储备无法被冻结**——黄金""制裁免疫""的最直接证据；随后 G7 禁进口俄金、LBMA 除名俄精炼厂，俄金折价经阿联酋（96.4 吨）/香港（88 吨）流转；RAND 有专门报告《How Russia is using gold in wartime》。（[路透社 Factbox，2023](https://www.usnews.com/news/world/articles/2023-12-28/factbox-what-and-where-are-russias-300-billion-in-reserves-frozen-in-the-west)；[RAND，2025](https://www.rand.org/content/dam/rand/pubs/research_reports/RRA3200/RRA3230-1/RAND_RRA3230-1.summary.pdf)）",https://www.rand.org/content/dam/rand/pubs/research_reports/RRA3200/RRA3230-1/RAND_RRA3230-1.summary.pdf
WEB-0370,跨国公司黄金硬通货需求调研报告.md,27,plain_url,"- **俄罗斯（2022 后）**：约 3000 亿美元外储被冻结，但 **2300+ 吨境内黄金储备无法被冻结**——黄金""制裁免疫""的最直接证据；随后 G7 禁进口俄金、LBMA 除名俄精炼厂，俄金折价经阿联酋（96.4 吨）/香港（88 吨）流转；RAND 有专门报告《How Russia is using gold in wartime》。（[路透社 Factbox，2023](https://www.usnews.com/news/world/articles/2023-12-28/factbox-what-and-where-are-russias-300-billion-in-reserves-frozen-in-the-west)；[RAND，2025](https://www.rand.org/content/dam/rand/pubs/research_reports/RRA3200/RRA3230-1/RAND_RRA3230-1.summary.pdf)）",https://www.rand.org/content/dam/rand/pubs/research_reports/RRA3200/RRA3230-1/RAND_RRA3230-1.summary.pdf
WEB-0371,案例库/宏观危机篇/10_1990日本资产泡沫破裂/案例档案.md,87,plain_url,2. 日本不动产研究所《六大城市地价指数》历史数据（商业地价 -87%）：<https://www.reinet.or.jp/en/data/indices/land-price/urban-land-price-index/>,https://www.reinet.or.jp/en/data/indices/land-price/urban-land-price-index
WEB-0372,案例库/微观企业篇/06_雷诺法兴俄罗斯退出/案例档案.md,75,plain_url,1. 雷诺 2022 年报与 AvtoVAZ 出售（1 卢布）公告：雷诺集团官网/SEC 20-F：<https://www.renaultgroup.com/>,https://www.renaultgroup.com/
WEB-0373,案例库/货币崩溃篇/03_2015-2021委内瑞拉玻利瓦尔/案例档案.md,94,plain_url,5. 2020 年以 9 吨黄金支付伊朗换汽油：Reuters 2020-05：<https://www.reuters.com/article/idUSKBN22Y0SR/>,https://www.reuters.com/article/idUSKBN22Y0SR
WEB-0374,案例库/地缘冲突与制裁篇/01_2022俄乌冲突-外储冻结/案例档案.md,92,plain_url,"6. 西方企业退出俄罗斯损失超 1,070 亿美元：Reuters 2024-03 统计：<https://www.reuters.com/business/>",https://www.reuters.com/business
WEB-0374,案例库/微观企业篇/06_雷诺法兴俄罗斯退出/案例档案.md,77,plain_url,"3. 西方企业退出俄罗斯损失超 1,070 亿美元：Reuters 2024-03 统计：<https://www.reuters.com/business/>",https://www.reuters.com/business
WEB-0375,案例库/货币崩溃篇/07_2022-2024埃及镑贬值/案例档案.md,93,plain_url,5. 阿联酋 ADQ 350 亿美元注资（2024-02）：Reuters/路透报道：<https://www.reuters.com/markets/>,https://www.reuters.com/markets
WEB-0376,案例库/地缘冲突与制裁篇/03_2024以色列-伊朗冲突/案例档案.md,90,plain_url,"3. 2024-10-26 以色列打击与金价 2,790 新高：Reuters 2024-10：<https://www.reuters.com/markets/commodities/>",https://www.reuters.com/markets/commodities
WEB-0376,案例库/货币崩溃篇/08_2010-2025伊朗里亚尔/案例档案.md,94,plain_url,3. Azadi 金币价格走势：Iran Gold / Tehran Gold Market 数据及 Reuters 财经报道：<https://www.reuters.com/markets/commodities/>,https://www.reuters.com/markets/commodities
WEB-0376,案例库/微观企业篇/09_Tether黄金储备/案例档案.md,77,plain_url,2. Bloomberg/Reuters 2025 年报道《Tether's gold holdings surpass most central banks》：<https://www.reuters.com/markets/commodities/>,https://www.reuters.com/markets/commodities
WEB-0377,案例库/货币崩溃篇/04_2018土耳其里拉危机/案例档案.md,96,plain_url,7. 2018-08-10 里拉单日 -14% 与新兴市场传染：Reuters/Bloomberg 2018 年 8 月报道：<https://www.reuters.com/markets/currencies/>,https://www.reuters.com/markets/currencies
WEB-0378,案例库/微观企业篇/08_Palantir黑天鹅黄金/案例档案.md,75,plain_url,2. CEO 卡普公开表述（金库地点、接受黄金付款意向）：Reuters/Bloomberg 2021-08 报道：<https://www.reuters.com/technology/>,https://www.reuters.com/technology
WEB-0379,案例库/地缘冲突与制裁篇/01_2022俄乌冲突-外储冻结/案例档案.md,87,plain_url,"1. 俄罗斯外储被冻结约 3,000 亿美元：Reuters/Reuters 2022-02-28 报道：<https://www.reuters.com/world/europe/>",https://www.reuters.com/world/europe
WEB-0380,跨国公司黄金硬通货需求调研报告.md,72,markdown_link,"- 达能、嘉士伯俄资产被总统令置于""临时国家管理""（事实国有化）；Yale 名单追踪近 1,000 家企业宣布退出。（[Reuters，2024](https://www.rt.com/business/595044-firms-leaving-russia-losses/)；[OSW/KSE，2025](https://www.osw.waw.pl/en/publikacje/osw-commentary/2025-09-01/putins-elite-divides-spoils-russia-large-scale-nationalisation)）",https://www.rt.com/business/595044-firms-leaving-russia-losses
WEB-0380,跨国公司黄金硬通货需求调研报告.md,72,plain_url,"- 达能、嘉士伯俄资产被总统令置于""临时国家管理""（事实国有化）；Yale 名单追踪近 1,000 家企业宣布退出。（[Reuters，2024](https://www.rt.com/business/595044-firms-leaving-russia-losses/)；[OSW/KSE，2025](https://www.osw.waw.pl/en/publikacje/osw-commentary/2025-09-01/putins-elite-divides-spoils-russia-large-scale-nationalisation)）",https://www.rt.com/business/595044-firms-leaving-russia-losses
WEB-0381,企业资产配置调研报告.md,65,markdown_link,- 2024 年末全行业总资产 12.93 万亿元、净资产 3.13 万亿元。（[中国证券业协会，2025](https://www.sac.net.cn/sjb/xxgk/hysj/jjsj/202512/t20251231_73981.html)）,https://www.sac.net.cn/sjb/xxgk/hysj/jjsj/202512/t20251231_73981.html
WEB-0381,企业资产配置调研报告.md,65,plain_url,- 2024 年末全行业总资产 12.93 万亿元、净资产 3.13 万亿元。（[中国证券业协会，2025](https://www.sac.net.cn/sjb/xxgk/hysj/jjsj/202512/t20251231_73981.html)）,https://www.sac.net.cn/sjb/xxgk/hysj/jjsj/202512/t20251231_73981.html
WEB-0382,案例库/宏观危机篇/16_2022美联储激进加息周期/案例档案.md,99,plain_url,7. 中国央行 2022 年 11 月重启购金（+32 吨）：国家外汇管理局 2022 年 12 月官方储备数据公报：<https://www.safe.gov.cn/>,https://www.safe.gov.cn/
WEB-0383,案例库/宏观危机篇/06_1987黑色星期一/案例档案.md,80,plain_url,7. 上海高级金融学院（转文汇报，2015）：港股及全球市场1987年10月跌幅数据。https://www.saif.sjtu.edu.cn/show-66-2563.html,https://www.saif.sjtu.edu.cn/show-66-2563.html
WEB-0384,企业资产配置调研报告.md,110,markdown_link,- **现金流类补充指标**：经营现金流/流动负债、现金流量比率、现金利息保障倍数、EBITDA/利息费用。（[《清华大学学报》财务预警综述，2023](https://www.sciopen.com/local/article_pdf/10.16511/j.cnki.qhdxxb.2023.21.008.pdf)）,https://www.sciopen.com/local/article_pdf/10.16511/j.cnki.qhdxxb.2023.21.008.pdf
WEB-0384,企业资产配置调研报告.md,110,plain_url,- **现金流类补充指标**：经营现金流/流动负债、现金流量比率、现金利息保障倍数、EBITDA/利息费用。（[《清华大学学报》财务预警综述，2023](https://www.sciopen.com/local/article_pdf/10.16511/j.cnki.qhdxxb.2023.21.008.pdf)）,https://www.sciopen.com/local/article_pdf/10.16511/j.cnki.qhdxxb.2023.21.008.pdf
WEB-0385,案例库/宏观危机篇/08_2000互联网泡沫/案例档案.md,77,plain_url,2. Newmont 公司 10-K 年报（SEC，2006）——引 LBMA 伦敦下午定盘价年度高/低/均价（2000：279；2001：271；2002：310 美元/盎司）。https://www.sec.gov/Archives/edgar/data/1164727/000119312506043441/d10k.htm,https://www.sec.gov/Archives/edgar/data/1164727/000119312506043441/d10k.htm
WEB-0386,案例库/宏观危机篇/09_2008全球金融危机/案例档案.md,45,plain_url,3. 美国SEC备案文件（SPDR Gold Trust FWP，载2008年3月17日金价1011美元纪录），2009年，https://www.sec.gov/Archives/edgar/data/1222333/000095012309004884/y01039ffwp.htm,https://www.sec.gov/Archives/edgar/data/1222333/000095012309004884/y01039ffwp.htm
WEB-0387,案例库/货币崩溃篇/09_2023-2024阿根廷比索危机/案例档案.md,95,plain_url,3. AB InBev 2023 年报（阿根廷贬值 + IAS 29 冲击 3.03 亿美元）：SEC EDGAR：<https://www.sec.gov/Archives/edgar/data/1668717/>,https://www.sec.gov/Archives/edgar/data/1668717
WEB-0388,案例库/微观企业篇/03_ABInBev阿根廷/案例档案.md,73,plain_url,1. AB InBev 2023 年报（20-F，IAS 29 重述与贬值负面影响 3.03 亿美元）：SEC EDGAR：<https://www.sec.gov/Archives/edgar/data/1668717/000119312524052002/>,https://www.sec.gov/Archives/edgar/data/1668717/000119312524052002
WEB-0389,跨国公司黄金硬通货需求调研报告.md,58,markdown_link,- **阿根廷比索**：2023 年 12 月一次性贬值 350→809；AB InBev 2023 年因阿根廷贬值+IAS 29 重述，税后利润负面冲击 **3.03 亿美元**。（[AB InBev FY2023，SEC](https://www.sec.gov/Archives/edgar/data/1668717/000119312524052002/d788729dex991.htm)）,https://www.sec.gov/Archives/edgar/data/1668717/000119312524052002/d788729dex991.htm
WEB-0389,跨国公司黄金硬通货需求调研报告.md,58,plain_url,- **阿根廷比索**：2023 年 12 月一次性贬值 350→809；AB InBev 2023 年因阿根廷贬值+IAS 29 重述，税后利润负面冲击 **3.03 亿美元**。（[AB InBev FY2023，SEC](https://www.sec.gov/Archives/edgar/data/1668717/000119312524052002/d788729dex991.htm)）,https://www.sec.gov/Archives/edgar/data/1668717/000119312524052002/d788729dex991.htm
WEB-0390,跨国公司黄金硬通货需求调研报告.md,44,markdown_link,- **企业涉金失败案例**：Ashanti Goldfields 套保危机（1999，浮亏 4.5–5.7 亿美元、几近破产）；Barrick 解除对冲（2009，确认约 56 亿美元损失）。（[Cornerstone Research](https://www.cornerstone.com/insights/cases/ashanti-goldfields-securities-litigation/)；[Barrick 2009 年报，SEC](https://www.sec.gov/Archives/edgar/data/756894/000110465910017012/a10-4461_1ex99d1.htm)）,https://www.sec.gov/Archives/edgar/data/756894/000110465910017012/a10-4461_1ex99d1.htm
WEB-0390,跨国公司黄金硬通货需求调研报告.md,44,plain_url,- **企业涉金失败案例**：Ashanti Goldfields 套保危机（1999，浮亏 4.5–5.7 亿美元、几近破产）；Barrick 解除对冲（2009，确认约 56 亿美元损失）。（[Cornerstone Research](https://www.cornerstone.com/insights/cases/ashanti-goldfields-securities-litigation/)；[Barrick 2009 年报，SEC](https://www.sec.gov/Archives/edgar/data/756894/000110465910017012/a10-4461_1ex99d1.htm)）,https://www.sec.gov/Archives/edgar/data/756894/000110465910017012/a10-4461_1ex99d1.htm
WEB-0391,案例库/微观企业篇/08_Palantir黑天鹅黄金/案例档案.md,77,plain_url,4. Palantir 10-Q/10-K（SEC EDGAR）：<https://www.sec.gov/edgar/browse/?CIK=0001321655>,https://www.sec.gov/edgar/browse/?CIK=0001321655
WEB-0392,案例库/微观企业篇/05_华为/案例档案.md,77,plain_url,5. 2025 年人民币金价上涨（约 +20%+）：上海黄金交易所（SGE）Au99.99 行情：<https://www.sge.com.cn/>,https://www.sge.com.cn/
WEB-0392,案例库/微观企业篇/10_中国黄金会计错配_反面/案例档案.md,78,plain_url,7. 国内金价 2024–2025（创新高后回调）：上海黄金交易所（SGE）Au99.99：<https://www.sge.com.cn/>,https://www.sge.com.cn/
WEB-0392,计划书/04_亚非拉国别风险与多币种储备智能决策平台总计划书.pdf,4372,pdf_text,[14] 上海黄金交易所：上海金基准价及相关市场数据，https://www.sge.com.cn/，访问,https://www.sge.com.cn/
WEB-0392,计划书/04_亚非拉国别风险与多币种储备智能决策平台总计划书.pdf,annotation-33,pdf_annotation,PDF link annotation: https://www.sge.com.cn/,https://www.sge.com.cn/
WEB-0392,计划书/04_亚非拉国别风险与多币种储备智能决策平台总计划书.pdf,annotation-34,pdf_annotation,PDF link annotation: https://www.sge.com.cn/,https://www.sge.com.cn/
WEB-0392,计划书/04_亚非拉国别风险与多币种储备智能决策平台总计划书.tex,2084,plain_url,上海黄金交易所：上海金基准价及相关市场数据，\url{https://www.sge.com.cn/}，访问日期：2026-08-15。,https://www.sge.com.cn/
WEB-0392,计划书/05_全球经济周期与亚非拉国别风险多币种储备智能决策平台总计划书.pdf,5428,pdf_text,[14] 上海黄金交易所：上海金基准价及相关市场数据，https://www.sge.com.cn/，访问,https://www.sge.com.cn/
WEB-0392,计划书/05_全球经济周期与亚非拉国别风险多币种储备智能决策平台总计划书.pdf,annotation-33,pdf_annotation,PDF link annotation: https://www.sge.com.cn/,https://www.sge.com.cn/
WEB-0392,计划书/05_全球经济周期与亚非拉国别风险多币种储备智能决策平台总计划书.pdf,annotation-34,pdf_annotation,PDF link annotation: https://www.sge.com.cn/,https://www.sge.com.cn/
WEB-0392,计划书/05_全球经济周期与亚非拉国别风险多币种储备智能决策平台总计划书.tex,2441,plain_url,上海黄金交易所：上海金基准价及相关市场数据，\url{https://www.sge.com.cn/}，访问日期：2026-08-15。,https://www.sge.com.cn/
WEB-0393,企业资产配置调研报告.md,130,markdown_link,- **SGE 现货实盘 T+0 + 实物提取**：成交后货权实时过户，支持日市+夜市；但实物一旦提取出库**不能再入库交易**。（[SGE 官网](https://www.sge.com.cn/cpfw/Product_service_details?pro_id=793736488955461632&parent_cplx=0&cplx=7)）,https://www.sge.com.cn/cpfw/Product_service_details?pro_id=793736488955461632&parent_cplx=0&cplx=7
WEB-0393,企业资产配置调研报告.md,130,plain_url,- **SGE 现货实盘 T+0 + 实物提取**：成交后货权实时过户，支持日市+夜市；但实物一旦提取出库**不能再入库交易**。（[SGE 官网](https://www.sge.com.cn/cpfw/Product_service_details?pro_id=793736488955461632&parent_cplx=0&cplx=7)）,https://www.sge.com.cn/cpfw/Product_service_details?pro_id=793736488955461632&parent_cplx=0&cplx=7
WEB-0394,最终数据/最终数据/research/media_sentiment_gold_paper/README_论文学习与数据说明.md,113,plain_url,- SGE 更早历史数据：https://www.sge.com.cn/sjzx/mrhqsj,https://www.sge.com.cn/sjzx/mrhqsj
WEB-0395,最终数据/最终数据/outputs/019f56e7-91fe-7a43-b1d0-ae50e45c9d0c/黄金价格传导链因素与时序数据_20260724.xlsx,xl/worksheets/sheet11.xml,xlsx_xml,XLSX entry: xl/worksheets/sheet11.xml,https://www.sge.com.cn/sjzx/quotation_daily_new
WEB-0395,最终数据/最终数据/outputs/019f56e7-91fe-7a43-b1d0-ae50e45c9d0c/黄金价格传导链因素与时序数据_20260724.xlsx.inspect.ndjson,80405,plain_url,"{""kind"":""table"",""sheet"":""12_来源与口径"",""address"":""A1:M13"",""rows"":13,""cols"":13,""values"":[[""数据来源与时间口径"",null,null,null,null,null,null,null,null,null,null,null,null],[null,null,null,null,null,null,null,null,null,null,null,null,null],[""所有模型字段都应能追溯到此表；完整URL只集中存放在本页，避免在建模表中重复。"",null,null,null,null,null,null,null,null,null,null,null,null],[null,null,null,null,null,null,null,null,null,null,null,null,null],[""数据集ID"",""字段/用途"",""来源机构"",""频率"",""观察时间"",""模型可用时间"",""覆盖期"",""单位"",""官方URL"",""本地文件"",""许可/引用说明"",""工作表"",""备注""],[""SGE_DAILY",https://www.sge.com.cn/sjzx/quotation_daily_new
WEB-0395,最终数据/最终数据/outputs/019f56e7-91fe-7a43-b1d0-ae50e45c9d0c/金银价格波动影响因素与时序数据_20260726.xlsx,xl/worksheets/sheet12.xml,xlsx_xml,XLSX entry: xl/worksheets/sheet12.xml,https://www.sge.com.cn/sjzx/quotation_daily_new
WEB-0395,最终数据/最终数据/outputs/019f56e7-91fe-7a43-b1d0-ae50e45c9d0c/金银价格波动影响因素与时序数据_20260726.xlsx.inspect.ndjson,91397,plain_url,"{""kind"":""table"",""sheet"":""12_来源与口径"",""address"":""A1:M14"",""rows"":14,""cols"":13,""values"":[[""数据来源与时间口径"",null,null,null,null,null,null,null,null,null,null,null,null],[null,null,null,null,null,null,null,null,null,null,null,null,null],[""所有模型字段都应能追溯到此表；完整URL只集中存放在本页，避免在建模表中重复。"",null,null,null,null,null,null,null,null,null,null,null,null],[null,null,null,null,null,null,null,null,null,null,null,null,null],[""数据集ID"",""字段/用途"",""来源机构"",""频率"",""观察时间"",""模型可用时间"",""覆盖期"",""单位"",""官方URL"",""本地文件"",""许可/引用说明"",""工作表"",""备注""],[""SGE_DAILY",https://www.sge.com.cn/sjzx/quotation_daily_new
WEB-0395,最终数据/最终数据/outputs/019f56e7-91fe-7a43-b1d0-ae50e45c9d0c/金银价格波动影响因素与时序数据_中文字段版_20260726.xlsx,xl/worksheets/sheet13.xml,xlsx_xml,XLSX entry: xl/worksheets/sheet13.xml,https://www.sge.com.cn/sjzx/quotation_daily_new
WEB-0395,最终数据/最终数据/outputs/019f56e7-91fe-7a43-b1d0-ae50e45c9d0c/金银价格波动影响因素与时序数据_中文字段版_20260726.xlsx.inspect.ndjson,91689,plain_url,"{""kind"":""table"",""sheet"":""12_来源与口径"",""address"":""A1:M14"",""rows"":14,""cols"":13,""values"":[[""数据来源与时间口径"",null,null,null,null,null,null,null,null,null,null,null,null],[null,null,null,null,null,null,null,null,null,null,null,null,null],[""所有模型字段都应能追溯到此表；完整URL只集中存放在本页，避免在建模表中重复。"",null,null,null,null,null,null,null,null,null,null,null,null],[null,null,null,null,null,null,null,null,null,null,null,null,null],[""数据集ID"",""字段/用途"",""来源机构"",""频率"",""观察时间"",""模型可用时间"",""覆盖期"",""单位"",""官方URL"",""本地文件"",""许可/引用说明"",""工作表"",""备注""],[""SGE_DAILY",https://www.sge.com.cn/sjzx/quotation_daily_new
WEB-0395,最终数据/最终数据/outputs/019f56e7-91fe-7a43-b1d0-ae50e45c9d0c/金银价格预测_官方数据与因素台账_20260713.xlsx,xl/worksheets/sheet2.xml,xlsx_xml,XLSX entry: xl/worksheets/sheet2.xml,https://www.sge.com.cn/sjzx/quotation_daily_new
WEB-0395,最终数据/最终数据/outputs/019f56e7-91fe-7a43-b1d0-ae50e45c9d0c/金银价格预测_官方数据与因素台账_20260713.xlsx.inspect.ndjson,649,plain_url,"{""kind"":""table"",""sheet"":""01_数据目录"",""address"":""A1:N15"",""rows"":15,""cols"":14,""values"":[[""dataset_id"",""数据集/字段"",""来源机构"",""频率"",""观测日期口径"",""发布时间/可用时点"",""覆盖范围"",""单位"",""许可与再分发"",""交付状态"",""官方URL"",""本地路径"",""建模用途"",""注意事项""],[""WB_PRICE"",""黄金、白银、铜、布伦特等月均价"",""World Bank"",""月"",""自然月月均"",""次月更新；本表建模统一滞后1月"",""2016-01—2026-06"",""USD/oz、USD/mt、USD/bbl"",""世界银行公开数据；保留署名"",""已收集/可交付"",""https://thedocs.worldbank.org/en/doc/74e8be41ceb20fa0da750cda2f6b9e4e-0050012026/world-bank-commodities-price-data-the-pink-sheet"",""data/raw/world_bank/CMO-Histo",https://www.sge.com.cn/sjzx/quotation_daily_new
WEB-0395,最终数据/最终数据/research/media_sentiment_gold_paper/metadata/dataset_manifest.csv,7,plain_url,"目标价格,SGE黄金价格,上海黄金交易所金价，合约和收盘/加权均价未说明,2022-02-01至2025-02-28,日频/含非交易日,上海黄金交易所,https://www.sge.com.cn/sjzx/quotation_daily_new,论文声称使用但未给数据文件,官方入口可查,,按交易所网站条款使用,定义不充分,2024年起新查询页；更早数据在历史列表",https://www.sge.com.cn/sjzx/quotation_daily_new
WEB-0395,最终数据/最终数据/research/media_sentiment_gold_paper/outputs/019f56e7-91fe-7a43-b1d0-ae50e45c9d0c/论文数据来源与复现清单.xlsx,xl/worksheets/sheet2.xml,xlsx_xml,XLSX entry: xl/worksheets/sheet2.xml,https://www.sge.com.cn/sjzx/quotation_daily_new
WEB-0395,最终数据/最终数据/research/media_sentiment_gold_paper/outputs/019f56e7-91fe-7a43-b1d0-ae50e45c9d0c/论文数据来源与复现清单.xlsx.inspect.ndjson,79,plain_url,"{""kind"":""table"",""sheet"":""数据清单"",""address"":""A1:M22"",""rows"":22,""cols"":13,""values"":[[""论文数据资产清单：精确引用、受限数据与开放代理"",""论文数据资产清单：精确引用、受限数据与开放代理"",""论文数据资产清单：精确引用、受限数据与开放代理"",""论文数据资产清单：精确引用、受限数据与开放代理"",""论文数据资产清单：精确引用、受限数据与开放代理"",""论文数据资产清单：精确引用、受限数据与开放代理"",""论文数据资产清单：精确引用、受限数据与开放代理"",""论文数据资产清单：精确引用、受限数据与开放代理"",""论文数据资产清单：精确引用、受限数据与开放代理"",""论文数据资产清单：精确引用、受限数据与开放代理"",""论文数据资产清单：精确引用、受限数据与开放代理"",""论文数据资产清单：精确引用、受限数据与开放代理"",""论文数据资产清单：精确引用、受限数据与开放代理""],[""黄色/红色状态用于提醒，但判断以‘可得状态’和‘精确或代理’文本为准。所有代理数据都不能当作原作者数据。"",null,null,null,null,null",https://www.sge.com.cn/sjzx/quotation_daily_new
WEB-0395,最终数据/最终数据/research/media_sentiment_gold_paper/outputs/019f56e7-91fe-7a43-b1d0-ae50e45c9d0c/workbook_inspect.ndjson,5,plain_url,"{""kind"":""table"",""sheet"":""数据清单"",""address"":""A1:M22"",""rows"":22,""cols"":13,""values"":[[""论文数据资产清单：精确引用、受限数据与开放代理"",""论文数据资产清单：精确引用、受限数据与开放代理"",""论文数据资产清单：精确引用、受限数据与开放代理"",""论文数据资产清单：精确引用、受限数据与开放代理"",""论文数据资产清单：精确引用、受限数据与开放代理"",""论文数据资产清单：精确引用、受限数据与开放代理"",""论文数据资产清单：精确引用、受限数据与开放代理"",""论文数据资产清单：精确引用、受限数据与开放代理"",""论文数据资产清单：精确引用、受限数据与开放代理"",""论文数据资产清单：精确引用、受限数据与开放代理"",""论文数据资产清单：精确引用、受限数据与开放代理"",""论文数据资产清单：精确引用、受限数据与开放代理"",""论文数据资产清单：精确引用、受限数据与开放代理""],[""黄色/红色状态用于提醒，但判断以‘可得状态’和‘精确或代理’文本为准。所有代理数据都不能当作原作者数据。"",null,null,null,null,null",https://www.sge.com.cn/sjzx/quotation_daily_new
WEB-0395,最终数据/最终数据/research/media_sentiment_gold_paper/README_论文学习与数据说明.md,112,plain_url,- SGE 2024 年起：https://www.sge.com.cn/sjzx/quotation_daily_new,https://www.sge.com.cn/sjzx/quotation_daily_new
WEB-0395,最终数据/最终数据/research/media_sentiment_gold_paper/scripts/build_reproducibility_package.mjs,98,plain_url,"  [""目标价格"", ""SGE黄金价格"", ""上海黄金交易所金价，合约和收盘/加权均价未说明"", ""2022-02-01至2025-02-28"", ""日频/含非交易日"", ""上海黄金交易所"", ""https://www.sge.com.cn/sjzx/quotation_daily_new"", ""论文声称使用但未给数据文件"", ""官方入口可查"", """", ""按交易所网站条款使用"", ""定义不充分"", ""2024年起新查询页；更早数据在历史列表""],",https://www.sge.com.cn/sjzx/quotation_daily_new
WEB-0396,最终数据/最终数据/outputs/019f56e7-91fe-7a43-b1d0-ae50e45c9d0c/黄金价格传导链因素与时序数据_20260724.xlsx,xl/worksheets/sheet6.xml,xlsx_xml,XLSX entry: xl/worksheets/sheet6.xml,https://www.sge.com.cn/sjzx/quotation_daily_new?start_date=2024-01-01&end_date=2024-01-31&inst_ids=Ag%28T%2BD%29&p=
WEB-0396,最终数据/最终数据/outputs/019f56e7-91fe-7a43-b1d0-ae50e45c9d0c/黄金价格传导链因素与时序数据_20260724.xlsx.inspect.ndjson,20945,plain_url,"{""kind"":""table"",""sheet"":""06_SGE原始日行情"",""address"":""A1:M1189"",""rows"":1189,""cols"":13,""values"":[[""date"",""contract"",""open"",""high"",""low"",""close"",""change_cny"",""change_pct"",""weighted_avg"",""volume_kg"",""turnover_cny"",""open_interest_lots"",""source_url""],[""2024-01-04T00:00:00.000Z"",""Ag(T+D)"",5910,5930,5851,5867,-113,-0.0189,5873,930034,5462494174,5208366,""https://www.sge.com.cn/sjzx/quotation_daily_new?start_date=2024-01-01&end_date=2024-01-31&inst_ids=Ag%28T%2BD%29&p=""],[""2024-01-04T00:00:00.000Z"",""Au99.99"",",https://www.sge.com.cn/sjzx/quotation_daily_new?start_date=2024-01-01&end_date=2024-01-31&inst_ids=Ag%28T%2BD%29&p=
WEB-0396,最终数据/最终数据/outputs/019f56e7-91fe-7a43-b1d0-ae50e45c9d0c/金银价格波动影响因素与时序数据_20260726.xlsx,xl/worksheets/sheet6.xml,xlsx_xml,XLSX entry: xl/worksheets/sheet6.xml,https://www.sge.com.cn/sjzx/quotation_daily_new?start_date=2024-01-01&end_date=2024-01-31&inst_ids=Ag%28T%2BD%29&p=
WEB-0396,最终数据/最终数据/outputs/019f56e7-91fe-7a43-b1d0-ae50e45c9d0c/金银价格波动影响因素与时序数据_20260726.xlsx.inspect.ndjson,31180,plain_url,"{""kind"":""table"",""sheet"":""06_SGE原始日行情"",""address"":""A1:M1189"",""rows"":1189,""cols"":13,""values"":[[""date"",""contract"",""open"",""high"",""low"",""close"",""change_cny"",""change_pct"",""weighted_avg"",""volume_kg"",""turnover_cny"",""open_interest_lots"",""source_url""],[""2024-01-04T00:00:00.000Z"",""Ag(T+D)"",5910,5930,5851,5867,-113,-0.0189,5873,930034,5462494174,5208366,""https://www.sge.com.cn/sjzx/quotation_daily_new?start_date=2024-01-01&end_date=2024-01-31&inst_ids=Ag%28T%2BD%29&p=""],[""2024-01-04T00:00:00.000Z"",""Au99.99"",",https://www.sge.com.cn/sjzx/quotation_daily_new?start_date=2024-01-01&end_date=2024-01-31&inst_ids=Ag%28T%2BD%29&p=
WEB-0396,最终数据/最终数据/outputs/019f56e7-91fe-7a43-b1d0-ae50e45c9d0c/金银价格波动影响因素与时序数据_中文字段版_20260726.xlsx,xl/worksheets/sheet7.xml,xlsx_xml,XLSX entry: xl/worksheets/sheet7.xml,https://www.sge.com.cn/sjzx/quotation_daily_new?start_date=2024-01-01&end_date=2024-01-31&inst_ids=Ag%28T%2BD%29&p=
WEB-0396,最终数据/最终数据/outputs/019f56e7-91fe-7a43-b1d0-ae50e45c9d0c/金银价格波动影响因素与时序数据_中文字段版_20260726.xlsx.inspect.ndjson,31472,plain_url,"{""kind"":""table"",""sheet"":""06_SGE原始日行情"",""address"":""A1:M1189"",""rows"":1189,""cols"":13,""values"":[[""日期"",""合约代码"",""开盘价"",""最高价"",""最低价"",""收盘价"",""涨跌额（元）"",""涨跌幅"",""加权平均价"",""成交量（千克）"",""成交额（元）"",""持仓量（手）"",""来源网址""],[""2024-01-04T00:00:00.000Z"",""Ag(T+D)"",5910,5930,5851,5867,-113,-0.0189,5873,930034,5462494174,5208366,""https://www.sge.com.cn/sjzx/quotation_daily_new?start_date=2024-01-01&end_date=2024-01-31&inst_ids=Ag%28T%2BD%29&p=""],[""2024-01-04T00:00:00.000Z"",""Au99.99"",479,482,477,480.4,-1.09,-0.0023,480.05,24970.08,119869",https://www.sge.com.cn/sjzx/quotation_daily_new?start_date=2024-01-01&end_date=2024-01-31&inst_ids=Ag%28T%2BD%29&p=
WEB-0397,最终数据/最终数据/outputs/019f56e7-91fe-7a43-b1d0-ae50e45c9d0c/黄金价格传导链因素与时序数据_20260724.xlsx,xl/worksheets/sheet6.xml,xlsx_xml,XLSX entry: xl/worksheets/sheet6.xml,https://www.sge.com.cn/sjzx/quotation_daily_new?start_date=2024-01-01&end_date=2024-01-31&inst_ids=Au99.99&p=
WEB-0397,最终数据/最终数据/outputs/019f56e7-91fe-7a43-b1d0-ae50e45c9d0c/黄金价格传导链因素与时序数据_20260724.xlsx.inspect.ndjson,20945,plain_url,"{""kind"":""table"",""sheet"":""06_SGE原始日行情"",""address"":""A1:M1189"",""rows"":1189,""cols"":13,""values"":[[""date"",""contract"",""open"",""high"",""low"",""close"",""change_cny"",""change_pct"",""weighted_avg"",""volume_kg"",""turnover_cny"",""open_interest_lots"",""source_url""],[""2024-01-04T00:00:00.000Z"",""Ag(T+D)"",5910,5930,5851,5867,-113,-0.0189,5873,930034,5462494174,5208366,""https://www.sge.com.cn/sjzx/quotation_daily_new?start_date=2024-01-01&end_date=2024-01-31&inst_ids=Ag%28T%2BD%29&p=""],[""2024-01-04T00:00:00.000Z"",""Au99.99"",",https://www.sge.com.cn/sjzx/quotation_daily_new?start_date=2024-01-01&end_date=2024-01-31&inst_ids=Au99.99&p=
WEB-0397,最终数据/最终数据/outputs/019f56e7-91fe-7a43-b1d0-ae50e45c9d0c/金银价格波动影响因素与时序数据_20260726.xlsx,xl/worksheets/sheet6.xml,xlsx_xml,XLSX entry: xl/worksheets/sheet6.xml,https://www.sge.com.cn/sjzx/quotation_daily_new?start_date=2024-01-01&end_date=2024-01-31&inst_ids=Au99.99&p=
WEB-0397,最终数据/最终数据/outputs/019f56e7-91fe-7a43-b1d0-ae50e45c9d0c/金银价格波动影响因素与时序数据_20260726.xlsx.inspect.ndjson,31180,plain_url,"{""kind"":""table"",""sheet"":""06_SGE原始日行情"",""address"":""A1:M1189"",""rows"":1189,""cols"":13,""values"":[[""date"",""contract"",""open"",""high"",""low"",""close"",""change_cny"",""change_pct"",""weighted_avg"",""volume_kg"",""turnover_cny"",""open_interest_lots"",""source_url""],[""2024-01-04T00:00:00.000Z"",""Ag(T+D)"",5910,5930,5851,5867,-113,-0.0189,5873,930034,5462494174,5208366,""https://www.sge.com.cn/sjzx/quotation_daily_new?start_date=2024-01-01&end_date=2024-01-31&inst_ids=Ag%28T%2BD%29&p=""],[""2024-01-04T00:00:00.000Z"",""Au99.99"",",https://www.sge.com.cn/sjzx/quotation_daily_new?start_date=2024-01-01&end_date=2024-01-31&inst_ids=Au99.99&p=
WEB-0397,最终数据/最终数据/outputs/019f56e7-91fe-7a43-b1d0-ae50e45c9d0c/金银价格波动影响因素与时序数据_中文字段版_20260726.xlsx,xl/worksheets/sheet7.xml,xlsx_xml,XLSX entry: xl/worksheets/sheet7.xml,https://www.sge.com.cn/sjzx/quotation_daily_new?start_date=2024-01-01&end_date=2024-01-31&inst_ids=Au99.99&p=
WEB-0397,最终数据/最终数据/outputs/019f56e7-91fe-7a43-b1d0-ae50e45c9d0c/金银价格波动影响因素与时序数据_中文字段版_20260726.xlsx.inspect.ndjson,31472,plain_url,"{""kind"":""table"",""sheet"":""06_SGE原始日行情"",""address"":""A1:M1189"",""rows"":1189,""cols"":13,""values"":[[""日期"",""合约代码"",""开盘价"",""最高价"",""最低价"",""收盘价"",""涨跌额（元）"",""涨跌幅"",""加权平均价"",""成交量（千克）"",""成交额（元）"",""持仓量（手）"",""来源网址""],[""2024-01-04T00:00:00.000Z"",""Ag(T+D)"",5910,5930,5851,5867,-113,-0.0189,5873,930034,5462494174,5208366,""https://www.sge.com.cn/sjzx/quotation_daily_new?start_date=2024-01-01&end_date=2024-01-31&inst_ids=Ag%28T%2BD%29&p=""],[""2024-01-04T00:00:00.000Z"",""Au99.99"",479,482,477,480.4,-1.09,-0.0023,480.05,24970.08,119869",https://www.sge.com.cn/sjzx/quotation_daily_new?start_date=2024-01-01&end_date=2024-01-31&inst_ids=Au99.99&p=
WEB-0398,最终数据/最终数据/outputs/019f56e7-91fe-7a43-b1d0-ae50e45c9d0c/黄金价格传导链因素与时序数据_20260724.xlsx,xl/worksheets/sheet6.xml,xlsx_xml,XLSX entry: xl/worksheets/sheet6.xml,https://www.sge.com.cn/sjzx/quotation_daily_new?start_date=2024-02-01&end_date=2024-02-29&inst_ids=Ag%28T%2BD%29&p=
WEB-0398,最终数据/最终数据/outputs/019f56e7-91fe-7a43-b1d0-ae50e45c9d0c/黄金价格传导链因素与时序数据_20260724.xlsx.inspect.ndjson,20945,plain_url,"{""kind"":""table"",""sheet"":""06_SGE原始日行情"",""address"":""A1:M1189"",""rows"":1189,""cols"":13,""values"":[[""date"",""contract"",""open"",""high"",""low"",""close"",""change_cny"",""change_pct"",""weighted_avg"",""volume_kg"",""turnover_cny"",""open_interest_lots"",""source_url""],[""2024-01-04T00:00:00.000Z"",""Ag(T+D)"",5910,5930,5851,5867,-113,-0.0189,5873,930034,5462494174,5208366,""https://www.sge.com.cn/sjzx/quotation_daily_new?start_date=2024-01-01&end_date=2024-01-31&inst_ids=Ag%28T%2BD%29&p=""],[""2024-01-04T00:00:00.000Z"",""Au99.99"",",https://www.sge.com.cn/sjzx/quotation_daily_new?start_date=2024-02-01&end_date=2024-02-29&inst_ids=Ag%28T%2BD%29&p=
WEB-0398,最终数据/最终数据/outputs/019f56e7-91fe-7a43-b1d0-ae50e45c9d0c/金银价格波动影响因素与时序数据_20260726.xlsx,xl/worksheets/sheet6.xml,xlsx_xml,XLSX entry: xl/worksheets/sheet6.xml,https://www.sge.com.cn/sjzx/quotation_daily_new?start_date=2024-02-01&end_date=2024-02-29&inst_ids=Ag%28T%2BD%29&p=
WEB-0398,最终数据/最终数据/outputs/019f56e7-91fe-7a43-b1d0-ae50e45c9d0c/金银价格波动影响因素与时序数据_20260726.xlsx.inspect.ndjson,31180,plain_url,"{""kind"":""table"",""sheet"":""06_SGE原始日行情"",""address"":""A1:M1189"",""rows"":1189,""cols"":13,""values"":[[""date"",""contract"",""open"",""high"",""low"",""close"",""change_cny"",""change_pct"",""weighted_avg"",""volume_kg"",""turnover_cny"",""open_interest_lots"",""source_url""],[""2024-01-04T00:00:00.000Z"",""Ag(T+D)"",5910,5930,5851,5867,-113,-0.0189,5873,930034,5462494174,5208366,""https://www.sge.com.cn/sjzx/quotation_daily_new?start_date=2024-01-01&end_date=2024-01-31&inst_ids=Ag%28T%2BD%29&p=""],[""2024-01-04T00:00:00.000Z"",""Au99.99"",",https://www.sge.com.cn/sjzx/quotation_daily_new?start_date=2024-02-01&end_date=2024-02-29&inst_ids=Ag%28T%2BD%29&p=
WEB-0398,最终数据/最终数据/outputs/019f56e7-91fe-7a43-b1d0-ae50e45c9d0c/金银价格波动影响因素与时序数据_中文字段版_20260726.xlsx,xl/worksheets/sheet7.xml,xlsx_xml,XLSX entry: xl/worksheets/sheet7.xml,https://www.sge.com.cn/sjzx/quotation_daily_new?start_date=2024-02-01&end_date=2024-02-29&inst_ids=Ag%28T%2BD%29&p=
WEB-0398,最终数据/最终数据/outputs/019f56e7-91fe-7a43-b1d0-ae50e45c9d0c/金银价格波动影响因素与时序数据_中文字段版_20260726.xlsx.inspect.ndjson,31472,plain_url,"{""kind"":""table"",""sheet"":""06_SGE原始日行情"",""address"":""A1:M1189"",""rows"":1189,""cols"":13,""values"":[[""日期"",""合约代码"",""开盘价"",""最高价"",""最低价"",""收盘价"",""涨跌额（元）"",""涨跌幅"",""加权平均价"",""成交量（千克）"",""成交额（元）"",""持仓量（手）"",""来源网址""],[""2024-01-04T00:00:00.000Z"",""Ag(T+D)"",5910,5930,5851,5867,-113,-0.0189,5873,930034,5462494174,5208366,""https://www.sge.com.cn/sjzx/quotation_daily_new?start_date=2024-01-01&end_date=2024-01-31&inst_ids=Ag%28T%2BD%29&p=""],[""2024-01-04T00:00:00.000Z"",""Au99.99"",479,482,477,480.4,-1.09,-0.0023,480.05,24970.08,119869",https://www.sge.com.cn/sjzx/quotation_daily_new?start_date=2024-02-01&end_date=2024-02-29&inst_ids=Ag%28T%2BD%29&p=
WEB-0399,最终数据/最终数据/outputs/019f56e7-91fe-7a43-b1d0-ae50e45c9d0c/黄金价格传导链因素与时序数据_20260724.xlsx,xl/worksheets/sheet6.xml,xlsx_xml,XLSX entry: xl/worksheets/sheet6.xml,https://www.sge.com.cn/sjzx/quotation_daily_new?start_date=2024-02-01&end_date=2024-02-29&inst_ids=Au99.99&p=
WEB-0399,最终数据/最终数据/outputs/019f56e7-91fe-7a43-b1d0-ae50e45c9d0c/黄金价格传导链因素与时序数据_20260724.xlsx.inspect.ndjson,20945,plain_url,"{""kind"":""table"",""sheet"":""06_SGE原始日行情"",""address"":""A1:M1189"",""rows"":1189,""cols"":13,""values"":[[""date"",""contract"",""open"",""high"",""low"",""close"",""change_cny"",""change_pct"",""weighted_avg"",""volume_kg"",""turnover_cny"",""open_interest_lots"",""source_url""],[""2024-01-04T00:00:00.000Z"",""Ag(T+D)"",5910,5930,5851,5867,-113,-0.0189,5873,930034,5462494174,5208366,""https://www.sge.com.cn/sjzx/quotation_daily_new?start_date=2024-01-01&end_date=2024-01-31&inst_ids=Ag%28T%2BD%29&p=""],[""2024-01-04T00:00:00.000Z"",""Au99.99"",",https://www.sge.com.cn/sjzx/quotation_daily_new?start_date=2024-02-01&end_date=2024-02-29&inst_ids=Au99.99&p=
WEB-0399,最终数据/最终数据/outputs/019f56e7-91fe-7a43-b1d0-ae50e45c9d0c/金银价格波动影响因素与时序数据_20260726.xlsx,xl/worksheets/sheet6.xml,xlsx_xml,XLSX entry: xl/worksheets/sheet6.xml,https://www.sge.com.cn/sjzx/quotation_daily_new?start_date=2024-02-01&end_date=2024-02-29&inst_ids=Au99.99&p=
WEB-0399,最终数据/最终数据/outputs/019f56e7-91fe-7a43-b1d0-ae50e45c9d0c/金银价格波动影响因素与时序数据_20260726.xlsx.inspect.ndjson,31180,plain_url,"{""kind"":""table"",""sheet"":""06_SGE原始日行情"",""address"":""A1:M1189"",""rows"":1189,""cols"":13,""values"":[[""date"",""contract"",""open"",""high"",""low"",""close"",""change_cny"",""change_pct"",""weighted_avg"",""volume_kg"",""turnover_cny"",""open_interest_lots"",""source_url""],[""2024-01-04T00:00:00.000Z"",""Ag(T+D)"",5910,5930,5851,5867,-113,-0.0189,5873,930034,5462494174,5208366,""https://www.sge.com.cn/sjzx/quotation_daily_new?start_date=2024-01-01&end_date=2024-01-31&inst_ids=Ag%28T%2BD%29&p=""],[""2024-01-04T00:00:00.000Z"",""Au99.99"",",https://www.sge.com.cn/sjzx/quotation_daily_new?start_date=2024-02-01&end_date=2024-02-29&inst_ids=Au99.99&p=
WEB-0399,最终数据/最终数据/outputs/019f56e7-91fe-7a43-b1d0-ae50e45c9d0c/金银价格波动影响因素与时序数据_中文字段版_20260726.xlsx,xl/worksheets/sheet7.xml,xlsx_xml,XLSX entry: xl/worksheets/sheet7.xml,https://www.sge.com.cn/sjzx/quotation_daily_new?start_date=2024-02-01&end_date=2024-02-29&inst_ids=Au99.99&p=
WEB-0399,最终数据/最终数据/outputs/019f56e7-91fe-7a43-b1d0-ae50e45c9d0c/金银价格波动影响因素与时序数据_中文字段版_20260726.xlsx.inspect.ndjson,31472,plain_url,"{""kind"":""table"",""sheet"":""06_SGE原始日行情"",""address"":""A1:M1189"",""rows"":1189,""cols"":13,""values"":[[""日期"",""合约代码"",""开盘价"",""最高价"",""最低价"",""收盘价"",""涨跌额（元）"",""涨跌幅"",""加权平均价"",""成交量（千克）"",""成交额（元）"",""持仓量（手）"",""来源网址""],[""2024-01-04T00:00:00.000Z"",""Ag(T+D)"",5910,5930,5851,5867,-113,-0.0189,5873,930034,5462494174,5208366,""https://www.sge.com.cn/sjzx/quotation_daily_new?start_date=2024-01-01&end_date=2024-01-31&inst_ids=Ag%28T%2BD%29&p=""],[""2024-01-04T00:00:00.000Z"",""Au99.99"",479,482,477,480.4,-1.09,-0.0023,480.05,24970.08,119869",https://www.sge.com.cn/sjzx/quotation_daily_new?start_date=2024-02-01&end_date=2024-02-29&inst_ids=Au99.99&p=
WEB-0400,最终数据/最终数据/outputs/019f56e7-91fe-7a43-b1d0-ae50e45c9d0c/黄金价格传导链因素与时序数据_20260724.xlsx,xl/worksheets/sheet6.xml,xlsx_xml,XLSX entry: xl/worksheets/sheet6.xml,https://www.sge.com.cn/sjzx/quotation_daily_new?start_date=2024-03-01&end_date=2024-03-31&inst_ids=Ag%28T%2BD%29&p=
WEB-0400,最终数据/最终数据/outputs/019f56e7-91fe-7a43-b1d0-ae50e45c9d0c/黄金价格传导链因素与时序数据_20260724.xlsx.inspect.ndjson,20945,plain_url,"{""kind"":""table"",""sheet"":""06_SGE原始日行情"",""address"":""A1:M1189"",""rows"":1189,""cols"":13,""values"":[[""date"",""contract"",""open"",""high"",""low"",""close"",""change_cny"",""change_pct"",""weighted_avg"",""volume_kg"",""turnover_cny"",""open_interest_lots"",""source_url""],[""2024-01-04T00:00:00.000Z"",""Ag(T+D)"",5910,5930,5851,5867,-113,-0.0189,5873,930034,5462494174,5208366,""https://www.sge.com.cn/sjzx/quotation_daily_new?start_date=2024-01-01&end_date=2024-01-31&inst_ids=Ag%28T%2BD%29&p=""],[""2024-01-04T00:00:00.000Z"",""Au99.99"",",https://www.sge.com.cn/sjzx/quotation_daily_new?start_date=2024-03-01&end_date=2024-03-31&inst_ids=Ag%28T%2BD%29&p=
WEB-0400,最终数据/最终数据/outputs/019f56e7-91fe-7a43-b1d0-ae50e45c9d0c/金银价格波动影响因素与时序数据_20260726.xlsx,xl/worksheets/sheet6.xml,xlsx_xml,XLSX entry: xl/worksheets/sheet6.xml,https://www.sge.com.cn/sjzx/quotation_daily_new?start_date=2024-03-01&end_date=2024-03-31&inst_ids=Ag%28T%2BD%29&p=
WEB-0400,最终数据/最终数据/outputs/019f56e7-91fe-7a43-b1d0-ae50e45c9d0c/金银价格波动影响因素与时序数据_20260726.xlsx.inspect.ndjson,31180,plain_url,"{""kind"":""table"",""sheet"":""06_SGE原始日行情"",""address"":""A1:M1189"",""rows"":1189,""cols"":13,""values"":[[""date"",""contract"",""open"",""high"",""low"",""close"",""change_cny"",""change_pct"",""weighted_avg"",""volume_kg"",""turnover_cny"",""open_interest_lots"",""source_url""],[""2024-01-04T00:00:00.000Z"",""Ag(T+D)"",5910,5930,5851,5867,-113,-0.0189,5873,930034,5462494174,5208366,""https://www.sge.com.cn/sjzx/quotation_daily_new?start_date=2024-01-01&end_date=2024-01-31&inst_ids=Ag%28T%2BD%29&p=""],[""2024-01-04T00:00:00.000Z"",""Au99.99"",",https://www.sge.com.cn/sjzx/quotation_daily_new?start_date=2024-03-01&end_date=2024-03-31&inst_ids=Ag%28T%2BD%29&p=
WEB-0400,最终数据/最终数据/outputs/019f56e7-91fe-7a43-b1d0-ae50e45c9d0c/金银价格波动影响因素与时序数据_中文字段版_20260726.xlsx,xl/worksheets/sheet7.xml,xlsx_xml,XLSX entry: xl/worksheets/sheet7.xml,https://www.sge.com.cn/sjzx/quotation_daily_new?start_date=2024-03-01&end_date=2024-03-31&inst_ids=Ag%28T%2BD%29&p=
WEB-0400,最终数据/最终数据/outputs/019f56e7-91fe-7a43-b1d0-ae50e45c9d0c/金银价格波动影响因素与时序数据_中文字段版_20260726.xlsx.inspect.ndjson,31472,plain_url,"{""kind"":""table"",""sheet"":""06_SGE原始日行情"",""address"":""A1:M1189"",""rows"":1189,""cols"":13,""values"":[[""日期"",""合约代码"",""开盘价"",""最高价"",""最低价"",""收盘价"",""涨跌额（元）"",""涨跌幅"",""加权平均价"",""成交量（千克）"",""成交额（元）"",""持仓量（手）"",""来源网址""],[""2024-01-04T00:00:00.000Z"",""Ag(T+D)"",5910,5930,5851,5867,-113,-0.0189,5873,930034,5462494174,5208366,""https://www.sge.com.cn/sjzx/quotation_daily_new?start_date=2024-01-01&end_date=2024-01-31&inst_ids=Ag%28T%2BD%29&p=""],[""2024-01-04T00:00:00.000Z"",""Au99.99"",479,482,477,480.4,-1.09,-0.0023,480.05,24970.08,119869",https://www.sge.com.cn/sjzx/quotation_daily_new?start_date=2024-03-01&end_date=2024-03-31&inst_ids=Ag%28T%2BD%29&p=
WEB-0401,最终数据/最终数据/outputs/019f56e7-91fe-7a43-b1d0-ae50e45c9d0c/黄金价格传导链因素与时序数据_20260724.xlsx,xl/worksheets/sheet6.xml,xlsx_xml,XLSX entry: xl/worksheets/sheet6.xml,https://www.sge.com.cn/sjzx/quotation_daily_new?start_date=2024-03-01&end_date=2024-03-31&inst_ids=Au99.99&p=
WEB-0401,最终数据/最终数据/outputs/019f56e7-91fe-7a43-b1d0-ae50e45c9d0c/黄金价格传导链因素与时序数据_20260724.xlsx.inspect.ndjson,20945,plain_url,"{""kind"":""table"",""sheet"":""06_SGE原始日行情"",""address"":""A1:M1189"",""rows"":1189,""cols"":13,""values"":[[""date"",""contract"",""open"",""high"",""low"",""close"",""change_cny"",""change_pct"",""weighted_avg"",""volume_kg"",""turnover_cny"",""open_interest_lots"",""source_url""],[""2024-01-04T00:00:00.000Z"",""Ag(T+D)"",5910,5930,5851,5867,-113,-0.0189,5873,930034,5462494174,5208366,""https://www.sge.com.cn/sjzx/quotation_daily_new?start_date=2024-01-01&end_date=2024-01-31&inst_ids=Ag%28T%2BD%29&p=""],[""2024-01-04T00:00:00.000Z"",""Au99.99"",",https://www.sge.com.cn/sjzx/quotation_daily_new?start_date=2024-03-01&end_date=2024-03-31&inst_ids=Au99.99&p=
WEB-0401,最终数据/最终数据/outputs/019f56e7-91fe-7a43-b1d0-ae50e45c9d0c/金银价格波动影响因素与时序数据_20260726.xlsx,xl/worksheets/sheet6.xml,xlsx_xml,XLSX entry: xl/worksheets/sheet6.xml,https://www.sge.com.cn/sjzx/quotation_daily_new?start_date=2024-03-01&end_date=2024-03-31&inst_ids=Au99.99&p=
WEB-0401,最终数据/最终数据/outputs/019f56e7-91fe-7a43-b1d0-ae50e45c9d0c/金银价格波动影响因素与时序数据_20260726.xlsx.inspect.ndjson,31180,plain_url,"{""kind"":""table"",""sheet"":""06_SGE原始日行情"",""address"":""A1:M1189"",""rows"":1189,""cols"":13,""values"":[[""date"",""contract"",""open"",""high"",""low"",""close"",""change_cny"",""change_pct"",""weighted_avg"",""volume_kg"",""turnover_cny"",""open_interest_lots"",""source_url""],[""2024-01-04T00:00:00.000Z"",""Ag(T+D)"",5910,5930,5851,5867,-113,-0.0189,5873,930034,5462494174,5208366,""https://www.sge.com.cn/sjzx/quotation_daily_new?start_date=2024-01-01&end_date=2024-01-31&inst_ids=Ag%28T%2BD%29&p=""],[""2024-01-04T00:00:00.000Z"",""Au99.99"",",https://www.sge.com.cn/sjzx/quotation_daily_new?start_date=2024-03-01&end_date=2024-03-31&inst_ids=Au99.99&p=
WEB-0401,最终数据/最终数据/outputs/019f56e7-91fe-7a43-b1d0-ae50e45c9d0c/金银价格波动影响因素与时序数据_中文字段版_20260726.xlsx,xl/worksheets/sheet7.xml,xlsx_xml,XLSX entry: xl/worksheets/sheet7.xml,https://www.sge.com.cn/sjzx/quotation_daily_new?start_date=2024-03-01&end_date=2024-03-31&inst_ids=Au99.99&p=
WEB-0401,最终数据/最终数据/outputs/019f56e7-91fe-7a43-b1d0-ae50e45c9d0c/金银价格波动影响因素与时序数据_中文字段版_20260726.xlsx.inspect.ndjson,31472,plain_url,"{""kind"":""table"",""sheet"":""06_SGE原始日行情"",""address"":""A1:M1189"",""rows"":1189,""cols"":13,""values"":[[""日期"",""合约代码"",""开盘价"",""最高价"",""最低价"",""收盘价"",""涨跌额（元）"",""涨跌幅"",""加权平均价"",""成交量（千克）"",""成交额（元）"",""持仓量（手）"",""来源网址""],[""2024-01-04T00:00:00.000Z"",""Ag(T+D)"",5910,5930,5851,5867,-113,-0.0189,5873,930034,5462494174,5208366,""https://www.sge.com.cn/sjzx/quotation_daily_new?start_date=2024-01-01&end_date=2024-01-31&inst_ids=Ag%28T%2BD%29&p=""],[""2024-01-04T00:00:00.000Z"",""Au99.99"",479,482,477,480.4,-1.09,-0.0023,480.05,24970.08,119869",https://www.sge.com.cn/sjzx/quotation_daily_new?start_date=2024-03-01&end_date=2024-03-31&inst_ids=Au99.99&p=
WEB-0402,最终数据/最终数据/outputs/019f56e7-91fe-7a43-b1d0-ae50e45c9d0c/黄金价格传导链因素与时序数据_20260724.xlsx,xl/worksheets/sheet6.xml,xlsx_xml,XLSX entry: xl/worksheets/sheet6.xml,https://www.sge.com.cn/sjzx/quotation_daily_new?start_date=2024-04-01&end_date=2024-04-30&inst_ids=Ag%28T%2BD%29&p=
WEB-0402,最终数据/最终数据/outputs/019f56e7-91fe-7a43-b1d0-ae50e45c9d0c/黄金价格传导链因素与时序数据_20260724.xlsx.inspect.ndjson,20945,plain_url,"{""kind"":""table"",""sheet"":""06_SGE原始日行情"",""address"":""A1:M1189"",""rows"":1189,""cols"":13,""values"":[[""date"",""contract"",""open"",""high"",""low"",""close"",""change_cny"",""change_pct"",""weighted_avg"",""volume_kg"",""turnover_cny"",""open_interest_lots"",""source_url""],[""2024-01-04T00:00:00.000Z"",""Ag(T+D)"",5910,5930,5851,5867,-113,-0.0189,5873,930034,5462494174,5208366,""https://www.sge.com.cn/sjzx/quotation_daily_new?start_date=2024-01-01&end_date=2024-01-31&inst_ids=Ag%28T%2BD%29&p=""],[""2024-01-04T00:00:00.000Z"",""Au99.99"",",https://www.sge.com.cn/sjzx/quotation_daily_new?start_date=2024-04-01&end_date=2024-04-30&inst_ids=Ag%28T%2BD%29&p=
WEB-0402,最终数据/最终数据/outputs/019f56e7-91fe-7a43-b1d0-ae50e45c9d0c/金银价格波动影响因素与时序数据_20260726.xlsx,xl/worksheets/sheet6.xml,xlsx_xml,XLSX entry: xl/worksheets/sheet6.xml,https://www.sge.com.cn/sjzx/quotation_daily_new?start_date=2024-04-01&end_date=2024-04-30&inst_ids=Ag%28T%2BD%29&p=
WEB-0402,最终数据/最终数据/outputs/019f56e7-91fe-7a43-b1d0-ae50e45c9d0c/金银价格波动影响因素与时序数据_20260726.xlsx.inspect.ndjson,31180,plain_url,"{""kind"":""table"",""sheet"":""06_SGE原始日行情"",""address"":""A1:M1189"",""rows"":1189,""cols"":13,""values"":[[""date"",""contract"",""open"",""high"",""low"",""close"",""change_cny"",""change_pct"",""weighted_avg"",""volume_kg"",""turnover_cny"",""open_interest_lots"",""source_url""],[""2024-01-04T00:00:00.000Z"",""Ag(T+D)"",5910,5930,5851,5867,-113,-0.0189,5873,930034,5462494174,5208366,""https://www.sge.com.cn/sjzx/quotation_daily_new?start_date=2024-01-01&end_date=2024-01-31&inst_ids=Ag%28T%2BD%29&p=""],[""2024-01-04T00:00:00.000Z"",""Au99.99"",",https://www.sge.com.cn/sjzx/quotation_daily_new?start_date=2024-04-01&end_date=2024-04-30&inst_ids=Ag%28T%2BD%29&p=
WEB-0402,最终数据/最终数据/outputs/019f56e7-91fe-7a43-b1d0-ae50e45c9d0c/金银价格波动影响因素与时序数据_中文字段版_20260726.xlsx,xl/worksheets/sheet7.xml,xlsx_xml,XLSX entry: xl/worksheets/sheet7.xml,https://www.sge.com.cn/sjzx/quotation_daily_new?start_date=2024-04-01&end_date=2024-04-30&inst_ids=Ag%28T%2BD%29&p=
WEB-0402,最终数据/最终数据/outputs/019f56e7-91fe-7a43-b1d0-ae50e45c9d0c/金银价格波动影响因素与时序数据_中文字段版_20260726.xlsx.inspect.ndjson,31472,plain_url,"{""kind"":""table"",""sheet"":""06_SGE原始日行情"",""address"":""A1:M1189"",""rows"":1189,""cols"":13,""values"":[[""日期"",""合约代码"",""开盘价"",""最高价"",""最低价"",""收盘价"",""涨跌额（元）"",""涨跌幅"",""加权平均价"",""成交量（千克）"",""成交额（元）"",""持仓量（手）"",""来源网址""],[""2024-01-04T00:00:00.000Z"",""Ag(T+D)"",5910,5930,5851,5867,-113,-0.0189,5873,930034,5462494174,5208366,""https://www.sge.com.cn/sjzx/quotation_daily_new?start_date=2024-01-01&end_date=2024-01-31&inst_ids=Ag%28T%2BD%29&p=""],[""2024-01-04T00:00:00.000Z"",""Au99.99"",479,482,477,480.4,-1.09,-0.0023,480.05,24970.08,119869",https://www.sge.com.cn/sjzx/quotation_daily_new?start_date=2024-04-01&end_date=2024-04-30&inst_ids=Ag%28T%2BD%29&p=
WEB-0403,最终数据/最终数据/outputs/019f56e7-91fe-7a43-b1d0-ae50e45c9d0c/黄金价格传导链因素与时序数据_20260724.xlsx,xl/worksheets/sheet6.xml,xlsx_xml,XLSX entry: xl/worksheets/sheet6.xml,https://www.sge.com.cn/sjzx/quotation_daily_new?start_date=2024-04-01&end_date=2024-04-30&inst_ids=Au99.99&p=
WEB-0403,最终数据/最终数据/outputs/019f56e7-91fe-7a43-b1d0-ae50e45c9d0c/黄金价格传导链因素与时序数据_20260724.xlsx.inspect.ndjson,20945,plain_url,"{""kind"":""table"",""sheet"":""06_SGE原始日行情"",""address"":""A1:M1189"",""rows"":1189,""cols"":13,""values"":[[""date"",""contract"",""open"",""high"",""low"",""close"",""change_cny"",""change_pct"",""weighted_avg"",""volume_kg"",""turnover_cny"",""open_interest_lots"",""source_url""],[""2024-01-04T00:00:00.000Z"",""Ag(T+D)"",5910,5930,5851,5867,-113,-0.0189,5873,930034,5462494174,5208366,""https://www.sge.com.cn/sjzx/quotation_daily_new?start_date=2024-01-01&end_date=2024-01-31&inst_ids=Ag%28T%2BD%29&p=""],[""2024-01-04T00:00:00.000Z"",""Au99.99"",",https://www.sge.com.cn/sjzx/quotation_daily_new?start_date=2024-04-01&end_date=2024-04-30&inst_ids=Au99.99&p=
WEB-0403,最终数据/最终数据/outputs/019f56e7-91fe-7a43-b1d0-ae50e45c9d0c/金银价格波动影响因素与时序数据_20260726.xlsx,xl/worksheets/sheet6.xml,xlsx_xml,XLSX entry: xl/worksheets/sheet6.xml,https://www.sge.com.cn/sjzx/quotation_daily_new?start_date=2024-04-01&end_date=2024-04-30&inst_ids=Au99.99&p=
WEB-0403,最终数据/最终数据/outputs/019f56e7-91fe-7a43-b1d0-ae50e45c9d0c/金银价格波动影响因素与时序数据_20260726.xlsx.inspect.ndjson,31180,plain_url,"{""kind"":""table"",""sheet"":""06_SGE原始日行情"",""address"":""A1:M1189"",""rows"":1189,""cols"":13,""values"":[[""date"",""contract"",""open"",""high"",""low"",""close"",""change_cny"",""change_pct"",""weighted_avg"",""volume_kg"",""turnover_cny"",""open_interest_lots"",""source_url""],[""2024-01-04T00:00:00.000Z"",""Ag(T+D)"",5910,5930,5851,5867,-113,-0.0189,5873,930034,5462494174,5208366,""https://www.sge.com.cn/sjzx/quotation_daily_new?start_date=2024-01-01&end_date=2024-01-31&inst_ids=Ag%28T%2BD%29&p=""],[""2024-01-04T00:00:00.000Z"",""Au99.99"",",https://www.sge.com.cn/sjzx/quotation_daily_new?start_date=2024-04-01&end_date=2024-04-30&inst_ids=Au99.99&p=
WEB-0403,最终数据/最终数据/outputs/019f56e7-91fe-7a43-b1d0-ae50e45c9d0c/金银价格波动影响因素与时序数据_中文字段版_20260726.xlsx,xl/worksheets/sheet7.xml,xlsx_xml,XLSX entry: xl/worksheets/sheet7.xml,https://www.sge.com.cn/sjzx/quotation_daily_new?start_date=2024-04-01&end_date=2024-04-30&inst_ids=Au99.99&p=
WEB-0403,最终数据/最终数据/outputs/019f56e7-91fe-7a43-b1d0-ae50e45c9d0c/金银价格波动影响因素与时序数据_中文字段版_20260726.xlsx.inspect.ndjson,31472,plain_url,"{""kind"":""table"",""sheet"":""06_SGE原始日行情"",""address"":""A1:M1189"",""rows"":1189,""cols"":13,""values"":[[""日期"",""合约代码"",""开盘价"",""最高价"",""最低价"",""收盘价"",""涨跌额（元）"",""涨跌幅"",""加权平均价"",""成交量（千克）"",""成交额（元）"",""持仓量（手）"",""来源网址""],[""2024-01-04T00:00:00.000Z"",""Ag(T+D)"",5910,5930,5851,5867,-113,-0.0189,5873,930034,5462494174,5208366,""https://www.sge.com.cn/sjzx/quotation_daily_new?start_date=2024-01-01&end_date=2024-01-31&inst_ids=Ag%28T%2BD%29&p=""],[""2024-01-04T00:00:00.000Z"",""Au99.99"",479,482,477,480.4,-1.09,-0.0023,480.05,24970.08,119869",https://www.sge.com.cn/sjzx/quotation_daily_new?start_date=2024-04-01&end_date=2024-04-30&inst_ids=Au99.99&p=
WEB-0404,最终数据/最终数据/outputs/019f56e7-91fe-7a43-b1d0-ae50e45c9d0c/黄金价格传导链因素与时序数据_20260724.xlsx,xl/worksheets/sheet6.xml,xlsx_xml,XLSX entry: xl/worksheets/sheet6.xml,https://www.sge.com.cn/sjzx/quotation_daily_new?start_date=2024-05-01&end_date=2024-05-31&inst_ids=Ag%28T%2BD%29&p=
WEB-0404,最终数据/最终数据/outputs/019f56e7-91fe-7a43-b1d0-ae50e45c9d0c/黄金价格传导链因素与时序数据_20260724.xlsx.inspect.ndjson,20945,plain_url,"{""kind"":""table"",""sheet"":""06_SGE原始日行情"",""address"":""A1:M1189"",""rows"":1189,""cols"":13,""values"":[[""date"",""contract"",""open"",""high"",""low"",""close"",""change_cny"",""change_pct"",""weighted_avg"",""volume_kg"",""turnover_cny"",""open_interest_lots"",""source_url""],[""2024-01-04T00:00:00.000Z"",""Ag(T+D)"",5910,5930,5851,5867,-113,-0.0189,5873,930034,5462494174,5208366,""https://www.sge.com.cn/sjzx/quotation_daily_new?start_date=2024-01-01&end_date=2024-01-31&inst_ids=Ag%28T%2BD%29&p=""],[""2024-01-04T00:00:00.000Z"",""Au99.99"",",https://www.sge.com.cn/sjzx/quotation_daily_new?start_date=2024-05-01&end_date=2024-05-31&inst_ids=Ag%28T%2BD%29&p=
WEB-0404,最终数据/最终数据/outputs/019f56e7-91fe-7a43-b1d0-ae50e45c9d0c/金银价格波动影响因素与时序数据_20260726.xlsx,xl/worksheets/sheet6.xml,xlsx_xml,XLSX entry: xl/worksheets/sheet6.xml,https://www.sge.com.cn/sjzx/quotation_daily_new?start_date=2024-05-01&end_date=2024-05-31&inst_ids=Ag%28T%2BD%29&p=
WEB-0404,最终数据/最终数据/outputs/019f56e7-91fe-7a43-b1d0-ae50e45c9d0c/金银价格波动影响因素与时序数据_20260726.xlsx.inspect.ndjson,31180,plain_url,"{""kind"":""table"",""sheet"":""06_SGE原始日行情"",""address"":""A1:M1189"",""rows"":1189,""cols"":13,""values"":[[""date"",""contract"",""open"",""high"",""low"",""close"",""change_cny"",""change_pct"",""weighted_avg"",""volume_kg"",""turnover_cny"",""open_interest_lots"",""source_url""],[""2024-01-04T00:00:00.000Z"",""Ag(T+D)"",5910,5930,5851,5867,-113,-0.0189,5873,930034,5462494174,5208366,""https://www.sge.com.cn/sjzx/quotation_daily_new?start_date=2024-01-01&end_date=2024-01-31&inst_ids=Ag%28T%2BD%29&p=""],[""2024-01-04T00:00:00.000Z"",""Au99.99"",",https://www.sge.com.cn/sjzx/quotation_daily_new?start_date=2024-05-01&end_date=2024-05-31&inst_ids=Ag%28T%2BD%29&p=
WEB-0404,最终数据/最终数据/outputs/019f56e7-91fe-7a43-b1d0-ae50e45c9d0c/金银价格波动影响因素与时序数据_中文字段版_20260726.xlsx,xl/worksheets/sheet7.xml,xlsx_xml,XLSX entry: xl/worksheets/sheet7.xml,https://www.sge.com.cn/sjzx/quotation_daily_new?start_date=2024-05-01&end_date=2024-05-31&inst_ids=Ag%28T%2BD%29&p=
WEB-0404,最终数据/最终数据/outputs/019f56e7-91fe-7a43-b1d0-ae50e45c9d0c/金银价格波动影响因素与时序数据_中文字段版_20260726.xlsx.inspect.ndjson,31472,plain_url,"{""kind"":""table"",""sheet"":""06_SGE原始日行情"",""address"":""A1:M1189"",""rows"":1189,""cols"":13,""values"":[[""日期"",""合约代码"",""开盘价"",""最高价"",""最低价"",""收盘价"",""涨跌额（元）"",""涨跌幅"",""加权平均价"",""成交量（千克）"",""成交额（元）"",""持仓量（手）"",""来源网址""],[""2024-01-04T00:00:00.000Z"",""Ag(T+D)"",5910,5930,5851,5867,-113,-0.0189,5873,930034,5462494174,5208366,""https://www.sge.com.cn/sjzx/quotation_daily_new?start_date=2024-01-01&end_date=2024-01-31&inst_ids=Ag%28T%2BD%29&p=""],[""2024-01-04T00:00:00.000Z"",""Au99.99"",479,482,477,480.4,-1.09,-0.0023,480.05,24970.08,119869",https://www.sge.com.cn/sjzx/quotation_daily_new?start_date=2024-05-01&end_date=2024-05-31&inst_ids=Ag%28T%2BD%29&p=
WEB-0405,最终数据/最终数据/outputs/019f56e7-91fe-7a43-b1d0-ae50e45c9d0c/黄金价格传导链因素与时序数据_20260724.xlsx,xl/worksheets/sheet6.xml,xlsx_xml,XLSX entry: xl/worksheets/sheet6.xml,https://www.sge.com.cn/sjzx/quotation_daily_new?start_date=2024-05-01&end_date=2024-05-31&inst_ids=Au99.99&p=
WEB-0405,最终数据/最终数据/outputs/019f56e7-91fe-7a43-b1d0-ae50e45c9d0c/黄金价格传导链因素与时序数据_20260724.xlsx.inspect.ndjson,20945,plain_url,"{""kind"":""table"",""sheet"":""06_SGE原始日行情"",""address"":""A1:M1189"",""rows"":1189,""cols"":13,""values"":[[""date"",""contract"",""open"",""high"",""low"",""close"",""change_cny"",""change_pct"",""weighted_avg"",""volume_kg"",""turnover_cny"",""open_interest_lots"",""source_url""],[""2024-01-04T00:00:00.000Z"",""Ag(T+D)"",5910,5930,5851,5867,-113,-0.0189,5873,930034,5462494174,5208366,""https://www.sge.com.cn/sjzx/quotation_daily_new?start_date=2024-01-01&end_date=2024-01-31&inst_ids=Ag%28T%2BD%29&p=""],[""2024-01-04T00:00:00.000Z"",""Au99.99"",",https://www.sge.com.cn/sjzx/quotation_daily_new?start_date=2024-05-01&end_date=2024-05-31&inst_ids=Au99.99&p=
WEB-0405,最终数据/最终数据/outputs/019f56e7-91fe-7a43-b1d0-ae50e45c9d0c/金银价格波动影响因素与时序数据_20260726.xlsx,xl/worksheets/sheet6.xml,xlsx_xml,XLSX entry: xl/worksheets/sheet6.xml,https://www.sge.com.cn/sjzx/quotation_daily_new?start_date=2024-05-01&end_date=2024-05-31&inst_ids=Au99.99&p=
WEB-0405,最终数据/最终数据/outputs/019f56e7-91fe-7a43-b1d0-ae50e45c9d0c/金银价格波动影响因素与时序数据_20260726.xlsx.inspect.ndjson,31180,plain_url,"{""kind"":""table"",""sheet"":""06_SGE原始日行情"",""address"":""A1:M1189"",""rows"":1189,""cols"":13,""values"":[[""date"",""contract"",""open"",""high"",""low"",""close"",""change_cny"",""change_pct"",""weighted_avg"",""volume_kg"",""turnover_cny"",""open_interest_lots"",""source_url""],[""2024-01-04T00:00:00.000Z"",""Ag(T+D)"",5910,5930,5851,5867,-113,-0.0189,5873,930034,5462494174,5208366,""https://www.sge.com.cn/sjzx/quotation_daily_new?start_date=2024-01-01&end_date=2024-01-31&inst_ids=Ag%28T%2BD%29&p=""],[""2024-01-04T00:00:00.000Z"",""Au99.99"",",https://www.sge.com.cn/sjzx/quotation_daily_new?start_date=2024-05-01&end_date=2024-05-31&inst_ids=Au99.99&p=
WEB-0405,最终数据/最终数据/outputs/019f56e7-91fe-7a43-b1d0-ae50e45c9d0c/金银价格波动影响因素与时序数据_中文字段版_20260726.xlsx,xl/worksheets/sheet7.xml,xlsx_xml,XLSX entry: xl/worksheets/sheet7.xml,https://www.sge.com.cn/sjzx/quotation_daily_new?start_date=2024-05-01&end_date=2024-05-31&inst_ids=Au99.99&p=
WEB-0405,最终数据/最终数据/outputs/019f56e7-91fe-7a43-b1d0-ae50e45c9d0c/金银价格波动影响因素与时序数据_中文字段版_20260726.xlsx.inspect.ndjson,31472,plain_url,"{""kind"":""table"",""sheet"":""06_SGE原始日行情"",""address"":""A1:M1189"",""rows"":1189,""cols"":13,""values"":[[""日期"",""合约代码"",""开盘价"",""最高价"",""最低价"",""收盘价"",""涨跌额（元）"",""涨跌幅"",""加权平均价"",""成交量（千克）"",""成交额（元）"",""持仓量（手）"",""来源网址""],[""2024-01-04T00:00:00.000Z"",""Ag(T+D)"",5910,5930,5851,5867,-113,-0.0189,5873,930034,5462494174,5208366,""https://www.sge.com.cn/sjzx/quotation_daily_new?start_date=2024-01-01&end_date=2024-01-31&inst_ids=Ag%28T%2BD%29&p=""],[""2024-01-04T00:00:00.000Z"",""Au99.99"",479,482,477,480.4,-1.09,-0.0023,480.05,24970.08,119869",https://www.sge.com.cn/sjzx/quotation_daily_new?start_date=2024-05-01&end_date=2024-05-31&inst_ids=Au99.99&p=
WEB-0406,最终数据/最终数据/outputs/019f56e7-91fe-7a43-b1d0-ae50e45c9d0c/黄金价格传导链因素与时序数据_20260724.xlsx,xl/worksheets/sheet6.xml,xlsx_xml,XLSX entry: xl/worksheets/sheet6.xml,https://www.sge.com.cn/sjzx/quotation_daily_new?start_date=2024-06-01&end_date=2024-06-30&inst_ids=Ag%28T%2BD%29&p=
WEB-0406,最终数据/最终数据/outputs/019f56e7-91fe-7a43-b1d0-ae50e45c9d0c/黄金价格传导链因素与时序数据_20260724.xlsx.inspect.ndjson,20945,plain_url,"{""kind"":""table"",""sheet"":""06_SGE原始日行情"",""address"":""A1:M1189"",""rows"":1189,""cols"":13,""values"":[[""date"",""contract"",""open"",""high"",""low"",""close"",""change_cny"",""change_pct"",""weighted_avg"",""volume_kg"",""turnover_cny"",""open_interest_lots"",""source_url""],[""2024-01-04T00:00:00.000Z"",""Ag(T+D)"",5910,5930,5851,5867,-113,-0.0189,5873,930034,5462494174,5208366,""https://www.sge.com.cn/sjzx/quotation_daily_new?start_date=2024-01-01&end_date=2024-01-31&inst_ids=Ag%28T%2BD%29&p=""],[""2024-01-04T00:00:00.000Z"",""Au99.99"",",https://www.sge.com.cn/sjzx/quotation_daily_new?start_date=2024-06-01&end_date=2024-06-30&inst_ids=Ag%28T%2BD%29&p=
WEB-0406,最终数据/最终数据/outputs/019f56e7-91fe-7a43-b1d0-ae50e45c9d0c/金银价格波动影响因素与时序数据_20260726.xlsx,xl/worksheets/sheet6.xml,xlsx_xml,XLSX entry: xl/worksheets/sheet6.xml,https://www.sge.com.cn/sjzx/quotation_daily_new?start_date=2024-06-01&end_date=2024-06-30&inst_ids=Ag%28T%2BD%29&p=
WEB-0406,最终数据/最终数据/outputs/019f56e7-91fe-7a43-b1d0-ae50e45c9d0c/金银价格波动影响因素与时序数据_20260726.xlsx.inspect.ndjson,31180,plain_url,"{""kind"":""table"",""sheet"":""06_SGE原始日行情"",""address"":""A1:M1189"",""rows"":1189,""cols"":13,""values"":[[""date"",""contract"",""open"",""high"",""low"",""close"",""change_cny"",""change_pct"",""weighted_avg"",""volume_kg"",""turnover_cny"",""open_interest_lots"",""source_url""],[""2024-01-04T00:00:00.000Z"",""Ag(T+D)"",5910,5930,5851,5867,-113,-0.0189,5873,930034,5462494174,5208366,""https://www.sge.com.cn/sjzx/quotation_daily_new?start_date=2024-01-01&end_date=2024-01-31&inst_ids=Ag%28T%2BD%29&p=""],[""2024-01-04T00:00:00.000Z"",""Au99.99"",",https://www.sge.com.cn/sjzx/quotation_daily_new?start_date=2024-06-01&end_date=2024-06-30&inst_ids=Ag%28T%2BD%29&p=
WEB-0406,最终数据/最终数据/outputs/019f56e7-91fe-7a43-b1d0-ae50e45c9d0c/金银价格波动影响因素与时序数据_中文字段版_20260726.xlsx,xl/worksheets/sheet7.xml,xlsx_xml,XLSX entry: xl/worksheets/sheet7.xml,https://www.sge.com.cn/sjzx/quotation_daily_new?start_date=2024-06-01&end_date=2024-06-30&inst_ids=Ag%28T%2BD%29&p=
WEB-0406,最终数据/最终数据/outputs/019f56e7-91fe-7a43-b1d0-ae50e45c9d0c/金银价格波动影响因素与时序数据_中文字段版_20260726.xlsx.inspect.ndjson,31472,plain_url,"{""kind"":""table"",""sheet"":""06_SGE原始日行情"",""address"":""A1:M1189"",""rows"":1189,""cols"":13,""values"":[[""日期"",""合约代码"",""开盘价"",""最高价"",""最低价"",""收盘价"",""涨跌额（元）"",""涨跌幅"",""加权平均价"",""成交量（千克）"",""成交额（元）"",""持仓量（手）"",""来源网址""],[""2024-01-04T00:00:00.000Z"",""Ag(T+D)"",5910,5930,5851,5867,-113,-0.0189,5873,930034,5462494174,5208366,""https://www.sge.com.cn/sjzx/quotation_daily_new?start_date=2024-01-01&end_date=2024-01-31&inst_ids=Ag%28T%2BD%29&p=""],[""2024-01-04T00:00:00.000Z"",""Au99.99"",479,482,477,480.4,-1.09,-0.0023,480.05,24970.08,119869",https://www.sge.com.cn/sjzx/quotation_daily_new?start_date=2024-06-01&end_date=2024-06-30&inst_ids=Ag%28T%2BD%29&p=
WEB-0407,最终数据/最终数据/outputs/019f56e7-91fe-7a43-b1d0-ae50e45c9d0c/黄金价格传导链因素与时序数据_20260724.xlsx,xl/worksheets/sheet6.xml,xlsx_xml,XLSX entry: xl/worksheets/sheet6.xml,https://www.sge.com.cn/sjzx/quotation_daily_new?start_date=2024-06-01&end_date=2024-06-30&inst_ids=Au99.99&p=
WEB-0407,最终数据/最终数据/outputs/019f56e7-91fe-7a43-b1d0-ae50e45c9d0c/黄金价格传导链因素与时序数据_20260724.xlsx.inspect.ndjson,20945,plain_url,"{""kind"":""table"",""sheet"":""06_SGE原始日行情"",""address"":""A1:M1189"",""rows"":1189,""cols"":13,""values"":[[""date"",""contract"",""open"",""high"",""low"",""close"",""change_cny"",""change_pct"",""weighted_avg"",""volume_kg"",""turnover_cny"",""open_interest_lots"",""source_url""],[""2024-01-04T00:00:00.000Z"",""Ag(T+D)"",5910,5930,5851,5867,-113,-0.0189,5873,930034,5462494174,5208366,""https://www.sge.com.cn/sjzx/quotation_daily_new?start_date=2024-01-01&end_date=2024-01-31&inst_ids=Ag%28T%2BD%29&p=""],[""2024-01-04T00:00:00.000Z"",""Au99.99"",",https://www.sge.com.cn/sjzx/quotation_daily_new?start_date=2024-06-01&end_date=2024-06-30&inst_ids=Au99.99&p=
WEB-0407,最终数据/最终数据/outputs/019f56e7-91fe-7a43-b1d0-ae50e45c9d0c/金银价格波动影响因素与时序数据_20260726.xlsx,xl/worksheets/sheet6.xml,xlsx_xml,XLSX entry: xl/worksheets/sheet6.xml,https://www.sge.com.cn/sjzx/quotation_daily_new?start_date=2024-06-01&end_date=2024-06-30&inst_ids=Au99.99&p=
WEB-0407,最终数据/最终数据/outputs/019f56e7-91fe-7a43-b1d0-ae50e45c9d0c/金银价格波动影响因素与时序数据_20260726.xlsx.inspect.ndjson,31180,plain_url,"{""kind"":""table"",""sheet"":""06_SGE原始日行情"",""address"":""A1:M1189"",""rows"":1189,""cols"":13,""values"":[[""date"",""contract"",""open"",""high"",""low"",""close"",""change_cny"",""change_pct"",""weighted_avg"",""volume_kg"",""turnover_cny"",""open_interest_lots"",""source_url""],[""2024-01-04T00:00:00.000Z"",""Ag(T+D)"",5910,5930,5851,5867,-113,-0.0189,5873,930034,5462494174,5208366,""https://www.sge.com.cn/sjzx/quotation_daily_new?start_date=2024-01-01&end_date=2024-01-31&inst_ids=Ag%28T%2BD%29&p=""],[""2024-01-04T00:00:00.000Z"",""Au99.99"",",https://www.sge.com.cn/sjzx/quotation_daily_new?start_date=2024-06-01&end_date=2024-06-30&inst_ids=Au99.99&p=
WEB-0407,最终数据/最终数据/outputs/019f56e7-91fe-7a43-b1d0-ae50e45c9d0c/金银价格波动影响因素与时序数据_中文字段版_20260726.xlsx,xl/worksheets/sheet7.xml,xlsx_xml,XLSX entry: xl/worksheets/sheet7.xml,https://www.sge.com.cn/sjzx/quotation_daily_new?start_date=2024-06-01&end_date=2024-06-30&inst_ids=Au99.99&p=
WEB-0407,最终数据/最终数据/outputs/019f56e7-91fe-7a43-b1d0-ae50e45c9d0c/金银价格波动影响因素与时序数据_中文字段版_20260726.xlsx.inspect.ndjson,31472,plain_url,"{""kind"":""table"",""sheet"":""06_SGE原始日行情"",""address"":""A1:M1189"",""rows"":1189,""cols"":13,""values"":[[""日期"",""合约代码"",""开盘价"",""最高价"",""最低价"",""收盘价"",""涨跌额（元）"",""涨跌幅"",""加权平均价"",""成交量（千克）"",""成交额（元）"",""持仓量（手）"",""来源网址""],[""2024-01-04T00:00:00.000Z"",""Ag(T+D)"",5910,5930,5851,5867,-113,-0.0189,5873,930034,5462494174,5208366,""https://www.sge.com.cn/sjzx/quotation_daily_new?start_date=2024-01-01&end_date=2024-01-31&inst_ids=Ag%28T%2BD%29&p=""],[""2024-01-04T00:00:00.000Z"",""Au99.99"",479,482,477,480.4,-1.09,-0.0023,480.05,24970.08,119869",https://www.sge.com.cn/sjzx/quotation_daily_new?start_date=2024-06-01&end_date=2024-06-30&inst_ids=Au99.99&p=
WEB-0408,最终数据/最终数据/outputs/019f56e7-91fe-7a43-b1d0-ae50e45c9d0c/黄金价格传导链因素与时序数据_20260724.xlsx,xl/worksheets/sheet6.xml,xlsx_xml,XLSX entry: xl/worksheets/sheet6.xml,https://www.sge.com.cn/sjzx/quotation_daily_new?start_date=2024-07-01&end_date=2024-07-31&inst_ids=Ag%28T%2BD%29&p=
WEB-0408,最终数据/最终数据/outputs/019f56e7-91fe-7a43-b1d0-ae50e45c9d0c/黄金价格传导链因素与时序数据_20260724.xlsx.inspect.ndjson,20945,plain_url,"{""kind"":""table"",""sheet"":""06_SGE原始日行情"",""address"":""A1:M1189"",""rows"":1189,""cols"":13,""values"":[[""date"",""contract"",""open"",""high"",""low"",""close"",""change_cny"",""change_pct"",""weighted_avg"",""volume_kg"",""turnover_cny"",""open_interest_lots"",""source_url""],[""2024-01-04T00:00:00.000Z"",""Ag(T+D)"",5910,5930,5851,5867,-113,-0.0189,5873,930034,5462494174,5208366,""https://www.sge.com.cn/sjzx/quotation_daily_new?start_date=2024-01-01&end_date=2024-01-31&inst_ids=Ag%28T%2BD%29&p=""],[""2024-01-04T00:00:00.000Z"",""Au99.99"",",https://www.sge.com.cn/sjzx/quotation_daily_new?start_date=2024-07-01&end_date=2024-07-31&inst_ids=Ag%28T%2BD%29&p=
WEB-0408,最终数据/最终数据/outputs/019f56e7-91fe-7a43-b1d0-ae50e45c9d0c/金银价格波动影响因素与时序数据_20260726.xlsx,xl/worksheets/sheet6.xml,xlsx_xml,XLSX entry: xl/worksheets/sheet6.xml,https://www.sge.com.cn/sjzx/quotation_daily_new?start_date=2024-07-01&end_date=2024-07-31&inst_ids=Ag%28T%2BD%29&p=
WEB-0408,最终数据/最终数据/outputs/019f56e7-91fe-7a43-b1d0-ae50e45c9d0c/金银价格波动影响因素与时序数据_20260726.xlsx.inspect.ndjson,31180,plain_url,"{""kind"":""table"",""sheet"":""06_SGE原始日行情"",""address"":""A1:M1189"",""rows"":1189,""cols"":13,""values"":[[""date"",""contract"",""open"",""high"",""low"",""close"",""change_cny"",""change_pct"",""weighted_avg"",""volume_kg"",""turnover_cny"",""open_interest_lots"",""source_url""],[""2024-01-04T00:00:00.000Z"",""Ag(T+D)"",5910,5930,5851,5867,-113,-0.0189,5873,930034,5462494174,5208366,""https://www.sge.com.cn/sjzx/quotation_daily_new?start_date=2024-01-01&end_date=2024-01-31&inst_ids=Ag%28T%2BD%29&p=""],[""2024-01-04T00:00:00.000Z"",""Au99.99"",",https://www.sge.com.cn/sjzx/quotation_daily_new?start_date=2024-07-01&end_date=2024-07-31&inst_ids=Ag%28T%2BD%29&p=
WEB-0408,最终数据/最终数据/outputs/019f56e7-91fe-7a43-b1d0-ae50e45c9d0c/金银价格波动影响因素与时序数据_中文字段版_20260726.xlsx,xl/worksheets/sheet7.xml,xlsx_xml,XLSX entry: xl/worksheets/sheet7.xml,https://www.sge.com.cn/sjzx/quotation_daily_new?start_date=2024-07-01&end_date=2024-07-31&inst_ids=Ag%28T%2BD%29&p=
WEB-0408,最终数据/最终数据/outputs/019f56e7-91fe-7a43-b1d0-ae50e45c9d0c/金银价格波动影响因素与时序数据_中文字段版_20260726.xlsx.inspect.ndjson,31472,plain_url,"{""kind"":""table"",""sheet"":""06_SGE原始日行情"",""address"":""A1:M1189"",""rows"":1189,""cols"":13,""values"":[[""日期"",""合约代码"",""开盘价"",""最高价"",""最低价"",""收盘价"",""涨跌额（元）"",""涨跌幅"",""加权平均价"",""成交量（千克）"",""成交额（元）"",""持仓量（手）"",""来源网址""],[""2024-01-04T00:00:00.000Z"",""Ag(T+D)"",5910,5930,5851,5867,-113,-0.0189,5873,930034,5462494174,5208366,""https://www.sge.com.cn/sjzx/quotation_daily_new?start_date=2024-01-01&end_date=2024-01-31&inst_ids=Ag%28T%2BD%29&p=""],[""2024-01-04T00:00:00.000Z"",""Au99.99"",479,482,477,480.4,-1.09,-0.0023,480.05,24970.08,119869",https://www.sge.com.cn/sjzx/quotation_daily_new?start_date=2024-07-01&end_date=2024-07-31&inst_ids=Ag%28T%2BD%29&p=
WEB-0409,最终数据/最终数据/outputs/019f56e7-91fe-7a43-b1d0-ae50e45c9d0c/黄金价格传导链因素与时序数据_20260724.xlsx,xl/worksheets/sheet6.xml,xlsx_xml,XLSX entry: xl/worksheets/sheet6.xml,https://www.sge.com.cn/sjzx/quotation_daily_new?start_date=2024-07-01&end_date=2024-07-31&inst_ids=Au99.99&p=
WEB-0409,最终数据/最终数据/outputs/019f56e7-91fe-7a43-b1d0-ae50e45c9d0c/黄金价格传导链因素与时序数据_20260724.xlsx.inspect.ndjson,20945,plain_url,"{""kind"":""table"",""sheet"":""06_SGE原始日行情"",""address"":""A1:M1189"",""rows"":1189,""cols"":13,""values"":[[""date"",""contract"",""open"",""high"",""low"",""close"",""change_cny"",""change_pct"",""weighted_avg"",""volume_kg"",""turnover_cny"",""open_interest_lots"",""source_url""],[""2024-01-04T00:00:00.000Z"",""Ag(T+D)"",5910,5930,5851,5867,-113,-0.0189,5873,930034,5462494174,5208366,""https://www.sge.com.cn/sjzx/quotation_daily_new?start_date=2024-01-01&end_date=2024-01-31&inst_ids=Ag%28T%2BD%29&p=""],[""2024-01-04T00:00:00.000Z"",""Au99.99"",",https://www.sge.com.cn/sjzx/quotation_daily_new?start_date=2024-07-01&end_date=2024-07-31&inst_ids=Au99.99&p=
WEB-0409,最终数据/最终数据/outputs/019f56e7-91fe-7a43-b1d0-ae50e45c9d0c/金银价格波动影响因素与时序数据_20260726.xlsx,xl/worksheets/sheet6.xml,xlsx_xml,XLSX entry: xl/worksheets/sheet6.xml,https://www.sge.com.cn/sjzx/quotation_daily_new?start_date=2024-07-01&end_date=2024-07-31&inst_ids=Au99.99&p=
WEB-0409,最终数据/最终数据/outputs/019f56e7-91fe-7a43-b1d0-ae50e45c9d0c/金银价格波动影响因素与时序数据_20260726.xlsx.inspect.ndjson,31180,plain_url,"{""kind"":""table"",""sheet"":""06_SGE原始日行情"",""address"":""A1:M1189"",""rows"":1189,""cols"":13,""values"":[[""date"",""contract"",""open"",""high"",""low"",""close"",""change_cny"",""change_pct"",""weighted_avg"",""volume_kg"",""turnover_cny"",""open_interest_lots"",""source_url""],[""2024-01-04T00:00:00.000Z"",""Ag(T+D)"",5910,5930,5851,5867,-113,-0.0189,5873,930034,5462494174,5208366,""https://www.sge.com.cn/sjzx/quotation_daily_new?start_date=2024-01-01&end_date=2024-01-31&inst_ids=Ag%28T%2BD%29&p=""],[""2024-01-04T00:00:00.000Z"",""Au99.99"",",https://www.sge.com.cn/sjzx/quotation_daily_new?start_date=2024-07-01&end_date=2024-07-31&inst_ids=Au99.99&p=
WEB-0409,最终数据/最终数据/outputs/019f56e7-91fe-7a43-b1d0-ae50e45c9d0c/金银价格波动影响因素与时序数据_中文字段版_20260726.xlsx,xl/worksheets/sheet7.xml,xlsx_xml,XLSX entry: xl/worksheets/sheet7.xml,https://www.sge.com.cn/sjzx/quotation_daily_new?start_date=2024-07-01&end_date=2024-07-31&inst_ids=Au99.99&p=
WEB-0409,最终数据/最终数据/outputs/019f56e7-91fe-7a43-b1d0-ae50e45c9d0c/金银价格波动影响因素与时序数据_中文字段版_20260726.xlsx.inspect.ndjson,31472,plain_url,"{""kind"":""table"",""sheet"":""06_SGE原始日行情"",""address"":""A1:M1189"",""rows"":1189,""cols"":13,""values"":[[""日期"",""合约代码"",""开盘价"",""最高价"",""最低价"",""收盘价"",""涨跌额（元）"",""涨跌幅"",""加权平均价"",""成交量（千克）"",""成交额（元）"",""持仓量（手）"",""来源网址""],[""2024-01-04T00:00:00.000Z"",""Ag(T+D)"",5910,5930,5851,5867,-113,-0.0189,5873,930034,5462494174,5208366,""https://www.sge.com.cn/sjzx/quotation_daily_new?start_date=2024-01-01&end_date=2024-01-31&inst_ids=Ag%28T%2BD%29&p=""],[""2024-01-04T00:00:00.000Z"",""Au99.99"",479,482,477,480.4,-1.09,-0.0023,480.05,24970.08,119869",https://www.sge.com.cn/sjzx/quotation_daily_new?start_date=2024-07-01&end_date=2024-07-31&inst_ids=Au99.99&p=
WEB-0410,最终数据/最终数据/outputs/019f56e7-91fe-7a43-b1d0-ae50e45c9d0c/黄金价格传导链因素与时序数据_20260724.xlsx,xl/worksheets/sheet6.xml,xlsx_xml,XLSX entry: xl/worksheets/sheet6.xml,https://www.sge.com.cn/sjzx/quotation_daily_new?start_date=2024-08-01&end_date=2024-08-31&inst_ids=Ag%28T%2BD%29&p=
WEB-0410,最终数据/最终数据/outputs/019f56e7-91fe-7a43-b1d0-ae50e45c9d0c/黄金价格传导链因素与时序数据_20260724.xlsx.inspect.ndjson,20945,plain_url,"{""kind"":""table"",""sheet"":""06_SGE原始日行情"",""address"":""A1:M1189"",""rows"":1189,""cols"":13,""values"":[[""date"",""contract"",""open"",""high"",""low"",""close"",""change_cny"",""change_pct"",""weighted_avg"",""volume_kg"",""turnover_cny"",""open_interest_lots"",""source_url""],[""2024-01-04T00:00:00.000Z"",""Ag(T+D)"",5910,5930,5851,5867,-113,-0.0189,5873,930034,5462494174,5208366,""https://www.sge.com.cn/sjzx/quotation_daily_new?start_date=2024-01-01&end_date=2024-01-31&inst_ids=Ag%28T%2BD%29&p=""],[""2024-01-04T00:00:00.000Z"",""Au99.99"",",https://www.sge.com.cn/sjzx/quotation_daily_new?start_date=2024-08-01&end_date=2024-08-31&inst_ids=Ag%28T%2BD%29&p=
WEB-0410,最终数据/最终数据/outputs/019f56e7-91fe-7a43-b1d0-ae50e45c9d0c/金银价格波动影响因素与时序数据_20260726.xlsx,xl/worksheets/sheet6.xml,xlsx_xml,XLSX entry: xl/worksheets/sheet6.xml,https://www.sge.com.cn/sjzx/quotation_daily_new?start_date=2024-08-01&end_date=2024-08-31&inst_ids=Ag%28T%2BD%29&p=
WEB-0410,最终数据/最终数据/outputs/019f56e7-91fe-7a43-b1d0-ae50e45c9d0c/金银价格波动影响因素与时序数据_20260726.xlsx.inspect.ndjson,31180,plain_url,"{""kind"":""table"",""sheet"":""06_SGE原始日行情"",""address"":""A1:M1189"",""rows"":1189,""cols"":13,""values"":[[""date"",""contract"",""open"",""high"",""low"",""close"",""change_cny"",""change_pct"",""weighted_avg"",""volume_kg"",""turnover_cny"",""open_interest_lots"",""source_url""],[""2024-01-04T00:00:00.000Z"",""Ag(T+D)"",5910,5930,5851,5867,-113,-0.0189,5873,930034,5462494174,5208366,""https://www.sge.com.cn/sjzx/quotation_daily_new?start_date=2024-01-01&end_date=2024-01-31&inst_ids=Ag%28T%2BD%29&p=""],[""2024-01-04T00:00:00.000Z"",""Au99.99"",",https://www.sge.com.cn/sjzx/quotation_daily_new?start_date=2024-08-01&end_date=2024-08-31&inst_ids=Ag%28T%2BD%29&p=
WEB-0410,最终数据/最终数据/outputs/019f56e7-91fe-7a43-b1d0-ae50e45c9d0c/金银价格波动影响因素与时序数据_中文字段版_20260726.xlsx,xl/worksheets/sheet7.xml,xlsx_xml,XLSX entry: xl/worksheets/sheet7.xml,https://www.sge.com.cn/sjzx/quotation_daily_new?start_date=2024-08-01&end_date=2024-08-31&inst_ids=Ag%28T%2BD%29&p=
WEB-0410,最终数据/最终数据/outputs/019f56e7-91fe-7a43-b1d0-ae50e45c9d0c/金银价格波动影响因素与时序数据_中文字段版_20260726.xlsx.inspect.ndjson,31472,plain_url,"{""kind"":""table"",""sheet"":""06_SGE原始日行情"",""address"":""A1:M1189"",""rows"":1189,""cols"":13,""values"":[[""日期"",""合约代码"",""开盘价"",""最高价"",""最低价"",""收盘价"",""涨跌额（元）"",""涨跌幅"",""加权平均价"",""成交量（千克）"",""成交额（元）"",""持仓量（手）"",""来源网址""],[""2024-01-04T00:00:00.000Z"",""Ag(T+D)"",5910,5930,5851,5867,-113,-0.0189,5873,930034,5462494174,5208366,""https://www.sge.com.cn/sjzx/quotation_daily_new?start_date=2024-01-01&end_date=2024-01-31&inst_ids=Ag%28T%2BD%29&p=""],[""2024-01-04T00:00:00.000Z"",""Au99.99"",479,482,477,480.4,-1.09,-0.0023,480.05,24970.08,119869",https://www.sge.com.cn/sjzx/quotation_daily_new?start_date=2024-08-01&end_date=2024-08-31&inst_ids=Ag%28T%2BD%29&p=
WEB-0411,最终数据/最终数据/outputs/019f56e7-91fe-7a43-b1d0-ae50e45c9d0c/黄金价格传导链因素与时序数据_20260724.xlsx,xl/worksheets/sheet6.xml,xlsx_xml,XLSX entry: xl/worksheets/sheet6.xml,https://www.sge.com.cn/sjzx/quotation_daily_new?start_date=2024-08-01&end_date=2024-08-31&inst_ids=Au99.99&p=
WEB-0411,最终数据/最终数据/outputs/019f56e7-91fe-7a43-b1d0-ae50e45c9d0c/黄金价格传导链因素与时序数据_20260724.xlsx.inspect.ndjson,20945,plain_url,"{""kind"":""table"",""sheet"":""06_SGE原始日行情"",""address"":""A1:M1189"",""rows"":1189,""cols"":13,""values"":[[""date"",""contract"",""open"",""high"",""low"",""close"",""change_cny"",""change_pct"",""weighted_avg"",""volume_kg"",""turnover_cny"",""open_interest_lots"",""source_url""],[""2024-01-04T00:00:00.000Z"",""Ag(T+D)"",5910,5930,5851,5867,-113,-0.0189,5873,930034,5462494174,5208366,""https://www.sge.com.cn/sjzx/quotation_daily_new?start_date=2024-01-01&end_date=2024-01-31&inst_ids=Ag%28T%2BD%29&p=""],[""2024-01-04T00:00:00.000Z"",""Au99.99"",",https://www.sge.com.cn/sjzx/quotation_daily_new?start_date=2024-08-01&end_date=2024-08-31&inst_ids=Au99.99&p=
WEB-0411,最终数据/最终数据/outputs/019f56e7-91fe-7a43-b1d0-ae50e45c9d0c/金银价格波动影响因素与时序数据_20260726.xlsx,xl/worksheets/sheet6.xml,xlsx_xml,XLSX entry: xl/worksheets/sheet6.xml,https://www.sge.com.cn/sjzx/quotation_daily_new?start_date=2024-08-01&end_date=2024-08-31&inst_ids=Au99.99&p=
WEB-0411,最终数据/最终数据/outputs/019f56e7-91fe-7a43-b1d0-ae50e45c9d0c/金银价格波动影响因素与时序数据_20260726.xlsx.inspect.ndjson,31180,plain_url,"{""kind"":""table"",""sheet"":""06_SGE原始日行情"",""address"":""A1:M1189"",""rows"":1189,""cols"":13,""values"":[[""date"",""contract"",""open"",""high"",""low"",""close"",""change_cny"",""change_pct"",""weighted_avg"",""volume_kg"",""turnover_cny"",""open_interest_lots"",""source_url""],[""2024-01-04T00:00:00.000Z"",""Ag(T+D)"",5910,5930,5851,5867,-113,-0.0189,5873,930034,5462494174,5208366,""https://www.sge.com.cn/sjzx/quotation_daily_new?start_date=2024-01-01&end_date=2024-01-31&inst_ids=Ag%28T%2BD%29&p=""],[""2024-01-04T00:00:00.000Z"",""Au99.99"",",https://www.sge.com.cn/sjzx/quotation_daily_new?start_date=2024-08-01&end_date=2024-08-31&inst_ids=Au99.99&p=
WEB-0411,最终数据/最终数据/outputs/019f56e7-91fe-7a43-b1d0-ae50e45c9d0c/金银价格波动影响因素与时序数据_中文字段版_20260726.xlsx,xl/worksheets/sheet7.xml,xlsx_xml,XLSX entry: xl/worksheets/sheet7.xml,https://www.sge.com.cn/sjzx/quotation_daily_new?start_date=2024-08-01&end_date=2024-08-31&inst_ids=Au99.99&p=
WEB-0411,最终数据/最终数据/outputs/019f56e7-91fe-7a43-b1d0-ae50e45c9d0c/金银价格波动影响因素与时序数据_中文字段版_20260726.xlsx.inspect.ndjson,31472,plain_url,"{""kind"":""table"",""sheet"":""06_SGE原始日行情"",""address"":""A1:M1189"",""rows"":1189,""cols"":13,""values"":[[""日期"",""合约代码"",""开盘价"",""最高价"",""最低价"",""收盘价"",""涨跌额（元）"",""涨跌幅"",""加权平均价"",""成交量（千克）"",""成交额（元）"",""持仓量（手）"",""来源网址""],[""2024-01-04T00:00:00.000Z"",""Ag(T+D)"",5910,5930,5851,5867,-113,-0.0189,5873,930034,5462494174,5208366,""https://www.sge.com.cn/sjzx/quotation_daily_new?start_date=2024-01-01&end_date=2024-01-31&inst_ids=Ag%28T%2BD%29&p=""],[""2024-01-04T00:00:00.000Z"",""Au99.99"",479,482,477,480.4,-1.09,-0.0023,480.05,24970.08,119869",https://www.sge.com.cn/sjzx/quotation_daily_new?start_date=2024-08-01&end_date=2024-08-31&inst_ids=Au99.99&p=
WEB-0412,最终数据/最终数据/outputs/019f56e7-91fe-7a43-b1d0-ae50e45c9d0c/黄金价格传导链因素与时序数据_20260724.xlsx,xl/worksheets/sheet6.xml,xlsx_xml,XLSX entry: xl/worksheets/sheet6.xml,https://www.sge.com.cn/sjzx/quotation_daily_new?start_date=2024-09-01&end_date=2024-09-30&inst_ids=Ag%28T%2BD%29&p=
WEB-0412,最终数据/最终数据/outputs/019f56e7-91fe-7a43-b1d0-ae50e45c9d0c/黄金价格传导链因素与时序数据_20260724.xlsx.inspect.ndjson,20945,plain_url,"{""kind"":""table"",""sheet"":""06_SGE原始日行情"",""address"":""A1:M1189"",""rows"":1189,""cols"":13,""values"":[[""date"",""contract"",""open"",""high"",""low"",""close"",""change_cny"",""change_pct"",""weighted_avg"",""volume_kg"",""turnover_cny"",""open_interest_lots"",""source_url""],[""2024-01-04T00:00:00.000Z"",""Ag(T+D)"",5910,5930,5851,5867,-113,-0.0189,5873,930034,5462494174,5208366,""https://www.sge.com.cn/sjzx/quotation_daily_new?start_date=2024-01-01&end_date=2024-01-31&inst_ids=Ag%28T%2BD%29&p=""],[""2024-01-04T00:00:00.000Z"",""Au99.99"",",https://www.sge.com.cn/sjzx/quotation_daily_new?start_date=2024-09-01&end_date=2024-09-30&inst_ids=Ag%28T%2BD%29&p=
WEB-0412,最终数据/最终数据/outputs/019f56e7-91fe-7a43-b1d0-ae50e45c9d0c/金银价格波动影响因素与时序数据_20260726.xlsx,xl/worksheets/sheet6.xml,xlsx_xml,XLSX entry: xl/worksheets/sheet6.xml,https://www.sge.com.cn/sjzx/quotation_daily_new?start_date=2024-09-01&end_date=2024-09-30&inst_ids=Ag%28T%2BD%29&p=
WEB-0412,最终数据/最终数据/outputs/019f56e7-91fe-7a43-b1d0-ae50e45c9d0c/金银价格波动影响因素与时序数据_20260726.xlsx.inspect.ndjson,31180,plain_url,"{""kind"":""table"",""sheet"":""06_SGE原始日行情"",""address"":""A1:M1189"",""rows"":1189,""cols"":13,""values"":[[""date"",""contract"",""open"",""high"",""low"",""close"",""change_cny"",""change_pct"",""weighted_avg"",""volume_kg"",""turnover_cny"",""open_interest_lots"",""source_url""],[""2024-01-04T00:00:00.000Z"",""Ag(T+D)"",5910,5930,5851,5867,-113,-0.0189,5873,930034,5462494174,5208366,""https://www.sge.com.cn/sjzx/quotation_daily_new?start_date=2024-01-01&end_date=2024-01-31&inst_ids=Ag%28T%2BD%29&p=""],[""2024-01-04T00:00:00.000Z"",""Au99.99"",",https://www.sge.com.cn/sjzx/quotation_daily_new?start_date=2024-09-01&end_date=2024-09-30&inst_ids=Ag%28T%2BD%29&p=
WEB-0412,最终数据/最终数据/outputs/019f56e7-91fe-7a43-b1d0-ae50e45c9d0c/金银价格波动影响因素与时序数据_中文字段版_20260726.xlsx,xl/worksheets/sheet7.xml,xlsx_xml,XLSX entry: xl/worksheets/sheet7.xml,https://www.sge.com.cn/sjzx/quotation_daily_new?start_date=2024-09-01&end_date=2024-09-30&inst_ids=Ag%28T%2BD%29&p=
WEB-0412,最终数据/最终数据/outputs/019f56e7-91fe-7a43-b1d0-ae50e45c9d0c/金银价格波动影响因素与时序数据_中文字段版_20260726.xlsx.inspect.ndjson,31472,plain_url,"{""kind"":""table"",""sheet"":""06_SGE原始日行情"",""address"":""A1:M1189"",""rows"":1189,""cols"":13,""values"":[[""日期"",""合约代码"",""开盘价"",""最高价"",""最低价"",""收盘价"",""涨跌额（元）"",""涨跌幅"",""加权平均价"",""成交量（千克）"",""成交额（元）"",""持仓量（手）"",""来源网址""],[""2024-01-04T00:00:00.000Z"",""Ag(T+D)"",5910,5930,5851,5867,-113,-0.0189,5873,930034,5462494174,5208366,""https://www.sge.com.cn/sjzx/quotation_daily_new?start_date=2024-01-01&end_date=2024-01-31&inst_ids=Ag%28T%2BD%29&p=""],[""2024-01-04T00:00:00.000Z"",""Au99.99"",479,482,477,480.4,-1.09,-0.0023,480.05,24970.08,119869",https://www.sge.com.cn/sjzx/quotation_daily_new?start_date=2024-09-01&end_date=2024-09-30&inst_ids=Ag%28T%2BD%29&p=
WEB-0413,最终数据/最终数据/outputs/019f56e7-91fe-7a43-b1d0-ae50e45c9d0c/黄金价格传导链因素与时序数据_20260724.xlsx,xl/worksheets/sheet6.xml,xlsx_xml,XLSX entry: xl/worksheets/sheet6.xml,https://www.sge.com.cn/sjzx/quotation_daily_new?start_date=2024-09-01&end_date=2024-09-30&inst_ids=Au99.99&p=
WEB-0413,最终数据/最终数据/outputs/019f56e7-91fe-7a43-b1d0-ae50e45c9d0c/黄金价格传导链因素与时序数据_20260724.xlsx.inspect.ndjson,20945,plain_url,"{""kind"":""table"",""sheet"":""06_SGE原始日行情"",""address"":""A1:M1189"",""rows"":1189,""cols"":13,""values"":[[""date"",""contract"",""open"",""high"",""low"",""close"",""change_cny"",""change_pct"",""weighted_avg"",""volume_kg"",""turnover_cny"",""open_interest_lots"",""source_url""],[""2024-01-04T00:00:00.000Z"",""Ag(T+D)"",5910,5930,5851,5867,-113,-0.0189,5873,930034,5462494174,5208366,""https://www.sge.com.cn/sjzx/quotation_daily_new?start_date=2024-01-01&end_date=2024-01-31&inst_ids=Ag%28T%2BD%29&p=""],[""2024-01-04T00:00:00.000Z"",""Au99.99"",",https://www.sge.com.cn/sjzx/quotation_daily_new?start_date=2024-09-01&end_date=2024-09-30&inst_ids=Au99.99&p=
WEB-0413,最终数据/最终数据/outputs/019f56e7-91fe-7a43-b1d0-ae50e45c9d0c/金银价格波动影响因素与时序数据_20260726.xlsx,xl/worksheets/sheet6.xml,xlsx_xml,XLSX entry: xl/worksheets/sheet6.xml,https://www.sge.com.cn/sjzx/quotation_daily_new?start_date=2024-09-01&end_date=2024-09-30&inst_ids=Au99.99&p=
WEB-0413,最终数据/最终数据/outputs/019f56e7-91fe-7a43-b1d0-ae50e45c9d0c/金银价格波动影响因素与时序数据_20260726.xlsx.inspect.ndjson,31180,plain_url,"{""kind"":""table"",""sheet"":""06_SGE原始日行情"",""address"":""A1:M1189"",""rows"":1189,""cols"":13,""values"":[[""date"",""contract"",""open"",""high"",""low"",""close"",""change_cny"",""change_pct"",""weighted_avg"",""volume_kg"",""turnover_cny"",""open_interest_lots"",""source_url""],[""2024-01-04T00:00:00.000Z"",""Ag(T+D)"",5910,5930,5851,5867,-113,-0.0189,5873,930034,5462494174,5208366,""https://www.sge.com.cn/sjzx/quotation_daily_new?start_date=2024-01-01&end_date=2024-01-31&inst_ids=Ag%28T%2BD%29&p=""],[""2024-01-04T00:00:00.000Z"",""Au99.99"",",https://www.sge.com.cn/sjzx/quotation_daily_new?start_date=2024-09-01&end_date=2024-09-30&inst_ids=Au99.99&p=
WEB-0413,最终数据/最终数据/outputs/019f56e7-91fe-7a43-b1d0-ae50e45c9d0c/金银价格波动影响因素与时序数据_中文字段版_20260726.xlsx,xl/worksheets/sheet7.xml,xlsx_xml,XLSX entry: xl/worksheets/sheet7.xml,https://www.sge.com.cn/sjzx/quotation_daily_new?start_date=2024-09-01&end_date=2024-09-30&inst_ids=Au99.99&p=
WEB-0413,最终数据/最终数据/outputs/019f56e7-91fe-7a43-b1d0-ae50e45c9d0c/金银价格波动影响因素与时序数据_中文字段版_20260726.xlsx.inspect.ndjson,31472,plain_url,"{""kind"":""table"",""sheet"":""06_SGE原始日行情"",""address"":""A1:M1189"",""rows"":1189,""cols"":13,""values"":[[""日期"",""合约代码"",""开盘价"",""最高价"",""最低价"",""收盘价"",""涨跌额（元）"",""涨跌幅"",""加权平均价"",""成交量（千克）"",""成交额（元）"",""持仓量（手）"",""来源网址""],[""2024-01-04T00:00:00.000Z"",""Ag(T+D)"",5910,5930,5851,5867,-113,-0.0189,5873,930034,5462494174,5208366,""https://www.sge.com.cn/sjzx/quotation_daily_new?start_date=2024-01-01&end_date=2024-01-31&inst_ids=Ag%28T%2BD%29&p=""],[""2024-01-04T00:00:00.000Z"",""Au99.99"",479,482,477,480.4,-1.09,-0.0023,480.05,24970.08,119869",https://www.sge.com.cn/sjzx/quotation_daily_new?start_date=2024-09-01&end_date=2024-09-30&inst_ids=Au99.99&p=
WEB-0414,最终数据/最终数据/outputs/019f56e7-91fe-7a43-b1d0-ae50e45c9d0c/黄金价格传导链因素与时序数据_20260724.xlsx,xl/worksheets/sheet6.xml,xlsx_xml,XLSX entry: xl/worksheets/sheet6.xml,https://www.sge.com.cn/sjzx/quotation_daily_new?start_date=2024-10-01&end_date=2024-10-31&inst_ids=Ag%28T%2BD%29&p=
WEB-0414,最终数据/最终数据/outputs/019f56e7-91fe-7a43-b1d0-ae50e45c9d0c/黄金价格传导链因素与时序数据_20260724.xlsx.inspect.ndjson,20945,plain_url,"{""kind"":""table"",""sheet"":""06_SGE原始日行情"",""address"":""A1:M1189"",""rows"":1189,""cols"":13,""values"":[[""date"",""contract"",""open"",""high"",""low"",""close"",""change_cny"",""change_pct"",""weighted_avg"",""volume_kg"",""turnover_cny"",""open_interest_lots"",""source_url""],[""2024-01-04T00:00:00.000Z"",""Ag(T+D)"",5910,5930,5851,5867,-113,-0.0189,5873,930034,5462494174,5208366,""https://www.sge.com.cn/sjzx/quotation_daily_new?start_date=2024-01-01&end_date=2024-01-31&inst_ids=Ag%28T%2BD%29&p=""],[""2024-01-04T00:00:00.000Z"",""Au99.99"",",https://www.sge.com.cn/sjzx/quotation_daily_new?start_date=2024-10-01&end_date=2024-10-31&inst_ids=Ag%28T%2BD%29&p=
WEB-0414,最终数据/最终数据/outputs/019f56e7-91fe-7a43-b1d0-ae50e45c9d0c/金银价格波动影响因素与时序数据_20260726.xlsx,xl/worksheets/sheet6.xml,xlsx_xml,XLSX entry: xl/worksheets/sheet6.xml,https://www.sge.com.cn/sjzx/quotation_daily_new?start_date=2024-10-01&end_date=2024-10-31&inst_ids=Ag%28T%2BD%29&p=
WEB-0414,最终数据/最终数据/outputs/019f56e7-91fe-7a43-b1d0-ae50e45c9d0c/金银价格波动影响因素与时序数据_20260726.xlsx.inspect.ndjson,31180,plain_url,"{""kind"":""table"",""sheet"":""06_SGE原始日行情"",""address"":""A1:M1189"",""rows"":1189,""cols"":13,""values"":[[""date"",""contract"",""open"",""high"",""low"",""close"",""change_cny"",""change_pct"",""weighted_avg"",""volume_kg"",""turnover_cny"",""open_interest_lots"",""source_url""],[""2024-01-04T00:00:00.000Z"",""Ag(T+D)"",5910,5930,5851,5867,-113,-0.0189,5873,930034,5462494174,5208366,""https://www.sge.com.cn/sjzx/quotation_daily_new?start_date=2024-01-01&end_date=2024-01-31&inst_ids=Ag%28T%2BD%29&p=""],[""2024-01-04T00:00:00.000Z"",""Au99.99"",",https://www.sge.com.cn/sjzx/quotation_daily_new?start_date=2024-10-01&end_date=2024-10-31&inst_ids=Ag%28T%2BD%29&p=
WEB-0414,最终数据/最终数据/outputs/019f56e7-91fe-7a43-b1d0-ae50e45c9d0c/金银价格波动影响因素与时序数据_中文字段版_20260726.xlsx,xl/worksheets/sheet7.xml,xlsx_xml,XLSX entry: xl/worksheets/sheet7.xml,https://www.sge.com.cn/sjzx/quotation_daily_new?start_date=2024-10-01&end_date=2024-10-31&inst_ids=Ag%28T%2BD%29&p=
WEB-0414,最终数据/最终数据/outputs/019f56e7-91fe-7a43-b1d0-ae50e45c9d0c/金银价格波动影响因素与时序数据_中文字段版_20260726.xlsx.inspect.ndjson,31472,plain_url,"{""kind"":""table"",""sheet"":""06_SGE原始日行情"",""address"":""A1:M1189"",""rows"":1189,""cols"":13,""values"":[[""日期"",""合约代码"",""开盘价"",""最高价"",""最低价"",""收盘价"",""涨跌额（元）"",""涨跌幅"",""加权平均价"",""成交量（千克）"",""成交额（元）"",""持仓量（手）"",""来源网址""],[""2024-01-04T00:00:00.000Z"",""Ag(T+D)"",5910,5930,5851,5867,-113,-0.0189,5873,930034,5462494174,5208366,""https://www.sge.com.cn/sjzx/quotation_daily_new?start_date=2024-01-01&end_date=2024-01-31&inst_ids=Ag%28T%2BD%29&p=""],[""2024-01-04T00:00:00.000Z"",""Au99.99"",479,482,477,480.4,-1.09,-0.0023,480.05,24970.08,119869",https://www.sge.com.cn/sjzx/quotation_daily_new?start_date=2024-10-01&end_date=2024-10-31&inst_ids=Ag%28T%2BD%29&p=
WEB-0415,最终数据/最终数据/outputs/019f56e7-91fe-7a43-b1d0-ae50e45c9d0c/黄金价格传导链因素与时序数据_20260724.xlsx,xl/worksheets/sheet6.xml,xlsx_xml,XLSX entry: xl/worksheets/sheet6.xml,https://www.sge.com.cn/sjzx/quotation_daily_new?start_date=2024-10-01&end_date=2024-10-31&inst_ids=Au99.99&p=
WEB-0415,最终数据/最终数据/outputs/019f56e7-91fe-7a43-b1d0-ae50e45c9d0c/黄金价格传导链因素与时序数据_20260724.xlsx.inspect.ndjson,20945,plain_url,"{""kind"":""table"",""sheet"":""06_SGE原始日行情"",""address"":""A1:M1189"",""rows"":1189,""cols"":13,""values"":[[""date"",""contract"",""open"",""high"",""low"",""close"",""change_cny"",""change_pct"",""weighted_avg"",""volume_kg"",""turnover_cny"",""open_interest_lots"",""source_url""],[""2024-01-04T00:00:00.000Z"",""Ag(T+D)"",5910,5930,5851,5867,-113,-0.0189,5873,930034,5462494174,5208366,""https://www.sge.com.cn/sjzx/quotation_daily_new?start_date=2024-01-01&end_date=2024-01-31&inst_ids=Ag%28T%2BD%29&p=""],[""2024-01-04T00:00:00.000Z"",""Au99.99"",",https://www.sge.com.cn/sjzx/quotation_daily_new?start_date=2024-10-01&end_date=2024-10-31&inst_ids=Au99.99&p=
WEB-0415,最终数据/最终数据/outputs/019f56e7-91fe-7a43-b1d0-ae50e45c9d0c/金银价格波动影响因素与时序数据_20260726.xlsx,xl/worksheets/sheet6.xml,xlsx_xml,XLSX entry: xl/worksheets/sheet6.xml,https://www.sge.com.cn/sjzx/quotation_daily_new?start_date=2024-10-01&end_date=2024-10-31&inst_ids=Au99.99&p=
WEB-0415,最终数据/最终数据/outputs/019f56e7-91fe-7a43-b1d0-ae50e45c9d0c/金银价格波动影响因素与时序数据_20260726.xlsx.inspect.ndjson,31180,plain_url,"{""kind"":""table"",""sheet"":""06_SGE原始日行情"",""address"":""A1:M1189"",""rows"":1189,""cols"":13,""values"":[[""date"",""contract"",""open"",""high"",""low"",""close"",""change_cny"",""change_pct"",""weighted_avg"",""volume_kg"",""turnover_cny"",""open_interest_lots"",""source_url""],[""2024-01-04T00:00:00.000Z"",""Ag(T+D)"",5910,5930,5851,5867,-113,-0.0189,5873,930034,5462494174,5208366,""https://www.sge.com.cn/sjzx/quotation_daily_new?start_date=2024-01-01&end_date=2024-01-31&inst_ids=Ag%28T%2BD%29&p=""],[""2024-01-04T00:00:00.000Z"",""Au99.99"",",https://www.sge.com.cn/sjzx/quotation_daily_new?start_date=2024-10-01&end_date=2024-10-31&inst_ids=Au99.99&p=
WEB-0415,最终数据/最终数据/outputs/019f56e7-91fe-7a43-b1d0-ae50e45c9d0c/金银价格波动影响因素与时序数据_中文字段版_20260726.xlsx,xl/worksheets/sheet7.xml,xlsx_xml,XLSX entry: xl/worksheets/sheet7.xml,https://www.sge.com.cn/sjzx/quotation_daily_new?start_date=2024-10-01&end_date=2024-10-31&inst_ids=Au99.99&p=
WEB-0415,最终数据/最终数据/outputs/019f56e7-91fe-7a43-b1d0-ae50e45c9d0c/金银价格波动影响因素与时序数据_中文字段版_20260726.xlsx.inspect.ndjson,31472,plain_url,"{""kind"":""table"",""sheet"":""06_SGE原始日行情"",""address"":""A1:M1189"",""rows"":1189,""cols"":13,""values"":[[""日期"",""合约代码"",""开盘价"",""最高价"",""最低价"",""收盘价"",""涨跌额（元）"",""涨跌幅"",""加权平均价"",""成交量（千克）"",""成交额（元）"",""持仓量（手）"",""来源网址""],[""2024-01-04T00:00:00.000Z"",""Ag(T+D)"",5910,5930,5851,5867,-113,-0.0189,5873,930034,5462494174,5208366,""https://www.sge.com.cn/sjzx/quotation_daily_new?start_date=2024-01-01&end_date=2024-01-31&inst_ids=Ag%28T%2BD%29&p=""],[""2024-01-04T00:00:00.000Z"",""Au99.99"",479,482,477,480.4,-1.09,-0.0023,480.05,24970.08,119869",https://www.sge.com.cn/sjzx/quotation_daily_new?start_date=2024-10-01&end_date=2024-10-31&inst_ids=Au99.99&p=
WEB-0416,最终数据/最终数据/outputs/019f56e7-91fe-7a43-b1d0-ae50e45c9d0c/黄金价格传导链因素与时序数据_20260724.xlsx,xl/worksheets/sheet6.xml,xlsx_xml,XLSX entry: xl/worksheets/sheet6.xml,https://www.sge.com.cn/sjzx/quotation_daily_new?start_date=2024-11-01&end_date=2024-11-30&inst_ids=Ag%28T%2BD%29&p=
WEB-0416,最终数据/最终数据/outputs/019f56e7-91fe-7a43-b1d0-ae50e45c9d0c/黄金价格传导链因素与时序数据_20260724.xlsx.inspect.ndjson,20945,plain_url,"{""kind"":""table"",""sheet"":""06_SGE原始日行情"",""address"":""A1:M1189"",""rows"":1189,""cols"":13,""values"":[[""date"",""contract"",""open"",""high"",""low"",""close"",""change_cny"",""change_pct"",""weighted_avg"",""volume_kg"",""turnover_cny"",""open_interest_lots"",""source_url""],[""2024-01-04T00:00:00.000Z"",""Ag(T+D)"",5910,5930,5851,5867,-113,-0.0189,5873,930034,5462494174,5208366,""https://www.sge.com.cn/sjzx/quotation_daily_new?start_date=2024-01-01&end_date=2024-01-31&inst_ids=Ag%28T%2BD%29&p=""],[""2024-01-04T00:00:00.000Z"",""Au99.99"",",https://www.sge.com.cn/sjzx/quotation_daily_new?start_date=2024-11-01&end_date=2024-11-30&inst_ids=Ag%28T%2BD%29&p=
WEB-0416,最终数据/最终数据/outputs/019f56e7-91fe-7a43-b1d0-ae50e45c9d0c/金银价格波动影响因素与时序数据_20260726.xlsx,xl/worksheets/sheet6.xml,xlsx_xml,XLSX entry: xl/worksheets/sheet6.xml,https://www.sge.com.cn/sjzx/quotation_daily_new?start_date=2024-11-01&end_date=2024-11-30&inst_ids=Ag%28T%2BD%29&p=
WEB-0416,最终数据/最终数据/outputs/019f56e7-91fe-7a43-b1d0-ae50e45c9d0c/金银价格波动影响因素与时序数据_20260726.xlsx.inspect.ndjson,31180,plain_url,"{""kind"":""table"",""sheet"":""06_SGE原始日行情"",""address"":""A1:M1189"",""rows"":1189,""cols"":13,""values"":[[""date"",""contract"",""open"",""high"",""low"",""close"",""change_cny"",""change_pct"",""weighted_avg"",""volume_kg"",""turnover_cny"",""open_interest_lots"",""source_url""],[""2024-01-04T00:00:00.000Z"",""Ag(T+D)"",5910,5930,5851,5867,-113,-0.0189,5873,930034,5462494174,5208366,""https://www.sge.com.cn/sjzx/quotation_daily_new?start_date=2024-01-01&end_date=2024-01-31&inst_ids=Ag%28T%2BD%29&p=""],[""2024-01-04T00:00:00.000Z"",""Au99.99"",",https://www.sge.com.cn/sjzx/quotation_daily_new?start_date=2024-11-01&end_date=2024-11-30&inst_ids=Ag%28T%2BD%29&p=
WEB-0416,最终数据/最终数据/outputs/019f56e7-91fe-7a43-b1d0-ae50e45c9d0c/金银价格波动影响因素与时序数据_中文字段版_20260726.xlsx,xl/worksheets/sheet7.xml,xlsx_xml,XLSX entry: xl/worksheets/sheet7.xml,https://www.sge.com.cn/sjzx/quotation_daily_new?start_date=2024-11-01&end_date=2024-11-30&inst_ids=Ag%28T%2BD%29&p=
WEB-0416,最终数据/最终数据/outputs/019f56e7-91fe-7a43-b1d0-ae50e45c9d0c/金银价格波动影响因素与时序数据_中文字段版_20260726.xlsx.inspect.ndjson,31472,plain_url,"{""kind"":""table"",""sheet"":""06_SGE原始日行情"",""address"":""A1:M1189"",""rows"":1189,""cols"":13,""values"":[[""日期"",""合约代码"",""开盘价"",""最高价"",""最低价"",""收盘价"",""涨跌额（元）"",""涨跌幅"",""加权平均价"",""成交量（千克）"",""成交额（元）"",""持仓量（手）"",""来源网址""],[""2024-01-04T00:00:00.000Z"",""Ag(T+D)"",5910,5930,5851,5867,-113,-0.0189,5873,930034,5462494174,5208366,""https://www.sge.com.cn/sjzx/quotation_daily_new?start_date=2024-01-01&end_date=2024-01-31&inst_ids=Ag%28T%2BD%29&p=""],[""2024-01-04T00:00:00.000Z"",""Au99.99"",479,482,477,480.4,-1.09,-0.0023,480.05,24970.08,119869",https://www.sge.com.cn/sjzx/quotation_daily_new?start_date=2024-11-01&end_date=2024-11-30&inst_ids=Ag%28T%2BD%29&p=
WEB-0417,最终数据/最终数据/outputs/019f56e7-91fe-7a43-b1d0-ae50e45c9d0c/黄金价格传导链因素与时序数据_20260724.xlsx,xl/worksheets/sheet6.xml,xlsx_xml,XLSX entry: xl/worksheets/sheet6.xml,https://www.sge.com.cn/sjzx/quotation_daily_new?start_date=2024-11-01&end_date=2024-11-30&inst_ids=Au99.99&p=
WEB-0417,最终数据/最终数据/outputs/019f56e7-91fe-7a43-b1d0-ae50e45c9d0c/黄金价格传导链因素与时序数据_20260724.xlsx.inspect.ndjson,20945,plain_url,"{""kind"":""table"",""sheet"":""06_SGE原始日行情"",""address"":""A1:M1189"",""rows"":1189,""cols"":13,""values"":[[""date"",""contract"",""open"",""high"",""low"",""close"",""change_cny"",""change_pct"",""weighted_avg"",""volume_kg"",""turnover_cny"",""open_interest_lots"",""source_url""],[""2024-01-04T00:00:00.000Z"",""Ag(T+D)"",5910,5930,5851,5867,-113,-0.0189,5873,930034,5462494174,5208366,""https://www.sge.com.cn/sjzx/quotation_daily_new?start_date=2024-01-01&end_date=2024-01-31&inst_ids=Ag%28T%2BD%29&p=""],[""2024-01-04T00:00:00.000Z"",""Au99.99"",",https://www.sge.com.cn/sjzx/quotation_daily_new?start_date=2024-11-01&end_date=2024-11-30&inst_ids=Au99.99&p=
WEB-0417,最终数据/最终数据/outputs/019f56e7-91fe-7a43-b1d0-ae50e45c9d0c/金银价格波动影响因素与时序数据_20260726.xlsx,xl/worksheets/sheet6.xml,xlsx_xml,XLSX entry: xl/worksheets/sheet6.xml,https://www.sge.com.cn/sjzx/quotation_daily_new?start_date=2024-11-01&end_date=2024-11-30&inst_ids=Au99.99&p=
WEB-0417,最终数据/最终数据/outputs/019f56e7-91fe-7a43-b1d0-ae50e45c9d0c/金银价格波动影响因素与时序数据_20260726.xlsx.inspect.ndjson,31180,plain_url,"{""kind"":""table"",""sheet"":""06_SGE原始日行情"",""address"":""A1:M1189"",""rows"":1189,""cols"":13,""values"":[[""date"",""contract"",""open"",""high"",""low"",""close"",""change_cny"",""change_pct"",""weighted_avg"",""volume_kg"",""turnover_cny"",""open_interest_lots"",""source_url""],[""2024-01-04T00:00:00.000Z"",""Ag(T+D)"",5910,5930,5851,5867,-113,-0.0189,5873,930034,5462494174,5208366,""https://www.sge.com.cn/sjzx/quotation_daily_new?start_date=2024-01-01&end_date=2024-01-31&inst_ids=Ag%28T%2BD%29&p=""],[""2024-01-04T00:00:00.000Z"",""Au99.99"",",https://www.sge.com.cn/sjzx/quotation_daily_new?start_date=2024-11-01&end_date=2024-11-30&inst_ids=Au99.99&p=
WEB-0417,最终数据/最终数据/outputs/019f56e7-91fe-7a43-b1d0-ae50e45c9d0c/金银价格波动影响因素与时序数据_中文字段版_20260726.xlsx,xl/worksheets/sheet7.xml,xlsx_xml,XLSX entry: xl/worksheets/sheet7.xml,https://www.sge.com.cn/sjzx/quotation_daily_new?start_date=2024-11-01&end_date=2024-11-30&inst_ids=Au99.99&p=
WEB-0417,最终数据/最终数据/outputs/019f56e7-91fe-7a43-b1d0-ae50e45c9d0c/金银价格波动影响因素与时序数据_中文字段版_20260726.xlsx.inspect.ndjson,31472,plain_url,"{""kind"":""table"",""sheet"":""06_SGE原始日行情"",""address"":""A1:M1189"",""rows"":1189,""cols"":13,""values"":[[""日期"",""合约代码"",""开盘价"",""最高价"",""最低价"",""收盘价"",""涨跌额（元）"",""涨跌幅"",""加权平均价"",""成交量（千克）"",""成交额（元）"",""持仓量（手）"",""来源网址""],[""2024-01-04T00:00:00.000Z"",""Ag(T+D)"",5910,5930,5851,5867,-113,-0.0189,5873,930034,5462494174,5208366,""https://www.sge.com.cn/sjzx/quotation_daily_new?start_date=2024-01-01&end_date=2024-01-31&inst_ids=Ag%28T%2BD%29&p=""],[""2024-01-04T00:00:00.000Z"",""Au99.99"",479,482,477,480.4,-1.09,-0.0023,480.05,24970.08,119869",https://www.sge.com.cn/sjzx/quotation_daily_new?start_date=2024-11-01&end_date=2024-11-30&inst_ids=Au99.99&p=
WEB-0418,最终数据/最终数据/outputs/019f56e7-91fe-7a43-b1d0-ae50e45c9d0c/黄金价格传导链因素与时序数据_20260724.xlsx,xl/worksheets/sheet6.xml,xlsx_xml,XLSX entry: xl/worksheets/sheet6.xml,https://www.sge.com.cn/sjzx/quotation_daily_new?start_date=2024-12-01&end_date=2024-12-31&inst_ids=Ag%28T%2BD%29&p=
WEB-0418,最终数据/最终数据/outputs/019f56e7-91fe-7a43-b1d0-ae50e45c9d0c/黄金价格传导链因素与时序数据_20260724.xlsx.inspect.ndjson,20945,plain_url,"{""kind"":""table"",""sheet"":""06_SGE原始日行情"",""address"":""A1:M1189"",""rows"":1189,""cols"":13,""values"":[[""date"",""contract"",""open"",""high"",""low"",""close"",""change_cny"",""change_pct"",""weighted_avg"",""volume_kg"",""turnover_cny"",""open_interest_lots"",""source_url""],[""2024-01-04T00:00:00.000Z"",""Ag(T+D)"",5910,5930,5851,5867,-113,-0.0189,5873,930034,5462494174,5208366,""https://www.sge.com.cn/sjzx/quotation_daily_new?start_date=2024-01-01&end_date=2024-01-31&inst_ids=Ag%28T%2BD%29&p=""],[""2024-01-04T00:00:00.000Z"",""Au99.99"",",https://www.sge.com.cn/sjzx/quotation_daily_new?start_date=2024-12-01&end_date=2024-12-31&inst_ids=Ag%28T%2BD%29&p=
WEB-0418,最终数据/最终数据/outputs/019f56e7-91fe-7a43-b1d0-ae50e45c9d0c/金银价格波动影响因素与时序数据_20260726.xlsx,xl/worksheets/sheet6.xml,xlsx_xml,XLSX entry: xl/worksheets/sheet6.xml,https://www.sge.com.cn/sjzx/quotation_daily_new?start_date=2024-12-01&end_date=2024-12-31&inst_ids=Ag%28T%2BD%29&p=
WEB-0418,最终数据/最终数据/outputs/019f56e7-91fe-7a43-b1d0-ae50e45c9d0c/金银价格波动影响因素与时序数据_20260726.xlsx.inspect.ndjson,31180,plain_url,"{""kind"":""table"",""sheet"":""06_SGE原始日行情"",""address"":""A1:M1189"",""rows"":1189,""cols"":13,""values"":[[""date"",""contract"",""open"",""high"",""low"",""close"",""change_cny"",""change_pct"",""weighted_avg"",""volume_kg"",""turnover_cny"",""open_interest_lots"",""source_url""],[""2024-01-04T00:00:00.000Z"",""Ag(T+D)"",5910,5930,5851,5867,-113,-0.0189,5873,930034,5462494174,5208366,""https://www.sge.com.cn/sjzx/quotation_daily_new?start_date=2024-01-01&end_date=2024-01-31&inst_ids=Ag%28T%2BD%29&p=""],[""2024-01-04T00:00:00.000Z"",""Au99.99"",",https://www.sge.com.cn/sjzx/quotation_daily_new?start_date=2024-12-01&end_date=2024-12-31&inst_ids=Ag%28T%2BD%29&p=
WEB-0418,最终数据/最终数据/outputs/019f56e7-91fe-7a43-b1d0-ae50e45c9d0c/金银价格波动影响因素与时序数据_中文字段版_20260726.xlsx,xl/worksheets/sheet7.xml,xlsx_xml,XLSX entry: xl/worksheets/sheet7.xml,https://www.sge.com.cn/sjzx/quotation_daily_new?start_date=2024-12-01&end_date=2024-12-31&inst_ids=Ag%28T%2BD%29&p=
WEB-0418,最终数据/最终数据/outputs/019f56e7-91fe-7a43-b1d0-ae50e45c9d0c/金银价格波动影响因素与时序数据_中文字段版_20260726.xlsx.inspect.ndjson,31472,plain_url,"{""kind"":""table"",""sheet"":""06_SGE原始日行情"",""address"":""A1:M1189"",""rows"":1189,""cols"":13,""values"":[[""日期"",""合约代码"",""开盘价"",""最高价"",""最低价"",""收盘价"",""涨跌额（元）"",""涨跌幅"",""加权平均价"",""成交量（千克）"",""成交额（元）"",""持仓量（手）"",""来源网址""],[""2024-01-04T00:00:00.000Z"",""Ag(T+D)"",5910,5930,5851,5867,-113,-0.0189,5873,930034,5462494174,5208366,""https://www.sge.com.cn/sjzx/quotation_daily_new?start_date=2024-01-01&end_date=2024-01-31&inst_ids=Ag%28T%2BD%29&p=""],[""2024-01-04T00:00:00.000Z"",""Au99.99"",479,482,477,480.4,-1.09,-0.0023,480.05,24970.08,119869",https://www.sge.com.cn/sjzx/quotation_daily_new?start_date=2024-12-01&end_date=2024-12-31&inst_ids=Ag%28T%2BD%29&p=
WEB-0419,最终数据/最终数据/outputs/019f56e7-91fe-7a43-b1d0-ae50e45c9d0c/黄金价格传导链因素与时序数据_20260724.xlsx,xl/worksheets/sheet6.xml,xlsx_xml,XLSX entry: xl/worksheets/sheet6.xml,https://www.sge.com.cn/sjzx/quotation_daily_new?start_date=2024-12-01&end_date=2024-12-31&inst_ids=Au99.99&p=
WEB-0419,最终数据/最终数据/outputs/019f56e7-91fe-7a43-b1d0-ae50e45c9d0c/黄金价格传导链因素与时序数据_20260724.xlsx.inspect.ndjson,20945,plain_url,"{""kind"":""table"",""sheet"":""06_SGE原始日行情"",""address"":""A1:M1189"",""rows"":1189,""cols"":13,""values"":[[""date"",""contract"",""open"",""high"",""low"",""close"",""change_cny"",""change_pct"",""weighted_avg"",""volume_kg"",""turnover_cny"",""open_interest_lots"",""source_url""],[""2024-01-04T00:00:00.000Z"",""Ag(T+D)"",5910,5930,5851,5867,-113,-0.0189,5873,930034,5462494174,5208366,""https://www.sge.com.cn/sjzx/quotation_daily_new?start_date=2024-01-01&end_date=2024-01-31&inst_ids=Ag%28T%2BD%29&p=""],[""2024-01-04T00:00:00.000Z"",""Au99.99"",",https://www.sge.com.cn/sjzx/quotation_daily_new?start_date=2024-12-01&end_date=2024-12-31&inst_ids=Au99.99&p=
WEB-0419,最终数据/最终数据/outputs/019f56e7-91fe-7a43-b1d0-ae50e45c9d0c/金银价格波动影响因素与时序数据_20260726.xlsx,xl/worksheets/sheet6.xml,xlsx_xml,XLSX entry: xl/worksheets/sheet6.xml,https://www.sge.com.cn/sjzx/quotation_daily_new?start_date=2024-12-01&end_date=2024-12-31&inst_ids=Au99.99&p=
WEB-0419,最终数据/最终数据/outputs/019f56e7-91fe-7a43-b1d0-ae50e45c9d0c/金银价格波动影响因素与时序数据_20260726.xlsx.inspect.ndjson,31180,plain_url,"{""kind"":""table"",""sheet"":""06_SGE原始日行情"",""address"":""A1:M1189"",""rows"":1189,""cols"":13,""values"":[[""date"",""contract"",""open"",""high"",""low"",""close"",""change_cny"",""change_pct"",""weighted_avg"",""volume_kg"",""turnover_cny"",""open_interest_lots"",""source_url""],[""2024-01-04T00:00:00.000Z"",""Ag(T+D)"",5910,5930,5851,5867,-113,-0.0189,5873,930034,5462494174,5208366,""https://www.sge.com.cn/sjzx/quotation_daily_new?start_date=2024-01-01&end_date=2024-01-31&inst_ids=Ag%28T%2BD%29&p=""],[""2024-01-04T00:00:00.000Z"",""Au99.99"",",https://www.sge.com.cn/sjzx/quotation_daily_new?start_date=2024-12-01&end_date=2024-12-31&inst_ids=Au99.99&p=
WEB-0419,最终数据/最终数据/outputs/019f56e7-91fe-7a43-b1d0-ae50e45c9d0c/金银价格波动影响因素与时序数据_中文字段版_20260726.xlsx,xl/worksheets/sheet7.xml,xlsx_xml,XLSX entry: xl/worksheets/sheet7.xml,https://www.sge.com.cn/sjzx/quotation_daily_new?start_date=2024-12-01&end_date=2024-12-31&inst_ids=Au99.99&p=
WEB-0419,最终数据/最终数据/outputs/019f56e7-91fe-7a43-b1d0-ae50e45c9d0c/金银价格波动影响因素与时序数据_中文字段版_20260726.xlsx.inspect.ndjson,31472,plain_url,"{""kind"":""table"",""sheet"":""06_SGE原始日行情"",""address"":""A1:M1189"",""rows"":1189,""cols"":13,""values"":[[""日期"",""合约代码"",""开盘价"",""最高价"",""最低价"",""收盘价"",""涨跌额（元）"",""涨跌幅"",""加权平均价"",""成交量（千克）"",""成交额（元）"",""持仓量（手）"",""来源网址""],[""2024-01-04T00:00:00.000Z"",""Ag(T+D)"",5910,5930,5851,5867,-113,-0.0189,5873,930034,5462494174,5208366,""https://www.sge.com.cn/sjzx/quotation_daily_new?start_date=2024-01-01&end_date=2024-01-31&inst_ids=Ag%28T%2BD%29&p=""],[""2024-01-04T00:00:00.000Z"",""Au99.99"",479,482,477,480.4,-1.09,-0.0023,480.05,24970.08,119869",https://www.sge.com.cn/sjzx/quotation_daily_new?start_date=2024-12-01&end_date=2024-12-31&inst_ids=Au99.99&p=
WEB-0420,最终数据/最终数据/outputs/019f56e7-91fe-7a43-b1d0-ae50e45c9d0c/黄金价格传导链因素与时序数据_20260724.xlsx,xl/worksheets/sheet6.xml,xlsx_xml,XLSX entry: xl/worksheets/sheet6.xml,https://www.sge.com.cn/sjzx/quotation_daily_new?start_date=2025-01-01&end_date=2025-01-31&inst_ids=Ag%28T%2BD%29&p=
WEB-0420,最终数据/最终数据/outputs/019f56e7-91fe-7a43-b1d0-ae50e45c9d0c/黄金价格传导链因素与时序数据_20260724.xlsx.inspect.ndjson,20945,plain_url,"{""kind"":""table"",""sheet"":""06_SGE原始日行情"",""address"":""A1:M1189"",""rows"":1189,""cols"":13,""values"":[[""date"",""contract"",""open"",""high"",""low"",""close"",""change_cny"",""change_pct"",""weighted_avg"",""volume_kg"",""turnover_cny"",""open_interest_lots"",""source_url""],[""2024-01-04T00:00:00.000Z"",""Ag(T+D)"",5910,5930,5851,5867,-113,-0.0189,5873,930034,5462494174,5208366,""https://www.sge.com.cn/sjzx/quotation_daily_new?start_date=2024-01-01&end_date=2024-01-31&inst_ids=Ag%28T%2BD%29&p=""],[""2024-01-04T00:00:00.000Z"",""Au99.99"",",https://www.sge.com.cn/sjzx/quotation_daily_new?start_date=2025-01-01&end_date=2025-01-31&inst_ids=Ag%28T%2BD%29&p=
WEB-0420,最终数据/最终数据/outputs/019f56e7-91fe-7a43-b1d0-ae50e45c9d0c/金银价格波动影响因素与时序数据_20260726.xlsx,xl/worksheets/sheet6.xml,xlsx_xml,XLSX entry: xl/worksheets/sheet6.xml,https://www.sge.com.cn/sjzx/quotation_daily_new?start_date=2025-01-01&end_date=2025-01-31&inst_ids=Ag%28T%2BD%29&p=
WEB-0420,最终数据/最终数据/outputs/019f56e7-91fe-7a43-b1d0-ae50e45c9d0c/金银价格波动影响因素与时序数据_20260726.xlsx.inspect.ndjson,31180,plain_url,"{""kind"":""table"",""sheet"":""06_SGE原始日行情"",""address"":""A1:M1189"",""rows"":1189,""cols"":13,""values"":[[""date"",""contract"",""open"",""high"",""low"",""close"",""change_cny"",""change_pct"",""weighted_avg"",""volume_kg"",""turnover_cny"",""open_interest_lots"",""source_url""],[""2024-01-04T00:00:00.000Z"",""Ag(T+D)"",5910,5930,5851,5867,-113,-0.0189,5873,930034,5462494174,5208366,""https://www.sge.com.cn/sjzx/quotation_daily_new?start_date=2024-01-01&end_date=2024-01-31&inst_ids=Ag%28T%2BD%29&p=""],[""2024-01-04T00:00:00.000Z"",""Au99.99"",",https://www.sge.com.cn/sjzx/quotation_daily_new?start_date=2025-01-01&end_date=2025-01-31&inst_ids=Ag%28T%2BD%29&p=
WEB-0420,最终数据/最终数据/outputs/019f56e7-91fe-7a43-b1d0-ae50e45c9d0c/金银价格波动影响因素与时序数据_中文字段版_20260726.xlsx,xl/worksheets/sheet7.xml,xlsx_xml,XLSX entry: xl/worksheets/sheet7.xml,https://www.sge.com.cn/sjzx/quotation_daily_new?start_date=2025-01-01&end_date=2025-01-31&inst_ids=Ag%28T%2BD%29&p=
WEB-0420,最终数据/最终数据/outputs/019f56e7-91fe-7a43-b1d0-ae50e45c9d0c/金银价格波动影响因素与时序数据_中文字段版_20260726.xlsx.inspect.ndjson,31472,plain_url,"{""kind"":""table"",""sheet"":""06_SGE原始日行情"",""address"":""A1:M1189"",""rows"":1189,""cols"":13,""values"":[[""日期"",""合约代码"",""开盘价"",""最高价"",""最低价"",""收盘价"",""涨跌额（元）"",""涨跌幅"",""加权平均价"",""成交量（千克）"",""成交额（元）"",""持仓量（手）"",""来源网址""],[""2024-01-04T00:00:00.000Z"",""Ag(T+D)"",5910,5930,5851,5867,-113,-0.0189,5873,930034,5462494174,5208366,""https://www.sge.com.cn/sjzx/quotation_daily_new?start_date=2024-01-01&end_date=2024-01-31&inst_ids=Ag%28T%2BD%29&p=""],[""2024-01-04T00:00:00.000Z"",""Au99.99"",479,482,477,480.4,-1.09,-0.0023,480.05,24970.08,119869",https://www.sge.com.cn/sjzx/quotation_daily_new?start_date=2025-01-01&end_date=2025-01-31&inst_ids=Ag%28T%2BD%29&p=
WEB-0421,最终数据/最终数据/outputs/019f56e7-91fe-7a43-b1d0-ae50e45c9d0c/黄金价格传导链因素与时序数据_20260724.xlsx,xl/worksheets/sheet6.xml,xlsx_xml,XLSX entry: xl/worksheets/sheet6.xml,https://www.sge.com.cn/sjzx/quotation_daily_new?start_date=2025-01-01&end_date=2025-01-31&inst_ids=Au99.99&p=
WEB-0421,最终数据/最终数据/outputs/019f56e7-91fe-7a43-b1d0-ae50e45c9d0c/黄金价格传导链因素与时序数据_20260724.xlsx.inspect.ndjson,20945,plain_url,"{""kind"":""table"",""sheet"":""06_SGE原始日行情"",""address"":""A1:M1189"",""rows"":1189,""cols"":13,""values"":[[""date"",""contract"",""open"",""high"",""low"",""close"",""change_cny"",""change_pct"",""weighted_avg"",""volume_kg"",""turnover_cny"",""open_interest_lots"",""source_url""],[""2024-01-04T00:00:00.000Z"",""Ag(T+D)"",5910,5930,5851,5867,-113,-0.0189,5873,930034,5462494174,5208366,""https://www.sge.com.cn/sjzx/quotation_daily_new?start_date=2024-01-01&end_date=2024-01-31&inst_ids=Ag%28T%2BD%29&p=""],[""2024-01-04T00:00:00.000Z"",""Au99.99"",",https://www.sge.com.cn/sjzx/quotation_daily_new?start_date=2025-01-01&end_date=2025-01-31&inst_ids=Au99.99&p=
WEB-0421,最终数据/最终数据/outputs/019f56e7-91fe-7a43-b1d0-ae50e45c9d0c/金银价格波动影响因素与时序数据_20260726.xlsx,xl/worksheets/sheet6.xml,xlsx_xml,XLSX entry: xl/worksheets/sheet6.xml,https://www.sge.com.cn/sjzx/quotation_daily_new?start_date=2025-01-01&end_date=2025-01-31&inst_ids=Au99.99&p=
WEB-0421,最终数据/最终数据/outputs/019f56e7-91fe-7a43-b1d0-ae50e45c9d0c/金银价格波动影响因素与时序数据_20260726.xlsx.inspect.ndjson,31180,plain_url,"{""kind"":""table"",""sheet"":""06_SGE原始日行情"",""address"":""A1:M1189"",""rows"":1189,""cols"":13,""values"":[[""date"",""contract"",""open"",""high"",""low"",""close"",""change_cny"",""change_pct"",""weighted_avg"",""volume_kg"",""turnover_cny"",""open_interest_lots"",""source_url""],[""2024-01-04T00:00:00.000Z"",""Ag(T+D)"",5910,5930,5851,5867,-113,-0.0189,5873,930034,5462494174,5208366,""https://www.sge.com.cn/sjzx/quotation_daily_new?start_date=2024-01-01&end_date=2024-01-31&inst_ids=Ag%28T%2BD%29&p=""],[""2024-01-04T00:00:00.000Z"",""Au99.99"",",https://www.sge.com.cn/sjzx/quotation_daily_new?start_date=2025-01-01&end_date=2025-01-31&inst_ids=Au99.99&p=
WEB-0421,最终数据/最终数据/outputs/019f56e7-91fe-7a43-b1d0-ae50e45c9d0c/金银价格波动影响因素与时序数据_中文字段版_20260726.xlsx,xl/worksheets/sheet7.xml,xlsx_xml,XLSX entry: xl/worksheets/sheet7.xml,https://www.sge.com.cn/sjzx/quotation_daily_new?start_date=2025-01-01&end_date=2025-01-31&inst_ids=Au99.99&p=
WEB-0421,最终数据/最终数据/outputs/019f56e7-91fe-7a43-b1d0-ae50e45c9d0c/金银价格波动影响因素与时序数据_中文字段版_20260726.xlsx.inspect.ndjson,31472,plain_url,"{""kind"":""table"",""sheet"":""06_SGE原始日行情"",""address"":""A1:M1189"",""rows"":1189,""cols"":13,""values"":[[""日期"",""合约代码"",""开盘价"",""最高价"",""最低价"",""收盘价"",""涨跌额（元）"",""涨跌幅"",""加权平均价"",""成交量（千克）"",""成交额（元）"",""持仓量（手）"",""来源网址""],[""2024-01-04T00:00:00.000Z"",""Ag(T+D)"",5910,5930,5851,5867,-113,-0.0189,5873,930034,5462494174,5208366,""https://www.sge.com.cn/sjzx/quotation_daily_new?start_date=2024-01-01&end_date=2024-01-31&inst_ids=Ag%28T%2BD%29&p=""],[""2024-01-04T00:00:00.000Z"",""Au99.99"",479,482,477,480.4,-1.09,-0.0023,480.05,24970.08,119869",https://www.sge.com.cn/sjzx/quotation_daily_new?start_date=2025-01-01&end_date=2025-01-31&inst_ids=Au99.99&p=
WEB-0422,最终数据/最终数据/outputs/019f56e7-91fe-7a43-b1d0-ae50e45c9d0c/黄金价格传导链因素与时序数据_20260724.xlsx,xl/worksheets/sheet6.xml,xlsx_xml,XLSX entry: xl/worksheets/sheet6.xml,https://www.sge.com.cn/sjzx/quotation_daily_new?start_date=2025-02-01&end_date=2025-02-28&inst_ids=Ag%28T%2BD%29&p=
WEB-0422,最终数据/最终数据/outputs/019f56e7-91fe-7a43-b1d0-ae50e45c9d0c/黄金价格传导链因素与时序数据_20260724.xlsx.inspect.ndjson,20945,plain_url,"{""kind"":""table"",""sheet"":""06_SGE原始日行情"",""address"":""A1:M1189"",""rows"":1189,""cols"":13,""values"":[[""date"",""contract"",""open"",""high"",""low"",""close"",""change_cny"",""change_pct"",""weighted_avg"",""volume_kg"",""turnover_cny"",""open_interest_lots"",""source_url""],[""2024-01-04T00:00:00.000Z"",""Ag(T+D)"",5910,5930,5851,5867,-113,-0.0189,5873,930034,5462494174,5208366,""https://www.sge.com.cn/sjzx/quotation_daily_new?start_date=2024-01-01&end_date=2024-01-31&inst_ids=Ag%28T%2BD%29&p=""],[""2024-01-04T00:00:00.000Z"",""Au99.99"",",https://www.sge.com.cn/sjzx/quotation_daily_new?start_date=2025-02-01&end_date=2025-02-28&inst_ids=Ag%28T%2BD%29&p=
WEB-0422,最终数据/最终数据/outputs/019f56e7-91fe-7a43-b1d0-ae50e45c9d0c/金银价格波动影响因素与时序数据_20260726.xlsx,xl/worksheets/sheet6.xml,xlsx_xml,XLSX entry: xl/worksheets/sheet6.xml,https://www.sge.com.cn/sjzx/quotation_daily_new?start_date=2025-02-01&end_date=2025-02-28&inst_ids=Ag%28T%2BD%29&p=
WEB-0422,最终数据/最终数据/outputs/019f56e7-91fe-7a43-b1d0-ae50e45c9d0c/金银价格波动影响因素与时序数据_20260726.xlsx.inspect.ndjson,31180,plain_url,"{""kind"":""table"",""sheet"":""06_SGE原始日行情"",""address"":""A1:M1189"",""rows"":1189,""cols"":13,""values"":[[""date"",""contract"",""open"",""high"",""low"",""close"",""change_cny"",""change_pct"",""weighted_avg"",""volume_kg"",""turnover_cny"",""open_interest_lots"",""source_url""],[""2024-01-04T00:00:00.000Z"",""Ag(T+D)"",5910,5930,5851,5867,-113,-0.0189,5873,930034,5462494174,5208366,""https://www.sge.com.cn/sjzx/quotation_daily_new?start_date=2024-01-01&end_date=2024-01-31&inst_ids=Ag%28T%2BD%29&p=""],[""2024-01-04T00:00:00.000Z"",""Au99.99"",",https://www.sge.com.cn/sjzx/quotation_daily_new?start_date=2025-02-01&end_date=2025-02-28&inst_ids=Ag%28T%2BD%29&p=
WEB-0422,最终数据/最终数据/outputs/019f56e7-91fe-7a43-b1d0-ae50e45c9d0c/金银价格波动影响因素与时序数据_中文字段版_20260726.xlsx,xl/worksheets/sheet7.xml,xlsx_xml,XLSX entry: xl/worksheets/sheet7.xml,https://www.sge.com.cn/sjzx/quotation_daily_new?start_date=2025-02-01&end_date=2025-02-28&inst_ids=Ag%28T%2BD%29&p=
WEB-0422,最终数据/最终数据/outputs/019f56e7-91fe-7a43-b1d0-ae50e45c9d0c/金银价格波动影响因素与时序数据_中文字段版_20260726.xlsx.inspect.ndjson,31472,plain_url,"{""kind"":""table"",""sheet"":""06_SGE原始日行情"",""address"":""A1:M1189"",""rows"":1189,""cols"":13,""values"":[[""日期"",""合约代码"",""开盘价"",""最高价"",""最低价"",""收盘价"",""涨跌额（元）"",""涨跌幅"",""加权平均价"",""成交量（千克）"",""成交额（元）"",""持仓量（手）"",""来源网址""],[""2024-01-04T00:00:00.000Z"",""Ag(T+D)"",5910,5930,5851,5867,-113,-0.0189,5873,930034,5462494174,5208366,""https://www.sge.com.cn/sjzx/quotation_daily_new?start_date=2024-01-01&end_date=2024-01-31&inst_ids=Ag%28T%2BD%29&p=""],[""2024-01-04T00:00:00.000Z"",""Au99.99"",479,482,477,480.4,-1.09,-0.0023,480.05,24970.08,119869",https://www.sge.com.cn/sjzx/quotation_daily_new?start_date=2025-02-01&end_date=2025-02-28&inst_ids=Ag%28T%2BD%29&p=
WEB-0423,最终数据/最终数据/outputs/019f56e7-91fe-7a43-b1d0-ae50e45c9d0c/黄金价格传导链因素与时序数据_20260724.xlsx,xl/worksheets/sheet6.xml,xlsx_xml,XLSX entry: xl/worksheets/sheet6.xml,https://www.sge.com.cn/sjzx/quotation_daily_new?start_date=2025-02-01&end_date=2025-02-28&inst_ids=Au99.99&p=
WEB-0423,最终数据/最终数据/outputs/019f56e7-91fe-7a43-b1d0-ae50e45c9d0c/黄金价格传导链因素与时序数据_20260724.xlsx.inspect.ndjson,20945,plain_url,"{""kind"":""table"",""sheet"":""06_SGE原始日行情"",""address"":""A1:M1189"",""rows"":1189,""cols"":13,""values"":[[""date"",""contract"",""open"",""high"",""low"",""close"",""change_cny"",""change_pct"",""weighted_avg"",""volume_kg"",""turnover_cny"",""open_interest_lots"",""source_url""],[""2024-01-04T00:00:00.000Z"",""Ag(T+D)"",5910,5930,5851,5867,-113,-0.0189,5873,930034,5462494174,5208366,""https://www.sge.com.cn/sjzx/quotation_daily_new?start_date=2024-01-01&end_date=2024-01-31&inst_ids=Ag%28T%2BD%29&p=""],[""2024-01-04T00:00:00.000Z"",""Au99.99"",",https://www.sge.com.cn/sjzx/quotation_daily_new?start_date=2025-02-01&end_date=2025-02-28&inst_ids=Au99.99&p=
WEB-0423,最终数据/最终数据/outputs/019f56e7-91fe-7a43-b1d0-ae50e45c9d0c/金银价格波动影响因素与时序数据_20260726.xlsx,xl/worksheets/sheet6.xml,xlsx_xml,XLSX entry: xl/worksheets/sheet6.xml,https://www.sge.com.cn/sjzx/quotation_daily_new?start_date=2025-02-01&end_date=2025-02-28&inst_ids=Au99.99&p=
WEB-0423,最终数据/最终数据/outputs/019f56e7-91fe-7a43-b1d0-ae50e45c9d0c/金银价格波动影响因素与时序数据_20260726.xlsx.inspect.ndjson,31180,plain_url,"{""kind"":""table"",""sheet"":""06_SGE原始日行情"",""address"":""A1:M1189"",""rows"":1189,""cols"":13,""values"":[[""date"",""contract"",""open"",""high"",""low"",""close"",""change_cny"",""change_pct"",""weighted_avg"",""volume_kg"",""turnover_cny"",""open_interest_lots"",""source_url""],[""2024-01-04T00:00:00.000Z"",""Ag(T+D)"",5910,5930,5851,5867,-113,-0.0189,5873,930034,5462494174,5208366,""https://www.sge.com.cn/sjzx/quotation_daily_new?start_date=2024-01-01&end_date=2024-01-31&inst_ids=Ag%28T%2BD%29&p=""],[""2024-01-04T00:00:00.000Z"",""Au99.99"",",https://www.sge.com.cn/sjzx/quotation_daily_new?start_date=2025-02-01&end_date=2025-02-28&inst_ids=Au99.99&p=
WEB-0423,最终数据/最终数据/outputs/019f56e7-91fe-7a43-b1d0-ae50e45c9d0c/金银价格波动影响因素与时序数据_中文字段版_20260726.xlsx,xl/worksheets/sheet7.xml,xlsx_xml,XLSX entry: xl/worksheets/sheet7.xml,https://www.sge.com.cn/sjzx/quotation_daily_new?start_date=2025-02-01&end_date=2025-02-28&inst_ids=Au99.99&p=
WEB-0423,最终数据/最终数据/outputs/019f56e7-91fe-7a43-b1d0-ae50e45c9d0c/金银价格波动影响因素与时序数据_中文字段版_20260726.xlsx.inspect.ndjson,31472,plain_url,"{""kind"":""table"",""sheet"":""06_SGE原始日行情"",""address"":""A1:M1189"",""rows"":1189,""cols"":13,""values"":[[""日期"",""合约代码"",""开盘价"",""最高价"",""最低价"",""收盘价"",""涨跌额（元）"",""涨跌幅"",""加权平均价"",""成交量（千克）"",""成交额（元）"",""持仓量（手）"",""来源网址""],[""2024-01-04T00:00:00.000Z"",""Ag(T+D)"",5910,5930,5851,5867,-113,-0.0189,5873,930034,5462494174,5208366,""https://www.sge.com.cn/sjzx/quotation_daily_new?start_date=2024-01-01&end_date=2024-01-31&inst_ids=Ag%28T%2BD%29&p=""],[""2024-01-04T00:00:00.000Z"",""Au99.99"",479,482,477,480.4,-1.09,-0.0023,480.05,24970.08,119869",https://www.sge.com.cn/sjzx/quotation_daily_new?start_date=2025-02-01&end_date=2025-02-28&inst_ids=Au99.99&p=
WEB-0424,最终数据/最终数据/outputs/019f56e7-91fe-7a43-b1d0-ae50e45c9d0c/黄金价格传导链因素与时序数据_20260724.xlsx,xl/worksheets/sheet6.xml,xlsx_xml,XLSX entry: xl/worksheets/sheet6.xml,https://www.sge.com.cn/sjzx/quotation_daily_new?start_date=2025-03-01&end_date=2025-03-31&inst_ids=Ag%28T%2BD%29&p=
WEB-0424,最终数据/最终数据/outputs/019f56e7-91fe-7a43-b1d0-ae50e45c9d0c/黄金价格传导链因素与时序数据_20260724.xlsx.inspect.ndjson,20945,plain_url,"{""kind"":""table"",""sheet"":""06_SGE原始日行情"",""address"":""A1:M1189"",""rows"":1189,""cols"":13,""values"":[[""date"",""contract"",""open"",""high"",""low"",""close"",""change_cny"",""change_pct"",""weighted_avg"",""volume_kg"",""turnover_cny"",""open_interest_lots"",""source_url""],[""2024-01-04T00:00:00.000Z"",""Ag(T+D)"",5910,5930,5851,5867,-113,-0.0189,5873,930034,5462494174,5208366,""https://www.sge.com.cn/sjzx/quotation_daily_new?start_date=2024-01-01&end_date=2024-01-31&inst_ids=Ag%28T%2BD%29&p=""],[""2024-01-04T00:00:00.000Z"",""Au99.99"",",https://www.sge.com.cn/sjzx/quotation_daily_new?start_date=2025-03-01&end_date=2025-03-31&inst_ids=Ag%28T%2BD%29&p=
WEB-0424,最终数据/最终数据/outputs/019f56e7-91fe-7a43-b1d0-ae50e45c9d0c/金银价格波动影响因素与时序数据_20260726.xlsx,xl/worksheets/sheet6.xml,xlsx_xml,XLSX entry: xl/worksheets/sheet6.xml,https://www.sge.com.cn/sjzx/quotation_daily_new?start_date=2025-03-01&end_date=2025-03-31&inst_ids=Ag%28T%2BD%29&p=
WEB-0424,最终数据/最终数据/outputs/019f56e7-91fe-7a43-b1d0-ae50e45c9d0c/金银价格波动影响因素与时序数据_20260726.xlsx.inspect.ndjson,31180,plain_url,"{""kind"":""table"",""sheet"":""06_SGE原始日行情"",""address"":""A1:M1189"",""rows"":1189,""cols"":13,""values"":[[""date"",""contract"",""open"",""high"",""low"",""close"",""change_cny"",""change_pct"",""weighted_avg"",""volume_kg"",""turnover_cny"",""open_interest_lots"",""source_url""],[""2024-01-04T00:00:00.000Z"",""Ag(T+D)"",5910,5930,5851,5867,-113,-0.0189,5873,930034,5462494174,5208366,""https://www.sge.com.cn/sjzx/quotation_daily_new?start_date=2024-01-01&end_date=2024-01-31&inst_ids=Ag%28T%2BD%29&p=""],[""2024-01-04T00:00:00.000Z"",""Au99.99"",",https://www.sge.com.cn/sjzx/quotation_daily_new?start_date=2025-03-01&end_date=2025-03-31&inst_ids=Ag%28T%2BD%29&p=
WEB-0424,最终数据/最终数据/outputs/019f56e7-91fe-7a43-b1d0-ae50e45c9d0c/金银价格波动影响因素与时序数据_中文字段版_20260726.xlsx,xl/worksheets/sheet7.xml,xlsx_xml,XLSX entry: xl/worksheets/sheet7.xml,https://www.sge.com.cn/sjzx/quotation_daily_new?start_date=2025-03-01&end_date=2025-03-31&inst_ids=Ag%28T%2BD%29&p=
WEB-0424,最终数据/最终数据/outputs/019f56e7-91fe-7a43-b1d0-ae50e45c9d0c/金银价格波动影响因素与时序数据_中文字段版_20260726.xlsx.inspect.ndjson,31472,plain_url,"{""kind"":""table"",""sheet"":""06_SGE原始日行情"",""address"":""A1:M1189"",""rows"":1189,""cols"":13,""values"":[[""日期"",""合约代码"",""开盘价"",""最高价"",""最低价"",""收盘价"",""涨跌额（元）"",""涨跌幅"",""加权平均价"",""成交量（千克）"",""成交额（元）"",""持仓量（手）"",""来源网址""],[""2024-01-04T00:00:00.000Z"",""Ag(T+D)"",5910,5930,5851,5867,-113,-0.0189,5873,930034,5462494174,5208366,""https://www.sge.com.cn/sjzx/quotation_daily_new?start_date=2024-01-01&end_date=2024-01-31&inst_ids=Ag%28T%2BD%29&p=""],[""2024-01-04T00:00:00.000Z"",""Au99.99"",479,482,477,480.4,-1.09,-0.0023,480.05,24970.08,119869",https://www.sge.com.cn/sjzx/quotation_daily_new?start_date=2025-03-01&end_date=2025-03-31&inst_ids=Ag%28T%2BD%29&p=
WEB-0425,最终数据/最终数据/outputs/019f56e7-91fe-7a43-b1d0-ae50e45c9d0c/黄金价格传导链因素与时序数据_20260724.xlsx,xl/worksheets/sheet6.xml,xlsx_xml,XLSX entry: xl/worksheets/sheet6.xml,https://www.sge.com.cn/sjzx/quotation_daily_new?start_date=2025-03-01&end_date=2025-03-31&inst_ids=Au99.99&p=
WEB-0425,最终数据/最终数据/outputs/019f56e7-91fe-7a43-b1d0-ae50e45c9d0c/黄金价格传导链因素与时序数据_20260724.xlsx.inspect.ndjson,20945,plain_url,"{""kind"":""table"",""sheet"":""06_SGE原始日行情"",""address"":""A1:M1189"",""rows"":1189,""cols"":13,""values"":[[""date"",""contract"",""open"",""high"",""low"",""close"",""change_cny"",""change_pct"",""weighted_avg"",""volume_kg"",""turnover_cny"",""open_interest_lots"",""source_url""],[""2024-01-04T00:00:00.000Z"",""Ag(T+D)"",5910,5930,5851,5867,-113,-0.0189,5873,930034,5462494174,5208366,""https://www.sge.com.cn/sjzx/quotation_daily_new?start_date=2024-01-01&end_date=2024-01-31&inst_ids=Ag%28T%2BD%29&p=""],[""2024-01-04T00:00:00.000Z"",""Au99.99"",",https://www.sge.com.cn/sjzx/quotation_daily_new?start_date=2025-03-01&end_date=2025-03-31&inst_ids=Au99.99&p=
WEB-0425,最终数据/最终数据/outputs/019f56e7-91fe-7a43-b1d0-ae50e45c9d0c/金银价格波动影响因素与时序数据_20260726.xlsx,xl/worksheets/sheet6.xml,xlsx_xml,XLSX entry: xl/worksheets/sheet6.xml,https://www.sge.com.cn/sjzx/quotation_daily_new?start_date=2025-03-01&end_date=2025-03-31&inst_ids=Au99.99&p=
WEB-0425,最终数据/最终数据/outputs/019f56e7-91fe-7a43-b1d0-ae50e45c9d0c/金银价格波动影响因素与时序数据_20260726.xlsx.inspect.ndjson,31180,plain_url,"{""kind"":""table"",""sheet"":""06_SGE原始日行情"",""address"":""A1:M1189"",""rows"":1189,""cols"":13,""values"":[[""date"",""contract"",""open"",""high"",""low"",""close"",""change_cny"",""change_pct"",""weighted_avg"",""volume_kg"",""turnover_cny"",""open_interest_lots"",""source_url""],[""2024-01-04T00:00:00.000Z"",""Ag(T+D)"",5910,5930,5851,5867,-113,-0.0189,5873,930034,5462494174,5208366,""https://www.sge.com.cn/sjzx/quotation_daily_new?start_date=2024-01-01&end_date=2024-01-31&inst_ids=Ag%28T%2BD%29&p=""],[""2024-01-04T00:00:00.000Z"",""Au99.99"",",https://www.sge.com.cn/sjzx/quotation_daily_new?start_date=2025-03-01&end_date=2025-03-31&inst_ids=Au99.99&p=
WEB-0425,最终数据/最终数据/outputs/019f56e7-91fe-7a43-b1d0-ae50e45c9d0c/金银价格波动影响因素与时序数据_中文字段版_20260726.xlsx,xl/worksheets/sheet7.xml,xlsx_xml,XLSX entry: xl/worksheets/sheet7.xml,https://www.sge.com.cn/sjzx/quotation_daily_new?start_date=2025-03-01&end_date=2025-03-31&inst_ids=Au99.99&p=
WEB-0425,最终数据/最终数据/outputs/019f56e7-91fe-7a43-b1d0-ae50e45c9d0c/金银价格波动影响因素与时序数据_中文字段版_20260726.xlsx.inspect.ndjson,31472,plain_url,"{""kind"":""table"",""sheet"":""06_SGE原始日行情"",""address"":""A1:M1189"",""rows"":1189,""cols"":13,""values"":[[""日期"",""合约代码"",""开盘价"",""最高价"",""最低价"",""收盘价"",""涨跌额（元）"",""涨跌幅"",""加权平均价"",""成交量（千克）"",""成交额（元）"",""持仓量（手）"",""来源网址""],[""2024-01-04T00:00:00.000Z"",""Ag(T+D)"",5910,5930,5851,5867,-113,-0.0189,5873,930034,5462494174,5208366,""https://www.sge.com.cn/sjzx/quotation_daily_new?start_date=2024-01-01&end_date=2024-01-31&inst_ids=Ag%28T%2BD%29&p=""],[""2024-01-04T00:00:00.000Z"",""Au99.99"",479,482,477,480.4,-1.09,-0.0023,480.05,24970.08,119869",https://www.sge.com.cn/sjzx/quotation_daily_new?start_date=2025-03-01&end_date=2025-03-31&inst_ids=Au99.99&p=
WEB-0426,最终数据/最终数据/outputs/019f56e7-91fe-7a43-b1d0-ae50e45c9d0c/黄金价格传导链因素与时序数据_20260724.xlsx,xl/worksheets/sheet6.xml,xlsx_xml,XLSX entry: xl/worksheets/sheet6.xml,https://www.sge.com.cn/sjzx/quotation_daily_new?start_date=2025-04-01&end_date=2025-04-30&inst_ids=Ag%28T%2BD%29&p=
WEB-0426,最终数据/最终数据/outputs/019f56e7-91fe-7a43-b1d0-ae50e45c9d0c/黄金价格传导链因素与时序数据_20260724.xlsx.inspect.ndjson,20945,plain_url,"{""kind"":""table"",""sheet"":""06_SGE原始日行情"",""address"":""A1:M1189"",""rows"":1189,""cols"":13,""values"":[[""date"",""contract"",""open"",""high"",""low"",""close"",""change_cny"",""change_pct"",""weighted_avg"",""volume_kg"",""turnover_cny"",""open_interest_lots"",""source_url""],[""2024-01-04T00:00:00.000Z"",""Ag(T+D)"",5910,5930,5851,5867,-113,-0.0189,5873,930034,5462494174,5208366,""https://www.sge.com.cn/sjzx/quotation_daily_new?start_date=2024-01-01&end_date=2024-01-31&inst_ids=Ag%28T%2BD%29&p=""],[""2024-01-04T00:00:00.000Z"",""Au99.99"",",https://www.sge.com.cn/sjzx/quotation_daily_new?start_date=2025-04-01&end_date=2025-04-30&inst_ids=Ag%28T%2BD%29&p=
WEB-0426,最终数据/最终数据/outputs/019f56e7-91fe-7a43-b1d0-ae50e45c9d0c/金银价格波动影响因素与时序数据_20260726.xlsx,xl/worksheets/sheet6.xml,xlsx_xml,XLSX entry: xl/worksheets/sheet6.xml,https://www.sge.com.cn/sjzx/quotation_daily_new?start_date=2025-04-01&end_date=2025-04-30&inst_ids=Ag%28T%2BD%29&p=
WEB-0426,最终数据/最终数据/outputs/019f56e7-91fe-7a43-b1d0-ae50e45c9d0c/金银价格波动影响因素与时序数据_20260726.xlsx.inspect.ndjson,31180,plain_url,"{""kind"":""table"",""sheet"":""06_SGE原始日行情"",""address"":""A1:M1189"",""rows"":1189,""cols"":13,""values"":[[""date"",""contract"",""open"",""high"",""low"",""close"",""change_cny"",""change_pct"",""weighted_avg"",""volume_kg"",""turnover_cny"",""open_interest_lots"",""source_url""],[""2024-01-04T00:00:00.000Z"",""Ag(T+D)"",5910,5930,5851,5867,-113,-0.0189,5873,930034,5462494174,5208366,""https://www.sge.com.cn/sjzx/quotation_daily_new?start_date=2024-01-01&end_date=2024-01-31&inst_ids=Ag%28T%2BD%29&p=""],[""2024-01-04T00:00:00.000Z"",""Au99.99"",",https://www.sge.com.cn/sjzx/quotation_daily_new?start_date=2025-04-01&end_date=2025-04-30&inst_ids=Ag%28T%2BD%29&p=
WEB-0426,最终数据/最终数据/outputs/019f56e7-91fe-7a43-b1d0-ae50e45c9d0c/金银价格波动影响因素与时序数据_中文字段版_20260726.xlsx,xl/worksheets/sheet7.xml,xlsx_xml,XLSX entry: xl/worksheets/sheet7.xml,https://www.sge.com.cn/sjzx/quotation_daily_new?start_date=2025-04-01&end_date=2025-04-30&inst_ids=Ag%28T%2BD%29&p=
WEB-0426,最终数据/最终数据/outputs/019f56e7-91fe-7a43-b1d0-ae50e45c9d0c/金银价格波动影响因素与时序数据_中文字段版_20260726.xlsx.inspect.ndjson,31472,plain_url,"{""kind"":""table"",""sheet"":""06_SGE原始日行情"",""address"":""A1:M1189"",""rows"":1189,""cols"":13,""values"":[[""日期"",""合约代码"",""开盘价"",""最高价"",""最低价"",""收盘价"",""涨跌额（元）"",""涨跌幅"",""加权平均价"",""成交量（千克）"",""成交额（元）"",""持仓量（手）"",""来源网址""],[""2024-01-04T00:00:00.000Z"",""Ag(T+D)"",5910,5930,5851,5867,-113,-0.0189,5873,930034,5462494174,5208366,""https://www.sge.com.cn/sjzx/quotation_daily_new?start_date=2024-01-01&end_date=2024-01-31&inst_ids=Ag%28T%2BD%29&p=""],[""2024-01-04T00:00:00.000Z"",""Au99.99"",479,482,477,480.4,-1.09,-0.0023,480.05,24970.08,119869",https://www.sge.com.cn/sjzx/quotation_daily_new?start_date=2025-04-01&end_date=2025-04-30&inst_ids=Ag%28T%2BD%29&p=
WEB-0427,最终数据/最终数据/outputs/019f56e7-91fe-7a43-b1d0-ae50e45c9d0c/黄金价格传导链因素与时序数据_20260724.xlsx,xl/worksheets/sheet6.xml,xlsx_xml,XLSX entry: xl/worksheets/sheet6.xml,https://www.sge.com.cn/sjzx/quotation_daily_new?start_date=2025-04-01&end_date=2025-04-30&inst_ids=Au99.99&p=
WEB-0427,最终数据/最终数据/outputs/019f56e7-91fe-7a43-b1d0-ae50e45c9d0c/黄金价格传导链因素与时序数据_20260724.xlsx.inspect.ndjson,20945,plain_url,"{""kind"":""table"",""sheet"":""06_SGE原始日行情"",""address"":""A1:M1189"",""rows"":1189,""cols"":13,""values"":[[""date"",""contract"",""open"",""high"",""low"",""close"",""change_cny"",""change_pct"",""weighted_avg"",""volume_kg"",""turnover_cny"",""open_interest_lots"",""source_url""],[""2024-01-04T00:00:00.000Z"",""Ag(T+D)"",5910,5930,5851,5867,-113,-0.0189,5873,930034,5462494174,5208366,""https://www.sge.com.cn/sjzx/quotation_daily_new?start_date=2024-01-01&end_date=2024-01-31&inst_ids=Ag%28T%2BD%29&p=""],[""2024-01-04T00:00:00.000Z"",""Au99.99"",",https://www.sge.com.cn/sjzx/quotation_daily_new?start_date=2025-04-01&end_date=2025-04-30&inst_ids=Au99.99&p=
WEB-0427,最终数据/最终数据/outputs/019f56e7-91fe-7a43-b1d0-ae50e45c9d0c/金银价格波动影响因素与时序数据_20260726.xlsx,xl/worksheets/sheet6.xml,xlsx_xml,XLSX entry: xl/worksheets/sheet6.xml,https://www.sge.com.cn/sjzx/quotation_daily_new?start_date=2025-04-01&end_date=2025-04-30&inst_ids=Au99.99&p=
WEB-0427,最终数据/最终数据/outputs/019f56e7-91fe-7a43-b1d0-ae50e45c9d0c/金银价格波动影响因素与时序数据_20260726.xlsx.inspect.ndjson,31180,plain_url,"{""kind"":""table"",""sheet"":""06_SGE原始日行情"",""address"":""A1:M1189"",""rows"":1189,""cols"":13,""values"":[[""date"",""contract"",""open"",""high"",""low"",""close"",""change_cny"",""change_pct"",""weighted_avg"",""volume_kg"",""turnover_cny"",""open_interest_lots"",""source_url""],[""2024-01-04T00:00:00.000Z"",""Ag(T+D)"",5910,5930,5851,5867,-113,-0.0189,5873,930034,5462494174,5208366,""https://www.sge.com.cn/sjzx/quotation_daily_new?start_date=2024-01-01&end_date=2024-01-31&inst_ids=Ag%28T%2BD%29&p=""],[""2024-01-04T00:00:00.000Z"",""Au99.99"",",https://www.sge.com.cn/sjzx/quotation_daily_new?start_date=2025-04-01&end_date=2025-04-30&inst_ids=Au99.99&p=
WEB-0427,最终数据/最终数据/outputs/019f56e7-91fe-7a43-b1d0-ae50e45c9d0c/金银价格波动影响因素与时序数据_中文字段版_20260726.xlsx,xl/worksheets/sheet7.xml,xlsx_xml,XLSX entry: xl/worksheets/sheet7.xml,https://www.sge.com.cn/sjzx/quotation_daily_new?start_date=2025-04-01&end_date=2025-04-30&inst_ids=Au99.99&p=
WEB-0427,最终数据/最终数据/outputs/019f56e7-91fe-7a43-b1d0-ae50e45c9d0c/金银价格波动影响因素与时序数据_中文字段版_20260726.xlsx.inspect.ndjson,31472,plain_url,"{""kind"":""table"",""sheet"":""06_SGE原始日行情"",""address"":""A1:M1189"",""rows"":1189,""cols"":13,""values"":[[""日期"",""合约代码"",""开盘价"",""最高价"",""最低价"",""收盘价"",""涨跌额（元）"",""涨跌幅"",""加权平均价"",""成交量（千克）"",""成交额（元）"",""持仓量（手）"",""来源网址""],[""2024-01-04T00:00:00.000Z"",""Ag(T+D)"",5910,5930,5851,5867,-113,-0.0189,5873,930034,5462494174,5208366,""https://www.sge.com.cn/sjzx/quotation_daily_new?start_date=2024-01-01&end_date=2024-01-31&inst_ids=Ag%28T%2BD%29&p=""],[""2024-01-04T00:00:00.000Z"",""Au99.99"",479,482,477,480.4,-1.09,-0.0023,480.05,24970.08,119869",https://www.sge.com.cn/sjzx/quotation_daily_new?start_date=2025-04-01&end_date=2025-04-30&inst_ids=Au99.99&p=
WEB-0428,最终数据/最终数据/outputs/019f56e7-91fe-7a43-b1d0-ae50e45c9d0c/黄金价格传导链因素与时序数据_20260724.xlsx,xl/worksheets/sheet6.xml,xlsx_xml,XLSX entry: xl/worksheets/sheet6.xml,https://www.sge.com.cn/sjzx/quotation_daily_new?start_date=2025-05-01&end_date=2025-05-31&inst_ids=Ag%28T%2BD%29&p=
WEB-0428,最终数据/最终数据/outputs/019f56e7-91fe-7a43-b1d0-ae50e45c9d0c/黄金价格传导链因素与时序数据_20260724.xlsx.inspect.ndjson,20945,plain_url,"{""kind"":""table"",""sheet"":""06_SGE原始日行情"",""address"":""A1:M1189"",""rows"":1189,""cols"":13,""values"":[[""date"",""contract"",""open"",""high"",""low"",""close"",""change_cny"",""change_pct"",""weighted_avg"",""volume_kg"",""turnover_cny"",""open_interest_lots"",""source_url""],[""2024-01-04T00:00:00.000Z"",""Ag(T+D)"",5910,5930,5851,5867,-113,-0.0189,5873,930034,5462494174,5208366,""https://www.sge.com.cn/sjzx/quotation_daily_new?start_date=2024-01-01&end_date=2024-01-31&inst_ids=Ag%28T%2BD%29&p=""],[""2024-01-04T00:00:00.000Z"",""Au99.99"",",https://www.sge.com.cn/sjzx/quotation_daily_new?start_date=2025-05-01&end_date=2025-05-31&inst_ids=Ag%28T%2BD%29&p=
WEB-0428,最终数据/最终数据/outputs/019f56e7-91fe-7a43-b1d0-ae50e45c9d0c/金银价格波动影响因素与时序数据_20260726.xlsx,xl/worksheets/sheet6.xml,xlsx_xml,XLSX entry: xl/worksheets/sheet6.xml,https://www.sge.com.cn/sjzx/quotation_daily_new?start_date=2025-05-01&end_date=2025-05-31&inst_ids=Ag%28T%2BD%29&p=
WEB-0428,最终数据/最终数据/outputs/019f56e7-91fe-7a43-b1d0-ae50e45c9d0c/金银价格波动影响因素与时序数据_20260726.xlsx.inspect.ndjson,31180,plain_url,"{""kind"":""table"",""sheet"":""06_SGE原始日行情"",""address"":""A1:M1189"",""rows"":1189,""cols"":13,""values"":[[""date"",""contract"",""open"",""high"",""low"",""close"",""change_cny"",""change_pct"",""weighted_avg"",""volume_kg"",""turnover_cny"",""open_interest_lots"",""source_url""],[""2024-01-04T00:00:00.000Z"",""Ag(T+D)"",5910,5930,5851,5867,-113,-0.0189,5873,930034,5462494174,5208366,""https://www.sge.com.cn/sjzx/quotation_daily_new?start_date=2024-01-01&end_date=2024-01-31&inst_ids=Ag%28T%2BD%29&p=""],[""2024-01-04T00:00:00.000Z"",""Au99.99"",",https://www.sge.com.cn/sjzx/quotation_daily_new?start_date=2025-05-01&end_date=2025-05-31&inst_ids=Ag%28T%2BD%29&p=
WEB-0428,最终数据/最终数据/outputs/019f56e7-91fe-7a43-b1d0-ae50e45c9d0c/金银价格波动影响因素与时序数据_中文字段版_20260726.xlsx,xl/worksheets/sheet7.xml,xlsx_xml,XLSX entry: xl/worksheets/sheet7.xml,https://www.sge.com.cn/sjzx/quotation_daily_new?start_date=2025-05-01&end_date=2025-05-31&inst_ids=Ag%28T%2BD%29&p=
WEB-0428,最终数据/最终数据/outputs/019f56e7-91fe-7a43-b1d0-ae50e45c9d0c/金银价格波动影响因素与时序数据_中文字段版_20260726.xlsx.inspect.ndjson,31472,plain_url,"{""kind"":""table"",""sheet"":""06_SGE原始日行情"",""address"":""A1:M1189"",""rows"":1189,""cols"":13,""values"":[[""日期"",""合约代码"",""开盘价"",""最高价"",""最低价"",""收盘价"",""涨跌额（元）"",""涨跌幅"",""加权平均价"",""成交量（千克）"",""成交额（元）"",""持仓量（手）"",""来源网址""],[""2024-01-04T00:00:00.000Z"",""Ag(T+D)"",5910,5930,5851,5867,-113,-0.0189,5873,930034,5462494174,5208366,""https://www.sge.com.cn/sjzx/quotation_daily_new?start_date=2024-01-01&end_date=2024-01-31&inst_ids=Ag%28T%2BD%29&p=""],[""2024-01-04T00:00:00.000Z"",""Au99.99"",479,482,477,480.4,-1.09,-0.0023,480.05,24970.08,119869",https://www.sge.com.cn/sjzx/quotation_daily_new?start_date=2025-05-01&end_date=2025-05-31&inst_ids=Ag%28T%2BD%29&p=
WEB-0429,最终数据/最终数据/outputs/019f56e7-91fe-7a43-b1d0-ae50e45c9d0c/黄金价格传导链因素与时序数据_20260724.xlsx,xl/worksheets/sheet6.xml,xlsx_xml,XLSX entry: xl/worksheets/sheet6.xml,https://www.sge.com.cn/sjzx/quotation_daily_new?start_date=2025-05-01&end_date=2025-05-31&inst_ids=Au99.99&p=
WEB-0429,最终数据/最终数据/outputs/019f56e7-91fe-7a43-b1d0-ae50e45c9d0c/黄金价格传导链因素与时序数据_20260724.xlsx.inspect.ndjson,20945,plain_url,"{""kind"":""table"",""sheet"":""06_SGE原始日行情"",""address"":""A1:M1189"",""rows"":1189,""cols"":13,""values"":[[""date"",""contract"",""open"",""high"",""low"",""close"",""change_cny"",""change_pct"",""weighted_avg"",""volume_kg"",""turnover_cny"",""open_interest_lots"",""source_url""],[""2024-01-04T00:00:00.000Z"",""Ag(T+D)"",5910,5930,5851,5867,-113,-0.0189,5873,930034,5462494174,5208366,""https://www.sge.com.cn/sjzx/quotation_daily_new?start_date=2024-01-01&end_date=2024-01-31&inst_ids=Ag%28T%2BD%29&p=""],[""2024-01-04T00:00:00.000Z"",""Au99.99"",",https://www.sge.com.cn/sjzx/quotation_daily_new?start_date=2025-05-01&end_date=2025-05-31&inst_ids=Au99.99&p=
WEB-0429,最终数据/最终数据/outputs/019f56e7-91fe-7a43-b1d0-ae50e45c9d0c/金银价格波动影响因素与时序数据_20260726.xlsx,xl/worksheets/sheet6.xml,xlsx_xml,XLSX entry: xl/worksheets/sheet6.xml,https://www.sge.com.cn/sjzx/quotation_daily_new?start_date=2025-05-01&end_date=2025-05-31&inst_ids=Au99.99&p=
WEB-0429,最终数据/最终数据/outputs/019f56e7-91fe-7a43-b1d0-ae50e45c9d0c/金银价格波动影响因素与时序数据_20260726.xlsx.inspect.ndjson,31180,plain_url,"{""kind"":""table"",""sheet"":""06_SGE原始日行情"",""address"":""A1:M1189"",""rows"":1189,""cols"":13,""values"":[[""date"",""contract"",""open"",""high"",""low"",""close"",""change_cny"",""change_pct"",""weighted_avg"",""volume_kg"",""turnover_cny"",""open_interest_lots"",""source_url""],[""2024-01-04T00:00:00.000Z"",""Ag(T+D)"",5910,5930,5851,5867,-113,-0.0189,5873,930034,5462494174,5208366,""https://www.sge.com.cn/sjzx/quotation_daily_new?start_date=2024-01-01&end_date=2024-01-31&inst_ids=Ag%28T%2BD%29&p=""],[""2024-01-04T00:00:00.000Z"",""Au99.99"",",https://www.sge.com.cn/sjzx/quotation_daily_new?start_date=2025-05-01&end_date=2025-05-31&inst_ids=Au99.99&p=
WEB-0429,最终数据/最终数据/outputs/019f56e7-91fe-7a43-b1d0-ae50e45c9d0c/金银价格波动影响因素与时序数据_中文字段版_20260726.xlsx,xl/worksheets/sheet7.xml,xlsx_xml,XLSX entry: xl/worksheets/sheet7.xml,https://www.sge.com.cn/sjzx/quotation_daily_new?start_date=2025-05-01&end_date=2025-05-31&inst_ids=Au99.99&p=
WEB-0429,最终数据/最终数据/outputs/019f56e7-91fe-7a43-b1d0-ae50e45c9d0c/金银价格波动影响因素与时序数据_中文字段版_20260726.xlsx.inspect.ndjson,31472,plain_url,"{""kind"":""table"",""sheet"":""06_SGE原始日行情"",""address"":""A1:M1189"",""rows"":1189,""cols"":13,""values"":[[""日期"",""合约代码"",""开盘价"",""最高价"",""最低价"",""收盘价"",""涨跌额（元）"",""涨跌幅"",""加权平均价"",""成交量（千克）"",""成交额（元）"",""持仓量（手）"",""来源网址""],[""2024-01-04T00:00:00.000Z"",""Ag(T+D)"",5910,5930,5851,5867,-113,-0.0189,5873,930034,5462494174,5208366,""https://www.sge.com.cn/sjzx/quotation_daily_new?start_date=2024-01-01&end_date=2024-01-31&inst_ids=Ag%28T%2BD%29&p=""],[""2024-01-04T00:00:00.000Z"",""Au99.99"",479,482,477,480.4,-1.09,-0.0023,480.05,24970.08,119869",https://www.sge.com.cn/sjzx/quotation_daily_new?start_date=2025-05-01&end_date=2025-05-31&inst_ids=Au99.99&p=
WEB-0430,最终数据/最终数据/outputs/019f56e7-91fe-7a43-b1d0-ae50e45c9d0c/黄金价格传导链因素与时序数据_20260724.xlsx,xl/worksheets/sheet6.xml,xlsx_xml,XLSX entry: xl/worksheets/sheet6.xml,https://www.sge.com.cn/sjzx/quotation_daily_new?start_date=2025-06-01&end_date=2025-06-30&inst_ids=Ag%28T%2BD%29&p=
WEB-0430,最终数据/最终数据/outputs/019f56e7-91fe-7a43-b1d0-ae50e45c9d0c/黄金价格传导链因素与时序数据_20260724.xlsx.inspect.ndjson,20945,plain_url,"{""kind"":""table"",""sheet"":""06_SGE原始日行情"",""address"":""A1:M1189"",""rows"":1189,""cols"":13,""values"":[[""date"",""contract"",""open"",""high"",""low"",""close"",""change_cny"",""change_pct"",""weighted_avg"",""volume_kg"",""turnover_cny"",""open_interest_lots"",""source_url""],[""2024-01-04T00:00:00.000Z"",""Ag(T+D)"",5910,5930,5851,5867,-113,-0.0189,5873,930034,5462494174,5208366,""https://www.sge.com.cn/sjzx/quotation_daily_new?start_date=2024-01-01&end_date=2024-01-31&inst_ids=Ag%28T%2BD%29&p=""],[""2024-01-04T00:00:00.000Z"",""Au99.99"",",https://www.sge.com.cn/sjzx/quotation_daily_new?start_date=2025-06-01&end_date=2025-06-30&inst_ids=Ag%28T%2BD%29&p=
WEB-0430,最终数据/最终数据/outputs/019f56e7-91fe-7a43-b1d0-ae50e45c9d0c/金银价格波动影响因素与时序数据_20260726.xlsx,xl/worksheets/sheet6.xml,xlsx_xml,XLSX entry: xl/worksheets/sheet6.xml,https://www.sge.com.cn/sjzx/quotation_daily_new?start_date=2025-06-01&end_date=2025-06-30&inst_ids=Ag%28T%2BD%29&p=
WEB-0430,最终数据/最终数据/outputs/019f56e7-91fe-7a43-b1d0-ae50e45c9d0c/金银价格波动影响因素与时序数据_20260726.xlsx.inspect.ndjson,31180,plain_url,"{""kind"":""table"",""sheet"":""06_SGE原始日行情"",""address"":""A1:M1189"",""rows"":1189,""cols"":13,""values"":[[""date"",""contract"",""open"",""high"",""low"",""close"",""change_cny"",""change_pct"",""weighted_avg"",""volume_kg"",""turnover_cny"",""open_interest_lots"",""source_url""],[""2024-01-04T00:00:00.000Z"",""Ag(T+D)"",5910,5930,5851,5867,-113,-0.0189,5873,930034,5462494174,5208366,""https://www.sge.com.cn/sjzx/quotation_daily_new?start_date=2024-01-01&end_date=2024-01-31&inst_ids=Ag%28T%2BD%29&p=""],[""2024-01-04T00:00:00.000Z"",""Au99.99"",",https://www.sge.com.cn/sjzx/quotation_daily_new?start_date=2025-06-01&end_date=2025-06-30&inst_ids=Ag%28T%2BD%29&p=
WEB-0430,最终数据/最终数据/outputs/019f56e7-91fe-7a43-b1d0-ae50e45c9d0c/金银价格波动影响因素与时序数据_中文字段版_20260726.xlsx,xl/worksheets/sheet7.xml,xlsx_xml,XLSX entry: xl/worksheets/sheet7.xml,https://www.sge.com.cn/sjzx/quotation_daily_new?start_date=2025-06-01&end_date=2025-06-30&inst_ids=Ag%28T%2BD%29&p=
WEB-0430,最终数据/最终数据/outputs/019f56e7-91fe-7a43-b1d0-ae50e45c9d0c/金银价格波动影响因素与时序数据_中文字段版_20260726.xlsx.inspect.ndjson,31472,plain_url,"{""kind"":""table"",""sheet"":""06_SGE原始日行情"",""address"":""A1:M1189"",""rows"":1189,""cols"":13,""values"":[[""日期"",""合约代码"",""开盘价"",""最高价"",""最低价"",""收盘价"",""涨跌额（元）"",""涨跌幅"",""加权平均价"",""成交量（千克）"",""成交额（元）"",""持仓量（手）"",""来源网址""],[""2024-01-04T00:00:00.000Z"",""Ag(T+D)"",5910,5930,5851,5867,-113,-0.0189,5873,930034,5462494174,5208366,""https://www.sge.com.cn/sjzx/quotation_daily_new?start_date=2024-01-01&end_date=2024-01-31&inst_ids=Ag%28T%2BD%29&p=""],[""2024-01-04T00:00:00.000Z"",""Au99.99"",479,482,477,480.4,-1.09,-0.0023,480.05,24970.08,119869",https://www.sge.com.cn/sjzx/quotation_daily_new?start_date=2025-06-01&end_date=2025-06-30&inst_ids=Ag%28T%2BD%29&p=
WEB-0431,最终数据/最终数据/outputs/019f56e7-91fe-7a43-b1d0-ae50e45c9d0c/黄金价格传导链因素与时序数据_20260724.xlsx,xl/worksheets/sheet6.xml,xlsx_xml,XLSX entry: xl/worksheets/sheet6.xml,https://www.sge.com.cn/sjzx/quotation_daily_new?start_date=2025-06-01&end_date=2025-06-30&inst_ids=Au99.99&p=
WEB-0431,最终数据/最终数据/outputs/019f56e7-91fe-7a43-b1d0-ae50e45c9d0c/黄金价格传导链因素与时序数据_20260724.xlsx.inspect.ndjson,20945,plain_url,"{""kind"":""table"",""sheet"":""06_SGE原始日行情"",""address"":""A1:M1189"",""rows"":1189,""cols"":13,""values"":[[""date"",""contract"",""open"",""high"",""low"",""close"",""change_cny"",""change_pct"",""weighted_avg"",""volume_kg"",""turnover_cny"",""open_interest_lots"",""source_url""],[""2024-01-04T00:00:00.000Z"",""Ag(T+D)"",5910,5930,5851,5867,-113,-0.0189,5873,930034,5462494174,5208366,""https://www.sge.com.cn/sjzx/quotation_daily_new?start_date=2024-01-01&end_date=2024-01-31&inst_ids=Ag%28T%2BD%29&p=""],[""2024-01-04T00:00:00.000Z"",""Au99.99"",",https://www.sge.com.cn/sjzx/quotation_daily_new?start_date=2025-06-01&end_date=2025-06-30&inst_ids=Au99.99&p=
WEB-0431,最终数据/最终数据/outputs/019f56e7-91fe-7a43-b1d0-ae50e45c9d0c/金银价格波动影响因素与时序数据_20260726.xlsx,xl/worksheets/sheet6.xml,xlsx_xml,XLSX entry: xl/worksheets/sheet6.xml,https://www.sge.com.cn/sjzx/quotation_daily_new?start_date=2025-06-01&end_date=2025-06-30&inst_ids=Au99.99&p=
WEB-0431,最终数据/最终数据/outputs/019f56e7-91fe-7a43-b1d0-ae50e45c9d0c/金银价格波动影响因素与时序数据_20260726.xlsx.inspect.ndjson,31180,plain_url,"{""kind"":""table"",""sheet"":""06_SGE原始日行情"",""address"":""A1:M1189"",""rows"":1189,""cols"":13,""values"":[[""date"",""contract"",""open"",""high"",""low"",""close"",""change_cny"",""change_pct"",""weighted_avg"",""volume_kg"",""turnover_cny"",""open_interest_lots"",""source_url""],[""2024-01-04T00:00:00.000Z"",""Ag(T+D)"",5910,5930,5851,5867,-113,-0.0189,5873,930034,5462494174,5208366,""https://www.sge.com.cn/sjzx/quotation_daily_new?start_date=2024-01-01&end_date=2024-01-31&inst_ids=Ag%28T%2BD%29&p=""],[""2024-01-04T00:00:00.000Z"",""Au99.99"",",https://www.sge.com.cn/sjzx/quotation_daily_new?start_date=2025-06-01&end_date=2025-06-30&inst_ids=Au99.99&p=
WEB-0431,最终数据/最终数据/outputs/019f56e7-91fe-7a43-b1d0-ae50e45c9d0c/金银价格波动影响因素与时序数据_中文字段版_20260726.xlsx,xl/worksheets/sheet7.xml,xlsx_xml,XLSX entry: xl/worksheets/sheet7.xml,https://www.sge.com.cn/sjzx/quotation_daily_new?start_date=2025-06-01&end_date=2025-06-30&inst_ids=Au99.99&p=
WEB-0431,最终数据/最终数据/outputs/019f56e7-91fe-7a43-b1d0-ae50e45c9d0c/金银价格波动影响因素与时序数据_中文字段版_20260726.xlsx.inspect.ndjson,31472,plain_url,"{""kind"":""table"",""sheet"":""06_SGE原始日行情"",""address"":""A1:M1189"",""rows"":1189,""cols"":13,""values"":[[""日期"",""合约代码"",""开盘价"",""最高价"",""最低价"",""收盘价"",""涨跌额（元）"",""涨跌幅"",""加权平均价"",""成交量（千克）"",""成交额（元）"",""持仓量（手）"",""来源网址""],[""2024-01-04T00:00:00.000Z"",""Ag(T+D)"",5910,5930,5851,5867,-113,-0.0189,5873,930034,5462494174,5208366,""https://www.sge.com.cn/sjzx/quotation_daily_new?start_date=2024-01-01&end_date=2024-01-31&inst_ids=Ag%28T%2BD%29&p=""],[""2024-01-04T00:00:00.000Z"",""Au99.99"",479,482,477,480.4,-1.09,-0.0023,480.05,24970.08,119869",https://www.sge.com.cn/sjzx/quotation_daily_new?start_date=2025-06-01&end_date=2025-06-30&inst_ids=Au99.99&p=
WEB-0432,最终数据/最终数据/outputs/019f56e7-91fe-7a43-b1d0-ae50e45c9d0c/黄金价格传导链因素与时序数据_20260724.xlsx,xl/worksheets/sheet6.xml,xlsx_xml,XLSX entry: xl/worksheets/sheet6.xml,https://www.sge.com.cn/sjzx/quotation_daily_new?start_date=2025-07-01&end_date=2025-07-31&inst_ids=Ag%28T%2BD%29&p=
WEB-0432,最终数据/最终数据/outputs/019f56e7-91fe-7a43-b1d0-ae50e45c9d0c/黄金价格传导链因素与时序数据_20260724.xlsx.inspect.ndjson,20945,plain_url,"{""kind"":""table"",""sheet"":""06_SGE原始日行情"",""address"":""A1:M1189"",""rows"":1189,""cols"":13,""values"":[[""date"",""contract"",""open"",""high"",""low"",""close"",""change_cny"",""change_pct"",""weighted_avg"",""volume_kg"",""turnover_cny"",""open_interest_lots"",""source_url""],[""2024-01-04T00:00:00.000Z"",""Ag(T+D)"",5910,5930,5851,5867,-113,-0.0189,5873,930034,5462494174,5208366,""https://www.sge.com.cn/sjzx/quotation_daily_new?start_date=2024-01-01&end_date=2024-01-31&inst_ids=Ag%28T%2BD%29&p=""],[""2024-01-04T00:00:00.000Z"",""Au99.99"",",https://www.sge.com.cn/sjzx/quotation_daily_new?start_date=2025-07-01&end_date=2025-07-31&inst_ids=Ag%28T%2BD%29&p=
WEB-0432,最终数据/最终数据/outputs/019f56e7-91fe-7a43-b1d0-ae50e45c9d0c/金银价格波动影响因素与时序数据_20260726.xlsx,xl/worksheets/sheet6.xml,xlsx_xml,XLSX entry: xl/worksheets/sheet6.xml,https://www.sge.com.cn/sjzx/quotation_daily_new?start_date=2025-07-01&end_date=2025-07-31&inst_ids=Ag%28T%2BD%29&p=
WEB-0432,最终数据/最终数据/outputs/019f56e7-91fe-7a43-b1d0-ae50e45c9d0c/金银价格波动影响因素与时序数据_20260726.xlsx.inspect.ndjson,31180,plain_url,"{""kind"":""table"",""sheet"":""06_SGE原始日行情"",""address"":""A1:M1189"",""rows"":1189,""cols"":13,""values"":[[""date"",""contract"",""open"",""high"",""low"",""close"",""change_cny"",""change_pct"",""weighted_avg"",""volume_kg"",""turnover_cny"",""open_interest_lots"",""source_url""],[""2024-01-04T00:00:00.000Z"",""Ag(T+D)"",5910,5930,5851,5867,-113,-0.0189,5873,930034,5462494174,5208366,""https://www.sge.com.cn/sjzx/quotation_daily_new?start_date=2024-01-01&end_date=2024-01-31&inst_ids=Ag%28T%2BD%29&p=""],[""2024-01-04T00:00:00.000Z"",""Au99.99"",",https://www.sge.com.cn/sjzx/quotation_daily_new?start_date=2025-07-01&end_date=2025-07-31&inst_ids=Ag%28T%2BD%29&p=
WEB-0432,最终数据/最终数据/outputs/019f56e7-91fe-7a43-b1d0-ae50e45c9d0c/金银价格波动影响因素与时序数据_中文字段版_20260726.xlsx,xl/worksheets/sheet7.xml,xlsx_xml,XLSX entry: xl/worksheets/sheet7.xml,https://www.sge.com.cn/sjzx/quotation_daily_new?start_date=2025-07-01&end_date=2025-07-31&inst_ids=Ag%28T%2BD%29&p=
WEB-0432,最终数据/最终数据/outputs/019f56e7-91fe-7a43-b1d0-ae50e45c9d0c/金银价格波动影响因素与时序数据_中文字段版_20260726.xlsx.inspect.ndjson,31472,plain_url,"{""kind"":""table"",""sheet"":""06_SGE原始日行情"",""address"":""A1:M1189"",""rows"":1189,""cols"":13,""values"":[[""日期"",""合约代码"",""开盘价"",""最高价"",""最低价"",""收盘价"",""涨跌额（元）"",""涨跌幅"",""加权平均价"",""成交量（千克）"",""成交额（元）"",""持仓量（手）"",""来源网址""],[""2024-01-04T00:00:00.000Z"",""Ag(T+D)"",5910,5930,5851,5867,-113,-0.0189,5873,930034,5462494174,5208366,""https://www.sge.com.cn/sjzx/quotation_daily_new?start_date=2024-01-01&end_date=2024-01-31&inst_ids=Ag%28T%2BD%29&p=""],[""2024-01-04T00:00:00.000Z"",""Au99.99"",479,482,477,480.4,-1.09,-0.0023,480.05,24970.08,119869",https://www.sge.com.cn/sjzx/quotation_daily_new?start_date=2025-07-01&end_date=2025-07-31&inst_ids=Ag%28T%2BD%29&p=
WEB-0433,最终数据/最终数据/outputs/019f56e7-91fe-7a43-b1d0-ae50e45c9d0c/黄金价格传导链因素与时序数据_20260724.xlsx,xl/worksheets/sheet6.xml,xlsx_xml,XLSX entry: xl/worksheets/sheet6.xml,https://www.sge.com.cn/sjzx/quotation_daily_new?start_date=2025-07-01&end_date=2025-07-31&inst_ids=Au99.99&p=
WEB-0433,最终数据/最终数据/outputs/019f56e7-91fe-7a43-b1d0-ae50e45c9d0c/黄金价格传导链因素与时序数据_20260724.xlsx.inspect.ndjson,20945,plain_url,"{""kind"":""table"",""sheet"":""06_SGE原始日行情"",""address"":""A1:M1189"",""rows"":1189,""cols"":13,""values"":[[""date"",""contract"",""open"",""high"",""low"",""close"",""change_cny"",""change_pct"",""weighted_avg"",""volume_kg"",""turnover_cny"",""open_interest_lots"",""source_url""],[""2024-01-04T00:00:00.000Z"",""Ag(T+D)"",5910,5930,5851,5867,-113,-0.0189,5873,930034,5462494174,5208366,""https://www.sge.com.cn/sjzx/quotation_daily_new?start_date=2024-01-01&end_date=2024-01-31&inst_ids=Ag%28T%2BD%29&p=""],[""2024-01-04T00:00:00.000Z"",""Au99.99"",",https://www.sge.com.cn/sjzx/quotation_daily_new?start_date=2025-07-01&end_date=2025-07-31&inst_ids=Au99.99&p=
WEB-0433,最终数据/最终数据/outputs/019f56e7-91fe-7a43-b1d0-ae50e45c9d0c/金银价格波动影响因素与时序数据_20260726.xlsx,xl/worksheets/sheet6.xml,xlsx_xml,XLSX entry: xl/worksheets/sheet6.xml,https://www.sge.com.cn/sjzx/quotation_daily_new?start_date=2025-07-01&end_date=2025-07-31&inst_ids=Au99.99&p=
WEB-0433,最终数据/最终数据/outputs/019f56e7-91fe-7a43-b1d0-ae50e45c9d0c/金银价格波动影响因素与时序数据_20260726.xlsx.inspect.ndjson,31180,plain_url,"{""kind"":""table"",""sheet"":""06_SGE原始日行情"",""address"":""A1:M1189"",""rows"":1189,""cols"":13,""values"":[[""date"",""contract"",""open"",""high"",""low"",""close"",""change_cny"",""change_pct"",""weighted_avg"",""volume_kg"",""turnover_cny"",""open_interest_lots"",""source_url""],[""2024-01-04T00:00:00.000Z"",""Ag(T+D)"",5910,5930,5851,5867,-113,-0.0189,5873,930034,5462494174,5208366,""https://www.sge.com.cn/sjzx/quotation_daily_new?start_date=2024-01-01&end_date=2024-01-31&inst_ids=Ag%28T%2BD%29&p=""],[""2024-01-04T00:00:00.000Z"",""Au99.99"",",https://www.sge.com.cn/sjzx/quotation_daily_new?start_date=2025-07-01&end_date=2025-07-31&inst_ids=Au99.99&p=
WEB-0433,最终数据/最终数据/outputs/019f56e7-91fe-7a43-b1d0-ae50e45c9d0c/金银价格波动影响因素与时序数据_中文字段版_20260726.xlsx,xl/worksheets/sheet7.xml,xlsx_xml,XLSX entry: xl/worksheets/sheet7.xml,https://www.sge.com.cn/sjzx/quotation_daily_new?start_date=2025-07-01&end_date=2025-07-31&inst_ids=Au99.99&p=
WEB-0433,最终数据/最终数据/outputs/019f56e7-91fe-7a43-b1d0-ae50e45c9d0c/金银价格波动影响因素与时序数据_中文字段版_20260726.xlsx.inspect.ndjson,31472,plain_url,"{""kind"":""table"",""sheet"":""06_SGE原始日行情"",""address"":""A1:M1189"",""rows"":1189,""cols"":13,""values"":[[""日期"",""合约代码"",""开盘价"",""最高价"",""最低价"",""收盘价"",""涨跌额（元）"",""涨跌幅"",""加权平均价"",""成交量（千克）"",""成交额（元）"",""持仓量（手）"",""来源网址""],[""2024-01-04T00:00:00.000Z"",""Ag(T+D)"",5910,5930,5851,5867,-113,-0.0189,5873,930034,5462494174,5208366,""https://www.sge.com.cn/sjzx/quotation_daily_new?start_date=2024-01-01&end_date=2024-01-31&inst_ids=Ag%28T%2BD%29&p=""],[""2024-01-04T00:00:00.000Z"",""Au99.99"",479,482,477,480.4,-1.09,-0.0023,480.05,24970.08,119869",https://www.sge.com.cn/sjzx/quotation_daily_new?start_date=2025-07-01&end_date=2025-07-31&inst_ids=Au99.99&p=
WEB-0434,最终数据/最终数据/outputs/019f56e7-91fe-7a43-b1d0-ae50e45c9d0c/黄金价格传导链因素与时序数据_20260724.xlsx,xl/worksheets/sheet6.xml,xlsx_xml,XLSX entry: xl/worksheets/sheet6.xml,https://www.sge.com.cn/sjzx/quotation_daily_new?start_date=2025-08-01&end_date=2025-08-31&inst_ids=Ag%28T%2BD%29&p=
WEB-0434,最终数据/最终数据/outputs/019f56e7-91fe-7a43-b1d0-ae50e45c9d0c/黄金价格传导链因素与时序数据_20260724.xlsx.inspect.ndjson,20945,plain_url,"{""kind"":""table"",""sheet"":""06_SGE原始日行情"",""address"":""A1:M1189"",""rows"":1189,""cols"":13,""values"":[[""date"",""contract"",""open"",""high"",""low"",""close"",""change_cny"",""change_pct"",""weighted_avg"",""volume_kg"",""turnover_cny"",""open_interest_lots"",""source_url""],[""2024-01-04T00:00:00.000Z"",""Ag(T+D)"",5910,5930,5851,5867,-113,-0.0189,5873,930034,5462494174,5208366,""https://www.sge.com.cn/sjzx/quotation_daily_new?start_date=2024-01-01&end_date=2024-01-31&inst_ids=Ag%28T%2BD%29&p=""],[""2024-01-04T00:00:00.000Z"",""Au99.99"",",https://www.sge.com.cn/sjzx/quotation_daily_new?start_date=2025-08-01&end_date=2025-08-31&inst_ids=Ag%28T%2BD%29&p=
WEB-0434,最终数据/最终数据/outputs/019f56e7-91fe-7a43-b1d0-ae50e45c9d0c/金银价格波动影响因素与时序数据_20260726.xlsx,xl/worksheets/sheet6.xml,xlsx_xml,XLSX entry: xl/worksheets/sheet6.xml,https://www.sge.com.cn/sjzx/quotation_daily_new?start_date=2025-08-01&end_date=2025-08-31&inst_ids=Ag%28T%2BD%29&p=
WEB-0434,最终数据/最终数据/outputs/019f56e7-91fe-7a43-b1d0-ae50e45c9d0c/金银价格波动影响因素与时序数据_20260726.xlsx.inspect.ndjson,31180,plain_url,"{""kind"":""table"",""sheet"":""06_SGE原始日行情"",""address"":""A1:M1189"",""rows"":1189,""cols"":13,""values"":[[""date"",""contract"",""open"",""high"",""low"",""close"",""change_cny"",""change_pct"",""weighted_avg"",""volume_kg"",""turnover_cny"",""open_interest_lots"",""source_url""],[""2024-01-04T00:00:00.000Z"",""Ag(T+D)"",5910,5930,5851,5867,-113,-0.0189,5873,930034,5462494174,5208366,""https://www.sge.com.cn/sjzx/quotation_daily_new?start_date=2024-01-01&end_date=2024-01-31&inst_ids=Ag%28T%2BD%29&p=""],[""2024-01-04T00:00:00.000Z"",""Au99.99"",",https://www.sge.com.cn/sjzx/quotation_daily_new?start_date=2025-08-01&end_date=2025-08-31&inst_ids=Ag%28T%2BD%29&p=
WEB-0434,最终数据/最终数据/outputs/019f56e7-91fe-7a43-b1d0-ae50e45c9d0c/金银价格波动影响因素与时序数据_中文字段版_20260726.xlsx,xl/worksheets/sheet7.xml,xlsx_xml,XLSX entry: xl/worksheets/sheet7.xml,https://www.sge.com.cn/sjzx/quotation_daily_new?start_date=2025-08-01&end_date=2025-08-31&inst_ids=Ag%28T%2BD%29&p=
WEB-0434,最终数据/最终数据/outputs/019f56e7-91fe-7a43-b1d0-ae50e45c9d0c/金银价格波动影响因素与时序数据_中文字段版_20260726.xlsx.inspect.ndjson,31472,plain_url,"{""kind"":""table"",""sheet"":""06_SGE原始日行情"",""address"":""A1:M1189"",""rows"":1189,""cols"":13,""values"":[[""日期"",""合约代码"",""开盘价"",""最高价"",""最低价"",""收盘价"",""涨跌额（元）"",""涨跌幅"",""加权平均价"",""成交量（千克）"",""成交额（元）"",""持仓量（手）"",""来源网址""],[""2024-01-04T00:00:00.000Z"",""Ag(T+D)"",5910,5930,5851,5867,-113,-0.0189,5873,930034,5462494174,5208366,""https://www.sge.com.cn/sjzx/quotation_daily_new?start_date=2024-01-01&end_date=2024-01-31&inst_ids=Ag%28T%2BD%29&p=""],[""2024-01-04T00:00:00.000Z"",""Au99.99"",479,482,477,480.4,-1.09,-0.0023,480.05,24970.08,119869",https://www.sge.com.cn/sjzx/quotation_daily_new?start_date=2025-08-01&end_date=2025-08-31&inst_ids=Ag%28T%2BD%29&p=
WEB-0435,最终数据/最终数据/outputs/019f56e7-91fe-7a43-b1d0-ae50e45c9d0c/黄金价格传导链因素与时序数据_20260724.xlsx,xl/worksheets/sheet6.xml,xlsx_xml,XLSX entry: xl/worksheets/sheet6.xml,https://www.sge.com.cn/sjzx/quotation_daily_new?start_date=2025-08-01&end_date=2025-08-31&inst_ids=Au99.99&p=
WEB-0435,最终数据/最终数据/outputs/019f56e7-91fe-7a43-b1d0-ae50e45c9d0c/黄金价格传导链因素与时序数据_20260724.xlsx.inspect.ndjson,20945,plain_url,"{""kind"":""table"",""sheet"":""06_SGE原始日行情"",""address"":""A1:M1189"",""rows"":1189,""cols"":13,""values"":[[""date"",""contract"",""open"",""high"",""low"",""close"",""change_cny"",""change_pct"",""weighted_avg"",""volume_kg"",""turnover_cny"",""open_interest_lots"",""source_url""],[""2024-01-04T00:00:00.000Z"",""Ag(T+D)"",5910,5930,5851,5867,-113,-0.0189,5873,930034,5462494174,5208366,""https://www.sge.com.cn/sjzx/quotation_daily_new?start_date=2024-01-01&end_date=2024-01-31&inst_ids=Ag%28T%2BD%29&p=""],[""2024-01-04T00:00:00.000Z"",""Au99.99"",",https://www.sge.com.cn/sjzx/quotation_daily_new?start_date=2025-08-01&end_date=2025-08-31&inst_ids=Au99.99&p=
WEB-0435,最终数据/最终数据/outputs/019f56e7-91fe-7a43-b1d0-ae50e45c9d0c/金银价格波动影响因素与时序数据_20260726.xlsx,xl/worksheets/sheet6.xml,xlsx_xml,XLSX entry: xl/worksheets/sheet6.xml,https://www.sge.com.cn/sjzx/quotation_daily_new?start_date=2025-08-01&end_date=2025-08-31&inst_ids=Au99.99&p=
WEB-0435,最终数据/最终数据/outputs/019f56e7-91fe-7a43-b1d0-ae50e45c9d0c/金银价格波动影响因素与时序数据_20260726.xlsx.inspect.ndjson,31180,plain_url,"{""kind"":""table"",""sheet"":""06_SGE原始日行情"",""address"":""A1:M1189"",""rows"":1189,""cols"":13,""values"":[[""date"",""contract"",""open"",""high"",""low"",""close"",""change_cny"",""change_pct"",""weighted_avg"",""volume_kg"",""turnover_cny"",""open_interest_lots"",""source_url""],[""2024-01-04T00:00:00.000Z"",""Ag(T+D)"",5910,5930,5851,5867,-113,-0.0189,5873,930034,5462494174,5208366,""https://www.sge.com.cn/sjzx/quotation_daily_new?start_date=2024-01-01&end_date=2024-01-31&inst_ids=Ag%28T%2BD%29&p=""],[""2024-01-04T00:00:00.000Z"",""Au99.99"",",https://www.sge.com.cn/sjzx/quotation_daily_new?start_date=2025-08-01&end_date=2025-08-31&inst_ids=Au99.99&p=
WEB-0435,最终数据/最终数据/outputs/019f56e7-91fe-7a43-b1d0-ae50e45c9d0c/金银价格波动影响因素与时序数据_中文字段版_20260726.xlsx,xl/worksheets/sheet7.xml,xlsx_xml,XLSX entry: xl/worksheets/sheet7.xml,https://www.sge.com.cn/sjzx/quotation_daily_new?start_date=2025-08-01&end_date=2025-08-31&inst_ids=Au99.99&p=
WEB-0435,最终数据/最终数据/outputs/019f56e7-91fe-7a43-b1d0-ae50e45c9d0c/金银价格波动影响因素与时序数据_中文字段版_20260726.xlsx.inspect.ndjson,31472,plain_url,"{""kind"":""table"",""sheet"":""06_SGE原始日行情"",""address"":""A1:M1189"",""rows"":1189,""cols"":13,""values"":[[""日期"",""合约代码"",""开盘价"",""最高价"",""最低价"",""收盘价"",""涨跌额（元）"",""涨跌幅"",""加权平均价"",""成交量（千克）"",""成交额（元）"",""持仓量（手）"",""来源网址""],[""2024-01-04T00:00:00.000Z"",""Ag(T+D)"",5910,5930,5851,5867,-113,-0.0189,5873,930034,5462494174,5208366,""https://www.sge.com.cn/sjzx/quotation_daily_new?start_date=2024-01-01&end_date=2024-01-31&inst_ids=Ag%28T%2BD%29&p=""],[""2024-01-04T00:00:00.000Z"",""Au99.99"",479,482,477,480.4,-1.09,-0.0023,480.05,24970.08,119869",https://www.sge.com.cn/sjzx/quotation_daily_new?start_date=2025-08-01&end_date=2025-08-31&inst_ids=Au99.99&p=
WEB-0436,最终数据/最终数据/outputs/019f56e7-91fe-7a43-b1d0-ae50e45c9d0c/黄金价格传导链因素与时序数据_20260724.xlsx,xl/worksheets/sheet6.xml,xlsx_xml,XLSX entry: xl/worksheets/sheet6.xml,https://www.sge.com.cn/sjzx/quotation_daily_new?start_date=2025-09-01&end_date=2025-09-30&inst_ids=Ag%28T%2BD%29&p=
WEB-0436,最终数据/最终数据/outputs/019f56e7-91fe-7a43-b1d0-ae50e45c9d0c/黄金价格传导链因素与时序数据_20260724.xlsx.inspect.ndjson,20945,plain_url,"{""kind"":""table"",""sheet"":""06_SGE原始日行情"",""address"":""A1:M1189"",""rows"":1189,""cols"":13,""values"":[[""date"",""contract"",""open"",""high"",""low"",""close"",""change_cny"",""change_pct"",""weighted_avg"",""volume_kg"",""turnover_cny"",""open_interest_lots"",""source_url""],[""2024-01-04T00:00:00.000Z"",""Ag(T+D)"",5910,5930,5851,5867,-113,-0.0189,5873,930034,5462494174,5208366,""https://www.sge.com.cn/sjzx/quotation_daily_new?start_date=2024-01-01&end_date=2024-01-31&inst_ids=Ag%28T%2BD%29&p=""],[""2024-01-04T00:00:00.000Z"",""Au99.99"",",https://www.sge.com.cn/sjzx/quotation_daily_new?start_date=2025-09-01&end_date=2025-09-30&inst_ids=Ag%28T%2BD%29&p=
WEB-0436,最终数据/最终数据/outputs/019f56e7-91fe-7a43-b1d0-ae50e45c9d0c/金银价格波动影响因素与时序数据_20260726.xlsx,xl/worksheets/sheet6.xml,xlsx_xml,XLSX entry: xl/worksheets/sheet6.xml,https://www.sge.com.cn/sjzx/quotation_daily_new?start_date=2025-09-01&end_date=2025-09-30&inst_ids=Ag%28T%2BD%29&p=
WEB-0436,最终数据/最终数据/outputs/019f56e7-91fe-7a43-b1d0-ae50e45c9d0c/金银价格波动影响因素与时序数据_20260726.xlsx.inspect.ndjson,31180,plain_url,"{""kind"":""table"",""sheet"":""06_SGE原始日行情"",""address"":""A1:M1189"",""rows"":1189,""cols"":13,""values"":[[""date"",""contract"",""open"",""high"",""low"",""close"",""change_cny"",""change_pct"",""weighted_avg"",""volume_kg"",""turnover_cny"",""open_interest_lots"",""source_url""],[""2024-01-04T00:00:00.000Z"",""Ag(T+D)"",5910,5930,5851,5867,-113,-0.0189,5873,930034,5462494174,5208366,""https://www.sge.com.cn/sjzx/quotation_daily_new?start_date=2024-01-01&end_date=2024-01-31&inst_ids=Ag%28T%2BD%29&p=""],[""2024-01-04T00:00:00.000Z"",""Au99.99"",",https://www.sge.com.cn/sjzx/quotation_daily_new?start_date=2025-09-01&end_date=2025-09-30&inst_ids=Ag%28T%2BD%29&p=
WEB-0436,最终数据/最终数据/outputs/019f56e7-91fe-7a43-b1d0-ae50e45c9d0c/金银价格波动影响因素与时序数据_中文字段版_20260726.xlsx,xl/worksheets/sheet7.xml,xlsx_xml,XLSX entry: xl/worksheets/sheet7.xml,https://www.sge.com.cn/sjzx/quotation_daily_new?start_date=2025-09-01&end_date=2025-09-30&inst_ids=Ag%28T%2BD%29&p=
WEB-0436,最终数据/最终数据/outputs/019f56e7-91fe-7a43-b1d0-ae50e45c9d0c/金银价格波动影响因素与时序数据_中文字段版_20260726.xlsx.inspect.ndjson,31472,plain_url,"{""kind"":""table"",""sheet"":""06_SGE原始日行情"",""address"":""A1:M1189"",""rows"":1189,""cols"":13,""values"":[[""日期"",""合约代码"",""开盘价"",""最高价"",""最低价"",""收盘价"",""涨跌额（元）"",""涨跌幅"",""加权平均价"",""成交量（千克）"",""成交额（元）"",""持仓量（手）"",""来源网址""],[""2024-01-04T00:00:00.000Z"",""Ag(T+D)"",5910,5930,5851,5867,-113,-0.0189,5873,930034,5462494174,5208366,""https://www.sge.com.cn/sjzx/quotation_daily_new?start_date=2024-01-01&end_date=2024-01-31&inst_ids=Ag%28T%2BD%29&p=""],[""2024-01-04T00:00:00.000Z"",""Au99.99"",479,482,477,480.4,-1.09,-0.0023,480.05,24970.08,119869",https://www.sge.com.cn/sjzx/quotation_daily_new?start_date=2025-09-01&end_date=2025-09-30&inst_ids=Ag%28T%2BD%29&p=
WEB-0437,最终数据/最终数据/outputs/019f56e7-91fe-7a43-b1d0-ae50e45c9d0c/黄金价格传导链因素与时序数据_20260724.xlsx,xl/worksheets/sheet6.xml,xlsx_xml,XLSX entry: xl/worksheets/sheet6.xml,https://www.sge.com.cn/sjzx/quotation_daily_new?start_date=2025-09-01&end_date=2025-09-30&inst_ids=Au99.99&p=
WEB-0437,最终数据/最终数据/outputs/019f56e7-91fe-7a43-b1d0-ae50e45c9d0c/黄金价格传导链因素与时序数据_20260724.xlsx.inspect.ndjson,20945,plain_url,"{""kind"":""table"",""sheet"":""06_SGE原始日行情"",""address"":""A1:M1189"",""rows"":1189,""cols"":13,""values"":[[""date"",""contract"",""open"",""high"",""low"",""close"",""change_cny"",""change_pct"",""weighted_avg"",""volume_kg"",""turnover_cny"",""open_interest_lots"",""source_url""],[""2024-01-04T00:00:00.000Z"",""Ag(T+D)"",5910,5930,5851,5867,-113,-0.0189,5873,930034,5462494174,5208366,""https://www.sge.com.cn/sjzx/quotation_daily_new?start_date=2024-01-01&end_date=2024-01-31&inst_ids=Ag%28T%2BD%29&p=""],[""2024-01-04T00:00:00.000Z"",""Au99.99"",",https://www.sge.com.cn/sjzx/quotation_daily_new?start_date=2025-09-01&end_date=2025-09-30&inst_ids=Au99.99&p=
WEB-0437,最终数据/最终数据/outputs/019f56e7-91fe-7a43-b1d0-ae50e45c9d0c/金银价格波动影响因素与时序数据_20260726.xlsx,xl/worksheets/sheet6.xml,xlsx_xml,XLSX entry: xl/worksheets/sheet6.xml,https://www.sge.com.cn/sjzx/quotation_daily_new?start_date=2025-09-01&end_date=2025-09-30&inst_ids=Au99.99&p=
WEB-0437,最终数据/最终数据/outputs/019f56e7-91fe-7a43-b1d0-ae50e45c9d0c/金银价格波动影响因素与时序数据_20260726.xlsx.inspect.ndjson,31180,plain_url,"{""kind"":""table"",""sheet"":""06_SGE原始日行情"",""address"":""A1:M1189"",""rows"":1189,""cols"":13,""values"":[[""date"",""contract"",""open"",""high"",""low"",""close"",""change_cny"",""change_pct"",""weighted_avg"",""volume_kg"",""turnover_cny"",""open_interest_lots"",""source_url""],[""2024-01-04T00:00:00.000Z"",""Ag(T+D)"",5910,5930,5851,5867,-113,-0.0189,5873,930034,5462494174,5208366,""https://www.sge.com.cn/sjzx/quotation_daily_new?start_date=2024-01-01&end_date=2024-01-31&inst_ids=Ag%28T%2BD%29&p=""],[""2024-01-04T00:00:00.000Z"",""Au99.99"",",https://www.sge.com.cn/sjzx/quotation_daily_new?start_date=2025-09-01&end_date=2025-09-30&inst_ids=Au99.99&p=
WEB-0437,最终数据/最终数据/outputs/019f56e7-91fe-7a43-b1d0-ae50e45c9d0c/金银价格波动影响因素与时序数据_中文字段版_20260726.xlsx,xl/worksheets/sheet7.xml,xlsx_xml,XLSX entry: xl/worksheets/sheet7.xml,https://www.sge.com.cn/sjzx/quotation_daily_new?start_date=2025-09-01&end_date=2025-09-30&inst_ids=Au99.99&p=
WEB-0437,最终数据/最终数据/outputs/019f56e7-91fe-7a43-b1d0-ae50e45c9d0c/金银价格波动影响因素与时序数据_中文字段版_20260726.xlsx.inspect.ndjson,31472,plain_url,"{""kind"":""table"",""sheet"":""06_SGE原始日行情"",""address"":""A1:M1189"",""rows"":1189,""cols"":13,""values"":[[""日期"",""合约代码"",""开盘价"",""最高价"",""最低价"",""收盘价"",""涨跌额（元）"",""涨跌幅"",""加权平均价"",""成交量（千克）"",""成交额（元）"",""持仓量（手）"",""来源网址""],[""2024-01-04T00:00:00.000Z"",""Ag(T+D)"",5910,5930,5851,5867,-113,-0.0189,5873,930034,5462494174,5208366,""https://www.sge.com.cn/sjzx/quotation_daily_new?start_date=2024-01-01&end_date=2024-01-31&inst_ids=Ag%28T%2BD%29&p=""],[""2024-01-04T00:00:00.000Z"",""Au99.99"",479,482,477,480.4,-1.09,-0.0023,480.05,24970.08,119869",https://www.sge.com.cn/sjzx/quotation_daily_new?start_date=2025-09-01&end_date=2025-09-30&inst_ids=Au99.99&p=
WEB-0438,最终数据/最终数据/outputs/019f56e7-91fe-7a43-b1d0-ae50e45c9d0c/黄金价格传导链因素与时序数据_20260724.xlsx,xl/worksheets/sheet6.xml,xlsx_xml,XLSX entry: xl/worksheets/sheet6.xml,https://www.sge.com.cn/sjzx/quotation_daily_new?start_date=2025-10-01&end_date=2025-10-31&inst_ids=Ag%28T%2BD%29&p=
WEB-0438,最终数据/最终数据/outputs/019f56e7-91fe-7a43-b1d0-ae50e45c9d0c/黄金价格传导链因素与时序数据_20260724.xlsx.inspect.ndjson,20945,plain_url,"{""kind"":""table"",""sheet"":""06_SGE原始日行情"",""address"":""A1:M1189"",""rows"":1189,""cols"":13,""values"":[[""date"",""contract"",""open"",""high"",""low"",""close"",""change_cny"",""change_pct"",""weighted_avg"",""volume_kg"",""turnover_cny"",""open_interest_lots"",""source_url""],[""2024-01-04T00:00:00.000Z"",""Ag(T+D)"",5910,5930,5851,5867,-113,-0.0189,5873,930034,5462494174,5208366,""https://www.sge.com.cn/sjzx/quotation_daily_new?start_date=2024-01-01&end_date=2024-01-31&inst_ids=Ag%28T%2BD%29&p=""],[""2024-01-04T00:00:00.000Z"",""Au99.99"",",https://www.sge.com.cn/sjzx/quotation_daily_new?start_date=2025-10-01&end_date=2025-10-31&inst_ids=Ag%28T%2BD%29&p=
WEB-0438,最终数据/最终数据/outputs/019f56e7-91fe-7a43-b1d0-ae50e45c9d0c/金银价格波动影响因素与时序数据_20260726.xlsx,xl/worksheets/sheet6.xml,xlsx_xml,XLSX entry: xl/worksheets/sheet6.xml,https://www.sge.com.cn/sjzx/quotation_daily_new?start_date=2025-10-01&end_date=2025-10-31&inst_ids=Ag%28T%2BD%29&p=
WEB-0438,最终数据/最终数据/outputs/019f56e7-91fe-7a43-b1d0-ae50e45c9d0c/金银价格波动影响因素与时序数据_20260726.xlsx.inspect.ndjson,31180,plain_url,"{""kind"":""table"",""sheet"":""06_SGE原始日行情"",""address"":""A1:M1189"",""rows"":1189,""cols"":13,""values"":[[""date"",""contract"",""open"",""high"",""low"",""close"",""change_cny"",""change_pct"",""weighted_avg"",""volume_kg"",""turnover_cny"",""open_interest_lots"",""source_url""],[""2024-01-04T00:00:00.000Z"",""Ag(T+D)"",5910,5930,5851,5867,-113,-0.0189,5873,930034,5462494174,5208366,""https://www.sge.com.cn/sjzx/quotation_daily_new?start_date=2024-01-01&end_date=2024-01-31&inst_ids=Ag%28T%2BD%29&p=""],[""2024-01-04T00:00:00.000Z"",""Au99.99"",",https://www.sge.com.cn/sjzx/quotation_daily_new?start_date=2025-10-01&end_date=2025-10-31&inst_ids=Ag%28T%2BD%29&p=
WEB-0438,最终数据/最终数据/outputs/019f56e7-91fe-7a43-b1d0-ae50e45c9d0c/金银价格波动影响因素与时序数据_中文字段版_20260726.xlsx,xl/worksheets/sheet7.xml,xlsx_xml,XLSX entry: xl/worksheets/sheet7.xml,https://www.sge.com.cn/sjzx/quotation_daily_new?start_date=2025-10-01&end_date=2025-10-31&inst_ids=Ag%28T%2BD%29&p=
WEB-0438,最终数据/最终数据/outputs/019f56e7-91fe-7a43-b1d0-ae50e45c9d0c/金银价格波动影响因素与时序数据_中文字段版_20260726.xlsx.inspect.ndjson,31472,plain_url,"{""kind"":""table"",""sheet"":""06_SGE原始日行情"",""address"":""A1:M1189"",""rows"":1189,""cols"":13,""values"":[[""日期"",""合约代码"",""开盘价"",""最高价"",""最低价"",""收盘价"",""涨跌额（元）"",""涨跌幅"",""加权平均价"",""成交量（千克）"",""成交额（元）"",""持仓量（手）"",""来源网址""],[""2024-01-04T00:00:00.000Z"",""Ag(T+D)"",5910,5930,5851,5867,-113,-0.0189,5873,930034,5462494174,5208366,""https://www.sge.com.cn/sjzx/quotation_daily_new?start_date=2024-01-01&end_date=2024-01-31&inst_ids=Ag%28T%2BD%29&p=""],[""2024-01-04T00:00:00.000Z"",""Au99.99"",479,482,477,480.4,-1.09,-0.0023,480.05,24970.08,119869",https://www.sge.com.cn/sjzx/quotation_daily_new?start_date=2025-10-01&end_date=2025-10-31&inst_ids=Ag%28T%2BD%29&p=
WEB-0439,最终数据/最终数据/outputs/019f56e7-91fe-7a43-b1d0-ae50e45c9d0c/黄金价格传导链因素与时序数据_20260724.xlsx,xl/worksheets/sheet6.xml,xlsx_xml,XLSX entry: xl/worksheets/sheet6.xml,https://www.sge.com.cn/sjzx/quotation_daily_new?start_date=2025-10-01&end_date=2025-10-31&inst_ids=Au99.99&p=
WEB-0439,最终数据/最终数据/outputs/019f56e7-91fe-7a43-b1d0-ae50e45c9d0c/黄金价格传导链因素与时序数据_20260724.xlsx.inspect.ndjson,20945,plain_url,"{""kind"":""table"",""sheet"":""06_SGE原始日行情"",""address"":""A1:M1189"",""rows"":1189,""cols"":13,""values"":[[""date"",""contract"",""open"",""high"",""low"",""close"",""change_cny"",""change_pct"",""weighted_avg"",""volume_kg"",""turnover_cny"",""open_interest_lots"",""source_url""],[""2024-01-04T00:00:00.000Z"",""Ag(T+D)"",5910,5930,5851,5867,-113,-0.0189,5873,930034,5462494174,5208366,""https://www.sge.com.cn/sjzx/quotation_daily_new?start_date=2024-01-01&end_date=2024-01-31&inst_ids=Ag%28T%2BD%29&p=""],[""2024-01-04T00:00:00.000Z"",""Au99.99"",",https://www.sge.com.cn/sjzx/quotation_daily_new?start_date=2025-10-01&end_date=2025-10-31&inst_ids=Au99.99&p=
WEB-0439,最终数据/最终数据/outputs/019f56e7-91fe-7a43-b1d0-ae50e45c9d0c/金银价格波动影响因素与时序数据_20260726.xlsx,xl/worksheets/sheet6.xml,xlsx_xml,XLSX entry: xl/worksheets/sheet6.xml,https://www.sge.com.cn/sjzx/quotation_daily_new?start_date=2025-10-01&end_date=2025-10-31&inst_ids=Au99.99&p=
WEB-0439,最终数据/最终数据/outputs/019f56e7-91fe-7a43-b1d0-ae50e45c9d0c/金银价格波动影响因素与时序数据_20260726.xlsx.inspect.ndjson,31180,plain_url,"{""kind"":""table"",""sheet"":""06_SGE原始日行情"",""address"":""A1:M1189"",""rows"":1189,""cols"":13,""values"":[[""date"",""contract"",""open"",""high"",""low"",""close"",""change_cny"",""change_pct"",""weighted_avg"",""volume_kg"",""turnover_cny"",""open_interest_lots"",""source_url""],[""2024-01-04T00:00:00.000Z"",""Ag(T+D)"",5910,5930,5851,5867,-113,-0.0189,5873,930034,5462494174,5208366,""https://www.sge.com.cn/sjzx/quotation_daily_new?start_date=2024-01-01&end_date=2024-01-31&inst_ids=Ag%28T%2BD%29&p=""],[""2024-01-04T00:00:00.000Z"",""Au99.99"",",https://www.sge.com.cn/sjzx/quotation_daily_new?start_date=2025-10-01&end_date=2025-10-31&inst_ids=Au99.99&p=
WEB-0439,最终数据/最终数据/outputs/019f56e7-91fe-7a43-b1d0-ae50e45c9d0c/金银价格波动影响因素与时序数据_中文字段版_20260726.xlsx,xl/worksheets/sheet7.xml,xlsx_xml,XLSX entry: xl/worksheets/sheet7.xml,https://www.sge.com.cn/sjzx/quotation_daily_new?start_date=2025-10-01&end_date=2025-10-31&inst_ids=Au99.99&p=
WEB-0439,最终数据/最终数据/outputs/019f56e7-91fe-7a43-b1d0-ae50e45c9d0c/金银价格波动影响因素与时序数据_中文字段版_20260726.xlsx.inspect.ndjson,31472,plain_url,"{""kind"":""table"",""sheet"":""06_SGE原始日行情"",""address"":""A1:M1189"",""rows"":1189,""cols"":13,""values"":[[""日期"",""合约代码"",""开盘价"",""最高价"",""最低价"",""收盘价"",""涨跌额（元）"",""涨跌幅"",""加权平均价"",""成交量（千克）"",""成交额（元）"",""持仓量（手）"",""来源网址""],[""2024-01-04T00:00:00.000Z"",""Ag(T+D)"",5910,5930,5851,5867,-113,-0.0189,5873,930034,5462494174,5208366,""https://www.sge.com.cn/sjzx/quotation_daily_new?start_date=2024-01-01&end_date=2024-01-31&inst_ids=Ag%28T%2BD%29&p=""],[""2024-01-04T00:00:00.000Z"",""Au99.99"",479,482,477,480.4,-1.09,-0.0023,480.05,24970.08,119869",https://www.sge.com.cn/sjzx/quotation_daily_new?start_date=2025-10-01&end_date=2025-10-31&inst_ids=Au99.99&p=
WEB-0440,最终数据/最终数据/outputs/019f56e7-91fe-7a43-b1d0-ae50e45c9d0c/黄金价格传导链因素与时序数据_20260724.xlsx,xl/worksheets/sheet6.xml,xlsx_xml,XLSX entry: xl/worksheets/sheet6.xml,https://www.sge.com.cn/sjzx/quotation_daily_new?start_date=2025-11-01&end_date=2025-11-30&inst_ids=Ag%28T%2BD%29&p=
WEB-0440,最终数据/最终数据/outputs/019f56e7-91fe-7a43-b1d0-ae50e45c9d0c/黄金价格传导链因素与时序数据_20260724.xlsx.inspect.ndjson,20945,plain_url,"{""kind"":""table"",""sheet"":""06_SGE原始日行情"",""address"":""A1:M1189"",""rows"":1189,""cols"":13,""values"":[[""date"",""contract"",""open"",""high"",""low"",""close"",""change_cny"",""change_pct"",""weighted_avg"",""volume_kg"",""turnover_cny"",""open_interest_lots"",""source_url""],[""2024-01-04T00:00:00.000Z"",""Ag(T+D)"",5910,5930,5851,5867,-113,-0.0189,5873,930034,5462494174,5208366,""https://www.sge.com.cn/sjzx/quotation_daily_new?start_date=2024-01-01&end_date=2024-01-31&inst_ids=Ag%28T%2BD%29&p=""],[""2024-01-04T00:00:00.000Z"",""Au99.99"",",https://www.sge.com.cn/sjzx/quotation_daily_new?start_date=2025-11-01&end_date=2025-11-30&inst_ids=Ag%28T%2BD%29&p=
WEB-0440,最终数据/最终数据/outputs/019f56e7-91fe-7a43-b1d0-ae50e45c9d0c/金银价格波动影响因素与时序数据_20260726.xlsx,xl/worksheets/sheet6.xml,xlsx_xml,XLSX entry: xl/worksheets/sheet6.xml,https://www.sge.com.cn/sjzx/quotation_daily_new?start_date=2025-11-01&end_date=2025-11-30&inst_ids=Ag%28T%2BD%29&p=
WEB-0440,最终数据/最终数据/outputs/019f56e7-91fe-7a43-b1d0-ae50e45c9d0c/金银价格波动影响因素与时序数据_20260726.xlsx.inspect.ndjson,31180,plain_url,"{""kind"":""table"",""sheet"":""06_SGE原始日行情"",""address"":""A1:M1189"",""rows"":1189,""cols"":13,""values"":[[""date"",""contract"",""open"",""high"",""low"",""close"",""change_cny"",""change_pct"",""weighted_avg"",""volume_kg"",""turnover_cny"",""open_interest_lots"",""source_url""],[""2024-01-04T00:00:00.000Z"",""Ag(T+D)"",5910,5930,5851,5867,-113,-0.0189,5873,930034,5462494174,5208366,""https://www.sge.com.cn/sjzx/quotation_daily_new?start_date=2024-01-01&end_date=2024-01-31&inst_ids=Ag%28T%2BD%29&p=""],[""2024-01-04T00:00:00.000Z"",""Au99.99"",",https://www.sge.com.cn/sjzx/quotation_daily_new?start_date=2025-11-01&end_date=2025-11-30&inst_ids=Ag%28T%2BD%29&p=
WEB-0440,最终数据/最终数据/outputs/019f56e7-91fe-7a43-b1d0-ae50e45c9d0c/金银价格波动影响因素与时序数据_中文字段版_20260726.xlsx,xl/worksheets/sheet7.xml,xlsx_xml,XLSX entry: xl/worksheets/sheet7.xml,https://www.sge.com.cn/sjzx/quotation_daily_new?start_date=2025-11-01&end_date=2025-11-30&inst_ids=Ag%28T%2BD%29&p=
WEB-0440,最终数据/最终数据/outputs/019f56e7-91fe-7a43-b1d0-ae50e45c9d0c/金银价格波动影响因素与时序数据_中文字段版_20260726.xlsx.inspect.ndjson,31472,plain_url,"{""kind"":""table"",""sheet"":""06_SGE原始日行情"",""address"":""A1:M1189"",""rows"":1189,""cols"":13,""values"":[[""日期"",""合约代码"",""开盘价"",""最高价"",""最低价"",""收盘价"",""涨跌额（元）"",""涨跌幅"",""加权平均价"",""成交量（千克）"",""成交额（元）"",""持仓量（手）"",""来源网址""],[""2024-01-04T00:00:00.000Z"",""Ag(T+D)"",5910,5930,5851,5867,-113,-0.0189,5873,930034,5462494174,5208366,""https://www.sge.com.cn/sjzx/quotation_daily_new?start_date=2024-01-01&end_date=2024-01-31&inst_ids=Ag%28T%2BD%29&p=""],[""2024-01-04T00:00:00.000Z"",""Au99.99"",479,482,477,480.4,-1.09,-0.0023,480.05,24970.08,119869",https://www.sge.com.cn/sjzx/quotation_daily_new?start_date=2025-11-01&end_date=2025-11-30&inst_ids=Ag%28T%2BD%29&p=
WEB-0441,最终数据/最终数据/outputs/019f56e7-91fe-7a43-b1d0-ae50e45c9d0c/黄金价格传导链因素与时序数据_20260724.xlsx,xl/worksheets/sheet6.xml,xlsx_xml,XLSX entry: xl/worksheets/sheet6.xml,https://www.sge.com.cn/sjzx/quotation_daily_new?start_date=2025-11-01&end_date=2025-11-30&inst_ids=Au99.99&p=
WEB-0441,最终数据/最终数据/outputs/019f56e7-91fe-7a43-b1d0-ae50e45c9d0c/黄金价格传导链因素与时序数据_20260724.xlsx.inspect.ndjson,20945,plain_url,"{""kind"":""table"",""sheet"":""06_SGE原始日行情"",""address"":""A1:M1189"",""rows"":1189,""cols"":13,""values"":[[""date"",""contract"",""open"",""high"",""low"",""close"",""change_cny"",""change_pct"",""weighted_avg"",""volume_kg"",""turnover_cny"",""open_interest_lots"",""source_url""],[""2024-01-04T00:00:00.000Z"",""Ag(T+D)"",5910,5930,5851,5867,-113,-0.0189,5873,930034,5462494174,5208366,""https://www.sge.com.cn/sjzx/quotation_daily_new?start_date=2024-01-01&end_date=2024-01-31&inst_ids=Ag%28T%2BD%29&p=""],[""2024-01-04T00:00:00.000Z"",""Au99.99"",",https://www.sge.com.cn/sjzx/quotation_daily_new?start_date=2025-11-01&end_date=2025-11-30&inst_ids=Au99.99&p=
WEB-0441,最终数据/最终数据/outputs/019f56e7-91fe-7a43-b1d0-ae50e45c9d0c/金银价格波动影响因素与时序数据_20260726.xlsx,xl/worksheets/sheet6.xml,xlsx_xml,XLSX entry: xl/worksheets/sheet6.xml,https://www.sge.com.cn/sjzx/quotation_daily_new?start_date=2025-11-01&end_date=2025-11-30&inst_ids=Au99.99&p=
WEB-0441,最终数据/最终数据/outputs/019f56e7-91fe-7a43-b1d0-ae50e45c9d0c/金银价格波动影响因素与时序数据_20260726.xlsx.inspect.ndjson,31180,plain_url,"{""kind"":""table"",""sheet"":""06_SGE原始日行情"",""address"":""A1:M1189"",""rows"":1189,""cols"":13,""values"":[[""date"",""contract"",""open"",""high"",""low"",""close"",""change_cny"",""change_pct"",""weighted_avg"",""volume_kg"",""turnover_cny"",""open_interest_lots"",""source_url""],[""2024-01-04T00:00:00.000Z"",""Ag(T+D)"",5910,5930,5851,5867,-113,-0.0189,5873,930034,5462494174,5208366,""https://www.sge.com.cn/sjzx/quotation_daily_new?start_date=2024-01-01&end_date=2024-01-31&inst_ids=Ag%28T%2BD%29&p=""],[""2024-01-04T00:00:00.000Z"",""Au99.99"",",https://www.sge.com.cn/sjzx/quotation_daily_new?start_date=2025-11-01&end_date=2025-11-30&inst_ids=Au99.99&p=
WEB-0441,最终数据/最终数据/outputs/019f56e7-91fe-7a43-b1d0-ae50e45c9d0c/金银价格波动影响因素与时序数据_中文字段版_20260726.xlsx,xl/worksheets/sheet7.xml,xlsx_xml,XLSX entry: xl/worksheets/sheet7.xml,https://www.sge.com.cn/sjzx/quotation_daily_new?start_date=2025-11-01&end_date=2025-11-30&inst_ids=Au99.99&p=
WEB-0441,最终数据/最终数据/outputs/019f56e7-91fe-7a43-b1d0-ae50e45c9d0c/金银价格波动影响因素与时序数据_中文字段版_20260726.xlsx.inspect.ndjson,31472,plain_url,"{""kind"":""table"",""sheet"":""06_SGE原始日行情"",""address"":""A1:M1189"",""rows"":1189,""cols"":13,""values"":[[""日期"",""合约代码"",""开盘价"",""最高价"",""最低价"",""收盘价"",""涨跌额（元）"",""涨跌幅"",""加权平均价"",""成交量（千克）"",""成交额（元）"",""持仓量（手）"",""来源网址""],[""2024-01-04T00:00:00.000Z"",""Ag(T+D)"",5910,5930,5851,5867,-113,-0.0189,5873,930034,5462494174,5208366,""https://www.sge.com.cn/sjzx/quotation_daily_new?start_date=2024-01-01&end_date=2024-01-31&inst_ids=Ag%28T%2BD%29&p=""],[""2024-01-04T00:00:00.000Z"",""Au99.99"",479,482,477,480.4,-1.09,-0.0023,480.05,24970.08,119869",https://www.sge.com.cn/sjzx/quotation_daily_new?start_date=2025-11-01&end_date=2025-11-30&inst_ids=Au99.99&p=
WEB-0442,最终数据/最终数据/outputs/019f56e7-91fe-7a43-b1d0-ae50e45c9d0c/黄金价格传导链因素与时序数据_20260724.xlsx,xl/worksheets/sheet6.xml,xlsx_xml,XLSX entry: xl/worksheets/sheet6.xml,https://www.sge.com.cn/sjzx/quotation_daily_new?start_date=2025-12-01&end_date=2025-12-31&inst_ids=Ag%28T%2BD%29&p=
WEB-0442,最终数据/最终数据/outputs/019f56e7-91fe-7a43-b1d0-ae50e45c9d0c/黄金价格传导链因素与时序数据_20260724.xlsx.inspect.ndjson,20945,plain_url,"{""kind"":""table"",""sheet"":""06_SGE原始日行情"",""address"":""A1:M1189"",""rows"":1189,""cols"":13,""values"":[[""date"",""contract"",""open"",""high"",""low"",""close"",""change_cny"",""change_pct"",""weighted_avg"",""volume_kg"",""turnover_cny"",""open_interest_lots"",""source_url""],[""2024-01-04T00:00:00.000Z"",""Ag(T+D)"",5910,5930,5851,5867,-113,-0.0189,5873,930034,5462494174,5208366,""https://www.sge.com.cn/sjzx/quotation_daily_new?start_date=2024-01-01&end_date=2024-01-31&inst_ids=Ag%28T%2BD%29&p=""],[""2024-01-04T00:00:00.000Z"",""Au99.99"",",https://www.sge.com.cn/sjzx/quotation_daily_new?start_date=2025-12-01&end_date=2025-12-31&inst_ids=Ag%28T%2BD%29&p=
WEB-0442,最终数据/最终数据/outputs/019f56e7-91fe-7a43-b1d0-ae50e45c9d0c/金银价格波动影响因素与时序数据_20260726.xlsx,xl/worksheets/sheet6.xml,xlsx_xml,XLSX entry: xl/worksheets/sheet6.xml,https://www.sge.com.cn/sjzx/quotation_daily_new?start_date=2025-12-01&end_date=2025-12-31&inst_ids=Ag%28T%2BD%29&p=
WEB-0442,最终数据/最终数据/outputs/019f56e7-91fe-7a43-b1d0-ae50e45c9d0c/金银价格波动影响因素与时序数据_20260726.xlsx.inspect.ndjson,31180,plain_url,"{""kind"":""table"",""sheet"":""06_SGE原始日行情"",""address"":""A1:M1189"",""rows"":1189,""cols"":13,""values"":[[""date"",""contract"",""open"",""high"",""low"",""close"",""change_cny"",""change_pct"",""weighted_avg"",""volume_kg"",""turnover_cny"",""open_interest_lots"",""source_url""],[""2024-01-04T00:00:00.000Z"",""Ag(T+D)"",5910,5930,5851,5867,-113,-0.0189,5873,930034,5462494174,5208366,""https://www.sge.com.cn/sjzx/quotation_daily_new?start_date=2024-01-01&end_date=2024-01-31&inst_ids=Ag%28T%2BD%29&p=""],[""2024-01-04T00:00:00.000Z"",""Au99.99"",",https://www.sge.com.cn/sjzx/quotation_daily_new?start_date=2025-12-01&end_date=2025-12-31&inst_ids=Ag%28T%2BD%29&p=
WEB-0442,最终数据/最终数据/outputs/019f56e7-91fe-7a43-b1d0-ae50e45c9d0c/金银价格波动影响因素与时序数据_中文字段版_20260726.xlsx,xl/worksheets/sheet7.xml,xlsx_xml,XLSX entry: xl/worksheets/sheet7.xml,https://www.sge.com.cn/sjzx/quotation_daily_new?start_date=2025-12-01&end_date=2025-12-31&inst_ids=Ag%28T%2BD%29&p=
WEB-0442,最终数据/最终数据/outputs/019f56e7-91fe-7a43-b1d0-ae50e45c9d0c/金银价格波动影响因素与时序数据_中文字段版_20260726.xlsx.inspect.ndjson,31472,plain_url,"{""kind"":""table"",""sheet"":""06_SGE原始日行情"",""address"":""A1:M1189"",""rows"":1189,""cols"":13,""values"":[[""日期"",""合约代码"",""开盘价"",""最高价"",""最低价"",""收盘价"",""涨跌额（元）"",""涨跌幅"",""加权平均价"",""成交量（千克）"",""成交额（元）"",""持仓量（手）"",""来源网址""],[""2024-01-04T00:00:00.000Z"",""Ag(T+D)"",5910,5930,5851,5867,-113,-0.0189,5873,930034,5462494174,5208366,""https://www.sge.com.cn/sjzx/quotation_daily_new?start_date=2024-01-01&end_date=2024-01-31&inst_ids=Ag%28T%2BD%29&p=""],[""2024-01-04T00:00:00.000Z"",""Au99.99"",479,482,477,480.4,-1.09,-0.0023,480.05,24970.08,119869",https://www.sge.com.cn/sjzx/quotation_daily_new?start_date=2025-12-01&end_date=2025-12-31&inst_ids=Ag%28T%2BD%29&p=
WEB-0443,最终数据/最终数据/outputs/019f56e7-91fe-7a43-b1d0-ae50e45c9d0c/黄金价格传导链因素与时序数据_20260724.xlsx,xl/worksheets/sheet6.xml,xlsx_xml,XLSX entry: xl/worksheets/sheet6.xml,https://www.sge.com.cn/sjzx/quotation_daily_new?start_date=2025-12-01&end_date=2025-12-31&inst_ids=Au99.99&p=
WEB-0443,最终数据/最终数据/outputs/019f56e7-91fe-7a43-b1d0-ae50e45c9d0c/黄金价格传导链因素与时序数据_20260724.xlsx.inspect.ndjson,20945,plain_url,"{""kind"":""table"",""sheet"":""06_SGE原始日行情"",""address"":""A1:M1189"",""rows"":1189,""cols"":13,""values"":[[""date"",""contract"",""open"",""high"",""low"",""close"",""change_cny"",""change_pct"",""weighted_avg"",""volume_kg"",""turnover_cny"",""open_interest_lots"",""source_url""],[""2024-01-04T00:00:00.000Z"",""Ag(T+D)"",5910,5930,5851,5867,-113,-0.0189,5873,930034,5462494174,5208366,""https://www.sge.com.cn/sjzx/quotation_daily_new?start_date=2024-01-01&end_date=2024-01-31&inst_ids=Ag%28T%2BD%29&p=""],[""2024-01-04T00:00:00.000Z"",""Au99.99"",",https://www.sge.com.cn/sjzx/quotation_daily_new?start_date=2025-12-01&end_date=2025-12-31&inst_ids=Au99.99&p=
WEB-0443,最终数据/最终数据/outputs/019f56e7-91fe-7a43-b1d0-ae50e45c9d0c/金银价格波动影响因素与时序数据_20260726.xlsx,xl/worksheets/sheet6.xml,xlsx_xml,XLSX entry: xl/worksheets/sheet6.xml,https://www.sge.com.cn/sjzx/quotation_daily_new?start_date=2025-12-01&end_date=2025-12-31&inst_ids=Au99.99&p=
WEB-0443,最终数据/最终数据/outputs/019f56e7-91fe-7a43-b1d0-ae50e45c9d0c/金银价格波动影响因素与时序数据_20260726.xlsx.inspect.ndjson,31180,plain_url,"{""kind"":""table"",""sheet"":""06_SGE原始日行情"",""address"":""A1:M1189"",""rows"":1189,""cols"":13,""values"":[[""date"",""contract"",""open"",""high"",""low"",""close"",""change_cny"",""change_pct"",""weighted_avg"",""volume_kg"",""turnover_cny"",""open_interest_lots"",""source_url""],[""2024-01-04T00:00:00.000Z"",""Ag(T+D)"",5910,5930,5851,5867,-113,-0.0189,5873,930034,5462494174,5208366,""https://www.sge.com.cn/sjzx/quotation_daily_new?start_date=2024-01-01&end_date=2024-01-31&inst_ids=Ag%28T%2BD%29&p=""],[""2024-01-04T00:00:00.000Z"",""Au99.99"",",https://www.sge.com.cn/sjzx/quotation_daily_new?start_date=2025-12-01&end_date=2025-12-31&inst_ids=Au99.99&p=
WEB-0443,最终数据/最终数据/outputs/019f56e7-91fe-7a43-b1d0-ae50e45c9d0c/金银价格波动影响因素与时序数据_中文字段版_20260726.xlsx,xl/worksheets/sheet7.xml,xlsx_xml,XLSX entry: xl/worksheets/sheet7.xml,https://www.sge.com.cn/sjzx/quotation_daily_new?start_date=2025-12-01&end_date=2025-12-31&inst_ids=Au99.99&p=
WEB-0443,最终数据/最终数据/outputs/019f56e7-91fe-7a43-b1d0-ae50e45c9d0c/金银价格波动影响因素与时序数据_中文字段版_20260726.xlsx.inspect.ndjson,31472,plain_url,"{""kind"":""table"",""sheet"":""06_SGE原始日行情"",""address"":""A1:M1189"",""rows"":1189,""cols"":13,""values"":[[""日期"",""合约代码"",""开盘价"",""最高价"",""最低价"",""收盘价"",""涨跌额（元）"",""涨跌幅"",""加权平均价"",""成交量（千克）"",""成交额（元）"",""持仓量（手）"",""来源网址""],[""2024-01-04T00:00:00.000Z"",""Ag(T+D)"",5910,5930,5851,5867,-113,-0.0189,5873,930034,5462494174,5208366,""https://www.sge.com.cn/sjzx/quotation_daily_new?start_date=2024-01-01&end_date=2024-01-31&inst_ids=Ag%28T%2BD%29&p=""],[""2024-01-04T00:00:00.000Z"",""Au99.99"",479,482,477,480.4,-1.09,-0.0023,480.05,24970.08,119869",https://www.sge.com.cn/sjzx/quotation_daily_new?start_date=2025-12-01&end_date=2025-12-31&inst_ids=Au99.99&p=
WEB-0444,最终数据/最终数据/outputs/019f56e7-91fe-7a43-b1d0-ae50e45c9d0c/黄金价格传导链因素与时序数据_20260724.xlsx,xl/worksheets/sheet6.xml,xlsx_xml,XLSX entry: xl/worksheets/sheet6.xml,https://www.sge.com.cn/sjzx/quotation_daily_new?start_date=2026-01-01&end_date=2026-01-31&inst_ids=Ag%28T%2BD%29&p=
WEB-0444,最终数据/最终数据/outputs/019f56e7-91fe-7a43-b1d0-ae50e45c9d0c/黄金价格传导链因素与时序数据_20260724.xlsx.inspect.ndjson,20945,plain_url,"{""kind"":""table"",""sheet"":""06_SGE原始日行情"",""address"":""A1:M1189"",""rows"":1189,""cols"":13,""values"":[[""date"",""contract"",""open"",""high"",""low"",""close"",""change_cny"",""change_pct"",""weighted_avg"",""volume_kg"",""turnover_cny"",""open_interest_lots"",""source_url""],[""2024-01-04T00:00:00.000Z"",""Ag(T+D)"",5910,5930,5851,5867,-113,-0.0189,5873,930034,5462494174,5208366,""https://www.sge.com.cn/sjzx/quotation_daily_new?start_date=2024-01-01&end_date=2024-01-31&inst_ids=Ag%28T%2BD%29&p=""],[""2024-01-04T00:00:00.000Z"",""Au99.99"",",https://www.sge.com.cn/sjzx/quotation_daily_new?start_date=2026-01-01&end_date=2026-01-31&inst_ids=Ag%28T%2BD%29&p=
WEB-0444,最终数据/最终数据/outputs/019f56e7-91fe-7a43-b1d0-ae50e45c9d0c/金银价格波动影响因素与时序数据_20260726.xlsx,xl/worksheets/sheet6.xml,xlsx_xml,XLSX entry: xl/worksheets/sheet6.xml,https://www.sge.com.cn/sjzx/quotation_daily_new?start_date=2026-01-01&end_date=2026-01-31&inst_ids=Ag%28T%2BD%29&p=
WEB-0444,最终数据/最终数据/outputs/019f56e7-91fe-7a43-b1d0-ae50e45c9d0c/金银价格波动影响因素与时序数据_20260726.xlsx.inspect.ndjson,31180,plain_url,"{""kind"":""table"",""sheet"":""06_SGE原始日行情"",""address"":""A1:M1189"",""rows"":1189,""cols"":13,""values"":[[""date"",""contract"",""open"",""high"",""low"",""close"",""change_cny"",""change_pct"",""weighted_avg"",""volume_kg"",""turnover_cny"",""open_interest_lots"",""source_url""],[""2024-01-04T00:00:00.000Z"",""Ag(T+D)"",5910,5930,5851,5867,-113,-0.0189,5873,930034,5462494174,5208366,""https://www.sge.com.cn/sjzx/quotation_daily_new?start_date=2024-01-01&end_date=2024-01-31&inst_ids=Ag%28T%2BD%29&p=""],[""2024-01-04T00:00:00.000Z"",""Au99.99"",",https://www.sge.com.cn/sjzx/quotation_daily_new?start_date=2026-01-01&end_date=2026-01-31&inst_ids=Ag%28T%2BD%29&p=
WEB-0444,最终数据/最终数据/outputs/019f56e7-91fe-7a43-b1d0-ae50e45c9d0c/金银价格波动影响因素与时序数据_中文字段版_20260726.xlsx,xl/worksheets/sheet7.xml,xlsx_xml,XLSX entry: xl/worksheets/sheet7.xml,https://www.sge.com.cn/sjzx/quotation_daily_new?start_date=2026-01-01&end_date=2026-01-31&inst_ids=Ag%28T%2BD%29&p=
WEB-0444,最终数据/最终数据/outputs/019f56e7-91fe-7a43-b1d0-ae50e45c9d0c/金银价格波动影响因素与时序数据_中文字段版_20260726.xlsx.inspect.ndjson,31472,plain_url,"{""kind"":""table"",""sheet"":""06_SGE原始日行情"",""address"":""A1:M1189"",""rows"":1189,""cols"":13,""values"":[[""日期"",""合约代码"",""开盘价"",""最高价"",""最低价"",""收盘价"",""涨跌额（元）"",""涨跌幅"",""加权平均价"",""成交量（千克）"",""成交额（元）"",""持仓量（手）"",""来源网址""],[""2024-01-04T00:00:00.000Z"",""Ag(T+D)"",5910,5930,5851,5867,-113,-0.0189,5873,930034,5462494174,5208366,""https://www.sge.com.cn/sjzx/quotation_daily_new?start_date=2024-01-01&end_date=2024-01-31&inst_ids=Ag%28T%2BD%29&p=""],[""2024-01-04T00:00:00.000Z"",""Au99.99"",479,482,477,480.4,-1.09,-0.0023,480.05,24970.08,119869",https://www.sge.com.cn/sjzx/quotation_daily_new?start_date=2026-01-01&end_date=2026-01-31&inst_ids=Ag%28T%2BD%29&p=
WEB-0445,最终数据/最终数据/outputs/019f56e7-91fe-7a43-b1d0-ae50e45c9d0c/黄金价格传导链因素与时序数据_20260724.xlsx,xl/worksheets/sheet6.xml,xlsx_xml,XLSX entry: xl/worksheets/sheet6.xml,https://www.sge.com.cn/sjzx/quotation_daily_new?start_date=2026-01-01&end_date=2026-01-31&inst_ids=Au99.99&p=
WEB-0445,最终数据/最终数据/outputs/019f56e7-91fe-7a43-b1d0-ae50e45c9d0c/黄金价格传导链因素与时序数据_20260724.xlsx.inspect.ndjson,20945,plain_url,"{""kind"":""table"",""sheet"":""06_SGE原始日行情"",""address"":""A1:M1189"",""rows"":1189,""cols"":13,""values"":[[""date"",""contract"",""open"",""high"",""low"",""close"",""change_cny"",""change_pct"",""weighted_avg"",""volume_kg"",""turnover_cny"",""open_interest_lots"",""source_url""],[""2024-01-04T00:00:00.000Z"",""Ag(T+D)"",5910,5930,5851,5867,-113,-0.0189,5873,930034,5462494174,5208366,""https://www.sge.com.cn/sjzx/quotation_daily_new?start_date=2024-01-01&end_date=2024-01-31&inst_ids=Ag%28T%2BD%29&p=""],[""2024-01-04T00:00:00.000Z"",""Au99.99"",",https://www.sge.com.cn/sjzx/quotation_daily_new?start_date=2026-01-01&end_date=2026-01-31&inst_ids=Au99.99&p=
WEB-0445,最终数据/最终数据/outputs/019f56e7-91fe-7a43-b1d0-ae50e45c9d0c/金银价格波动影响因素与时序数据_20260726.xlsx,xl/worksheets/sheet6.xml,xlsx_xml,XLSX entry: xl/worksheets/sheet6.xml,https://www.sge.com.cn/sjzx/quotation_daily_new?start_date=2026-01-01&end_date=2026-01-31&inst_ids=Au99.99&p=
WEB-0445,最终数据/最终数据/outputs/019f56e7-91fe-7a43-b1d0-ae50e45c9d0c/金银价格波动影响因素与时序数据_20260726.xlsx.inspect.ndjson,31180,plain_url,"{""kind"":""table"",""sheet"":""06_SGE原始日行情"",""address"":""A1:M1189"",""rows"":1189,""cols"":13,""values"":[[""date"",""contract"",""open"",""high"",""low"",""close"",""change_cny"",""change_pct"",""weighted_avg"",""volume_kg"",""turnover_cny"",""open_interest_lots"",""source_url""],[""2024-01-04T00:00:00.000Z"",""Ag(T+D)"",5910,5930,5851,5867,-113,-0.0189,5873,930034,5462494174,5208366,""https://www.sge.com.cn/sjzx/quotation_daily_new?start_date=2024-01-01&end_date=2024-01-31&inst_ids=Ag%28T%2BD%29&p=""],[""2024-01-04T00:00:00.000Z"",""Au99.99"",",https://www.sge.com.cn/sjzx/quotation_daily_new?start_date=2026-01-01&end_date=2026-01-31&inst_ids=Au99.99&p=
WEB-0445,最终数据/最终数据/outputs/019f56e7-91fe-7a43-b1d0-ae50e45c9d0c/金银价格波动影响因素与时序数据_中文字段版_20260726.xlsx,xl/worksheets/sheet7.xml,xlsx_xml,XLSX entry: xl/worksheets/sheet7.xml,https://www.sge.com.cn/sjzx/quotation_daily_new?start_date=2026-01-01&end_date=2026-01-31&inst_ids=Au99.99&p=
WEB-0445,最终数据/最终数据/outputs/019f56e7-91fe-7a43-b1d0-ae50e45c9d0c/金银价格波动影响因素与时序数据_中文字段版_20260726.xlsx.inspect.ndjson,31472,plain_url,"{""kind"":""table"",""sheet"":""06_SGE原始日行情"",""address"":""A1:M1189"",""rows"":1189,""cols"":13,""values"":[[""日期"",""合约代码"",""开盘价"",""最高价"",""最低价"",""收盘价"",""涨跌额（元）"",""涨跌幅"",""加权平均价"",""成交量（千克）"",""成交额（元）"",""持仓量（手）"",""来源网址""],[""2024-01-04T00:00:00.000Z"",""Ag(T+D)"",5910,5930,5851,5867,-113,-0.0189,5873,930034,5462494174,5208366,""https://www.sge.com.cn/sjzx/quotation_daily_new?start_date=2024-01-01&end_date=2024-01-31&inst_ids=Ag%28T%2BD%29&p=""],[""2024-01-04T00:00:00.000Z"",""Au99.99"",479,482,477,480.4,-1.09,-0.0023,480.05,24970.08,119869",https://www.sge.com.cn/sjzx/quotation_daily_new?start_date=2026-01-01&end_date=2026-01-31&inst_ids=Au99.99&p=
WEB-0446,最终数据/最终数据/outputs/019f56e7-91fe-7a43-b1d0-ae50e45c9d0c/黄金价格传导链因素与时序数据_20260724.xlsx,xl/worksheets/sheet6.xml,xlsx_xml,XLSX entry: xl/worksheets/sheet6.xml,https://www.sge.com.cn/sjzx/quotation_daily_new?start_date=2026-02-01&end_date=2026-02-28&inst_ids=Ag%28T%2BD%29&p=
WEB-0446,最终数据/最终数据/outputs/019f56e7-91fe-7a43-b1d0-ae50e45c9d0c/黄金价格传导链因素与时序数据_20260724.xlsx.inspect.ndjson,20945,plain_url,"{""kind"":""table"",""sheet"":""06_SGE原始日行情"",""address"":""A1:M1189"",""rows"":1189,""cols"":13,""values"":[[""date"",""contract"",""open"",""high"",""low"",""close"",""change_cny"",""change_pct"",""weighted_avg"",""volume_kg"",""turnover_cny"",""open_interest_lots"",""source_url""],[""2024-01-04T00:00:00.000Z"",""Ag(T+D)"",5910,5930,5851,5867,-113,-0.0189,5873,930034,5462494174,5208366,""https://www.sge.com.cn/sjzx/quotation_daily_new?start_date=2024-01-01&end_date=2024-01-31&inst_ids=Ag%28T%2BD%29&p=""],[""2024-01-04T00:00:00.000Z"",""Au99.99"",",https://www.sge.com.cn/sjzx/quotation_daily_new?start_date=2026-02-01&end_date=2026-02-28&inst_ids=Ag%28T%2BD%29&p=
WEB-0446,最终数据/最终数据/outputs/019f56e7-91fe-7a43-b1d0-ae50e45c9d0c/金银价格波动影响因素与时序数据_20260726.xlsx,xl/worksheets/sheet6.xml,xlsx_xml,XLSX entry: xl/worksheets/sheet6.xml,https://www.sge.com.cn/sjzx/quotation_daily_new?start_date=2026-02-01&end_date=2026-02-28&inst_ids=Ag%28T%2BD%29&p=
WEB-0446,最终数据/最终数据/outputs/019f56e7-91fe-7a43-b1d0-ae50e45c9d0c/金银价格波动影响因素与时序数据_20260726.xlsx.inspect.ndjson,31180,plain_url,"{""kind"":""table"",""sheet"":""06_SGE原始日行情"",""address"":""A1:M1189"",""rows"":1189,""cols"":13,""values"":[[""date"",""contract"",""open"",""high"",""low"",""close"",""change_cny"",""change_pct"",""weighted_avg"",""volume_kg"",""turnover_cny"",""open_interest_lots"",""source_url""],[""2024-01-04T00:00:00.000Z"",""Ag(T+D)"",5910,5930,5851,5867,-113,-0.0189,5873,930034,5462494174,5208366,""https://www.sge.com.cn/sjzx/quotation_daily_new?start_date=2024-01-01&end_date=2024-01-31&inst_ids=Ag%28T%2BD%29&p=""],[""2024-01-04T00:00:00.000Z"",""Au99.99"",",https://www.sge.com.cn/sjzx/quotation_daily_new?start_date=2026-02-01&end_date=2026-02-28&inst_ids=Ag%28T%2BD%29&p=
WEB-0446,最终数据/最终数据/outputs/019f56e7-91fe-7a43-b1d0-ae50e45c9d0c/金银价格波动影响因素与时序数据_中文字段版_20260726.xlsx,xl/worksheets/sheet7.xml,xlsx_xml,XLSX entry: xl/worksheets/sheet7.xml,https://www.sge.com.cn/sjzx/quotation_daily_new?start_date=2026-02-01&end_date=2026-02-28&inst_ids=Ag%28T%2BD%29&p=
WEB-0446,最终数据/最终数据/outputs/019f56e7-91fe-7a43-b1d0-ae50e45c9d0c/金银价格波动影响因素与时序数据_中文字段版_20260726.xlsx.inspect.ndjson,31472,plain_url,"{""kind"":""table"",""sheet"":""06_SGE原始日行情"",""address"":""A1:M1189"",""rows"":1189,""cols"":13,""values"":[[""日期"",""合约代码"",""开盘价"",""最高价"",""最低价"",""收盘价"",""涨跌额（元）"",""涨跌幅"",""加权平均价"",""成交量（千克）"",""成交额（元）"",""持仓量（手）"",""来源网址""],[""2024-01-04T00:00:00.000Z"",""Ag(T+D)"",5910,5930,5851,5867,-113,-0.0189,5873,930034,5462494174,5208366,""https://www.sge.com.cn/sjzx/quotation_daily_new?start_date=2024-01-01&end_date=2024-01-31&inst_ids=Ag%28T%2BD%29&p=""],[""2024-01-04T00:00:00.000Z"",""Au99.99"",479,482,477,480.4,-1.09,-0.0023,480.05,24970.08,119869",https://www.sge.com.cn/sjzx/quotation_daily_new?start_date=2026-02-01&end_date=2026-02-28&inst_ids=Ag%28T%2BD%29&p=
WEB-0447,最终数据/最终数据/outputs/019f56e7-91fe-7a43-b1d0-ae50e45c9d0c/黄金价格传导链因素与时序数据_20260724.xlsx,xl/worksheets/sheet6.xml,xlsx_xml,XLSX entry: xl/worksheets/sheet6.xml,https://www.sge.com.cn/sjzx/quotation_daily_new?start_date=2026-02-01&end_date=2026-02-28&inst_ids=Au99.99&p=
WEB-0447,最终数据/最终数据/outputs/019f56e7-91fe-7a43-b1d0-ae50e45c9d0c/黄金价格传导链因素与时序数据_20260724.xlsx.inspect.ndjson,20945,plain_url,"{""kind"":""table"",""sheet"":""06_SGE原始日行情"",""address"":""A1:M1189"",""rows"":1189,""cols"":13,""values"":[[""date"",""contract"",""open"",""high"",""low"",""close"",""change_cny"",""change_pct"",""weighted_avg"",""volume_kg"",""turnover_cny"",""open_interest_lots"",""source_url""],[""2024-01-04T00:00:00.000Z"",""Ag(T+D)"",5910,5930,5851,5867,-113,-0.0189,5873,930034,5462494174,5208366,""https://www.sge.com.cn/sjzx/quotation_daily_new?start_date=2024-01-01&end_date=2024-01-31&inst_ids=Ag%28T%2BD%29&p=""],[""2024-01-04T00:00:00.000Z"",""Au99.99"",",https://www.sge.com.cn/sjzx/quotation_daily_new?start_date=2026-02-01&end_date=2026-02-28&inst_ids=Au99.99&p=
WEB-0447,最终数据/最终数据/outputs/019f56e7-91fe-7a43-b1d0-ae50e45c9d0c/金银价格波动影响因素与时序数据_20260726.xlsx,xl/worksheets/sheet6.xml,xlsx_xml,XLSX entry: xl/worksheets/sheet6.xml,https://www.sge.com.cn/sjzx/quotation_daily_new?start_date=2026-02-01&end_date=2026-02-28&inst_ids=Au99.99&p=
WEB-0447,最终数据/最终数据/outputs/019f56e7-91fe-7a43-b1d0-ae50e45c9d0c/金银价格波动影响因素与时序数据_20260726.xlsx.inspect.ndjson,31180,plain_url,"{""kind"":""table"",""sheet"":""06_SGE原始日行情"",""address"":""A1:M1189"",""rows"":1189,""cols"":13,""values"":[[""date"",""contract"",""open"",""high"",""low"",""close"",""change_cny"",""change_pct"",""weighted_avg"",""volume_kg"",""turnover_cny"",""open_interest_lots"",""source_url""],[""2024-01-04T00:00:00.000Z"",""Ag(T+D)"",5910,5930,5851,5867,-113,-0.0189,5873,930034,5462494174,5208366,""https://www.sge.com.cn/sjzx/quotation_daily_new?start_date=2024-01-01&end_date=2024-01-31&inst_ids=Ag%28T%2BD%29&p=""],[""2024-01-04T00:00:00.000Z"",""Au99.99"",",https://www.sge.com.cn/sjzx/quotation_daily_new?start_date=2026-02-01&end_date=2026-02-28&inst_ids=Au99.99&p=
WEB-0447,最终数据/最终数据/outputs/019f56e7-91fe-7a43-b1d0-ae50e45c9d0c/金银价格波动影响因素与时序数据_中文字段版_20260726.xlsx,xl/worksheets/sheet7.xml,xlsx_xml,XLSX entry: xl/worksheets/sheet7.xml,https://www.sge.com.cn/sjzx/quotation_daily_new?start_date=2026-02-01&end_date=2026-02-28&inst_ids=Au99.99&p=
WEB-0447,最终数据/最终数据/outputs/019f56e7-91fe-7a43-b1d0-ae50e45c9d0c/金银价格波动影响因素与时序数据_中文字段版_20260726.xlsx.inspect.ndjson,31472,plain_url,"{""kind"":""table"",""sheet"":""06_SGE原始日行情"",""address"":""A1:M1189"",""rows"":1189,""cols"":13,""values"":[[""日期"",""合约代码"",""开盘价"",""最高价"",""最低价"",""收盘价"",""涨跌额（元）"",""涨跌幅"",""加权平均价"",""成交量（千克）"",""成交额（元）"",""持仓量（手）"",""来源网址""],[""2024-01-04T00:00:00.000Z"",""Ag(T+D)"",5910,5930,5851,5867,-113,-0.0189,5873,930034,5462494174,5208366,""https://www.sge.com.cn/sjzx/quotation_daily_new?start_date=2024-01-01&end_date=2024-01-31&inst_ids=Ag%28T%2BD%29&p=""],[""2024-01-04T00:00:00.000Z"",""Au99.99"",479,482,477,480.4,-1.09,-0.0023,480.05,24970.08,119869",https://www.sge.com.cn/sjzx/quotation_daily_new?start_date=2026-02-01&end_date=2026-02-28&inst_ids=Au99.99&p=
WEB-0448,最终数据/最终数据/outputs/019f56e7-91fe-7a43-b1d0-ae50e45c9d0c/黄金价格传导链因素与时序数据_20260724.xlsx,xl/worksheets/sheet6.xml,xlsx_xml,XLSX entry: xl/worksheets/sheet6.xml,https://www.sge.com.cn/sjzx/quotation_daily_new?start_date=2026-03-01&end_date=2026-03-31&inst_ids=Ag%28T%2BD%29&p=
WEB-0448,最终数据/最终数据/outputs/019f56e7-91fe-7a43-b1d0-ae50e45c9d0c/黄金价格传导链因素与时序数据_20260724.xlsx.inspect.ndjson,20945,plain_url,"{""kind"":""table"",""sheet"":""06_SGE原始日行情"",""address"":""A1:M1189"",""rows"":1189,""cols"":13,""values"":[[""date"",""contract"",""open"",""high"",""low"",""close"",""change_cny"",""change_pct"",""weighted_avg"",""volume_kg"",""turnover_cny"",""open_interest_lots"",""source_url""],[""2024-01-04T00:00:00.000Z"",""Ag(T+D)"",5910,5930,5851,5867,-113,-0.0189,5873,930034,5462494174,5208366,""https://www.sge.com.cn/sjzx/quotation_daily_new?start_date=2024-01-01&end_date=2024-01-31&inst_ids=Ag%28T%2BD%29&p=""],[""2024-01-04T00:00:00.000Z"",""Au99.99"",",https://www.sge.com.cn/sjzx/quotation_daily_new?start_date=2026-03-01&end_date=2026-03-31&inst_ids=Ag%28T%2BD%29&p=
WEB-0448,最终数据/最终数据/outputs/019f56e7-91fe-7a43-b1d0-ae50e45c9d0c/金银价格波动影响因素与时序数据_20260726.xlsx,xl/worksheets/sheet6.xml,xlsx_xml,XLSX entry: xl/worksheets/sheet6.xml,https://www.sge.com.cn/sjzx/quotation_daily_new?start_date=2026-03-01&end_date=2026-03-31&inst_ids=Ag%28T%2BD%29&p=
WEB-0448,最终数据/最终数据/outputs/019f56e7-91fe-7a43-b1d0-ae50e45c9d0c/金银价格波动影响因素与时序数据_20260726.xlsx.inspect.ndjson,31180,plain_url,"{""kind"":""table"",""sheet"":""06_SGE原始日行情"",""address"":""A1:M1189"",""rows"":1189,""cols"":13,""values"":[[""date"",""contract"",""open"",""high"",""low"",""close"",""change_cny"",""change_pct"",""weighted_avg"",""volume_kg"",""turnover_cny"",""open_interest_lots"",""source_url""],[""2024-01-04T00:00:00.000Z"",""Ag(T+D)"",5910,5930,5851,5867,-113,-0.0189,5873,930034,5462494174,5208366,""https://www.sge.com.cn/sjzx/quotation_daily_new?start_date=2024-01-01&end_date=2024-01-31&inst_ids=Ag%28T%2BD%29&p=""],[""2024-01-04T00:00:00.000Z"",""Au99.99"",",https://www.sge.com.cn/sjzx/quotation_daily_new?start_date=2026-03-01&end_date=2026-03-31&inst_ids=Ag%28T%2BD%29&p=
WEB-0448,最终数据/最终数据/outputs/019f56e7-91fe-7a43-b1d0-ae50e45c9d0c/金银价格波动影响因素与时序数据_中文字段版_20260726.xlsx,xl/worksheets/sheet7.xml,xlsx_xml,XLSX entry: xl/worksheets/sheet7.xml,https://www.sge.com.cn/sjzx/quotation_daily_new?start_date=2026-03-01&end_date=2026-03-31&inst_ids=Ag%28T%2BD%29&p=
WEB-0448,最终数据/最终数据/outputs/019f56e7-91fe-7a43-b1d0-ae50e45c9d0c/金银价格波动影响因素与时序数据_中文字段版_20260726.xlsx.inspect.ndjson,31472,plain_url,"{""kind"":""table"",""sheet"":""06_SGE原始日行情"",""address"":""A1:M1189"",""rows"":1189,""cols"":13,""values"":[[""日期"",""合约代码"",""开盘价"",""最高价"",""最低价"",""收盘价"",""涨跌额（元）"",""涨跌幅"",""加权平均价"",""成交量（千克）"",""成交额（元）"",""持仓量（手）"",""来源网址""],[""2024-01-04T00:00:00.000Z"",""Ag(T+D)"",5910,5930,5851,5867,-113,-0.0189,5873,930034,5462494174,5208366,""https://www.sge.com.cn/sjzx/quotation_daily_new?start_date=2024-01-01&end_date=2024-01-31&inst_ids=Ag%28T%2BD%29&p=""],[""2024-01-04T00:00:00.000Z"",""Au99.99"",479,482,477,480.4,-1.09,-0.0023,480.05,24970.08,119869",https://www.sge.com.cn/sjzx/quotation_daily_new?start_date=2026-03-01&end_date=2026-03-31&inst_ids=Ag%28T%2BD%29&p=
WEB-0449,最终数据/最终数据/outputs/019f56e7-91fe-7a43-b1d0-ae50e45c9d0c/黄金价格传导链因素与时序数据_20260724.xlsx,xl/worksheets/sheet6.xml,xlsx_xml,XLSX entry: xl/worksheets/sheet6.xml,https://www.sge.com.cn/sjzx/quotation_daily_new?start_date=2026-03-01&end_date=2026-03-31&inst_ids=Au99.99&p=
WEB-0449,最终数据/最终数据/outputs/019f56e7-91fe-7a43-b1d0-ae50e45c9d0c/黄金价格传导链因素与时序数据_20260724.xlsx.inspect.ndjson,20945,plain_url,"{""kind"":""table"",""sheet"":""06_SGE原始日行情"",""address"":""A1:M1189"",""rows"":1189,""cols"":13,""values"":[[""date"",""contract"",""open"",""high"",""low"",""close"",""change_cny"",""change_pct"",""weighted_avg"",""volume_kg"",""turnover_cny"",""open_interest_lots"",""source_url""],[""2024-01-04T00:00:00.000Z"",""Ag(T+D)"",5910,5930,5851,5867,-113,-0.0189,5873,930034,5462494174,5208366,""https://www.sge.com.cn/sjzx/quotation_daily_new?start_date=2024-01-01&end_date=2024-01-31&inst_ids=Ag%28T%2BD%29&p=""],[""2024-01-04T00:00:00.000Z"",""Au99.99"",",https://www.sge.com.cn/sjzx/quotation_daily_new?start_date=2026-03-01&end_date=2026-03-31&inst_ids=Au99.99&p=
WEB-0449,最终数据/最终数据/outputs/019f56e7-91fe-7a43-b1d0-ae50e45c9d0c/金银价格波动影响因素与时序数据_20260726.xlsx,xl/worksheets/sheet6.xml,xlsx_xml,XLSX entry: xl/worksheets/sheet6.xml,https://www.sge.com.cn/sjzx/quotation_daily_new?start_date=2026-03-01&end_date=2026-03-31&inst_ids=Au99.99&p=
WEB-0449,最终数据/最终数据/outputs/019f56e7-91fe-7a43-b1d0-ae50e45c9d0c/金银价格波动影响因素与时序数据_20260726.xlsx.inspect.ndjson,31180,plain_url,"{""kind"":""table"",""sheet"":""06_SGE原始日行情"",""address"":""A1:M1189"",""rows"":1189,""cols"":13,""values"":[[""date"",""contract"",""open"",""high"",""low"",""close"",""change_cny"",""change_pct"",""weighted_avg"",""volume_kg"",""turnover_cny"",""open_interest_lots"",""source_url""],[""2024-01-04T00:00:00.000Z"",""Ag(T+D)"",5910,5930,5851,5867,-113,-0.0189,5873,930034,5462494174,5208366,""https://www.sge.com.cn/sjzx/quotation_daily_new?start_date=2024-01-01&end_date=2024-01-31&inst_ids=Ag%28T%2BD%29&p=""],[""2024-01-04T00:00:00.000Z"",""Au99.99"",",https://www.sge.com.cn/sjzx/quotation_daily_new?start_date=2026-03-01&end_date=2026-03-31&inst_ids=Au99.99&p=
WEB-0449,最终数据/最终数据/outputs/019f56e7-91fe-7a43-b1d0-ae50e45c9d0c/金银价格波动影响因素与时序数据_中文字段版_20260726.xlsx,xl/worksheets/sheet7.xml,xlsx_xml,XLSX entry: xl/worksheets/sheet7.xml,https://www.sge.com.cn/sjzx/quotation_daily_new?start_date=2026-03-01&end_date=2026-03-31&inst_ids=Au99.99&p=
WEB-0449,最终数据/最终数据/outputs/019f56e7-91fe-7a43-b1d0-ae50e45c9d0c/金银价格波动影响因素与时序数据_中文字段版_20260726.xlsx.inspect.ndjson,31472,plain_url,"{""kind"":""table"",""sheet"":""06_SGE原始日行情"",""address"":""A1:M1189"",""rows"":1189,""cols"":13,""values"":[[""日期"",""合约代码"",""开盘价"",""最高价"",""最低价"",""收盘价"",""涨跌额（元）"",""涨跌幅"",""加权平均价"",""成交量（千克）"",""成交额（元）"",""持仓量（手）"",""来源网址""],[""2024-01-04T00:00:00.000Z"",""Ag(T+D)"",5910,5930,5851,5867,-113,-0.0189,5873,930034,5462494174,5208366,""https://www.sge.com.cn/sjzx/quotation_daily_new?start_date=2024-01-01&end_date=2024-01-31&inst_ids=Ag%28T%2BD%29&p=""],[""2024-01-04T00:00:00.000Z"",""Au99.99"",479,482,477,480.4,-1.09,-0.0023,480.05,24970.08,119869",https://www.sge.com.cn/sjzx/quotation_daily_new?start_date=2026-03-01&end_date=2026-03-31&inst_ids=Au99.99&p=
WEB-0450,最终数据/最终数据/outputs/019f56e7-91fe-7a43-b1d0-ae50e45c9d0c/黄金价格传导链因素与时序数据_20260724.xlsx,xl/worksheets/sheet6.xml,xlsx_xml,XLSX entry: xl/worksheets/sheet6.xml,https://www.sge.com.cn/sjzx/quotation_daily_new?start_date=2026-04-01&end_date=2026-04-30&inst_ids=Ag%28T%2BD%29&p=
WEB-0450,最终数据/最终数据/outputs/019f56e7-91fe-7a43-b1d0-ae50e45c9d0c/黄金价格传导链因素与时序数据_20260724.xlsx.inspect.ndjson,20945,plain_url,"{""kind"":""table"",""sheet"":""06_SGE原始日行情"",""address"":""A1:M1189"",""rows"":1189,""cols"":13,""values"":[[""date"",""contract"",""open"",""high"",""low"",""close"",""change_cny"",""change_pct"",""weighted_avg"",""volume_kg"",""turnover_cny"",""open_interest_lots"",""source_url""],[""2024-01-04T00:00:00.000Z"",""Ag(T+D)"",5910,5930,5851,5867,-113,-0.0189,5873,930034,5462494174,5208366,""https://www.sge.com.cn/sjzx/quotation_daily_new?start_date=2024-01-01&end_date=2024-01-31&inst_ids=Ag%28T%2BD%29&p=""],[""2024-01-04T00:00:00.000Z"",""Au99.99"",",https://www.sge.com.cn/sjzx/quotation_daily_new?start_date=2026-04-01&end_date=2026-04-30&inst_ids=Ag%28T%2BD%29&p=
WEB-0450,最终数据/最终数据/outputs/019f56e7-91fe-7a43-b1d0-ae50e45c9d0c/金银价格波动影响因素与时序数据_20260726.xlsx,xl/worksheets/sheet6.xml,xlsx_xml,XLSX entry: xl/worksheets/sheet6.xml,https://www.sge.com.cn/sjzx/quotation_daily_new?start_date=2026-04-01&end_date=2026-04-30&inst_ids=Ag%28T%2BD%29&p=
WEB-0450,最终数据/最终数据/outputs/019f56e7-91fe-7a43-b1d0-ae50e45c9d0c/金银价格波动影响因素与时序数据_20260726.xlsx.inspect.ndjson,31180,plain_url,"{""kind"":""table"",""sheet"":""06_SGE原始日行情"",""address"":""A1:M1189"",""rows"":1189,""cols"":13,""values"":[[""date"",""contract"",""open"",""high"",""low"",""close"",""change_cny"",""change_pct"",""weighted_avg"",""volume_kg"",""turnover_cny"",""open_interest_lots"",""source_url""],[""2024-01-04T00:00:00.000Z"",""Ag(T+D)"",5910,5930,5851,5867,-113,-0.0189,5873,930034,5462494174,5208366,""https://www.sge.com.cn/sjzx/quotation_daily_new?start_date=2024-01-01&end_date=2024-01-31&inst_ids=Ag%28T%2BD%29&p=""],[""2024-01-04T00:00:00.000Z"",""Au99.99"",",https://www.sge.com.cn/sjzx/quotation_daily_new?start_date=2026-04-01&end_date=2026-04-30&inst_ids=Ag%28T%2BD%29&p=
WEB-0450,最终数据/最终数据/outputs/019f56e7-91fe-7a43-b1d0-ae50e45c9d0c/金银价格波动影响因素与时序数据_中文字段版_20260726.xlsx,xl/worksheets/sheet7.xml,xlsx_xml,XLSX entry: xl/worksheets/sheet7.xml,https://www.sge.com.cn/sjzx/quotation_daily_new?start_date=2026-04-01&end_date=2026-04-30&inst_ids=Ag%28T%2BD%29&p=
WEB-0450,最终数据/最终数据/outputs/019f56e7-91fe-7a43-b1d0-ae50e45c9d0c/金银价格波动影响因素与时序数据_中文字段版_20260726.xlsx.inspect.ndjson,31472,plain_url,"{""kind"":""table"",""sheet"":""06_SGE原始日行情"",""address"":""A1:M1189"",""rows"":1189,""cols"":13,""values"":[[""日期"",""合约代码"",""开盘价"",""最高价"",""最低价"",""收盘价"",""涨跌额（元）"",""涨跌幅"",""加权平均价"",""成交量（千克）"",""成交额（元）"",""持仓量（手）"",""来源网址""],[""2024-01-04T00:00:00.000Z"",""Ag(T+D)"",5910,5930,5851,5867,-113,-0.0189,5873,930034,5462494174,5208366,""https://www.sge.com.cn/sjzx/quotation_daily_new?start_date=2024-01-01&end_date=2024-01-31&inst_ids=Ag%28T%2BD%29&p=""],[""2024-01-04T00:00:00.000Z"",""Au99.99"",479,482,477,480.4,-1.09,-0.0023,480.05,24970.08,119869",https://www.sge.com.cn/sjzx/quotation_daily_new?start_date=2026-04-01&end_date=2026-04-30&inst_ids=Ag%28T%2BD%29&p=
WEB-0451,最终数据/最终数据/outputs/019f56e7-91fe-7a43-b1d0-ae50e45c9d0c/黄金价格传导链因素与时序数据_20260724.xlsx,xl/worksheets/sheet6.xml,xlsx_xml,XLSX entry: xl/worksheets/sheet6.xml,https://www.sge.com.cn/sjzx/quotation_daily_new?start_date=2026-04-01&end_date=2026-04-30&inst_ids=Au99.99&p=
WEB-0451,最终数据/最终数据/outputs/019f56e7-91fe-7a43-b1d0-ae50e45c9d0c/黄金价格传导链因素与时序数据_20260724.xlsx.inspect.ndjson,20945,plain_url,"{""kind"":""table"",""sheet"":""06_SGE原始日行情"",""address"":""A1:M1189"",""rows"":1189,""cols"":13,""values"":[[""date"",""contract"",""open"",""high"",""low"",""close"",""change_cny"",""change_pct"",""weighted_avg"",""volume_kg"",""turnover_cny"",""open_interest_lots"",""source_url""],[""2024-01-04T00:00:00.000Z"",""Ag(T+D)"",5910,5930,5851,5867,-113,-0.0189,5873,930034,5462494174,5208366,""https://www.sge.com.cn/sjzx/quotation_daily_new?start_date=2024-01-01&end_date=2024-01-31&inst_ids=Ag%28T%2BD%29&p=""],[""2024-01-04T00:00:00.000Z"",""Au99.99"",",https://www.sge.com.cn/sjzx/quotation_daily_new?start_date=2026-04-01&end_date=2026-04-30&inst_ids=Au99.99&p=
WEB-0451,最终数据/最终数据/outputs/019f56e7-91fe-7a43-b1d0-ae50e45c9d0c/金银价格波动影响因素与时序数据_20260726.xlsx,xl/worksheets/sheet6.xml,xlsx_xml,XLSX entry: xl/worksheets/sheet6.xml,https://www.sge.com.cn/sjzx/quotation_daily_new?start_date=2026-04-01&end_date=2026-04-30&inst_ids=Au99.99&p=
WEB-0451,最终数据/最终数据/outputs/019f56e7-91fe-7a43-b1d0-ae50e45c9d0c/金银价格波动影响因素与时序数据_20260726.xlsx.inspect.ndjson,31180,plain_url,"{""kind"":""table"",""sheet"":""06_SGE原始日行情"",""address"":""A1:M1189"",""rows"":1189,""cols"":13,""values"":[[""date"",""contract"",""open"",""high"",""low"",""close"",""change_cny"",""change_pct"",""weighted_avg"",""volume_kg"",""turnover_cny"",""open_interest_lots"",""source_url""],[""2024-01-04T00:00:00.000Z"",""Ag(T+D)"",5910,5930,5851,5867,-113,-0.0189,5873,930034,5462494174,5208366,""https://www.sge.com.cn/sjzx/quotation_daily_new?start_date=2024-01-01&end_date=2024-01-31&inst_ids=Ag%28T%2BD%29&p=""],[""2024-01-04T00:00:00.000Z"",""Au99.99"",",https://www.sge.com.cn/sjzx/quotation_daily_new?start_date=2026-04-01&end_date=2026-04-30&inst_ids=Au99.99&p=
WEB-0451,最终数据/最终数据/outputs/019f56e7-91fe-7a43-b1d0-ae50e45c9d0c/金银价格波动影响因素与时序数据_中文字段版_20260726.xlsx,xl/worksheets/sheet7.xml,xlsx_xml,XLSX entry: xl/worksheets/sheet7.xml,https://www.sge.com.cn/sjzx/quotation_daily_new?start_date=2026-04-01&end_date=2026-04-30&inst_ids=Au99.99&p=
WEB-0451,最终数据/最终数据/outputs/019f56e7-91fe-7a43-b1d0-ae50e45c9d0c/金银价格波动影响因素与时序数据_中文字段版_20260726.xlsx.inspect.ndjson,31472,plain_url,"{""kind"":""table"",""sheet"":""06_SGE原始日行情"",""address"":""A1:M1189"",""rows"":1189,""cols"":13,""values"":[[""日期"",""合约代码"",""开盘价"",""最高价"",""最低价"",""收盘价"",""涨跌额（元）"",""涨跌幅"",""加权平均价"",""成交量（千克）"",""成交额（元）"",""持仓量（手）"",""来源网址""],[""2024-01-04T00:00:00.000Z"",""Ag(T+D)"",5910,5930,5851,5867,-113,-0.0189,5873,930034,5462494174,5208366,""https://www.sge.com.cn/sjzx/quotation_daily_new?start_date=2024-01-01&end_date=2024-01-31&inst_ids=Ag%28T%2BD%29&p=""],[""2024-01-04T00:00:00.000Z"",""Au99.99"",479,482,477,480.4,-1.09,-0.0023,480.05,24970.08,119869",https://www.sge.com.cn/sjzx/quotation_daily_new?start_date=2026-04-01&end_date=2026-04-30&inst_ids=Au99.99&p=
WEB-0452,最终数据/最终数据/outputs/019f56e7-91fe-7a43-b1d0-ae50e45c9d0c/黄金价格传导链因素与时序数据_20260724.xlsx,xl/worksheets/sheet6.xml,xlsx_xml,XLSX entry: xl/worksheets/sheet6.xml,https://www.sge.com.cn/sjzx/quotation_daily_new?start_date=2026-05-01&end_date=2026-05-31&inst_ids=Ag%28T%2BD%29&p=
WEB-0452,最终数据/最终数据/outputs/019f56e7-91fe-7a43-b1d0-ae50e45c9d0c/黄金价格传导链因素与时序数据_20260724.xlsx.inspect.ndjson,20945,plain_url,"{""kind"":""table"",""sheet"":""06_SGE原始日行情"",""address"":""A1:M1189"",""rows"":1189,""cols"":13,""values"":[[""date"",""contract"",""open"",""high"",""low"",""close"",""change_cny"",""change_pct"",""weighted_avg"",""volume_kg"",""turnover_cny"",""open_interest_lots"",""source_url""],[""2024-01-04T00:00:00.000Z"",""Ag(T+D)"",5910,5930,5851,5867,-113,-0.0189,5873,930034,5462494174,5208366,""https://www.sge.com.cn/sjzx/quotation_daily_new?start_date=2024-01-01&end_date=2024-01-31&inst_ids=Ag%28T%2BD%29&p=""],[""2024-01-04T00:00:00.000Z"",""Au99.99"",",https://www.sge.com.cn/sjzx/quotation_daily_new?start_date=2026-05-01&end_date=2026-05-31&inst_ids=Ag%28T%2BD%29&p=
WEB-0452,最终数据/最终数据/outputs/019f56e7-91fe-7a43-b1d0-ae50e45c9d0c/金银价格波动影响因素与时序数据_20260726.xlsx,xl/worksheets/sheet6.xml,xlsx_xml,XLSX entry: xl/worksheets/sheet6.xml,https://www.sge.com.cn/sjzx/quotation_daily_new?start_date=2026-05-01&end_date=2026-05-31&inst_ids=Ag%28T%2BD%29&p=
WEB-0452,最终数据/最终数据/outputs/019f56e7-91fe-7a43-b1d0-ae50e45c9d0c/金银价格波动影响因素与时序数据_20260726.xlsx.inspect.ndjson,31180,plain_url,"{""kind"":""table"",""sheet"":""06_SGE原始日行情"",""address"":""A1:M1189"",""rows"":1189,""cols"":13,""values"":[[""date"",""contract"",""open"",""high"",""low"",""close"",""change_cny"",""change_pct"",""weighted_avg"",""volume_kg"",""turnover_cny"",""open_interest_lots"",""source_url""],[""2024-01-04T00:00:00.000Z"",""Ag(T+D)"",5910,5930,5851,5867,-113,-0.0189,5873,930034,5462494174,5208366,""https://www.sge.com.cn/sjzx/quotation_daily_new?start_date=2024-01-01&end_date=2024-01-31&inst_ids=Ag%28T%2BD%29&p=""],[""2024-01-04T00:00:00.000Z"",""Au99.99"",",https://www.sge.com.cn/sjzx/quotation_daily_new?start_date=2026-05-01&end_date=2026-05-31&inst_ids=Ag%28T%2BD%29&p=
WEB-0452,最终数据/最终数据/outputs/019f56e7-91fe-7a43-b1d0-ae50e45c9d0c/金银价格波动影响因素与时序数据_中文字段版_20260726.xlsx,xl/worksheets/sheet7.xml,xlsx_xml,XLSX entry: xl/worksheets/sheet7.xml,https://www.sge.com.cn/sjzx/quotation_daily_new?start_date=2026-05-01&end_date=2026-05-31&inst_ids=Ag%28T%2BD%29&p=
WEB-0452,最终数据/最终数据/outputs/019f56e7-91fe-7a43-b1d0-ae50e45c9d0c/金银价格波动影响因素与时序数据_中文字段版_20260726.xlsx.inspect.ndjson,31472,plain_url,"{""kind"":""table"",""sheet"":""06_SGE原始日行情"",""address"":""A1:M1189"",""rows"":1189,""cols"":13,""values"":[[""日期"",""合约代码"",""开盘价"",""最高价"",""最低价"",""收盘价"",""涨跌额（元）"",""涨跌幅"",""加权平均价"",""成交量（千克）"",""成交额（元）"",""持仓量（手）"",""来源网址""],[""2024-01-04T00:00:00.000Z"",""Ag(T+D)"",5910,5930,5851,5867,-113,-0.0189,5873,930034,5462494174,5208366,""https://www.sge.com.cn/sjzx/quotation_daily_new?start_date=2024-01-01&end_date=2024-01-31&inst_ids=Ag%28T%2BD%29&p=""],[""2024-01-04T00:00:00.000Z"",""Au99.99"",479,482,477,480.4,-1.09,-0.0023,480.05,24970.08,119869",https://www.sge.com.cn/sjzx/quotation_daily_new?start_date=2026-05-01&end_date=2026-05-31&inst_ids=Ag%28T%2BD%29&p=
WEB-0453,最终数据/最终数据/outputs/019f56e7-91fe-7a43-b1d0-ae50e45c9d0c/黄金价格传导链因素与时序数据_20260724.xlsx,xl/worksheets/sheet6.xml,xlsx_xml,XLSX entry: xl/worksheets/sheet6.xml,https://www.sge.com.cn/sjzx/quotation_daily_new?start_date=2026-05-01&end_date=2026-05-31&inst_ids=Au99.99&p=
WEB-0453,最终数据/最终数据/outputs/019f56e7-91fe-7a43-b1d0-ae50e45c9d0c/黄金价格传导链因素与时序数据_20260724.xlsx.inspect.ndjson,20945,plain_url,"{""kind"":""table"",""sheet"":""06_SGE原始日行情"",""address"":""A1:M1189"",""rows"":1189,""cols"":13,""values"":[[""date"",""contract"",""open"",""high"",""low"",""close"",""change_cny"",""change_pct"",""weighted_avg"",""volume_kg"",""turnover_cny"",""open_interest_lots"",""source_url""],[""2024-01-04T00:00:00.000Z"",""Ag(T+D)"",5910,5930,5851,5867,-113,-0.0189,5873,930034,5462494174,5208366,""https://www.sge.com.cn/sjzx/quotation_daily_new?start_date=2024-01-01&end_date=2024-01-31&inst_ids=Ag%28T%2BD%29&p=""],[""2024-01-04T00:00:00.000Z"",""Au99.99"",",https://www.sge.com.cn/sjzx/quotation_daily_new?start_date=2026-05-01&end_date=2026-05-31&inst_ids=Au99.99&p=
WEB-0453,最终数据/最终数据/outputs/019f56e7-91fe-7a43-b1d0-ae50e45c9d0c/金银价格波动影响因素与时序数据_20260726.xlsx,xl/worksheets/sheet6.xml,xlsx_xml,XLSX entry: xl/worksheets/sheet6.xml,https://www.sge.com.cn/sjzx/quotation_daily_new?start_date=2026-05-01&end_date=2026-05-31&inst_ids=Au99.99&p=
WEB-0453,最终数据/最终数据/outputs/019f56e7-91fe-7a43-b1d0-ae50e45c9d0c/金银价格波动影响因素与时序数据_20260726.xlsx.inspect.ndjson,31180,plain_url,"{""kind"":""table"",""sheet"":""06_SGE原始日行情"",""address"":""A1:M1189"",""rows"":1189,""cols"":13,""values"":[[""date"",""contract"",""open"",""high"",""low"",""close"",""change_cny"",""change_pct"",""weighted_avg"",""volume_kg"",""turnover_cny"",""open_interest_lots"",""source_url""],[""2024-01-04T00:00:00.000Z"",""Ag(T+D)"",5910,5930,5851,5867,-113,-0.0189,5873,930034,5462494174,5208366,""https://www.sge.com.cn/sjzx/quotation_daily_new?start_date=2024-01-01&end_date=2024-01-31&inst_ids=Ag%28T%2BD%29&p=""],[""2024-01-04T00:00:00.000Z"",""Au99.99"",",https://www.sge.com.cn/sjzx/quotation_daily_new?start_date=2026-05-01&end_date=2026-05-31&inst_ids=Au99.99&p=
WEB-0453,最终数据/最终数据/outputs/019f56e7-91fe-7a43-b1d0-ae50e45c9d0c/金银价格波动影响因素与时序数据_中文字段版_20260726.xlsx,xl/worksheets/sheet7.xml,xlsx_xml,XLSX entry: xl/worksheets/sheet7.xml,https://www.sge.com.cn/sjzx/quotation_daily_new?start_date=2026-05-01&end_date=2026-05-31&inst_ids=Au99.99&p=
WEB-0453,最终数据/最终数据/outputs/019f56e7-91fe-7a43-b1d0-ae50e45c9d0c/金银价格波动影响因素与时序数据_中文字段版_20260726.xlsx.inspect.ndjson,31472,plain_url,"{""kind"":""table"",""sheet"":""06_SGE原始日行情"",""address"":""A1:M1189"",""rows"":1189,""cols"":13,""values"":[[""日期"",""合约代码"",""开盘价"",""最高价"",""最低价"",""收盘价"",""涨跌额（元）"",""涨跌幅"",""加权平均价"",""成交量（千克）"",""成交额（元）"",""持仓量（手）"",""来源网址""],[""2024-01-04T00:00:00.000Z"",""Ag(T+D)"",5910,5930,5851,5867,-113,-0.0189,5873,930034,5462494174,5208366,""https://www.sge.com.cn/sjzx/quotation_daily_new?start_date=2024-01-01&end_date=2024-01-31&inst_ids=Ag%28T%2BD%29&p=""],[""2024-01-04T00:00:00.000Z"",""Au99.99"",479,482,477,480.4,-1.09,-0.0023,480.05,24970.08,119869",https://www.sge.com.cn/sjzx/quotation_daily_new?start_date=2026-05-01&end_date=2026-05-31&inst_ids=Au99.99&p=
WEB-0454,最终数据/最终数据/outputs/019f56e7-91fe-7a43-b1d0-ae50e45c9d0c/黄金价格传导链因素与时序数据_20260724.xlsx,xl/worksheets/sheet6.xml,xlsx_xml,XLSX entry: xl/worksheets/sheet6.xml,https://www.sge.com.cn/sjzx/quotation_daily_new?start_date=2026-06-01&end_date=2026-06-30&inst_ids=Ag%28T%2BD%29&p=
WEB-0454,最终数据/最终数据/outputs/019f56e7-91fe-7a43-b1d0-ae50e45c9d0c/黄金价格传导链因素与时序数据_20260724.xlsx.inspect.ndjson,20945,plain_url,"{""kind"":""table"",""sheet"":""06_SGE原始日行情"",""address"":""A1:M1189"",""rows"":1189,""cols"":13,""values"":[[""date"",""contract"",""open"",""high"",""low"",""close"",""change_cny"",""change_pct"",""weighted_avg"",""volume_kg"",""turnover_cny"",""open_interest_lots"",""source_url""],[""2024-01-04T00:00:00.000Z"",""Ag(T+D)"",5910,5930,5851,5867,-113,-0.0189,5873,930034,5462494174,5208366,""https://www.sge.com.cn/sjzx/quotation_daily_new?start_date=2024-01-01&end_date=2024-01-31&inst_ids=Ag%28T%2BD%29&p=""],[""2024-01-04T00:00:00.000Z"",""Au99.99"",",https://www.sge.com.cn/sjzx/quotation_daily_new?start_date=2026-06-01&end_date=2026-06-30&inst_ids=Ag%28T%2BD%29&p=
WEB-0454,最终数据/最终数据/outputs/019f56e7-91fe-7a43-b1d0-ae50e45c9d0c/金银价格波动影响因素与时序数据_20260726.xlsx,xl/worksheets/sheet6.xml,xlsx_xml,XLSX entry: xl/worksheets/sheet6.xml,https://www.sge.com.cn/sjzx/quotation_daily_new?start_date=2026-06-01&end_date=2026-06-30&inst_ids=Ag%28T%2BD%29&p=
WEB-0454,最终数据/最终数据/outputs/019f56e7-91fe-7a43-b1d0-ae50e45c9d0c/金银价格波动影响因素与时序数据_20260726.xlsx.inspect.ndjson,31180,plain_url,"{""kind"":""table"",""sheet"":""06_SGE原始日行情"",""address"":""A1:M1189"",""rows"":1189,""cols"":13,""values"":[[""date"",""contract"",""open"",""high"",""low"",""close"",""change_cny"",""change_pct"",""weighted_avg"",""volume_kg"",""turnover_cny"",""open_interest_lots"",""source_url""],[""2024-01-04T00:00:00.000Z"",""Ag(T+D)"",5910,5930,5851,5867,-113,-0.0189,5873,930034,5462494174,5208366,""https://www.sge.com.cn/sjzx/quotation_daily_new?start_date=2024-01-01&end_date=2024-01-31&inst_ids=Ag%28T%2BD%29&p=""],[""2024-01-04T00:00:00.000Z"",""Au99.99"",",https://www.sge.com.cn/sjzx/quotation_daily_new?start_date=2026-06-01&end_date=2026-06-30&inst_ids=Ag%28T%2BD%29&p=
WEB-0454,最终数据/最终数据/outputs/019f56e7-91fe-7a43-b1d0-ae50e45c9d0c/金银价格波动影响因素与时序数据_中文字段版_20260726.xlsx,xl/worksheets/sheet7.xml,xlsx_xml,XLSX entry: xl/worksheets/sheet7.xml,https://www.sge.com.cn/sjzx/quotation_daily_new?start_date=2026-06-01&end_date=2026-06-30&inst_ids=Ag%28T%2BD%29&p=
WEB-0454,最终数据/最终数据/outputs/019f56e7-91fe-7a43-b1d0-ae50e45c9d0c/金银价格波动影响因素与时序数据_中文字段版_20260726.xlsx.inspect.ndjson,31472,plain_url,"{""kind"":""table"",""sheet"":""06_SGE原始日行情"",""address"":""A1:M1189"",""rows"":1189,""cols"":13,""values"":[[""日期"",""合约代码"",""开盘价"",""最高价"",""最低价"",""收盘价"",""涨跌额（元）"",""涨跌幅"",""加权平均价"",""成交量（千克）"",""成交额（元）"",""持仓量（手）"",""来源网址""],[""2024-01-04T00:00:00.000Z"",""Ag(T+D)"",5910,5930,5851,5867,-113,-0.0189,5873,930034,5462494174,5208366,""https://www.sge.com.cn/sjzx/quotation_daily_new?start_date=2024-01-01&end_date=2024-01-31&inst_ids=Ag%28T%2BD%29&p=""],[""2024-01-04T00:00:00.000Z"",""Au99.99"",479,482,477,480.4,-1.09,-0.0023,480.05,24970.08,119869",https://www.sge.com.cn/sjzx/quotation_daily_new?start_date=2026-06-01&end_date=2026-06-30&inst_ids=Ag%28T%2BD%29&p=
WEB-0455,最终数据/最终数据/outputs/019f56e7-91fe-7a43-b1d0-ae50e45c9d0c/黄金价格传导链因素与时序数据_20260724.xlsx,xl/worksheets/sheet6.xml,xlsx_xml,XLSX entry: xl/worksheets/sheet6.xml,https://www.sge.com.cn/sjzx/quotation_daily_new?start_date=2026-06-01&end_date=2026-06-30&inst_ids=Au99.99&p=
WEB-0455,最终数据/最终数据/outputs/019f56e7-91fe-7a43-b1d0-ae50e45c9d0c/黄金价格传导链因素与时序数据_20260724.xlsx.inspect.ndjson,20945,plain_url,"{""kind"":""table"",""sheet"":""06_SGE原始日行情"",""address"":""A1:M1189"",""rows"":1189,""cols"":13,""values"":[[""date"",""contract"",""open"",""high"",""low"",""close"",""change_cny"",""change_pct"",""weighted_avg"",""volume_kg"",""turnover_cny"",""open_interest_lots"",""source_url""],[""2024-01-04T00:00:00.000Z"",""Ag(T+D)"",5910,5930,5851,5867,-113,-0.0189,5873,930034,5462494174,5208366,""https://www.sge.com.cn/sjzx/quotation_daily_new?start_date=2024-01-01&end_date=2024-01-31&inst_ids=Ag%28T%2BD%29&p=""],[""2024-01-04T00:00:00.000Z"",""Au99.99"",",https://www.sge.com.cn/sjzx/quotation_daily_new?start_date=2026-06-01&end_date=2026-06-30&inst_ids=Au99.99&p=
WEB-0455,最终数据/最终数据/outputs/019f56e7-91fe-7a43-b1d0-ae50e45c9d0c/金银价格波动影响因素与时序数据_20260726.xlsx,xl/worksheets/sheet6.xml,xlsx_xml,XLSX entry: xl/worksheets/sheet6.xml,https://www.sge.com.cn/sjzx/quotation_daily_new?start_date=2026-06-01&end_date=2026-06-30&inst_ids=Au99.99&p=
WEB-0455,最终数据/最终数据/outputs/019f56e7-91fe-7a43-b1d0-ae50e45c9d0c/金银价格波动影响因素与时序数据_20260726.xlsx.inspect.ndjson,31180,plain_url,"{""kind"":""table"",""sheet"":""06_SGE原始日行情"",""address"":""A1:M1189"",""rows"":1189,""cols"":13,""values"":[[""date"",""contract"",""open"",""high"",""low"",""close"",""change_cny"",""change_pct"",""weighted_avg"",""volume_kg"",""turnover_cny"",""open_interest_lots"",""source_url""],[""2024-01-04T00:00:00.000Z"",""Ag(T+D)"",5910,5930,5851,5867,-113,-0.0189,5873,930034,5462494174,5208366,""https://www.sge.com.cn/sjzx/quotation_daily_new?start_date=2024-01-01&end_date=2024-01-31&inst_ids=Ag%28T%2BD%29&p=""],[""2024-01-04T00:00:00.000Z"",""Au99.99"",",https://www.sge.com.cn/sjzx/quotation_daily_new?start_date=2026-06-01&end_date=2026-06-30&inst_ids=Au99.99&p=
WEB-0455,最终数据/最终数据/outputs/019f56e7-91fe-7a43-b1d0-ae50e45c9d0c/金银价格波动影响因素与时序数据_中文字段版_20260726.xlsx,xl/worksheets/sheet7.xml,xlsx_xml,XLSX entry: xl/worksheets/sheet7.xml,https://www.sge.com.cn/sjzx/quotation_daily_new?start_date=2026-06-01&end_date=2026-06-30&inst_ids=Au99.99&p=
WEB-0455,最终数据/最终数据/outputs/019f56e7-91fe-7a43-b1d0-ae50e45c9d0c/金银价格波动影响因素与时序数据_中文字段版_20260726.xlsx.inspect.ndjson,31472,plain_url,"{""kind"":""table"",""sheet"":""06_SGE原始日行情"",""address"":""A1:M1189"",""rows"":1189,""cols"":13,""values"":[[""日期"",""合约代码"",""开盘价"",""最高价"",""最低价"",""收盘价"",""涨跌额（元）"",""涨跌幅"",""加权平均价"",""成交量（千克）"",""成交额（元）"",""持仓量（手）"",""来源网址""],[""2024-01-04T00:00:00.000Z"",""Ag(T+D)"",5910,5930,5851,5867,-113,-0.0189,5873,930034,5462494174,5208366,""https://www.sge.com.cn/sjzx/quotation_daily_new?start_date=2024-01-01&end_date=2024-01-31&inst_ids=Ag%28T%2BD%29&p=""],[""2024-01-04T00:00:00.000Z"",""Au99.99"",479,482,477,480.4,-1.09,-0.0023,480.05,24970.08,119869",https://www.sge.com.cn/sjzx/quotation_daily_new?start_date=2026-06-01&end_date=2026-06-30&inst_ids=Au99.99&p=
WEB-0456,最终数据/最终数据/outputs/019f56e7-91fe-7a43-b1d0-ae50e45c9d0c/黄金价格传导链因素与时序数据_20260724.xlsx,xl/worksheets/sheet6.xml,xlsx_xml,XLSX entry: xl/worksheets/sheet6.xml,https://www.sge.com.cn/sjzx/quotation_daily_new?start_date=2026-07-01&end_date=2026-07-24&inst_ids=Ag%28T%2BD%29&p=
WEB-0456,最终数据/最终数据/outputs/019f56e7-91fe-7a43-b1d0-ae50e45c9d0c/黄金价格传导链因素与时序数据_20260724.xlsx.inspect.ndjson,20945,plain_url,"{""kind"":""table"",""sheet"":""06_SGE原始日行情"",""address"":""A1:M1189"",""rows"":1189,""cols"":13,""values"":[[""date"",""contract"",""open"",""high"",""low"",""close"",""change_cny"",""change_pct"",""weighted_avg"",""volume_kg"",""turnover_cny"",""open_interest_lots"",""source_url""],[""2024-01-04T00:00:00.000Z"",""Ag(T+D)"",5910,5930,5851,5867,-113,-0.0189,5873,930034,5462494174,5208366,""https://www.sge.com.cn/sjzx/quotation_daily_new?start_date=2024-01-01&end_date=2024-01-31&inst_ids=Ag%28T%2BD%29&p=""],[""2024-01-04T00:00:00.000Z"",""Au99.99"",",https://www.sge.com.cn/sjzx/quotation_daily_new?start_date=2026-07-01&end_date=2026-07-24&inst_ids=Ag%28T%2BD%29&p=
WEB-0456,最终数据/最终数据/outputs/019f56e7-91fe-7a43-b1d0-ae50e45c9d0c/金银价格波动影响因素与时序数据_20260726.xlsx,xl/worksheets/sheet6.xml,xlsx_xml,XLSX entry: xl/worksheets/sheet6.xml,https://www.sge.com.cn/sjzx/quotation_daily_new?start_date=2026-07-01&end_date=2026-07-24&inst_ids=Ag%28T%2BD%29&p=
WEB-0456,最终数据/最终数据/outputs/019f56e7-91fe-7a43-b1d0-ae50e45c9d0c/金银价格波动影响因素与时序数据_20260726.xlsx.inspect.ndjson,31180,plain_url,"{""kind"":""table"",""sheet"":""06_SGE原始日行情"",""address"":""A1:M1189"",""rows"":1189,""cols"":13,""values"":[[""date"",""contract"",""open"",""high"",""low"",""close"",""change_cny"",""change_pct"",""weighted_avg"",""volume_kg"",""turnover_cny"",""open_interest_lots"",""source_url""],[""2024-01-04T00:00:00.000Z"",""Ag(T+D)"",5910,5930,5851,5867,-113,-0.0189,5873,930034,5462494174,5208366,""https://www.sge.com.cn/sjzx/quotation_daily_new?start_date=2024-01-01&end_date=2024-01-31&inst_ids=Ag%28T%2BD%29&p=""],[""2024-01-04T00:00:00.000Z"",""Au99.99"",",https://www.sge.com.cn/sjzx/quotation_daily_new?start_date=2026-07-01&end_date=2026-07-24&inst_ids=Ag%28T%2BD%29&p=
WEB-0456,最终数据/最终数据/outputs/019f56e7-91fe-7a43-b1d0-ae50e45c9d0c/金银价格波动影响因素与时序数据_中文字段版_20260726.xlsx,xl/worksheets/sheet7.xml,xlsx_xml,XLSX entry: xl/worksheets/sheet7.xml,https://www.sge.com.cn/sjzx/quotation_daily_new?start_date=2026-07-01&end_date=2026-07-24&inst_ids=Ag%28T%2BD%29&p=
WEB-0456,最终数据/最终数据/outputs/019f56e7-91fe-7a43-b1d0-ae50e45c9d0c/金银价格波动影响因素与时序数据_中文字段版_20260726.xlsx.inspect.ndjson,31472,plain_url,"{""kind"":""table"",""sheet"":""06_SGE原始日行情"",""address"":""A1:M1189"",""rows"":1189,""cols"":13,""values"":[[""日期"",""合约代码"",""开盘价"",""最高价"",""最低价"",""收盘价"",""涨跌额（元）"",""涨跌幅"",""加权平均价"",""成交量（千克）"",""成交额（元）"",""持仓量（手）"",""来源网址""],[""2024-01-04T00:00:00.000Z"",""Ag(T+D)"",5910,5930,5851,5867,-113,-0.0189,5873,930034,5462494174,5208366,""https://www.sge.com.cn/sjzx/quotation_daily_new?start_date=2024-01-01&end_date=2024-01-31&inst_ids=Ag%28T%2BD%29&p=""],[""2024-01-04T00:00:00.000Z"",""Au99.99"",479,482,477,480.4,-1.09,-0.0023,480.05,24970.08,119869",https://www.sge.com.cn/sjzx/quotation_daily_new?start_date=2026-07-01&end_date=2026-07-24&inst_ids=Ag%28T%2BD%29&p=
WEB-0457,最终数据/最终数据/outputs/019f56e7-91fe-7a43-b1d0-ae50e45c9d0c/黄金价格传导链因素与时序数据_20260724.xlsx,xl/worksheets/sheet6.xml,xlsx_xml,XLSX entry: xl/worksheets/sheet6.xml,https://www.sge.com.cn/sjzx/quotation_daily_new?start_date=2026-07-01&end_date=2026-07-24&inst_ids=Au99.99&p=
WEB-0457,最终数据/最终数据/outputs/019f56e7-91fe-7a43-b1d0-ae50e45c9d0c/黄金价格传导链因素与时序数据_20260724.xlsx.inspect.ndjson,20945,plain_url,"{""kind"":""table"",""sheet"":""06_SGE原始日行情"",""address"":""A1:M1189"",""rows"":1189,""cols"":13,""values"":[[""date"",""contract"",""open"",""high"",""low"",""close"",""change_cny"",""change_pct"",""weighted_avg"",""volume_kg"",""turnover_cny"",""open_interest_lots"",""source_url""],[""2024-01-04T00:00:00.000Z"",""Ag(T+D)"",5910,5930,5851,5867,-113,-0.0189,5873,930034,5462494174,5208366,""https://www.sge.com.cn/sjzx/quotation_daily_new?start_date=2024-01-01&end_date=2024-01-31&inst_ids=Ag%28T%2BD%29&p=""],[""2024-01-04T00:00:00.000Z"",""Au99.99"",",https://www.sge.com.cn/sjzx/quotation_daily_new?start_date=2026-07-01&end_date=2026-07-24&inst_ids=Au99.99&p=
WEB-0457,最终数据/最终数据/outputs/019f56e7-91fe-7a43-b1d0-ae50e45c9d0c/金银价格波动影响因素与时序数据_20260726.xlsx,xl/worksheets/sheet6.xml,xlsx_xml,XLSX entry: xl/worksheets/sheet6.xml,https://www.sge.com.cn/sjzx/quotation_daily_new?start_date=2026-07-01&end_date=2026-07-24&inst_ids=Au99.99&p=
WEB-0457,最终数据/最终数据/outputs/019f56e7-91fe-7a43-b1d0-ae50e45c9d0c/金银价格波动影响因素与时序数据_20260726.xlsx.inspect.ndjson,31180,plain_url,"{""kind"":""table"",""sheet"":""06_SGE原始日行情"",""address"":""A1:M1189"",""rows"":1189,""cols"":13,""values"":[[""date"",""contract"",""open"",""high"",""low"",""close"",""change_cny"",""change_pct"",""weighted_avg"",""volume_kg"",""turnover_cny"",""open_interest_lots"",""source_url""],[""2024-01-04T00:00:00.000Z"",""Ag(T+D)"",5910,5930,5851,5867,-113,-0.0189,5873,930034,5462494174,5208366,""https://www.sge.com.cn/sjzx/quotation_daily_new?start_date=2024-01-01&end_date=2024-01-31&inst_ids=Ag%28T%2BD%29&p=""],[""2024-01-04T00:00:00.000Z"",""Au99.99"",",https://www.sge.com.cn/sjzx/quotation_daily_new?start_date=2026-07-01&end_date=2026-07-24&inst_ids=Au99.99&p=
WEB-0457,最终数据/最终数据/outputs/019f56e7-91fe-7a43-b1d0-ae50e45c9d0c/金银价格波动影响因素与时序数据_中文字段版_20260726.xlsx,xl/worksheets/sheet7.xml,xlsx_xml,XLSX entry: xl/worksheets/sheet7.xml,https://www.sge.com.cn/sjzx/quotation_daily_new?start_date=2026-07-01&end_date=2026-07-24&inst_ids=Au99.99&p=
WEB-0457,最终数据/最终数据/outputs/019f56e7-91fe-7a43-b1d0-ae50e45c9d0c/金银价格波动影响因素与时序数据_中文字段版_20260726.xlsx.inspect.ndjson,31472,plain_url,"{""kind"":""table"",""sheet"":""06_SGE原始日行情"",""address"":""A1:M1189"",""rows"":1189,""cols"":13,""values"":[[""日期"",""合约代码"",""开盘价"",""最高价"",""最低价"",""收盘价"",""涨跌额（元）"",""涨跌幅"",""加权平均价"",""成交量（千克）"",""成交额（元）"",""持仓量（手）"",""来源网址""],[""2024-01-04T00:00:00.000Z"",""Ag(T+D)"",5910,5930,5851,5867,-113,-0.0189,5873,930034,5462494174,5208366,""https://www.sge.com.cn/sjzx/quotation_daily_new?start_date=2024-01-01&end_date=2024-01-31&inst_ids=Ag%28T%2BD%29&p=""],[""2024-01-04T00:00:00.000Z"",""Au99.99"",479,482,477,480.4,-1.09,-0.0023,480.05,24970.08,119869",https://www.sge.com.cn/sjzx/quotation_daily_new?start_date=2026-07-01&end_date=2026-07-24&inst_ids=Au99.99&p=
WEB-0458,案例库/宏观危机篇/11_2013黄金暴跌（反面案例）/案例档案.md,59,plain_url,6. 上海期货交易所，2013年12月，《美联储QE决策的时间纵向分析及对金价的影响》——2013年12月18日美联储宣布缩减购债：<https://www.shfe.com.cn/upload/20140423/1398233496388.pdf>,https://www.shfe.com.cn/upload/20140423/1398233496388.pdf
WEB-0459,企业资产配置调研报告.md,135,markdown_link,"- **质押/租借盘活**：人民银行《黄金租借业务管理暂行办法》（银办发〔2022〕88 号）：银行向非金融机构借出黄金仅限""涉金企业""；普通企业可作为质押方/借出方。黄金质押融资业务商业银行自 2000 年左右已开展。（[人民银行，2022](http://www.pbc.gov.cn/tiaofasi/144941/3581332/4600134/index.html)；[上期所研究报告](https://www.shfe.com.cn/upload/20201104/1604460652453.pdf)）",https://www.shfe.com.cn/upload/20201104/1604460652453.pdf
WEB-0459,企业资产配置调研报告.md,135,plain_url,"- **质押/租借盘活**：人民银行《黄金租借业务管理暂行办法》（银办发〔2022〕88 号）：银行向非金融机构借出黄金仅限""涉金企业""；普通企业可作为质押方/借出方。黄金质押融资业务商业银行自 2000 年左右已开展。（[人民银行，2022](http://www.pbc.gov.cn/tiaofasi/144941/3581332/4600134/index.html)；[上期所研究报告](https://www.shfe.com.cn/upload/20201104/1604460652453.pdf)）",https://www.shfe.com.cn/upload/20201104/1604460652453.pdf
WEB-0460,企业资产配置调研报告.md,141,markdown_link,- **反面证据（须客观呈现）**：黄金与通胀长期相关系数仅约 0.16，短中期对冲不稳定；2015–2025 年年化约 13% 属历史异常区间，约 80% 涨幅集中在 20% 的时间内。（[Research Affiliates，2021](https://www.zhitongcaijing.com/content/detail/491607.html)；[新浪财经，2025-10](https://www.sina.cn/news/detail/5218620311077476.html)）,https://www.sina.cn/news/detail/5218620311077476.html
WEB-0460,企业资产配置调研报告.md,141,plain_url,- **反面证据（须客观呈现）**：黄金与通胀长期相关系数仅约 0.16，短中期对冲不稳定；2015–2025 年年化约 13% 属历史异常区间，约 80% 涨幅集中在 20% 的时间内。（[Research Affiliates，2021](https://www.zhitongcaijing.com/content/detail/491607.html)；[新浪财经，2025-10](https://www.sina.cn/news/detail/5218620311077476.html)）,https://www.sina.cn/news/detail/5218620311077476.html
WEB-0461,案例库/宏观危机篇/08_2000互联网泡沫/案例档案.md,79,plain_url,4. SlickCharts 据标普官方数据——标普 500 含股息年度总回报（2000：-9.10%；2001：-11.89%；2002：-22.10%）。https://www.slickcharts.com/sp500/returns,https://www.slickcharts.com/sp500/returns
WEB-0462,计划书/04_亚非拉国别风险与多币种储备智能决策平台总计划书.pdf,4331,pdf_text, [3] Smartbi：AIChat，https://www.smartbi.com.cn/aichat，访问日期：2026-08-16。,https://www.smartbi.com.cn/aichat
WEB-0462,计划书/04_亚非拉国别风险与多币种储备智能决策平台总计划书.pdf,annotation-4,pdf_annotation,PDF link annotation: https://www.smartbi.com.cn/aichat,https://www.smartbi.com.cn/aichat
WEB-0462,计划书/04_亚非拉国别风险与多币种储备智能决策平台总计划书.pdf,annotation-5,pdf_annotation,PDF link annotation: https://www.smartbi.com.cn/aichat,https://www.smartbi.com.cn/aichat
WEB-0462,计划书/04_亚非拉国别风险与多币种储备智能决策平台总计划书.pdf,annotation-6,pdf_annotation,PDF link annotation: https://www.smartbi.com.cn/aichat,https://www.smartbi.com.cn/aichat
WEB-0462,计划书/04_亚非拉国别风险与多币种储备智能决策平台总计划书.tex,2051,plain_url,Smartbi：AIChat，\url{https://www.smartbi.com.cn/aichat}，访问日期：2026-08-16。,https://www.smartbi.com.cn/aichat
WEB-0462,计划书/05_全球经济周期与亚非拉国别风险多币种储备智能决策平台总计划书.pdf,5387,pdf_text, [3] Smartbi：AIChat，https://www.smartbi.com.cn/aichat，访问日期：2026-08-16。,https://www.smartbi.com.cn/aichat
WEB-0462,计划书/05_全球经济周期与亚非拉国别风险多币种储备智能决策平台总计划书.pdf,annotation-4,pdf_annotation,PDF link annotation: https://www.smartbi.com.cn/aichat,https://www.smartbi.com.cn/aichat
WEB-0462,计划书/05_全球经济周期与亚非拉国别风险多币种储备智能决策平台总计划书.pdf,annotation-5,pdf_annotation,PDF link annotation: https://www.smartbi.com.cn/aichat,https://www.smartbi.com.cn/aichat
WEB-0462,计划书/05_全球经济周期与亚非拉国别风险多币种储备智能决策平台总计划书.pdf,annotation-6,pdf_annotation,PDF link annotation: https://www.smartbi.com.cn/aichat,https://www.smartbi.com.cn/aichat
WEB-0462,计划书/05_全球经济周期与亚非拉国别风险多币种储备智能决策平台总计划书.tex,2408,plain_url,Smartbi：AIChat，\url{https://www.smartbi.com.cn/aichat}，访问日期：2026-08-16。,https://www.smartbi.com.cn/aichat
WEB-0463,计划书/04_亚非拉国别风险与多币种储备智能决策平台总计划书.pdf,4333,pdf_text, [4] Smartbi：V11 最新版本与能力说明，https://www.smartbi.com.cn/newversion，访,https://www.smartbi.com.cn/newversion
WEB-0463,计划书/04_亚非拉国别风险与多币种储备智能决策平台总计划书.pdf,annotation-7,pdf_annotation,PDF link annotation: https://www.smartbi.com.cn/newversion,https://www.smartbi.com.cn/newversion
WEB-0463,计划书/04_亚非拉国别风险与多币种储备智能决策平台总计划书.pdf,annotation-8,pdf_annotation,PDF link annotation: https://www.smartbi.com.cn/newversion,https://www.smartbi.com.cn/newversion
WEB-0463,计划书/04_亚非拉国别风险与多币种储备智能决策平台总计划书.pdf,annotation-9,pdf_annotation,PDF link annotation: https://www.smartbi.com.cn/newversion,https://www.smartbi.com.cn/newversion
WEB-0463,计划书/04_亚非拉国别风险与多币种储备智能决策平台总计划书.tex,2054,plain_url,Smartbi：V11 最新版本与能力说明，\url{https://www.smartbi.com.cn/newversion}，访问日期：2026-08-16。,https://www.smartbi.com.cn/newversion
WEB-0463,计划书/05_全球经济周期与亚非拉国别风险多币种储备智能决策平台总计划书.pdf,5389,pdf_text, [4] Smartbi：V11 最新版本与能力说明，https://www.smartbi.com.cn/newversion，访,https://www.smartbi.com.cn/newversion
WEB-0463,计划书/05_全球经济周期与亚非拉国别风险多币种储备智能决策平台总计划书.pdf,annotation-7,pdf_annotation,PDF link annotation: https://www.smartbi.com.cn/newversion,https://www.smartbi.com.cn/newversion
WEB-0463,计划书/05_全球经济周期与亚非拉国别风险多币种储备智能决策平台总计划书.pdf,annotation-8,pdf_annotation,PDF link annotation: https://www.smartbi.com.cn/newversion,https://www.smartbi.com.cn/newversion
WEB-0463,计划书/05_全球经济周期与亚非拉国别风险多币种储备智能决策平台总计划书.pdf,annotation-9,pdf_annotation,PDF link annotation: https://www.smartbi.com.cn/newversion,https://www.smartbi.com.cn/newversion
WEB-0463,计划书/05_全球经济周期与亚非拉国别风险多币种储备智能决策平台总计划书.tex,2411,plain_url,Smartbi：V11 最新版本与能力说明，\url{https://www.smartbi.com.cn/newversion}，访问日期：2026-08-16。,https://www.smartbi.com.cn/newversion
WEB-0464,计划书/04_亚非拉国别风险与多币种储备智能决策平台总计划书.pdf,4328,pdf_text, [2] Smartbi：数据连接与准备，https://www.smartbi.com.cn/prepare，访问日期：2026-,https://www.smartbi.com.cn/prepare
WEB-0464,计划书/04_亚非拉国别风险与多币种储备智能决策平台总计划书.pdf,annotation-1,pdf_annotation,PDF link annotation: https://www.smartbi.com.cn/prepare,https://www.smartbi.com.cn/prepare
WEB-0464,计划书/04_亚非拉国别风险与多币种储备智能决策平台总计划书.pdf,annotation-2,pdf_annotation,PDF link annotation: https://www.smartbi.com.cn/prepare,https://www.smartbi.com.cn/prepare
WEB-0464,计划书/04_亚非拉国别风险与多币种储备智能决策平台总计划书.pdf,annotation-3,pdf_annotation,PDF link annotation: https://www.smartbi.com.cn/prepare,https://www.smartbi.com.cn/prepare
WEB-0464,计划书/04_亚非拉国别风险与多币种储备智能决策平台总计划书.tex,2048,plain_url,Smartbi：数据连接与准备，\url{https://www.smartbi.com.cn/prepare}，访问日期：2026-08-16。,https://www.smartbi.com.cn/prepare
WEB-0464,计划书/05_全球经济周期与亚非拉国别风险多币种储备智能决策平台总计划书.pdf,5384,pdf_text, [2] Smartbi：数据连接与准备，https://www.smartbi.com.cn/prepare，访问日期：2026-,https://www.smartbi.com.cn/prepare
WEB-0464,计划书/05_全球经济周期与亚非拉国别风险多币种储备智能决策平台总计划书.pdf,annotation-1,pdf_annotation,PDF link annotation: https://www.smartbi.com.cn/prepare,https://www.smartbi.com.cn/prepare
WEB-0464,计划书/05_全球经济周期与亚非拉国别风险多币种储备智能决策平台总计划书.pdf,annotation-2,pdf_annotation,PDF link annotation: https://www.smartbi.com.cn/prepare,https://www.smartbi.com.cn/prepare
WEB-0464,计划书/05_全球经济周期与亚非拉国别风险多币种储备智能决策平台总计划书.pdf,annotation-3,pdf_annotation,PDF link annotation: https://www.smartbi.com.cn/prepare,https://www.smartbi.com.cn/prepare
WEB-0464,计划书/05_全球经济周期与亚非拉国别风险多币种储备智能决策平台总计划书.tex,2405,plain_url,Smartbi：数据连接与准备，\url{https://www.smartbi.com.cn/prepare}，访问日期：2026-08-16。,https://www.smartbi.com.cn/prepare
WEB-0465,案例库/微观企业篇/06_雷诺法兴俄罗斯退出/案例档案.md,76,plain_url,2. 法兴出售罗斯银行（1 欧元）与累计损失（约 31 亿欧元）：法兴 2022–2023 年报：<https://www.societegenerale.com/>,https://www.societegenerale.com/
WEB-0466,企业资产配置调研报告.md,61,markdown_link,"- **""贵金属""科目快速膨胀但占比 <0.5%**：18 家上市银行 2024 年末贵金属资产合计 7708.78 亿元（同比 +70.2%）；工行 2025Q3 末 3854.30 亿元（较年初 +127.51%）。科目含自有黄金与代客黄金（积存金、代理购金），以公允价值计量。（[搜狐财经引 Wind，2025-04](https://www.sohu.com/a/890104126_121976698)；[同花顺财经，2025-11](https://field.10jqka.com.cn/20251105/c672268440.shtml)）",https://www.sohu.com/a/890104126_121976698
WEB-0466,企业资产配置调研报告.md,61,plain_url,"- **""贵金属""科目快速膨胀但占比 <0.5%**：18 家上市银行 2024 年末贵金属资产合计 7708.78 亿元（同比 +70.2%）；工行 2025Q3 末 3854.30 亿元（较年初 +127.51%）。科目含自有黄金与代客黄金（积存金、代理购金），以公允价值计量。（[搜狐财经引 Wind，2025-04](https://www.sohu.com/a/890104126_121976698)；[同花顺财经，2025-11](https://field.10jqka.com.cn/20251105/c672268440.shtml)）",https://www.sohu.com/a/890104126_121976698
WEB-0467,企业资产配置调研报告.md,116,markdown_link,"- **商票逾期是公开可查的硬信号**：2023 年《商业汇票信息披露管理办法》后，票交所按月公布""承兑人逾期名单""和""持续逾期名单""（2024-09 逾期名单 1541 家、11 月持续逾期 4929 家）。（[搜狐·承兑逾期查询，2024](https://www.sohu.com/a/969711762_789488)）",https://www.sohu.com/a/969711762_789488
WEB-0467,企业资产配置调研报告.md,116,plain_url,"- **商票逾期是公开可查的硬信号**：2023 年《商业汇票信息披露管理办法》后，票交所按月公布""承兑人逾期名单""和""持续逾期名单""（2024-09 逾期名单 1541 家、11 月持续逾期 4929 家）。（[搜狐·承兑逾期查询，2024](https://www.sohu.com/a/969711762_789488)）",https://www.sohu.com/a/969711762_789488
WEB-0468,案例库/宏观危机篇/17_1980-2000黄金熊市_反面案例/案例档案.md,86,plain_url,3. 标普 500 历史指数（1980–2000）：Yahoo Finance/S&P 历史数据：<https://www.spglobal.com/spdji/en/>,https://www.spglobal.com/spdji/en
WEB-0469,案例库/微观企业篇/04_传音控股/案例档案.md,74,plain_url,1. 传音控股 2023/2024 年报与三季报（人民币营收、非洲占比、汇率损失）：上交所披露：<https://www.sse.com.cn/>,https://www.sse.com.cn/
WEB-0469,案例库/微观企业篇/10_中国黄金会计错配_反面/案例档案.md,72,plain_url,1. 中国黄金（600916）2025 年年报（公允价值变动损失约 -10.4 亿元、租赁黄金业务披露）：上海证券交易所：<https://www.sse.com.cn/>,https://www.sse.com.cn/
WEB-0470,案例库/宏观危机篇/14_2010欧洲主权债务危机/案例档案.md,92,plain_url,2. 希腊统计局（ELSTAT）GDP/失业率历史数据：<https://www.statistics.gr/en/home/>,https://www.statistics.gr/en/home
WEB-0471,企业资产配置调研报告.md,24,markdown_link,- **规上工业企业口径**（中型企业下限参考）：2024 年末资产总计 178.54 万亿元、负债合计 102.71 万亿元，**资产负债率约 57.5%**；2024 年 11 月末应收账款 26.92 万亿元（约占总资产 15%）、产成品存货 6.57 万亿元（约 3.7%，全部存货占比更高）。（[国家统计局，2025-01](https://www.stats.gov.cn/sj/zxfb/202501/t20250127_1958485.html)、[2024-12](https://www.stats.gov.cn/xxgk/sjfb/zxfb2020/202412/t20241227_1957913.html)）,https://www.stats.gov.cn/sj/zxfb/202501/t20250127_1958485.html
WEB-0471,企业资产配置调研报告.md,24,plain_url,- **规上工业企业口径**（中型企业下限参考）：2024 年末资产总计 178.54 万亿元、负债合计 102.71 万亿元，**资产负债率约 57.5%**；2024 年 11 月末应收账款 26.92 万亿元（约占总资产 15%）、产成品存货 6.57 万亿元（约 3.7%，全部存货占比更高）。（[国家统计局，2025-01](https://www.stats.gov.cn/sj/zxfb/202501/t20250127_1958485.html)、[2024-12](https://www.stats.gov.cn/xxgk/sjfb/zxfb2020/202412/t20241227_1957913.html)）,https://www.stats.gov.cn/sj/zxfb/202501/t20250127_1958485.html
WEB-0472,企业资产配置调研报告.md,24,markdown_link,- **规上工业企业口径**（中型企业下限参考）：2024 年末资产总计 178.54 万亿元、负债合计 102.71 万亿元，**资产负债率约 57.5%**；2024 年 11 月末应收账款 26.92 万亿元（约占总资产 15%）、产成品存货 6.57 万亿元（约 3.7%，全部存货占比更高）。（[国家统计局，2025-01](https://www.stats.gov.cn/sj/zxfb/202501/t20250127_1958485.html)、[2024-12](https://www.stats.gov.cn/xxgk/sjfb/zxfb2020/202412/t20241227_1957913.html)）,https://www.stats.gov.cn/xxgk/sjfb/zxfb2020/202412/t20241227_1957913.html
WEB-0472,企业资产配置调研报告.md,24,plain_url,- **规上工业企业口径**（中型企业下限参考）：2024 年末资产总计 178.54 万亿元、负债合计 102.71 万亿元，**资产负债率约 57.5%**；2024 年 11 月末应收账款 26.92 万亿元（约占总资产 15%）、产成品存货 6.57 万亿元（约 3.7%，全部存货占比更高）。（[国家统计局，2025-01](https://www.stats.gov.cn/sj/zxfb/202501/t20250127_1958485.html)、[2024-12](https://www.stats.gov.cn/xxgk/sjfb/zxfb2020/202412/t20241227_1957913.html)）,https://www.stats.gov.cn/xxgk/sjfb/zxfb2020/202412/t20241227_1957913.html
WEB-0473,案例库/宏观危机篇/11_1994墨西哥龙舌兰危机/案例档案.md,96,plain_url,8. 圣路易斯联储经济评论《The Tequila Effect: Mexico's 1994-95 Financial Crisis》（危机传染与跨国影响综述）：<https://www.stlouisfed.org/publications/regional-economist/>,https://www.stlouisfed.org/publications/regional-economist
WEB-0474,案例库/货币崩溃篇/07_2022-2024埃及镑贬值/案例档案.md,94,plain_url,6. 苏伊士运河收入下降（红海危机）：苏伊士运河管理局（SCA）年度数据：<https://www.suezcanal.gov.eg/>,https://www.suezcanal.gov.eg/
WEB-0475,案例库/地缘冲突与制裁篇/05_2019委内瑞拉伦敦黄金冻结/案例档案.md,87,plain_url,2. 英国高等法院裁决（2020-07）：UK Supreme Court / High Court 判案记录：<https://www.supremecourt.uk/cases/uksc-2020-0195>,https://www.supremecourt.uk/cases/uksc-2020-0195
WEB-0475,案例库/货币崩溃篇/03_2015-2021委内瑞拉玻利瓦尔/案例档案.md,93,plain_url,4. 英格兰银行冻结委央行 31 吨黄金：英国最高法院 UKSC 2020/0195：<https://www.supremecourt.uk/cases/uksc-2020-0195>,https://www.supremecourt.uk/cases/uksc-2020-0195
WEB-0475,跨国公司黄金硬通货需求调研报告.md,45,markdown_link,"- **黄金并非天然""冻结免疫""**：委内瑞拉存于英格兰银行的 31 吨黄金（约 10 亿美元）2019 年起被英方冻结——**抗冻结属性仅在实物存放于自己控制的辖区时成立**。（[英国最高法院 UKSC 2020/0195](https://www.supremecourt.uk/cases/uksc-2020-0195)）",https://www.supremecourt.uk/cases/uksc-2020-0195
WEB-0475,跨国公司黄金硬通货需求调研报告.md,45,plain_url,"- **黄金并非天然""冻结免疫""**：委内瑞拉存于英格兰银行的 31 吨黄金（约 10 亿美元）2019 年起被英方冻结——**抗冻结属性仅在实物存放于自己控制的辖区时成立**。（[英国最高法院 UKSC 2020/0195](https://www.supremecourt.uk/cases/uksc-2020-0195)）",https://www.supremecourt.uk/cases/uksc-2020-0195
WEB-0476,案例库/货币崩溃篇/04_2018土耳其里拉危机/案例档案.md,92,plain_url,3. 土耳其央行利率决策（2018 加息、2021 降息、2023–24 再加息）：土耳其央行（CBRT）：<https://www.tcmb.gov.tr/wps/wcm/connect/en/tcmb+en>,https://www.tcmb.gov.tr/wps/wcm/connect/en/tcmb+en
WEB-0477,跨国公司黄金硬通货需求调研报告.md,55,markdown_link,"  - MTN Nigeria：2023 年汇兑损失 **7,404 亿奈拉**（上市后首亏），2024 年 **9,254 亿奈拉**、税后亏损 4,004 亿奈拉（约 11 亿美元）。（[TheCable，2024](https://www.thecable.ng/mtn-nigeria-recorded-n740bn-fx-losses-in-2023/)；[Business Insider NG，2025](https://businessinsiderng.com/mtn-in-a-fix-records-n400-4bn-loss-in-2024/)）",https://www.thecable.ng/mtn-nigeria-recorded-n740bn-fx-losses-in-2023
WEB-0477,跨国公司黄金硬通货需求调研报告.md,55,plain_url,"  - MTN Nigeria：2023 年汇兑损失 **7,404 亿奈拉**（上市后首亏），2024 年 **9,254 亿奈拉**、税后亏损 4,004 亿奈拉（约 11 亿美元）。（[TheCable，2024](https://www.thecable.ng/mtn-nigeria-recorded-n740bn-fx-losses-in-2023/)；[Business Insider NG，2025](https://businessinsiderng.com/mtn-in-a-fix-records-n400-4bn-loss-in-2024/)）",https://www.thecable.ng/mtn-nigeria-recorded-n740bn-fx-losses-in-2023
WEB-0478,跨国公司黄金硬通货需求调研报告.md,60,markdown_link,"- **黎巴嫩镑**：2023 年 2 月官方汇率一次性贬值 90%（1,507→15,000），黑市已超 60,000。**埃及镑**：2022 年以来三次贬值（~15.7→~50/美元）。（[The National，2023](https://www.thenationalnews.com/business/economy/2023/01/31/lebanon-to-devalue-the-pound-by-90-central-bank-governor-says/)；[PIIE，2024](https://www.piie.com/research/piie-charts/2024/egyptian-pound-devaluations-have-induced-recurring-crises-1952)）",https://www.thenationalnews.com/business/economy/2023/01/31/lebanon-to-devalue-the-pound-by-90-central-bank-governor-says
WEB-0478,跨国公司黄金硬通货需求调研报告.md,60,plain_url,"- **黎巴嫩镑**：2023 年 2 月官方汇率一次性贬值 90%（1,507→15,000），黑市已超 60,000。**埃及镑**：2022 年以来三次贬值（~15.7→~50/美元）。（[The National，2023](https://www.thenationalnews.com/business/economy/2023/01/31/lebanon-to-devalue-the-pound-by-90-central-bank-governor-says/)；[PIIE，2024](https://www.piie.com/research/piie-charts/2024/egyptian-pound-devaluations-have-induced-recurring-crises-1952)）",https://www.thenationalnews.com/business/economy/2023/01/31/lebanon-to-devalue-the-pound-by-90-central-bank-governor-says
WEB-0479,案例库/货币崩溃篇/06_2022-2024尼日利亚奈拉崩溃/案例档案.md,96,plain_url,"5. ""7 家企业 2024 财年汇兑损失 2.06 万亿奈拉""：THISDAY 2025-03 报道：<https://www.thisdaylive.com/>",https://www.thisdaylive.com/
WEB-0479,案例库/微观企业篇/01_MTN尼日利亚/案例档案.md,78,plain_url,"6. ""7 家企业汇兑损失 2.06 万亿奈拉""：THISDAY 2025-03：<https://www.thisdaylive.com/>",https://www.thisdaylive.com/
WEB-0479,案例库/微观企业篇/02_雀巢尼日利亚/案例档案.md,80,plain_url,"8. ""7 家企业汇兑损失 2.06 万亿奈拉""：THISDAY 2025-03：<https://www.thisdaylive.com/>",https://www.thisdaylive.com/
WEB-0480,跨国公司黄金硬通货需求调研报告.md,57,markdown_link,  - 7 家头部公司 2024 财年汇兑损失合计 **2.06 万亿奈拉**。（[THISDAY，2025](https://www.thisdaylive.com/2025/03/10/naira-devaluation-mtn-nestle-dangote-cement-others-suffer-n2-06trn-fx-losses/)）,https://www.thisdaylive.com/2025/03/10/naira-devaluation-mtn-nestle-dangote-cement-others-suffer-n2-06trn-fx-losses
WEB-0480,跨国公司黄金硬通货需求调研报告.md,57,plain_url,  - 7 家头部公司 2024 财年汇兑损失合计 **2.06 万亿奈拉**。（[THISDAY，2025](https://www.thisdaylive.com/2025/03/10/naira-devaluation-mtn-nestle-dangote-cement-others-suffer-n2-06trn-fx-losses/)）,https://www.thisdaylive.com/2025/03/10/naira-devaluation-mtn-nestle-dangote-cement-others-suffer-n2-06trn-fx-losses
WEB-0481,案例库/货币崩溃篇/04_2018土耳其里拉危机/案例档案.md,91,plain_url,2. 土耳其 CPI（2018-10 峰值 25.2%、2022-10 峰值 85.5%）：土耳其统计局（TURKSTAT）：<https://www.tuik.gov.tr/>,https://www.tuik.gov.tr/
WEB-0482,案例库/地缘冲突与制裁篇/08_2023苏丹内战黄金经济/案例档案.md,86,plain_url,4. 苏丹黄金产量（非洲第三、约 50–70 吨/年）：美国地质调查局（USGS）矿物年鉴：<https://www.usgs.gov/centers/national-minerals-information-center>,https://www.usgs.gov/centers/national-minerals-information-center
WEB-0483,案例库/宏观危机篇/09_2008全球金融危机/案例档案.md,47,plain_url,5. U.S. Money Reserve，《How Does Silver Perform in a Recession?》，2024年（白银2008年2月末19.24美元→10月末9.09美元），https://www.usmoneyreserve.com/news/executive-insights/how-silver-performs-recession/,https://www.usmoneyreserve.com/news/executive-insights/how-silver-performs-recession
WEB-0484,跨国公司黄金硬通货需求调研报告.md,27,markdown_link,"- **俄罗斯（2022 后）**：约 3000 亿美元外储被冻结，但 **2300+ 吨境内黄金储备无法被冻结**——黄金""制裁免疫""的最直接证据；随后 G7 禁进口俄金、LBMA 除名俄精炼厂，俄金折价经阿联酋（96.4 吨）/香港（88 吨）流转；RAND 有专门报告《How Russia is using gold in wartime》。（[路透社 Factbox，2023](https://www.usnews.com/news/world/articles/2023-12-28/factbox-what-and-where-are-russias-300-billion-in-reserves-frozen-in-the-west)；[RAND，2025](https://www.rand.org/content/dam/rand/pubs/research_reports/RRA3200/RRA3230-1/RAND_RRA3230-1.summary.pdf)）",https://www.usnews.com/news/world/articles/2023-12-28/factbox-what-and-where-are-russias-300-billion-in-reserves-frozen-in-the-west
WEB-0484,跨国公司黄金硬通货需求调研报告.md,27,plain_url,"- **俄罗斯（2022 后）**：约 3000 亿美元外储被冻结，但 **2300+ 吨境内黄金储备无法被冻结**——黄金""制裁免疫""的最直接证据；随后 G7 禁进口俄金、LBMA 除名俄精炼厂，俄金折价经阿联酋（96.4 吨）/香港（88 吨）流转；RAND 有专门报告《How Russia is using gold in wartime》。（[路透社 Factbox，2023](https://www.usnews.com/news/world/articles/2023-12-28/factbox-what-and-where-are-russias-300-billion-in-reserves-frozen-in-the-west)；[RAND，2025](https://www.rand.org/content/dam/rand/pubs/research_reports/RRA3200/RRA3230-1/RAND_RRA3230-1.summary.pdf)）",https://www.usnews.com/news/world/articles/2023-12-28/factbox-what-and-where-are-russias-300-billion-in-reserves-frozen-in-the-west
WEB-0485,最终数据/最终数据/outputs/019f56e7-91fe-7a43-b1d0-ae50e45c9d0c/金银价格预测_官方数据与因素台账_20260713.xlsx,xl/worksheets/sheet4.xml,xlsx_xml,XLSX entry: xl/worksheets/sheet4.xml,https://www.whitehouse.gov/presidential-actions/2025/04/regulating-imports-with-a-reciprocal-tariff-to-rectify-trade-practices-that-contribute-to-large-and-persistent-annual-united-states-goods-trade-deficits
WEB-0485,最终数据/最终数据/outputs/019f56e7-91fe-7a43-b1d0-ae50e45c9d0c/金银价格预测_官方数据与因素台账_20260713.xlsx.inspect.ndjson,978,plain_url,"{""kind"":""table"",""sheet"":""03_事件时间线"",""address"":""A1:K20"",""rows"":20,""cols"":11,""values"":[[""开始日期"",""结束日期"",""事件"",""主因子通道"",""黄金反应"",""白银反应"",""关键事实"",""证据性质"",""官方/一手来源"",""因果边界"",""建模标签""],[""2020-03-11T00:00:00.000Z"",""2020-03-19T00:00:00.000Z"",""COVID-19全球大流行与美元流动性冲击"",""避险↑；现金需求↑；去杠杆；工业预期↓"",""先跌后涨"",""大幅下跌"",""3月19日前后金银均触及年度低位；金银比一度极端上升"",""事件共时+市场复盘"",""https://www.who.int/news-room/speeches/item/who-director-general-s-opening-remarks-at-the-media-briefing-on-covid-19---11-march-2020"",""不能把跌幅只归因于疫情声明，保证金与美元融资压力同样关键"",""LIQUIDITY_SH",https://www.whitehouse.gov/presidential-actions/2025/04/regulating-imports-with-a-reciprocal-tariff-to-rectify-trade-practices-that-contribute-to-large-and-persistent-annual-united-states-goods-trade-deficits
WEB-0486,最终数据/最终数据/outputs/019f56e7-91fe-7a43-b1d0-ae50e45c9d0c/金银价格预测_官方数据与因素台账_20260713.xlsx,xl/worksheets/sheet4.xml,xlsx_xml,XLSX entry: xl/worksheets/sheet4.xml,https://www.whitehouse.gov/releases/2026/01/wide-acclaim-for-president-trumps-nomination-of-kevin-warsh-as-fed-chair
WEB-0486,最终数据/最终数据/outputs/019f56e7-91fe-7a43-b1d0-ae50e45c9d0c/金银价格预测_官方数据与因素台账_20260713.xlsx.inspect.ndjson,978,plain_url,"{""kind"":""table"",""sheet"":""03_事件时间线"",""address"":""A1:K20"",""rows"":20,""cols"":11,""values"":[[""开始日期"",""结束日期"",""事件"",""主因子通道"",""黄金反应"",""白银反应"",""关键事实"",""证据性质"",""官方/一手来源"",""因果边界"",""建模标签""],[""2020-03-11T00:00:00.000Z"",""2020-03-19T00:00:00.000Z"",""COVID-19全球大流行与美元流动性冲击"",""避险↑；现金需求↑；去杠杆；工业预期↓"",""先跌后涨"",""大幅下跌"",""3月19日前后金银均触及年度低位；金银比一度极端上升"",""事件共时+市场复盘"",""https://www.who.int/news-room/speeches/item/who-director-general-s-opening-remarks-at-the-media-briefing-on-covid-19---11-march-2020"",""不能把跌幅只归因于疫情声明，保证金与美元融资压力同样关键"",""LIQUIDITY_SH",https://www.whitehouse.gov/releases/2026/01/wide-acclaim-for-president-trumps-nomination-of-kevin-warsh-as-fed-chair
WEB-0487,最终数据/最终数据/outputs/019f56e7-91fe-7a43-b1d0-ae50e45c9d0c/金银价格预测_官方数据与因素台账_20260713.xlsx,xl/worksheets/sheet4.xml,xlsx_xml,XLSX entry: xl/worksheets/sheet4.xml,https://www.whitehouse.gov/releases/2026/04/peace-through-strength-operation-epic-fury-crushes-iranian-threat-as-ceasefire-takes-hold
WEB-0487,最终数据/最终数据/outputs/019f56e7-91fe-7a43-b1d0-ae50e45c9d0c/金银价格预测_官方数据与因素台账_20260713.xlsx.inspect.ndjson,978,plain_url,"{""kind"":""table"",""sheet"":""03_事件时间线"",""address"":""A1:K20"",""rows"":20,""cols"":11,""values"":[[""开始日期"",""结束日期"",""事件"",""主因子通道"",""黄金反应"",""白银反应"",""关键事实"",""证据性质"",""官方/一手来源"",""因果边界"",""建模标签""],[""2020-03-11T00:00:00.000Z"",""2020-03-19T00:00:00.000Z"",""COVID-19全球大流行与美元流动性冲击"",""避险↑；现金需求↑；去杠杆；工业预期↓"",""先跌后涨"",""大幅下跌"",""3月19日前后金银均触及年度低位；金银比一度极端上升"",""事件共时+市场复盘"",""https://www.who.int/news-room/speeches/item/who-director-general-s-opening-remarks-at-the-media-briefing-on-covid-19---11-march-2020"",""不能把跌幅只归因于疫情声明，保证金与美元融资压力同样关键"",""LIQUIDITY_SH",https://www.whitehouse.gov/releases/2026/04/peace-through-strength-operation-epic-fury-crushes-iranian-threat-as-ceasefire-takes-hold
WEB-0488,最终数据/最终数据/outputs/019f56e7-91fe-7a43-b1d0-ae50e45c9d0c/黄金价格传导链因素与时序数据_20260724.xlsx.inspect.ndjson,631,plain_url,"{""kind"":""region"",""sheet"":""03_事件关联"",""address"":""A1:I8"",""rows"":8,""cols"":9,""nonEmpty"":72,""text"":72,""maxTextLength"":141,""preview"":[[""event_date"",""事件"",""理论传导链"",""官方来源"",""事件月黄金收益"",""事件月实际利率变化""],[""43901"",""全球疫情与流动性冲击"",""风险上升→VIX/美元上升→先去杠杆，后宽松与避险"",""https://www.who.int/director-general/speeches/detail/who-director-general-s-o..."",""-0.003130870381966133"",""-0.005239234449760752""],[""43905"",""美联储紧急降息与资产购买"",""政策宽松→收益率下降/流动性改善→黄金中期受支撑"",""https://www.federalreserve.gov/newsevents/pressreleases/monetary20200315a.htm"",""-0.",https://www.who.int/director-general/speeches/detail/who-director-general-s-o
WEB-0488,最终数据/最终数据/outputs/019f56e7-91fe-7a43-b1d0-ae50e45c9d0c/金银价格波动影响因素与时序数据_20260726.xlsx.inspect.ndjson,721,plain_url,"{""kind"":""region"",""sheet"":""03_事件关联"",""address"":""A1:K8"",""rows"":8,""cols"":11,""nonEmpty"":88,""text"":88,""maxTextLength"":141,""preview"":[[""event_date"",""事件"",""理论传导链"",""官方来源"",""事件月黄金收益"",""事件月白银收益""],[""43901"",""全球疫情与流动性冲击"",""风险上升→VIX/美元上升→金银先去杠杆；白银叠加工业担忧，后期随宽松修复"",""https://www.who.int/director-general/speeches/detail/who-director-general-s-o..."",""-0.003130870381966133"",""-0.16759776536312843""],[""43905"",""美联储紧急降息与资产购买"",""政策宽松→收益率下降/流动性改善→黄金获避险支撑，白银随流动性与增长预期修复"",""https://www.federalreserve.gov/newsevents/pressreleases/mon",https://www.who.int/director-general/speeches/detail/who-director-general-s-o
WEB-0488,最终数据/最终数据/outputs/019f56e7-91fe-7a43-b1d0-ae50e45c9d0c/金银价格波动影响因素与时序数据_中文字段版_20260726.xlsx.inspect.ndjson,721,plain_url,"{""kind"":""region"",""sheet"":""03_事件关联"",""address"":""A1:K8"",""rows"":8,""cols"":11,""nonEmpty"":88,""text"":88,""maxTextLength"":141,""preview"":[[""事件日期"",""事件"",""理论传导链"",""官方来源"",""事件月黄金收益"",""事件月白银收益""],[""43901"",""全球疫情与流动性冲击"",""风险上升→VIX/美元上升→金银先去杠杆；白银叠加工业担忧，后期随宽松修复"",""https://www.who.int/director-general/speeches/detail/who-director-general-s-o..."",""-0.003130870381966133"",""-0.16759776536312843""],[""43905"",""美联储紧急降息与资产购买"",""政策宽松→收益率下降/流动性改善→黄金获避险支撑，白银随流动性与增长预期修复"",""https://www.federalreserve.gov/newsevents/pressreleases/monetary2",https://www.who.int/director-general/speeches/detail/who-director-general-s-o
WEB-0489,最终数据/最终数据/outputs/019f56e7-91fe-7a43-b1d0-ae50e45c9d0c/黄金价格传导链因素与时序数据_20260724.xlsx,xl/worksheets/sheet4.xml,xlsx_xml,XLSX entry: xl/worksheets/sheet4.xml,https://www.who.int/director-general/speeches/detail/who-director-general-s-opening-remarks-at-the-media-briefing-on-covid-19---11-march-2020
WEB-0489,最终数据/最终数据/outputs/019f56e7-91fe-7a43-b1d0-ae50e45c9d0c/黄金价格传导链因素与时序数据_20260724.xlsx.inspect.ndjson,630,plain_url,"{""kind"":""table"",""sheet"":""03_事件关联"",""address"":""A1:I8"",""rows"":8,""cols"":9,""values"":[[""event_date"",""事件"",""理论传导链"",""官方来源"",""事件月黄金收益"",""事件月实际利率变化"",""事件月美元收益"",""事件月GPR变化"",""解读限制""],[""2020-03-11T00:00:00.000Z"",""全球疫情与流动性冲击"",""风险上升→VIX/美元上升→先去杠杆，后宽松与避险"",""https://www.who.int/director-general/speeches/detail/who-director-general-s-opening-remarks-at-the-media-briefing-on-covid-19---11-march-2020"",-0.003130870381966133,-0.005239234449760752,0.03694780887864013,5.584469999999996,""月度窗口用于筛选案例，正式结论需使用日度事件窗和对照样本""],[""2020-0",https://www.who.int/director-general/speeches/detail/who-director-general-s-opening-remarks-at-the-media-briefing-on-covid-19---11-march-2020
WEB-0489,最终数据/最终数据/outputs/019f56e7-91fe-7a43-b1d0-ae50e45c9d0c/金银价格波动影响因素与时序数据_20260726.xlsx,xl/worksheets/sheet4.xml,xlsx_xml,XLSX entry: xl/worksheets/sheet4.xml,https://www.who.int/director-general/speeches/detail/who-director-general-s-opening-remarks-at-the-media-briefing-on-covid-19---11-march-2020
WEB-0489,最终数据/最终数据/outputs/019f56e7-91fe-7a43-b1d0-ae50e45c9d0c/金银价格波动影响因素与时序数据_20260726.xlsx.inspect.ndjson,720,plain_url,"{""kind"":""table"",""sheet"":""03_事件关联"",""address"":""A1:K8"",""rows"":8,""cols"":11,""values"":[[""event_date"",""事件"",""理论传导链"",""官方来源"",""事件月黄金收益"",""事件月白银收益"",""事件月实际利率变化"",""事件月美元收益"",""事件月GPR变化"",""事件月金银比"",""解读限制""],[""2020-03-11T00:00:00.000Z"",""全球疫情与流动性冲击"",""风险上升→VIX/美元上升→金银先去杠杆；白银叠加工业担忧，后期随宽松修复"",""https://www.who.int/director-general/speeches/detail/who-director-general-s-opening-remarks-at-the-media-briefing-on-covid-19---11-march-2020"",-0.003130870381966133,-0.16759776536312843,-0.005239234449760752,0.03694780887864013,5.584",https://www.who.int/director-general/speeches/detail/who-director-general-s-opening-remarks-at-the-media-briefing-on-covid-19---11-march-2020
WEB-0489,最终数据/最终数据/outputs/019f56e7-91fe-7a43-b1d0-ae50e45c9d0c/金银价格波动影响因素与时序数据_中文字段版_20260726.xlsx,xl/worksheets/sheet4.xml,xlsx_xml,XLSX entry: xl/worksheets/sheet4.xml,https://www.who.int/director-general/speeches/detail/who-director-general-s-opening-remarks-at-the-media-briefing-on-covid-19---11-march-2020
WEB-0489,最终数据/最终数据/outputs/019f56e7-91fe-7a43-b1d0-ae50e45c9d0c/金银价格波动影响因素与时序数据_中文字段版_20260726.xlsx.inspect.ndjson,720,plain_url,"{""kind"":""table"",""sheet"":""03_事件关联"",""address"":""A1:K8"",""rows"":8,""cols"":11,""values"":[[""事件日期"",""事件"",""理论传导链"",""官方来源"",""事件月黄金收益"",""事件月白银收益"",""事件月实际利率变化"",""事件月美元收益"",""事件月GPR变化"",""事件月金银比"",""解读限制""],[""2020-03-11T00:00:00.000Z"",""全球疫情与流动性冲击"",""风险上升→VIX/美元上升→金银先去杠杆；白银叠加工业担忧，后期随宽松修复"",""https://www.who.int/director-general/speeches/detail/who-director-general-s-opening-remarks-at-the-media-briefing-on-covid-19---11-march-2020"",-0.003130870381966133,-0.16759776536312843,-0.005239234449760752,0.03694780887864013,5.584469999",https://www.who.int/director-general/speeches/detail/who-director-general-s-opening-remarks-at-the-media-briefing-on-covid-19---11-march-2020
WEB-0490,最终数据/最终数据/outputs/019f56e7-91fe-7a43-b1d0-ae50e45c9d0c/金银价格预测_官方数据与因素台账_20260713.xlsx,xl/worksheets/sheet4.xml,xlsx_xml,XLSX entry: xl/worksheets/sheet4.xml,https://www.who.int/news-room/speeches/item/who-director-general-s-opening-remarks-at-the-media-briefing-on-covid-19---11-march-2020
WEB-0490,最终数据/最终数据/outputs/019f56e7-91fe-7a43-b1d0-ae50e45c9d0c/金银价格预测_官方数据与因素台账_20260713.xlsx.inspect.ndjson,978,plain_url,"{""kind"":""table"",""sheet"":""03_事件时间线"",""address"":""A1:K20"",""rows"":20,""cols"":11,""values"":[[""开始日期"",""结束日期"",""事件"",""主因子通道"",""黄金反应"",""白银反应"",""关键事实"",""证据性质"",""官方/一手来源"",""因果边界"",""建模标签""],[""2020-03-11T00:00:00.000Z"",""2020-03-19T00:00:00.000Z"",""COVID-19全球大流行与美元流动性冲击"",""避险↑；现金需求↑；去杠杆；工业预期↓"",""先跌后涨"",""大幅下跌"",""3月19日前后金银均触及年度低位；金银比一度极端上升"",""事件共时+市场复盘"",""https://www.who.int/news-room/speeches/item/who-director-general-s-opening-remarks-at-the-media-briefing-on-covid-19---11-march-2020"",""不能把跌幅只归因于疫情声明，保证金与美元融资压力同样关键"",""LIQUIDITY_SH",https://www.who.int/news-room/speeches/item/who-director-general-s-opening-remarks-at-the-media-briefing-on-covid-19---11-march-2020
WEB-0491,案例库/地缘冲突与制裁篇/04_2012-2013土耳其-伊朗黄金换天然气/案例档案.md,81,plain_url,1. 土耳其对伊黄金出口（2012 年约 64 亿美元）：Wisconsin Project《Major Turkish Bank Prosecuted in Unprecedented Iran Sanctions Evasion Case》：<https://www.wisconsinproject.org/major-turkish-bank-prosecuted-in-unprecedented-iran-sanctions-evasion-case/>,https://www.wisconsinproject.org/major-turkish-bank-prosecuted-in-unprecedented-iran-sanctions-evasion-case
WEB-0491,案例库/货币崩溃篇/08_2010-2025伊朗里亚尔/案例档案.md,96,plain_url,5. 伊朗–土耳其黄金换天然气（2012–2013，64 亿美元/年）：Wisconsin Project 报告：<https://www.wisconsinproject.org/major-turkish-bank-prosecuted-in-unprecedented-iran-sanctions-evasion-case/>,https://www.wisconsinproject.org/major-turkish-bank-prosecuted-in-unprecedented-iran-sanctions-evasion-case
WEB-0491,跨国公司黄金硬通货需求调研报告.md,26,markdown_link,"- **土耳其–伊朗""黄金换天然气""（2012–2013）**：美元清算被切断后，伊朗的里拉货款经 Halkbank 购金、由迪拜转运至伊朗；2012 年土耳其对伊朗黄金出口约 **64 亿美元**，Zarrab 网络年经手近 100 亿美元。终结于 2013 年美国 IFCA 法案禁止对伊供应贵金属。（[Wisconsin Project，2025](https://www.wisconsinproject.org/major-turkish-bank-prosecuted-in-unprecedented-iran-sanctions-evasion-case/)；[AzerNews，2013](https://www.azernews.az/business/62020.html)）",https://www.wisconsinproject.org/major-turkish-bank-prosecuted-in-unprecedented-iran-sanctions-evasion-case
WEB-0491,跨国公司黄金硬通货需求调研报告.md,26,plain_url,"- **土耳其–伊朗""黄金换天然气""（2012–2013）**：美元清算被切断后，伊朗的里拉货款经 Halkbank 购金、由迪拜转运至伊朗；2012 年土耳其对伊朗黄金出口约 **64 亿美元**，Zarrab 网络年经手近 100 亿美元。终结于 2013 年美国 IFCA 法案禁止对伊供应贵金属。（[Wisconsin Project，2025](https://www.wisconsinproject.org/major-turkish-bank-prosecuted-in-unprecedented-iran-sanctions-evasion-case/)；[AzerNews，2013](https://www.azernews.az/business/62020.html)）",https://www.wisconsinproject.org/major-turkish-bank-prosecuted-in-unprecedented-iran-sanctions-evasion-case
WEB-0492,计划书/03_多币种流动性与黄金战略储备周期配置计划书.pdf,1279,pdf_text,"[17] World Bank, Commodity Markets Pink Sheet, https://www.worldbank.org/en/",https://www.worldbank.org/en
WEB-0493,案例库/地缘冲突与制裁篇/08_2023苏丹内战黄金经济/案例档案.md,85,plain_url,3. 苏丹 GDP（2023 年 -12%～-18%）：世界银行《Sudan Economic Update》：<https://www.worldbank.org/en/country/sudan>,https://www.worldbank.org/en/country/sudan
WEB-0494,案例库/货币崩溃篇/05_2019-2023黎巴嫩镑崩溃/案例档案.md,56,plain_url,2. 世界银行（World Bank），2022，《Lebanon's Crisis: Great Denial in the Deliberate Depression》——GDP 从 520 亿降至 218 亿美元（-58.1%）。https://www.worldbank.org/en/news/press-release/2022/01/24/lebanon-s-crisis-great-denial-in-the-deliberate-depression,https://www.worldbank.org/en/news/press-release/2022/01/24/lebanon-s-crisis-great-denial-in-the-deliberate-depression
WEB-0495,案例库/货币崩溃篇/05_2019-2023黎巴嫩镑崩溃/案例档案.md,55,plain_url,"1. 世界银行（World Bank），2023，《Lebanon Economic Monitor, Spring 2023: Normalization of Crisis is No Road to Stabilization》——货币贬值超 98%、GDP 累计收缩 39.9%。https://www.worldbank.org/en/news/press-release/2023/05/16/lebanon-normalization-of-crisis-is-no-road-to-stabilization",https://www.worldbank.org/en/news/press-release/2023/05/16/lebanon-normalization-of-crisis-is-no-road-to-stabilization
WEB-0496,最终数据/最终数据/outputs/019f56e7-91fe-7a43-b1d0-ae50e45c9d0c/黄金价格传导链因素与时序数据_20260724.xlsx,xl/worksheets/sheet4.xml,xlsx_xml,XLSX entry: xl/worksheets/sheet4.xml,https://www.worldbank.org/en/news/press-release/2023/10/26/commodity-markets-outlook-october-2023-press-release
WEB-0496,最终数据/最终数据/outputs/019f56e7-91fe-7a43-b1d0-ae50e45c9d0c/黄金价格传导链因素与时序数据_20260724.xlsx.inspect.ndjson,630,plain_url,"{""kind"":""table"",""sheet"":""03_事件关联"",""address"":""A1:I8"",""rows"":8,""cols"":9,""values"":[[""event_date"",""事件"",""理论传导链"",""官方来源"",""事件月黄金收益"",""事件月实际利率变化"",""事件月美元收益"",""事件月GPR变化"",""解读限制""],[""2020-03-11T00:00:00.000Z"",""全球疫情与流动性冲击"",""风险上升→VIX/美元上升→先去杠杆，后宽松与避险"",""https://www.who.int/director-general/speeches/detail/who-director-general-s-opening-remarks-at-the-media-briefing-on-covid-19---11-march-2020"",-0.003130870381966133,-0.005239234449760752,0.03694780887864013,5.584469999999996,""月度窗口用于筛选案例，正式结论需使用日度事件窗和对照样本""],[""2020-0",https://www.worldbank.org/en/news/press-release/2023/10/26/commodity-markets-outlook-october-2023-press-release
WEB-0496,最终数据/最终数据/outputs/019f56e7-91fe-7a43-b1d0-ae50e45c9d0c/金银价格波动影响因素与时序数据_20260726.xlsx,xl/worksheets/sheet4.xml,xlsx_xml,XLSX entry: xl/worksheets/sheet4.xml,https://www.worldbank.org/en/news/press-release/2023/10/26/commodity-markets-outlook-october-2023-press-release
WEB-0496,最终数据/最终数据/outputs/019f56e7-91fe-7a43-b1d0-ae50e45c9d0c/金银价格波动影响因素与时序数据_20260726.xlsx.inspect.ndjson,720,plain_url,"{""kind"":""table"",""sheet"":""03_事件关联"",""address"":""A1:K8"",""rows"":8,""cols"":11,""values"":[[""event_date"",""事件"",""理论传导链"",""官方来源"",""事件月黄金收益"",""事件月白银收益"",""事件月实际利率变化"",""事件月美元收益"",""事件月GPR变化"",""事件月金银比"",""解读限制""],[""2020-03-11T00:00:00.000Z"",""全球疫情与流动性冲击"",""风险上升→VIX/美元上升→金银先去杠杆；白银叠加工业担忧，后期随宽松修复"",""https://www.who.int/director-general/speeches/detail/who-director-general-s-opening-remarks-at-the-media-briefing-on-covid-19---11-march-2020"",-0.003130870381966133,-0.16759776536312843,-0.005239234449760752,0.03694780887864013,5.584",https://www.worldbank.org/en/news/press-release/2023/10/26/commodity-markets-outlook-october-2023-press-release
WEB-0496,最终数据/最终数据/outputs/019f56e7-91fe-7a43-b1d0-ae50e45c9d0c/金银价格波动影响因素与时序数据_中文字段版_20260726.xlsx,xl/worksheets/sheet4.xml,xlsx_xml,XLSX entry: xl/worksheets/sheet4.xml,https://www.worldbank.org/en/news/press-release/2023/10/26/commodity-markets-outlook-october-2023-press-release
WEB-0496,最终数据/最终数据/outputs/019f56e7-91fe-7a43-b1d0-ae50e45c9d0c/金银价格波动影响因素与时序数据_中文字段版_20260726.xlsx.inspect.ndjson,720,plain_url,"{""kind"":""table"",""sheet"":""03_事件关联"",""address"":""A1:K8"",""rows"":8,""cols"":11,""values"":[[""事件日期"",""事件"",""理论传导链"",""官方来源"",""事件月黄金收益"",""事件月白银收益"",""事件月实际利率变化"",""事件月美元收益"",""事件月GPR变化"",""事件月金银比"",""解读限制""],[""2020-03-11T00:00:00.000Z"",""全球疫情与流动性冲击"",""风险上升→VIX/美元上升→金银先去杠杆；白银叠加工业担忧，后期随宽松修复"",""https://www.who.int/director-general/speeches/detail/who-director-general-s-opening-remarks-at-the-media-briefing-on-covid-19---11-march-2020"",-0.003130870381966133,-0.16759776536312843,-0.005239234449760752,0.03694780887864013,5.584469999",https://www.worldbank.org/en/news/press-release/2023/10/26/commodity-markets-outlook-october-2023-press-release
WEB-0496,最终数据/最终数据/outputs/019f56e7-91fe-7a43-b1d0-ae50e45c9d0c/金银价格预测_官方数据与因素台账_20260713.xlsx,xl/worksheets/sheet4.xml,xlsx_xml,XLSX entry: xl/worksheets/sheet4.xml,https://www.worldbank.org/en/news/press-release/2023/10/26/commodity-markets-outlook-october-2023-press-release
WEB-0496,最终数据/最终数据/outputs/019f56e7-91fe-7a43-b1d0-ae50e45c9d0c/金银价格预测_官方数据与因素台账_20260713.xlsx.inspect.ndjson,978,plain_url,"{""kind"":""table"",""sheet"":""03_事件时间线"",""address"":""A1:K20"",""rows"":20,""cols"":11,""values"":[[""开始日期"",""结束日期"",""事件"",""主因子通道"",""黄金反应"",""白银反应"",""关键事实"",""证据性质"",""官方/一手来源"",""因果边界"",""建模标签""],[""2020-03-11T00:00:00.000Z"",""2020-03-19T00:00:00.000Z"",""COVID-19全球大流行与美元流动性冲击"",""避险↑；现金需求↑；去杠杆；工业预期↓"",""先跌后涨"",""大幅下跌"",""3月19日前后金银均触及年度低位；金银比一度极端上升"",""事件共时+市场复盘"",""https://www.who.int/news-room/speeches/item/who-director-general-s-opening-remarks-at-the-media-briefing-on-covid-19---11-march-2020"",""不能把跌幅只归因于疫情声明，保证金与美元融资压力同样关键"",""LIQUIDITY_SH",https://www.worldbank.org/en/news/press-release/2023/10/26/commodity-markets-outlook-october-2023-press-release
WEB-0497,案例库/宏观危机篇/11_1994墨西哥龙舌兰危机/案例档案.md,93,plain_url,5. 世界银行《Global Economic Prospects》1995 年墨西哥 GDP 数据（-6.2%）：<https://www.worldbank.org/en/publication/global-economic-prospects>,https://www.worldbank.org/en/publication/global-economic-prospects
WEB-0498,案例库/地缘冲突与制裁篇/03_2024以色列-伊朗冲突/案例档案.md,95,plain_url,8. 布伦特 2024 年走势：世界银行 Pink Sheet：<https://www.worldbank.org/en/research/commodity-markets>,https://www.worldbank.org/en/research/commodity-markets
WEB-0498,案例库/地缘冲突与制裁篇/06_2014克里米亚危机-卢布暴跌/案例档案.md,84,plain_url,3. 油价 2014 年走势（115 → 50）：世界银行 Pink Sheet：<https://www.worldbank.org/en/research/commodity-markets>,https://www.worldbank.org/en/research/commodity-markets
WEB-0498,案例库/宏观危机篇/12_1998俄罗斯金融危机/案例档案.md,97,plain_url,7. 布伦特原油历史价格（1997–1998 油价 -58%）：世界银行 Pink Sheet：<https://www.worldbank.org/en/research/commodity-markets>,https://www.worldbank.org/en/research/commodity-markets
WEB-0498,计划书/03_多币种流动性与黄金战略储备周期配置计划书.pdf,annotation-36,pdf_annotation,PDF link annotation: https://www.worldbank.org/en/research/commodity-markets,https://www.worldbank.org/en/research/commodity-markets
WEB-0498,计划书/03_多币种流动性与黄金战略储备周期配置计划书.pdf,annotation-37,pdf_annotation,PDF link annotation: https://www.worldbank.org/en/research/commodity-markets,https://www.worldbank.org/en/research/commodity-markets
WEB-0498,计划书/03_多币种流动性与黄金战略储备周期配置计划书.pdf,annotation-38,pdf_annotation,PDF link annotation: https://www.worldbank.org/en/research/commodity-markets,https://www.worldbank.org/en/research/commodity-markets
WEB-0498,计划书/03_多币种流动性与黄金战略储备周期配置计划书.tex,823,plain_url,"World Bank, \emph{Commodity Markets Pink Sheet}, \url{https://www.worldbank.org/en/research/commodity-markets}.",https://www.worldbank.org/en/research/commodity-markets
WEB-0498,最终数据/最终数据/outputs/019f56e7-91fe-7a43-b1d0-ae50e45c9d0c/黄金价格传导链因素与时序数据_20260724.xlsx,xl/worksheets/sheet11.xml,xlsx_xml,XLSX entry: xl/worksheets/sheet11.xml,https://www.worldbank.org/en/research/commodity-markets
WEB-0498,最终数据/最终数据/outputs/019f56e7-91fe-7a43-b1d0-ae50e45c9d0c/黄金价格传导链因素与时序数据_20260724.xlsx.inspect.ndjson,80405,plain_url,"{""kind"":""table"",""sheet"":""12_来源与口径"",""address"":""A1:M13"",""rows"":13,""cols"":13,""values"":[[""数据来源与时间口径"",null,null,null,null,null,null,null,null,null,null,null,null],[null,null,null,null,null,null,null,null,null,null,null,null,null],[""所有模型字段都应能追溯到此表；完整URL只集中存放在本页，避免在建模表中重复。"",null,null,null,null,null,null,null,null,null,null,null,null],[null,null,null,null,null,null,null,null,null,null,null,null,null],[""数据集ID"",""字段/用途"",""来源机构"",""频率"",""观察时间"",""模型可用时间"",""覆盖期"",""单位"",""官方URL"",""本地文件"",""许可/引用说明"",""工作表"",""备注""],[""SGE_DAILY",https://www.worldbank.org/en/research/commodity-markets
WEB-0498,最终数据/最终数据/outputs/019f56e7-91fe-7a43-b1d0-ae50e45c9d0c/金银价格波动影响因素与时序数据_20260726.xlsx,xl/worksheets/sheet12.xml,xlsx_xml,XLSX entry: xl/worksheets/sheet12.xml,https://www.worldbank.org/en/research/commodity-markets
WEB-0498,最终数据/最终数据/outputs/019f56e7-91fe-7a43-b1d0-ae50e45c9d0c/金银价格波动影响因素与时序数据_20260726.xlsx.inspect.ndjson,91397,plain_url,"{""kind"":""table"",""sheet"":""12_来源与口径"",""address"":""A1:M14"",""rows"":14,""cols"":13,""values"":[[""数据来源与时间口径"",null,null,null,null,null,null,null,null,null,null,null,null],[null,null,null,null,null,null,null,null,null,null,null,null,null],[""所有模型字段都应能追溯到此表；完整URL只集中存放在本页，避免在建模表中重复。"",null,null,null,null,null,null,null,null,null,null,null,null],[null,null,null,null,null,null,null,null,null,null,null,null,null],[""数据集ID"",""字段/用途"",""来源机构"",""频率"",""观察时间"",""模型可用时间"",""覆盖期"",""单位"",""官方URL"",""本地文件"",""许可/引用说明"",""工作表"",""备注""],[""SGE_DAILY",https://www.worldbank.org/en/research/commodity-markets
WEB-0498,最终数据/最终数据/outputs/019f56e7-91fe-7a43-b1d0-ae50e45c9d0c/金银价格波动影响因素与时序数据_中文字段版_20260726.xlsx,xl/worksheets/sheet13.xml,xlsx_xml,XLSX entry: xl/worksheets/sheet13.xml,https://www.worldbank.org/en/research/commodity-markets
WEB-0498,最终数据/最终数据/outputs/019f56e7-91fe-7a43-b1d0-ae50e45c9d0c/金银价格波动影响因素与时序数据_中文字段版_20260726.xlsx.inspect.ndjson,91689,plain_url,"{""kind"":""table"",""sheet"":""12_来源与口径"",""address"":""A1:M14"",""rows"":14,""cols"":13,""values"":[[""数据来源与时间口径"",null,null,null,null,null,null,null,null,null,null,null,null],[null,null,null,null,null,null,null,null,null,null,null,null,null],[""所有模型字段都应能追溯到此表；完整URL只集中存放在本页，避免在建模表中重复。"",null,null,null,null,null,null,null,null,null,null,null,null],[null,null,null,null,null,null,null,null,null,null,null,null,null],[""数据集ID"",""字段/用途"",""来源机构"",""频率"",""观察时间"",""模型可用时间"",""覆盖期"",""单位"",""官方URL"",""本地文件"",""许可/引用说明"",""工作表"",""备注""],[""SGE_DAILY",https://www.worldbank.org/en/research/commodity-markets
WEB-0498,最终数据/最终数据/research/media_sentiment_gold_paper/metadata/dataset_manifest.csv,19,plain_url,"开放代理,世界银行商品月度数据,Brent、铜、金、银月度价格,2022-02-01至2025-02-28,月频,World Bank Commodity Markets,https://www.worldbank.org/en/research/commodity-markets,非论文明确引用,已整理,research/media_sentiment_gold_paper/datasets/processed/World_Bank_commodity_proxies_2022-02_to_2025-02.csv,注明世界银行来源,代理/拓展,37个月，可用于先跑通流程及金银联合建模",https://www.worldbank.org/en/research/commodity-markets
WEB-0498,最终数据/最终数据/research/media_sentiment_gold_paper/outputs/019f56e7-91fe-7a43-b1d0-ae50e45c9d0c/论文数据来源与复现清单.xlsx,xl/worksheets/sheet2.xml,xlsx_xml,XLSX entry: xl/worksheets/sheet2.xml,https://www.worldbank.org/en/research/commodity-markets
WEB-0498,最终数据/最终数据/research/media_sentiment_gold_paper/outputs/019f56e7-91fe-7a43-b1d0-ae50e45c9d0c/论文数据来源与复现清单.xlsx.inspect.ndjson,79,plain_url,"{""kind"":""table"",""sheet"":""数据清单"",""address"":""A1:M22"",""rows"":22,""cols"":13,""values"":[[""论文数据资产清单：精确引用、受限数据与开放代理"",""论文数据资产清单：精确引用、受限数据与开放代理"",""论文数据资产清单：精确引用、受限数据与开放代理"",""论文数据资产清单：精确引用、受限数据与开放代理"",""论文数据资产清单：精确引用、受限数据与开放代理"",""论文数据资产清单：精确引用、受限数据与开放代理"",""论文数据资产清单：精确引用、受限数据与开放代理"",""论文数据资产清单：精确引用、受限数据与开放代理"",""论文数据资产清单：精确引用、受限数据与开放代理"",""论文数据资产清单：精确引用、受限数据与开放代理"",""论文数据资产清单：精确引用、受限数据与开放代理"",""论文数据资产清单：精确引用、受限数据与开放代理"",""论文数据资产清单：精确引用、受限数据与开放代理""],[""黄色/红色状态用于提醒，但判断以‘可得状态’和‘精确或代理’文本为准。所有代理数据都不能当作原作者数据。"",null,null,null,null,null",https://www.worldbank.org/en/research/commodity-markets
WEB-0498,最终数据/最终数据/research/media_sentiment_gold_paper/outputs/019f56e7-91fe-7a43-b1d0-ae50e45c9d0c/workbook_inspect.ndjson,5,plain_url,"{""kind"":""table"",""sheet"":""数据清单"",""address"":""A1:M22"",""rows"":22,""cols"":13,""values"":[[""论文数据资产清单：精确引用、受限数据与开放代理"",""论文数据资产清单：精确引用、受限数据与开放代理"",""论文数据资产清单：精确引用、受限数据与开放代理"",""论文数据资产清单：精确引用、受限数据与开放代理"",""论文数据资产清单：精确引用、受限数据与开放代理"",""论文数据资产清单：精确引用、受限数据与开放代理"",""论文数据资产清单：精确引用、受限数据与开放代理"",""论文数据资产清单：精确引用、受限数据与开放代理"",""论文数据资产清单：精确引用、受限数据与开放代理"",""论文数据资产清单：精确引用、受限数据与开放代理"",""论文数据资产清单：精确引用、受限数据与开放代理"",""论文数据资产清单：精确引用、受限数据与开放代理"",""论文数据资产清单：精确引用、受限数据与开放代理""],[""黄色/红色状态用于提醒，但判断以‘可得状态’和‘精确或代理’文本为准。所有代理数据都不能当作原作者数据。"",null,null,null,null,null",https://www.worldbank.org/en/research/commodity-markets
WEB-0498,最终数据/最终数据/research/media_sentiment_gold_paper/README_论文学习与数据说明.md,91,plain_url,- 来源：https://www.worldbank.org/en/research/commodity-markets,https://www.worldbank.org/en/research/commodity-markets
WEB-0498,最终数据/最终数据/research/media_sentiment_gold_paper/scripts/build_reproducibility_package.mjs,110,plain_url,"  [""开放代理"", ""世界银行商品月度数据"", ""Brent、铜、金、银月度价格"", ""2022-02-01至2025-02-28"", ""月频"", ""World Bank Commodity Markets"", ""https://www.worldbank.org/en/research/commodity-markets"", ""非论文明确引用"", ""已整理"", rel(processedFiles.commodity), ""注明世界银行来源"", ""代理/拓展"", `${commodityRows.length}个月，可用于先跑通流程及金银联合建模`],",https://www.worldbank.org/en/research/commodity-markets
WEB-0499,企业资产配置调研报告.md,111,markdown_link,- **银行贷后实务阈值清单**：应收账款回收周期 >90 天或现金流持续为负；**流动比率 <1.5、速动比率 <1、资产负债率骤升 >70%**；短债占比 >50% 或依赖借新还旧；货币资金不足以覆盖短期有息负债；连续两期利息逾期；资金归行率下降 >50%；3 家以上机构多头借贷。（[盈科律所贷后风控要点](https://www.yingkelvshi.net/show-m.asp?id=2947)；[贷后预警信号清单（120 项）](http://mp.weixin.qq.com/s?__biz=MzA5MzEwODIxMQ==&mid=2247576958&idx=1&sn=05edc03f5edfd6117c09ff9d91fdf54b)）,https://www.yingkelvshi.net/show-m.asp?id=2947
WEB-0499,企业资产配置调研报告.md,111,plain_url,- **银行贷后实务阈值清单**：应收账款回收周期 >90 天或现金流持续为负；**流动比率 <1.5、速动比率 <1、资产负债率骤升 >70%**；短债占比 >50% 或依赖借新还旧；货币资金不足以覆盖短期有息负债；连续两期利息逾期；资金归行率下降 >50%；3 家以上机构多头借贷。（[盈科律所贷后风控要点](https://www.yingkelvshi.net/show-m.asp?id=2947)；[贷后预警信号清单（120 项）](http://mp.weixin.qq.com/s?__biz=MzA5MzEwODIxMQ==&mid=2247576958&idx=1&sn=05edc03f5edfd6117c09ff9d91fdf54b)）,https://www.yingkelvshi.net/show-m.asp?id=2947
WEB-0500,企业资产配置调研报告.md,54,markdown_link,- **重整资产构成**：以股权、厂房土地（多已抵押）、机器设备、存货、应收账款为主，需引入战投注资。（[中国清算网典型案例，2021](https://www.yunqingsuan.com/html/yqs/news/63/87563.html)）,https://www.yunqingsuan.com/html/yqs/news/63/87563.html
WEB-0500,企业资产配置调研报告.md,54,plain_url,- **重整资产构成**：以股权、厂房土地（多已抵押）、机器设备、存货、应收账款为主，需引入战投注资。（[中国清算网典型案例，2021](https://www.yunqingsuan.com/html/yqs/news/63/87563.html)）,https://www.yunqingsuan.com/html/yqs/news/63/87563.html
WEB-0501,企业资产配置调研报告.md,141,markdown_link,- **反面证据（须客观呈现）**：黄金与通胀长期相关系数仅约 0.16，短中期对冲不稳定；2015–2025 年年化约 13% 属历史异常区间，约 80% 涨幅集中在 20% 的时间内。（[Research Affiliates，2021](https://www.zhitongcaijing.com/content/detail/491607.html)；[新浪财经，2025-10](https://www.sina.cn/news/detail/5218620311077476.html)）,https://www.zhitongcaijing.com/content/detail/491607.html
WEB-0501,企业资产配置调研报告.md,141,plain_url,- **反面证据（须客观呈现）**：黄金与通胀长期相关系数仅约 0.16，短中期对冲不稳定；2015–2025 年年化约 13% 属历史异常区间，约 80% 涨幅集中在 20% 的时间内。（[Research Affiliates，2021](https://www.zhitongcaijing.com/content/detail/491607.html)；[新浪财经，2025-10](https://www.sina.cn/news/detail/5218620311077476.html)）,https://www.zhitongcaijing.com/content/detail/491607.html
WEB-0502,企业资产配置调研报告.md,71,markdown_link,- **★ 保险资金投资黄金试点（2025，关键政策依据）**：金融监管总局 2025-02-07 印发《关于开展保险资金投资黄金业务试点的通知》，首次允许保险资金直接配置黄金；**10 家试点机构**（国寿、太平人寿、平安人寿、太保寿险、泰康、新华、人保财险、平安财险、太保财险、中国信保）；投资黄金账面余额合计**不得超过上季末总资产的 1%**（测算上限约 1990 亿元）；投资范围限 SGE 现货实盘/延期交收/上海金定价/询价即期掉期合约；要求**以中长期资产配置为目的**。2025 年 3 月中国人寿完成首笔黄金询价交易。（[金融监管总局原文，2025-02-07](https://www.nfra.gov.cn/cn/view/pages/ItemDetail.html?docId=1198136&itemId=915)；[北京日报，2025-02](https://xinwen.bjd.com.cn/content/s67a5ceb2e4b08edd28f4c180.html)；[上海市委金融办，2025-03](https://jrj.sh.gov.cn/BX182/2,https://xinwen.bjd.com.cn/content/s67a5ceb2e4b08edd28f4c180.html
WEB-0502,企业资产配置调研报告.md,71,plain_url,- **★ 保险资金投资黄金试点（2025，关键政策依据）**：金融监管总局 2025-02-07 印发《关于开展保险资金投资黄金业务试点的通知》，首次允许保险资金直接配置黄金；**10 家试点机构**（国寿、太平人寿、平安人寿、太保寿险、泰康、新华、人保财险、平安财险、太保财险、中国信保）；投资黄金账面余额合计**不得超过上季末总资产的 1%**（测算上限约 1990 亿元）；投资范围限 SGE 现货实盘/延期交收/上海金定价/询价即期掉期合约；要求**以中长期资产配置为目的**。2025 年 3 月中国人寿完成首笔黄金询价交易。（[金融监管总局原文，2025-02-07](https://www.nfra.gov.cn/cn/view/pages/ItemDetail.html?docId=1198136&itemId=915)；[北京日报，2025-02](https://xinwen.bjd.com.cn/content/s67a5ceb2e4b08edd28f4c180.html)；[上海市委金融办，2025-03](https://jrj.sh.gov.cn/BX182/2,https://xinwen.bjd.com.cn/content/s67a5ceb2e4b08edd28f4c180.html
WEB-0503,企业资产配置调研报告.md,158,markdown_link,- **波动与回撤**：年化波动率约 15%–20%；2013 年单年 -28%；历史最大回撤超 70%（1980–2000）；2025-10-21 单日 -6.3%（12 年最大单日跌幅）。（[雪球研究，2025](https://xueqiu.com/1859186301/332846795)；[财联社，2025-10](https://m.cls.cn/detail/2176533)）,https://xueqiu.com/1859186301/332846795
WEB-0503,企业资产配置调研报告.md,158,plain_url,- **波动与回撤**：年化波动率约 15%–20%；2013 年单年 -28%；历史最大回撤超 70%（1980–2000）；2025-10-21 单日 -6.3%（12 年最大单日跌幅）。（[雪球研究，2025](https://xueqiu.com/1859186301/332846795)；[财联社，2025-10](https://m.cls.cn/detail/2176533)）,https://xueqiu.com/1859186301/332846795
WEB-0504,企业资产配置调研报告.md,70,markdown_link,"- 2025 年末保险资金运用余额约 **38.48 万亿元**；配置结构""债券压舱石""：债券约 50%、股票约 10%、长期股权约 8%、银行存款约 7.5%、基金约 5%。（[金融监管总局数据，2026](https://xueqiu.com/3145432369/377457302)；[搜狐财经，2026-05](https://m.sohu.com/a/1026660896_465408)）",https://xueqiu.com/3145432369/377457302
WEB-0504,企业资产配置调研报告.md,70,plain_url,"- 2025 年末保险资金运用余额约 **38.48 万亿元**；配置结构""债券压舱石""：债券约 50%、股票约 10%、长期股权约 8%、银行存款约 7.5%、基金约 5%。（[金融监管总局数据，2026](https://xueqiu.com/3145432369/377457302)；[搜狐财经，2026-05](https://m.sohu.com/a/1026660896_465408)）",https://xueqiu.com/3145432369/377457302
WEB-0505,企业资产配置调研报告.md,146,markdown_link,"- **上市公司现金管理""挂钩黄金""已成趋势**：2025 年以来多家上市公司用闲置资金认购挂钩黄金的结构性存款；证监会《上市公司监管指引第 2 号》允许闲置募集资金现金管理，要求安全性高、流动性好、期限 ≤12 个月。（[中国经营报，2025-12](https://view.inews.qq.com/a/20251226A08F0300)；[监管指引整理](https://xueqiu.com/3410678413/223931252)）",https://xueqiu.com/3410678413/223931252
WEB-0505,企业资产配置调研报告.md,146,plain_url,"- **上市公司现金管理""挂钩黄金""已成趋势**：2025 年以来多家上市公司用闲置资金认购挂钩黄金的结构性存款；证监会《上市公司监管指引第 2 号》允许闲置募集资金现金管理，要求安全性高、流动性好、期限 ≤12 个月。（[中国经营报，2025-12](https://view.inews.qq.com/a/20251226A08F0300)；[监管指引整理](https://xueqiu.com/3410678413/223931252)）",https://xueqiu.com/3410678413/223931252
WEB-0506,企业资产配置调研报告.md,32,markdown_link,- **资产负债率更高且更稳定**：A 股非金融上市公司整体资产负债率 2013 年后稳定在 **60% 左右**，中位数约 40.9%（2020）。（[粤开证券李奇霖，2019](https://finance.sina.cn/zl/2019-04-03/zl-ihvhiewr2875426.d.html)；[证券时报·数据宝，2021](https://xueqiu.com/6089013236/178955965)）,https://xueqiu.com/6089013236/178955965
WEB-0506,企业资产配置调研报告.md,32,plain_url,- **资产负债率更高且更稳定**：A 股非金融上市公司整体资产负债率 2013 年后稳定在 **60% 左右**，中位数约 40.9%（2020）。（[粤开证券李奇霖，2019](https://finance.sina.cn/zl/2019-04-03/zl-ihvhiewr2875426.d.html)；[证券时报·数据宝，2021](https://xueqiu.com/6089013236/178955965)）,https://xueqiu.com/6089013236/178955965
WEB-0506,企业资产配置调研报告.md,36,markdown_link,- **行业分化**：2020 年 A 股 404 家非金融公司资产负债率超 70%，38 家资不抵债；建筑、地产等行业杠杆长期高位。（[证券时报·数据宝，2021](https://xueqiu.com/6089013236/178955965)）,https://xueqiu.com/6089013236/178955965
WEB-0506,企业资产配置调研报告.md,36,plain_url,- **行业分化**：2020 年 A 股 404 家非金融公司资产负债率超 70%，38 家资不抵债；建筑、地产等行业杠杆长期高位。（[证券时报·数据宝，2021](https://xueqiu.com/6089013236/178955965)）,https://xueqiu.com/6089013236/178955965
WEB-0507,最终数据/最终数据/research/media_sentiment_gold_paper/metadata/europepmc_fulltext.xml,112,plain_url,"</td></tr><tr><td align=""center"" valign=""middle"" rowspan=""1"" colspan=""1"">XGBoost</td><td align=""center"" valign=""middle"" rowspan=""1"" colspan=""1"">289.457</td><td align=""center"" valign=""middle"" rowspan=""1"" colspan=""1"">91,267.845</td><td align=""center"" valign=""middle"" rowspan=""1"" colspan=""1"">302.105</td><td align=""center"" valign=""middle"" rowspan=""1"" colspan=""1"">16.894</td><td align=""center"" valign=""middle"" rowspan=""1"" colspan=""1"">−9.765</td></tr><tr><td align=""center"" valign=""middle"" style=""border-b",https://xueshu.baidu.com/ndscholar/browse/detail?paperid=a3f467ded7447d54b618d2c3335d37f3&site=xueshu_se
REF-0001,计划书/references.bib,186,bib_no_url,"@misc{preaudit2026,
  author      = {{项目团队}},
  title       = {40国候选样本数据接口预审记录},
  year        = {2026},
  note        = {2026-08-15只读预审；非正式数据集，不得替代后续冻结后的质量报告}
}",
