asset_id,asset_class,title,publisher,publication_date,category,evidence_grade,purpose,supported_claim,limitations,original_url,canonical_url,final_url,cited_in,citation_locations,original_project_path,local_path,mime_type,extension,size_bytes,sha256,data_period_start,data_period_end,frequency,geography,key_fields,unit,raw_proxy_simulated,download_status,http_status,request_method,request_started_at,request_headers_profile,response_headers_safe,access_date,license_name,license_url,redistribution_scope,duplicate_of_asset_id,replacement_source,missing_reason,next_action
LCL-0001,local,~$XH-202612比赛硬性要求与评分标准_含技术方案.xlsx,项目已有资料,2026-08-13,01_比赛与项目基线,内部,确认赛题约束、评分规则、项目边界和原始需求。,作为比赛与项目基线的本地证据或项目产物。,应结合来源说明和版本状态使用。,,,,~$XH-202612比赛硬性要求与评分标准_含技术方案.xlsx,~$XH-202612比赛硬性要求与评分标准_含技术方案.xlsx,~$XH-202612比赛硬性要求与评分标准_含技术方案.xlsx,,,.xlsx,165,7a4e96f90a2023d863091f0af8b77d34e645a4995be456daacb74dc2b94fbc99,,,,,,,original_or_derived,EXCLUDED_SECRET,,LOCAL_FILE,,,,2026-08-16,项目内部资料或随附原始许可,,metadata_only,,,Cookie、认证痕迹或Office锁文件不属于研究资料，禁止封装。,保持旧文件不动；不得复制到任何交接包。
LCL-0002,local,02数据创新平台.pdf,项目已有资料,2026-05-31,01_比赛与项目基线,A,确认赛题约束、评分规则、项目边界和原始需求。,作为比赛与项目基线的本地证据或项目产物。,应结合来源说明和版本状态使用。,,,,02数据创新平台.pdf,02数据创新平台.pdf,02数据创新平台.pdf,01_比赛与项目基线/本地原件/02数据创新平台.pdf,,.pdf,170561,633a1bad02eb6bbc88b06960a6409f6eea6b2f3f9b24a645d653f55aa33e8e00,,,,,,,original_or_derived,ALREADY_LOCAL_VERIFIED,,LOCAL_FILE,,,,2026-08-16,项目内部资料或随附原始许可,,shared,,,,按用途读取，不修改历史原件。
LCL-0003,local,案例档案.md,项目团队,2026-08-14,03_案例库与证据,内部,为宏观危机、货币崩溃、制裁冲突和企业损失提供正反案例证据。,作为案例库与证据的本地证据或项目产物。,应结合来源说明和版本状态使用。,,,,案例库/地缘冲突与制裁篇/01_2022俄乌冲突-外储冻结/案例档案.md,案例库/地缘冲突与制裁篇/01_2022俄乌冲突-外储冻结/案例档案.md,案例库/地缘冲突与制裁篇/01_2022俄乌冲突-外储冻结/案例档案.md,03_案例库与证据/本地原件/案例库/地缘冲突与制裁篇/01_2022俄乌冲突-外储冻结/案例档案.md,,.md,10795,38ca61de31aa3259853a3a9ddf8f731ff127fa831e7b9996a9cdb3224bdb7357,,,,,,,original_or_derived,ALREADY_LOCAL_VERIFIED,,LOCAL_FILE,,,,2026-08-16,项目内部资料或随附原始许可,,shared,,,,按用途读取，不修改历史原件。
LCL-0004,local,案例档案.md,项目团队,2026-08-14,03_案例库与证据,内部,为宏观危机、货币崩溃、制裁冲突和企业损失提供正反案例证据。,作为案例库与证据的本地证据或项目产物。,应结合来源说明和版本状态使用。,,,,案例库/地缘冲突与制裁篇/02_2022俄罗斯黄金制裁免疫/案例档案.md,案例库/地缘冲突与制裁篇/02_2022俄罗斯黄金制裁免疫/案例档案.md,案例库/地缘冲突与制裁篇/02_2022俄罗斯黄金制裁免疫/案例档案.md,03_案例库与证据/本地原件/案例库/地缘冲突与制裁篇/02_2022俄罗斯黄金制裁免疫/案例档案.md,,.md,9299,e2444232ad868b3695fc26bece3b20e0bbf3b775a4e008b7b6423387bc7d6c58,,,,,,,original_or_derived,ALREADY_LOCAL_VERIFIED,,LOCAL_FILE,,,,2026-08-16,项目内部资料或随附原始许可,,shared,,,,按用途读取，不修改历史原件。
LCL-0005,local,案例档案.md,项目团队,2026-08-14,03_案例库与证据,内部,为宏观危机、货币崩溃、制裁冲突和企业损失提供正反案例证据。,作为案例库与证据的本地证据或项目产物。,应结合来源说明和版本状态使用。,,,,案例库/地缘冲突与制裁篇/03_2024以色列-伊朗冲突/案例档案.md,案例库/地缘冲突与制裁篇/03_2024以色列-伊朗冲突/案例档案.md,案例库/地缘冲突与制裁篇/03_2024以色列-伊朗冲突/案例档案.md,03_案例库与证据/本地原件/案例库/地缘冲突与制裁篇/03_2024以色列-伊朗冲突/案例档案.md,,.md,8594,8ecdfc4fa6a231bd29f6910da7493d973cae89f7f71d11864522218f0cfc696e,,,,,,,original_or_derived,ALREADY_LOCAL_VERIFIED,,LOCAL_FILE,,,,2026-08-16,项目内部资料或随附原始许可,,shared,,,,按用途读取，不修改历史原件。
LCL-0006,local,案例档案.md,项目团队,2026-08-14,03_案例库与证据,内部,为宏观危机、货币崩溃、制裁冲突和企业损失提供正反案例证据。,作为案例库与证据的本地证据或项目产物。,应结合来源说明和版本状态使用。,,,,案例库/地缘冲突与制裁篇/04_2012-2013土耳其-伊朗黄金换天然气/案例档案.md,案例库/地缘冲突与制裁篇/04_2012-2013土耳其-伊朗黄金换天然气/案例档案.md,案例库/地缘冲突与制裁篇/04_2012-2013土耳其-伊朗黄金换天然气/案例档案.md,03_案例库与证据/本地原件/案例库/地缘冲突与制裁篇/04_2012-2013土耳其-伊朗黄金换天然气/案例档案.md,,.md,10060,d057d8669e89b23b30914046bc2456f01b961cc5309c340c232658e8ac3ba693,,,,,,,original_or_derived,ALREADY_LOCAL_VERIFIED,,LOCAL_FILE,,,,2026-08-16,项目内部资料或随附原始许可,,shared,,,,按用途读取，不修改历史原件。
LCL-0007,local,案例档案.md,项目团队,2026-08-14,03_案例库与证据,内部,为宏观危机、货币崩溃、制裁冲突和企业损失提供正反案例证据。,作为案例库与证据的本地证据或项目产物。,应结合来源说明和版本状态使用。,,,,案例库/地缘冲突与制裁篇/05_2019委内瑞拉伦敦黄金冻结/案例档案.md,案例库/地缘冲突与制裁篇/05_2019委内瑞拉伦敦黄金冻结/案例档案.md,案例库/地缘冲突与制裁篇/05_2019委内瑞拉伦敦黄金冻结/案例档案.md,03_案例库与证据/本地原件/案例库/地缘冲突与制裁篇/05_2019委内瑞拉伦敦黄金冻结/案例档案.md,,.md,10256,1f80da0956f174443d8424d31f058e18b6992a37d3530362b29bcff965028a22,,,,,,,original_or_derived,ALREADY_LOCAL_VERIFIED,,LOCAL_FILE,,,,2026-08-16,项目内部资料或随附原始许可,,shared,,,,按用途读取，不修改历史原件。
LCL-0008,local,案例档案.md,项目团队,2026-08-14,03_案例库与证据,内部,为宏观危机、货币崩溃、制裁冲突和企业损失提供正反案例证据。,作为案例库与证据的本地证据或项目产物。,应结合来源说明和版本状态使用。,,,,案例库/地缘冲突与制裁篇/06_2014克里米亚危机-卢布暴跌/案例档案.md,案例库/地缘冲突与制裁篇/06_2014克里米亚危机-卢布暴跌/案例档案.md,案例库/地缘冲突与制裁篇/06_2014克里米亚危机-卢布暴跌/案例档案.md,03_案例库与证据/本地原件/案例库/地缘冲突与制裁篇/06_2014克里米亚危机-卢布暴跌/案例档案.md,,.md,9137,2abedfa0bc2bb4b73717366ac63a19e217295a93ac323fcd98f58a96625840ef,,,,,,,original_or_derived,ALREADY_LOCAL_VERIFIED,,LOCAL_FILE,,,,2026-08-16,项目内部资料或随附原始许可,,shared,,,,按用途读取，不修改历史原件。
LCL-0009,local,案例档案.md,项目团队,2026-08-14,03_案例库与证据,内部,为宏观危机、货币崩溃、制裁冲突和企业损失提供正反案例证据。,作为案例库与证据的本地证据或项目产物。,应结合来源说明和版本状态使用。,,,,案例库/地缘冲突与制裁篇/07_2018特朗普对伊制裁/案例档案.md,案例库/地缘冲突与制裁篇/07_2018特朗普对伊制裁/案例档案.md,案例库/地缘冲突与制裁篇/07_2018特朗普对伊制裁/案例档案.md,03_案例库与证据/本地原件/案例库/地缘冲突与制裁篇/07_2018特朗普对伊制裁/案例档案.md,,.md,8991,b13566a822205feaa32841ca66c1fd957f1fe190bf5cfe86fcec538e2d49548c,,,,,,,original_or_derived,ALREADY_LOCAL_VERIFIED,,LOCAL_FILE,,,,2026-08-16,项目内部资料或随附原始许可,,shared,,,,按用途读取，不修改历史原件。
LCL-0010,local,案例档案.md,项目团队,2026-08-14,03_案例库与证据,内部,为宏观危机、货币崩溃、制裁冲突和企业损失提供正反案例证据。,作为案例库与证据的本地证据或项目产物。,应结合来源说明和版本状态使用。,,,,案例库/地缘冲突与制裁篇/08_2023苏丹内战黄金经济/案例档案.md,案例库/地缘冲突与制裁篇/08_2023苏丹内战黄金经济/案例档案.md,案例库/地缘冲突与制裁篇/08_2023苏丹内战黄金经济/案例档案.md,03_案例库与证据/本地原件/案例库/地缘冲突与制裁篇/08_2023苏丹内战黄金经济/案例档案.md,,.md,9849,9534ba2c0b824032ed9abfcea5c0fd3db8262d05c14348fc91563d5c0aa27c10,,,,,,,original_or_derived,ALREADY_LOCAL_VERIFIED,,LOCAL_FILE,,,,2026-08-16,项目内部资料或随附原始许可,,shared,,,,按用途读取，不修改历史原件。
LCL-0011,local,调研方向与跨国企业筛选报告.md,项目团队,2026-08-14,03_案例库与证据,内部,为宏观危机、货币崩溃、制裁冲突和企业损失提供正反案例证据。,作为案例库与证据的本地证据或项目产物。,应结合来源说明和版本状态使用。,,,,案例库/调研方向与跨国企业筛选报告.md,案例库/调研方向与跨国企业筛选报告.md,案例库/调研方向与跨国企业筛选报告.md,03_案例库与证据/本地原件/案例库/调研方向与跨国企业筛选报告.md,,.md,10585,be0edfc04bfff8569793ca7f38258694192c192ca55accffb6dd3b253f9138ad,,,,,,,original_or_derived,ALREADY_LOCAL_VERIFIED,,LOCAL_FILE,,,,2026-08-16,项目内部资料或随附原始许可,,shared,,,,按用途读取，不修改历史原件。
LCL-0012,local,案例档案.md,项目团队,2026-08-14,03_案例库与证据,内部,为宏观危机、货币崩溃、制裁冲突和企业损失提供正反案例证据。,作为案例库与证据的本地证据或项目产物。,应结合来源说明和版本状态使用。,,,,案例库/宏观危机篇/01_1929大萧条/案例档案.md,案例库/宏观危机篇/01_1929大萧条/案例档案.md,案例库/宏观危机篇/01_1929大萧条/案例档案.md,03_案例库与证据/本地原件/案例库/宏观危机篇/01_1929大萧条/案例档案.md,,.md,7428,957431b19084505f08005bbeee7927dfd21d0a0c473409b517142ea82e00cf92,,,,,,,original_or_derived,ALREADY_LOCAL_VERIFIED,,LOCAL_FILE,,,,2026-08-16,项目内部资料或随附原始许可,,shared,,,,按用途读取，不修改历史原件。
LCL-0013,local,案例档案.md,项目团队,2026-08-14,03_案例库与证据,内部,为宏观危机、货币崩溃、制裁冲突和企业损失提供正反案例证据。,作为案例库与证据的本地证据或项目产物。,应结合来源说明和版本状态使用。,,,,案例库/宏观危机篇/02_1933罗斯福黄金新政/案例档案.md,案例库/宏观危机篇/02_1933罗斯福黄金新政/案例档案.md,案例库/宏观危机篇/02_1933罗斯福黄金新政/案例档案.md,03_案例库与证据/本地原件/案例库/宏观危机篇/02_1933罗斯福黄金新政/案例档案.md,,.md,7952,41c175c310fa25d47387304827f48cfaa455bf36835c16ae315400ca68587274,,,,,,,original_or_derived,ALREADY_LOCAL_VERIFIED,,LOCAL_FILE,,,,2026-08-16,项目内部资料或随附原始许可,,shared,,,,按用途读取，不修改历史原件。
LCL-0014,local,案例档案.md,项目团队,2026-08-14,03_案例库与证据,内部,为宏观危机、货币崩溃、制裁冲突和企业损失提供正反案例证据。,作为案例库与证据的本地证据或项目产物。,应结合来源说明和版本状态使用。,,,,案例库/宏观危机篇/03_1971布雷顿森林解体/案例档案.md,案例库/宏观危机篇/03_1971布雷顿森林解体/案例档案.md,案例库/宏观危机篇/03_1971布雷顿森林解体/案例档案.md,03_案例库与证据/本地原件/案例库/宏观危机篇/03_1971布雷顿森林解体/案例档案.md,,.md,7637,60cf5753a3aea3ea5f4ef82eb3031587a39509722f38a9b86a451d2685d40f10,,,,,,,original_or_derived,ALREADY_LOCAL_VERIFIED,,LOCAL_FILE,,,,2026-08-16,项目内部资料或随附原始许可,,shared,,,,按用途读取，不修改历史原件。
LCL-0015,local,案例档案.md,项目团队,2026-08-14,03_案例库与证据,内部,为宏观危机、货币崩溃、制裁冲突和企业损失提供正反案例证据。,作为案例库与证据的本地证据或项目产物。,应结合来源说明和版本状态使用。,,,,案例库/宏观危机篇/04_1973-1980滞胀大牛市/案例档案.md,案例库/宏观危机篇/04_1973-1980滞胀大牛市/案例档案.md,案例库/宏观危机篇/04_1973-1980滞胀大牛市/案例档案.md,03_案例库与证据/本地原件/案例库/宏观危机篇/04_1973-1980滞胀大牛市/案例档案.md,,.md,7896,0c1aaedf791fe58dead1c9f122b52f95a682fdba0d2b63e9f71c48f169e7d087,,,,,,,original_or_derived,ALREADY_LOCAL_VERIFIED,,LOCAL_FILE,,,,2026-08-16,项目内部资料或随附原始许可,,shared,,,,按用途读取，不修改历史原件。
LCL-0016,local,案例档案.md,项目团队,2026-08-14,03_案例库与证据,内部,为宏观危机、货币崩溃、制裁冲突和企业损失提供正反案例证据。,作为案例库与证据的本地证据或项目产物。,应结合来源说明和版本状态使用。,,,,案例库/宏观危机篇/06_1987黑色星期一/案例档案.md,案例库/宏观危机篇/06_1987黑色星期一/案例档案.md,案例库/宏观危机篇/06_1987黑色星期一/案例档案.md,03_案例库与证据/本地原件/案例库/宏观危机篇/06_1987黑色星期一/案例档案.md,,.md,8557,636509e5f9c15a3b4e02ecbf00ba93ebb5e62d6811f2ddd2838c1eeca200b113,,,,,,,original_or_derived,ALREADY_LOCAL_VERIFIED,,LOCAL_FILE,,,,2026-08-16,项目内部资料或随附原始许可,,shared,,,,按用途读取，不修改历史原件。
LCL-0017,local,案例档案.md,项目团队,2026-08-14,03_案例库与证据,内部,为宏观危机、货币崩溃、制裁冲突和企业损失提供正反案例证据。,作为案例库与证据的本地证据或项目产物。,应结合来源说明和版本状态使用。,,,,案例库/宏观危机篇/07_1997亚洲金融危机/案例档案.md,案例库/宏观危机篇/07_1997亚洲金融危机/案例档案.md,案例库/宏观危机篇/07_1997亚洲金融危机/案例档案.md,03_案例库与证据/本地原件/案例库/宏观危机篇/07_1997亚洲金融危机/案例档案.md,,.md,8544,46a87119a61e3db5bbaeb6d675567fab247db48663ced81ded9031084d3ca78d,,,,,,,original_or_derived,ALREADY_LOCAL_VERIFIED,,LOCAL_FILE,,,,2026-08-16,项目内部资料或随附原始许可,,shared,,,,按用途读取，不修改历史原件。
LCL-0018,local,案例档案.md,项目团队,2026-08-14,03_案例库与证据,内部,为宏观危机、货币崩溃、制裁冲突和企业损失提供正反案例证据。,作为案例库与证据的本地证据或项目产物。,应结合来源说明和版本状态使用。,,,,案例库/宏观危机篇/08_2000互联网泡沫/案例档案.md,案例库/宏观危机篇/08_2000互联网泡沫/案例档案.md,案例库/宏观危机篇/08_2000互联网泡沫/案例档案.md,03_案例库与证据/本地原件/案例库/宏观危机篇/08_2000互联网泡沫/案例档案.md,,.md,7902,4bdebdb6a3168476ab6369fe8d86331bae90e2c7108bba85ee17410c3fc3c7f8,,,,,,,original_or_derived,ALREADY_LOCAL_VERIFIED,,LOCAL_FILE,,,,2026-08-16,项目内部资料或随附原始许可,,shared,,,,按用途读取，不修改历史原件。
LCL-0019,local,案例档案.md,项目团队,2026-08-14,03_案例库与证据,内部,为宏观危机、货币崩溃、制裁冲突和企业损失提供正反案例证据。,作为案例库与证据的本地证据或项目产物。,应结合来源说明和版本状态使用。,,,,案例库/宏观危机篇/09_2008全球金融危机/案例档案.md,案例库/宏观危机篇/09_2008全球金融危机/案例档案.md,案例库/宏观危机篇/09_2008全球金融危机/案例档案.md,03_案例库与证据/本地原件/案例库/宏观危机篇/09_2008全球金融危机/案例档案.md,,.md,7301,22426a399cbebdf82f29c0e1eaf6e68ca064377bc61652494d8476e0877ab9b9,,,,,,,original_or_derived,ALREADY_LOCAL_VERIFIED,,LOCAL_FILE,,,,2026-08-16,项目内部资料或随附原始许可,,shared,,,,按用途读取，不修改历史原件。
LCL-0020,local,案例档案.md,项目团队,2026-08-14,03_案例库与证据,内部,为宏观危机、货币崩溃、制裁冲突和企业损失提供正反案例证据。,作为案例库与证据的本地证据或项目产物。,应结合来源说明和版本状态使用。,,,,案例库/宏观危机篇/10_1990日本资产泡沫破裂/案例档案.md,案例库/宏观危机篇/10_1990日本资产泡沫破裂/案例档案.md,案例库/宏观危机篇/10_1990日本资产泡沫破裂/案例档案.md,03_案例库与证据/本地原件/案例库/宏观危机篇/10_1990日本资产泡沫破裂/案例档案.md,,.md,10433,e98534562a7563247fcaae993ad008ac6fc44de3e7fa9a70a551ac739e1c378e,,,,,,,original_or_derived,ALREADY_LOCAL_VERIFIED,,LOCAL_FILE,,,,2026-08-16,项目内部资料或随附原始许可,,shared,,,,按用途读取，不修改历史原件。
LCL-0021,local,案例档案.md,项目团队,2026-08-14,03_案例库与证据,内部,为宏观危机、货币崩溃、制裁冲突和企业损失提供正反案例证据。,作为案例库与证据的本地证据或项目产物。,应结合来源说明和版本状态使用。,,,,案例库/宏观危机篇/11_1994墨西哥龙舌兰危机/案例档案.md,案例库/宏观危机篇/11_1994墨西哥龙舌兰危机/案例档案.md,案例库/宏观危机篇/11_1994墨西哥龙舌兰危机/案例档案.md,03_案例库与证据/本地原件/案例库/宏观危机篇/11_1994墨西哥龙舌兰危机/案例档案.md,,.md,10734,e4eb351fdcd1418ec31d724c1a48ab4db0b3ae2822b2183353cdc682f081182c,,,,,,,original_or_derived,ALREADY_LOCAL_VERIFIED,,LOCAL_FILE,,,,2026-08-16,项目内部资料或随附原始许可,,shared,,,,按用途读取，不修改历史原件。
LCL-0022,local,案例档案.md,项目团队,2026-08-14,03_案例库与证据,内部,为宏观危机、货币崩溃、制裁冲突和企业损失提供正反案例证据。,作为案例库与证据的本地证据或项目产物。,应结合来源说明和版本状态使用。,,,,案例库/宏观危机篇/11_2013黄金暴跌（反面案例）/案例档案.md,案例库/宏观危机篇/11_2013黄金暴跌（反面案例）/案例档案.md,案例库/宏观危机篇/11_2013黄金暴跌（反面案例）/案例档案.md,03_案例库与证据/本地原件/案例库/宏观危机篇/11_2013黄金暴跌（反面案例）/案例档案.md,,.md,8478,38d5d21f2096ca496954e7dcf5b8d45785d8b61b249149cc877622bc40c31aa5,,,,,,,original_or_derived,ALREADY_LOCAL_VERIFIED,,LOCAL_FILE,,,,2026-08-16,项目内部资料或随附原始许可,,shared,,,,按用途读取，不修改历史原件。
LCL-0023,local,案例档案.md,项目团队,2026-08-14,03_案例库与证据,内部,为宏观危机、货币崩溃、制裁冲突和企业损失提供正反案例证据。,作为案例库与证据的本地证据或项目产物。,应结合来源说明和版本状态使用。,,,,案例库/宏观危机篇/12_1998俄罗斯金融危机/案例档案.md,案例库/宏观危机篇/12_1998俄罗斯金融危机/案例档案.md,案例库/宏观危机篇/12_1998俄罗斯金融危机/案例档案.md,03_案例库与证据/本地原件/案例库/宏观危机篇/12_1998俄罗斯金融危机/案例档案.md,,.md,11093,57c13ca0555fb0fc44e43e8c083d6dcc0b9ee065b5a243615f2bf02d1debf67b,,,,,,,original_or_derived,ALREADY_LOCAL_VERIFIED,,LOCAL_FILE,,,,2026-08-16,项目内部资料或随附原始许可,,shared,,,,按用途读取，不修改历史原件。
LCL-0024,local,案例档案.md,项目团队,2026-08-14,03_案例库与证据,内部,为宏观危机、货币崩溃、制裁冲突和企业损失提供正反案例证据。,作为案例库与证据的本地证据或项目产物。,应结合来源说明和版本状态使用。,,,,案例库/宏观危机篇/13_2001阿根廷债务危机/案例档案.md,案例库/宏观危机篇/13_2001阿根廷债务危机/案例档案.md,案例库/宏观危机篇/13_2001阿根廷债务危机/案例档案.md,03_案例库与证据/本地原件/案例库/宏观危机篇/13_2001阿根廷债务危机/案例档案.md,,.md,9797,8267298becbfdecdfa572bc34c8f7015eff68d87b37331d58ac9255aa1d6037f,,,,,,,original_or_derived,ALREADY_LOCAL_VERIFIED,,LOCAL_FILE,,,,2026-08-16,项目内部资料或随附原始许可,,shared,,,,按用途读取，不修改历史原件。
LCL-0025,local,案例档案.md,项目团队,2026-08-14,03_案例库与证据,内部,为宏观危机、货币崩溃、制裁冲突和企业损失提供正反案例证据。,作为案例库与证据的本地证据或项目产物。,应结合来源说明和版本状态使用。,,,,案例库/宏观危机篇/14_2010欧洲主权债务危机/案例档案.md,案例库/宏观危机篇/14_2010欧洲主权债务危机/案例档案.md,案例库/宏观危机篇/14_2010欧洲主权债务危机/案例档案.md,03_案例库与证据/本地原件/案例库/宏观危机篇/14_2010欧洲主权债务危机/案例档案.md,,.md,9379,b27e887e2ffb6fbc007314dbc8c6bf4a2cbea98cb76de09739dd7d97c2bfcf45,,,,,,,original_or_derived,ALREADY_LOCAL_VERIFIED,,LOCAL_FILE,,,,2026-08-16,项目内部资料或随附原始许可,,shared,,,,按用途读取，不修改历史原件。
LCL-0026,local,案例档案.md,项目团队,2026-08-14,03_案例库与证据,内部,为宏观危机、货币崩溃、制裁冲突和企业损失提供正反案例证据。,作为案例库与证据的本地证据或项目产物。,应结合来源说明和版本状态使用。,,,,案例库/宏观危机篇/15_2020疫情全球市场崩盘/案例档案.md,案例库/宏观危机篇/15_2020疫情全球市场崩盘/案例档案.md,案例库/宏观危机篇/15_2020疫情全球市场崩盘/案例档案.md,03_案例库与证据/本地原件/案例库/宏观危机篇/15_2020疫情全球市场崩盘/案例档案.md,,.md,11285,d21febed31c850aab61f9e2cf48107dcdad9e7e07277c17addb5e47be22721ff,,,,,,,original_or_derived,ALREADY_LOCAL_VERIFIED,,LOCAL_FILE,,,,2026-08-16,项目内部资料或随附原始许可,,shared,,,,按用途读取，不修改历史原件。
LCL-0027,local,案例档案.md,项目团队,2026-08-14,03_案例库与证据,内部,为宏观危机、货币崩溃、制裁冲突和企业损失提供正反案例证据。,作为案例库与证据的本地证据或项目产物。,应结合来源说明和版本状态使用。,,,,案例库/宏观危机篇/16_2022美联储激进加息周期/案例档案.md,案例库/宏观危机篇/16_2022美联储激进加息周期/案例档案.md,案例库/宏观危机篇/16_2022美联储激进加息周期/案例档案.md,03_案例库与证据/本地原件/案例库/宏观危机篇/16_2022美联储激进加息周期/案例档案.md,,.md,11786,77f24ccb455a254f69286b92f59dfb957c8cb2ad7ad8488207a40cf80e613b11,,,,,,,original_or_derived,ALREADY_LOCAL_VERIFIED,,LOCAL_FILE,,,,2026-08-16,项目内部资料或随附原始许可,,shared,,,,按用途读取，不修改历史原件。
LCL-0028,local,案例档案.md,项目团队,2026-08-14,03_案例库与证据,内部,为宏观危机、货币崩溃、制裁冲突和企业损失提供正反案例证据。,作为案例库与证据的本地证据或项目产物。,应结合来源说明和版本状态使用。,,,,案例库/宏观危机篇/17_1980-2000黄金熊市_反面案例/案例档案.md,案例库/宏观危机篇/17_1980-2000黄金熊市_反面案例/案例档案.md,案例库/宏观危机篇/17_1980-2000黄金熊市_反面案例/案例档案.md,03_案例库与证据/本地原件/案例库/宏观危机篇/17_1980-2000黄金熊市_反面案例/案例档案.md,,.md,9003,d92d60172efe85bada598866efa8fc42c7c64ad23880c5dc5424d531d569f207,,,,,,,original_or_derived,ALREADY_LOCAL_VERIFIED,,LOCAL_FILE,,,,2026-08-16,项目内部资料或随附原始许可,,shared,,,,按用途读取，不修改历史原件。
LCL-0029,local,案例档案.md,项目团队,2026-08-14,03_案例库与证据,内部,为宏观危机、货币崩溃、制裁冲突和企业损失提供正反案例证据。,作为案例库与证据的本地证据或项目产物。,应结合来源说明和版本状态使用。,,,,案例库/货币崩溃篇/01_1923魏玛德国恶性通胀/案例档案.md,案例库/货币崩溃篇/01_1923魏玛德国恶性通胀/案例档案.md,案例库/货币崩溃篇/01_1923魏玛德国恶性通胀/案例档案.md,03_案例库与证据/本地原件/案例库/货币崩溃篇/01_1923魏玛德国恶性通胀/案例档案.md,,.md,7006,f34a4641742966560eac4994f896f32377e74cf851530e2e51ad0ea244d8a6f6,,,,,,,original_or_derived,ALREADY_LOCAL_VERIFIED,,LOCAL_FILE,,,,2026-08-16,项目内部资料或随附原始许可,,shared,,,,按用途读取，不修改历史原件。
LCL-0030,local,案例档案.md,项目团队,2026-08-14,03_案例库与证据,内部,为宏观危机、货币崩溃、制裁冲突和企业损失提供正反案例证据。,作为案例库与证据的本地证据或项目产物。,应结合来源说明和版本状态使用。,,,,案例库/货币崩溃篇/02_2008津巴布韦恶性通胀/案例档案.md,案例库/货币崩溃篇/02_2008津巴布韦恶性通胀/案例档案.md,案例库/货币崩溃篇/02_2008津巴布韦恶性通胀/案例档案.md,03_案例库与证据/本地原件/案例库/货币崩溃篇/02_2008津巴布韦恶性通胀/案例档案.md,,.md,8972,ff098f04bd6fbf7a37b53188a75cffc3e3a87bc9d513a5cb6e51762df9b3d6c3,,,,,,,original_or_derived,ALREADY_LOCAL_VERIFIED,,LOCAL_FILE,,,,2026-08-16,项目内部资料或随附原始许可,,shared,,,,按用途读取，不修改历史原件。
LCL-0031,local,案例档案.md,项目团队,2026-08-14,03_案例库与证据,内部,为宏观危机、货币崩溃、制裁冲突和企业损失提供正反案例证据。,作为案例库与证据的本地证据或项目产物。,应结合来源说明和版本状态使用。,,,,案例库/货币崩溃篇/03_2015-2021委内瑞拉玻利瓦尔/案例档案.md,案例库/货币崩溃篇/03_2015-2021委内瑞拉玻利瓦尔/案例档案.md,案例库/货币崩溃篇/03_2015-2021委内瑞拉玻利瓦尔/案例档案.md,03_案例库与证据/本地原件/案例库/货币崩溃篇/03_2015-2021委内瑞拉玻利瓦尔/案例档案.md,,.md,9136,72556782a7a38430e3e41d195b2a1d078a91505d1e5627deee3adab87c7c747a,,,,,,,original_or_derived,ALREADY_LOCAL_VERIFIED,,LOCAL_FILE,,,,2026-08-16,项目内部资料或随附原始许可,,shared,,,,按用途读取，不修改历史原件。
LCL-0032,local,案例档案.md,项目团队,2026-08-14,03_案例库与证据,内部,为宏观危机、货币崩溃、制裁冲突和企业损失提供正反案例证据。,作为案例库与证据的本地证据或项目产物。,应结合来源说明和版本状态使用。,,,,案例库/货币崩溃篇/04_2018土耳其里拉危机/案例档案.md,案例库/货币崩溃篇/04_2018土耳其里拉危机/案例档案.md,案例库/货币崩溃篇/04_2018土耳其里拉危机/案例档案.md,03_案例库与证据/本地原件/案例库/货币崩溃篇/04_2018土耳其里拉危机/案例档案.md,,.md,11871,547c9d7278800bda1e49ebcd5c413fb44a490199a5ef18153090919efdb52212,,,,,,,original_or_derived,ALREADY_LOCAL_VERIFIED,,LOCAL_FILE,,,,2026-08-16,项目内部资料或随附原始许可,,shared,,,,按用途读取，不修改历史原件。
LCL-0033,local,案例档案.md,项目团队,2026-08-14,03_案例库与证据,内部,为宏观危机、货币崩溃、制裁冲突和企业损失提供正反案例证据。,作为案例库与证据的本地证据或项目产物。,应结合来源说明和版本状态使用。,,,,案例库/货币崩溃篇/05_2019-2023黎巴嫩镑崩溃/案例档案.md,案例库/货币崩溃篇/05_2019-2023黎巴嫩镑崩溃/案例档案.md,案例库/货币崩溃篇/05_2019-2023黎巴嫩镑崩溃/案例档案.md,03_案例库与证据/本地原件/案例库/货币崩溃篇/05_2019-2023黎巴嫩镑崩溃/案例档案.md,,.md,8116,dea2e3120bf55e879cc9c7243d2ca2c8040b97d1d19eecaaa6040752c8dce8c1,,,,,,,original_or_derived,ALREADY_LOCAL_VERIFIED,,LOCAL_FILE,,,,2026-08-16,项目内部资料或随附原始许可,,shared,,,,按用途读取，不修改历史原件。
LCL-0034,local,案例档案.md,项目团队,2026-08-14,03_案例库与证据,内部,为宏观危机、货币崩溃、制裁冲突和企业损失提供正反案例证据。,作为案例库与证据的本地证据或项目产物。,应结合来源说明和版本状态使用。,,,,案例库/货币崩溃篇/06_2022-2024尼日利亚奈拉崩溃/案例档案.md,案例库/货币崩溃篇/06_2022-2024尼日利亚奈拉崩溃/案例档案.md,案例库/货币崩溃篇/06_2022-2024尼日利亚奈拉崩溃/案例档案.md,03_案例库与证据/本地原件/案例库/货币崩溃篇/06_2022-2024尼日利亚奈拉崩溃/案例档案.md,,.md,11287,c676fc774e9f49c55769451058253fb211303c5bd26dea5d3617dadcd884121a,,,,,,,original_or_derived,ALREADY_LOCAL_VERIFIED,,LOCAL_FILE,,,,2026-08-16,项目内部资料或随附原始许可,,shared,,,,按用途读取，不修改历史原件。
LCL-0035,local,案例档案.md,项目团队,2026-08-14,03_案例库与证据,内部,为宏观危机、货币崩溃、制裁冲突和企业损失提供正反案例证据。,作为案例库与证据的本地证据或项目产物。,应结合来源说明和版本状态使用。,,,,案例库/货币崩溃篇/07_2022-2024埃及镑贬值/案例档案.md,案例库/货币崩溃篇/07_2022-2024埃及镑贬值/案例档案.md,案例库/货币崩溃篇/07_2022-2024埃及镑贬值/案例档案.md,03_案例库与证据/本地原件/案例库/货币崩溃篇/07_2022-2024埃及镑贬值/案例档案.md,,.md,10894,25abdbce17628fda39125f440080675ea49ef5d80ccb47136cc6b4cd99ecc456,,,,,,,original_or_derived,ALREADY_LOCAL_VERIFIED,,LOCAL_FILE,,,,2026-08-16,项目内部资料或随附原始许可,,shared,,,,按用途读取，不修改历史原件。
LCL-0036,local,案例档案.md,项目团队,2026-08-14,03_案例库与证据,内部,为宏观危机、货币崩溃、制裁冲突和企业损失提供正反案例证据。,作为案例库与证据的本地证据或项目产物。,应结合来源说明和版本状态使用。,,,,案例库/货币崩溃篇/08_2010-2025伊朗里亚尔/案例档案.md,案例库/货币崩溃篇/08_2010-2025伊朗里亚尔/案例档案.md,案例库/货币崩溃篇/08_2010-2025伊朗里亚尔/案例档案.md,03_案例库与证据/本地原件/案例库/货币崩溃篇/08_2010-2025伊朗里亚尔/案例档案.md,,.md,11949,5b0b15bba05447c6260579521e3b79e694378bbd1d4fb917002aec93447e4525,,,,,,,original_or_derived,ALREADY_LOCAL_VERIFIED,,LOCAL_FILE,,,,2026-08-16,项目内部资料或随附原始许可,,shared,,,,按用途读取，不修改历史原件。
LCL-0037,local,案例档案.md,项目团队,2026-08-14,03_案例库与证据,内部,为宏观危机、货币崩溃、制裁冲突和企业损失提供正反案例证据。,作为案例库与证据的本地证据或项目产物。,应结合来源说明和版本状态使用。,,,,案例库/货币崩溃篇/09_2023-2024阿根廷比索危机/案例档案.md,案例库/货币崩溃篇/09_2023-2024阿根廷比索危机/案例档案.md,案例库/货币崩溃篇/09_2023-2024阿根廷比索危机/案例档案.md,03_案例库与证据/本地原件/案例库/货币崩溃篇/09_2023-2024阿根廷比索危机/案例档案.md,,.md,11977,af8a8be173e55c69a061d17635cb8f9d29360174ffc019ca1a02c2a034ce017b,,,,,,,original_or_derived,ALREADY_LOCAL_VERIFIED,,LOCAL_FILE,,,,2026-08-16,项目内部资料或随附原始许可,,shared,,,,按用途读取，不修改历史原件。
LCL-0038,local,案例档案.md,项目团队,2026-08-14,03_案例库与证据,内部,为宏观危机、货币崩溃、制裁冲突和企业损失提供正反案例证据。,作为案例库与证据的本地证据或项目产物。,应结合来源说明和版本状态使用。,,,,案例库/货币崩溃篇/10_1998俄罗斯卢布危机/案例档案.md,案例库/货币崩溃篇/10_1998俄罗斯卢布危机/案例档案.md,案例库/货币崩溃篇/10_1998俄罗斯卢布危机/案例档案.md,03_案例库与证据/本地原件/案例库/货币崩溃篇/10_1998俄罗斯卢布危机/案例档案.md,,.md,8688,95092cf2c9a439299add44aa7397c2ab17320549fd544996691483f5850b31d5,,,,,,,original_or_derived,ALREADY_LOCAL_VERIFIED,,LOCAL_FILE,,,,2026-08-16,项目内部资料或随附原始许可,,shared,,,,按用途读取，不修改历史原件。
LCL-0039,local,案例档案.md,项目团队,2026-08-14,03_案例库与证据,内部,为宏观危机、货币崩溃、制裁冲突和企业损失提供正反案例证据。,作为案例库与证据的本地证据或项目产物。,应结合来源说明和版本状态使用。,,,,案例库/微观企业篇/01_MTN尼日利亚/案例档案.md,案例库/微观企业篇/01_MTN尼日利亚/案例档案.md,案例库/微观企业篇/01_MTN尼日利亚/案例档案.md,03_案例库与证据/本地原件/案例库/微观企业篇/01_MTN尼日利亚/案例档案.md,,.md,8063,3e8562d7f2430a9784c9e38eedd4541a278849bf66907e4c2984cd00394363d3,,,,,,,original_or_derived,ALREADY_LOCAL_VERIFIED,,LOCAL_FILE,,,,2026-08-16,项目内部资料或随附原始许可,,shared,,,,按用途读取，不修改历史原件。
LCL-0040,local,案例档案.md,项目团队,2026-08-14,03_案例库与证据,内部,为宏观危机、货币崩溃、制裁冲突和企业损失提供正反案例证据。,作为案例库与证据的本地证据或项目产物。,应结合来源说明和版本状态使用。,,,,案例库/微观企业篇/02_雀巢尼日利亚/案例档案.md,案例库/微观企业篇/02_雀巢尼日利亚/案例档案.md,案例库/微观企业篇/02_雀巢尼日利亚/案例档案.md,03_案例库与证据/本地原件/案例库/微观企业篇/02_雀巢尼日利亚/案例档案.md,,.md,7632,df56673629223d3ed6ff685757ab7582ba2f3f414e68673dd851b481f0c51fe4,,,,,,,original_or_derived,ALREADY_LOCAL_VERIFIED,,LOCAL_FILE,,,,2026-08-16,项目内部资料或随附原始许可,,shared,,,,按用途读取，不修改历史原件。
LCL-0041,local,案例档案.md,项目团队,2026-08-14,03_案例库与证据,内部,为宏观危机、货币崩溃、制裁冲突和企业损失提供正反案例证据。,作为案例库与证据的本地证据或项目产物。,应结合来源说明和版本状态使用。,,,,案例库/微观企业篇/03_ABInBev阿根廷/案例档案.md,案例库/微观企业篇/03_ABInBev阿根廷/案例档案.md,案例库/微观企业篇/03_ABInBev阿根廷/案例档案.md,03_案例库与证据/本地原件/案例库/微观企业篇/03_ABInBev阿根廷/案例档案.md,,.md,6793,bb37d9c9f676f8b9787f7e3879f8eabe247b64f1054713338dd96a5fad6a8db8,,,,,,,original_or_derived,ALREADY_LOCAL_VERIFIED,,LOCAL_FILE,,,,2026-08-16,项目内部资料或随附原始许可,,shared,,,,按用途读取，不修改历史原件。
LCL-0042,local,案例档案.md,项目团队,2026-08-14,03_案例库与证据,内部,为宏观危机、货币崩溃、制裁冲突和企业损失提供正反案例证据。,作为案例库与证据的本地证据或项目产物。,应结合来源说明和版本状态使用。,,,,案例库/微观企业篇/04_传音控股/案例档案.md,案例库/微观企业篇/04_传音控股/案例档案.md,案例库/微观企业篇/04_传音控股/案例档案.md,03_案例库与证据/本地原件/案例库/微观企业篇/04_传音控股/案例档案.md,,.md,8728,5e9a59c62da3cb61058c8228f190fe9d6dd25bdb57f5809ff184b2f2c7114acd,,,,,,,original_or_derived,ALREADY_LOCAL_VERIFIED,,LOCAL_FILE,,,,2026-08-16,项目内部资料或随附原始许可,,shared,,,,按用途读取，不修改历史原件。
LCL-0043,local,案例档案.md,项目团队,2026-08-14,03_案例库与证据,内部,为宏观危机、货币崩溃、制裁冲突和企业损失提供正反案例证据。,作为案例库与证据的本地证据或项目产物。,应结合来源说明和版本状态使用。,,,,案例库/微观企业篇/05_华为/案例档案.md,案例库/微观企业篇/05_华为/案例档案.md,案例库/微观企业篇/05_华为/案例档案.md,03_案例库与证据/本地原件/案例库/微观企业篇/05_华为/案例档案.md,,.md,8194,4179be7f02249498fa10ff8d5f4d764aea2516a44b886ecfb1a167b94207e21f,,,,,,,original_or_derived,ALREADY_LOCAL_VERIFIED,,LOCAL_FILE,,,,2026-08-16,项目内部资料或随附原始许可,,shared,,,,按用途读取，不修改历史原件。
LCL-0044,local,案例档案.md,项目团队,2026-08-14,03_案例库与证据,内部,为宏观危机、货币崩溃、制裁冲突和企业损失提供正反案例证据。,作为案例库与证据的本地证据或项目产物。,应结合来源说明和版本状态使用。,,,,案例库/微观企业篇/06_雷诺法兴俄罗斯退出/案例档案.md,案例库/微观企业篇/06_雷诺法兴俄罗斯退出/案例档案.md,案例库/微观企业篇/06_雷诺法兴俄罗斯退出/案例档案.md,03_案例库与证据/本地原件/案例库/微观企业篇/06_雷诺法兴俄罗斯退出/案例档案.md,,.md,8769,ec8c0df254eccec274ca653b9262554bd98dec52d68d0e56a284932782b7e47d,,,,,,,original_or_derived,ALREADY_LOCAL_VERIFIED,,LOCAL_FILE,,,,2026-08-16,项目内部资料或随附原始许可,,shared,,,,按用途读取，不修改历史原件。
LCL-0045,local,案例档案.md,项目团队,2026-08-14,03_案例库与证据,内部,为宏观危机、货币崩溃、制裁冲突和企业损失提供正反案例证据。,作为案例库与证据的本地证据或项目产物。,应结合来源说明和版本状态使用。,,,,案例库/微观企业篇/07_IATA航司被困资金/案例档案.md,案例库/微观企业篇/07_IATA航司被困资金/案例档案.md,案例库/微观企业篇/07_IATA航司被困资金/案例档案.md,03_案例库与证据/本地原件/案例库/微观企业篇/07_IATA航司被困资金/案例档案.md,,.md,8428,4d7670c31db201f252d1019b39e5704ab0489e1dd609f99a05bfb6ca90460204,,,,,,,original_or_derived,ALREADY_LOCAL_VERIFIED,,LOCAL_FILE,,,,2026-08-16,项目内部资料或随附原始许可,,shared,,,,按用途读取，不修改历史原件。
LCL-0046,local,案例档案.md,项目团队,2026-08-14,03_案例库与证据,内部,为宏观危机、货币崩溃、制裁冲突和企业损失提供正反案例证据。,作为案例库与证据的本地证据或项目产物。,应结合来源说明和版本状态使用。,,,,案例库/微观企业篇/08_Palantir黑天鹅黄金/案例档案.md,案例库/微观企业篇/08_Palantir黑天鹅黄金/案例档案.md,案例库/微观企业篇/08_Palantir黑天鹅黄金/案例档案.md,03_案例库与证据/本地原件/案例库/微观企业篇/08_Palantir黑天鹅黄金/案例档案.md,,.md,8027,5ffebe5c13edc33cf009e1cb653c8a42a438b99ba5e7b4defaea0c839f1a22ba,,,,,,,original_or_derived,ALREADY_LOCAL_VERIFIED,,LOCAL_FILE,,,,2026-08-16,项目内部资料或随附原始许可,,shared,,,,按用途读取，不修改历史原件。
LCL-0047,local,案例档案.md,项目团队,2026-08-14,03_案例库与证据,内部,为宏观危机、货币崩溃、制裁冲突和企业损失提供正反案例证据。,作为案例库与证据的本地证据或项目产物。,应结合来源说明和版本状态使用。,,,,案例库/微观企业篇/09_Tether黄金储备/案例档案.md,案例库/微观企业篇/09_Tether黄金储备/案例档案.md,案例库/微观企业篇/09_Tether黄金储备/案例档案.md,03_案例库与证据/本地原件/案例库/微观企业篇/09_Tether黄金储备/案例档案.md,,.md,8207,bd6ff04a06f0ba260392c74350a38ca8a9ce9e34a11c5c3da42fa68bd39c7230,,,,,,,original_or_derived,ALREADY_LOCAL_VERIFIED,,LOCAL_FILE,,,,2026-08-16,项目内部资料或随附原始许可,,shared,,,,按用途读取，不修改历史原件。
LCL-0048,local,案例档案.md,项目团队,2026-08-14,03_案例库与证据,内部,为宏观危机、货币崩溃、制裁冲突和企业损失提供正反案例证据。,作为案例库与证据的本地证据或项目产物。,应结合来源说明和版本状态使用。,,,,案例库/微观企业篇/10_中国黄金会计错配_反面/案例档案.md,案例库/微观企业篇/10_中国黄金会计错配_反面/案例档案.md,案例库/微观企业篇/10_中国黄金会计错配_反面/案例档案.md,03_案例库与证据/本地原件/案例库/微观企业篇/10_中国黄金会计错配_反面/案例档案.md,,.md,8451,d83dfd7c8f2fa7efe070a80465d5813824a087e7f4baf7ec1969b67e90b4ee57,,,,,,,original_or_derived,ALREADY_LOCAL_VERIFIED,,LOCAL_FILE,,,,2026-08-16,项目内部资料或随附原始许可,,shared,,,,按用途读取，不修改历史原件。
LCL-0049,local,README_案例库总览.md,项目团队,2026-08-14,03_案例库与证据,内部,为宏观危机、货币崩溃、制裁冲突和企业损失提供正反案例证据。,作为案例库与证据的本地证据或项目产物。,应结合来源说明和版本状态使用。,,,,案例库/README_案例库总览.md,案例库/README_案例库总览.md,案例库/README_案例库总览.md,03_案例库与证据/本地原件/案例库/README_案例库总览.md,,.md,11555,f1e4bf31de5a03501bf477c95f8be48bb860115589ab8c464abbf21cd89379cc,,,,,,,original_or_derived,ALREADY_LOCAL_VERIFIED,,LOCAL_FILE,,,,2026-08-16,项目内部资料或随附原始许可,,shared,,,,按用途读取，不修改历史原件。
LCL-0050,local,方案整合与实施路径.pdf,项目已有资料,2026-08-14,02_方案演进与调研报告,内部,记录项目从黄金预测到国别风险、多币种储备和全球周期框架的演进。,作为方案演进与调研报告的本地证据或项目产物。,应结合来源说明和版本状态使用。,,,,方案整合与实施路径/方案整合与实施路径.pdf,方案整合与实施路径/方案整合与实施路径.pdf,方案整合与实施路径/方案整合与实施路径.pdf,02_方案演进与调研报告/本地原件/方案整合与实施路径/方案整合与实施路径.pdf,,.pdf,257271,88a7b97b7afd4bcda622d0cf510c7d772a2e1a8891fc3273d48965e036051ff8,,,,,,,original_or_derived,ALREADY_LOCAL_VERIFIED,,LOCAL_FILE,,,,2026-08-16,项目内部资料或随附原始许可,,shared,,,,按用途读取，不修改历史原件。
LCL-0051,local,方案整合与实施路径.tex,项目已有资料,2026-08-14,02_方案演进与调研报告,内部,记录项目从黄金预测到国别风险、多币种储备和全球周期框架的演进。,作为方案演进与调研报告的本地证据或项目产物。,应结合来源说明和版本状态使用。,,,,方案整合与实施路径/方案整合与实施路径.tex,方案整合与实施路径/方案整合与实施路径.tex,方案整合与实施路径/方案整合与实施路径.tex,02_方案演进与调研报告/本地原件/方案整合与实施路径/方案整合与实施路径.tex,,.tex,23584,43c046224dbfe9a6fba1b674f16937469f6f5313587b491864aa8ea80a7ef740,,,,,,,original_or_derived,ALREADY_LOCAL_VERIFIED,,LOCAL_FILE,,,,2026-08-16,项目内部资料或随附原始许可,,shared,,,,按用途读取，不修改历史原件。
LCL-0052,local,方案整合与实施路径.pdf,项目已有资料,2026-08-14,02_方案演进与调研报告,内部,记录项目从黄金预测到国别风险、多币种储备和全球周期框架的演进。,作为方案演进与调研报告的本地证据或项目产物。,应结合来源说明和版本状态使用。,,,,方案整合与实施路径/build/方案整合与实施路径.pdf,方案整合与实施路径/build/方案整合与实施路径.pdf,方案整合与实施路径/build/方案整合与实施路径.pdf,02_方案演进与调研报告/本地原件/方案整合与实施路径/build/方案整合与实施路径.pdf,,.pdf,250703,038613ed2177f92bf58b02c872c3ccefe3671eefbbf4ae6e36551fd0af86ffbf,,,,,,,original_or_derived,ALREADY_LOCAL_VERIFIED,,LOCAL_FILE,,,,2026-08-16,项目内部资料或随附原始许可,,shared,,,,按用途读取，不修改历史原件。
LCL-0053,local,01_项目可行性研究与参赛方案书.pdf,项目团队,2026-08-15,02_方案演进与调研报告,内部,记录项目从黄金预测到国别风险、多币种储备和全球周期框架的演进。,作为方案演进与调研报告的本地证据或项目产物。,应结合来源说明和版本状态使用。,,,,计划书/01_项目可行性研究与参赛方案书.pdf,计划书/01_项目可行性研究与参赛方案书.pdf,计划书/01_项目可行性研究与参赛方案书.pdf,02_方案演进与调研报告/本地原件/计划书/01_项目可行性研究与参赛方案书.pdf,,.pdf,390382,42f7992ea729ec4589013232c9d1d1b782f3aa70b8d3f44df6f180a86b5e3815,,,,,,,original_or_derived,ALREADY_LOCAL_VERIFIED,,LOCAL_FILE,,,,2026-08-16,项目内部资料或随附原始许可,,shared,,,,按用途读取，不修改历史原件。
LCL-0054,local,01_项目可行性研究与参赛方案书.tex,项目团队,2026-08-15,02_方案演进与调研报告,内部,记录项目从黄金预测到国别风险、多币种储备和全球周期框架的演进。,作为方案演进与调研报告的本地证据或项目产物。,应结合来源说明和版本状态使用。,,,,计划书/01_项目可行性研究与参赛方案书.tex,计划书/01_项目可行性研究与参赛方案书.tex,计划书/01_项目可行性研究与参赛方案书.tex,02_方案演进与调研报告/本地原件/计划书/01_项目可行性研究与参赛方案书.tex,,.tex,67331,6c7d13e45b64e9db6e6fb712ad610ae9931e13f59ea645d61b667ba577375a91,,,,,,,original_or_derived,ALREADY_LOCAL_VERIFIED,,LOCAL_FILE,,,,2026-08-16,项目内部资料或随附原始许可,,shared,,,,按用途读取，不修改历史原件。
LCL-0055,local,02_项目执行与协作手册.pdf,项目团队,2026-08-15,02_方案演进与调研报告,内部,记录项目从黄金预测到国别风险、多币种储备和全球周期框架的演进。,作为方案演进与调研报告的本地证据或项目产物。,应结合来源说明和版本状态使用。,,,,计划书/02_项目执行与协作手册.pdf,计划书/02_项目执行与协作手册.pdf,计划书/02_项目执行与协作手册.pdf,02_方案演进与调研报告/本地原件/计划书/02_项目执行与协作手册.pdf,,.pdf,346259,540d8960b43c2b101c231dc96dc44c82bb0ac4be57990983e9ee037f3ca51807,,,,,,,original_or_derived,ALREADY_LOCAL_VERIFIED,,LOCAL_FILE,,,,2026-08-16,项目内部资料或随附原始许可,,shared,,,,按用途读取，不修改历史原件。
LCL-0056,local,02_项目执行与协作手册.tex,项目团队,2026-08-15,02_方案演进与调研报告,内部,记录项目从黄金预测到国别风险、多币种储备和全球周期框架的演进。,作为方案演进与调研报告的本地证据或项目产物。,应结合来源说明和版本状态使用。,,,,计划书/02_项目执行与协作手册.tex,计划书/02_项目执行与协作手册.tex,计划书/02_项目执行与协作手册.tex,02_方案演进与调研报告/本地原件/计划书/02_项目执行与协作手册.tex,,.tex,44193,8eef1e280ff443b2da39cf68de499d64b417fb5a960bcc1d2fd279d2311276bd,,,,,,,original_or_derived,ALREADY_LOCAL_VERIFIED,,LOCAL_FILE,,,,2026-08-16,项目内部资料或随附原始许可,,shared,,,,按用途读取，不修改历史原件。
LCL-0057,local,03_多币种流动性与黄金战略储备周期配置计划书.pdf,项目团队,2026-08-15,02_方案演进与调研报告,内部,记录项目从黄金预测到国别风险、多币种储备和全球周期框架的演进。,作为方案演进与调研报告的本地证据或项目产物。,应结合来源说明和版本状态使用。,,,,计划书/03_多币种流动性与黄金战略储备周期配置计划书.pdf,计划书/03_多币种流动性与黄金战略储备周期配置计划书.pdf,计划书/03_多币种流动性与黄金战略储备周期配置计划书.pdf,02_方案演进与调研报告/本地原件/计划书/03_多币种流动性与黄金战略储备周期配置计划书.pdf,,.pdf,345721,b79b704b604e4c325b87ec06b8648655b112f6d13db8131e10072836b90de63f,,,,,,,original_or_derived,ALREADY_LOCAL_VERIFIED,,LOCAL_FILE,,,,2026-08-16,项目内部资料或随附原始许可,,shared,,,,按用途读取，不修改历史原件。
LCL-0058,local,03_多币种流动性与黄金战略储备周期配置计划书.tex,项目团队,2026-08-15,02_方案演进与调研报告,内部,记录项目从黄金预测到国别风险、多币种储备和全球周期框架的演进。,作为方案演进与调研报告的本地证据或项目产物。,应结合来源说明和版本状态使用。,,,,计划书/03_多币种流动性与黄金战略储备周期配置计划书.tex,计划书/03_多币种流动性与黄金战略储备周期配置计划书.tex,计划书/03_多币种流动性与黄金战略储备周期配置计划书.tex,02_方案演进与调研报告/本地原件/计划书/03_多币种流动性与黄金战略储备周期配置计划书.tex,,.tex,55815,797bbb635ba521647a7e0f693072c51876b1dca2d444cbb783812bccadd86587,,,,,,,original_or_derived,ALREADY_LOCAL_VERIFIED,,LOCAL_FILE,,,,2026-08-16,项目内部资料或随附原始许可,,shared,,,,按用途读取，不修改历史原件。
LCL-0059,local,04_亚非拉国别风险与多币种储备智能决策平台总计划书.pdf,项目团队,2026-08-15,02_方案演进与调研报告,内部,记录项目从黄金预测到国别风险、多币种储备和全球周期框架的演进。,作为方案演进与调研报告的本地证据或项目产物。,应结合来源说明和版本状态使用。,,,,计划书/04_亚非拉国别风险与多币种储备智能决策平台总计划书.pdf,计划书/04_亚非拉国别风险与多币种储备智能决策平台总计划书.pdf,计划书/04_亚非拉国别风险与多币种储备智能决策平台总计划书.pdf,02_方案演进与调研报告/本地原件/计划书/04_亚非拉国别风险与多币种储备智能决策平台总计划书.pdf,,.pdf,558120,b7de5841fb32949c2d732ffaf9c1488129bdf67262c5f1582cf8e7e5c7808e07,,,,,,,original_or_derived,ALREADY_LOCAL_VERIFIED,,LOCAL_FILE,,,,2026-08-16,项目内部资料或随附原始许可,,shared,,,,按用途读取，不修改历史原件。
LCL-0060,local,04_亚非拉国别风险与多币种储备智能决策平台总计划书.tex,项目团队,2026-08-15,02_方案演进与调研报告,内部,记录项目从黄金预测到国别风险、多币种储备和全球周期框架的演进。,作为方案演进与调研报告的本地证据或项目产物。,应结合来源说明和版本状态使用。,,,,计划书/04_亚非拉国别风险与多币种储备智能决策平台总计划书.tex,计划书/04_亚非拉国别风险与多币种储备智能决策平台总计划书.tex,计划书/04_亚非拉国别风险与多币种储备智能决策平台总计划书.tex,02_方案演进与调研报告/本地原件/计划书/04_亚非拉国别风险与多币种储备智能决策平台总计划书.tex,,.tex,159422,b995764d6208f736317ad9a8fa72c56a105fb79ed54f9a04c9ae5e8b026fd56a,,,,,,,original_or_derived,ALREADY_LOCAL_VERIFIED,,LOCAL_FILE,,,,2026-08-16,项目内部资料或随附原始许可,,shared,,,,按用途读取，不修改历史原件。
LCL-0061,local,05_全球经济周期与亚非拉国别风险多币种储备智能决策平台总计划书.pdf,项目团队,2026-08-15,02_方案演进与调研报告,内部,记录项目从黄金预测到国别风险、多币种储备和全球周期框架的演进。,作为方案演进与调研报告的本地证据或项目产物。,应结合来源说明和版本状态使用。,,,,计划书/05_全球经济周期与亚非拉国别风险多币种储备智能决策平台总计划书.pdf,计划书/05_全球经济周期与亚非拉国别风险多币种储备智能决策平台总计划书.pdf,计划书/05_全球经济周期与亚非拉国别风险多币种储备智能决策平台总计划书.pdf,02_方案演进与调研报告/本地原件/计划书/05_全球经济周期与亚非拉国别风险多币种储备智能决策平台总计划书.pdf,,.pdf,632876,1e8cb0972e07006264dfbc577f2be7b8749e8bc37a2c2cd40c4a47bdef855b0a,,,,,,,original_or_derived,ALREADY_LOCAL_VERIFIED,,LOCAL_FILE,,,,2026-08-16,项目内部资料或随附原始许可,,shared,,,,按用途读取，不修改历史原件。
LCL-0062,local,05_全球经济周期与亚非拉国别风险多币种储备智能决策平台总计划书.tex,项目团队,2026-08-15,02_方案演进与调研报告,内部,记录项目从黄金预测到国别风险、多币种储备和全球周期框架的演进。,作为方案演进与调研报告的本地证据或项目产物。,应结合来源说明和版本状态使用。,,,,计划书/05_全球经济周期与亚非拉国别风险多币种储备智能决策平台总计划书.tex,计划书/05_全球经济周期与亚非拉国别风险多币种储备智能决策平台总计划书.tex,计划书/05_全球经济周期与亚非拉国别风险多币种储备智能决策平台总计划书.tex,02_方案演进与调研报告/本地原件/计划书/05_全球经济周期与亚非拉国别风险多币种储备智能决策平台总计划书.tex,,.tex,203441,17b6c8dce3637ba949c1583ff2d7f788053b3591ca3b1987f49956b99d79c293,,,,,,,original_or_derived,ALREADY_LOCAL_VERIFIED,,LOCAL_FILE,,,,2026-08-16,项目内部资料或随附原始许可,,shared,,,,按用途读取，不修改历史原件。
LCL-0063,local,飞书兼容_Mermaid_项目实施与数据采集全景图_预览.png,项目团队,2026-08-15,02_方案演进与调研报告,内部,记录项目从黄金预测到国别风险、多币种储备和全球周期框架的演进。,作为方案演进与调研报告的本地证据或项目产物。,应结合来源说明和版本状态使用。,,,,计划书/飞书兼容_Mermaid_项目实施与数据采集全景图_预览.png,计划书/飞书兼容_Mermaid_项目实施与数据采集全景图_预览.png,计划书/飞书兼容_Mermaid_项目实施与数据采集全景图_预览.png,02_方案演进与调研报告/本地原件/计划书/飞书兼容_Mermaid_项目实施与数据采集全景图_预览.png,,.png,225947,77d10ec3570889fe99489585404284555d7a7ba0058c848952edb49657493c72,,,,,,,original_or_derived,ALREADY_LOCAL_VERIFIED,,LOCAL_FILE,,,,2026-08-16,项目内部资料或随附原始许可,,shared,,,,按用途读取，不修改历史原件。
LCL-0064,local,飞书兼容_Mermaid_项目实施与数据采集全景图.mmd,项目团队,2026-08-15,02_方案演进与调研报告,内部,记录项目从黄金预测到国别风险、多币种储备和全球周期框架的演进。,作为方案演进与调研报告的本地证据或项目产物。,应结合来源说明和版本状态使用。,,,,计划书/飞书兼容_Mermaid_项目实施与数据采集全景图.mmd,计划书/飞书兼容_Mermaid_项目实施与数据采集全景图.mmd,计划书/飞书兼容_Mermaid_项目实施与数据采集全景图.mmd,02_方案演进与调研报告/本地原件/计划书/飞书兼容_Mermaid_项目实施与数据采集全景图.mmd,,.mmd,17292,29f1d9c703e077fec2db8f332c5ebb112daa90ba8ddd4cdb73bc88f23366bcab,,,,,,,original_or_derived,ALREADY_LOCAL_VERIFIED,,LOCAL_FILE,,,,2026-08-16,项目内部资料或随附原始许可,,shared,,,,按用途读取，不修改历史原件。
LCL-0065,local,飞书兼容_Mermaid_项目实施与数据采集全景图.svg,项目团队,2026-08-15,02_方案演进与调研报告,内部,记录项目从黄金预测到国别风险、多币种储备和全球周期框架的演进。,作为方案演进与调研报告的本地证据或项目产物。,应结合来源说明和版本状态使用。,,,,计划书/飞书兼容_Mermaid_项目实施与数据采集全景图.svg,计划书/飞书兼容_Mermaid_项目实施与数据采集全景图.svg,计划书/飞书兼容_Mermaid_项目实施与数据采集全景图.svg,02_方案演进与调研报告/本地原件/计划书/飞书兼容_Mermaid_项目实施与数据采集全景图.svg,,.svg,368327,66f1c1a910bdbb50d2649ec78bdecb1eed1f22361ff8f72b92a8f7d7e16cd83b,,,,,,,original_or_derived,ALREADY_LOCAL_VERIFIED,,LOCAL_FILE,,,,2026-08-16,项目内部资料或随附原始许可,,shared,,,,按用途读取，不修改历史原件。
LCL-0066,local,飞书兼容_Mermaid_V3.0_数据采集处理与Smartbi落地全流程_预览.png,项目团队,2026-08-15,02_方案演进与调研报告,内部,记录项目从黄金预测到国别风险、多币种储备和全球周期框架的演进。,作为方案演进与调研报告的本地证据或项目产物。,应结合来源说明和版本状态使用。,,,,计划书/飞书兼容_Mermaid_V3.0_数据采集处理与Smartbi落地全流程_预览.png,计划书/飞书兼容_Mermaid_V3.0_数据采集处理与Smartbi落地全流程_预览.png,计划书/飞书兼容_Mermaid_V3.0_数据采集处理与Smartbi落地全流程_预览.png,02_方案演进与调研报告/本地原件/计划书/飞书兼容_Mermaid_V3.0_数据采集处理与Smartbi落地全流程_预览.png,,.png,334810,c7319fa95831f06e5a54c447125201296112e42c580ac16db6cc05aa40d3b95a,,,,,,,original_or_derived,ALREADY_LOCAL_VERIFIED,,LOCAL_FILE,,,,2026-08-16,项目内部资料或随附原始许可,,shared,,,,按用途读取，不修改历史原件。
LCL-0067,local,飞书兼容_Mermaid_V3.0_数据采集处理与Smartbi落地全流程.mmd,项目团队,2026-08-15,02_方案演进与调研报告,内部,记录项目从黄金预测到国别风险、多币种储备和全球周期框架的演进。,作为方案演进与调研报告的本地证据或项目产物。,应结合来源说明和版本状态使用。,,,,计划书/飞书兼容_Mermaid_V3.0_数据采集处理与Smartbi落地全流程.mmd,计划书/飞书兼容_Mermaid_V3.0_数据采集处理与Smartbi落地全流程.mmd,计划书/飞书兼容_Mermaid_V3.0_数据采集处理与Smartbi落地全流程.mmd,02_方案演进与调研报告/本地原件/计划书/飞书兼容_Mermaid_V3.0_数据采集处理与Smartbi落地全流程.mmd,,.mmd,7025,711cc530a4726cebdb0db425f2ea961deae6b8e4b44dfb0e127bf0859aa04192,,,,,,,original_or_derived,ALREADY_LOCAL_VERIFIED,,LOCAL_FILE,,,,2026-08-16,项目内部资料或随附原始许可,,shared,,,,按用途读取，不修改历史原件。
LCL-0068,local,飞书兼容_Mermaid_V3.0_数据采集处理与Smartbi落地全流程.svg,项目团队,2026-08-15,02_方案演进与调研报告,内部,记录项目从黄金预测到国别风险、多币种储备和全球周期框架的演进。,作为方案演进与调研报告的本地证据或项目产物。,应结合来源说明和版本状态使用。,,,,计划书/飞书兼容_Mermaid_V3.0_数据采集处理与Smartbi落地全流程.svg,计划书/飞书兼容_Mermaid_V3.0_数据采集处理与Smartbi落地全流程.svg,计划书/飞书兼容_Mermaid_V3.0_数据采集处理与Smartbi落地全流程.svg,02_方案演进与调研报告/本地原件/计划书/飞书兼容_Mermaid_V3.0_数据采集处理与Smartbi落地全流程.svg,,.svg,251245,85b22d183d1e48bcc5362f0c6f803bdea1f2d776ceeb31230e332ca8aba1f5c1,,,,,,,original_or_derived,ALREADY_LOCAL_VERIFIED,,LOCAL_FILE,,,,2026-08-16,项目内部资料或随附原始许可,,shared,,,,按用途读取，不修改历史原件。
LCL-0069,local,飞书兼容_Mermaid_V4.0_全球经济周期与系统性危机全流程_预览.png,项目团队,2026-08-15,02_方案演进与调研报告,内部,记录项目从黄金预测到国别风险、多币种储备和全球周期框架的演进。,作为方案演进与调研报告的本地证据或项目产物。,应结合来源说明和版本状态使用。,,,,计划书/飞书兼容_Mermaid_V4.0_全球经济周期与系统性危机全流程_预览.png,计划书/飞书兼容_Mermaid_V4.0_全球经济周期与系统性危机全流程_预览.png,计划书/飞书兼容_Mermaid_V4.0_全球经济周期与系统性危机全流程_预览.png,02_方案演进与调研报告/本地原件/计划书/飞书兼容_Mermaid_V4.0_全球经济周期与系统性危机全流程_预览.png,,.png,279435,7b38aba0e33678157c6eb49a3a350d3013af4c2f4abd5a522ca30fe8018da762,,,,,,,original_or_derived,ALREADY_LOCAL_VERIFIED,,LOCAL_FILE,,,,2026-08-16,项目内部资料或随附原始许可,,shared,,,,按用途读取，不修改历史原件。
LCL-0070,local,飞书兼容_Mermaid_V4.0_全球经济周期与系统性危机全流程.mmd,项目团队,2026-08-15,02_方案演进与调研报告,内部,记录项目从黄金预测到国别风险、多币种储备和全球周期框架的演进。,作为方案演进与调研报告的本地证据或项目产物。,应结合来源说明和版本状态使用。,,,,计划书/飞书兼容_Mermaid_V4.0_全球经济周期与系统性危机全流程.mmd,计划书/飞书兼容_Mermaid_V4.0_全球经济周期与系统性危机全流程.mmd,计划书/飞书兼容_Mermaid_V4.0_全球经济周期与系统性危机全流程.mmd,02_方案演进与调研报告/本地原件/计划书/飞书兼容_Mermaid_V4.0_全球经济周期与系统性危机全流程.mmd,,.mmd,3982,c89d3beea7406f701a5684d2fece05bb2a26b4afe312b1e09c28d15e7a4a72f1,,,,,,,original_or_derived,ALREADY_LOCAL_VERIFIED,,LOCAL_FILE,,,,2026-08-16,项目内部资料或随附原始许可,,shared,,,,按用途读取，不修改历史原件。
LCL-0071,local,飞书兼容_Mermaid_V4.0_全球经济周期与系统性危机全流程.svg,项目团队,2026-08-15,02_方案演进与调研报告,内部,记录项目从黄金预测到国别风险、多币种储备和全球周期框架的演进。,作为方案演进与调研报告的本地证据或项目产物。,应结合来源说明和版本状态使用。,,,,计划书/飞书兼容_Mermaid_V4.0_全球经济周期与系统性危机全流程.svg,计划书/飞书兼容_Mermaid_V4.0_全球经济周期与系统性危机全流程.svg,计划书/飞书兼容_Mermaid_V4.0_全球经济周期与系统性危机全流程.svg,02_方案演进与调研报告/本地原件/计划书/飞书兼容_Mermaid_V4.0_全球经济周期与系统性危机全流程.svg,,.svg,158694,bf2c79bf71a4a369a91734d3a3317fe6ec1a3e86c2e10687cb1e646af5ca2d6c,,,,,,,original_or_derived,ALREADY_LOCAL_VERIFIED,,LOCAL_FILE,,,,2026-08-16,项目内部资料或随附原始许可,,shared,,,,按用途读取，不修改历史原件。
LCL-0072,local,planbook-style.tex,项目团队,2026-08-15,02_方案演进与调研报告,内部,记录项目从黄金预测到国别风险、多币种储备和全球周期框架的演进。,作为方案演进与调研报告的本地证据或项目产物。,应结合来源说明和版本状态使用。,,,,计划书/planbook-style.tex,计划书/planbook-style.tex,计划书/planbook-style.tex,02_方案演进与调研报告/本地原件/计划书/planbook-style.tex,,.tex,4983,4465cd19bbae7f0f6c33c3fe6cdb1bbaa53fe04e34cf1efec3eb342bbad80b8c,,,,,,,original_or_derived,ALREADY_LOCAL_VERIFIED,,LOCAL_FILE,,,,2026-08-16,项目内部资料或随附原始许可,,shared,,,,按用途读取，不修改历史原件。
LCL-0073,local,references.bib,项目团队,2026-08-15,02_方案演进与调研报告,内部,记录项目从黄金预测到国别风险、多币种储备和全球周期框架的演进。,作为方案演进与调研报告的本地证据或项目产物。,应结合来源说明和版本状态使用。,,,,计划书/references.bib,计划书/references.bib,计划书/references.bib,02_方案演进与调研报告/本地原件/计划书/references.bib,,.bib,7228,325b8b87a60a4ff17ed3c01c3292399a7a9422c06aca871cf9afdb0813289991,,,,,,,original_or_derived,ALREADY_LOCAL_VERIFIED,,LOCAL_FILE,,,,2026-08-16,项目内部资料或随附原始许可,,shared,,,,按用途读取，不修改历史原件。
LCL-0074,local,跨国公司黄金硬通货需求调研报告.md,项目已有资料,2026-08-14,02_方案演进与调研报告,内部,记录项目从黄金预测到国别风险、多币种储备和全球周期框架的演进。,作为方案演进与调研报告的本地证据或项目产物。,应结合来源说明和版本状态使用。,,,,跨国公司黄金硬通货需求调研报告.md,跨国公司黄金硬通货需求调研报告.md,跨国公司黄金硬通货需求调研报告.md,02_方案演进与调研报告/本地原件/跨国公司黄金硬通货需求调研报告.md,,.md,21783,bcb10c72d994d999b3aaa6dc1d3197fa6f0d5ecabf9b4a2da6e21fde25037491,,,,,,,original_or_derived,ALREADY_LOCAL_VERIFIED,,LOCAL_FILE,,,,2026-08-16,项目内部资料或随附原始许可,,shared,,,,按用途读取，不修改历史原件。
LCL-0075,local,命题可行性验证报告.md,项目已有资料,2026-08-14,02_方案演进与调研报告,内部,记录项目从黄金预测到国别风险、多币种储备和全球周期框架的演进。,作为方案演进与调研报告的本地证据或项目产物。,应结合来源说明和版本状态使用。,,,,命题可行性验证报告.md,命题可行性验证报告.md,命题可行性验证报告.md,02_方案演进与调研报告/本地原件/命题可行性验证报告.md,,.md,8429,0a8d768ea14dd9944e1b993c24d5485c9ae737fc0e80a6b49186efe45244f27d,,,,,,,original_or_derived,ALREADY_LOCAL_VERIFIED,,LOCAL_FILE,,,,2026-08-16,项目内部资料或随附原始许可,,shared,,,,按用途读取，不修改历史原件。
LCL-0076,local,企业资产配置调研报告.md,项目已有资料,2026-08-14,02_方案演进与调研报告,内部,记录项目从黄金预测到国别风险、多币种储备和全球周期框架的演进。,作为方案演进与调研报告的本地证据或项目产物。,应结合来源说明和版本状态使用。,,,,企业资产配置调研报告.md,企业资产配置调研报告.md,企业资产配置调研报告.md,02_方案演进与调研报告/本地原件/企业资产配置调研报告.md,,.md,24416,9ca9ea8832c040e297e965bc2e240a223feee726c68b6014f1ec132dda1973a1,,,,,,,original_or_derived,ALREADY_LOCAL_VERIFIED,,LOCAL_FILE,,,,2026-08-16,项目内部资料或随附原始许可,,shared,,,,按用途读取，不修改历史原件。
LCL-0077,local,生成评分标准表.mjs,项目团队,2026-08-13,01_比赛与项目基线,内部,确认赛题约束、评分规则、项目边界和原始需求。,作为比赛与项目基线的本地证据或项目产物。,应结合来源说明和版本状态使用。,,,,生成评分标准表.mjs,生成评分标准表.mjs,生成评分标准表.mjs,01_比赛与项目基线/本地原件/生成评分标准表.mjs,,.mjs,12224,e8d5e0d960916c03fee75e9a280892b0394e141f6e225c379249fd09cf0a7b1e,,,,,,,original_or_derived,ALREADY_LOCAL_VERIFIED,,LOCAL_FILE,,,,2026-08-16,项目内部资料或随附原始许可,,shared,,,,按用途读取，不修改历史原件。
LCL-0078,local,题意符合性评估报告.md,项目已有资料,2026-08-14,02_方案演进与调研报告,内部,记录项目从黄金预测到国别风险、多币种储备和全球周期框架的演进。,作为方案演进与调研报告的本地证据或项目产物。,应结合来源说明和版本状态使用。,,,,题意符合性评估报告.md,题意符合性评估报告.md,题意符合性评估报告.md,02_方案演进与调研报告/本地原件/题意符合性评估报告.md,,.md,9365,40274261ec4d1021388476b44058f22d4f3d0b6f505d14efc1fe52b9ac6a173b,,,,,,,original_or_derived,ALREADY_LOCAL_VERIFIED,,LOCAL_FILE,,,,2026-08-16,项目内部资料或随附原始许可,,shared,,,,按用途读取，不修改历史原件。
LCL-0079,local,预览_硬性要求与评分标准.png,项目已有资料,2026-08-13,01_比赛与项目基线,内部,确认赛题约束、评分规则、项目边界和原始需求。,作为比赛与项目基线的本地证据或项目产物。,应结合来源说明和版本状态使用。,,,,预览_硬性要求与评分标准.png,预览_硬性要求与评分标准.png,预览_硬性要求与评分标准.png,01_比赛与项目基线/本地原件/预览_硬性要求与评分标准.png,,.png,445139,09a7f53344f9eb2b7fc114a8b7d80c998169a295f4c258e5869388033021263a,,,,,,,original_or_derived,ALREADY_LOCAL_VERIFIED,,LOCAL_FILE,,,,2026-08-16,项目内部资料或随附原始许可,,shared,,,,按用途读取，不修改历史原件。
LCL-0080,local,预览_整体流程.png,项目已有资料,2026-08-13,01_比赛与项目基线,内部,确认赛题约束、评分规则、项目边界和原始需求。,作为比赛与项目基线的本地证据或项目产物。,应结合来源说明和版本状态使用。,,,,预览_整体流程.png,预览_整体流程.png,预览_整体流程.png,01_比赛与项目基线/本地原件/预览_整体流程.png,,.png,174557,5d383508c56d3ab9e811c6bf5faf8b29ebe6c01c6a44cf66ccac474cac83e13e,,,,,,,original_or_derived,ALREADY_LOCAL_VERIFIED,,LOCAL_FILE,,,,2026-08-16,项目内部资料或随附原始许可,,shared,,,,按用途读取，不修改历史原件。
LCL-0081,local,最终数据.zip,项目已有资料,2026-08-12,01_比赛与项目基线,内部,确认赛题约束、评分规则、项目边界和原始需求。,作为比赛与项目基线的本地证据或项目产物。,历史压缩包与解压目录高度重复，且可能夹带不应封装的临时认证痕迹；仅记录哈希。,,,,最终数据.zip,最终数据.zip,最终数据.zip,,,.zip,117096628,1fb652f5341c2aec01521263af61d99a144a6384170612d91c4095563a0d44c9,,,,,,,original_or_derived,ALREADY_LOCAL_VERIFIED,,LOCAL_FILE,,,,2026-08-16,项目内部资料或随附原始许可,,metadata_only,,,,使用归档内去重后的研究资料，不嵌套该ZIP。
LCL-0082,local,黄金价格传导链因素与时序数据_20260724.xlsx,项目已有资料,2026-07-24,10_数据集原件与说明,内部,保存既有原始数据、代理数据、质量检查、字段说明和复现记录。,作为数据集原件与说明的本地证据或项目产物。,应结合来源说明和版本状态使用。,,,,最终数据/最终数据/outputs/019f56e7-91fe-7a43-b1d0-ae50e45c9d0c/黄金价格传导链因素与时序数据_20260724.xlsx,最终数据/最终数据/outputs/019f56e7-91fe-7a43-b1d0-ae50e45c9d0c/黄金价格传导链因素与时序数据_20260724.xlsx,最终数据/最终数据/outputs/019f56e7-91fe-7a43-b1d0-ae50e45c9d0c/黄金价格传导链因素与时序数据_20260724.xlsx,10_数据集原件与说明/本地原件/最终数据/最终数据/outputs/019f56e7-91fe-7a43-b1d0-ae50e45c9d0c/黄金价格传导链因素与时序数据_20260724.xlsx,,.xlsx,607586,d09e495884da50027fb68164f11858d6760fb2bdf6504bccc8cc751e921127fd,,,daily_or_mixed,see_source_documentation,worksheets(12): 00_说明与总览 | 01_价格传导链 | 02_影响因素表 | 03_事件关联 | 05_日度对齐主表 | 06_SGE原始日行情 | 07_FRED日度原始 | 08_CFTC周度持仓 | 09_月度研究主表 | 10_GPR月度 | 12_来源与口径 | 13_质量检查,各工作表单位见来源与口径/说明工作表,original_or_derived,ALREADY_LOCAL_VERIFIED,,LOCAL_FILE,,,,2026-08-16,项目内部资料或随附原始许可,,shared,,,,按用途读取，不修改历史原件。
LCL-0083,local,黄金价格传导链因素与时序数据_20260724.xlsx.inspect.ndjson,项目已有资料,2026-07-24,10_数据集原件与说明,内部,保存既有原始数据、代理数据、质量检查、字段说明和复现记录。,作为数据集原件与说明的本地证据或项目产物。,应结合来源说明和版本状态使用。,,,,最终数据/最终数据/outputs/019f56e7-91fe-7a43-b1d0-ae50e45c9d0c/黄金价格传导链因素与时序数据_20260724.xlsx.inspect.ndjson,最终数据/最终数据/outputs/019f56e7-91fe-7a43-b1d0-ae50e45c9d0c/黄金价格传导链因素与时序数据_20260724.xlsx.inspect.ndjson,最终数据/最终数据/outputs/019f56e7-91fe-7a43-b1d0-ae50e45c9d0c/黄金价格传导链因素与时序数据_20260724.xlsx.inspect.ndjson,10_数据集原件与说明/本地原件/最终数据/最终数据/outputs/019f56e7-91fe-7a43-b1d0-ae50e45c9d0c/黄金价格传导链因素与时序数据_20260724.xlsx.inspect.ndjson,,.ndjson,30557280,19079124b4bf9620aaaa826251d336fb2f6bc88b23a112934c8d5bc1c0c3a717,,,,,,,original_or_derived,ALREADY_LOCAL_VERIFIED,,LOCAL_FILE,,,,2026-08-16,项目内部资料或随附原始许可,,private_only,,,,按用途读取，不修改历史原件。
LCL-0084,local,金银价格波动影响因素与时序数据_20260726.xlsx,项目已有资料,2026-07-26,10_数据集原件与说明,内部,保存既有原始数据、代理数据、质量检查、字段说明和复现记录。,作为数据集原件与说明的本地证据或项目产物。,应结合来源说明和版本状态使用。,,,,最终数据/最终数据/outputs/019f56e7-91fe-7a43-b1d0-ae50e45c9d0c/金银价格波动影响因素与时序数据_20260726.xlsx,最终数据/最终数据/outputs/019f56e7-91fe-7a43-b1d0-ae50e45c9d0c/金银价格波动影响因素与时序数据_20260726.xlsx,最终数据/最终数据/outputs/019f56e7-91fe-7a43-b1d0-ae50e45c9d0c/金银价格波动影响因素与时序数据_20260726.xlsx,10_数据集原件与说明/本地原件/最终数据/最终数据/outputs/019f56e7-91fe-7a43-b1d0-ae50e45c9d0c/金银价格波动影响因素与时序数据_20260726.xlsx,,.xlsx,693026,07a6f506c6d3bdbb92a64107b7d4bdefae27e0217343fbd40256f9bd7cb2a892,,,daily_or_mixed,see_source_documentation,worksheets(13): 00_说明与总览 | 01_金银传导链 | 02_金银因素表 | 03_事件关联 | 05_金银日度主表 | 06_SGE原始日行情 | 07_FRED日度原始 | 08_CFTC周度持仓 | 09_金银月度主表 | 10_GPR月度 | 11_白银年度供需 | 12_来源与口径 | 13_质量检查,各工作表单位见来源与口径/说明工作表,original_or_derived,ALREADY_LOCAL_VERIFIED,,LOCAL_FILE,,,,2026-08-16,项目内部资料或随附原始许可,,shared,,,,按用途读取，不修改历史原件。
LCL-0085,local,金银价格波动影响因素与时序数据_20260726.xlsx.inspect.ndjson,项目已有资料,2026-07-26,10_数据集原件与说明,内部,保存既有原始数据、代理数据、质量检查、字段说明和复现记录。,作为数据集原件与说明的本地证据或项目产物。,应结合来源说明和版本状态使用。,,,,最终数据/最终数据/outputs/019f56e7-91fe-7a43-b1d0-ae50e45c9d0c/金银价格波动影响因素与时序数据_20260726.xlsx.inspect.ndjson,最终数据/最终数据/outputs/019f56e7-91fe-7a43-b1d0-ae50e45c9d0c/金银价格波动影响因素与时序数据_20260726.xlsx.inspect.ndjson,最终数据/最终数据/outputs/019f56e7-91fe-7a43-b1d0-ae50e45c9d0c/金银价格波动影响因素与时序数据_20260726.xlsx.inspect.ndjson,10_数据集原件与说明/本地原件/最终数据/最终数据/outputs/019f56e7-91fe-7a43-b1d0-ae50e45c9d0c/金银价格波动影响因素与时序数据_20260726.xlsx.inspect.ndjson,,.ndjson,34974640,207ab603f76ec588066120b57d2265c823c38c1b0b467fbc734e11dc3b37ca65,,,,,,,original_or_derived,ALREADY_LOCAL_VERIFIED,,LOCAL_FILE,,,,2026-08-16,项目内部资料或随附原始许可,,private_only,,,,按用途读取，不修改历史原件。
LCL-0086,local,金银价格波动影响因素与时序数据_中文字段版_20260726.xlsx,项目已有资料,2026-07-26,10_数据集原件与说明,内部,保存既有原始数据、代理数据、质量检查、字段说明和复现记录。,作为数据集原件与说明的本地证据或项目产物。,应结合来源说明和版本状态使用。,,,,最终数据/最终数据/outputs/019f56e7-91fe-7a43-b1d0-ae50e45c9d0c/金银价格波动影响因素与时序数据_中文字段版_20260726.xlsx,最终数据/最终数据/outputs/019f56e7-91fe-7a43-b1d0-ae50e45c9d0c/金银价格波动影响因素与时序数据_中文字段版_20260726.xlsx,最终数据/最终数据/outputs/019f56e7-91fe-7a43-b1d0-ae50e45c9d0c/金银价格波动影响因素与时序数据_中文字段版_20260726.xlsx,10_数据集原件与说明/本地原件/最终数据/最终数据/outputs/019f56e7-91fe-7a43-b1d0-ae50e45c9d0c/金银价格波动影响因素与时序数据_中文字段版_20260726.xlsx,,.xlsx,703197,275d610fed3f59ed734ffda7a9ac9aaf0c13331be593dfbe543dd2d7a5beda7c,,,daily_or_mixed,see_source_documentation,worksheets(14): 00_说明与总览 | 01_金银传导链 | 02_金银因素表 | 03_事件关联 | 04_术语与字段说明 | 05_金银日度主表 | 06_SGE原始日行情 | 07_FRED日度原始 | 08_CFTC周度持仓 | 09_金银月度主表 | 10_GPR月度 | 11_白银年度供需 | 12_来源与口径 | 13_质量检查,各工作表单位见来源与口径/说明工作表,original_or_derived,ALREADY_LOCAL_VERIFIED,,LOCAL_FILE,,,,2026-08-16,项目内部资料或随附原始许可,,shared,,,,按用途读取，不修改历史原件。
LCL-0087,local,金银价格波动影响因素与时序数据_中文字段版_20260726.xlsx.inspect.ndjson,项目已有资料,2026-07-26,10_数据集原件与说明,内部,保存既有原始数据、代理数据、质量检查、字段说明和复现记录。,作为数据集原件与说明的本地证据或项目产物。,应结合来源说明和版本状态使用。,,,,最终数据/最终数据/outputs/019f56e7-91fe-7a43-b1d0-ae50e45c9d0c/金银价格波动影响因素与时序数据_中文字段版_20260726.xlsx.inspect.ndjson,最终数据/最终数据/outputs/019f56e7-91fe-7a43-b1d0-ae50e45c9d0c/金银价格波动影响因素与时序数据_中文字段版_20260726.xlsx.inspect.ndjson,最终数据/最终数据/outputs/019f56e7-91fe-7a43-b1d0-ae50e45c9d0c/金银价格波动影响因素与时序数据_中文字段版_20260726.xlsx.inspect.ndjson,10_数据集原件与说明/本地原件/最终数据/最终数据/outputs/019f56e7-91fe-7a43-b1d0-ae50e45c9d0c/金银价格波动影响因素与时序数据_中文字段版_20260726.xlsx.inspect.ndjson,,.ndjson,35103966,65e698de0ccddf71f4ec460e3125c80599abcb306e9a699c7dd5fcb51df74eaa,,,,,,,original_or_derived,ALREADY_LOCAL_VERIFIED,,LOCAL_FILE,,,,2026-08-16,项目内部资料或随附原始许可,,private_only,,,,按用途读取，不修改历史原件。
LCL-0088,local,金银价格预测_官方数据与因素台账_20260713.xlsx,项目已有资料,2026-07-13,10_数据集原件与说明,内部,保存既有原始数据、代理数据、质量检查、字段说明和复现记录。,作为数据集原件与说明的本地证据或项目产物。,应结合来源说明和版本状态使用。,,,,最终数据/最终数据/outputs/019f56e7-91fe-7a43-b1d0-ae50e45c9d0c/金银价格预测_官方数据与因素台账_20260713.xlsx,最终数据/最终数据/outputs/019f56e7-91fe-7a43-b1d0-ae50e45c9d0c/金银价格预测_官方数据与因素台账_20260713.xlsx,最终数据/最终数据/outputs/019f56e7-91fe-7a43-b1d0-ae50e45c9d0c/金银价格预测_官方数据与因素台账_20260713.xlsx,10_数据集原件与说明/本地原件/最终数据/最终数据/outputs/019f56e7-91fe-7a43-b1d0-ae50e45c9d0c/金银价格预测_官方数据与因素台账_20260713.xlsx,,.xlsx,466078,b41e86933b324dc3e7ccb9492a19719dca62260de0ddb8d7100625ab7f2d4a4c,,,monthly_or_mixed,see_source_documentation,worksheets(12): 00_使用说明 | 01_数据目录 | 02_因素地图 | 03_事件时间线 | 04_因子扫描 | 05_月度建模表 | 06_月度价格 | 07_日收益率 | 08_美元指数 | 09_CFTC持仓 | 10_GPR指数 | 11_质量检查,各工作表单位见来源与口径/说明工作表,original_or_derived,ALREADY_LOCAL_VERIFIED,,LOCAL_FILE,,,,2026-08-16,项目内部资料或随附原始许可,,shared,,,,按用途读取，不修改历史原件。
LCL-0089,local,金银价格预测_官方数据与因素台账_20260713.xlsx.inspect.ndjson,项目已有资料,2026-07-13,10_数据集原件与说明,内部,保存既有原始数据、代理数据、质量检查、字段说明和复现记录。,作为数据集原件与说明的本地证据或项目产物。,应结合来源说明和版本状态使用。,,,,最终数据/最终数据/outputs/019f56e7-91fe-7a43-b1d0-ae50e45c9d0c/金银价格预测_官方数据与因素台账_20260713.xlsx.inspect.ndjson,最终数据/最终数据/outputs/019f56e7-91fe-7a43-b1d0-ae50e45c9d0c/金银价格预测_官方数据与因素台账_20260713.xlsx.inspect.ndjson,最终数据/最终数据/outputs/019f56e7-91fe-7a43-b1d0-ae50e45c9d0c/金银价格预测_官方数据与因素台账_20260713.xlsx.inspect.ndjson,10_数据集原件与说明/本地原件/最终数据/最终数据/outputs/019f56e7-91fe-7a43-b1d0-ae50e45c9d0c/金银价格预测_官方数据与因素台账_20260713.xlsx.inspect.ndjson,,.ndjson,33120505,48964f401365f9a00bb2988bff50b9dc8d19f0b6cb55eea312a71ed3cf81ddfd,,,,,,,original_or_derived,ALREADY_LOCAL_VERIFIED,,LOCAL_FILE,,,,2026-08-16,项目内部资料或随附原始许可,,private_only,,,,按用途读取，不修改历史原件。
LCL-0090,local,00_说明与总览.png,项目已有资料,2026-07-24,10_数据集原件与说明,内部,保存既有原始数据、代理数据、质量检查、字段说明和复现记录。,作为数据集原件与说明的本地证据或项目产物。,应结合来源说明和版本状态使用。,,,,最终数据/最终数据/outputs/019f56e7-91fe-7a43-b1d0-ae50e45c9d0c/gold_factor_previews/00_说明与总览.png,最终数据/最终数据/outputs/019f56e7-91fe-7a43-b1d0-ae50e45c9d0c/gold_factor_previews/00_说明与总览.png,最终数据/最终数据/outputs/019f56e7-91fe-7a43-b1d0-ae50e45c9d0c/gold_factor_previews/00_说明与总览.png,10_数据集原件与说明/本地原件/最终数据/最终数据/outputs/019f56e7-91fe-7a43-b1d0-ae50e45c9d0c/gold_factor_previews/00_说明与总览.png,,.png,124608,1119b5be9ff29b3c7238215c1971e96875a7a468892895c19f32832f635e7ad9,,,,,,,original_or_derived,ALREADY_LOCAL_VERIFIED,,LOCAL_FILE,,,,2026-08-16,项目内部资料或随附原始许可,,shared,,,,按用途读取，不修改历史原件。
LCL-0091,local,01_价格传导链.png,项目已有资料,2026-07-24,10_数据集原件与说明,内部,保存既有原始数据、代理数据、质量检查、字段说明和复现记录。,作为数据集原件与说明的本地证据或项目产物。,应结合来源说明和版本状态使用。,,,,最终数据/最终数据/outputs/019f56e7-91fe-7a43-b1d0-ae50e45c9d0c/gold_factor_previews/01_价格传导链.png,最终数据/最终数据/outputs/019f56e7-91fe-7a43-b1d0-ae50e45c9d0c/gold_factor_previews/01_价格传导链.png,最终数据/最终数据/outputs/019f56e7-91fe-7a43-b1d0-ae50e45c9d0c/gold_factor_previews/01_价格传导链.png,10_数据集原件与说明/本地原件/最终数据/最终数据/outputs/019f56e7-91fe-7a43-b1d0-ae50e45c9d0c/gold_factor_previews/01_价格传导链.png,,.png,133001,f37fb8d0878f038080804580146b045999d72a8cb84340f620c80f3ba7d34c05,,,,,,,original_or_derived,ALREADY_LOCAL_VERIFIED,,LOCAL_FILE,,,,2026-08-16,项目内部资料或随附原始许可,,shared,,,,按用途读取，不修改历史原件。
LCL-0092,local,02_影响因素表.png,项目已有资料,2026-07-24,10_数据集原件与说明,内部,保存既有原始数据、代理数据、质量检查、字段说明和复现记录。,作为数据集原件与说明的本地证据或项目产物。,应结合来源说明和版本状态使用。,,,,最终数据/最终数据/outputs/019f56e7-91fe-7a43-b1d0-ae50e45c9d0c/gold_factor_previews/02_影响因素表.png,最终数据/最终数据/outputs/019f56e7-91fe-7a43-b1d0-ae50e45c9d0c/gold_factor_previews/02_影响因素表.png,最终数据/最终数据/outputs/019f56e7-91fe-7a43-b1d0-ae50e45c9d0c/gold_factor_previews/02_影响因素表.png,10_数据集原件与说明/本地原件/最终数据/最终数据/outputs/019f56e7-91fe-7a43-b1d0-ae50e45c9d0c/gold_factor_previews/02_影响因素表.png,,.png,127133,2b1bed9a7167478ae1c8780dd46b51f25bcd1bd00e5c6f5653dc7a97bd794fd3,,,,,,,original_or_derived,ALREADY_LOCAL_VERIFIED,,LOCAL_FILE,,,,2026-08-16,项目内部资料或随附原始许可,,shared,,,,按用途读取，不修改历史原件。
LCL-0093,local,03_事件关联.png,项目已有资料,2026-07-24,10_数据集原件与说明,内部,保存既有原始数据、代理数据、质量检查、字段说明和复现记录。,作为数据集原件与说明的本地证据或项目产物。,应结合来源说明和版本状态使用。,,,,最终数据/最终数据/outputs/019f56e7-91fe-7a43-b1d0-ae50e45c9d0c/gold_factor_previews/03_事件关联.png,最终数据/最终数据/outputs/019f56e7-91fe-7a43-b1d0-ae50e45c9d0c/gold_factor_previews/03_事件关联.png,最终数据/最终数据/outputs/019f56e7-91fe-7a43-b1d0-ae50e45c9d0c/gold_factor_previews/03_事件关联.png,10_数据集原件与说明/本地原件/最终数据/最终数据/outputs/019f56e7-91fe-7a43-b1d0-ae50e45c9d0c/gold_factor_previews/03_事件关联.png,,.png,126190,92bc819e939e196bc595150cd744ec721d12df3e3988770d75fd4ee14f5cac40,,,,,,,original_or_derived,ALREADY_LOCAL_VERIFIED,,LOCAL_FILE,,,,2026-08-16,项目内部资料或随附原始许可,,shared,,,,按用途读取，不修改历史原件。
LCL-0094,local,05_日度对齐主表.png,项目已有资料,2026-07-24,10_数据集原件与说明,内部,保存既有原始数据、代理数据、质量检查、字段说明和复现记录。,作为数据集原件与说明的本地证据或项目产物。,应结合来源说明和版本状态使用。,,,,最终数据/最终数据/outputs/019f56e7-91fe-7a43-b1d0-ae50e45c9d0c/gold_factor_previews/05_日度对齐主表.png,最终数据/最终数据/outputs/019f56e7-91fe-7a43-b1d0-ae50e45c9d0c/gold_factor_previews/05_日度对齐主表.png,最终数据/最终数据/outputs/019f56e7-91fe-7a43-b1d0-ae50e45c9d0c/gold_factor_previews/05_日度对齐主表.png,10_数据集原件与说明/本地原件/最终数据/最终数据/outputs/019f56e7-91fe-7a43-b1d0-ae50e45c9d0c/gold_factor_previews/05_日度对齐主表.png,,.png,79706,5dd25e5b3153709ac2d6de13a1d4ec0a55cc18838afc94fa005c3385117ea733,,,,,,,original_or_derived,ALREADY_LOCAL_VERIFIED,,LOCAL_FILE,,,,2026-08-16,项目内部资料或随附原始许可,,shared,,,,按用途读取，不修改历史原件。
LCL-0095,local,06_SGE原始日行情.png,项目已有资料,2026-07-24,10_数据集原件与说明,内部,保存既有原始数据、代理数据、质量检查、字段说明和复现记录。,作为数据集原件与说明的本地证据或项目产物。,应结合来源说明和版本状态使用。,,,,最终数据/最终数据/outputs/019f56e7-91fe-7a43-b1d0-ae50e45c9d0c/gold_factor_previews/06_SGE原始日行情.png,最终数据/最终数据/outputs/019f56e7-91fe-7a43-b1d0-ae50e45c9d0c/gold_factor_previews/06_SGE原始日行情.png,最终数据/最终数据/outputs/019f56e7-91fe-7a43-b1d0-ae50e45c9d0c/gold_factor_previews/06_SGE原始日行情.png,10_数据集原件与说明/本地原件/最终数据/最终数据/outputs/019f56e7-91fe-7a43-b1d0-ae50e45c9d0c/gold_factor_previews/06_SGE原始日行情.png,,.png,116742,5e14af4cfbb32f88b82ee60ce8fba311578edbbc065b296409234edd8630bbf8,,,,,,,original_or_derived,ALREADY_LOCAL_VERIFIED,,LOCAL_FILE,,,,2026-08-16,项目内部资料或随附原始许可,,shared,,,,按用途读取，不修改历史原件。
LCL-0096,local,07_FRED日度原始.png,项目已有资料,2026-07-24,10_数据集原件与说明,内部,保存既有原始数据、代理数据、质量检查、字段说明和复现记录。,作为数据集原件与说明的本地证据或项目产物。,应结合来源说明和版本状态使用。,,,,最终数据/最终数据/outputs/019f56e7-91fe-7a43-b1d0-ae50e45c9d0c/gold_factor_previews/07_FRED日度原始.png,最终数据/最终数据/outputs/019f56e7-91fe-7a43-b1d0-ae50e45c9d0c/gold_factor_previews/07_FRED日度原始.png,最终数据/最终数据/outputs/019f56e7-91fe-7a43-b1d0-ae50e45c9d0c/gold_factor_previews/07_FRED日度原始.png,10_数据集原件与说明/本地原件/最终数据/最终数据/outputs/019f56e7-91fe-7a43-b1d0-ae50e45c9d0c/gold_factor_previews/07_FRED日度原始.png,,.png,38997,f3c73d876352d6b37fecd0aa6a6b5381fd5815a912ef27c69ccd023b6fee3970,,,,,,,original_or_derived,ALREADY_LOCAL_VERIFIED,,LOCAL_FILE,,,,2026-08-16,项目内部资料或随附原始许可,,shared,,,,按用途读取，不修改历史原件。
LCL-0097,local,08_CFTC周度持仓.png,项目已有资料,2026-07-24,10_数据集原件与说明,内部,保存既有原始数据、代理数据、质量检查、字段说明和复现记录。,作为数据集原件与说明的本地证据或项目产物。,应结合来源说明和版本状态使用。,,,,最终数据/最终数据/outputs/019f56e7-91fe-7a43-b1d0-ae50e45c9d0c/gold_factor_previews/08_CFTC周度持仓.png,最终数据/最终数据/outputs/019f56e7-91fe-7a43-b1d0-ae50e45c9d0c/gold_factor_previews/08_CFTC周度持仓.png,最终数据/最终数据/outputs/019f56e7-91fe-7a43-b1d0-ae50e45c9d0c/gold_factor_previews/08_CFTC周度持仓.png,10_数据集原件与说明/本地原件/最终数据/最终数据/outputs/019f56e7-91fe-7a43-b1d0-ae50e45c9d0c/gold_factor_previews/08_CFTC周度持仓.png,,.png,79711,5c9174c676032f7ead8fc1d1495b62ca9225a24e67d5fcdd6994b6729affd520,,,,,,,original_or_derived,ALREADY_LOCAL_VERIFIED,,LOCAL_FILE,,,,2026-08-16,项目内部资料或随附原始许可,,shared,,,,按用途读取，不修改历史原件。
LCL-0098,local,09_月度研究主表.png,项目已有资料,2026-07-24,10_数据集原件与说明,内部,保存既有原始数据、代理数据、质量检查、字段说明和复现记录。,作为数据集原件与说明的本地证据或项目产物。,应结合来源说明和版本状态使用。,,,,最终数据/最终数据/outputs/019f56e7-91fe-7a43-b1d0-ae50e45c9d0c/gold_factor_previews/09_月度研究主表.png,最终数据/最终数据/outputs/019f56e7-91fe-7a43-b1d0-ae50e45c9d0c/gold_factor_previews/09_月度研究主表.png,最终数据/最终数据/outputs/019f56e7-91fe-7a43-b1d0-ae50e45c9d0c/gold_factor_previews/09_月度研究主表.png,10_数据集原件与说明/本地原件/最终数据/最终数据/outputs/019f56e7-91fe-7a43-b1d0-ae50e45c9d0c/gold_factor_previews/09_月度研究主表.png,,.png,78337,3a9ab7976cc6a864f670f3ff3c776faf48311bc4ac6bffdf4fa500f10d5eecab,,,,,,,original_or_derived,ALREADY_LOCAL_VERIFIED,,LOCAL_FILE,,,,2026-08-16,项目内部资料或随附原始许可,,shared,,,,按用途读取，不修改历史原件。
LCL-0099,local,10_GPR月度.png,项目已有资料,2026-07-24,10_数据集原件与说明,内部,保存既有原始数据、代理数据、质量检查、字段说明和复现记录。,作为数据集原件与说明的本地证据或项目产物。,应结合来源说明和版本状态使用。,,,,最终数据/最终数据/outputs/019f56e7-91fe-7a43-b1d0-ae50e45c9d0c/gold_factor_previews/10_GPR月度.png,最终数据/最终数据/outputs/019f56e7-91fe-7a43-b1d0-ae50e45c9d0c/gold_factor_previews/10_GPR月度.png,最终数据/最终数据/outputs/019f56e7-91fe-7a43-b1d0-ae50e45c9d0c/gold_factor_previews/10_GPR月度.png,10_数据集原件与说明/本地原件/最终数据/最终数据/outputs/019f56e7-91fe-7a43-b1d0-ae50e45c9d0c/gold_factor_previews/10_GPR月度.png,,.png,45417,4bcbb1941bbb2b7b2ccb3724147db6274cd7af7f59a31d0887e25c4fb37bce1a,,,,,,,original_or_derived,ALREADY_LOCAL_VERIFIED,,LOCAL_FILE,,,,2026-08-16,项目内部资料或随附原始许可,,shared,,,,按用途读取，不修改历史原件。
LCL-0100,local,12_来源与口径.png,项目已有资料,2026-07-24,10_数据集原件与说明,内部,保存既有原始数据、代理数据、质量检查、字段说明和复现记录。,作为数据集原件与说明的本地证据或项目产物。,应结合来源说明和版本状态使用。,,,,最终数据/最终数据/outputs/019f56e7-91fe-7a43-b1d0-ae50e45c9d0c/gold_factor_previews/12_来源与口径.png,最终数据/最终数据/outputs/019f56e7-91fe-7a43-b1d0-ae50e45c9d0c/gold_factor_previews/12_来源与口径.png,最终数据/最终数据/outputs/019f56e7-91fe-7a43-b1d0-ae50e45c9d0c/gold_factor_previews/12_来源与口径.png,10_数据集原件与说明/本地原件/最终数据/最终数据/outputs/019f56e7-91fe-7a43-b1d0-ae50e45c9d0c/gold_factor_previews/12_来源与口径.png,,.png,126958,1a7cd2fc26ce5ace80c6c91dfeb881f1c343a683dcf06497a6da6c98c42e9d5a,,,,,,,original_or_derived,ALREADY_LOCAL_VERIFIED,,LOCAL_FILE,,,,2026-08-16,项目内部资料或随附原始许可,,shared,,,,按用途读取，不修改历史原件。
LCL-0101,local,13_质量检查_导出后复核.png,项目已有资料,2026-07-24,10_数据集原件与说明,内部,保存既有原始数据、代理数据、质量检查、字段说明和复现记录。,作为数据集原件与说明的本地证据或项目产物。,应结合来源说明和版本状态使用。,,,,最终数据/最终数据/outputs/019f56e7-91fe-7a43-b1d0-ae50e45c9d0c/gold_factor_previews/13_质量检查_导出后复核.png,最终数据/最终数据/outputs/019f56e7-91fe-7a43-b1d0-ae50e45c9d0c/gold_factor_previews/13_质量检查_导出后复核.png,最终数据/最终数据/outputs/019f56e7-91fe-7a43-b1d0-ae50e45c9d0c/gold_factor_previews/13_质量检查_导出后复核.png,10_数据集原件与说明/本地原件/最终数据/最终数据/outputs/019f56e7-91fe-7a43-b1d0-ae50e45c9d0c/gold_factor_previews/13_质量检查_导出后复核.png,,.png,73920,39e58ff57324c6d06c29cea55564c3aaf5e0057e3be747ce9135caf1fd23dea5,,,,,,,original_or_derived,ALREADY_LOCAL_VERIFIED,,LOCAL_FILE,,,,2026-08-16,项目内部资料或随附原始许可,,shared,,,,按用途读取，不修改历史原件。
LCL-0102,local,13_质量检查.png,项目已有资料,2026-07-24,10_数据集原件与说明,内部,保存既有原始数据、代理数据、质量检查、字段说明和复现记录。,作为数据集原件与说明的本地证据或项目产物。,应结合来源说明和版本状态使用。,,,,最终数据/最终数据/outputs/019f56e7-91fe-7a43-b1d0-ae50e45c9d0c/gold_factor_previews/13_质量检查.png,最终数据/最终数据/outputs/019f56e7-91fe-7a43-b1d0-ae50e45c9d0c/gold_factor_previews/13_质量检查.png,最终数据/最终数据/outputs/019f56e7-91fe-7a43-b1d0-ae50e45c9d0c/gold_factor_previews/13_质量检查.png,10_数据集原件与说明/本地原件/最终数据/最终数据/outputs/019f56e7-91fe-7a43-b1d0-ae50e45c9d0c/gold_factor_previews/13_质量检查.png,,.png,58480,d450f5a8bdff5d0e8487a085e2c67f21c14b7f8ea1b868e50c38ccc1e5e0fe43,,,,,,,original_or_derived,ALREADY_LOCAL_VERIFIED,,LOCAL_FILE,,,,2026-08-16,项目内部资料或随附原始许可,,shared,,,,按用途读取，不修改历史原件。
LCL-0103,local,全部工作表总览.png,项目已有资料,2026-07-24,10_数据集原件与说明,内部,保存既有原始数据、代理数据、质量检查、字段说明和复现记录。,作为数据集原件与说明的本地证据或项目产物。,应结合来源说明和版本状态使用。,,,,最终数据/最终数据/outputs/019f56e7-91fe-7a43-b1d0-ae50e45c9d0c/gold_factor_previews/全部工作表总览.png,最终数据/最终数据/outputs/019f56e7-91fe-7a43-b1d0-ae50e45c9d0c/gold_factor_previews/全部工作表总览.png,最终数据/最终数据/outputs/019f56e7-91fe-7a43-b1d0-ae50e45c9d0c/gold_factor_previews/全部工作表总览.png,10_数据集原件与说明/本地原件/最终数据/最终数据/outputs/019f56e7-91fe-7a43-b1d0-ae50e45c9d0c/gold_factor_previews/全部工作表总览.png,,.png,811187,3678a0d3d95b05b7b736c6019ac9ebe661332d88e818d67c212fee287ad6623e,,,,,,,original_or_derived,ALREADY_LOCAL_VERIFIED,,LOCAL_FILE,,,,2026-08-16,项目内部资料或随附原始许可,,shared,,,,按用途读取，不修改历史原件。
LCL-0104,local,00_说明与总览.png,项目已有资料,2026-07-26,10_数据集原件与说明,内部,保存既有原始数据、代理数据、质量检查、字段说明和复现记录。,作为数据集原件与说明的本地证据或项目产物。,应结合来源说明和版本状态使用。,,,,最终数据/最终数据/outputs/019f56e7-91fe-7a43-b1d0-ae50e45c9d0c/gold_silver_chinese_previews/00_说明与总览.png,最终数据/最终数据/outputs/019f56e7-91fe-7a43-b1d0-ae50e45c9d0c/gold_silver_chinese_previews/00_说明与总览.png,最终数据/最终数据/outputs/019f56e7-91fe-7a43-b1d0-ae50e45c9d0c/gold_silver_chinese_previews/00_说明与总览.png,10_数据集原件与说明/本地原件/最终数据/最终数据/outputs/019f56e7-91fe-7a43-b1d0-ae50e45c9d0c/gold_silver_chinese_previews/00_说明与总览.png,,.png,143995,a3ec852b4a0d32db2b831c2c5e8a7a08fa931060160da8139759ebffc13760ad,,,,,,,original_or_derived,ALREADY_LOCAL_VERIFIED,,LOCAL_FILE,,,,2026-08-16,项目内部资料或随附原始许可,,shared,,,,按用途读取，不修改历史原件。
LCL-0105,local,01_金银传导链.png,项目已有资料,2026-07-26,10_数据集原件与说明,内部,保存既有原始数据、代理数据、质量检查、字段说明和复现记录。,作为数据集原件与说明的本地证据或项目产物。,应结合来源说明和版本状态使用。,,,,最终数据/最终数据/outputs/019f56e7-91fe-7a43-b1d0-ae50e45c9d0c/gold_silver_chinese_previews/01_金银传导链.png,最终数据/最终数据/outputs/019f56e7-91fe-7a43-b1d0-ae50e45c9d0c/gold_silver_chinese_previews/01_金银传导链.png,最终数据/最终数据/outputs/019f56e7-91fe-7a43-b1d0-ae50e45c9d0c/gold_silver_chinese_previews/01_金银传导链.png,10_数据集原件与说明/本地原件/最终数据/最终数据/outputs/019f56e7-91fe-7a43-b1d0-ae50e45c9d0c/gold_silver_chinese_previews/01_金银传导链.png,,.png,188010,88de314c449aecc89c7b9be201d8666eebf884769d47d43f430eda44c51e3795,,,,,,,original_or_derived,ALREADY_LOCAL_VERIFIED,,LOCAL_FILE,,,,2026-08-16,项目内部资料或随附原始许可,,shared,,,,按用途读取，不修改历史原件。
LCL-0106,local,02_金银因素表.png,项目已有资料,2026-07-26,10_数据集原件与说明,内部,保存既有原始数据、代理数据、质量检查、字段说明和复现记录。,作为数据集原件与说明的本地证据或项目产物。,应结合来源说明和版本状态使用。,,,,最终数据/最终数据/outputs/019f56e7-91fe-7a43-b1d0-ae50e45c9d0c/gold_silver_chinese_previews/02_金银因素表.png,最终数据/最终数据/outputs/019f56e7-91fe-7a43-b1d0-ae50e45c9d0c/gold_silver_chinese_previews/02_金银因素表.png,最终数据/最终数据/outputs/019f56e7-91fe-7a43-b1d0-ae50e45c9d0c/gold_silver_chinese_previews/02_金银因素表.png,10_数据集原件与说明/本地原件/最终数据/最终数据/outputs/019f56e7-91fe-7a43-b1d0-ae50e45c9d0c/gold_silver_chinese_previews/02_金银因素表.png,,.png,161264,de801b693f6a3e2ae5776b60966a5129ae7ebd2ebb4cee5b63d68357c0707a9c,,,,,,,original_or_derived,ALREADY_LOCAL_VERIFIED,,LOCAL_FILE,,,,2026-08-16,项目内部资料或随附原始许可,,shared,,,,按用途读取，不修改历史原件。
LCL-0107,local,03_事件关联.png,项目已有资料,2026-07-26,10_数据集原件与说明,内部,保存既有原始数据、代理数据、质量检查、字段说明和复现记录。,作为数据集原件与说明的本地证据或项目产物。,应结合来源说明和版本状态使用。,,,,最终数据/最终数据/outputs/019f56e7-91fe-7a43-b1d0-ae50e45c9d0c/gold_silver_chinese_previews/03_事件关联.png,最终数据/最终数据/outputs/019f56e7-91fe-7a43-b1d0-ae50e45c9d0c/gold_silver_chinese_previews/03_事件关联.png,最终数据/最终数据/outputs/019f56e7-91fe-7a43-b1d0-ae50e45c9d0c/gold_silver_chinese_previews/03_事件关联.png,10_数据集原件与说明/本地原件/最终数据/最终数据/outputs/019f56e7-91fe-7a43-b1d0-ae50e45c9d0c/gold_silver_chinese_previews/03_事件关联.png,,.png,144022,13db6574965f9a4d0780eaedf157dc799941e492dc5b10e467ac16f5ebd8397b,,,,,,,original_or_derived,ALREADY_LOCAL_VERIFIED,,LOCAL_FILE,,,,2026-08-16,项目内部资料或随附原始许可,,shared,,,,按用途读取，不修改历史原件。
LCL-0108,local,04_术语与字段说明.png,项目已有资料,2026-07-26,10_数据集原件与说明,内部,保存既有原始数据、代理数据、质量检查、字段说明和复现记录。,作为数据集原件与说明的本地证据或项目产物。,应结合来源说明和版本状态使用。,,,,最终数据/最终数据/outputs/019f56e7-91fe-7a43-b1d0-ae50e45c9d0c/gold_silver_chinese_previews/04_术语与字段说明.png,最终数据/最终数据/outputs/019f56e7-91fe-7a43-b1d0-ae50e45c9d0c/gold_silver_chinese_previews/04_术语与字段说明.png,最终数据/最终数据/outputs/019f56e7-91fe-7a43-b1d0-ae50e45c9d0c/gold_silver_chinese_previews/04_术语与字段说明.png,10_数据集原件与说明/本地原件/最终数据/最终数据/outputs/019f56e7-91fe-7a43-b1d0-ae50e45c9d0c/gold_silver_chinese_previews/04_术语与字段说明.png,,.png,162281,c6dad85847fb87e50fedd82a3e20a9b2ae3c3e05d6a33f6e607e5a63f563a8fc,,,,,,,original_or_derived,ALREADY_LOCAL_VERIFIED,,LOCAL_FILE,,,,2026-08-16,项目内部资料或随附原始许可,,shared,,,,按用途读取，不修改历史原件。
LCL-0109,local,05_金银日度主表.png,项目已有资料,2026-07-26,10_数据集原件与说明,内部,保存既有原始数据、代理数据、质量检查、字段说明和复现记录。,作为数据集原件与说明的本地证据或项目产物。,应结合来源说明和版本状态使用。,,,,最终数据/最终数据/outputs/019f56e7-91fe-7a43-b1d0-ae50e45c9d0c/gold_silver_chinese_previews/05_金银日度主表.png,最终数据/最终数据/outputs/019f56e7-91fe-7a43-b1d0-ae50e45c9d0c/gold_silver_chinese_previews/05_金银日度主表.png,最终数据/最终数据/outputs/019f56e7-91fe-7a43-b1d0-ae50e45c9d0c/gold_silver_chinese_previews/05_金银日度主表.png,10_数据集原件与说明/本地原件/最终数据/最终数据/outputs/019f56e7-91fe-7a43-b1d0-ae50e45c9d0c/gold_silver_chinese_previews/05_金银日度主表.png,,.png,114641,6df3374331cc23392fb93690976cf6db13958f138fdfdb0099ecfba1e8b755ec,,,,,,,original_or_derived,ALREADY_LOCAL_VERIFIED,,LOCAL_FILE,,,,2026-08-16,项目内部资料或随附原始许可,,shared,,,,按用途读取，不修改历史原件。
LCL-0110,local,06_SGE原始日行情.png,项目已有资料,2026-07-26,10_数据集原件与说明,内部,保存既有原始数据、代理数据、质量检查、字段说明和复现记录。,作为数据集原件与说明的本地证据或项目产物。,应结合来源说明和版本状态使用。,,,,最终数据/最终数据/outputs/019f56e7-91fe-7a43-b1d0-ae50e45c9d0c/gold_silver_chinese_previews/06_SGE原始日行情.png,最终数据/最终数据/outputs/019f56e7-91fe-7a43-b1d0-ae50e45c9d0c/gold_silver_chinese_previews/06_SGE原始日行情.png,最终数据/最终数据/outputs/019f56e7-91fe-7a43-b1d0-ae50e45c9d0c/gold_silver_chinese_previews/06_SGE原始日行情.png,10_数据集原件与说明/本地原件/最终数据/最终数据/outputs/019f56e7-91fe-7a43-b1d0-ae50e45c9d0c/gold_silver_chinese_previews/06_SGE原始日行情.png,,.png,122128,fecd0334dedff87e1121bfbd387e57c670d5b6aabc0b9aa49e02896b663ff941,,,,,,,original_or_derived,ALREADY_LOCAL_VERIFIED,,LOCAL_FILE,,,,2026-08-16,项目内部资料或随附原始许可,,shared,,,,按用途读取，不修改历史原件。
LCL-0111,local,07_FRED日度原始.png,项目已有资料,2026-07-26,10_数据集原件与说明,内部,保存既有原始数据、代理数据、质量检查、字段说明和复现记录。,作为数据集原件与说明的本地证据或项目产物。,应结合来源说明和版本状态使用。,,,,最终数据/最终数据/outputs/019f56e7-91fe-7a43-b1d0-ae50e45c9d0c/gold_silver_chinese_previews/07_FRED日度原始.png,最终数据/最终数据/outputs/019f56e7-91fe-7a43-b1d0-ae50e45c9d0c/gold_silver_chinese_previews/07_FRED日度原始.png,最终数据/最终数据/outputs/019f56e7-91fe-7a43-b1d0-ae50e45c9d0c/gold_silver_chinese_previews/07_FRED日度原始.png,10_数据集原件与说明/本地原件/最终数据/最终数据/outputs/019f56e7-91fe-7a43-b1d0-ae50e45c9d0c/gold_silver_chinese_previews/07_FRED日度原始.png,,.png,45145,af055dcd8210c962652cacadfd12360defd8b27e20e3527078c30f16051567da,,,,,,,original_or_derived,ALREADY_LOCAL_VERIFIED,,LOCAL_FILE,,,,2026-08-16,项目内部资料或随附原始许可,,shared,,,,按用途读取，不修改历史原件。
LCL-0112,local,08_CFTC周度持仓.png,项目已有资料,2026-07-26,10_数据集原件与说明,内部,保存既有原始数据、代理数据、质量检查、字段说明和复现记录。,作为数据集原件与说明的本地证据或项目产物。,应结合来源说明和版本状态使用。,,,,最终数据/最终数据/outputs/019f56e7-91fe-7a43-b1d0-ae50e45c9d0c/gold_silver_chinese_previews/08_CFTC周度持仓.png,最终数据/最终数据/outputs/019f56e7-91fe-7a43-b1d0-ae50e45c9d0c/gold_silver_chinese_previews/08_CFTC周度持仓.png,最终数据/最终数据/outputs/019f56e7-91fe-7a43-b1d0-ae50e45c9d0c/gold_silver_chinese_previews/08_CFTC周度持仓.png,10_数据集原件与说明/本地原件/最终数据/最终数据/outputs/019f56e7-91fe-7a43-b1d0-ae50e45c9d0c/gold_silver_chinese_previews/08_CFTC周度持仓.png,,.png,84720,7f517650ccb89298d61d02353bc0a1686e7753332f6e6c28f849e6f1ee8462e1,,,,,,,original_or_derived,ALREADY_LOCAL_VERIFIED,,LOCAL_FILE,,,,2026-08-16,项目内部资料或随附原始许可,,shared,,,,按用途读取，不修改历史原件。
LCL-0113,local,09_金银月度主表.png,项目已有资料,2026-07-26,10_数据集原件与说明,内部,保存既有原始数据、代理数据、质量检查、字段说明和复现记录。,作为数据集原件与说明的本地证据或项目产物。,应结合来源说明和版本状态使用。,,,,最终数据/最终数据/outputs/019f56e7-91fe-7a43-b1d0-ae50e45c9d0c/gold_silver_chinese_previews/09_金银月度主表.png,最终数据/最终数据/outputs/019f56e7-91fe-7a43-b1d0-ae50e45c9d0c/gold_silver_chinese_previews/09_金银月度主表.png,最终数据/最终数据/outputs/019f56e7-91fe-7a43-b1d0-ae50e45c9d0c/gold_silver_chinese_previews/09_金银月度主表.png,10_数据集原件与说明/本地原件/最终数据/最终数据/outputs/019f56e7-91fe-7a43-b1d0-ae50e45c9d0c/gold_silver_chinese_previews/09_金银月度主表.png,,.png,90513,903bde3062650d226923e29c527e442fd0fc71e6edcab109386c7138e1a57ae2,,,,,,,original_or_derived,ALREADY_LOCAL_VERIFIED,,LOCAL_FILE,,,,2026-08-16,项目内部资料或随附原始许可,,shared,,,,按用途读取，不修改历史原件。
LCL-0114,local,10_GPR月度.png,项目已有资料,2026-07-26,10_数据集原件与说明,内部,保存既有原始数据、代理数据、质量检查、字段说明和复现记录。,作为数据集原件与说明的本地证据或项目产物。,应结合来源说明和版本状态使用。,,,,最终数据/最终数据/outputs/019f56e7-91fe-7a43-b1d0-ae50e45c9d0c/gold_silver_chinese_previews/10_GPR月度.png,最终数据/最终数据/outputs/019f56e7-91fe-7a43-b1d0-ae50e45c9d0c/gold_silver_chinese_previews/10_GPR月度.png,最终数据/最终数据/outputs/019f56e7-91fe-7a43-b1d0-ae50e45c9d0c/gold_silver_chinese_previews/10_GPR月度.png,10_数据集原件与说明/本地原件/最终数据/最终数据/outputs/019f56e7-91fe-7a43-b1d0-ae50e45c9d0c/gold_silver_chinese_previews/10_GPR月度.png,,.png,50614,50ae9168b1a0005777f8ac5ac6c11375e259f2bd33d3c594fa2251d51b2c6d26,,,,,,,original_or_derived,ALREADY_LOCAL_VERIFIED,,LOCAL_FILE,,,,2026-08-16,项目内部资料或随附原始许可,,shared,,,,按用途读取，不修改历史原件。
LCL-0115,local,11_白银年度供需.png,项目已有资料,2026-07-26,10_数据集原件与说明,内部,保存既有原始数据、代理数据、质量检查、字段说明和复现记录。,作为数据集原件与说明的本地证据或项目产物。,应结合来源说明和版本状态使用。,,,,最终数据/最终数据/outputs/019f56e7-91fe-7a43-b1d0-ae50e45c9d0c/gold_silver_chinese_previews/11_白银年度供需.png,最终数据/最终数据/outputs/019f56e7-91fe-7a43-b1d0-ae50e45c9d0c/gold_silver_chinese_previews/11_白银年度供需.png,最终数据/最终数据/outputs/019f56e7-91fe-7a43-b1d0-ae50e45c9d0c/gold_silver_chinese_previews/11_白银年度供需.png,10_数据集原件与说明/本地原件/最终数据/最终数据/outputs/019f56e7-91fe-7a43-b1d0-ae50e45c9d0c/gold_silver_chinese_previews/11_白银年度供需.png,,.png,212771,4e08455514789bf6023e612587d66283d1bdf7b913f85213163c064b52b385cf,,,,,,,original_or_derived,ALREADY_LOCAL_VERIFIED,,LOCAL_FILE,,,,2026-08-16,项目内部资料或随附原始许可,,shared,,,,按用途读取，不修改历史原件。
LCL-0116,local,12_来源与口径.png,项目已有资料,2026-07-26,10_数据集原件与说明,内部,保存既有原始数据、代理数据、质量检查、字段说明和复现记录。,作为数据集原件与说明的本地证据或项目产物。,应结合来源说明和版本状态使用。,,,,最终数据/最终数据/outputs/019f56e7-91fe-7a43-b1d0-ae50e45c9d0c/gold_silver_chinese_previews/12_来源与口径.png,最终数据/最终数据/outputs/019f56e7-91fe-7a43-b1d0-ae50e45c9d0c/gold_silver_chinese_previews/12_来源与口径.png,最终数据/最终数据/outputs/019f56e7-91fe-7a43-b1d0-ae50e45c9d0c/gold_silver_chinese_previews/12_来源与口径.png,10_数据集原件与说明/本地原件/最终数据/最终数据/outputs/019f56e7-91fe-7a43-b1d0-ae50e45c9d0c/gold_silver_chinese_previews/12_来源与口径.png,,.png,173863,0594c99a828153a4da1914b08e225808986d005be988f26a85e3b2dd65194fd9,,,,,,,original_or_derived,ALREADY_LOCAL_VERIFIED,,LOCAL_FILE,,,,2026-08-16,项目内部资料或随附原始许可,,shared,,,,按用途读取，不修改历史原件。
LCL-0117,local,13_质量检查.png,项目已有资料,2026-07-26,10_数据集原件与说明,内部,保存既有原始数据、代理数据、质量检查、字段说明和复现记录。,作为数据集原件与说明的本地证据或项目产物。,应结合来源说明和版本状态使用。,,,,最终数据/最终数据/outputs/019f56e7-91fe-7a43-b1d0-ae50e45c9d0c/gold_silver_chinese_previews/13_质量检查.png,最终数据/最终数据/outputs/019f56e7-91fe-7a43-b1d0-ae50e45c9d0c/gold_silver_chinese_previews/13_质量检查.png,最终数据/最终数据/outputs/019f56e7-91fe-7a43-b1d0-ae50e45c9d0c/gold_silver_chinese_previews/13_质量检查.png,10_数据集原件与说明/本地原件/最终数据/最终数据/outputs/019f56e7-91fe-7a43-b1d0-ae50e45c9d0c/gold_silver_chinese_previews/13_质量检查.png,,.png,93223,c2b40f26571fa0c495573fa4760318b7da95e034d25dcb4a8679fda664ddfd98,,,,,,,original_or_derived,ALREADY_LOCAL_VERIFIED,,LOCAL_FILE,,,,2026-08-16,项目内部资料或随附原始许可,,shared,,,,按用途读取，不修改历史原件。
LCL-0118,local,00_说明与总览.png,项目已有资料,2026-07-26,10_数据集原件与说明,内部,保存既有原始数据、代理数据、质量检查、字段说明和复现记录。,作为数据集原件与说明的本地证据或项目产物。,应结合来源说明和版本状态使用。,,,,最终数据/最终数据/outputs/019f56e7-91fe-7a43-b1d0-ae50e45c9d0c/gold_silver_factor_previews/00_说明与总览.png,最终数据/最终数据/outputs/019f56e7-91fe-7a43-b1d0-ae50e45c9d0c/gold_silver_factor_previews/00_说明与总览.png,最终数据/最终数据/outputs/019f56e7-91fe-7a43-b1d0-ae50e45c9d0c/gold_silver_factor_previews/00_说明与总览.png,10_数据集原件与说明/本地原件/最终数据/最终数据/outputs/019f56e7-91fe-7a43-b1d0-ae50e45c9d0c/gold_silver_factor_previews/00_说明与总览.png,,.png,144119,1390256a13216ccaca6c1077130f56ce9d55b8199b3b4d0d14500db82c00c745,,,,,,,original_or_derived,ALREADY_LOCAL_VERIFIED,,LOCAL_FILE,,,,2026-08-16,项目内部资料或随附原始许可,,shared,,,,按用途读取，不修改历史原件。
LCL-0119,local,01_金银传导链.png,项目已有资料,2026-07-26,10_数据集原件与说明,内部,保存既有原始数据、代理数据、质量检查、字段说明和复现记录。,作为数据集原件与说明的本地证据或项目产物。,应结合来源说明和版本状态使用。,,,,最终数据/最终数据/outputs/019f56e7-91fe-7a43-b1d0-ae50e45c9d0c/gold_silver_factor_previews/01_金银传导链.png,最终数据/最终数据/outputs/019f56e7-91fe-7a43-b1d0-ae50e45c9d0c/gold_silver_factor_previews/01_金银传导链.png,最终数据/最终数据/outputs/019f56e7-91fe-7a43-b1d0-ae50e45c9d0c/gold_silver_factor_previews/01_金银传导链.png,10_数据集原件与说明/本地原件/最终数据/最终数据/outputs/019f56e7-91fe-7a43-b1d0-ae50e45c9d0c/gold_silver_chinese_previews/01_金银传导链.png,,.png,188010,88de314c449aecc89c7b9be201d8666eebf884769d47d43f430eda44c51e3795,,,,,,,original_or_derived,DUPLICATE_CONTENT,,LOCAL_FILE,,,,2026-08-16,项目内部资料或随附原始许可,,shared,LCL-0105,,,使用duplicate_of_asset_id指向的规范副本。
LCL-0120,local,02_金银因素表.png,项目已有资料,2026-07-26,10_数据集原件与说明,内部,保存既有原始数据、代理数据、质量检查、字段说明和复现记录。,作为数据集原件与说明的本地证据或项目产物。,应结合来源说明和版本状态使用。,,,,最终数据/最终数据/outputs/019f56e7-91fe-7a43-b1d0-ae50e45c9d0c/gold_silver_factor_previews/02_金银因素表.png,最终数据/最终数据/outputs/019f56e7-91fe-7a43-b1d0-ae50e45c9d0c/gold_silver_factor_previews/02_金银因素表.png,最终数据/最终数据/outputs/019f56e7-91fe-7a43-b1d0-ae50e45c9d0c/gold_silver_factor_previews/02_金银因素表.png,10_数据集原件与说明/本地原件/最终数据/最终数据/outputs/019f56e7-91fe-7a43-b1d0-ae50e45c9d0c/gold_silver_chinese_previews/02_金银因素表.png,,.png,161264,de801b693f6a3e2ae5776b60966a5129ae7ebd2ebb4cee5b63d68357c0707a9c,,,,,,,original_or_derived,DUPLICATE_CONTENT,,LOCAL_FILE,,,,2026-08-16,项目内部资料或随附原始许可,,shared,LCL-0106,,,使用duplicate_of_asset_id指向的规范副本。
LCL-0121,local,03_事件关联.png,项目已有资料,2026-07-26,10_数据集原件与说明,内部,保存既有原始数据、代理数据、质量检查、字段说明和复现记录。,作为数据集原件与说明的本地证据或项目产物。,应结合来源说明和版本状态使用。,,,,最终数据/最终数据/outputs/019f56e7-91fe-7a43-b1d0-ae50e45c9d0c/gold_silver_factor_previews/03_事件关联.png,最终数据/最终数据/outputs/019f56e7-91fe-7a43-b1d0-ae50e45c9d0c/gold_silver_factor_previews/03_事件关联.png,最终数据/最终数据/outputs/019f56e7-91fe-7a43-b1d0-ae50e45c9d0c/gold_silver_factor_previews/03_事件关联.png,10_数据集原件与说明/本地原件/最终数据/最终数据/outputs/019f56e7-91fe-7a43-b1d0-ae50e45c9d0c/gold_silver_factor_previews/03_事件关联.png,,.png,144116,06da3f27f7692229739bea194ea064b247dc7665d91403d3b4c22fb6ea57de23,,,,,,,original_or_derived,ALREADY_LOCAL_VERIFIED,,LOCAL_FILE,,,,2026-08-16,项目内部资料或随附原始许可,,shared,,,,按用途读取，不修改历史原件。
LCL-0122,local,05_金银日度主表.png,项目已有资料,2026-07-26,10_数据集原件与说明,内部,保存既有原始数据、代理数据、质量检查、字段说明和复现记录。,作为数据集原件与说明的本地证据或项目产物。,应结合来源说明和版本状态使用。,,,,最终数据/最终数据/outputs/019f56e7-91fe-7a43-b1d0-ae50e45c9d0c/gold_silver_factor_previews/05_金银日度主表.png,最终数据/最终数据/outputs/019f56e7-91fe-7a43-b1d0-ae50e45c9d0c/gold_silver_factor_previews/05_金银日度主表.png,最终数据/最终数据/outputs/019f56e7-91fe-7a43-b1d0-ae50e45c9d0c/gold_silver_factor_previews/05_金银日度主表.png,10_数据集原件与说明/本地原件/最终数据/最终数据/outputs/019f56e7-91fe-7a43-b1d0-ae50e45c9d0c/gold_silver_factor_previews/05_金银日度主表.png,,.png,105951,4ff53186d87f4e60fa908f57d066834bd96cdba357438e83bedc5c1fd47371f6,,,,,,,original_or_derived,ALREADY_LOCAL_VERIFIED,,LOCAL_FILE,,,,2026-08-16,项目内部资料或随附原始许可,,shared,,,,按用途读取，不修改历史原件。
LCL-0123,local,06_SGE原始日行情.png,项目已有资料,2026-07-26,10_数据集原件与说明,内部,保存既有原始数据、代理数据、质量检查、字段说明和复现记录。,作为数据集原件与说明的本地证据或项目产物。,应结合来源说明和版本状态使用。,,,,最终数据/最终数据/outputs/019f56e7-91fe-7a43-b1d0-ae50e45c9d0c/gold_silver_factor_previews/06_SGE原始日行情.png,最终数据/最终数据/outputs/019f56e7-91fe-7a43-b1d0-ae50e45c9d0c/gold_silver_factor_previews/06_SGE原始日行情.png,最终数据/最终数据/outputs/019f56e7-91fe-7a43-b1d0-ae50e45c9d0c/gold_silver_factor_previews/06_SGE原始日行情.png,10_数据集原件与说明/本地原件/最终数据/最终数据/outputs/019f56e7-91fe-7a43-b1d0-ae50e45c9d0c/gold_factor_previews/06_SGE原始日行情.png,,.png,116742,5e14af4cfbb32f88b82ee60ce8fba311578edbbc065b296409234edd8630bbf8,,,,,,,original_or_derived,DUPLICATE_CONTENT,,LOCAL_FILE,,,,2026-08-16,项目内部资料或随附原始许可,,shared,LCL-0095,,,使用duplicate_of_asset_id指向的规范副本。
LCL-0124,local,07_FRED日度原始.png,项目已有资料,2026-07-26,10_数据集原件与说明,内部,保存既有原始数据、代理数据、质量检查、字段说明和复现记录。,作为数据集原件与说明的本地证据或项目产物。,应结合来源说明和版本状态使用。,,,,最终数据/最终数据/outputs/019f56e7-91fe-7a43-b1d0-ae50e45c9d0c/gold_silver_factor_previews/07_FRED日度原始.png,最终数据/最终数据/outputs/019f56e7-91fe-7a43-b1d0-ae50e45c9d0c/gold_silver_factor_previews/07_FRED日度原始.png,最终数据/最终数据/outputs/019f56e7-91fe-7a43-b1d0-ae50e45c9d0c/gold_silver_factor_previews/07_FRED日度原始.png,10_数据集原件与说明/本地原件/最终数据/最终数据/outputs/019f56e7-91fe-7a43-b1d0-ae50e45c9d0c/gold_factor_previews/07_FRED日度原始.png,,.png,38997,f3c73d876352d6b37fecd0aa6a6b5381fd5815a912ef27c69ccd023b6fee3970,,,,,,,original_or_derived,DUPLICATE_CONTENT,,LOCAL_FILE,,,,2026-08-16,项目内部资料或随附原始许可,,shared,LCL-0096,,,使用duplicate_of_asset_id指向的规范副本。
LCL-0125,local,08_CFTC周度持仓.png,项目已有资料,2026-07-26,10_数据集原件与说明,内部,保存既有原始数据、代理数据、质量检查、字段说明和复现记录。,作为数据集原件与说明的本地证据或项目产物。,应结合来源说明和版本状态使用。,,,,最终数据/最终数据/outputs/019f56e7-91fe-7a43-b1d0-ae50e45c9d0c/gold_silver_factor_previews/08_CFTC周度持仓.png,最终数据/最终数据/outputs/019f56e7-91fe-7a43-b1d0-ae50e45c9d0c/gold_silver_factor_previews/08_CFTC周度持仓.png,最终数据/最终数据/outputs/019f56e7-91fe-7a43-b1d0-ae50e45c9d0c/gold_silver_factor_previews/08_CFTC周度持仓.png,10_数据集原件与说明/本地原件/最终数据/最终数据/outputs/019f56e7-91fe-7a43-b1d0-ae50e45c9d0c/gold_factor_previews/08_CFTC周度持仓.png,,.png,79711,5c9174c676032f7ead8fc1d1495b62ca9225a24e67d5fcdd6994b6729affd520,,,,,,,original_or_derived,DUPLICATE_CONTENT,,LOCAL_FILE,,,,2026-08-16,项目内部资料或随附原始许可,,shared,LCL-0097,,,使用duplicate_of_asset_id指向的规范副本。
LCL-0126,local,09_金银月度主表.png,项目已有资料,2026-07-26,10_数据集原件与说明,内部,保存既有原始数据、代理数据、质量检查、字段说明和复现记录。,作为数据集原件与说明的本地证据或项目产物。,应结合来源说明和版本状态使用。,,,,最终数据/最终数据/outputs/019f56e7-91fe-7a43-b1d0-ae50e45c9d0c/gold_silver_factor_previews/09_金银月度主表.png,最终数据/最终数据/outputs/019f56e7-91fe-7a43-b1d0-ae50e45c9d0c/gold_silver_factor_previews/09_金银月度主表.png,最终数据/最终数据/outputs/019f56e7-91fe-7a43-b1d0-ae50e45c9d0c/gold_silver_factor_previews/09_金银月度主表.png,10_数据集原件与说明/本地原件/最终数据/最终数据/outputs/019f56e7-91fe-7a43-b1d0-ae50e45c9d0c/gold_factor_previews/09_月度研究主表.png,,.png,78337,3a9ab7976cc6a864f670f3ff3c776faf48311bc4ac6bffdf4fa500f10d5eecab,,,,,,,original_or_derived,DUPLICATE_CONTENT,,LOCAL_FILE,,,,2026-08-16,项目内部资料或随附原始许可,,shared,LCL-0098,,,使用duplicate_of_asset_id指向的规范副本。
LCL-0127,local,10_GPR月度.png,项目已有资料,2026-07-26,10_数据集原件与说明,内部,保存既有原始数据、代理数据、质量检查、字段说明和复现记录。,作为数据集原件与说明的本地证据或项目产物。,应结合来源说明和版本状态使用。,,,,最终数据/最终数据/outputs/019f56e7-91fe-7a43-b1d0-ae50e45c9d0c/gold_silver_factor_previews/10_GPR月度.png,最终数据/最终数据/outputs/019f56e7-91fe-7a43-b1d0-ae50e45c9d0c/gold_silver_factor_previews/10_GPR月度.png,最终数据/最终数据/outputs/019f56e7-91fe-7a43-b1d0-ae50e45c9d0c/gold_silver_factor_previews/10_GPR月度.png,10_数据集原件与说明/本地原件/最终数据/最终数据/outputs/019f56e7-91fe-7a43-b1d0-ae50e45c9d0c/gold_factor_previews/10_GPR月度.png,,.png,45417,4bcbb1941bbb2b7b2ccb3724147db6274cd7af7f59a31d0887e25c4fb37bce1a,,,,,,,original_or_derived,DUPLICATE_CONTENT,,LOCAL_FILE,,,,2026-08-16,项目内部资料或随附原始许可,,shared,LCL-0099,,,使用duplicate_of_asset_id指向的规范副本。
LCL-0128,local,11_白银年度供需.png,项目已有资料,2026-07-26,10_数据集原件与说明,内部,保存既有原始数据、代理数据、质量检查、字段说明和复现记录。,作为数据集原件与说明的本地证据或项目产物。,应结合来源说明和版本状态使用。,,,,最终数据/最终数据/outputs/019f56e7-91fe-7a43-b1d0-ae50e45c9d0c/gold_silver_factor_previews/11_白银年度供需.png,最终数据/最终数据/outputs/019f56e7-91fe-7a43-b1d0-ae50e45c9d0c/gold_silver_factor_previews/11_白银年度供需.png,最终数据/最终数据/outputs/019f56e7-91fe-7a43-b1d0-ae50e45c9d0c/gold_silver_factor_previews/11_白银年度供需.png,10_数据集原件与说明/本地原件/最终数据/最终数据/outputs/019f56e7-91fe-7a43-b1d0-ae50e45c9d0c/gold_silver_factor_previews/11_白银年度供需.png,,.png,198853,ae201fe4f96958fb627f89bc3bc2920dc2dee429fbf27738983047940a9171ac,,,,,,,original_or_derived,ALREADY_LOCAL_VERIFIED,,LOCAL_FILE,,,,2026-08-16,项目内部资料或随附原始许可,,shared,,,,按用途读取，不修改历史原件。
LCL-0129,local,12_来源与口径.png,项目已有资料,2026-07-26,10_数据集原件与说明,内部,保存既有原始数据、代理数据、质量检查、字段说明和复现记录。,作为数据集原件与说明的本地证据或项目产物。,应结合来源说明和版本状态使用。,,,,最终数据/最终数据/outputs/019f56e7-91fe-7a43-b1d0-ae50e45c9d0c/gold_silver_factor_previews/12_来源与口径.png,最终数据/最终数据/outputs/019f56e7-91fe-7a43-b1d0-ae50e45c9d0c/gold_silver_factor_previews/12_来源与口径.png,最终数据/最终数据/outputs/019f56e7-91fe-7a43-b1d0-ae50e45c9d0c/gold_silver_factor_previews/12_来源与口径.png,10_数据集原件与说明/本地原件/最终数据/最终数据/outputs/019f56e7-91fe-7a43-b1d0-ae50e45c9d0c/gold_silver_chinese_previews/12_来源与口径.png,,.png,173863,0594c99a828153a4da1914b08e225808986d005be988f26a85e3b2dd65194fd9,,,,,,,original_or_derived,DUPLICATE_CONTENT,,LOCAL_FILE,,,,2026-08-16,项目内部资料或随附原始许可,,shared,LCL-0116,,,使用duplicate_of_asset_id指向的规范副本。
LCL-0130,local,13_质量检查.png,项目已有资料,2026-07-26,10_数据集原件与说明,内部,保存既有原始数据、代理数据、质量检查、字段说明和复现记录。,作为数据集原件与说明的本地证据或项目产物。,应结合来源说明和版本状态使用。,,,,最终数据/最终数据/outputs/019f56e7-91fe-7a43-b1d0-ae50e45c9d0c/gold_silver_factor_previews/13_质量检查.png,最终数据/最终数据/outputs/019f56e7-91fe-7a43-b1d0-ae50e45c9d0c/gold_silver_factor_previews/13_质量检查.png,最终数据/最终数据/outputs/019f56e7-91fe-7a43-b1d0-ae50e45c9d0c/gold_silver_factor_previews/13_质量检查.png,10_数据集原件与说明/本地原件/最终数据/最终数据/outputs/019f56e7-91fe-7a43-b1d0-ae50e45c9d0c/gold_silver_factor_previews/13_质量检查.png,,.png,91478,2c812c3fd2271b36bd6059b6af591c8eaed5385c7a636d085574267e29602e69,,,,,,,original_or_derived,ALREADY_LOCAL_VERIFIED,,LOCAL_FILE,,,,2026-08-16,项目内部资料或随附原始许可,,shared,,,,按用途读取，不修改历史原件。
LCL-0131,local,00_使用说明.png,项目已有资料,2026-07-13,10_数据集原件与说明,内部,保存既有原始数据、代理数据、质量检查、字段说明和复现记录。,作为数据集原件与说明的本地证据或项目产物。,应结合来源说明和版本状态使用。,,,,最终数据/最终数据/outputs/019f56e7-91fe-7a43-b1d0-ae50e45c9d0c/previews/00_使用说明.png,最终数据/最终数据/outputs/019f56e7-91fe-7a43-b1d0-ae50e45c9d0c/previews/00_使用说明.png,最终数据/最终数据/outputs/019f56e7-91fe-7a43-b1d0-ae50e45c9d0c/previews/00_使用说明.png,10_数据集原件与说明/本地原件/最终数据/最终数据/outputs/019f56e7-91fe-7a43-b1d0-ae50e45c9d0c/previews/00_使用说明.png,,.png,186245,6674ffeca2d78280002b5512d578247ac0f97f168d14120a834dd400161afa3c,,,,,,,original_or_derived,ALREADY_LOCAL_VERIFIED,,LOCAL_FILE,,,,2026-08-16,项目内部资料或随附原始许可,,shared,,,,按用途读取，不修改历史原件。
LCL-0132,local,01_数据目录.png,项目已有资料,2026-07-13,10_数据集原件与说明,内部,保存既有原始数据、代理数据、质量检查、字段说明和复现记录。,作为数据集原件与说明的本地证据或项目产物。,应结合来源说明和版本状态使用。,,,,最终数据/最终数据/outputs/019f56e7-91fe-7a43-b1d0-ae50e45c9d0c/previews/01_数据目录.png,最终数据/最终数据/outputs/019f56e7-91fe-7a43-b1d0-ae50e45c9d0c/previews/01_数据目录.png,最终数据/最终数据/outputs/019f56e7-91fe-7a43-b1d0-ae50e45c9d0c/previews/01_数据目录.png,10_数据集原件与说明/本地原件/最终数据/最终数据/outputs/019f56e7-91fe-7a43-b1d0-ae50e45c9d0c/previews/01_数据目录.png,,.png,285424,d349052cc2483be4a8e42cf12efd5d11b46272e3178e2c7053f11ffaf0d579f6,,,,,,,original_or_derived,ALREADY_LOCAL_VERIFIED,,LOCAL_FILE,,,,2026-08-16,项目内部资料或随附原始许可,,shared,,,,按用途读取，不修改历史原件。
LCL-0133,local,02_因素地图.png,项目已有资料,2026-07-13,10_数据集原件与说明,内部,保存既有原始数据、代理数据、质量检查、字段说明和复现记录。,作为数据集原件与说明的本地证据或项目产物。,应结合来源说明和版本状态使用。,,,,最终数据/最终数据/outputs/019f56e7-91fe-7a43-b1d0-ae50e45c9d0c/previews/02_因素地图.png,最终数据/最终数据/outputs/019f56e7-91fe-7a43-b1d0-ae50e45c9d0c/previews/02_因素地图.png,最终数据/最终数据/outputs/019f56e7-91fe-7a43-b1d0-ae50e45c9d0c/previews/02_因素地图.png,10_数据集原件与说明/本地原件/最终数据/最终数据/outputs/019f56e7-91fe-7a43-b1d0-ae50e45c9d0c/previews/02_因素地图.png,,.png,151372,82d767eca43c82c2deed120cef1903bea1d9c71b87c5b9229ad99cf9bf359a79,,,,,,,original_or_derived,ALREADY_LOCAL_VERIFIED,,LOCAL_FILE,,,,2026-08-16,项目内部资料或随附原始许可,,shared,,,,按用途读取，不修改历史原件。
LCL-0134,local,03_事件时间线.png,项目已有资料,2026-07-13,10_数据集原件与说明,内部,保存既有原始数据、代理数据、质量检查、字段说明和复现记录。,作为数据集原件与说明的本地证据或项目产物。,应结合来源说明和版本状态使用。,,,,最终数据/最终数据/outputs/019f56e7-91fe-7a43-b1d0-ae50e45c9d0c/previews/03_事件时间线.png,最终数据/最终数据/outputs/019f56e7-91fe-7a43-b1d0-ae50e45c9d0c/previews/03_事件时间线.png,最终数据/最终数据/outputs/019f56e7-91fe-7a43-b1d0-ae50e45c9d0c/previews/03_事件时间线.png,10_数据集原件与说明/本地原件/最终数据/最终数据/outputs/019f56e7-91fe-7a43-b1d0-ae50e45c9d0c/previews/03_事件时间线.png,,.png,373104,9bf143a0e19622d38a1c4597237ba4670a1afd417f3e56e37be8cd7b221eabb9,,,,,,,original_or_derived,ALREADY_LOCAL_VERIFIED,,LOCAL_FILE,,,,2026-08-16,项目内部资料或随附原始许可,,shared,,,,按用途读取，不修改历史原件。
LCL-0135,local,04_因子扫描.png,项目已有资料,2026-07-13,10_数据集原件与说明,内部,保存既有原始数据、代理数据、质量检查、字段说明和复现记录。,作为数据集原件与说明的本地证据或项目产物。,应结合来源说明和版本状态使用。,,,,最终数据/最终数据/outputs/019f56e7-91fe-7a43-b1d0-ae50e45c9d0c/previews/04_因子扫描.png,最终数据/最终数据/outputs/019f56e7-91fe-7a43-b1d0-ae50e45c9d0c/previews/04_因子扫描.png,最终数据/最终数据/outputs/019f56e7-91fe-7a43-b1d0-ae50e45c9d0c/previews/04_因子扫描.png,10_数据集原件与说明/本地原件/最终数据/最终数据/outputs/019f56e7-91fe-7a43-b1d0-ae50e45c9d0c/previews/04_因子扫描.png,,.png,205427,ace1cbb4c31661fa95d5d112aee024bf283bcb96880769c9ac23b20c8213dac9,,,,,,,original_or_derived,ALREADY_LOCAL_VERIFIED,,LOCAL_FILE,,,,2026-08-16,项目内部资料或随附原始许可,,shared,,,,按用途读取，不修改历史原件。
LCL-0136,local,05_月度建模表.png,项目已有资料,2026-07-13,10_数据集原件与说明,内部,保存既有原始数据、代理数据、质量检查、字段说明和复现记录。,作为数据集原件与说明的本地证据或项目产物。,应结合来源说明和版本状态使用。,,,,最终数据/最终数据/outputs/019f56e7-91fe-7a43-b1d0-ae50e45c9d0c/previews/05_月度建模表.png,最终数据/最终数据/outputs/019f56e7-91fe-7a43-b1d0-ae50e45c9d0c/previews/05_月度建模表.png,最终数据/最终数据/outputs/019f56e7-91fe-7a43-b1d0-ae50e45c9d0c/previews/05_月度建模表.png,10_数据集原件与说明/本地原件/最终数据/最终数据/outputs/019f56e7-91fe-7a43-b1d0-ae50e45c9d0c/previews/05_月度建模表.png,,.png,121242,bd632993f42bc18fdf7a22890ab056db4365c18c1e78ca29ff5a878c61a32bdf,,,,,,,original_or_derived,ALREADY_LOCAL_VERIFIED,,LOCAL_FILE,,,,2026-08-16,项目内部资料或随附原始许可,,shared,,,,按用途读取，不修改历史原件。
LCL-0137,local,06_月度价格.png,项目已有资料,2026-07-13,10_数据集原件与说明,内部,保存既有原始数据、代理数据、质量检查、字段说明和复现记录。,作为数据集原件与说明的本地证据或项目产物。,应结合来源说明和版本状态使用。,,,,最终数据/最终数据/outputs/019f56e7-91fe-7a43-b1d0-ae50e45c9d0c/previews/06_月度价格.png,最终数据/最终数据/outputs/019f56e7-91fe-7a43-b1d0-ae50e45c9d0c/previews/06_月度价格.png,最终数据/最终数据/outputs/019f56e7-91fe-7a43-b1d0-ae50e45c9d0c/previews/06_月度价格.png,10_数据集原件与说明/本地原件/最终数据/最终数据/outputs/019f56e7-91fe-7a43-b1d0-ae50e45c9d0c/previews/06_月度价格.png,,.png,140889,d40b762f5d30e265be4dfc575795ca3d5ec7da5e3e6856a7cb287601e090290f,,,,,,,original_or_derived,ALREADY_LOCAL_VERIFIED,,LOCAL_FILE,,,,2026-08-16,项目内部资料或随附原始许可,,shared,,,,按用途读取，不修改历史原件。
LCL-0138,local,07_日收益率.png,项目已有资料,2026-07-13,10_数据集原件与说明,内部,保存既有原始数据、代理数据、质量检查、字段说明和复现记录。,作为数据集原件与说明的本地证据或项目产物。,应结合来源说明和版本状态使用。,,,,最终数据/最终数据/outputs/019f56e7-91fe-7a43-b1d0-ae50e45c9d0c/previews/07_日收益率.png,最终数据/最终数据/outputs/019f56e7-91fe-7a43-b1d0-ae50e45c9d0c/previews/07_日收益率.png,最终数据/最终数据/outputs/019f56e7-91fe-7a43-b1d0-ae50e45c9d0c/previews/07_日收益率.png,10_数据集原件与说明/本地原件/最终数据/最终数据/outputs/019f56e7-91fe-7a43-b1d0-ae50e45c9d0c/previews/07_日收益率.png,,.png,55990,a9ad34115b466bb4d2e5851a41f9bff16481a46bf6194e94617b0bc696aaa74a,,,,,,,original_or_derived,ALREADY_LOCAL_VERIFIED,,LOCAL_FILE,,,,2026-08-16,项目内部资料或随附原始许可,,shared,,,,按用途读取，不修改历史原件。
LCL-0139,local,08_美元指数.png,项目已有资料,2026-07-13,10_数据集原件与说明,内部,保存既有原始数据、代理数据、质量检查、字段说明和复现记录。,作为数据集原件与说明的本地证据或项目产物。,应结合来源说明和版本状态使用。,,,,最终数据/最终数据/outputs/019f56e7-91fe-7a43-b1d0-ae50e45c9d0c/previews/08_美元指数.png,最终数据/最终数据/outputs/019f56e7-91fe-7a43-b1d0-ae50e45c9d0c/previews/08_美元指数.png,最终数据/最终数据/outputs/019f56e7-91fe-7a43-b1d0-ae50e45c9d0c/previews/08_美元指数.png,10_数据集原件与说明/本地原件/最终数据/最终数据/outputs/019f56e7-91fe-7a43-b1d0-ae50e45c9d0c/previews/08_美元指数.png,,.png,39158,75c7252fc2e92719cb710ccd0d444efb2d1a5e25d9be04a275865a8dd2a4d211,,,,,,,original_or_derived,ALREADY_LOCAL_VERIFIED,,LOCAL_FILE,,,,2026-08-16,项目内部资料或随附原始许可,,shared,,,,按用途读取，不修改历史原件。
LCL-0140,local,09_CFTC持仓.png,项目已有资料,2026-07-13,10_数据集原件与说明,内部,保存既有原始数据、代理数据、质量检查、字段说明和复现记录。,作为数据集原件与说明的本地证据或项目产物。,应结合来源说明和版本状态使用。,,,,最终数据/最终数据/outputs/019f56e7-91fe-7a43-b1d0-ae50e45c9d0c/previews/09_CFTC持仓.png,最终数据/最终数据/outputs/019f56e7-91fe-7a43-b1d0-ae50e45c9d0c/previews/09_CFTC持仓.png,最终数据/最终数据/outputs/019f56e7-91fe-7a43-b1d0-ae50e45c9d0c/previews/09_CFTC持仓.png,10_数据集原件与说明/本地原件/最终数据/最终数据/outputs/019f56e7-91fe-7a43-b1d0-ae50e45c9d0c/previews/09_CFTC持仓.png,,.png,141856,f90ee14bcf6d44cf243ff8b070aec9dda4826b3355dab892de12876319a60748,,,,,,,original_or_derived,ALREADY_LOCAL_VERIFIED,,LOCAL_FILE,,,,2026-08-16,项目内部资料或随附原始许可,,shared,,,,按用途读取，不修改历史原件。
LCL-0141,local,10_GPR指数.png,项目已有资料,2026-07-13,10_数据集原件与说明,内部,保存既有原始数据、代理数据、质量检查、字段说明和复现记录。,作为数据集原件与说明的本地证据或项目产物。,应结合来源说明和版本状态使用。,,,,最终数据/最终数据/outputs/019f56e7-91fe-7a43-b1d0-ae50e45c9d0c/previews/10_GPR指数.png,最终数据/最终数据/outputs/019f56e7-91fe-7a43-b1d0-ae50e45c9d0c/previews/10_GPR指数.png,最终数据/最终数据/outputs/019f56e7-91fe-7a43-b1d0-ae50e45c9d0c/previews/10_GPR指数.png,10_数据集原件与说明/本地原件/最终数据/最终数据/outputs/019f56e7-91fe-7a43-b1d0-ae50e45c9d0c/previews/10_GPR指数.png,,.png,82381,4a0c2a5477abc7c78dc714c8aa028f3d916ca87051faab8aa8a1757fb4a9eceb,,,,,,,original_or_derived,ALREADY_LOCAL_VERIFIED,,LOCAL_FILE,,,,2026-08-16,项目内部资料或随附原始许可,,shared,,,,按用途读取，不修改历史原件。
LCL-0142,local,11_质量检查.png,项目已有资料,2026-07-13,10_数据集原件与说明,内部,保存既有原始数据、代理数据、质量检查、字段说明和复现记录。,作为数据集原件与说明的本地证据或项目产物。,应结合来源说明和版本状态使用。,,,,最终数据/最终数据/outputs/019f56e7-91fe-7a43-b1d0-ae50e45c9d0c/previews/11_质量检查.png,最终数据/最终数据/outputs/019f56e7-91fe-7a43-b1d0-ae50e45c9d0c/previews/11_质量检查.png,最终数据/最终数据/outputs/019f56e7-91fe-7a43-b1d0-ae50e45c9d0c/previews/11_质量检查.png,10_数据集原件与说明/本地原件/最终数据/最终数据/outputs/019f56e7-91fe-7a43-b1d0-ae50e45c9d0c/previews/11_质量检查.png,,.png,115874,64cf48b997c665bc682d344e27c67560d44b7defed4465041bad3279067095c8,,,,,,,original_or_derived,ALREADY_LOCAL_VERIFIED,,LOCAL_FILE,,,,2026-08-16,项目内部资料或随附原始许可,,shared,,,,按用途读取，不修改历史原件。
LCL-0143,local,China_Mainland_EPU_proxy_2022-02_to_2025-02.csv,项目已有资料,2026-07-15,10_数据集原件与说明,内部,保存既有原始数据、代理数据、质量检查、字段说明和复现记录。,作为数据集原件与说明的本地证据或项目产物。,代理数据，不得冒充论文或机构原始序列。,,,,最终数据/最终数据/research/media_sentiment_gold_paper/datasets/processed/China_Mainland_EPU_proxy_2022-02_to_2025-02.csv,最终数据/最终数据/research/media_sentiment_gold_paper/datasets/processed/China_Mainland_EPU_proxy_2022-02_to_2025-02.csv,最终数据/最终数据/research/media_sentiment_gold_paper/datasets/processed/China_Mainland_EPU_proxy_2022-02_to_2025-02.csv,10_数据集原件与说明/本地原件/最终数据/最终数据/research/media_sentiment_gold_paper/datasets/processed/China_Mainland_EPU_proxy_2022-02_to_2025-02.csv,,.csv,4355,1fd2cdd557f47c4483eaf3f75a9fcf9acf8d41c4b906219d35fce2222a365a7b,2022-02-01,2025-02-01,monthly_or_mixed,China mainland,date | china_mainland_epu_index | provenance_note,各字段单位见源文件、字段名或配套说明,proxy,ALREADY_LOCAL_VERIFIED,,LOCAL_FILE,,,,2026-08-16,项目内部资料或随附原始许可,,shared,,,,按用途读取，不修改历史原件。
LCL-0144,local,Fed_broad_dollar_proxy_2022-02_to_2025-02.csv,项目已有资料,2026-07-15,10_数据集原件与说明,内部,保存既有原始数据、代理数据、质量检查、字段说明和复现记录。,作为数据集原件与说明的本地证据或项目产物。,代理数据，不得冒充论文或机构原始序列。,,,,最终数据/最终数据/research/media_sentiment_gold_paper/datasets/processed/Fed_broad_dollar_proxy_2022-02_to_2025-02.csv,最终数据/最终数据/research/media_sentiment_gold_paper/datasets/processed/Fed_broad_dollar_proxy_2022-02_to_2025-02.csv,最终数据/最终数据/research/media_sentiment_gold_paper/datasets/processed/Fed_broad_dollar_proxy_2022-02_to_2025-02.csv,10_数据集原件与说明/本地原件/最终数据/最终数据/research/media_sentiment_gold_paper/datasets/processed/Fed_broad_dollar_proxy_2022-02_to_2025-02.csv,,.csv,69257,10e9314091975551e1d59cc1e10b3ce38b30aeb6803448273d250a721b43e5da,2022-02-01,2025-02-28,monthly_or_mixed,global_or_source_specific,date | broad_dollar_index | provenance_note,各字段单位见源文件、字段名或配套说明,proxy,ALREADY_LOCAL_VERIFIED,,LOCAL_FILE,,,,2026-08-16,项目内部资料或随附原始许可,,shared,,,,按用途读取，不修改历史原件。
LCL-0145,local,THUOCL_caijing_utf8.csv,项目已有资料,2026-07-15,10_数据集原件与说明,内部,保存既有原始数据、代理数据、质量检查、字段说明和复现记录。,作为数据集原件与说明的本地证据或项目产物。,应结合来源说明和版本状态使用。,,,,最终数据/最终数据/research/media_sentiment_gold_paper/datasets/processed/THUOCL_caijing_utf8.csv,最终数据/最终数据/research/media_sentiment_gold_paper/datasets/processed/THUOCL_caijing_utf8.csv,最终数据/最终数据/research/media_sentiment_gold_paper/datasets/processed/THUOCL_caijing_utf8.csv,10_数据集原件与说明/本地原件/最终数据/最终数据/research/media_sentiment_gold_paper/datasets/processed/THUOCL_caijing_utf8.csv,,.csv,58494,7835d68446c871cf2b59ef552d7301c04849e4778ec01873abbbc3a220e84a24,,,see_source_documentation,see_source_documentation,word | document_frequency,各字段单位见源文件、字段名或配套说明,original_or_derived,ALREADY_LOCAL_VERIFIED,,LOCAL_FILE,,,,2026-08-16,项目内部资料或随附原始许可,,shared,,,,按用途读取，不修改历史原件。
LCL-0146,local,US_Treasury_real_yield_proxy_2022-02_to_2025-02.csv,项目已有资料,2026-07-15,10_数据集原件与说明,内部,保存既有原始数据、代理数据、质量检查、字段说明和复现记录。,作为数据集原件与说明的本地证据或项目产物。,代理数据，不得冒充论文或机构原始序列。,,,,最终数据/最终数据/research/media_sentiment_gold_paper/datasets/processed/US_Treasury_real_yield_proxy_2022-02_to_2025-02.csv,最终数据/最终数据/research/media_sentiment_gold_paper/datasets/processed/US_Treasury_real_yield_proxy_2022-02_to_2025-02.csv,最终数据/最终数据/research/media_sentiment_gold_paper/datasets/processed/US_Treasury_real_yield_proxy_2022-02_to_2025-02.csv,10_数据集原件与说明/本地原件/最终数据/最终数据/research/media_sentiment_gold_paper/datasets/processed/US_Treasury_real_yield_proxy_2022-02_to_2025-02.csv,,.csv,85352,9ac2c8e57b9784e9d8715bd00c4b79d0f4ac2fa386400b501c4795c02ba3df20,2022-02-01,2025-02-28,see_source_documentation,see_source_documentation,date | real_10y_yield_pct | provenance_note,各字段单位见源文件、字段名或配套说明,proxy,ALREADY_LOCAL_VERIFIED,,LOCAL_FILE,,,,2026-08-16,项目内部资料或随附原始许可,,shared,,,,按用途读取，不修改历史原件。
LCL-0147,local,World_Bank_commodity_proxies_2022-02_to_2025-02.csv,项目已有资料,2026-07-15,10_数据集原件与说明,内部,保存既有原始数据、代理数据、质量检查、字段说明和复现记录。,作为数据集原件与说明的本地证据或项目产物。,应结合来源说明和版本状态使用。,,,,最终数据/最终数据/research/media_sentiment_gold_paper/datasets/processed/World_Bank_commodity_proxies_2022-02_to_2025-02.csv,最终数据/最终数据/research/media_sentiment_gold_paper/datasets/processed/World_Bank_commodity_proxies_2022-02_to_2025-02.csv,最终数据/最终数据/research/media_sentiment_gold_paper/datasets/processed/World_Bank_commodity_proxies_2022-02_to_2025-02.csv,10_数据集原件与说明/本地原件/最终数据/最终数据/research/media_sentiment_gold_paper/datasets/processed/World_Bank_commodity_proxies_2022-02_to_2025-02.csv,,.csv,4554,fbb27012e156ff32a0347741cefdb5953c6e8fa335a348e4912db08cbcaec814,2022-02-01,2025-02-01,monthly_or_mixed,global_or_source_specific,date | brent_usd_bbl | copper_usd_mt | gold_usd_oz | silver_usd_oz | provenance_note,各字段单位见源文件、字段名或配套说明,original_or_derived,ALREADY_LOCAL_VERIFIED,,LOCAL_FILE,,,,2026-08-16,项目内部资料或随附原始许可,,shared,,,,按用途读取，不修改历史原件。
LCL-0148,local,~$China_Mainland_Paper_EPU.xlsx,项目已有资料,2026-08-13,10_数据集原件与说明,内部,保存既有原始数据、代理数据、质量检查、字段说明和复现记录。,作为数据集原件与说明的本地证据或项目产物。,应结合来源说明和版本状态使用。,,,,最终数据/最终数据/research/media_sentiment_gold_paper/datasets/raw/~$China_Mainland_Paper_EPU.xlsx,最终数据/最终数据/research/media_sentiment_gold_paper/datasets/raw/~$China_Mainland_Paper_EPU.xlsx,最终数据/最终数据/research/media_sentiment_gold_paper/datasets/raw/~$China_Mainland_Paper_EPU.xlsx,,,.xlsx,165,7a4e96f90a2023d863091f0af8b77d34e645a4995be456daacb74dc2b94fbc99,,,,,,,raw,EXCLUDED_SECRET,,LOCAL_FILE,,,,2026-08-16,项目内部资料或随附原始许可,,metadata_only,,,Cookie、认证痕迹或Office锁文件不属于研究资料，禁止封装。,保持旧文件不动；不得复制到任何交接包。
LCL-0149,local,China_Mainland_Paper_EPU.xlsx,项目已有资料,2026-07-13,10_数据集原件与说明,内部,保存既有原始数据、代理数据、质量检查、字段说明和复现记录。,作为数据集原件与说明的本地证据或项目产物。,应结合来源说明和版本状态使用。,,,,最终数据/最终数据/research/media_sentiment_gold_paper/datasets/raw/China_Mainland_Paper_EPU.xlsx,最终数据/最终数据/research/media_sentiment_gold_paper/datasets/raw/China_Mainland_Paper_EPU.xlsx,最终数据/最终数据/research/media_sentiment_gold_paper/datasets/raw/China_Mainland_Paper_EPU.xlsx,10_数据集原件与说明/本地原件/最终数据/最终数据/research/media_sentiment_gold_paper/datasets/raw/China_Mainland_Paper_EPU.xlsx,,.xlsx,48773,16941dfed24eed12afe2d9e92b02a561e2b2f2e4540ae3306893d70985e79222,,,monthly_or_mixed,China mainland,worksheets(4): EPU 1949-1978 | EPU 1979-1999 | EPU 2000 onwards | TPU 2000 onwards,各工作表单位见来源与口径/说明工作表,raw,ALREADY_LOCAL_VERIFIED,,LOCAL_FILE,,,,2026-08-16,项目内部资料或随附原始许可,,shared,,,,按用途读取，不修改历史原件。
LCL-0150,local,THUOCL_caijing.txt,项目已有资料,2026-07-13,10_数据集原件与说明,内部,保存既有原始数据、代理数据、质量检查、字段说明和复现记录。,作为数据集原件与说明的本地证据或项目产物。,应结合来源说明和版本状态使用。,,,,最终数据/最终数据/research/media_sentiment_gold_paper/datasets/raw/THUOCL_caijing.txt,最终数据/最终数据/research/media_sentiment_gold_paper/datasets/raw/THUOCL_caijing.txt,最终数据/最终数据/research/media_sentiment_gold_paper/datasets/raw/THUOCL_caijing.txt,10_数据集原件与说明/本地原件/最终数据/最终数据/research/media_sentiment_gold_paper/datasets/raw/THUOCL_caijing.txt,,.txt,62296,68e63d2009e59c6f388eeaa789d19b6a681657de3e8e56cc3479b21cd8548542,,,,,,,raw,ALREADY_LOCAL_VERIFIED,,LOCAL_FILE,,,,2026-08-16,项目内部资料或随附原始许可,,shared,,,,按用途读取，不修改历史原件。
LCL-0151,local,THUOCL_LICENSE.txt,项目已有资料,2026-07-13,10_数据集原件与说明,内部,保存既有原始数据、代理数据、质量检查、字段说明和复现记录。,作为数据集原件与说明的本地证据或项目产物。,应结合来源说明和版本状态使用。,,,,最终数据/最终数据/research/media_sentiment_gold_paper/datasets/raw/THUOCL_LICENSE.txt,最终数据/最终数据/research/media_sentiment_gold_paper/datasets/raw/THUOCL_LICENSE.txt,最终数据/最终数据/research/media_sentiment_gold_paper/datasets/raw/THUOCL_LICENSE.txt,10_数据集原件与说明/本地原件/最终数据/最终数据/research/media_sentiment_gold_paper/datasets/raw/THUOCL_LICENSE.txt,,.txt,1063,db4b8cca414db4cf487b933d07a0514f77caf44f9f3d392f2bc9d7ba0d511c58,,,,,,,raw,ALREADY_LOCAL_VERIFIED,,LOCAL_FILE,,,,2026-08-16,项目内部资料或随附原始许可,,shared,,,,按用途读取，不修改历史原件。
LCL-0152,local,checksums_sha256.txt,项目已有资料,2026-07-15,10_数据集原件与说明,内部,保存既有原始数据、代理数据、质量检查、字段说明和复现记录。,作为数据集原件与说明的本地证据或项目产物。,应结合来源说明和版本状态使用。,,,,最终数据/最终数据/research/media_sentiment_gold_paper/metadata/checksums_sha256.txt,最终数据/最终数据/research/media_sentiment_gold_paper/metadata/checksums_sha256.txt,最终数据/最终数据/research/media_sentiment_gold_paper/metadata/checksums_sha256.txt,10_数据集原件与说明/本地原件/最终数据/最终数据/research/media_sentiment_gold_paper/metadata/checksums_sha256.txt,,.txt,2004,075c9565cdc8da26036abdfd7500d68d828f924dda58cddae03f23164c1dd309,,,,,,,original_or_derived,ALREADY_LOCAL_VERIFIED,,LOCAL_FILE,,,,2026-08-16,项目内部资料或随附原始许可,,private_only,,,,按用途读取，不修改历史原件。
LCL-0153,local,dataset_manifest.csv,项目已有资料,2026-07-15,10_数据集原件与说明,内部,保存既有原始数据、代理数据、质量检查、字段说明和复现记录。,作为数据集原件与说明的本地证据或项目产物。,应结合来源说明和版本状态使用。,,,,最终数据/最终数据/research/media_sentiment_gold_paper/metadata/dataset_manifest.csv,最终数据/最终数据/research/media_sentiment_gold_paper/metadata/dataset_manifest.csv,最终数据/最终数据/research/media_sentiment_gold_paper/metadata/dataset_manifest.csv,10_数据集原件与说明/本地原件/最终数据/最终数据/research/media_sentiment_gold_paper/metadata/dataset_manifest.csv,,.csv,6223,a0c7333bbd04c4f0c05619806e23aa9af3b53075b9745496c7a16e94ba3af53c,,,static_or_registry,see_source_documentation,类别 | 变量或资产 | 论文定义/口径 | 时间范围 | 频率 | 来源 | 来源URL | 与论文关系 | 可得状态 | 本地文件 | 许可/使用限制 | 精确或代理 | 备注,各字段单位见源文件、字段名或配套说明,original_or_derived,ALREADY_LOCAL_VERIFIED,,LOCAL_FILE,,,,2026-08-16,项目内部资料或随附原始许可,,shared,,,,按用途读取，不修改历史原件。
LCL-0154,local,europepmc_fulltext.xml,项目已有资料,2026-07-13,10_数据集原件与说明,内部,保存既有原始数据、代理数据、质量检查、字段说明和复现记录。,作为数据集原件与说明的本地证据或项目产物。,应结合来源说明和版本状态使用。,,,,最终数据/最终数据/research/media_sentiment_gold_paper/metadata/europepmc_fulltext.xml,最终数据/最终数据/research/media_sentiment_gold_paper/metadata/europepmc_fulltext.xml,最终数据/最终数据/research/media_sentiment_gold_paper/metadata/europepmc_fulltext.xml,10_数据集原件与说明/本地原件/最终数据/最终数据/research/media_sentiment_gold_paper/metadata/europepmc_fulltext.xml,,.xml,289341,1aa9d51b0e09a196758e72f6b58f6df55f42216213930d44fa2eb9e541c71799,,,,,,,original_or_derived,ALREADY_LOCAL_VERIFIED,,LOCAL_FILE,,,,2026-08-16,项目内部资料或随附原始许可,,shared,,,,按用途读取，不修改历史原件。
LCL-0155,local,heywhale_app.js,项目已有资料,2026-07-13,10_数据集原件与说明,内部,保存既有原始数据、代理数据、质量检查、字段说明和复现记录。,作为数据集原件与说明的本地证据或项目产物。,应结合来源说明和版本状态使用。,,,,最终数据/最终数据/research/media_sentiment_gold_paper/metadata/heywhale_app.js,最终数据/最终数据/research/media_sentiment_gold_paper/metadata/heywhale_app.js,最终数据/最终数据/research/media_sentiment_gold_paper/metadata/heywhale_app.js,10_数据集原件与说明/本地原件/最终数据/最终数据/research/media_sentiment_gold_paper/metadata/heywhale_app.js,,.js,440614,a3f0e314b53435400a271eadc3c164e4a8ea8045bbe39f6f0a5661e2aaf155a7,,,,,,,original_or_derived,ALREADY_LOCAL_VERIFIED,,LOCAL_FILE,,,,2026-08-16,项目内部资料或随附原始许可,,private_only,,,,按用途读取，不修改历史原件。
LCL-0156,local,heywhale_dataset_page.html,项目已有资料,2026-07-13,10_数据集原件与说明,内部,保存既有原始数据、代理数据、质量检查、字段说明和复现记录。,作为数据集原件与说明的本地证据或项目产物。,应结合来源说明和版本状态使用。,,,,最终数据/最终数据/research/media_sentiment_gold_paper/metadata/heywhale_dataset_page.html,最终数据/最终数据/research/media_sentiment_gold_paper/metadata/heywhale_dataset_page.html,最终数据/最终数据/research/media_sentiment_gold_paper/metadata/heywhale_dataset_page.html,10_数据集原件与说明/本地原件/最终数据/最终数据/research/media_sentiment_gold_paper/metadata/heywhale_dataset_page.html,,.html,1176,50b7588d55000764dd1e33733bd0d70319d58c77bede63fa47cb6d597b2d2b57,,,,,,,original_or_derived,ALREADY_LOCAL_VERIFIED,,LOCAL_FILE,,,,2026-08-16,项目内部资料或随附原始许可,,private_only,,,,按用途读取，不修改历史原件。
LCL-0157,local,sge_en_daily.html,项目已有资料,2026-07-13,10_数据集原件与说明,内部,保存既有原始数据、代理数据、质量检查、字段说明和复现记录。,作为数据集原件与说明的本地证据或项目产物。,应结合来源说明和版本状态使用。,,,,最终数据/最终数据/research/media_sentiment_gold_paper/metadata/sge_en_daily.html,最终数据/最终数据/research/media_sentiment_gold_paper/metadata/sge_en_daily.html,最终数据/最终数据/research/media_sentiment_gold_paper/metadata/sge_en_daily.html,10_数据集原件与说明/本地原件/最终数据/最终数据/research/media_sentiment_gold_paper/metadata/sge_en_daily.html,,.html,48869,a0cae3c4742b81f92f67b66afccc3774b688c6b08c043edc1273cddf776d9546,,,,,,,original_or_derived,ALREADY_LOCAL_VERIFIED,,LOCAL_FILE,,,,2026-08-16,项目内部资料或随附原始许可,,private_only,,,,按用途读取，不修改历史原件。
LCL-0158,local,sge_func.js,项目已有资料,2026-07-13,10_数据集原件与说明,内部,保存既有原始数据、代理数据、质量检查、字段说明和复现记录。,作为数据集原件与说明的本地证据或项目产物。,应结合来源说明和版本状态使用。,,,,最终数据/最终数据/research/media_sentiment_gold_paper/metadata/sge_func.js,最终数据/最终数据/research/media_sentiment_gold_paper/metadata/sge_func.js,最终数据/最终数据/research/media_sentiment_gold_paper/metadata/sge_func.js,10_数据集原件与说明/本地原件/最终数据/最终数据/research/media_sentiment_gold_paper/metadata/sge_func.js,,.js,45483,05b2bf8b527f19a71aa6d48cad443622b1453c6af2bff2c00bad5181616ba7b6,,,,,,,original_or_derived,ALREADY_LOCAL_VERIFIED,,LOCAL_FILE,,,,2026-08-16,项目内部资料或随附原始许可,,private_only,,,,按用途读取，不修改历史原件。
LCL-0159,local,sge_main.js,项目已有资料,2026-07-13,10_数据集原件与说明,内部,保存既有原始数据、代理数据、质量检查、字段说明和复现记录。,作为数据集原件与说明的本地证据或项目产物。,应结合来源说明和版本状态使用。,,,,最终数据/最终数据/research/media_sentiment_gold_paper/metadata/sge_main.js,最终数据/最终数据/research/media_sentiment_gold_paper/metadata/sge_main.js,最终数据/最终数据/research/media_sentiment_gold_paper/metadata/sge_main.js,10_数据集原件与说明/本地原件/最终数据/最终数据/research/media_sentiment_gold_paper/metadata/sge_main.js,,.js,4628,095cd996e7b768280dc45a479cdb67e3d8c311d127b6cebd88f474262777d947,,,,,,,original_or_derived,ALREADY_LOCAL_VERIFIED,,LOCAL_FILE,,,,2026-08-16,项目内部资料或随附原始许可,,private_only,,,,按用途读取，不修改历史原件。
LCL-0160,local,sge_quotation_daily_new.html,项目已有资料,2026-07-13,10_数据集原件与说明,内部,保存既有原始数据、代理数据、质量检查、字段说明和复现记录。,作为数据集原件与说明的本地证据或项目产物。,应结合来源说明和版本状态使用。,,,,最终数据/最终数据/research/media_sentiment_gold_paper/metadata/sge_quotation_daily_new.html,最终数据/最终数据/research/media_sentiment_gold_paper/metadata/sge_quotation_daily_new.html,最终数据/最终数据/research/media_sentiment_gold_paper/metadata/sge_quotation_daily_new.html,10_数据集原件与说明/本地原件/最终数据/最终数据/research/media_sentiment_gold_paper/metadata/sge_quotation_daily_new.html,,.html,43810,a8a5d352558791a5e9986e6cdb52c6daeafda3d3203c860cf891f7d63deca57b,,,,,,,original_or_derived,ALREADY_LOCAL_VERIFIED,,LOCAL_FILE,,,,2026-08-16,项目内部资料或随附原始许可,,private_only,,,,按用途读取，不修改历史原件。
LCL-0161,local,sge_tools.js,项目已有资料,2026-07-13,10_数据集原件与说明,内部,保存既有原始数据、代理数据、质量检查、字段说明和复现记录。,作为数据集原件与说明的本地证据或项目产物。,应结合来源说明和版本状态使用。,,,,最终数据/最终数据/research/media_sentiment_gold_paper/metadata/sge_tools.js,最终数据/最终数据/research/media_sentiment_gold_paper/metadata/sge_tools.js,最终数据/最终数据/research/media_sentiment_gold_paper/metadata/sge_tools.js,10_数据集原件与说明/本地原件/最终数据/最终数据/research/media_sentiment_gold_paper/metadata/sge_tools.js,,.js,33766,3791aae159b6a6b2e37fc533131bdb9d765b425d5823580c9f933ac125b7070e,,,,,,,original_or_derived,ALREADY_LOCAL_VERIFIED,,LOCAL_FILE,,,,2026-08-16,项目内部资料或随附原始许可,,private_only,,,,按用途读取，不修改历史原件。
LCL-0162,local,weebly_cookies.txt,项目已有资料,2026-07-13,10_数据集原件与说明,内部,保存既有原始数据、代理数据、质量检查、字段说明和复现记录。,作为数据集原件与说明的本地证据或项目产物。,应结合来源说明和版本状态使用。,,,,最终数据/最终数据/research/media_sentiment_gold_paper/metadata/weebly_cookies.txt,最终数据/最终数据/research/media_sentiment_gold_paper/metadata/weebly_cookies.txt,最终数据/最终数据/research/media_sentiment_gold_paper/metadata/weebly_cookies.txt,,,.txt,389,036e47d2fec97fe2a96b3a69424a7e3db6f58268c9b2284cfe87e28bfb1571ac,,,,,,,original_or_derived,EXCLUDED_SECRET,,LOCAL_FILE,,,,2026-08-16,项目内部资料或随附原始许可,,metadata_only,,,Cookie、认证痕迹或Office锁文件不属于研究资料，禁止封装。,保持旧文件不动；不得复制到任何交接包。
LCL-0163,local,~$论文数据来源与复现清单.xlsx,项目已有资料,2026-08-13,10_数据集原件与说明,内部,保存既有原始数据、代理数据、质量检查、字段说明和复现记录。,作为数据集原件与说明的本地证据或项目产物。,应结合来源说明和版本状态使用。,,,,最终数据/最终数据/research/media_sentiment_gold_paper/outputs/019f56e7-91fe-7a43-b1d0-ae50e45c9d0c/~$论文数据来源与复现清单.xlsx,最终数据/最终数据/research/media_sentiment_gold_paper/outputs/019f56e7-91fe-7a43-b1d0-ae50e45c9d0c/~$论文数据来源与复现清单.xlsx,最终数据/最终数据/research/media_sentiment_gold_paper/outputs/019f56e7-91fe-7a43-b1d0-ae50e45c9d0c/~$论文数据来源与复现清单.xlsx,,,.xlsx,165,7a4e96f90a2023d863091f0af8b77d34e645a4995be456daacb74dc2b94fbc99,,,,,,,original_or_derived,EXCLUDED_SECRET,,LOCAL_FILE,,,,2026-08-16,项目内部资料或随附原始许可,,metadata_only,,,Cookie、认证痕迹或Office锁文件不属于研究资料，禁止封装。,保持旧文件不动；不得复制到任何交接包。
LCL-0164,local,论文数据来源与复现清单.xlsx,项目已有资料,2026-07-15,10_数据集原件与说明,内部,保存既有原始数据、代理数据、质量检查、字段说明和复现记录。,作为数据集原件与说明的本地证据或项目产物。,应结合来源说明和版本状态使用。,,,,最终数据/最终数据/research/media_sentiment_gold_paper/outputs/019f56e7-91fe-7a43-b1d0-ae50e45c9d0c/论文数据来源与复现清单.xlsx,最终数据/最终数据/research/media_sentiment_gold_paper/outputs/019f56e7-91fe-7a43-b1d0-ae50e45c9d0c/论文数据来源与复现清单.xlsx,最终数据/最终数据/research/media_sentiment_gold_paper/outputs/019f56e7-91fe-7a43-b1d0-ae50e45c9d0c/论文数据来源与复现清单.xlsx,10_数据集原件与说明/本地原件/最终数据/最终数据/research/media_sentiment_gold_paper/outputs/019f56e7-91fe-7a43-b1d0-ae50e45c9d0c/论文数据来源与复现清单.xlsx,,.xlsx,128084,0f201c8de76bdc2c20c83ef8877bffd963a685b5a205d0310b446dc516c6cce5,,,static_or_registry,see_source_documentation,worksheets(9): 导读 | 数据清单 | 复现风险 | THUOCL财经词表 | EPU代理 | 实际利率代理 | 美元指数代理 | 商品月度代理 | 质量检查,各工作表单位见来源与口径/说明工作表,original_or_derived,ALREADY_LOCAL_VERIFIED,,LOCAL_FILE,,,,2026-08-16,项目内部资料或随附原始许可,,shared,,,,按用途读取，不修改历史原件。
LCL-0165,local,论文数据来源与复现清单.xlsx.inspect.ndjson,项目已有资料,2026-07-15,10_数据集原件与说明,内部,保存既有原始数据、代理数据、质量检查、字段说明和复现记录。,作为数据集原件与说明的本地证据或项目产物。,应结合来源说明和版本状态使用。,,,,最终数据/最终数据/research/media_sentiment_gold_paper/outputs/019f56e7-91fe-7a43-b1d0-ae50e45c9d0c/论文数据来源与复现清单.xlsx.inspect.ndjson,最终数据/最终数据/research/media_sentiment_gold_paper/outputs/019f56e7-91fe-7a43-b1d0-ae50e45c9d0c/论文数据来源与复现清单.xlsx.inspect.ndjson,最终数据/最终数据/research/media_sentiment_gold_paper/outputs/019f56e7-91fe-7a43-b1d0-ae50e45c9d0c/论文数据来源与复现清单.xlsx.inspect.ndjson,10_数据集原件与说明/本地原件/最终数据/最终数据/research/media_sentiment_gold_paper/outputs/019f56e7-91fe-7a43-b1d0-ae50e45c9d0c/论文数据来源与复现清单.xlsx.inspect.ndjson,,.ndjson,4156109,3f3960de6bf79f0fdbedd13be0eb34444d13838dd1df9b7c18930753c20d5b75,,,,,,,original_or_derived,ALREADY_LOCAL_VERIFIED,,LOCAL_FILE,,,,2026-08-16,项目内部资料或随附原始许可,,private_only,,,,按用途读取，不修改历史原件。
LCL-0166,local,formula_error_scan.ndjson,项目已有资料,2026-07-15,10_数据集原件与说明,内部,保存既有原始数据、代理数据、质量检查、字段说明和复现记录。,作为数据集原件与说明的本地证据或项目产物。,应结合来源说明和版本状态使用。,,,,最终数据/最终数据/research/media_sentiment_gold_paper/outputs/019f56e7-91fe-7a43-b1d0-ae50e45c9d0c/formula_error_scan.ndjson,最终数据/最终数据/research/media_sentiment_gold_paper/outputs/019f56e7-91fe-7a43-b1d0-ae50e45c9d0c/formula_error_scan.ndjson,最终数据/最终数据/research/media_sentiment_gold_paper/outputs/019f56e7-91fe-7a43-b1d0-ae50e45c9d0c/formula_error_scan.ndjson,10_数据集原件与说明/本地原件/最终数据/最终数据/research/media_sentiment_gold_paper/outputs/019f56e7-91fe-7a43-b1d0-ae50e45c9d0c/formula_error_scan.ndjson,,.ndjson,60,acc0111e19cf44d2753fc9ecd164bf1b27fbd65597463a25cf48bd1c65e90146,,,,,,,original_or_derived,ALREADY_LOCAL_VERIFIED,,LOCAL_FILE,,,,2026-08-16,项目内部资料或随附原始许可,,private_only,,,,按用途读取，不修改历史原件。
LCL-0167,local,导读.png,项目已有资料,2026-07-15,10_数据集原件与说明,内部,保存既有原始数据、代理数据、质量检查、字段说明和复现记录。,作为数据集原件与说明的本地证据或项目产物。,应结合来源说明和版本状态使用。,,,,最终数据/最终数据/research/media_sentiment_gold_paper/outputs/019f56e7-91fe-7a43-b1d0-ae50e45c9d0c/previews/导读.png,最终数据/最终数据/research/media_sentiment_gold_paper/outputs/019f56e7-91fe-7a43-b1d0-ae50e45c9d0c/previews/导读.png,最终数据/最终数据/research/media_sentiment_gold_paper/outputs/019f56e7-91fe-7a43-b1d0-ae50e45c9d0c/previews/导读.png,10_数据集原件与说明/本地原件/最终数据/最终数据/research/media_sentiment_gold_paper/outputs/019f56e7-91fe-7a43-b1d0-ae50e45c9d0c/previews/导读.png,,.png,296719,56c9d2012b5808783749b1c3fb08a517d84614c629dbbc47fc67f72be2cd1898,,,,,,,original_or_derived,ALREADY_LOCAL_VERIFIED,,LOCAL_FILE,,,,2026-08-16,项目内部资料或随附原始许可,,shared,,,,按用途读取，不修改历史原件。
LCL-0168,local,复现风险.png,项目已有资料,2026-07-15,10_数据集原件与说明,内部,保存既有原始数据、代理数据、质量检查、字段说明和复现记录。,作为数据集原件与说明的本地证据或项目产物。,应结合来源说明和版本状态使用。,,,,最终数据/最终数据/research/media_sentiment_gold_paper/outputs/019f56e7-91fe-7a43-b1d0-ae50e45c9d0c/previews/复现风险.png,最终数据/最终数据/research/media_sentiment_gold_paper/outputs/019f56e7-91fe-7a43-b1d0-ae50e45c9d0c/previews/复现风险.png,最终数据/最终数据/research/media_sentiment_gold_paper/outputs/019f56e7-91fe-7a43-b1d0-ae50e45c9d0c/previews/复现风险.png,10_数据集原件与说明/本地原件/最终数据/最终数据/research/media_sentiment_gold_paper/outputs/019f56e7-91fe-7a43-b1d0-ae50e45c9d0c/previews/复现风险.png,,.png,270198,2b200869f2b6818b962d592cddac74298f218b5c6dfeaea682537c73aed3e5bf,,,,,,,original_or_derived,ALREADY_LOCAL_VERIFIED,,LOCAL_FILE,,,,2026-08-16,项目内部资料或随附原始许可,,shared,,,,按用途读取，不修改历史原件。
LCL-0169,local,美元指数代理.png,项目已有资料,2026-07-15,10_数据集原件与说明,内部,保存既有原始数据、代理数据、质量检查、字段说明和复现记录。,作为数据集原件与说明的本地证据或项目产物。,代理数据，不得冒充论文或机构原始序列。,,,,最终数据/最终数据/research/media_sentiment_gold_paper/outputs/019f56e7-91fe-7a43-b1d0-ae50e45c9d0c/previews/美元指数代理.png,最终数据/最终数据/research/media_sentiment_gold_paper/outputs/019f56e7-91fe-7a43-b1d0-ae50e45c9d0c/previews/美元指数代理.png,最终数据/最终数据/research/media_sentiment_gold_paper/outputs/019f56e7-91fe-7a43-b1d0-ae50e45c9d0c/previews/美元指数代理.png,10_数据集原件与说明/本地原件/最终数据/最终数据/research/media_sentiment_gold_paper/outputs/019f56e7-91fe-7a43-b1d0-ae50e45c9d0c/previews/美元指数代理.png,,.png,274924,beec18add2f22e0aa215d267e719cf3c55dd5284f3072ae000d5b41e0498a0e0,,,,,,,proxy,ALREADY_LOCAL_VERIFIED,,LOCAL_FILE,,,,2026-08-16,项目内部资料或随附原始许可,,shared,,,,按用途读取，不修改历史原件。
LCL-0170,local,商品月度代理.png,项目已有资料,2026-07-15,10_数据集原件与说明,内部,保存既有原始数据、代理数据、质量检查、字段说明和复现记录。,作为数据集原件与说明的本地证据或项目产物。,代理数据，不得冒充论文或机构原始序列。,,,,最终数据/最终数据/research/media_sentiment_gold_paper/outputs/019f56e7-91fe-7a43-b1d0-ae50e45c9d0c/previews/商品月度代理.png,最终数据/最终数据/research/media_sentiment_gold_paper/outputs/019f56e7-91fe-7a43-b1d0-ae50e45c9d0c/previews/商品月度代理.png,最终数据/最终数据/research/media_sentiment_gold_paper/outputs/019f56e7-91fe-7a43-b1d0-ae50e45c9d0c/previews/商品月度代理.png,10_数据集原件与说明/本地原件/最终数据/最终数据/research/media_sentiment_gold_paper/outputs/019f56e7-91fe-7a43-b1d0-ae50e45c9d0c/previews/商品月度代理.png,,.png,347659,a4fca2c492d06fd2af7e22e911c9a7391264a7bac57f45c1e008941c328ac087,,,,,,,proxy,ALREADY_LOCAL_VERIFIED,,LOCAL_FILE,,,,2026-08-16,项目内部资料或随附原始许可,,shared,,,,按用途读取，不修改历史原件。
LCL-0171,local,实际利率代理.png,项目已有资料,2026-07-15,10_数据集原件与说明,内部,保存既有原始数据、代理数据、质量检查、字段说明和复现记录。,作为数据集原件与说明的本地证据或项目产物。,代理数据，不得冒充论文或机构原始序列。,,,,最终数据/最终数据/research/media_sentiment_gold_paper/outputs/019f56e7-91fe-7a43-b1d0-ae50e45c9d0c/previews/实际利率代理.png,最终数据/最终数据/research/media_sentiment_gold_paper/outputs/019f56e7-91fe-7a43-b1d0-ae50e45c9d0c/previews/实际利率代理.png,最终数据/最终数据/research/media_sentiment_gold_paper/outputs/019f56e7-91fe-7a43-b1d0-ae50e45c9d0c/previews/实际利率代理.png,10_数据集原件与说明/本地原件/最终数据/最终数据/research/media_sentiment_gold_paper/outputs/019f56e7-91fe-7a43-b1d0-ae50e45c9d0c/previews/实际利率代理.png,,.png,329095,b8cbbd3916426bcf3a30150ee2179b35910a28bf85738bb29d2765b2a9c394b0,,,,,,,proxy,ALREADY_LOCAL_VERIFIED,,LOCAL_FILE,,,,2026-08-16,项目内部资料或随附原始许可,,shared,,,,按用途读取，不修改历史原件。
LCL-0172,local,数据清单.png,项目已有资料,2026-07-15,10_数据集原件与说明,内部,保存既有原始数据、代理数据、质量检查、字段说明和复现记录。,作为数据集原件与说明的本地证据或项目产物。,应结合来源说明和版本状态使用。,,,,最终数据/最终数据/research/media_sentiment_gold_paper/outputs/019f56e7-91fe-7a43-b1d0-ae50e45c9d0c/previews/数据清单.png,最终数据/最终数据/research/media_sentiment_gold_paper/outputs/019f56e7-91fe-7a43-b1d0-ae50e45c9d0c/previews/数据清单.png,最终数据/最终数据/research/media_sentiment_gold_paper/outputs/019f56e7-91fe-7a43-b1d0-ae50e45c9d0c/previews/数据清单.png,10_数据集原件与说明/本地原件/最终数据/最终数据/research/media_sentiment_gold_paper/outputs/019f56e7-91fe-7a43-b1d0-ae50e45c9d0c/previews/数据清单.png,,.png,492809,d66875fcac53ada943fcc255177b270cdb938ef65fc1e30d7995bec569f933a9,,,,,,,original_or_derived,ALREADY_LOCAL_VERIFIED,,LOCAL_FILE,,,,2026-08-16,项目内部资料或随附原始许可,,shared,,,,按用途读取，不修改历史原件。
LCL-0173,local,质量检查.png,项目已有资料,2026-07-15,10_数据集原件与说明,内部,保存既有原始数据、代理数据、质量检查、字段说明和复现记录。,作为数据集原件与说明的本地证据或项目产物。,应结合来源说明和版本状态使用。,,,,最终数据/最终数据/research/media_sentiment_gold_paper/outputs/019f56e7-91fe-7a43-b1d0-ae50e45c9d0c/previews/质量检查.png,最终数据/最终数据/research/media_sentiment_gold_paper/outputs/019f56e7-91fe-7a43-b1d0-ae50e45c9d0c/previews/质量检查.png,最终数据/最终数据/research/media_sentiment_gold_paper/outputs/019f56e7-91fe-7a43-b1d0-ae50e45c9d0c/previews/质量检查.png,10_数据集原件与说明/本地原件/最终数据/最终数据/research/media_sentiment_gold_paper/outputs/019f56e7-91fe-7a43-b1d0-ae50e45c9d0c/previews/质量检查.png,,.png,81621,4a831ed5fa86ecdc11af920f5813b77ac9bc9491c13d091a24635481d008dcd4,,,,,,,original_or_derived,ALREADY_LOCAL_VERIFIED,,LOCAL_FILE,,,,2026-08-16,项目内部资料或随附原始许可,,shared,,,,按用途读取，不修改历史原件。
LCL-0174,local,EPU代理.png,项目已有资料,2026-07-15,10_数据集原件与说明,内部,保存既有原始数据、代理数据、质量检查、字段说明和复现记录。,作为数据集原件与说明的本地证据或项目产物。,代理数据，不得冒充论文或机构原始序列。,,,,最终数据/最终数据/research/media_sentiment_gold_paper/outputs/019f56e7-91fe-7a43-b1d0-ae50e45c9d0c/previews/EPU代理.png,最终数据/最终数据/research/media_sentiment_gold_paper/outputs/019f56e7-91fe-7a43-b1d0-ae50e45c9d0c/previews/EPU代理.png,最终数据/最终数据/research/media_sentiment_gold_paper/outputs/019f56e7-91fe-7a43-b1d0-ae50e45c9d0c/previews/EPU代理.png,10_数据集原件与说明/本地原件/最终数据/最终数据/research/media_sentiment_gold_paper/outputs/019f56e7-91fe-7a43-b1d0-ae50e45c9d0c/previews/EPU代理.png,,.png,312384,fcc4d5d2f09bdd43304cd8e020b395d78215587289576e9a1dcb71b86f538552,,,,,,,proxy,ALREADY_LOCAL_VERIFIED,,LOCAL_FILE,,,,2026-08-16,项目内部资料或随附原始许可,,shared,,,,按用途读取，不修改历史原件。
LCL-0175,local,THUOCL财经词表.png,项目已有资料,2026-07-15,10_数据集原件与说明,内部,保存既有原始数据、代理数据、质量检查、字段说明和复现记录。,作为数据集原件与说明的本地证据或项目产物。,应结合来源说明和版本状态使用。,,,,最终数据/最终数据/research/media_sentiment_gold_paper/outputs/019f56e7-91fe-7a43-b1d0-ae50e45c9d0c/previews/THUOCL财经词表.png,最终数据/最终数据/research/media_sentiment_gold_paper/outputs/019f56e7-91fe-7a43-b1d0-ae50e45c9d0c/previews/THUOCL财经词表.png,最终数据/最终数据/research/media_sentiment_gold_paper/outputs/019f56e7-91fe-7a43-b1d0-ae50e45c9d0c/previews/THUOCL财经词表.png,10_数据集原件与说明/本地原件/最终数据/最终数据/research/media_sentiment_gold_paper/outputs/019f56e7-91fe-7a43-b1d0-ae50e45c9d0c/previews/THUOCL财经词表.png,,.png,95475,1d06b1958bc3fdba744a5055c28338172ea6f8e621f45c45be4f31d1fb207fea,,,,,,,original_or_derived,ALREADY_LOCAL_VERIFIED,,LOCAL_FILE,,,,2026-08-16,项目内部资料或随附原始许可,,shared,,,,按用途读取，不修改历史原件。
LCL-0176,local,workbook_inspect.ndjson,项目已有资料,2026-07-15,10_数据集原件与说明,内部,保存既有原始数据、代理数据、质量检查、字段说明和复现记录。,作为数据集原件与说明的本地证据或项目产物。,应结合来源说明和版本状态使用。,,,,最终数据/最终数据/research/media_sentiment_gold_paper/outputs/019f56e7-91fe-7a43-b1d0-ae50e45c9d0c/workbook_inspect.ndjson,最终数据/最终数据/research/media_sentiment_gold_paper/outputs/019f56e7-91fe-7a43-b1d0-ae50e45c9d0c/workbook_inspect.ndjson,最终数据/最终数据/research/media_sentiment_gold_paper/outputs/019f56e7-91fe-7a43-b1d0-ae50e45c9d0c/workbook_inspect.ndjson,10_数据集原件与说明/本地原件/最终数据/最终数据/research/media_sentiment_gold_paper/outputs/019f56e7-91fe-7a43-b1d0-ae50e45c9d0c/workbook_inspect.ndjson,,.ndjson,15877,0b6ae80ef747fff19c464db237e165e78ab63611686614db7def0cf6320c6353,,,,,,,original_or_derived,ALREADY_LOCAL_VERIFIED,,LOCAL_FILE,,,,2026-08-16,项目内部资料或随附原始许可,,private_only,,,,按用途读取，不修改历史原件。
LCL-0177,local,README_论文学习与数据说明.md,项目已有资料,2026-07-15,10_数据集原件与说明,内部,保存既有原始数据、代理数据、质量检查、字段说明和复现记录。,作为数据集原件与说明的本地证据或项目产物。,应结合来源说明和版本状态使用。,,,,最终数据/最终数据/research/media_sentiment_gold_paper/README_论文学习与数据说明.md,最终数据/最终数据/research/media_sentiment_gold_paper/README_论文学习与数据说明.md,最终数据/最终数据/research/media_sentiment_gold_paper/README_论文学习与数据说明.md,10_数据集原件与说明/本地原件/最终数据/最终数据/research/media_sentiment_gold_paper/README_论文学习与数据说明.md,,.md,9074,b423033d42841d2cb258f7f3c6bfefc09eea27ec10ff2ac92c74b6f5123b7347,,,,,,,original_or_derived,ALREADY_LOCAL_VERIFIED,,LOCAL_FILE,,,,2026-08-16,项目内部资料或随附原始许可,,shared,,,,按用途读取，不修改历史原件。
LCL-0178,local,build_reproducibility_package.mjs,项目团队,2026-07-15,10_数据集原件与说明,内部,保存既有原始数据、代理数据、质量检查、字段说明和复现记录。,作为数据集原件与说明的本地证据或项目产物。,应结合来源说明和版本状态使用。,,,,最终数据/最终数据/research/media_sentiment_gold_paper/scripts/build_reproducibility_package.mjs,最终数据/最终数据/research/media_sentiment_gold_paper/scripts/build_reproducibility_package.mjs,最终数据/最终数据/research/media_sentiment_gold_paper/scripts/build_reproducibility_package.mjs,10_数据集原件与说明/本地原件/最终数据/最终数据/research/media_sentiment_gold_paper/scripts/build_reproducibility_package.mjs,,.mjs,30108,78b91219f6df916073a1d55ee6e66f5702532985a664b019a1488c8431d5b82a,,,,,,,original_or_derived,ALREADY_LOCAL_VERIFIED,,LOCAL_FILE,,,,2026-08-16,项目内部资料或随附原始许可,,shared,,,,按用途读取，不修改历史原件。
LCL-0179,local,XH-202612_Smartbi AI驱动的数据创新平台研究.pdf,项目已有资料,2026-04-25,01_比赛与项目基线,A,确认赛题约束、评分规则、项目边界和原始需求。,作为比赛与项目基线的本地证据或项目产物。,应结合来源说明和版本状态使用。,,,,XH-202612_Smartbi AI驱动的数据创新平台研究.pdf,XH-202612_Smartbi AI驱动的数据创新平台研究.pdf,XH-202612_Smartbi AI驱动的数据创新平台研究.pdf,01_比赛与项目基线/本地原件/XH-202612_Smartbi AI驱动的数据创新平台研究.pdf,,.pdf,371900,f340b535e9a64e681030a6e45be673a9704163b77c29b49575aaae6d0475b242,,,,,,,original_or_derived,ALREADY_LOCAL_VERIFIED,,LOCAL_FILE,,,,2026-08-16,项目内部资料或随附原始许可,,shared,,,,按用途读取，不修改历史原件。
LCL-0180,local,XH-202612比赛硬性要求与评分标准_含技术方案.xlsx,项目已有资料,2026-08-13,01_比赛与项目基线,内部,确认赛题约束、评分规则、项目边界和原始需求。,作为比赛与项目基线的本地证据或项目产物。,应结合来源说明和版本状态使用。,,,,XH-202612比赛硬性要求与评分标准_含技术方案.xlsx,XH-202612比赛硬性要求与评分标准_含技术方案.xlsx,XH-202612比赛硬性要求与评分标准_含技术方案.xlsx,01_比赛与项目基线/本地原件/XH-202612比赛硬性要求与评分标准_含技术方案.xlsx,,.xlsx,11694,29f5360c483e95434bd813060528e7fcd566a02fdfa0057cabaf06c8ed3b5867,,,static_or_registry,see_source_documentation,worksheets(2): 硬性要求与评分标准 | 整体流程,各工作表单位见来源与口径/说明工作表,original_or_derived,ALREADY_LOCAL_VERIFIED,,LOCAL_FILE,,,,2026-08-16,项目内部资料或随附原始许可,,shared,,,,按用途读取，不修改历史原件。
WEB-0001,web,5. 中国建设银行，2013年8月，《2013年上半年黄金市场回顾与预判》——6月20日美联储声明后金价单日跌5%,ccb.com,,05_全球周期与历史危机,D,识别全球经济周期、资产泡沫、信用危机、衰退与历史制度差异。,案例库/宏观危机篇/11_2013黄金暴跌（反面案例）/案例档案.md,须以原文、数据口径、发布时间和适用许可为准；媒体或行业资料不得替代核心A级证据。,http://ccb.com/cn/ccbtoday/jhbkhb/20130813_1376363753.html,http://ccb.com/cn/ccbtoday/jhbkhb/20130813_1376363753.html,,案例库/宏观危机篇/11_2013黄金暴跌（反面案例）/案例档案.md,案例库/宏观危机篇/11_2013黄金暴跌（反面案例）/案例档案.md:58,,,,.html,,,,,,,,,source,METADATA_ONLY_LICENSE,,NOT_REQUESTED,,public GET; no authentication; archive user-agent,,2026-08-16,许可未明确，默认仅保存元数据,,metadata_only,,,,保留元数据和原链接，不抓取或再分发正文。
WEB-0002,web,shanghai gold exchange,上海黄金交易所,,06_黄金美元与储备配置,B,比较美元、短债、黄金、人民币资产与套保工具的周期性作用。,最终数据/最终数据/research/media_sentiment_gold_paper/metadata/sge_quotation_daily_new.html,须以原文、数据口径、发布时间和适用许可为准；媒体或行业资料不得替代核心A级证据。,http://en.sge.com.cn,http://en.sge.com.cn/,https://en.sge.com.cn/,最终数据/最终数据/research/media_sentiment_gold_paper/metadata/sge_quotation_daily_new.html,最终数据/最终数据/research/media_sentiment_gold_paper/metadata/sge_quotation_daily_new.html:508,,06_黄金美元与储备配置/外部原件/WEB-0002__a_href=_/original.html,text/html;charset=UTF-8,.html,50382,5a19140e05a2c7aa67b27b5af4b0acec69a859ef5dd9ca4feccbd2dff793c452,,,,,,,source,DOWNLOADED_VERIFIED,200,GET,2026-08-15T19:30:26.153Z,public GET; no authentication; archive user-agent,"{""date"":""Sat, 15 Aug 2026 19:30:26 GMT"",""content_type"":""text/html;charset=UTF-8"",""content_length"":"""",""last_modified"":"""",""etag"":"""",""content_disposition"":"""",""cache_control"":""""}",2026-08-16,政府/国际组织公开资料，按原站署名与条款使用,,shared,,,,使用本地原件；引用时保留发布机构、原URL、访问日期和许可。
WEB-0003,web,"4. 人民网财经，2013年4月22日，""黄金暴跌美联储和高盛难逃操纵嫌疑""——4月12日-5.03%、4月15日-9.09%为30年最大单日跌幅",finance.people.com.cn,,05_全球周期与历史危机,D,识别全球经济周期、资产泡沫、信用危机、衰退与历史制度差异。,案例库/宏观危机篇/11_2013黄金暴跌（反面案例）/案例档案.md,须以原文、数据口径、发布时间和适用许可为准；媒体或行业资料不得替代核心A级证据。,http://finance.people.com.cn/stock/n/2013/0422/c67815-21224610.html,http://finance.people.com.cn/stock/n/2013/0422/c67815-21224610.html,,案例库/宏观危机篇/11_2013黄金暴跌（反面案例）/案例档案.md,案例库/宏观危机篇/11_2013黄金暴跌（反面案例）/案例档案.md:57,,,,.html,,,,,,,,,source,METADATA_ONLY_LICENSE,,NOT_REQUESTED,,public GET; no authentication; archive user-agent,,2026-08-16,许可未明确，默认仅保存元数据,,metadata_only,,,,保留元数据和原链接，不抓取或再分发正文。
WEB-0004,web,贷后预警信号清单（120 项）,mp.weixin.qq.com,,08_企业案例与公开披露,D,核验企业海外收入、汇兑损益、冻结、退出和储备配置事实。,企业资产配置调研报告.md,须以原文、数据口径、发布时间和适用许可为准；媒体或行业资料不得替代核心A级证据。,http://mp.weixin.qq.com/s?__biz=MzA5MzEwODIxMQ==&mid=2247576958&idx=1&sn=05edc03f5edfd6117c09ff9d91fdf54b,http://mp.weixin.qq.com/s?__biz=MzA5MzEwODIxMQ%3D%3D&mid=2247576958&idx=1&sn=05edc03f5edfd6117c09ff9d91fdf54b,,企业资产配置调研报告.md,企业资产配置调研报告.md:111 | 企业资产配置调研报告.md:111,,,,,,,,,,,,,source,METADATA_ONLY_LICENSE,,NOT_REQUESTED,,public GET; no authentication; archive user-agent,,2026-08-16,许可未明确，默认仅保存元数据,,metadata_only,,,,保留元数据和原链接，不抓取或再分发正文。
WEB-0005,web,purl.org 来源资料（WEB-0005）,purl.org,,06_黄金美元与储备配置,D,比较美元、短债、黄金、人民币资产与套保工具的周期性作用。,最终数据/最终数据/research/media_sentiment_gold_paper/datasets/raw/China_Mainland_Paper_EPU.xlsx,须以原文、数据口径、发布时间和适用许可为准；媒体或行业资料不得替代核心A级证据。,http://purl.org/dc/dcmitype/,http://purl.org/dc/dcmitype,,最终数据/最终数据/research/media_sentiment_gold_paper/datasets/raw/China_Mainland_Paper_EPU.xlsx,最终数据/最终数据/research/media_sentiment_gold_paper/datasets/raw/China_Mainland_Paper_EPU.xlsx:docProps/core.xml,,,,,,,,,,,,,source,METADATA_ONLY_LICENSE,,NOT_REQUESTED,,public GET; no authentication; archive user-agent,,2026-08-16,许可未明确，默认仅保存元数据,,metadata_only,,,,保留元数据和原链接，不抓取或再分发正文。
WEB-0006,web,purl.org 来源资料（WEB-0006）,purl.org,,06_黄金美元与储备配置,D,比较美元、短债、黄金、人民币资产与套保工具的周期性作用。,最终数据/最终数据/research/media_sentiment_gold_paper/datasets/raw/China_Mainland_Paper_EPU.xlsx,须以原文、数据口径、发布时间和适用许可为准；媒体或行业资料不得替代核心A级证据。,http://purl.org/dc/elements/1.1/,http://purl.org/dc/elements/1.1,,最终数据/最终数据/research/media_sentiment_gold_paper/datasets/raw/China_Mainland_Paper_EPU.xlsx,最终数据/最终数据/research/media_sentiment_gold_paper/datasets/raw/China_Mainland_Paper_EPU.xlsx:docProps/core.xml,,,,.1,,,,,,,,,source,METADATA_ONLY_LICENSE,,NOT_REQUESTED,,public GET; no authentication; archive user-agent,,2026-08-16,许可未明确，默认仅保存元数据,,metadata_only,,,,保留元数据和原链接，不抓取或再分发正文。
WEB-0007,web,purl.org 来源资料（WEB-0007）,purl.org,,06_黄金美元与储备配置,D,比较美元、短债、黄金、人民币资产与套保工具的周期性作用。,最终数据/最终数据/research/media_sentiment_gold_paper/datasets/raw/China_Mainland_Paper_EPU.xlsx,须以原文、数据口径、发布时间和适用许可为准；媒体或行业资料不得替代核心A级证据。,http://purl.org/dc/terms/,http://purl.org/dc/terms,,最终数据/最终数据/research/media_sentiment_gold_paper/datasets/raw/China_Mainland_Paper_EPU.xlsx,最终数据/最终数据/research/media_sentiment_gold_paper/datasets/raw/China_Mainland_Paper_EPU.xlsx:docProps/core.xml,,,,,,,,,,,,,source,METADATA_ONLY_LICENSE,,NOT_REQUESTED,,public GET; no authentication; archive user-agent,,2026-08-16,许可未明确，默认仅保存元数据,,metadata_only,,,,保留元数据和原链接，不抓取或再分发正文。
WEB-0008,web,中国期货业协会分析框架，2022,www.cfachina.org,,08_企业案例与公开披露,D,核验企业海外收入、汇兑损益、冻结、退出和储备配置事实。,企业资产配置调研报告.md,须以原文、数据口径、发布时间和适用许可为准；媒体或行业资料不得替代核心A级证据。,http://www.cfachina.org/servicesupport/analygarden/jrl/fxszh6/202207/P020220713595644967146.pdf,http://www.cfachina.org/servicesupport/analygarden/jrl/fxszh6/202207/P020220713595644967146.pdf,http://www.cfachina.org/servicesupport/analygarden/jrl/fxszh6/202207/P020220713595644967146.pdf,企业资产配置调研报告.md,企业资产配置调研报告.md:66 | 企业资产配置调研报告.md:66,,08_企业案例与公开披露/外部原件/WEB-0008_中国期货业协会分析框架，2022/original.pdf,application/pdf,.pdf,1184382,b62a2d2650c0a35acc1e9c8585a5fd252cef7b1aa31928b414af748ca1456110,,,,,,,source,DOWNLOADED_VERIFIED,200,GET,2026-08-15T19:30:26.223Z,public GET; no authentication; archive user-agent,"{""date"":""Sat, 15 Aug 2026 19:30:25 GMT"",""content_type"":""application/pdf"",""content_length"":""1184382"",""last_modified"":""Thu, 14 Jul 2022 02:39:45 GMT"",""etag"":""\""62cf81f1-12127e\"""",""content_disposition"":"""",""cache_control"":""no-cache""}",2026-08-16,公开可访问但再分发范围未完全确认，仅本机归档,,private_only,,,,使用本地原件；引用时保留发布机构、原URL、访问日期和许可。
WEB-0009,web,经济观察网，2021,www.eeo.com.cn,,08_企业案例与公开披露,D,核验企业海外收入、汇兑损益、冻结、退出和储备配置事实。,企业资产配置调研报告.md,须以原文、数据口径、发布时间和适用许可为准；媒体或行业资料不得替代核心A级证据。,http://www.eeo.com.cn/2021/0927/506013.shtml,http://www.eeo.com.cn/2021/0927/506013.shtml,,企业资产配置调研报告.md,企业资产配置调研报告.md:121 | 企业资产配置调研报告.md:121,,,,.shtml,,,,,,,,,source,METADATA_ONLY_LICENSE,,NOT_REQUESTED,,public GET; no authentication; archive user-agent,,2026-08-16,许可未明确，默认仅保存元数据,,metadata_only,,,,保留元数据和原链接，不抓取或再分发正文。
WEB-0010,web,《金融研究》论文,www.jryj.org.cn,,08_企业案例与公开披露,D,核验企业海外收入、汇兑损益、冻结、退出和储备配置事实。,企业资产配置调研报告.md,须以原文、数据口径、发布时间和适用许可为准；媒体或行业资料不得替代核心A级证据。,http://www.jryj.org.cn/CN/article/downloadArticleFile.do?attachType=PDF&id=1090,http://www.jryj.org.cn/CN/article/downloadArticleFile.do?attachType=PDF&id=1090,,企业资产配置调研报告.md,企业资产配置调研报告.md:34 | 企业资产配置调研报告.md:34,,,,.do,,,,,,,,,source,METADATA_ONLY_LICENSE,,NOT_REQUESTED,,public GET; no authentication; archive user-agent,,2026-08-16,许可未明确，默认仅保存元数据,,metadata_only,,,,保留元数据和原链接，不抓取或再分发正文。
WEB-0011,web,中国人民银行办公厅关于印发《黄金租借业务管理暂行办法》的通知（银办发〔2022〕88号）,www.pbc.gov.cn,,08_企业案例与公开披露,A,核验企业海外收入、汇兑损益、冻结、退出和储备配置事实。,企业资产配置调研报告.md,须以原文、数据口径、发布时间和适用许可为准；媒体或行业资料不得替代核心A级证据。,http://www.pbc.gov.cn/tiaofasi/144941/3581332/4600134/index.html,http://www.pbc.gov.cn/tiaofasi/144941/3581332/4600134/index.html,https://www.pbc.gov.cn/tiaofasi/144941/3581332/4600134/index.html,企业资产配置调研报告.md,企业资产配置调研报告.md:135 | 企业资产配置调研报告.md:135,,08_企业案例与公开披露/外部原件/WEB-0011_人民银行，2022/original.html,text/html,.html,32106,876d048a0421cf84f86f5f6fee7311f412caaac18baf14473872120d4c402430,,,,,,,source,DOWNLOADED_VERIFIED,200,GET,2026-08-15T19:30:26.224Z,public GET; no authentication; archive user-agent,"{""date"":""Sat, 15 Aug 2026 19:30:27 GMT"",""content_type"":""text/html"",""content_length"":"""",""last_modified"":""Thu, 19 Mar 2026 11:52:14 GMT"",""etag"":""W/\""69bbe36e-7d6a\"""",""content_disposition"":"""",""cache_control"":""""}",2026-08-16,政府/国际组织公开资料，按原站署名与条款使用,,shared,,,,使用本地原件；引用时保留发布机构、原URL、访问日期和许可。
WEB-0012,web,票据承兑资讯，2022,www.piaofengzixun.com,,08_企业案例与公开披露,D,核验企业海外收入、汇兑损益、冻结、退出和储备配置事实。,企业资产配置调研报告.md,须以原文、数据口径、发布时间和适用许可为准；媒体或行业资料不得替代核心A级证据。,http://www.piaofengzixun.com/2022/02/23/hdspyqfromsupplier/,http://www.piaofengzixun.com/2022/02/23/hdspyqfromsupplier,,企业资产配置调研报告.md,企业资产配置调研报告.md:123 | 企业资产配置调研报告.md:123,,,,,,,,,,,,,source,METADATA_ONLY_LICENSE,,NOT_REQUESTED,,public GET; no authentication; archive user-agent,,2026-08-16,许可未明确，默认仅保存元数据,,metadata_only,,,,保留元数据和原链接，不抓取或再分发正文。
WEB-0013,web,首页-上海黄金交易所,上海黄金交易所,,06_黄金美元与储备配置,B,比较美元、短债、黄金、人民币资产与套保工具的周期性作用。,最终数据/最终数据/research/media_sentiment_gold_paper/metadata/sge_en_daily.html,须以原文、数据口径、发布时间和适用许可为准；媒体或行业资料不得替代核心A级证据。,http://www.sge.com.cn,http://www.sge.com.cn/,https://www.sge.com.cn/,最终数据/最终数据/research/media_sentiment_gold_paper/metadata/sge_en_daily.html,最终数据/最终数据/research/media_sentiment_gold_paper/metadata/sge_en_daily.html:260 | 最终数据/最终数据/research/media_sentiment_gold_paper/metadata/sge_en_daily.html:565,,06_黄金美元与储备配置/外部原件/WEB-0013__a_href=_/original.html,text/html;charset=UTF-8,.html,72250,14f112f8f20d7815cf5f4fb854a3cb4a7ffe2cbde00504fc7efafafa31ba9d8b,,,,,,,source,DOWNLOADED_VERIFIED,200,GET,2026-08-15T19:30:26.226Z,public GET; no authentication; archive user-agent,"{""date"":""Sat, 15 Aug 2026 19:30:26 GMT"",""content_type"":""text/html;charset=UTF-8"",""content_length"":"""",""last_modified"":"""",""etag"":"""",""content_disposition"":"""",""cache_control"":""""}",2026-08-16,政府/国际组织公开资料，按原站署名与条款使用,,shared,,,,使用本地原件；引用时保留发布机构、原URL、访问日期和许可。
WEB-0014,web,o4509683932790784.ingest.us.sentry.io 来源资料（WEB-0014）,o4509683932790784.ingest.us.sentry.io,,06_黄金美元与储备配置,D,比较美元、短债、黄金、人民币资产与套保工具的周期性作用。,最终数据/最终数据/research/media_sentiment_gold_paper/metadata/heywhale_app.js,须以原文、数据口径、发布时间和适用许可为准；媒体或行业资料不得替代核心A级证据。,https://a2c411febe86730926faad4b2d1c901d@o4509683932790784.ingest.us.sentry.io/4509709887864832,https://a2c411febe86730926faad4b2d1c901d@o4509683932790784.ingest.us.sentry.io/4509709887864832,,最终数据/最终数据/research/media_sentiment_gold_paper/metadata/heywhale_app.js,最终数据/最终数据/research/media_sentiment_gold_paper/metadata/heywhale_app.js:1,,,,,,,,,,,,,source,METADATA_ONLY_LICENSE,,NOT_REQUESTED,,public GET; no authentication; archive user-agent,,2026-08-16,许可未明确，默认仅保存元数据,,metadata_only,,,,保留元数据和原链接，不抓取或再分发正文。
WEB-0015,web,"解释变量,ACI,Actuaries Climate Index，区域/季节聚合规则未说明,2022-02-01至2025-02-28,图示阶梯,Actuaries Climate Index,",actuariesclimateindex.org,,07_会计合规与制裁,D,限定会计分类、托管、制裁、外汇管制和合法可用性边界。,最终数据/最终数据/research/media_sentiment_gold_paper/metadata/dataset_manifest.csv；最终数据/最终数据/research/media_sentiment_gold_paper/outputs/019f56e7-91fe-7a43-b1d0-ae50e45c9d0c/论文数据来源与复现清单.xlsx；最终数据/最终数据/research/media_sentiment_gold_paper/outputs/019f56e7-91fe-7a43-b1d0-ae50e45c9d0c/论文数据来源与复现清单.xlsx.inspect.ndjson；最终数据/最终数据/research/media_sentiment_gold_paper/outputs/019f56e7-91fe-7a43-b1d0-ae50e45c9d0c/workbook_inspect.ndjson；最终数据/最终数据/research/media_sentiment_gold_paper/README_论文学习与数据说明.md；最终数据/最终数据/research/media_sentiment_gold_paper/scripts/build_reproducibility_package.mjs,须以原文、数据口径、发布时间和适用许可为准；媒体或行业资料不得替代核心A级证据。,https://actuariesclimateindex.org/data/,https://actuariesclimateindex.org/data,,最终数据/最终数据/research/media_sentiment_gold_paper/metadata/dataset_manifest.csv | 最终数据/最终数据/research/media_sentiment_gold_paper/outputs/019f56e7-91fe-7a43-b1d0-ae50e45c9d0c/论文数据来源与复现清单.xlsx | 最终数据/最终数据/research/media_sentiment_gold_paper/outputs/019f56e7-91fe-7a43-b1d0-ae50e45c9d0c/论文数据来源与复现清单.xlsx.inspect.ndjson | 最终数据/最终数据/research/media_sentiment_gold_paper/outputs/019f56e7-91fe-7a43-b1d0-ae50e45c9d0c/workbook_inspect.ndjson | 最终数据/最终数据/research/media_sentiment_gold_paper/README_论文学习与数据说明.md | 最终数据/最终数据/research/media_sentiment_gold_paper/scripts/build_reproducibility_package.mjs,最终数据/最终数据/research/media_sentiment_gold_paper/metadata/dataset_manifest.csv:18 | 最终数据/最终数据/research/media_sentiment_gold_paper/outputs/019f56e7-91fe-7a43-b1d0-ae50e45c9d0c/论文数据来源与复现清单.xlsx:xl/worksheets/sheet2.xml | 最终数据/最终数据/research/media_sentiment_gold_paper/outputs/019f56e7-91fe-7a43-b1d0-ae50e45c9d0c/论文数据来源与复现清单.xlsx.inspect.ndjson:79 | 最终数据/最终数据/research/media_sentiment_gold_paper/outputs/019f56e7-91fe-7a43-b1d0-ae50e45c9d0c/workbook_inspect.ndjson:5 | 最终数据/最终数据/research/media_sentiment_gold_paper/README_论文学习与数据说明.md:114 | 最终数据/最终数据/research/media_sentiment_gold_paper/scripts/build_reproducibility_package.mjs:109,,,,,,,,,,,,,source,MANUAL_ACTION_REQUIRED,,NOT_REQUESTED,,public GET; no authentication; archive user-agent,,2026-08-16,需人工接受条款或确认许可,https://actuariesclimateindex.org/data,metadata_only,,,,由用户阅读并接受来源条款后人工下载；登记文件哈希和许可范围。
WEB-0016,web,UBS GFOR 2025,advisors.ubs.com,,08_企业案例与公开披露,D,核验企业海外收入、汇兑损益、冻结、退出和储备配置事实。,跨国公司黄金硬通货需求调研报告.md,须以原文、数据口径、发布时间和适用许可为准；媒体或行业资料不得替代核心A级证据。,https://advisors.ubs.com/mediahandler/media/708880/UBS-Global-Family-Office-Report-2025-Final-Single-Pages.pdf,https://advisors.ubs.com/mediahandler/media/708880/UBS-Global-Family-Office-Report-2025-Final-Single-Pages.pdf,https://advisors.ubs.com/mediahandler/media/708880/UBS-Global-Family-Office-Report-2025-Final-Single-Pages.pdf,跨国公司黄金硬通货需求调研报告.md,跨国公司黄金硬通货需求调研报告.md:125 | 跨国公司黄金硬通货需求调研报告.md:125,,08_企业案例与公开披露/外部原件/WEB-0016_UBS_GFOR_2025/original.pdf,application/pdf,.pdf,7827105,26e00fa9571bf5bf95269fcfbfb02e22da91ea5debca251202bebbd8d74bc2a3,,,,,,,source,DOWNLOADED_VERIFIED,200,GET,2026-08-15T19:30:27.059Z,public GET; no authentication; archive user-agent,"{""date"":""Sat, 15 Aug 2026 19:30:27 GMT"",""content_type"":""application/pdf"",""content_length"":""7827105"",""last_modified"":"""",""etag"":""S8iKjDqR6JmNZ+TH+jHRGQ=="",""content_disposition"":"""",""cache_control"":""private""}",2026-08-16,公开可访问但再分发范围未完全确认，仅本机归档,,private_only,,,,使用本地原件；引用时保留发布机构、原URL、访问日期和许可。
WEB-0017,web,2. 尼日利亚 8.1–8.5 亿美元与阿联酋航空停飞拉各斯（2023-06）：Reuters/African Business 2023 年报道,african.business,,08_企业案例与公开披露,D,核验企业海外收入、汇兑损益、冻结、退出和储备配置事实。,案例库/微观企业篇/07_IATA航司被困资金/案例档案.md,须以原文、数据口径、发布时间和适用许可为准；媒体或行业资料不得替代核心A级证据。,https://african.business/,https://african.business/,,案例库/微观企业篇/07_IATA航司被困资金/案例档案.md,案例库/微观企业篇/07_IATA航司被困资金/案例档案.md:77,,,,,,,,,,,,,source,METADATA_ONLY_LICENSE,,NOT_REQUESTED,,public GET; no authentication; archive user-agent,,2026-08-16,许可未明确，默认仅保存元数据,,metadata_only,,,,保留元数据和原链接，不抓取或再分发正文。
WEB-0018,web,African Business，2024,african.business,,08_企业案例与公开披露,D,核验企业海外收入、汇兑损益、冻结、退出和储备配置事实。,跨国公司黄金硬通货需求调研报告.md,须以原文、数据口径、发布时间和适用许可为准；媒体或行业资料不得替代核心A级证据。,https://african.business/2024/06/trade-investment/nigeria-clears-98-of-blocked-airline-funds-says-iata,https://african.business/2024/06/trade-investment/nigeria-clears-98-of-blocked-airline-funds-says-iata,,跨国公司黄金硬通货需求调研报告.md,跨国公司黄金硬通货需求调研报告.md:64 | 跨国公司黄金硬通货需求调研报告.md:64,,,,,,,,,,,,,source,METADATA_ONLY_LICENSE,,NOT_REQUESTED,,public GET; no authentication; archive user-agent,,2026-08-16,许可未明确，默认仅保存元数据,,metadata_only,,,,保留元数据和原链接，不抓取或再分发正文。
WEB-0019,web,ai.heywhale.com 来源资料（WEB-0019）,ai.heywhale.com,,06_黄金美元与储备配置,D,比较美元、短债、黄金、人民币资产与套保工具的周期性作用。,最终数据/最终数据/research/media_sentiment_gold_paper/metadata/heywhale_app.js,须以原文、数据口径、发布时间和适用许可为准；媒体或行业资料不得替代核心A级证据。,https://ai.heywhale.com/,https://ai.heywhale.com/,,最终数据/最终数据/research/media_sentiment_gold_paper/metadata/heywhale_app.js,最终数据/最终数据/research/media_sentiment_gold_paper/metadata/heywhale_app.js:1,,,,,,,,,,,,,source,MANUAL_ACTION_REQUIRED,,NOT_REQUESTED,,public GET; no authentication; archive user-agent,,2026-08-16,需人工接受条款或确认许可,https://ai.heywhale.com/,metadata_only,,,,由用户阅读并接受来源条款后人工下载；登记文件哈希和许可范围。
WEB-0020,web,"5. American Institute for Economic Research（AIER），《The Federal Reserve Board and the Rise of the Corporate State, 1931-1934》（含59.06%含金量数据），",aier.org,,05_全球周期与历史危机,D,识别全球经济周期、资产泡沫、信用危机、衰退与历史制度差异。,案例库/宏观危机篇/02_1933罗斯福黄金新政/案例档案.md,须以原文、数据口径、发布时间和适用许可为准；媒体或行业资料不得替代核心A级证据。,https://aier.org/wp-content/uploads/2013/11/EEB199509.pdf,https://aier.org/wp-content/uploads/2013/11/EEB199509.pdf,https://aier.org/wp-content/uploads/2013/11/EEB199509.pdf,案例库/宏观危机篇/02_1933罗斯福黄金新政/案例档案.md,案例库/宏观危机篇/02_1933罗斯福黄金新政/案例档案.md:54,,05_全球周期与历史危机/外部原件/WEB-0020_5._American_Institute_for_Economic_Research（AIER），《The_Federal_Reserve_B/original.pdf,application/pdf,.pdf,203424,b35e0ff1c1df376dba1c2b04704ba79c43ce2bd81470ce2584f053c0744b2397,,,,,,,source,DOWNLOADED_VERIFIED,200,GET,2026-08-15T19:30:27.267Z,public GET; no authentication; archive user-agent,"{""date"":""Sat, 15 Aug 2026 19:30:26 GMT"",""content_type"":""application/pdf"",""content_length"":""203424"",""last_modified"":""Sun, 10 May 2026 20:03:00 GMT"",""etag"":""\""6a00e474-31aa0\"""",""content_disposition"":"""",""cache_control"":""public, max-age=31536000""}",2026-08-16,公开可访问但再分发范围未完全确认，仅本机归档,,private_only,,,,使用本地原件；引用时保留发布机构、原URL、访问日期和许可。
WEB-0021,web,5. 美联社（AP News），2026，《Lebanon's economic crisis: Gold reserves as a lifeline?》——央行 286.8 吨黄金储备及 1986 年禁售法。,apnews.com,,06_黄金美元与储备配置,D,比较美元、短债、黄金、人民币资产与套保工具的周期性作用。,案例库/货币崩溃篇/05_2019-2023黎巴嫩镑崩溃/案例档案.md,须以原文、数据口径、发布时间和适用许可为准；媒体或行业资料不得替代核心A级证据。,https://apnews.com/article/lebanon-gold-economy-banking-crisis-reserves-hedge-630f1da3b391d83aa1124be22c1de9fd,https://apnews.com/article/lebanon-gold-economy-banking-crisis-reserves-hedge-630f1da3b391d83aa1124be22c1de9fd,,案例库/货币崩溃篇/05_2019-2023黎巴嫩镑崩溃/案例档案.md,案例库/货币崩溃篇/05_2019-2023黎巴嫩镑崩溃/案例档案.md:59,,,,,,,,,,,,,source,METADATA_ONLY_LICENSE,,NOT_REQUESTED,,public GET; no authentication; archive user-agent,,2026-08-16,许可未明确，默认仅保存元数据,,metadata_only,,,,保留元数据和原链接，不抓取或再分发正文。
WEB-0022,web,财务分析通行标准,baike.baidu.com,,08_企业案例与公开披露,D,核验企业海外收入、汇兑损益、冻结、退出和储备配置事实。,企业资产配置调研报告.md,须以原文、数据口径、发布时间和适用许可为准；媒体或行业资料不得替代核心A级证据。,https://baike.baidu.com/item/%E8%B5%84%E4%BA%A7%E8%B4%9F%E5%80%BA%E7%8E%87/2429745,https://baike.baidu.com/item/%E8%B5%84%E4%BA%A7%E8%B4%9F%E5%80%BA%E7%8E%87/2429745,,企业资产配置调研报告.md,企业资产配置调研报告.md:40 | 企业资产配置调研报告.md:40,,,,,,,,,,,,,source,METADATA_ONLY_LICENSE,,NOT_REQUESTED,,public GET; no authentication; archive user-agent,,2026-08-16,许可未明确，默认仅保存元数据,,metadata_only,,,,保留元数据和原链接，不抓取或再分发正文。
WEB-0023,web,百度百科·Z值预警,baike.baidu.com,,08_企业案例与公开披露,D,核验企业海外收入、汇兑损益、冻结、退出和储备配置事实。,企业资产配置调研报告.md,须以原文、数据口径、发布时间和适用许可为准；媒体或行业资料不得替代核心A级证据。,https://baike.baidu.com/item/Z%E5%80%BC%E9%A2%84%E8%AD%A6/10007705,https://baike.baidu.com/item/Z%E5%80%BC%E9%A2%84%E8%AD%A6/10007705,,企业资产配置调研报告.md,企业资产配置调研报告.md:51 | 企业资产配置调研报告.md:51,,,,,,,,,,,,,source,METADATA_ONLY_LICENSE,,NOT_REQUESTED,,public GET; no authentication; archive user-agent,,2026-08-16,许可未明确，默认仅保存元数据,,metadata_only,,,,保留元数据和原链接，不抓取或再分发正文。
WEB-0024,web,6. BestFolio / Cresset Capital（2026）：1970 年代滞胀期美股复盘（标普 500 1973–74 下跌约 48%、实际回报至 1993 年才收复 1968 年高点），,bestfolio.app,,05_全球周期与历史危机,D,识别全球经济周期、资产泡沫、信用危机、衰退与历史制度差异。,案例库/宏观危机篇/03_1971布雷顿森林解体/案例档案.md,须以原文、数据口径、发布时间和适用许可为准；媒体或行业资料不得替代核心A级证据。,https://bestfolio.app/blog/taa-market-crises-protection,https://bestfolio.app/blog/taa-market-crises-protection,,案例库/宏观危机篇/03_1971布雷顿森林解体/案例档案.md,案例库/宏观危机篇/03_1971布雷顿森林解体/案例档案.md:58,,,,,,,,,,,,,source,METADATA_ONLY_LICENSE,,NOT_REQUESTED,,public GET; no authentication; archive user-agent,,2026-08-16,许可未明确，默认仅保存元数据,,metadata_only,,,,保留元数据和原链接，不抓取或再分发正文。
WEB-0025,web,Blockworks，2021,blockworks.com,,08_企业案例与公开披露,D,核验企业海外收入、汇兑损益、冻结、退出和储备配置事实。,案例库/微观企业篇/08_Palantir黑天鹅黄金/案例档案.md；跨国公司黄金硬通货需求调研报告.md,须以原文、数据口径、发布时间和适用许可为准；媒体或行业资料不得替代核心A级证据。,https://blockworks.com/news/palantir-buys-50-7-million-in-gold-bars-to-hedge-black-swan-event,https://blockworks.com/news/palantir-buys-50-7-million-in-gold-bars-to-hedge-black-swan-event,,案例库/微观企业篇/08_Palantir黑天鹅黄金/案例档案.md | 跨国公司黄金硬通货需求调研报告.md,案例库/微观企业篇/08_Palantir黑天鹅黄金/案例档案.md:76 | 跨国公司黄金硬通货需求调研报告.md:33 | 跨国公司黄金硬通货需求调研报告.md:33,,,,,,,,,,,,,source,METADATA_ONLY_LICENSE,,NOT_REQUESTED,,public GET; no authentication; archive user-agent,,2026-08-16,许可未明确，默认仅保存元数据,,metadata_only,,,,保留元数据和原链接，不抓取或再分发正文。
WEB-0026,web,Precious metals retreat from record highs,World Bank,,06_黄金美元与储备配置,B,比较美元、短债、黄金、人民币资产与套保工具的周期性作用。,最终数据/最终数据/outputs/019f56e7-91fe-7a43-b1d0-ae50e45c9d0c/金银价格预测_官方数据与因素台账_20260713.xlsx；最终数据/最终数据/outputs/019f56e7-91fe-7a43-b1d0-ae50e45c9d0c/金银价格预测_官方数据与因素台账_20260713.xlsx.inspect.ndjson,须以原文、数据口径、发布时间和适用许可为准；媒体或行业资料不得替代核心A级证据。,https://blogs.worldbank.org/en/opendata/precious-metals-retreat-from-record-highs,https://blogs.worldbank.org/en/opendata/precious-metals-retreat-from-record-highs,https://blogs.worldbank.org/en/opendata/precious-metals-retreat-from-record-highs,最终数据/最终数据/outputs/019f56e7-91fe-7a43-b1d0-ae50e45c9d0c/金银价格预测_官方数据与因素台账_20260713.xlsx | 最终数据/最终数据/outputs/019f56e7-91fe-7a43-b1d0-ae50e45c9d0c/金银价格预测_官方数据与因素台账_20260713.xlsx.inspect.ndjson,最终数据/最终数据/outputs/019f56e7-91fe-7a43-b1d0-ae50e45c9d0c/金银价格预测_官方数据与因素台账_20260713.xlsx:xl/worksheets/sheet4.xml | 最终数据/最终数据/outputs/019f56e7-91fe-7a43-b1d0-ae50e45c9d0c/金银价格预测_官方数据与因素台账_20260713.xlsx.inspect.ndjson:978,,06_黄金美元与储备配置/外部原件/WEB-0026_XLSX_entry_xl_worksheets_sheet4.xml/original.html,text/html;charset=utf-8,.html,70471,ae686d1ba00f29ac75ac495fc6dabc3909a0e3893063976f37d3705567d6dd9f,,,,,,,source,DOWNLOADED_VERIFIED,200,GET,2026-08-15T19:30:27.400Z,public GET; no authentication; archive user-agent,"{""date"":""Sat, 15 Aug 2026 19:30:26 GMT"",""content_type"":""text/html;charset=utf-8"",""content_length"":""13689"",""last_modified"":""Tue, 11 Aug 2026 03:43:52 GMT"",""etag"":"""",""content_disposition"":"""",""cache_control"":""public, max-age=900""}",2026-08-16,World Bank数据条款/CC BY 4.0，第三方内容例外,https://data.worldbank.org/summary-terms-of-use,shared,,,,使用本地原件；引用时保留发布机构、原URL、访问日期和许可。
WEB-0027,web,"4. Bullion Exchanges，《Gold Crisis 2008 Explained: Drop, Recovery, and Rally Path》，2026年，",bullionexchanges.com,,05_全球周期与历史危机,D,识别全球经济周期、资产泡沫、信用危机、衰退与历史制度差异。,案例库/宏观危机篇/09_2008全球金融危机/案例档案.md,须以原文、数据口径、发布时间和适用许可为准；媒体或行业资料不得替代核心A级证据。,https://bullionexchanges.com/blog/gold-2008-crisis-explained-from-selloff-to-historic-rally,https://bullionexchanges.com/blog/gold-2008-crisis-explained-from-selloff-to-historic-rally,,案例库/宏观危机篇/09_2008全球金融危机/案例档案.md,案例库/宏观危机篇/09_2008全球金融危机/案例档案.md:46,,,,,,,,,,,,,source,METADATA_ONLY_LICENSE,,NOT_REQUESTED,,public GET; no authentication; archive user-agent,,2026-08-16,许可未明确，默认仅保存元数据,,metadata_only,,,,保留元数据和原链接，不抓取或再分发正文。
WEB-0028,web,清晖智库，2018,business.sohu.com,,08_企业案例与公开披露,D,核验企业海外收入、汇兑损益、冻结、退出和储备配置事实。,企业资产配置调研报告.md,须以原文、数据口径、发布时间和适用许可为准；媒体或行业资料不得替代核心A级证据。,https://business.sohu.com/20181029/n553647212.shtml,https://business.sohu.com/20181029/n553647212.shtml,,企业资产配置调研报告.md,企业资产配置调研报告.md:35 | 企业资产配置调研报告.md:35 | 企业资产配置调研报告.md:42 | 企业资产配置调研报告.md:42,,,,.shtml,,,,,,,,,source,METADATA_ONLY_LICENSE,,NOT_REQUESTED,,public GET; no authentication; archive user-agent,,2026-08-16,许可未明确，默认仅保存元数据,,metadata_only,,,,保留元数据和原链接，不抓取或再分发正文。
WEB-0029,web,Business Insider NG，2025,businessinsiderng.com,,08_企业案例与公开披露,D,核验企业海外收入、汇兑损益、冻结、退出和储备配置事实。,跨国公司黄金硬通货需求调研报告.md,须以原文、数据口径、发布时间和适用许可为准；媒体或行业资料不得替代核心A级证据。,https://businessinsiderng.com/mtn-in-a-fix-records-n400-4bn-loss-in-2024/,https://businessinsiderng.com/mtn-in-a-fix-records-n400-4bn-loss-in-2024,,跨国公司黄金硬通货需求调研报告.md,跨国公司黄金硬通货需求调研报告.md:55 | 跨国公司黄金硬通货需求调研报告.md:55,,,,,,,,,,,,,source,METADATA_ONLY_LICENSE,,NOT_REQUESTED,,public GET; no authentication; archive user-agent,,2026-08-16,许可未明确，默认仅保存元数据,,metadata_only,,,,保留元数据和原链接，不抓取或再分发正文。
WEB-0030,web,cdn.kesci.com 来源资料（WEB-0030）,cdn.kesci.com,,06_黄金美元与储备配置,D,比较美元、短债、黄金、人民币资产与套保工具的周期性作用。,最终数据/最终数据/research/media_sentiment_gold_paper/metadata/heywhale_app.js,须以原文、数据口径、发布时间和适用许可为准；媒体或行业资料不得替代核心A级证据。,https://cdn.kesci.com/default_img_lib/,https://cdn.kesci.com/default_img_lib,,最终数据/最终数据/research/media_sentiment_gold_paper/metadata/heywhale_app.js,最终数据/最终数据/research/media_sentiment_gold_paper/metadata/heywhale_app.js:1,,,,,,,,,,,,,source,METADATA_ONLY_LICENSE,,NOT_REQUESTED,,public GET; no authentication; archive user-agent,,2026-08-16,许可未明确，默认仅保存元数据,,metadata_only,,,,保留元数据和原链接，不抓取或再分发正文。
WEB-0031,web,8. 被困资金（blocked funds）数据：IATA/CAPA 尼日利亚 8.5 亿美元报道,centreforaviation.com,,06_黄金美元与储备配置,D,比较美元、短债、黄金、人民币资产与套保工具的周期性作用。,案例库/货币崩溃篇/06_2022-2024尼日利亚奈拉崩溃/案例档案.md,须以原文、数据口径、发布时间和适用许可为准；媒体或行业资料不得替代核心A级证据。,https://centreforaviation.com/news/,https://centreforaviation.com/news,,案例库/货币崩溃篇/06_2022-2024尼日利亚奈拉崩溃/案例档案.md,案例库/货币崩溃篇/06_2022-2024尼日利亚奈拉崩溃/案例档案.md:99,,,,,,,,,,,,,source,METADATA_ONLY_LICENSE,,NOT_REQUESTED,,public GET; no authentication; archive user-agent,,2026-08-16,许可未明确，默认仅保存元数据,,metadata_only,,,,保留元数据和原链接，不抓取或再分发正文。
WEB-0032,web,IATA/CAPA，2024,centreforaviation.com,,08_企业案例与公开披露,D,核验企业海外收入、汇兑损益、冻结、退出和储备配置事实。,跨国公司黄金硬通货需求调研报告.md,须以原文、数据口径、发布时间和适用许可为准；媒体或行业资料不得替代核心A级证据。,https://centreforaviation.com/news/iata-blocked-airline-funds-drop-28-since-dec-2023-situation-severe-in-pakistan-and-bangladesh-1266064,https://centreforaviation.com/news/iata-blocked-airline-funds-drop-28-since-dec-2023-situation-severe-in-pakistan-and-bangladesh-1266064,,跨国公司黄金硬通货需求调研报告.md,跨国公司黄金硬通货需求调研报告.md:64 | 跨国公司黄金硬通货需求调研报告.md:64,,,,,,,,,,,,,source,METADATA_ONLY_LICENSE,,NOT_REQUESTED,,public GET; no authentication; archive user-agent,,2026-08-16,许可未明确，默认仅保存元数据,,metadata_only,,,,保留元数据和原链接，不抓取或再分发正文。
WEB-0033,web,"目标价格,WGC/Global黄金价格,论文所谓WGC或Global市场金价，具体定盘价/时点未给出,2022-02-01至2025-02-28,日频/含非交易日,World Gold Council/Goldhub,",World Gold Council,,06_黄金美元与储备配置,D,比较美元、短债、黄金、人民币资产与套保工具的周期性作用。,最终数据/最终数据/research/media_sentiment_gold_paper/metadata/dataset_manifest.csv；最终数据/最终数据/research/media_sentiment_gold_paper/outputs/019f56e7-91fe-7a43-b1d0-ae50e45c9d0c/论文数据来源与复现清单.xlsx；最终数据/最终数据/research/media_sentiment_gold_paper/outputs/019f56e7-91fe-7a43-b1d0-ae50e45c9d0c/论文数据来源与复现清单.xlsx.inspect.ndjson；最终数据/最终数据/research/media_sentiment_gold_paper/outputs/019f56e7-91fe-7a43-b1d0-ae50e45c9d0c/workbook_inspect.ndjson；最终数据/最终数据/research/media_sentiment_gold_paper/README_论文学习与数据说明.md；最终数据/最终数据/research/media_sentiment_gold_paper/scripts/build_reproducibility_package.mjs,须以原文、数据口径、发布时间和适用许可为准；媒体或行业资料不得替代核心A级证据。,https://china.gold.org/goldhub/data/gold-prices,https://china.gold.org/goldhub/data/gold-prices,,最终数据/最终数据/research/media_sentiment_gold_paper/metadata/dataset_manifest.csv | 最终数据/最终数据/research/media_sentiment_gold_paper/outputs/019f56e7-91fe-7a43-b1d0-ae50e45c9d0c/论文数据来源与复现清单.xlsx | 最终数据/最终数据/research/media_sentiment_gold_paper/outputs/019f56e7-91fe-7a43-b1d0-ae50e45c9d0c/论文数据来源与复现清单.xlsx.inspect.ndjson | 最终数据/最终数据/research/media_sentiment_gold_paper/outputs/019f56e7-91fe-7a43-b1d0-ae50e45c9d0c/workbook_inspect.ndjson | 最终数据/最终数据/research/media_sentiment_gold_paper/README_论文学习与数据说明.md | 最终数据/最终数据/research/media_sentiment_gold_paper/scripts/build_reproducibility_package.mjs,最终数据/最终数据/research/media_sentiment_gold_paper/metadata/dataset_manifest.csv:5 | 最终数据/最终数据/research/media_sentiment_gold_paper/outputs/019f56e7-91fe-7a43-b1d0-ae50e45c9d0c/论文数据来源与复现清单.xlsx:xl/worksheets/sheet2.xml | 最终数据/最终数据/research/media_sentiment_gold_paper/outputs/019f56e7-91fe-7a43-b1d0-ae50e45c9d0c/论文数据来源与复现清单.xlsx.inspect.ndjson:79 | 最终数据/最终数据/research/media_sentiment_gold_paper/outputs/019f56e7-91fe-7a43-b1d0-ae50e45c9d0c/workbook_inspect.ndjson:5 | 最终数据/最终数据/research/media_sentiment_gold_paper/README_论文学习与数据说明.md:111 | 最终数据/最终数据/research/media_sentiment_gold_paper/scripts/build_reproducibility_package.mjs:96,,,,,,,,,,,,,source,METADATA_ONLY_LICENSE,,NOT_REQUESTED,,public GET; no authentication; archive user-agent,,2026-08-16,限制抓取或再分发,https://www.gold.org/terms-and-conditions,metadata_only,,,,保留元数据和原链接，不抓取或再分发正文。
WEB-0034,web,8. 比特币 2022 年 -65%：CoinMarketCap 年度数据,coinmarketcap.com,,05_全球周期与历史危机,D,识别全球经济周期、资产泡沫、信用危机、衰退与历史制度差异。,案例库/宏观危机篇/16_2022美联储激进加息周期/案例档案.md,须以原文、数据口径、发布时间和适用许可为准；媒体或行业资料不得替代核心A级证据。,https://coinmarketcap.com/currencies/bitcoin/,https://coinmarketcap.com/currencies/bitcoin,,案例库/宏观危机篇/16_2022美联储激进加息周期/案例档案.md,案例库/宏观危机篇/16_2022美联储激进加息周期/案例档案.md:100,,,,,,,,,,,,,source,METADATA_ONLY_LICENSE,,NOT_REQUESTED,,public GET; no authentication; archive user-agent,,2026-08-16,许可未明确，默认仅保存元数据,,metadata_only,,,,保留元数据和原链接，不抓取或再分发正文。
WEB-0035,web,7. 比特币 2020-03-12 单日 -40%：CoinMarketCap 历史数据,coinmarketcap.com,,05_全球周期与历史危机,D,识别全球经济周期、资产泡沫、信用危机、衰退与历史制度差异。,案例库/宏观危机篇/15_2020疫情全球市场崩盘/案例档案.md,须以原文、数据口径、发布时间和适用许可为准；媒体或行业资料不得替代核心A级证据。,https://coinmarketcap.com/currencies/bitcoin/historical-data/,https://coinmarketcap.com/currencies/bitcoin/historical-data,,案例库/宏观危机篇/15_2020疫情全球市场崩盘/案例档案.md,案例库/宏观危机篇/15_2020疫情全球市场崩盘/案例档案.md:98,,,,,,,,,,,,,source,METADATA_ONLY_LICENSE,,NOT_REQUESTED,,public GET; no authentication; archive user-agent,,2026-08-16,许可未明确，默认仅保存元数据,,metadata_only,,,,保留元数据和原链接，不抓取或再分发正文。
WEB-0036,web,3. 阿联酋（约 96.4 吨）与香港（约 88 吨）承接俄金：贸易数据（UN Comtrade / 港府统计处）及 Reuters 报道,comtradeplus.un.org,,07_会计合规与制裁,D,限定会计分类、托管、制裁、外汇管制和合法可用性边界。,案例库/地缘冲突与制裁篇/02_2022俄罗斯黄金制裁免疫/案例档案.md,须以原文、数据口径、发布时间和适用许可为准；媒体或行业资料不得替代核心A级证据。,https://comtradeplus.un.org/,https://comtradeplus.un.org/,,案例库/地缘冲突与制裁篇/02_2022俄罗斯黄金制裁免疫/案例档案.md,案例库/地缘冲突与制裁篇/02_2022俄罗斯黄金制裁免疫/案例档案.md:81,,,,,,,,,,,,,source,METADATA_ONLY_LICENSE,,NOT_REQUESTED,,public GET; no authentication; archive user-agent,,2026-08-16,许可未明确，默认仅保存元数据,,metadata_only,,,,保留元数据和原链接，不抓取或再分发正文。
WEB-0037,web,ropy (Basel)</abbrev-journal-title </journal-title-group <publisher <publisher-name Multidisciplinary Digital Publishing Institute (MDPI)</publishe...,creativecommons.org,,06_黄金美元与储备配置,D,比较美元、短债、黄金、人民币资产与套保工具的周期性作用。,最终数据/最终数据/research/media_sentiment_gold_paper/metadata/europepmc_fulltext.xml,须以原文、数据口径、发布时间和适用许可为准；媒体或行业资料不得替代核心A级证据。,https://creativecommons.org/licenses/by/4.0/,https://creativecommons.org/licenses/by/4.0,,最终数据/最终数据/research/media_sentiment_gold_paper/metadata/europepmc_fulltext.xml,最终数据/最终数据/research/media_sentiment_gold_paper/metadata/europepmc_fulltext.xml:1,,,,.0,,,,,,,,,source,METADATA_ONLY_LICENSE,,NOT_REQUESTED,,public GET; no authentication; archive user-agent,,2026-08-16,许可未明确，默认仅保存元数据,,metadata_only,,,,保留元数据和原链接，不抓取或再分发正文。
WEB-0038,web,http cookies,curl.se,,06_黄金美元与储备配置,D,比较美元、短债、黄金、人民币资产与套保工具的周期性作用。,最终数据/最终数据/research/media_sentiment_gold_paper/metadata/weebly_cookies.txt,须以原文、数据口径、发布时间和适用许可为准；媒体或行业资料不得替代核心A级证据。,https://curl.se/docs/http-cookies.html,https://curl.se/docs/http-cookies.html,,最终数据/最终数据/research/media_sentiment_gold_paper/metadata/weebly_cookies.txt,最终数据/最终数据/research/media_sentiment_gold_paper/metadata/weebly_cookies.txt:2,,,,.html,,,,,,,,,source,METADATA_ONLY_LICENSE,,NOT_REQUESTED,,public GET; no authentication; archive user-agent,,2026-08-16,许可未明确，默认仅保存元数据,,metadata_only,,,,保留元数据和原链接，不抓取或再分发正文。
WEB-0039,web,Residential property prices - dashboards | BIS Data Portal,Bank for International Settlements,,04_国别货币与中国出海,B,支持亚非拉国别风险、汇率、通胀、资本管制和中国投资暴露研究。,计划书/05_全球经济周期与亚非拉国别风险多币种储备智能决策平台总计划书.pdf；计划书/05_全球经济周期与亚非拉国别风险多币种储备智能决策平台总计划书.tex,须以原文、数据口径、发布时间和适用许可为准；媒体或行业资料不得替代核心A级证据。,https://data.bis.org/topics/RPP/tables-and-dashboards,https://data.bis.org/topics/RPP/tables-and-dashboards,https://data.bis.org/topics/RPP/tables-and-dashboards,计划书/05_全球经济周期与亚非拉国别风险多币种储备智能决策平台总计划书.pdf | 计划书/05_全球经济周期与亚非拉国别风险多币种储备智能决策平台总计划书.tex,计划书/05_全球经济周期与亚非拉国别风险多币种储备智能决策平台总计划书.pdf:5457 | 计划书/05_全球经济周期与亚非拉国别风险多币种储备智能决策平台总计划书.pdf:annotation-48 | 计划书/05_全球经济周期与亚非拉国别风险多币种储备智能决策平台总计划书.pdf:annotation-49 | 计划书/05_全球经济周期与亚非拉国别风险多币种储备智能决策平台总计划书.tex:2465,,"04_国别货币与中国出海/外部原件/WEB-0039_boards,/original.html",text/html; charset=utf-8,.html,40595,c0a10f2418a28068c049160137cb845ae4352b1d2122b1b144c0a82eede9414c,,,,,,,source,DOWNLOADED_VERIFIED,200,GET,2026-08-15T19:30:27.835Z,public GET; no authentication; archive user-agent,"{""date"":""Sat, 15 Aug 2026 19:30:27 GMT"",""content_type"":""text/html; charset=utf-8"",""content_length"":"""",""last_modified"":"""",""etag"":""\""qynhazbp6mvbi\"""",""content_disposition"":"""",""cache_control"":""public, s-maxage=10, stale-while-revalidate=59, private""}",2026-08-16,政府/国际组织公开资料，按原站署名与条款使用,,shared,,,,使用本地原件；引用时保留发布机构、原URL、访问日期和许可。
WEB-0040,web,WEO,International Monetary Fund,,06_黄金美元与储备配置,B,比较美元、短债、黄金、人民币资产与套保工具的周期性作用。,计划书/02_项目执行与协作手册.pdf；计划书/03_多币种流动性与黄金战略储备周期配置计划书.pdf；计划书/03_多币种流动性与黄金战略储备周期配置计划书.tex；计划书/04_亚非拉国别风险与多币种储备智能决策平台总计划书.pdf；计划书/04_亚非拉国别风险与多币种储备智能决策平台总计划书.tex；计划书/05_全球经济周期与亚非拉国别风险多币种储备智能决策平台总计划书.pdf；计划书/05_全球经济周期与亚非拉国别风险多币种储备智能决策平台总计划书.tex；计划书/references.bib,须以原文、数据口径、发布时间和适用许可为准；媒体或行业资料不得替代核心A级证据。,https://data.imf.org/Datasets/WEO,https://data.imf.org/Datasets/WEO,https://data.imf.org/Datasets/WEO,计划书/02_项目执行与协作手册.pdf | 计划书/03_多币种流动性与黄金战略储备周期配置计划书.pdf | 计划书/03_多币种流动性与黄金战略储备周期配置计划书.tex | 计划书/04_亚非拉国别风险与多币种储备智能决策平台总计划书.pdf | 计划书/04_亚非拉国别风险与多币种储备智能决策平台总计划书.tex | 计划书/05_全球经济周期与亚非拉国别风险多币种储备智能决策平台总计划书.pdf | 计划书/05_全球经济周期与亚非拉国别风险多币种储备智能决策平台总计划书.tex | 计划书/references.bib,计划书/02_项目执行与协作手册.pdf:annotation-5 | 计划书/02_项目执行与协作手册.pdf:annotation-6 | 计划书/03_多币种流动性与黄金战略储备周期配置计划书.pdf:annotation-8 | 计划书/03_多币种流动性与黄金战略储备周期配置计划书.pdf:annotation-9 | 计划书/03_多币种流动性与黄金战略储备周期配置计划书.pdf:annotation-10 | 计划书/03_多币种流动性与黄金战略储备周期配置计划书.tex:787 | 计划书/04_亚非拉国别风险与多币种储备智能决策平台总计划书.pdf:annotation-23 | 计划书/04_亚非拉国别风险与多币种储备智能决策平台总计划书.pdf:annotation-24 | 计划书/04_亚非拉国别风险与多币种储备智能决策平台总计划书.pdf:annotation-25 | 计划书/04_亚非拉国别风险与多币种储备智能决策平台总计划书.tex:2069 | 计划书/05_全球经济周期与亚非拉国别风险多币种储备智能决策平台总计划书.pdf:annotation-23 | 计划书/05_全球经济周期与亚非拉国别风险多币种储备智能决策平台总计划书.pdf:annotation-24 | 计划书/05_全球经济周期与亚非拉国别风险多币种储备智能决策平台总计划书.pdf:annotation-25 | 计划书/05_全球经济周期与亚非拉国别风险多币种储备智能决策平台总计划书.tex:2426 | 计划书/references.bib:53,,06_黄金美元与储备配置/外部原件/WEB-0040_PDF_link_annotation_/original.html,text/html; charset=utf-8,.html,328466,5af957bae8820ee66003644d533d76c2b688025cc474449a524cd780e645739b,,,,,,,source,DOWNLOADED_VERIFIED,200,GET,2026-08-15T19:30:27.889Z,public GET; no authentication; archive user-agent,"{""date"":""Sat, 15 Aug 2026 19:30:27 GMT"",""content_type"":""text/html; charset=utf-8"",""content_length"":"""",""last_modified"":"""",""etag"":"""",""content_disposition"":"""",""cache_control"":""private, no-cache, no-store, max-age=0, must-revalidate""}",2026-08-16,公开可访问但再分发范围未完全确认，仅本机归档,,private_only,,,,使用本地原件；引用时保留发布机构、原URL、访问日期和许可。
WEB-0041,web,7. 移民人数：联合国难民署（UNHCR）,data.unhcr.org,,04_国别货币与中国出海,D,支持亚非拉国别风险、汇率、通胀、资本管制和中国投资暴露研究。,案例库/货币崩溃篇/03_2015-2021委内瑞拉玻利瓦尔/案例档案.md,须以原文、数据口径、发布时间和适用许可为准；媒体或行业资料不得替代核心A级证据。,https://data.unhcr.org/en/situations/vensitu,https://data.unhcr.org/en/situations/vensitu,,案例库/货币崩溃篇/03_2015-2021委内瑞拉玻利瓦尔/案例档案.md,案例库/货币崩溃篇/03_2015-2021委内瑞拉玻利瓦尔/案例档案.md:96,,,,,,,,,,,,,source,METADATA_ONLY_LICENSE,,NOT_REQUESTED,,public GET; no authentication; archive user-agent,,2026-08-16,许可未明确，默认仅保存元数据,,metadata_only,,,,保留元数据和原链接，不抓取或再分发正文。
WEB-0042,web,"Inflation, consumer prices (annual %) | Data",World Bank,,04_国别货币与中国出海,B,支持亚非拉国别风险、汇率、通胀、资本管制和中国投资暴露研究。,计划书/01_项目可行性研究与参赛方案书.pdf；计划书/references.bib,须以原文、数据口径、发布时间和适用许可为准；媒体或行业资料不得替代核心A级证据。,https://data.worldbank.org/indicator/FP.CPI.TOTL.ZG,https://data.worldbank.org/indicator/FP.CPI.TOTL.ZG,https://data.worldbank.org/indicator/FP.CPI.TOTL.ZG,计划书/01_项目可行性研究与参赛方案书.pdf | 计划书/references.bib,计划书/01_项目可行性研究与参赛方案书.pdf:annotation-21 | 计划书/01_项目可行性研究与参赛方案书.pdf:annotation-22 | 计划书/references.bib:37,,04_国别货币与中国出海/外部原件/WEB-0042_PDF_link_annotation_/original.html,text/html; charset=utf-8,.html,1129485,e4a758fb95d8a31735250e7cbd98db3d3f00a6564d9912c93c7243e5f7a2fbce,,,,,,,source,DOWNLOADED_VERIFIED,200,GET,2026-08-15T19:30:28.355Z,public GET; no authentication; archive user-agent,"{""date"":""Sat, 15 Aug 2026 19:30:27 GMT"",""content_type"":""text/html; charset=utf-8"",""content_length"":"""",""last_modified"":"""",""etag"":""W/\""113c0d-EjNpqhYvKB5/nwHRxJpyfQ\"""",""content_disposition"":"""",""cache_control"":""public, max-age=86400""}",2026-08-16,World Bank数据条款/CC BY 4.0，第三方内容例外,https://data.worldbank.org/summary-terms-of-use,shared,,,,使用本地原件；引用时保留发布机构、原URL、访问日期和许可。
WEB-0043,web,"Official exchange rate (LCU per US$, period average) | Data",World Bank,,04_国别货币与中国出海,B,支持亚非拉国别风险、汇率、通胀、资本管制和中国投资暴露研究。,计划书/01_项目可行性研究与参赛方案书.pdf；计划书/references.bib,须以原文、数据口径、发布时间和适用许可为准；媒体或行业资料不得替代核心A级证据。,https://data.worldbank.org/indicator/PA.NUS.FCRF,https://data.worldbank.org/indicator/PA.NUS.FCRF,https://data.worldbank.org/indicator/PA.NUS.FCRF,计划书/01_项目可行性研究与参赛方案书.pdf | 计划书/references.bib,计划书/01_项目可行性研究与参赛方案书.pdf:annotation-23 | 计划书/01_项目可行性研究与参赛方案书.pdf:annotation-24 | 计划书/references.bib:29,,04_国别货币与中国出海/外部原件/WEB-0043_PDF_link_annotation_/original.html,text/html; charset=utf-8,.html,1128846,4f08e99a0bec4fb17e9e482776cf8d6674f266a3059deb3f81cb352ee2fd7dae,,,,,,,source,DOWNLOADED_VERIFIED,200,GET,2026-08-15T19:30:29.010Z,public GET; no authentication; archive user-agent,"{""date"":""Sat, 15 Aug 2026 19:30:28 GMT"",""content_type"":""text/html; charset=utf-8"",""content_length"":"""",""last_modified"":"""",""etag"":""W/\""11398e-firKDrXZubi9V06iUuHadA\"""",""content_disposition"":"""",""cache_control"":""public, max-age=86400""}",2026-08-16,World Bank数据条款/CC BY 4.0，第三方内容例外,https://data.worldbank.org/summary-terms-of-use,shared,,,,使用本地原件；引用时保留发布机构、原URL、访问日期和许可。
WEB-0044,web,Summary Terms of Use | Data,World Bank,,04_国别货币与中国出海,B,支持亚非拉国别风险、汇率、通胀、资本管制和中国投资暴露研究。,V1.0归档实施策略,须以原文、数据口径、发布时间和适用许可为准；媒体或行业资料不得替代核心A级证据。,https://data.worldbank.org/summary-terms-of-use,https://data.worldbank.org/summary-terms-of-use,https://data.worldbank.org/summary-terms-of-use,V1.0归档实施策略,V1.0归档实施策略:policy,,04_国别货币与中国出海/外部原件/WEB-0044_World_Bank数据许可/original.html,text/html; charset=utf-8,.html,207425,cd24ee59ee1a06d4a0e85e1ee7ce5bb739c5aaf22faf21ae678ece18e173a6f2,,,,,,,source,DOWNLOADED_VERIFIED,200,GET,2026-08-15T19:30:29.012Z,public GET; no authentication; archive user-agent,"{""date"":""Sat, 15 Aug 2026 19:30:28 GMT"",""content_type"":""text/html; charset=utf-8"",""content_length"":"""",""last_modified"":"""",""etag"":""W/\""32a41-HV5RMmJ16bCw5H5DhLoD2w\"""",""content_disposition"":"""",""cache_control"":""public, max-age=86400""}",2026-08-16,World Bank数据条款/CC BY 4.0，第三方内容例外,https://data.worldbank.org/summary-terms-of-use,shared,,,,使用本地原件；引用时保留发布机构、原URL、访问日期和许可。
WEB-0045,web,DataBank | The World Bank,World Bank,,07_会计合规与制裁,B,限定会计分类、托管、制裁、外汇管制和合法可用性边界。,案例库/地缘冲突与制裁篇/06_2014克里米亚危机-卢布暴跌/案例档案.md；案例库/宏观危机篇/12_1998俄罗斯金融危机/案例档案.md；案例库/宏观危机篇/13_2001阿根廷债务危机/案例档案.md；案例库/货币崩溃篇/02_2008津巴布韦恶性通胀/案例档案.md；案例库/货币崩溃篇/03_2015-2021委内瑞拉玻利瓦尔/案例档案.md；案例库/货币崩溃篇/09_2023-2024阿根廷比索危机/案例档案.md,须以原文、数据口径、发布时间和适用许可为准；媒体或行业资料不得替代核心A级证据。,https://databank.worldbank.org/,https://databank.worldbank.org/,https://databank.worldbank.org/,案例库/地缘冲突与制裁篇/06_2014克里米亚危机-卢布暴跌/案例档案.md | 案例库/宏观危机篇/12_1998俄罗斯金融危机/案例档案.md | 案例库/宏观危机篇/13_2001阿根廷债务危机/案例档案.md | 案例库/货币崩溃篇/02_2008津巴布韦恶性通胀/案例档案.md | 案例库/货币崩溃篇/03_2015-2021委内瑞拉玻利瓦尔/案例档案.md | 案例库/货币崩溃篇/09_2023-2024阿根廷比索危机/案例档案.md,案例库/地缘冲突与制裁篇/06_2014克里米亚危机-卢布暴跌/案例档案.md:89 | 案例库/宏观危机篇/12_1998俄罗斯金融危机/案例档案.md:98 | 案例库/宏观危机篇/13_2001阿根廷债务危机/案例档案.md:94 | 案例库/货币崩溃篇/02_2008津巴布韦恶性通胀/案例档案.md:94 | 案例库/货币崩溃篇/03_2015-2021委内瑞拉玻利瓦尔/案例档案.md:95 | 案例库/货币崩溃篇/09_2023-2024阿根廷比索危机/案例档案.md:100,,07_会计合规与制裁/外部原件/WEB-0045_8._俄罗斯_2015_年_GDP（-2%）：世界银行_WDI：_/original.html,text/html; charset=utf-8,.html,72642,7447019ebfbce3dcaa9b0a94b0b61636be37971f0b3d616c66d5a99a4add65a4,,,,,,,source,DOWNLOADED_VERIFIED,200,GET,2026-08-15T19:30:29.101Z,public GET; no authentication; archive user-agent,"{""date"":""Sat, 15 Aug 2026 19:30:36 GMT"",""content_type"":""text/html; charset=utf-8"",""content_length"":""19102"",""last_modified"":"""",""etag"":"""",""content_disposition"":"""",""cache_control"":""private,no-cache, no-store""}",2026-08-16,World Bank数据条款/CC BY 4.0，第三方内容例外,https://data.worldbank.org/summary-terms-of-use,shared,,,,使用本地原件；引用时保留发布机构、原URL、访问日期和许可。
WEB-0046,web,World Bank Data Catalog,World Bank,,06_黄金美元与储备配置,B,比较美元、短债、黄金、人民币资产与套保工具的周期性作用。,计划书/03_多币种流动性与黄金战略储备周期配置计划书.pdf；计划书/04_亚非拉国别风险与多币种储备智能决策平台总计划书.pdf；计划书/05_全球经济周期与亚非拉国别风险多币种储备智能决策平台总计划书.pdf,须以原文、数据口径、发布时间和适用许可为准；媒体或行业资料不得替代核心A级证据。,https://datacatalog.worldbank.org/,https://datacatalog.worldbank.org/,https://datacatalog.worldbank.org/,计划书/03_多币种流动性与黄金战略储备周期配置计划书.pdf | 计划书/04_亚非拉国别风险与多币种储备智能决策平台总计划书.pdf | 计划书/05_全球经济周期与亚非拉国别风险多币种储备智能决策平台总计划书.pdf,计划书/03_多币种流动性与黄金战略储备周期配置计划书.pdf:1226 | 计划书/04_亚非拉国别风险与多币种储备智能决策平台总计划书.pdf:4346 | 计划书/05_全球经济周期与亚非拉国别风险多币种储备智能决策平台总计划书.pdf:5402,,"06_黄金美元与储备配置/外部原件/WEB-0046_3_World_Bank,_Global_Economic_Monitor,/original.html",text/html; charset=utf-8,.html,45640,e167bce407ba779977327205217dfc02da53b35479efc13290a0f0fc9b279512,,,,,,,source,DOWNLOADED_VERIFIED,200,GET,2026-08-15T19:30:29.144Z,public GET; no authentication; archive user-agent,"{""date"":""Sat, 15 Aug 2026 19:30:29 GMT"",""content_type"":""text/html; charset=utf-8"",""content_length"":"""",""last_modified"":"""",""etag"":""\""agkhg763tkz7h\"""",""content_disposition"":"""",""cache_control"":""no-store, no-cache, must-revalidate, proxy-revalidate""}",2026-08-16,World Bank数据条款/CC BY 4.0，第三方内容例外,https://data.worldbank.org/summary-terms-of-use,shared,,,,使用本地原件；引用时保留发布机构、原URL、访问日期和许可。
WEB-0047,web,逐指标核验. 2026. url:,World Bank,,04_国别货币与中国出海,B,支持亚非拉国别风险、汇率、通胀、资本管制和中国投资暴露研究。,计划书/02_项目执行与协作手册.pdf,须以原文、数据口径、发布时间和适用许可为准；媒体或行业资料不得替代核心A级证据。,https://datacatalog.worldbank.org/search/dataset/,https://datacatalog.worldbank.org/search/dataset,https://datacatalog.worldbank.org/search/dataset,计划书/02_项目执行与协作手册.pdf,计划书/02_项目执行与协作手册.pdf:1248,,,,,,,,,,,,,source,BROKEN_OR_UNREACHABLE,404,GET,2026-08-15T19:30:29.809Z,public GET; no authentication; archive user-agent,"{""date"":""Sat, 15 Aug 2026 19:30:29 GMT"",""content_type"":""text/html; charset=utf-8"",""content_length"":"""",""last_modified"":"""",""etag"":""\""hyir9cv1p964d\"""",""content_disposition"":"""",""cache_control"":""private, no-cache, no-store, max-age=0, must-revalidate""}",2026-08-16,World Bank数据条款/CC BY 4.0，第三方内容例外,https://data.worldbank.org/summary-terms-of-use,shared,,WEB-0048,HTTP 404,原链接不可用或不适合自动归档；使用已验证替代资产 WEB-0048。
WEB-0048,web,Global Economic Monitor - World Bank Data Catalog,World Bank,,06_黄金美元与储备配置,B,比较美元、短债、黄金、人民币资产与套保工具的周期性作用。,计划书/02_项目执行与协作手册.pdf；计划书/03_多币种流动性与黄金战略储备周期配置计划书.pdf；计划书/03_多币种流动性与黄金战略储备周期配置计划书.tex；计划书/04_亚非拉国别风险与多币种储备智能决策平台总计划书.pdf；计划书/04_亚非拉国别风险与多币种储备智能决策平台总计划书.tex；计划书/05_全球经济周期与亚非拉国别风险多币种储备智能决策平台总计划书.pdf；计划书/05_全球经济周期与亚非拉国别风险多币种储备智能决策平台总计划书.tex；计划书/references.bib,须以原文、数据口径、发布时间和适用许可为准；媒体或行业资料不得替代核心A级证据。,https://datacatalog.worldbank.org/search/dataset/0037798/global-economic-monitor,https://datacatalog.worldbank.org/search/dataset/0037798/global-economic-monitor,https://datacatalog.worldbank.org/search/dataset/0037798/global-economic-monitor,计划书/02_项目执行与协作手册.pdf | 计划书/03_多币种流动性与黄金战略储备周期配置计划书.pdf | 计划书/03_多币种流动性与黄金战略储备周期配置计划书.tex | 计划书/04_亚非拉国别风险与多币种储备智能决策平台总计划书.pdf | 计划书/04_亚非拉国别风险与多币种储备智能决策平台总计划书.tex | 计划书/05_全球经济周期与亚非拉国别风险多币种储备智能决策平台总计划书.pdf | 计划书/05_全球经济周期与亚非拉国别风险多币种储备智能决策平台总计划书.tex | 计划书/references.bib,计划书/02_项目执行与协作手册.pdf:annotation-9 | 计划书/02_项目执行与协作手册.pdf:annotation-10 | 计划书/03_多币种流动性与黄金战略储备周期配置计划书.pdf:annotation-3 | 计划书/03_多币种流动性与黄金战略储备周期配置计划书.pdf:annotation-4 | 计划书/03_多币种流动性与黄金战略储备周期配置计划书.pdf:annotation-5 | 计划书/03_多币种流动性与黄金战略储备周期配置计划书.tex:781 | 计划书/04_亚非拉国别风险与多币种储备智能决策平台总计划书.pdf:annotation-18 | 计划书/04_亚非拉国别风险与多币种储备智能决策平台总计划书.pdf:annotation-19 | 计划书/04_亚非拉国别风险与多币种储备智能决策平台总计划书.pdf:annotation-20 | 计划书/04_亚非拉国别风险与多币种储备智能决策平台总计划书.tex:2063 | 计划书/05_全球经济周期与亚非拉国别风险多币种储备智能决策平台总计划书.pdf:annotation-18 | 计划书/05_全球经济周期与亚非拉国别风险多币种储备智能决策平台总计划书.pdf:annotation-19 | 计划书/05_全球经济周期与亚非拉国别风险多币种储备智能决策平台总计划书.pdf:annotation-20 | 计划书/05_全球经济周期与亚非拉国别风险多币种储备智能决策平台总计划书.tex:2420 | 计划书/references.bib:61,,06_黄金美元与储备配置/外部原件/WEB-0048_PDF_link_annotation_/original.html,text/html; charset=utf-8,.html,115923,b37f54cbf4560ad4530590622fe0248710582df44bea0c35623a686e50699aa9,,,,,,,source,DOWNLOADED_VERIFIED,200,GET,2026-08-15T19:30:30.470Z,public GET; no authentication; archive user-agent,"{""date"":""Sat, 15 Aug 2026 19:30:29 GMT"",""content_type"":""text/html; charset=utf-8"",""content_length"":"""",""last_modified"":"""",""etag"":""\""w6bzg4308q2hfs\"""",""content_disposition"":"""",""cache_control"":""private, no-cache, no-store, max-age=0, must-revalidate""}",2026-08-16,World Bank数据条款/CC BY 4.0，第三方内容例外,https://data.worldbank.org/summary-terms-of-use,shared,,,,使用本地原件；引用时保留发布机构、原URL、访问日期和许可。
WEB-0049,web,World Bank Data Help Desk,World Bank,,04_国别货币与中国出海,B,支持亚非拉国别风险、汇率、通胀、资本管制和中国投资暴露研究。,计划书/04_亚非拉国别风险与多币种储备智能决策平台总计划书.pdf；计划书/05_全球经济周期与亚非拉国别风险多币种储备智能决策平台总计划书.pdf,须以原文、数据口径、发布时间和适用许可为准；媒体或行业资料不得替代核心A级证据。,https://datahelpdesk.worldbank.org/,https://datahelpdesk.worldbank.org/,https://datahelpdesk.worldbank.org/,计划书/04_亚非拉国别风险与多币种储备智能决策平台总计划书.pdf | 计划书/05_全球经济周期与亚非拉国别风险多币种储备智能决策平台总计划书.pdf,计划书/04_亚非拉国别风险与多币种储备智能决策平台总计划书.pdf:4349 | 计划书/05_全球经济周期与亚非拉国别风险多币种储备智能决策平台总计划书.pdf:5405,,"04_国别货币与中国出海/外部原件/WEB-0049_8_World_Bank,_Indicator_API_Queries,/original.html",text/html; charset=utf-8,.html,270319,5ad17ddf525068fa4f9e8a649a4907ef16037345d9f5ec96223edcaa258134cd,,,,,,,source,DOWNLOADED_VERIFIED,200,GET,2026-08-15T19:30:30.406Z,public GET; no authentication; archive user-agent,"{""date"":""Sat, 15 Aug 2026 19:30:31 GMT"",""content_type"":""text/html; charset=utf-8"",""content_length"":"""",""last_modified"":"""",""etag"":""W/\""994955898129f4f4f1f3c17c77f39f09\"""",""content_disposition"":"""",""cache_control"":""max-age=0, private, must-revalidate""}",2026-08-16,World Bank数据条款/CC BY 4.0，第三方内容例外,https://data.worldbank.org/summary-terms-of-use,shared,,,,使用本地原件；引用时保留发布机构、原URL、访问日期和许可。
WEB-0050,web,About the Indicators API Documentation – World Bank Data Help Desk,World Bank,,06_黄金美元与储备配置,B,比较美元、短债、黄金、人民币资产与套保工具的周期性作用。,计划书/01_项目可行性研究与参赛方案书.pdf；计划书/03_多币种流动性与黄金战略储备周期配置计划书.pdf；计划书/03_多币种流动性与黄金战略储备周期配置计划书.tex；计划书/04_亚非拉国别风险与多币种储备智能决策平台总计划书.pdf；计划书/04_亚非拉国别风险与多币种储备智能决策平台总计划书.tex；计划书/05_全球经济周期与亚非拉国别风险多币种储备智能决策平台总计划书.pdf；计划书/05_全球经济周期与亚非拉国别风险多币种储备智能决策平台总计划书.tex；计划书/references.bib,须以原文、数据口径、发布时间和适用许可为准；媒体或行业资料不得替代核心A级证据。,https://datahelpdesk.worldbank.org/knowledgebase/articles/889392,https://datahelpdesk.worldbank.org/knowledgebase/articles/889392,https://datahelpdesk.worldbank.org/knowledgebase/articles/889392,计划书/01_项目可行性研究与参赛方案书.pdf | 计划书/03_多币种流动性与黄金战略储备周期配置计划书.pdf | 计划书/03_多币种流动性与黄金战略储备周期配置计划书.tex | 计划书/04_亚非拉国别风险与多币种储备智能决策平台总计划书.pdf | 计划书/04_亚非拉国别风险与多币种储备智能决策平台总计划书.tex | 计划书/05_全球经济周期与亚非拉国别风险多币种储备智能决策平台总计划书.pdf | 计划书/05_全球经济周期与亚非拉国别风险多币种储备智能决策平台总计划书.tex | 计划书/references.bib,计划书/01_项目可行性研究与参赛方案书.pdf:annotation-19 | 计划书/01_项目可行性研究与参赛方案书.pdf:annotation-20 | 计划书/03_多币种流动性与黄金战略储备周期配置计划书.pdf:annotation-6 | 计划书/03_多币种流动性与黄金战略储备周期配置计划书.pdf:annotation-7 | 计划书/03_多币种流动性与黄金战略储备周期配置计划书.tex:784 | 计划书/04_亚非拉国别风险与多币种储备智能决策平台总计划书.pdf:annotation-21 | 计划书/04_亚非拉国别风险与多币种储备智能决策平台总计划书.pdf:annotation-22 | 计划书/04_亚非拉国别风险与多币种储备智能决策平台总计划书.tex:2066 | 计划书/05_全球经济周期与亚非拉国别风险多币种储备智能决策平台总计划书.pdf:annotation-21 | 计划书/05_全球经济周期与亚非拉国别风险多币种储备智能决策平台总计划书.pdf:annotation-22 | 计划书/05_全球经济周期与亚非拉国别风险多币种储备智能决策平台总计划书.tex:2423 | 计划书/references.bib:21,,06_黄金美元与储备配置/外部原件/WEB-0050_PDF_link_annotation_/original.html,text/html; charset=utf-8,.html,224335,d73c8875622059f843ebba11b950f5a3838808aa07dd8b79a66df805a4e9b0a5,,,,,,,source,DOWNLOADED_VERIFIED,200,GET,2026-08-15T19:30:31.056Z,public GET; no authentication; archive user-agent,"{""date"":""Sat, 15 Aug 2026 19:30:31 GMT"",""content_type"":""text/html; charset=utf-8"",""content_length"":"""",""last_modified"":"""",""etag"":""W/\""7754e2e73362e68f45ae9902a645a076\"""",""content_disposition"":"""",""cache_control"":""max-age=0, private, must-revalidate""}",2026-08-16,World Bank数据条款/CC BY 4.0，第三方内容例外,https://data.worldbank.org/summary-terms-of-use,shared,,,,使用本地原件；引用时保留发布机构、原URL、访问日期和许可。
WEB-0051,web,"2. Statista（汇编帝国银行数据），""金马克对纸马克价值1922–1923""，2024。",de.statista.com,,04_国别货币与中国出海,D,支持亚非拉国别风险、汇率、通胀、资本管制和中国投资暴露研究。,案例库/货币崩溃篇/01_1923魏玛德国恶性通胀/案例档案.md,须以原文、数据口径、发布时间和适用许可为准；媒体或行业资料不得替代核心A级证据。,https://de.statista.com/statistik/daten/studie/281794/umfrage/hyperinflation-in-der-weimarer-republik/,https://de.statista.com/statistik/daten/studie/281794/umfrage/hyperinflation-in-der-weimarer-republik,,案例库/货币崩溃篇/01_1923魏玛德国恶性通胀/案例档案.md,案例库/货币崩溃篇/01_1923魏玛德国恶性通胀/案例档案.md:44,,,,,,,,,,,,,source,METADATA_ONLY_LICENSE,,NOT_REQUESTED,,public GET; no authentication; archive user-agent,,2026-08-16,许可未明确，默认仅保存元数据,,metadata_only,,,,保留元数据和原链接，不抓取或再分发正文。
WEB-0052,web,Discovery Alert，2026,discoveryalert.com.au,,08_企业案例与公开披露,D,核验企业海外收入、汇兑损益、冻结、退出和储备配置事实。,跨国公司黄金硬通货需求调研报告.md,须以原文、数据口径、发布时间和适用许可为准；媒体或行业资料不得替代核心A级证据。,https://discoveryalert.com.au/currency-crises-central-bank-gold-liquidation-2026/,https://discoveryalert.com.au/currency-crises-central-bank-gold-liquidation-2026,,跨国公司黄金硬通货需求调研报告.md,跨国公司黄金硬通货需求调研报告.md:28 | 跨国公司黄金硬通货需求调研报告.md:28,,,,,,,,,,,,,source,METADATA_ONLY_LICENSE,,NOT_REQUESTED,,public GET; no authentication; archive user-agent,,2026-08-16,许可未明确，默认仅保存元数据,,metadata_only,,,,保留元数据和原链接，不抓取或再分发正文。
WEB-0053,web,"6. Discovery Alert，""Gold & Oil Embargo: Historic and Modern Impact on Gold Prices""（2026，引用 CPI 峰值 14.8% 来自 Federal Reserve History），",discoveryalert.com.au,,05_全球周期与历史危机,D,识别全球经济周期、资产泡沫、信用危机、衰退与历史制度差异。,案例库/宏观危机篇/04_1973-1980滞胀大牛市/案例档案.md,须以原文、数据口径、发布时间和适用许可为准；媒体或行业资料不得替代核心A级证据。,https://discoveryalert.com.au/gold-oil-embargo-impact-gold-prices-inflation-fed/,https://discoveryalert.com.au/gold-oil-embargo-impact-gold-prices-inflation-fed,,案例库/宏观危机篇/04_1973-1980滞胀大牛市/案例档案.md,案例库/宏观危机篇/04_1973-1980滞胀大牛市/案例档案.md:67,,,,,,,,,,,,,source,METADATA_ONLY_LICENSE,,NOT_REQUESTED,,public GET; no authentication; archive user-agent,,2026-08-16,许可未明确，默认仅保存元数据,,metadata_only,,,,保留元数据和原链接，不抓取或再分发正文。
WEB-0054,web,10.16511/j.cnki.qhdxxb.2023.21.008.pdf),doi.org,,08_企业案例与公开披露,D,核验企业海外收入、汇兑损益、冻结、退出和储备配置事实。,企业资产配置调研报告.md,须以原文、数据口径、发布时间和适用许可为准；媒体或行业资料不得替代核心A级证据。,https://doi.org/10.16511/j.cnki.qhdxxb.2023.21.008.pdf),https://doi.org/10.16511/j.cnki.qhdxxb.2023.21.008.pdf,https://doi.org/10.16511/j.cnki.qhdxxb.2023.21.008.pdf,企业资产配置调研报告.md,企业资产配置调研报告.md:110,,,,.pdf,,,,,,,,,source,FETCH_FAILED,500,GET,2026-08-15T19:30:43.808Z,public GET; no authentication; archive user-agent,"{""date"":""Sat, 15 Aug 2026 19:30:53 GMT"",""content_type"":""text/html;charset=utf-8"",""content_length"":""6362"",""last_modified"":"""",""etag"":"""",""content_disposition"":"""",""cache_control"":""""}",2026-08-16,公开可访问但再分发范围未完全确认，仅本机归档,,private_only,,WEB-0384,HTTP_500,原链接不可用或不适合自动归档；使用已验证替代资产 WEB-0384。
WEB-0055,web,10.3386/w18706.,doi.org,,04_国别货币与中国出海,D,支持亚非拉国别风险、汇率、通胀、资本管制和中国投资暴露研究。,计划书/01_项目可行性研究与参赛方案书.pdf；计划书/references.bib,须以原文、数据口径、发布时间和适用许可为准；媒体或行业资料不得替代核心A级证据。,https://doi.org/10.3386/w18706.,https://doi.org/10.3386/w18706,,计划书/01_项目可行性研究与参赛方案书.pdf | 计划书/references.bib,计划书/01_项目可行性研究与参赛方案书.pdf:1387 | 计划书/01_项目可行性研究与参赛方案书.pdf:annotation-3 | 计划书/references.bib:100,,,,,,,,,,,,,source,METADATA_ONLY_LICENSE,,NOT_REQUESTED,,public GET; no authentication; archive user-agent,,2026-08-16,许可未明确，默认仅保存元数据,,metadata_only,,,,保留元数据和原链接，不抓取或再分发正文。
WEB-0056,web,10.3390/e28030271,doi.org,,06_黄金美元与储备配置,D,比较美元、短债、黄金、人民币资产与套保工具的周期性作用。,最终数据/最终数据/research/media_sentiment_gold_paper/metadata/dataset_manifest.csv；最终数据/最终数据/research/media_sentiment_gold_paper/README_论文学习与数据说明.md,须以原文、数据口径、发布时间和适用许可为准；媒体或行业资料不得替代核心A级证据。,https://doi.org/10.3390/e28030271,https://doi.org/10.3390/e28030271,,最终数据/最终数据/research/media_sentiment_gold_paper/metadata/dataset_manifest.csv | 最终数据/最终数据/research/media_sentiment_gold_paper/README_论文学习与数据说明.md,最终数据/最终数据/research/media_sentiment_gold_paper/metadata/dataset_manifest.csv:2 | 最终数据/最终数据/research/media_sentiment_gold_paper/README_论文学习与数据说明.md:19,,,,,,,,,,,,,source,METADATA_ONLY_LICENSE,,NOT_REQUESTED,,public GET; no authentication; archive user-agent,,2026-08-16,许可未明确，默认仅保存元数据,,metadata_only,,,,保留元数据和原链接，不抓取或再分发正文。
WEB-0057,web,9. 美元化程度：Ecoanalítica,ecoanalitica.com,,06_黄金美元与储备配置,D,比较美元、短债、黄金、人民币资产与套保工具的周期性作用。,案例库/货币崩溃篇/03_2015-2021委内瑞拉玻利瓦尔/案例档案.md,须以原文、数据口径、发布时间和适用许可为准；媒体或行业资料不得替代核心A级证据。,https://ecoanalitica.com/,https://ecoanalitica.com/,,案例库/货币崩溃篇/03_2015-2021委内瑞拉玻利瓦尔/案例档案.md,案例库/货币崩溃篇/03_2015-2021委内瑞拉玻利瓦尔/案例档案.md:98,,,,,,,,,,,,,source,METADATA_ONLY_LICENSE,,NOT_REQUESTED,,public GET; no authentication; archive user-agent,,2026-08-16,许可未明确，默认仅保存元数据,,metadata_only,,,,保留元数据和原链接，不抓取或再分发正文。
WEB-0058,web,"7. ""三驾马车""救助规模：欧盟委员会财政事务文件",economy-finance.ec.europa.eu,,05_全球周期与历史危机,D,识别全球经济周期、资产泡沫、信用危机、衰退与历史制度差异。,案例库/宏观危机篇/14_2010欧洲主权债务危机/案例档案.md,须以原文、数据口径、发布时间和适用许可为准；媒体或行业资料不得替代核心A级证据。,https://economy-finance.ec.europa.eu/,https://economy-finance.ec.europa.eu/,,案例库/宏观危机篇/14_2010欧洲主权债务危机/案例档案.md,案例库/宏观危机篇/14_2010欧洲主权债务危机/案例档案.md:97,,,,,,,,,,,,,source,METADATA_ONLY_LICENSE,,NOT_REQUESTED,,public GET; no authentication; archive user-agent,,2026-08-16,许可未明确，默认仅保存元数据,,metadata_only,,,,保留元数据和原链接，不抓取或再分发正文。
WEB-0059,web,"3. Yale Program on Financial Stability, K. Nygaard, ""The Federal Reserve's Response to the 1987 Market Crash""（2020）：美联储四项应对措施与流动性注入。",elischolar.library.yale.edu,,05_全球周期与历史危机,D,识别全球经济周期、资产泡沫、信用危机、衰退与历史制度差异。,案例库/宏观危机篇/06_1987黑色星期一/案例档案.md,须以原文、数据口径、发布时间和适用许可为准；媒体或行业资料不得替代核心A级证据。,https://elischolar.library.yale.edu/cgi/viewcontent.cgi?article=1109&context=journal-of-financial-crises,https://elischolar.library.yale.edu/cgi/viewcontent.cgi?article=1109&context=journal-of-financial-crises,,案例库/宏观危机篇/06_1987黑色星期一/案例档案.md,案例库/宏观危机篇/06_1987黑色星期一/案例档案.md:76,,,,.cgi,,,,,,,,,source,METADATA_ONLY_LICENSE,,NOT_REQUESTED,,public GET; no authentication; archive user-agent,,2026-08-16,许可未明确，默认仅保存元数据,,metadata_only,,,,保留元数据和原链接，不抓取或再分发正文。
WEB-0060,web,shanghai gold exchange,上海黄金交易所,,06_黄金美元与储备配置,B,比较美元、短债、黄金、人民币资产与套保工具的周期性作用。,计划书/03_多币种流动性与黄金战略储备周期配置计划书.pdf；计划书/03_多币种流动性与黄金战略储备周期配置计划书.tex,须以原文、数据口径、发布时间和适用许可为准；媒体或行业资料不得替代核心A级证据。,https://en.sge.com.cn/h5_data_BenchmarkPrice,https://en.sge.com.cn/h5_data_BenchmarkPrice,https://en.sge.com.cn/h5_data_BenchmarkPrice,计划书/03_多币种流动性与黄金战略储备周期配置计划书.pdf | 计划书/03_多币种流动性与黄金战略储备周期配置计划书.tex,计划书/03_多币种流动性与黄金战略储备周期配置计划书.pdf:annotation-27 | 计划书/03_多币种流动性与黄金战略储备周期配置计划书.pdf:annotation-28 | 计划书/03_多币种流动性与黄金战略储备周期配置计划书.pdf:annotation-29 | 计划书/03_多币种流动性与黄金战略储备周期配置计划书.tex:814,,06_黄金美元与储备配置/外部原件/WEB-0060_PDF_link_annotation_/original.html,text/html;charset=UTF-8,.html,25545,21a09c1bfdaaf102f8bafaac96ff1f6722f1afaec0dc0d678ede00e291a70783,,,,,,,source,DOWNLOADED_VERIFIED,200,GET,2026-08-15T19:30:32.099Z,public GET; no authentication; archive user-agent,"{""date"":""Sat, 15 Aug 2026 19:30:31 GMT"",""content_type"":""text/html;charset=UTF-8"",""content_length"":"""",""last_modified"":"""",""etag"":"""",""content_disposition"":"""",""cache_control"":""""}",2026-08-16,政府/国际组织公开资料，按原站署名与条款使用,,shared,,,,使用本地原件；引用时保留发布机构、原URL、访问日期和许可。
WEB-0061,web,"14 Shanghai Gold Exchange, Shanghai Gold Benchmark Price,",en.sge.com,,06_黄金美元与储备配置,B,比较美元、短债、黄金、人民币资产与套保工具的周期性作用。,计划书/03_多币种流动性与黄金战略储备周期配置计划书.pdf,须以原文、数据口径、发布时间和适用许可为准；媒体或行业资料不得替代核心A级证据。,https://en.sge.com.,https://en.sge.com/,,计划书/03_多币种流动性与黄金战略储备周期配置计划书.pdf,计划书/03_多币种流动性与黄金战略储备周期配置计划书.pdf:1268,,,,,,,,,,,,,source,METADATA_ONLY_LICENSE,,NOT_REQUESTED,,public GET; no authentication; archive user-agent,,2026-08-16,许可未明确，默认仅保存元数据,,metadata_only,,,,保留元数据和原链接，不抓取或再分发正文。
WEB-0062,web,同花顺财经，2025-11,field.10jqka.com.cn,,08_企业案例与公开披露,D,核验企业海外收入、汇兑损益、冻结、退出和储备配置事实。,企业资产配置调研报告.md,须以原文、数据口径、发布时间和适用许可为准；媒体或行业资料不得替代核心A级证据。,https://field.10jqka.com.cn/20251105/c672268440.shtml,https://field.10jqka.com.cn/20251105/c672268440.shtml,,企业资产配置调研报告.md,企业资产配置调研报告.md:61 | 企业资产配置调研报告.md:61,,,,.shtml,,,,,,,,,source,METADATA_ONLY_LICENSE,,NOT_REQUESTED,,public GET; no authentication; archive user-agent,,2026-08-16,许可未明确，默认仅保存元数据,,metadata_only,,,,保留元数据和原链接，不抓取或再分发正文。
WEB-0063,web,财新报道，2019,finance.caixin.com,,08_企业案例与公开披露,C,核验企业海外收入、汇兑损益、冻结、退出和储备配置事实。,企业资产配置调研报告.md,须以原文、数据口径、发布时间和适用许可为准；媒体或行业资料不得替代核心A级证据。,https://finance.caixin.com/2019-06-25/101431232.html,https://finance.caixin.com/2019-06-25/101431232.html,,企业资产配置调研报告.md,企业资产配置调研报告.md:26 | 企业资产配置调研报告.md:26,,,,.html,,,,,,,,,source,METADATA_ONLY_LICENSE,,NOT_REQUESTED,,public GET; no authentication; archive user-agent,,2026-08-16,新闻/媒体版权，默认仅保存元数据,,metadata_only,,,,保留元数据和原链接，不抓取或再分发正文。
WEB-0064,web,世界黄金协会，2026-01,finance.eastmoney.com,,08_企业案例与公开披露,D,核验企业海外收入、汇兑损益、冻结、退出和储备配置事实。,企业资产配置调研报告.md,须以原文、数据口径、发布时间和适用许可为准；媒体或行业资料不得替代核心A级证据。,https://finance.eastmoney.com/a/202601293635229941.html,https://finance.eastmoney.com/a/202601293635229941.html,,企业资产配置调研报告.md,企业资产配置调研报告.md:77 | 企业资产配置调研报告.md:77,,,,.html,,,,,,,,,source,METADATA_ONLY_LICENSE,,NOT_REQUESTED,,public GET; no authentication; archive user-agent,,2026-08-16,许可未明确，默认仅保存元数据,,metadata_only,,,,保留元数据和原链接，不抓取或再分发正文。
WEB-0065,web,世界黄金协会，2026-01,finance.eastmoney.com,,08_企业案例与公开披露,D,核验企业海外收入、汇兑损益、冻结、退出和储备配置事实。,企业资产配置调研报告.md,须以原文、数据口径、发布时间和适用许可为准；媒体或行业资料不得替代核心A级证据。,https://finance.eastmoney.com/a/202601293635238166.html,https://finance.eastmoney.com/a/202601293635238166.html,,企业资产配置调研报告.md,企业资产配置调研报告.md:76 | 企业资产配置调研报告.md:76,,,,.html,,,,,,,,,source,METADATA_ONLY_LICENSE,,NOT_REQUESTED,,public GET; no authentication; archive user-agent,,2026-08-16,许可未明确，默认仅保存元数据,,metadata_only,,,,保留元数据和原链接，不抓取或再分发正文。
WEB-0066,web,证券时报·数据宝,finance.sina.cn,,08_企业案例与公开披露,C,核验企业海外收入、汇兑损益、冻结、退出和储备配置事实。,企业资产配置调研报告.md,须以原文、数据口径、发布时间和适用许可为准；媒体或行业资料不得替代核心A级证据。,https://finance.sina.cn/2019-11-01/detail-iicezuev6448497.d.html,https://finance.sina.cn/2019-11-01/detail-iicezuev6448497.d.html,,企业资产配置调研报告.md,企业资产配置调研报告.md:53 | 企业资产配置调研报告.md:53,,,,.html,,,,,,,,,source,METADATA_ONLY_LICENSE,,NOT_REQUESTED,,public GET; no authentication; archive user-agent,,2026-08-16,新闻/媒体版权，默认仅保存元数据,,metadata_only,,,,保留元数据和原链接，不抓取或再分发正文。
WEB-0067,web,"3. 新浪财经（2022）：""对1970年代滞涨期的回顾和对比""（美元指数 1971 年 120.4→1980 年 84.7），",finance.sina.cn,,05_全球周期与历史危机,C,识别全球经济周期、资产泡沫、信用危机、衰退与历史制度差异。,案例库/宏观危机篇/03_1971布雷顿森林解体/案例档案.md,须以原文、数据口径、发布时间和适用许可为准；媒体或行业资料不得替代核心A级证据。,https://finance.sina.cn/futuremarket/qsyw/2022-07-06/detail-imizirav2178461.d.html,https://finance.sina.cn/futuremarket/qsyw/2022-07-06/detail-imizirav2178461.d.html,,案例库/宏观危机篇/03_1971布雷顿森林解体/案例档案.md,案例库/宏观危机篇/03_1971布雷顿森林解体/案例档案.md:55,,,,.html,,,,,,,,,source,METADATA_ONLY_LICENSE,,NOT_REQUESTED,,public GET; no authentication; archive user-agent,,2026-08-16,新闻/媒体版权，默认仅保存元数据,,metadata_only,,,,保留元数据和原链接，不抓取或再分发正文。
WEB-0068,web,新浪财经引外汇局，2026-01,finance.sina.cn,,08_企业案例与公开披露,C,核验企业海外收入、汇兑损益、冻结、退出和储备配置事实。,企业资产配置调研报告.md,须以原文、数据口径、发布时间和适用许可为准；媒体或行业资料不得替代核心A级证据。,https://finance.sina.cn/stock/ggyj/2026-01-21/detail-inhiaktt8097986.d.html?vt=4,https://finance.sina.cn/stock/ggyj/2026-01-21/detail-inhiaktt8097986.d.html?vt=4,,企业资产配置调研报告.md,企业资产配置调研报告.md:75 | 企业资产配置调研报告.md:75,,,,.html,,,,,,,,,source,METADATA_ONLY_LICENSE,,NOT_REQUESTED,,public GET; no authentication; archive user-agent,,2026-08-16,新闻/媒体版权，默认仅保存元数据,,metadata_only,,,,保留元数据和原链接，不抓取或再分发正文。
WEB-0069,web,粤开证券李奇霖，2019,finance.sina.cn,,08_企业案例与公开披露,C,核验企业海外收入、汇兑损益、冻结、退出和储备配置事实。,企业资产配置调研报告.md,须以原文、数据口径、发布时间和适用许可为准；媒体或行业资料不得替代核心A级证据。,https://finance.sina.cn/zl/2019-04-03/zl-ihvhiewr2875426.d.html,https://finance.sina.cn/zl/2019-04-03/zl-ihvhiewr2875426.d.html,,企业资产配置调研报告.md,企业资产配置调研报告.md:32 | 企业资产配置调研报告.md:32,,,,.html,,,,,,,,,source,METADATA_ONLY_LICENSE,,NOT_REQUESTED,,public GET; no authentication; archive user-agent,,2026-08-16,新闻/媒体版权，默认仅保存元数据,,metadata_only,,,,保留元数据和原链接，不抓取或再分发正文。
WEB-0070,web,人民银行，2018,finance.sina.com.cn,,08_企业案例与公开披露,C,核验企业海外收入、汇兑损益、冻结、退出和储备配置事实。,企业资产配置调研报告.md,须以原文、数据口径、发布时间和适用许可为准；媒体或行业资料不得替代核心A级证据。,https://finance.sina.com.cn/money/nmetal/roll/2018-12-14/doc-ihmutuec9237941.shtml,https://finance.sina.com.cn/money/nmetal/roll/2018-12-14/doc-ihmutuec9237941.shtml,,企业资产配置调研报告.md,企业资产配置调研报告.md:133 | 企业资产配置调研报告.md:133,,,,.shtml,,,,,,,,,source,METADATA_ONLY_LICENSE,,NOT_REQUESTED,,public GET; no authentication; archive user-agent,,2026-08-16,许可未明确，默认仅保存元数据,,metadata_only,,,,保留元数据和原链接，不抓取或再分发正文。
WEB-0071,web,1. 标普 500 历史数据（2020 峰值/谷底/全年）：Yahoo Finance/Refinitiv 历史行情,finance.yahoo.com,,05_全球周期与历史危机,D,识别全球经济周期、资产泡沫、信用危机、衰退与历史制度差异。,案例库/宏观危机篇/15_2020疫情全球市场崩盘/案例档案.md；案例库/宏观危机篇/16_2022美联储激进加息周期/案例档案.md,须以原文、数据口径、发布时间和适用许可为准；媒体或行业资料不得替代核心A级证据。,https://finance.yahoo.com/quote/%5EGSPC/history/,https://finance.yahoo.com/quote/%5EGSPC/history,,案例库/宏观危机篇/15_2020疫情全球市场崩盘/案例档案.md | 案例库/宏观危机篇/16_2022美联储激进加息周期/案例档案.md,案例库/宏观危机篇/15_2020疫情全球市场崩盘/案例档案.md:92 | 案例库/宏观危机篇/16_2022美联储激进加息周期/案例档案.md:95,,,,,,,,,,,,,source,METADATA_ONLY_LICENSE,,NOT_REQUESTED,,public GET; no authentication; archive user-agent,,2026-08-16,许可未明确，默认仅保存元数据,,metadata_only,,,,保留元数据和原链接，不抓取或再分发正文。
WEB-0072,web,6. Financial Gravity（引标普500 2007年10月—2009年3月回撤56.8%数据），2024年，,financialgravityfamilyofficeservices.com,,05_全球周期与历史危机,D,识别全球经济周期、资产泡沫、信用危机、衰退与历史制度差异。,案例库/宏观危机篇/09_2008全球金融危机/案例档案.md,须以原文、数据口径、发布时间和适用许可为准；媒体或行业资料不得替代核心A级证据。,https://financialgravityfamilyofficeservices.com/walters/newsletter/cautionary-tale/,https://financialgravityfamilyofficeservices.com/walters/newsletter/cautionary-tale,,案例库/宏观危机篇/09_2008全球金融危机/案例档案.md,案例库/宏观危机篇/09_2008全球金融危机/案例档案.md:48,,,,,,,,,,,,,source,METADATA_ONLY_LICENSE,,NOT_REQUESTED,,public GET; no authentication; archive user-agent,,2026-08-16,许可未明确，默认仅保存元数据,,metadata_only,,,,保留元数据和原链接，不抓取或再分发正文。
WEB-0073,web,3. 美国财政部年报（1940，圣路易斯联储 FRASER 档案）：1911–1932 年白银年均价格表，1929 年 53.3 美分、1932 年 28.2 美分、1932 年 12 月低点 24.6 美分。,fraser.stlouisfed.org,,08_企业案例与公开披露,D,核验企业海外收入、汇兑损益、冻结、退出和储备配置事实。,案例库/宏观危机篇/01_1929大萧条/案例档案.md,须以原文、数据口径、发布时间和适用许可为准；媒体或行业资料不得替代核心A级证据。,https://fraser.stlouisfed.org/files/docs/publications/treasar/AR_TREASURY_1940.pdf,https://fraser.stlouisfed.org/files/docs/publications/treasar/AR_TREASURY_1940.pdf,https://fraser.stlouisfed.org/files/docs/publications/treasar/AR_TREASURY_1940.pdf,案例库/宏观危机篇/01_1929大萧条/案例档案.md,案例库/宏观危机篇/01_1929大萧条/案例档案.md:44,,08_企业案例与公开披露/外部原件/WEB-0073_3._美国财政部年报（1940，圣路易斯联储_FRASER_档案）：1911–1932_年白银年均价格表，1929_年_53.3_美分、1932/original.pdf,application/pdf,.pdf,21109679,76c9e427a5389249ecc8a95b51bde570900dc76a90b55bb867737e7c9a868171,,,,,,,source,DOWNLOADED_VERIFIED,200,GET,2026-08-15T19:30:32.596Z,public GET; no authentication; archive user-agent,"{""date"":""Sat, 15 Aug 2026 19:30:31 GMT"",""content_type"":""application/pdf"",""content_length"":""21109679"",""last_modified"":""Mon, 05 Feb 2024 16:26:54 GMT"",""etag"":""\""3b82c702f21feb4239eca0c72ea0c7fb\"""",""content_disposition"":"""",""cache_control"":""""}",2026-08-16,公开可访问但再分发范围未完全确认，仅本机归档,,private_only,,,,使用本地原件；引用时保留发布机构、原URL、访问日期和许可。
WEB-0074,web,Federal Reserve Bank of St. Louis 来源资料（WEB-0074）,Federal Reserve Bank of St. Louis,,06_黄金美元与储备配置,D,比较美元、短债、黄金、人民币资产与套保工具的周期性作用。,计划书/03_多币种流动性与黄金战略储备周期配置计划书.pdf；计划书/03_多币种流动性与黄金战略储备周期配置计划书.tex；计划书/04_亚非拉国别风险与多币种储备智能决策平台总计划书.pdf；计划书/04_亚非拉国别风险与多币种储备智能决策平台总计划书.tex；计划书/05_全球经济周期与亚非拉国别风险多币种储备智能决策平台总计划书.pdf；计划书/05_全球经济周期与亚非拉国别风险多币种储备智能决策平台总计划书.tex；计划书/references.bib；最终数据/最终数据/outputs/019f56e7-91fe-7a43-b1d0-ae50e45c9d0c/黄金价格传导链因素与时序数据_20260724.xlsx,须以原文、数据口径、发布时间和适用许可为准；媒体或行业资料不得替代核心A级证据。,https://fred.stlouisfed.org/,https://fred.stlouisfed.org/,,计划书/03_多币种流动性与黄金战略储备周期配置计划书.pdf | 计划书/03_多币种流动性与黄金战略储备周期配置计划书.tex | 计划书/04_亚非拉国别风险与多币种储备智能决策平台总计划书.pdf | 计划书/04_亚非拉国别风险与多币种储备智能决策平台总计划书.tex | 计划书/05_全球经济周期与亚非拉国别风险多币种储备智能决策平台总计划书.pdf | 计划书/05_全球经济周期与亚非拉国别风险多币种储备智能决策平台总计划书.tex | 计划书/references.bib | 最终数据/最终数据/outputs/019f56e7-91fe-7a43-b1d0-ae50e45c9d0c/黄金价格传导链因素与时序数据_20260724.xlsx | 最终数据/最终数据/outputs/019f56e7-91fe-7a43-b1d0-ae50e45c9d0c/黄金价格传导链因素与时序数据_20260724.xlsx.inspect.ndjson | 最终数据/最终数据/outputs/019f56e7-91fe-7a43-b1d0-ae50e45c9d0c/金银价格波动影响因素与时序数据_20260726.xlsx | 最终数据/最终数据/outputs/019f56e7-91fe-7a43-b1d0-ae50e45c9d0c/金银价格波动影响因素与时序数据_20260726.xlsx.inspect.ndjson | 最终数据/最终数据/outputs/019f56e7-91fe-7a43-b1d0-ae50e45c9d0c/金银价格波动影响因素与时序数据_中文字段版_20260726.xlsx | 最终数据/最终数据/outputs/019f56e7-91fe-7a43-b1d0-ae50e45c9d0c/金银价格波动影响因素与时序数据_中文字段版_20260726.xlsx.inspect.ndjson,计划书/03_多币种流动性与黄金战略储备周期配置计划书.pdf:annotation-34 | 计划书/03_多币种流动性与黄金战略储备周期配置计划书.pdf:annotation-35 | 计划书/03_多币种流动性与黄金战略储备周期配置计划书.tex:820 | 计划书/04_亚非拉国别风险与多币种储备智能决策平台总计划书.pdf:annotation-30 | 计划书/04_亚非拉国别风险与多币种储备智能决策平台总计划书.pdf:annotation-31 | 计划书/04_亚非拉国别风险与多币种储备智能决策平台总计划书.pdf:annotation-32 | 计划书/04_亚非拉国别风险与多币种储备智能决策平台总计划书.tex:2081 | 计划书/05_全球经济周期与亚非拉国别风险多币种储备智能决策平台总计划书.pdf:annotation-30 | 计划书/05_全球经济周期与亚非拉国别风险多币种储备智能决策平台总计划书.pdf:annotation-31 | 计划书/05_全球经济周期与亚非拉国别风险多币种储备智能决策平台总计划书.pdf:annotation-32 | 计划书/05_全球经济周期与亚非拉国别风险多币种储备智能决策平台总计划书.tex:2438 | 计划书/references.bib:167 | 最终数据/最终数据/outputs/019f56e7-91fe-7a43-b1d0-ae50e45c9d0c/黄金价格传导链因素与时序数据_20260724.xlsx:xl/worksheets/sheet11.xml | 最终数据/最终数据/outputs/019f56e7-91fe-7a43-b1d0-ae50e45c9d0c/黄金价格传导链因素与时序数据_20260724.xlsx.inspect.ndjson:80405 | 最终数据/最终数据/outputs/019f56e7-91fe-7a43-b1d0-ae50e45c9d0c/金银价格波动影响因素与时序数据_20260726.xlsx:xl/worksheets/sheet12.xml | 最终数据/最终数据/outputs/019f56e7-91fe-7a43-b1d0-ae50e45c9d0c/金银价格波动影响因素与时序数据_20260726.xlsx.inspect.ndjson:91397 | 最终数据/最终数据/outputs/019f56e7-91fe-7a43-b1d0-ae50e45c9d0c/金银价格波动影响因素与时序数据_中文字段版_20260726.xlsx:xl/worksheets/sheet13.xml | 最终数据/最终数据/outputs/019f56e7-91fe-7a43-b1d0-ae50e45c9d0c/金银价格波动影响因素与时序数据_中文字段版_20260726.xlsx.inspect.ndjson:91689,,,,,,,,,,,,,source,METADATA_ONLY_LICENSE,,NOT_REQUESTED,,public GET; no authentication; archive user-agent,,2026-08-16,限制抓取或再分发,https://fred.stlouisfed.org/legal/,metadata_only,,,,保留元数据和原链接，不抓取或再分发正文。
WEB-0075,web,FRED法律条款,Federal Reserve Bank of St. Louis,,06_黄金美元与储备配置,D,比较美元、短债、黄金、人民币资产与套保工具的周期性作用。,最终数据/最终数据/outputs/019f56e7-91fe-7a43-b1d0-ae50e45c9d0c/金银价格预测_官方数据与因素台账_20260713.xlsx；最终数据/最终数据/outputs/019f56e7-91fe-7a43-b1d0-ae50e45c9d0c/金银价格预测_官方数据与因素台账_20260713.xlsx.inspect.ndjson；V1.0归档实施策略,须以原文、数据口径、发布时间和适用许可为准；媒体或行业资料不得替代核心A级证据。,https://fred.stlouisfed.org/legal/,https://fred.stlouisfed.org/legal,,最终数据/最终数据/outputs/019f56e7-91fe-7a43-b1d0-ae50e45c9d0c/金银价格预测_官方数据与因素台账_20260713.xlsx | 最终数据/最终数据/outputs/019f56e7-91fe-7a43-b1d0-ae50e45c9d0c/金银价格预测_官方数据与因素台账_20260713.xlsx.inspect.ndjson | V1.0归档实施策略,最终数据/最终数据/outputs/019f56e7-91fe-7a43-b1d0-ae50e45c9d0c/金银价格预测_官方数据与因素台账_20260713.xlsx:xl/worksheets/sheet2.xml | 最终数据/最终数据/outputs/019f56e7-91fe-7a43-b1d0-ae50e45c9d0c/金银价格预测_官方数据与因素台账_20260713.xlsx.inspect.ndjson:649 | V1.0归档实施策略:policy,,,,,,,,,,,,,source,METADATA_ONLY_LICENSE,,NOT_REQUESTED,,public GET; no authentication; archive user-agent,,2026-08-16,限制抓取或再分发,https://fred.stlouisfed.org/legal/,metadata_only,,,,保留元数据和原链接，不抓取或再分发正文。
WEB-0076,web,1. 埃镑汇率数据（15.7 → 48–50）：美联储圣路易斯分部（FRED）EGP/USD,Federal Reserve Bank of St. Louis,,06_黄金美元与储备配置,D,比较美元、短债、黄金、人民币资产与套保工具的周期性作用。,案例库/货币崩溃篇/07_2022-2024埃及镑贬值/案例档案.md,须以原文、数据口径、发布时间和适用许可为准；媒体或行业资料不得替代核心A级证据。,https://fred.stlouisfed.org/series/AEXEGUS,https://fred.stlouisfed.org/series/AEXEGUS,,案例库/货币崩溃篇/07_2022-2024埃及镑贬值/案例档案.md,案例库/货币崩溃篇/07_2022-2024埃及镑贬值/案例档案.md:89,,,,,,,,,,,,,source,METADATA_ONLY_LICENSE,,NOT_REQUESTED,,public GET; no authentication; archive user-agent,,2026-08-16,限制抓取或再分发,https://fred.stlouisfed.org/legal/,metadata_only,,,,保留元数据和原链接，不抓取或再分发正文。
WEB-0077,web,1. 里亚尔汇率数据（2011–2025）：IMF IFS / Bonbast（伊朗黑市汇率跟踪）/美联储 FRED（IRR/USD）,Federal Reserve Bank of St. Louis,,06_黄金美元与储备配置,D,比较美元、短债、黄金、人民币资产与套保工具的周期性作用。,案例库/货币崩溃篇/08_2010-2025伊朗里亚尔/案例档案.md,须以原文、数据口径、发布时间和适用许可为准；媒体或行业资料不得替代核心A级证据。,https://fred.stlouisfed.org/series/AEXIRUS,https://fred.stlouisfed.org/series/AEXIRUS,,案例库/货币崩溃篇/08_2010-2025伊朗里亚尔/案例档案.md,案例库/货币崩溃篇/08_2010-2025伊朗里亚尔/案例档案.md:92,,,,,,,,,,,,,source,METADATA_ONLY_LICENSE,,NOT_REQUESTED,,public GET; no authentication; archive user-agent,,2026-08-16,限制抓取或再分发,https://fred.stlouisfed.org/legal/,metadata_only,,,,保留元数据和原链接，不抓取或再分发正文。
WEB-0078,web,"1. 奈拉汇率数据（N461 → N1,535）：美联储圣路易斯分部（FRED）NGN/USD",Federal Reserve Bank of St. Louis,,08_企业案例与公开披露,D,核验企业海外收入、汇兑损益、冻结、退出和储备配置事实。,案例库/货币崩溃篇/06_2022-2024尼日利亚奈拉崩溃/案例档案.md；案例库/微观企业篇/01_MTN尼日利亚/案例档案.md；案例库/微观企业篇/02_雀巢尼日利亚/案例档案.md；案例库/微观企业篇/04_传音控股/案例档案.md；案例库/微观企业篇/07_IATA航司被困资金/案例档案.md,须以原文、数据口径、发布时间和适用许可为准；媒体或行业资料不得替代核心A级证据。,https://fred.stlouisfed.org/series/AEXNUS,https://fred.stlouisfed.org/series/AEXNUS,,案例库/货币崩溃篇/06_2022-2024尼日利亚奈拉崩溃/案例档案.md | 案例库/微观企业篇/01_MTN尼日利亚/案例档案.md | 案例库/微观企业篇/02_雀巢尼日利亚/案例档案.md | 案例库/微观企业篇/04_传音控股/案例档案.md | 案例库/微观企业篇/07_IATA航司被困资金/案例档案.md,案例库/货币崩溃篇/06_2022-2024尼日利亚奈拉崩溃/案例档案.md:92 | 案例库/微观企业篇/01_MTN尼日利亚/案例档案.md:75 | 案例库/微观企业篇/02_雀巢尼日利亚/案例档案.md:76 | 案例库/微观企业篇/04_传音控股/案例档案.md:79 | 案例库/微观企业篇/07_IATA航司被困资金/案例档案.md:79,,,,,,,,,,,,,source,METADATA_ONLY_LICENSE,,NOT_REQUESTED,,public GET; no authentication; archive user-agent,,2026-08-16,限制抓取或再分发,https://fred.stlouisfed.org/legal/,metadata_only,,,,保留元数据和原链接，不抓取或再分发正文。
WEB-0079,web,"Adjusted Spread,",Federal Reserve Bank of St. Louis,,06_黄金美元与储备配置,D,比较美元、短债、黄金、人民币资产与套保工具的周期性作用。,计划书/05_全球经济周期与亚非拉国别风险多币种储备智能决策平台总计划书.pdf；计划书/05_全球经济周期与亚非拉国别风险多币种储备智能决策平台总计划书.tex,须以原文、数据口径、发布时间和适用许可为准；媒体或行业资料不得替代核心A级证据。,https://fred.stlouisfed.org/series/BAMLH0A0HYM2,https://fred.stlouisfed.org/series/BAMLH0A0HYM2,,计划书/05_全球经济周期与亚非拉国别风险多币种储备智能决策平台总计划书.pdf | 计划书/05_全球经济周期与亚非拉国别风险多币种储备智能决策平台总计划书.tex,计划书/05_全球经济周期与亚非拉国别风险多币种储备智能决策平台总计划书.pdf:5452 | 计划书/05_全球经济周期与亚非拉国别风险多币种储备智能决策平台总计划书.pdf:annotation-46 | 计划书/05_全球经济周期与亚非拉国别风险多币种储备智能决策平台总计划书.pdf:annotation-47 | 计划书/05_全球经济周期与亚非拉国别风险多币种储备智能决策平台总计划书.tex:2462,,,,,,,,,,,,,source,METADATA_ONLY_LICENSE,,NOT_REQUESTED,,public GET; no authentication; archive user-agent,,2026-08-16,限制抓取或再分发,https://fred.stlouisfed.org/legal/,metadata_only,,,,保留元数据和原链接，不抓取或再分发正文。
WEB-0080,web,1. 卢布 2014 年汇率（33 → 68，-72%）：美联储圣路易斯分部（FRED）RUB/USD,Federal Reserve Bank of St. Louis,,07_会计合规与制裁,D,限定会计分类、托管、制裁、外汇管制和合法可用性边界。,案例库/地缘冲突与制裁篇/06_2014克里米亚危机-卢布暴跌/案例档案.md；案例库/货币崩溃篇/10_1998俄罗斯卢布危机/案例档案.md,须以原文、数据口径、发布时间和适用许可为准；媒体或行业资料不得替代核心A级证据。,https://fred.stlouisfed.org/series/CCUSMA02RUM618N,https://fred.stlouisfed.org/series/CCUSMA02RUM618N,,案例库/地缘冲突与制裁篇/06_2014克里米亚危机-卢布暴跌/案例档案.md | 案例库/货币崩溃篇/10_1998俄罗斯卢布危机/案例档案.md,案例库/地缘冲突与制裁篇/06_2014克里米亚危机-卢布暴跌/案例档案.md:82 | 案例库/货币崩溃篇/10_1998俄罗斯卢布危机/案例档案.md:87,,,,,,,,,,,,,source,METADATA_ONLY_LICENSE,,NOT_REQUESTED,,public GET; no authentication; archive user-agent,,2026-08-16,限制抓取或再分发,https://fred.stlouisfed.org/legal/,metadata_only,,,,保留元数据和原链接，不抓取或再分发正文。
WEB-0081,web,2. 美联储圣路易斯分部（FRED）比索/美元汇率数据,Federal Reserve Bank of St. Louis,,05_全球周期与历史危机,D,识别全球经济周期、资产泡沫、信用危机、衰退与历史制度差异。,案例库/宏观危机篇/11_1994墨西哥龙舌兰危机/案例档案.md,须以原文、数据口径、发布时间和适用许可为准；媒体或行业资料不得替代核心A级证据。,https://fred.stlouisfed.org/series/DEXMXUS,https://fred.stlouisfed.org/series/DEXMXUS,,案例库/宏观危机篇/11_1994墨西哥龙舌兰危机/案例档案.md,案例库/宏观危机篇/11_1994墨西哥龙舌兰危机/案例档案.md:90,,,,,,,,,,,,,source,METADATA_ONLY_LICENSE,,NOT_REQUESTED,,public GET; no authentication; archive user-agent,,2026-08-16,限制抓取或再分发,https://fred.stlouisfed.org/legal/,metadata_only,,,,保留元数据和原链接，不抓取或再分发正文。
WEB-0082,web,2. 美联储圣路易斯分部（FRED）阿根廷比索/美元汇率,Federal Reserve Bank of St. Louis,,08_企业案例与公开披露,D,核验企业海外收入、汇兑损益、冻结、退出和储备配置事实。,案例库/宏观危机篇/13_2001阿根廷债务危机/案例档案.md；案例库/微观企业篇/03_ABInBev阿根廷/案例档案.md,须以原文、数据口径、发布时间和适用许可为准；媒体或行业资料不得替代核心A级证据。,https://fred.stlouisfed.org/series/DEXRARL,https://fred.stlouisfed.org/series/DEXRARL,,案例库/宏观危机篇/13_2001阿根廷债务危机/案例档案.md | 案例库/微观企业篇/03_ABInBev阿根廷/案例档案.md,案例库/宏观危机篇/13_2001阿根廷债务危机/案例档案.md:91 | 案例库/微观企业篇/03_ABInBev阿根廷/案例档案.md:75,,,,,,,,,,,,,source,METADATA_ONLY_LICENSE,,NOT_REQUESTED,,public GET; no authentication; archive user-agent,,2026-08-16,限制抓取或再分发,https://fred.stlouisfed.org/legal/,metadata_only,,,,保留元数据和原链接，不抓取或再分发正文。
WEB-0083,web,1. 土耳其里拉汇率数据（2018–2025）：美联储圣路易斯分部（FRED）TRY/USD,Federal Reserve Bank of St. Louis,,06_黄金美元与储备配置,D,比较美元、短债、黄金、人民币资产与套保工具的周期性作用。,案例库/货币崩溃篇/04_2018土耳其里拉危机/案例档案.md,须以原文、数据口径、发布时间和适用许可为准；媒体或行业资料不得替代核心A级证据。,https://fred.stlouisfed.org/series/DEXTAUS,https://fred.stlouisfed.org/series/DEXTAUS,,案例库/货币崩溃篇/04_2018土耳其里拉危机/案例档案.md,案例库/货币崩溃篇/04_2018土耳其里拉危机/案例档案.md:90,,,,,,,,,,,,,source,METADATA_ONLY_LICENSE,,NOT_REQUESTED,,public GET; no authentication; archive user-agent,,2026-08-16,限制抓取或再分发,https://fred.stlouisfed.org/legal/,metadata_only,,,,保留元数据和原链接，不抓取或再分发正文。
WEB-0084,web,5. 联邦基金利率（沃尔克 20% 峰值，1981-06）：美联储圣路易斯分部,Federal Reserve Bank of St. Louis,,05_全球周期与历史危机,D,识别全球经济周期、资产泡沫、信用危机、衰退与历史制度差异。,案例库/宏观危机篇/17_1980-2000黄金熊市_反面案例/案例档案.md,须以原文、数据口径、发布时间和适用许可为准；媒体或行业资料不得替代核心A级证据。,https://fred.stlouisfed.org/series/DFF,https://fred.stlouisfed.org/series/DFF,,案例库/宏观危机篇/17_1980-2000黄金熊市_反面案例/案例档案.md,案例库/宏观危机篇/17_1980-2000黄金熊市_反面案例/案例档案.md:88,,,,,,,,,,,,,source,METADATA_ONLY_LICENSE,,NOT_REQUESTED,,public GET; no authentication; archive user-agent,,2026-08-16,限制抓取或再分发,https://fred.stlouisfed.org/legal/,metadata_only,,,,保留元数据和原链接，不抓取或再分发正文。
WEB-0085,web,5. 以色列谢克尔汇率：FRED ILS/USD,Federal Reserve Bank of St. Louis,,07_会计合规与制裁,D,限定会计分类、托管、制裁、外汇管制和合法可用性边界。,案例库/地缘冲突与制裁篇/03_2024以色列-伊朗冲突/案例档案.md,须以原文、数据口径、发布时间和适用许可为准；媒体或行业资料不得替代核心A级证据。,https://fred.stlouisfed.org/series/EXILUS,https://fred.stlouisfed.org/series/EXILUS,,案例库/地缘冲突与制裁篇/03_2024以色列-伊朗冲突/案例档案.md,案例库/地缘冲突与制裁篇/03_2024以色列-伊朗冲突/案例档案.md:92,,,,,,,,,,,,,source,METADATA_ONLY_LICENSE,,NOT_REQUESTED,,public GET; no authentication; archive user-agent,,2026-08-16,限制抓取或再分发,https://fred.stlouisfed.org/legal/,metadata_only,,,,保留元数据和原链接，不抓取或再分发正文。
WEB-0086,web,3. 希腊 10 年期国债收益率历史,Federal Reserve Bank of St. Louis,,05_全球周期与历史危机,D,识别全球经济周期、资产泡沫、信用危机、衰退与历史制度差异。,案例库/宏观危机篇/14_2010欧洲主权债务危机/案例档案.md,须以原文、数据口径、发布时间和适用许可为准；媒体或行业资料不得替代核心A级证据。,https://fred.stlouisfed.org/series/IRLTLT01GRM156N,https://fred.stlouisfed.org/series/IRLTLT01GRM156N,,案例库/宏观危机篇/14_2010欧洲主权债务危机/案例档案.md,案例库/宏观危机篇/14_2010欧洲主权债务危机/案例档案.md:93,,,,,,,,,,,,,source,METADATA_ONLY_LICENSE,,NOT_REQUESTED,,public GET; no authentication; archive user-agent,,2026-08-16,限制抓取或再分发,https://fred.stlouisfed.org/legal/,metadata_only,,,,保留元数据和原链接，不抓取或再分发正文。
WEB-0087,web,Federal Reserve Bank of St. Louis 来源资料（WEB-0087）,Federal Reserve Bank of St. Louis,,06_黄金美元与储备配置,D,比较美元、短债、黄金、人民币资产与套保工具的周期性作用。,计划书/05_全球经济周期与亚非拉国别风险多币种储备智能决策平台总计划书.pdf；计划书/05_全球经济周期与亚非拉国别风险多币种储备智能决策平台总计划书.tex,须以原文、数据口径、发布时间和适用许可为准；媒体或行业资料不得替代核心A级证据。,https://fred.stlouisfed.org/series/NFCI,https://fred.stlouisfed.org/series/NFCI,,计划书/05_全球经济周期与亚非拉国别风险多币种储备智能决策平台总计划书.pdf | 计划书/05_全球经济周期与亚非拉国别风险多币种储备智能决策平台总计划书.tex,计划书/05_全球经济周期与亚非拉国别风险多币种储备智能决策平台总计划书.pdf:5449 | 计划书/05_全球经济周期与亚非拉国别风险多币种储备智能决策平台总计划书.pdf:annotation-45 | 计划书/05_全球经济周期与亚非拉国别风险多币种储备智能决策平台总计划书.tex:2459,,,,,,,,,,,,,source,METADATA_ONLY_LICENSE,,NOT_REQUESTED,,public GET; no authentication; archive user-agent,,2026-08-16,限制抓取或再分发,https://fred.stlouisfed.org/legal/,metadata_only,,,,保留元数据和原链接，不抓取或再分发正文。
WEB-0088,web,2. 美联储圣路易斯分部（FRED）卢布/美元汇率,Federal Reserve Bank of St. Louis,,05_全球周期与历史危机,D,识别全球经济周期、资产泡沫、信用危机、衰退与历史制度差异。,案例库/宏观危机篇/12_1998俄罗斯金融危机/案例档案.md,须以原文、数据口径、发布时间和适用许可为准；媒体或行业资料不得替代核心A级证据。,https://fred.stlouisfed.org/series/RBIBIS,https://fred.stlouisfed.org/series/RBIBIS,,案例库/宏观危机篇/12_1998俄罗斯金融危机/案例档案.md,案例库/宏观危机篇/12_1998俄罗斯金融危机/案例档案.md:92,,,,,,,,,,,,,source,METADATA_ONLY_LICENSE,,NOT_REQUESTED,,public GET; no authentication; archive user-agent,,2026-08-16,限制抓取或再分发,https://fred.stlouisfed.org/legal/,metadata_only,,,,保留元数据和原链接，不抓取或再分发正文。
WEB-0089,web,Federal Reserve Bank of St. Louis 来源资料（WEB-0089）,Federal Reserve Bank of St. Louis,,06_黄金美元与储备配置,D,比较美元、短债、黄金、人民币资产与套保工具的周期性作用。,计划书/05_全球经济周期与亚非拉国别风险多币种储备智能决策平台总计划书.pdf；计划书/05_全球经济周期与亚非拉国别风险多币种储备智能决策平台总计划书.tex,须以原文、数据口径、发布时间和适用许可为准；媒体或行业资料不得替代核心A级证据。,https://fred.stlouisfed.org/series/SAHMREALTIME,https://fred.stlouisfed.org/series/SAHMREALTIME,,计划书/05_全球经济周期与亚非拉国别风险多币种储备智能决策平台总计划书.pdf | 计划书/05_全球经济周期与亚非拉国别风险多币种储备智能决策平台总计划书.tex,计划书/05_全球经济周期与亚非拉国别风险多币种储备智能决策平台总计划书.pdf:annotation-42 | 计划书/05_全球经济周期与亚非拉国别风险多币种储备智能决策平台总计划书.pdf:annotation-43 | 计划书/05_全球经济周期与亚非拉国别风险多币种储备智能决策平台总计划书.tex:2453,,,,,,,,,,,,,source,METADATA_ONLY_LICENSE,,NOT_REQUESTED,,public GET; no authentication; archive user-agent,,2026-08-16,限制抓取或再分发,https://fred.stlouisfed.org/legal/,metadata_only,,,,保留元数据和原链接，不抓取或再分发正文。
WEB-0090,web,"13 Federal Reserve Bank of St. Louis, FRED economic data,",fred.stlouisfed,,06_黄金美元与储备配置,D,比较美元、短债、黄金、人民币资产与套保工具的周期性作用。,计划书/04_亚非拉国别风险与多币种储备智能决策平台总计划书.pdf；计划书/05_全球经济周期与亚非拉国别风险多币种储备智能决策平台总计划书.pdf,须以原文、数据口径、发布时间和适用许可为准；媒体或行业资料不得替代核心A级证据。,https://fred.stlouisfed.,https://fred.stlouisfed/,,计划书/04_亚非拉国别风险与多币种储备智能决策平台总计划书.pdf | 计划书/05_全球经济周期与亚非拉国别风险多币种储备智能决策平台总计划书.pdf,计划书/04_亚非拉国别风险与多币种储备智能决策平台总计划书.pdf:4369 | 计划书/05_全球经济周期与亚非拉国别风险多币种储备智能决策平台总计划书.pdf:5425,,,,,,,,,,,,,source,METADATA_ONLY_LICENSE,,NOT_REQUESTED,,public GET; no authentication; archive user-agent,,2026-08-16,许可未明确，默认仅保存元数据,,metadata_only,,,,保留元数据和原链接，不抓取或再分发正文。
WEB-0091,web,WGC 报告，2023,fund.eastmoney.com,,08_企业案例与公开披露,D,核验企业海外收入、汇兑损益、冻结、退出和储备配置事实。,企业资产配置调研报告.md,须以原文、数据口径、发布时间和适用许可为准；媒体或行业资料不得替代核心A级证据。,https://fund.eastmoney.com/a/202303312678415644.html,https://fund.eastmoney.com/a/202303312678415644.html,,企业资产配置调研报告.md,企业资产配置调研报告.md:139 | 企业资产配置调研报告.md:139,,,,.html,,,,,,,,,source,METADATA_ONLY_LICENSE,,NOT_REQUESTED,,public GET; no authentication; archive user-agent,,2026-08-16,许可未明确，默认仅保存元数据,,metadata_only,,,,保留元数据和原链接，不抓取或再分发正文。
WEB-0092,web,"文本词典,THUOCL财经词表,论文参考文献32所列清华财经类词汇词库,更新于2016-12-24,3830词条,THUNLP/Heywhale,",github.com,,06_黄金美元与储备配置,D,比较美元、短债、黄金、人民币资产与套保工具的周期性作用。,最终数据/最终数据/research/media_sentiment_gold_paper/metadata/dataset_manifest.csv；最终数据/最终数据/research/media_sentiment_gold_paper/outputs/019f56e7-91fe-7a43-b1d0-ae50e45c9d0c/论文数据来源与复现清单.xlsx；最终数据/最终数据/research/media_sentiment_gold_paper/outputs/019f56e7-91fe-7a43-b1d0-ae50e45c9d0c/论文数据来源与复现清单.xlsx.inspect.ndjson；最终数据/最终数据/research/media_sentiment_gold_paper/outputs/019f56e7-91fe-7a43-b1d0-ae50e45c9d0c/workbook_inspect.ndjson；最终数据/最终数据/research/media_sentiment_gold_paper/README_论文学习与数据说明.md；最终数据/最终数据/research/media_sentiment_gold_paper/scripts/build_reproducibility_package.mjs,须以原文、数据口径、发布时间和适用许可为准；媒体或行业资料不得替代核心A级证据。,https://github.com/thunlp/THUOCL,https://github.com/thunlp/THUOCL,https://github.com/thunlp/THUOCL,最终数据/最终数据/research/media_sentiment_gold_paper/metadata/dataset_manifest.csv | 最终数据/最终数据/research/media_sentiment_gold_paper/outputs/019f56e7-91fe-7a43-b1d0-ae50e45c9d0c/论文数据来源与复现清单.xlsx | 最终数据/最终数据/research/media_sentiment_gold_paper/outputs/019f56e7-91fe-7a43-b1d0-ae50e45c9d0c/论文数据来源与复现清单.xlsx.inspect.ndjson | 最终数据/最终数据/research/media_sentiment_gold_paper/outputs/019f56e7-91fe-7a43-b1d0-ae50e45c9d0c/workbook_inspect.ndjson | 最终数据/最终数据/research/media_sentiment_gold_paper/README_论文学习与数据说明.md | 最终数据/最终数据/research/media_sentiment_gold_paper/scripts/build_reproducibility_package.mjs,最终数据/最终数据/research/media_sentiment_gold_paper/metadata/dataset_manifest.csv:4 | 最终数据/最终数据/research/media_sentiment_gold_paper/outputs/019f56e7-91fe-7a43-b1d0-ae50e45c9d0c/论文数据来源与复现清单.xlsx:xl/worksheets/sheet2.xml | 最终数据/最终数据/research/media_sentiment_gold_paper/outputs/019f56e7-91fe-7a43-b1d0-ae50e45c9d0c/论文数据来源与复现清单.xlsx.inspect.ndjson:79 | 最终数据/最终数据/research/media_sentiment_gold_paper/outputs/019f56e7-91fe-7a43-b1d0-ae50e45c9d0c/workbook_inspect.ndjson:5 | 最终数据/最终数据/research/media_sentiment_gold_paper/README_论文学习与数据说明.md:51 | 最终数据/最终数据/research/media_sentiment_gold_paper/scripts/build_reproducibility_package.mjs:95,,,,,,,,,,,,,source,PAYWALL_OR_AUTH,200,GET,2026-08-15T19:30:33.890Z,public GET; no authentication; archive user-agent,"{""date"":""Sat, 15 Aug 2026 19:30:33 GMT"",""content_type"":""text/html; charset=utf-8"",""content_length"":"""",""last_modified"":"""",""etag"":""W/\""59bbe860e0f04a9a636d69fd09121237\"""",""content_disposition"":"""",""cache_control"":""max-age=0, private, must-revalidate""}",2026-08-16,政府/国际组织公开资料，按原站署名与条款使用,,shared,,,AUTH_OR_BOT_CHALLENGE,
WEB-0093,web,5. Tether XAUt（黄金计价稳定币，约 7.66 吨实物支持）：Tether 官方产品页面,gold.tether.to,,08_企业案例与公开披露,D,核验企业海外收入、汇兑损益、冻结、退出和储备配置事实。,案例库/微观企业篇/09_Tether黄金储备/案例档案.md,须以原文、数据口径、发布时间和适用许可为准；媒体或行业资料不得替代核心A级证据。,https://gold.tether.to/,https://gold.tether.to/,,案例库/微观企业篇/09_Tether黄金储备/案例档案.md,案例库/微观企业篇/09_Tether黄金储备/案例档案.md:80,,,,,,,,,,,,,source,METADATA_ONLY_LICENSE,,NOT_REQUESTED,,public GET; no authentication; archive user-agent,,2026-08-16,许可未明确，默认仅保存元数据,,metadata_only,,,,保留元数据和原链接，不抓取或再分发正文。
WEB-0094,web,"5. GoldSilver.com（引 LBMA 与 Macrotrends 数据）：""The 1971 Nixon Shock""（金价 35→850 美元、+2,300%），",goldsilver.com,,05_全球周期与历史危机,D,识别全球经济周期、资产泡沫、信用危机、衰退与历史制度差异。,案例库/宏观危机篇/03_1971布雷顿森林解体/案例档案.md,须以原文、数据口径、发布时间和适用许可为准；媒体或行业资料不得替代核心A级证据。,https://goldsilver.com/learn/how-money-works/the-1971-nixon-shock/,https://goldsilver.com/learn/how-money-works/the-1971-nixon-shock,,案例库/宏观危机篇/03_1971布雷顿森林解体/案例档案.md,案例库/宏观危机篇/03_1971布雷顿森林解体/案例档案.md:57,,,,,,,,,,,,,source,METADATA_ONLY_LICENSE,,NOT_REQUESTED,,public GET; no authentication; archive user-agent,,2026-08-16,许可未明确，默认仅保存元数据,,metadata_only,,,,保留元数据和原链接，不抓取或再分发正文。
WEB-0095,web,"2. GoldSilver.com（引用 Macrotrends 百年金价图、LBMA 历史数据、World Gold Council），""Gold Price Cycles: What History's Patterns Tell Us""（2026），",goldsilver.com,,05_全球周期与历史危机,D,识别全球经济周期、资产泡沫、信用危机、衰退与历史制度差异。,案例库/宏观危机篇/04_1973-1980滞胀大牛市/案例档案.md,须以原文、数据口径、发布时间和适用许可为准；媒体或行业资料不得替代核心A级证据。,https://goldsilver.com/learn/investing-in-gold/gold-price-cycles-market-trends/,https://goldsilver.com/learn/investing-in-gold/gold-price-cycles-market-trends,,案例库/宏观危机篇/04_1973-1980滞胀大牛市/案例档案.md,案例库/宏观危机篇/04_1973-1980滞胀大牛市/案例档案.md:63,,,,,,,,,,,,,source,METADATA_ONLY_LICENSE,,NOT_REQUESTED,,public GET; no authentication; archive user-agent,,2026-08-16,许可未明确，默认仅保存元数据,,metadata_only,,,,保留元数据和原链接，不抓取或再分发正文。
WEB-0096,web,"hm.src = """,hm.baidu.com,,06_黄金美元与储备配置,D,比较美元、短债、黄金、人民币资产与套保工具的周期性作用。,最终数据/最终数据/research/media_sentiment_gold_paper/metadata/sge_en_daily.html,须以原文、数据口径、发布时间和适用许可为准；媒体或行业资料不得替代核心A级证据。,https://hm.baidu.com/hm.js?62fa33f77aa3ca59592c24364d3c42eb,https://hm.baidu.com/hm.js?62fa33f77aa3ca59592c24364d3c42eb=,,最终数据/最终数据/research/media_sentiment_gold_paper/metadata/sge_en_daily.html,最终数据/最终数据/research/media_sentiment_gold_paper/metadata/sge_en_daily.html:29,,,,.js,,,,,,,,,source,METADATA_ONLY_LICENSE,,NOT_REQUESTED,,public GET; no authentication; archive user-agent,,2026-08-16,许可未明确，默认仅保存元数据,,metadata_only,,,,保留元数据和原链接，不抓取或再分发正文。
WEB-0097,web,"hm.src = """,hm.baidu.com,,06_黄金美元与储备配置,D,比较美元、短债、黄金、人民币资产与套保工具的周期性作用。,最终数据/最终数据/research/media_sentiment_gold_paper/metadata/sge_quotation_daily_new.html,须以原文、数据口径、发布时间和适用许可为准；媒体或行业资料不得替代核心A级证据。,https://hm.baidu.com/hm.js?9165e30c92968eb1baa5e3eb5f34dc60,https://hm.baidu.com/hm.js?9165e30c92968eb1baa5e3eb5f34dc60=,,最终数据/最终数据/research/media_sentiment_gold_paper/metadata/sge_quotation_daily_new.html,最终数据/最终数据/research/media_sentiment_gold_paper/metadata/sge_quotation_daily_new.html:64,,,,.js,,,,,,,,,source,METADATA_ONLY_LICENSE,,NOT_REQUESTED,,public GET; no authentication; archive user-agent,,2026-08-16,许可未明确，默认仅保存元数据,,metadata_only,,,,保留元数据和原链接，不抓取或再分发正文。
WEB-0098,web,Treasury Prohibits Transactions with Central Bank of Russia and Imposes Sanctions on Key Sources of Russia’s Wealth | U.S. Department of the Treasury,U.S. Department of the Treasury,,06_黄金美元与储备配置,A,比较美元、短债、黄金、人民币资产与套保工具的周期性作用。,最终数据/最终数据/outputs/019f56e7-91fe-7a43-b1d0-ae50e45c9d0c/金银价格预测_官方数据与因素台账_20260713.xlsx；最终数据/最终数据/outputs/019f56e7-91fe-7a43-b1d0-ae50e45c9d0c/金银价格预测_官方数据与因素台账_20260713.xlsx.inspect.ndjson,须以原文、数据口径、发布时间和适用许可为准；媒体或行业资料不得替代核心A级证据。,https://home.treasury.gov/news/press-releases/jy0612,https://home.treasury.gov/news/press-releases/jy0612,https://home.treasury.gov/news/press-releases/jy0612,最终数据/最终数据/outputs/019f56e7-91fe-7a43-b1d0-ae50e45c9d0c/金银价格预测_官方数据与因素台账_20260713.xlsx | 最终数据/最终数据/outputs/019f56e7-91fe-7a43-b1d0-ae50e45c9d0c/金银价格预测_官方数据与因素台账_20260713.xlsx.inspect.ndjson,最终数据/最终数据/outputs/019f56e7-91fe-7a43-b1d0-ae50e45c9d0c/金银价格预测_官方数据与因素台账_20260713.xlsx:xl/worksheets/sheet4.xml | 最终数据/最终数据/outputs/019f56e7-91fe-7a43-b1d0-ae50e45c9d0c/金银价格预测_官方数据与因素台账_20260713.xlsx.inspect.ndjson:978,,06_黄金美元与储备配置/外部原件/WEB-0098_XLSX_entry_xl_worksheets_sheet4.xml/original.html,text/html; charset=UTF-8,.html,122636,196a5d2886f47c380e6a1beffb4159d360a044c850df7c474d71faeb74d3c9f7,,,,,,,source,DOWNLOADED_VERIFIED,200,GET,2026-08-15T19:30:34.645Z,public GET; no authentication; archive user-agent,"{""date"":""Sat, 15 Aug 2026 19:30:34 GMT"",""content_type"":""text/html; charset=UTF-8"",""content_length"":""27416"",""last_modified"":"""",""etag"":"""",""content_disposition"":"""",""cache_control"":""max-age=0, no-cache, no-store""}",2026-08-16,政府/国际组织公开资料，按原站署名与条款使用,,shared,,,,使用本地原件；引用时保留发布机构、原URL、访问日期和许可。
WEB-0099,web,Legislative Basis | U.S. Department of the Treasury,U.S. Department of the Treasury,,05_全球周期与历史危机,A,识别全球经济周期、资产泡沫、信用危机、衰退与历史制度差异。,案例库/宏观危机篇/02_1933罗斯福黄金新政/案例档案.md,须以原文、数据口径、发布时间和适用许可为准；媒体或行业资料不得替代核心A级证据。,https://home.treasury.gov/policy-issues/international/exchange-stabilization-fund/legislative-basis,https://home.treasury.gov/policy-issues/international/exchange-stabilization-fund/legislative-basis,https://home.treasury.gov/policy-issues/international/exchange-stabilization-fund/legislative-basis,案例库/宏观危机篇/02_1933罗斯福黄金新政/案例档案.md,案例库/宏观危机篇/02_1933罗斯福黄金新政/案例档案.md:52,,05_全球周期与历史危机/外部原件/WEB-0099_3._U.S._Department_of_the_Treasury（美国财政部），《Exchange_Stabilization_Fund_–/original.html,text/html; charset=UTF-8,.html,112464,384f4081f78a6d6c8069d12f369cbf2be84813ea522757b7d2c290769e64209f,,,,,,,source,DOWNLOADED_VERIFIED,200,GET,2026-08-15T19:30:35.311Z,public GET; no authentication; archive user-agent,"{""date"":""Sat, 15 Aug 2026 19:30:34 GMT"",""content_type"":""text/html; charset=UTF-8"",""content_length"":""23894"",""last_modified"":"""",""etag"":"""",""content_disposition"":"""",""cache_control"":""max-age=0, no-cache, no-store""}",2026-08-16,政府/国际组织公开资料，按原站署名与条款使用,,shared,,,,使用本地原件；引用时保留发布机构、原URL、访问日期和许可。
WEB-0100,web,4. 美国 10 年期国债收益率：美国财政部利率历史,U.S. Department of the Treasury,,05_全球周期与历史危机,A,识别全球经济周期、资产泡沫、信用危机、衰退与历史制度差异。,案例库/宏观危机篇/17_1980-2000黄金熊市_反面案例/案例档案.md；最终数据/最终数据/research/media_sentiment_gold_paper/README_论文学习与数据说明.md,须以原文、数据口径、发布时间和适用许可为准；媒体或行业资料不得替代核心A级证据。,https://home.treasury.gov/resource-center/data-chart-center/interest-rates,https://home.treasury.gov/resource-center/data-chart-center/interest-rates,https://home.treasury.gov/resource-center/data-chart-center/interest-rates,案例库/宏观危机篇/17_1980-2000黄金熊市_反面案例/案例档案.md | 最终数据/最终数据/research/media_sentiment_gold_paper/README_论文学习与数据说明.md,案例库/宏观危机篇/17_1980-2000黄金熊市_反面案例/案例档案.md:87 | 最终数据/最终数据/research/media_sentiment_gold_paper/README_论文学习与数据说明.md:72,,,,,,,,,,,,,source,FETCH_FAILED,503,GET,2026-08-15T19:30:38.374Z,public GET; no authentication; archive user-agent,"{""date"":""Sat, 15 Aug 2026 19:30:37 GMT"",""content_type"":""text/html"",""content_length"":"""",""last_modified"":""Mon, 30 Sep 2024 21:02:04 GMT"",""etag"":""\""44dfc6c831262a9158045024d0c7b6c2:1727730124.754811\"""",""content_disposition"":"""",""cache_control"":""max-age=0, no-cache, no-store, max-age=0, no-cache, no-store""}",2026-08-16,政府/国际组织公开资料，按原站署名与条款使用,,shared,,WEB-0101,HTTP_503,原链接不可用或不适合自动归档；使用已验证替代资产 WEB-0101。
WEB-0101,web,Daily Treasury Rates | U.S. Department of the Treasury,U.S. Department of the Treasury,,06_黄金美元与储备配置,A,比较美元、短债、黄金、人民币资产与套保工具的周期性作用。,最终数据/最终数据/outputs/019f56e7-91fe-7a43-b1d0-ae50e45c9d0c/金银价格预测_官方数据与因素台账_20260713.xlsx；最终数据/最终数据/outputs/019f56e7-91fe-7a43-b1d0-ae50e45c9d0c/金银价格预测_官方数据与因素台账_20260713.xlsx.inspect.ndjson,须以原文、数据口径、发布时间和适用许可为准；媒体或行业资料不得替代核心A级证据。,https://home.treasury.gov/resource-center/data-chart-center/interest-rates/TextView?type=daily_treasury_real_yield_curve,https://home.treasury.gov/resource-center/data-chart-center/interest-rates/TextView?type=daily_treasury_real_yield_curve,https://home.treasury.gov/resource-center/data-chart-center/interest-rates/TextView?type=daily_treasury_real_yield_curve,最终数据/最终数据/outputs/019f56e7-91fe-7a43-b1d0-ae50e45c9d0c/金银价格预测_官方数据与因素台账_20260713.xlsx | 最终数据/最终数据/outputs/019f56e7-91fe-7a43-b1d0-ae50e45c9d0c/金银价格预测_官方数据与因素台账_20260713.xlsx.inspect.ndjson,最终数据/最终数据/outputs/019f56e7-91fe-7a43-b1d0-ae50e45c9d0c/金银价格预测_官方数据与因素台账_20260713.xlsx:xl/worksheets/sheet2.xml | 最终数据/最终数据/outputs/019f56e7-91fe-7a43-b1d0-ae50e45c9d0c/金银价格预测_官方数据与因素台账_20260713.xlsx.inspect.ndjson:649,,06_黄金美元与储备配置/外部原件/WEB-0101_XLSX_entry_xl_worksheets_sheet2.xml/original.html,text/html; charset=UTF-8,.html,1621196,5a17db594ec31292e08f654d7e3437cd4c5f00b4705c60565d62e353357ac871,,,,,,,source,DOWNLOADED_VERIFIED,200,GET,2026-08-15T19:30:37.712Z,public GET; no authentication; archive user-agent,"{""date"":""Sat, 15 Aug 2026 19:30:37 GMT"",""content_type"":""text/html; charset=UTF-8"",""content_length"":"""",""last_modified"":"""",""etag"":"""",""content_disposition"":"""",""cache_control"":""max-age=0, no-cache, no-store""}",2026-08-16,政府/国际组织公开资料，按原站署名与条款使用,,shared,,,,使用本地原件；引用时保留发布机构、原URL、访问日期和许可。
WEB-0102,web,6. HowMuch.net（2020）：百年金银价格比图，1933 年金银比 132.4 的极值记录。,howmuch.net,,05_全球周期与历史危机,D,识别全球经济周期、资产泡沫、信用危机、衰退与历史制度差异。,案例库/宏观危机篇/01_1929大萧条/案例档案.md,须以原文、数据口径、发布时间和适用许可为准；媒体或行业资料不得替代核心A级证据。,https://howmuch.net/articles/gold-silver-ratio-timeline,https://howmuch.net/articles/gold-silver-ratio-timeline,,案例库/宏观危机篇/01_1929大萧条/案例档案.md,案例库/宏观危机篇/01_1929大萧条/案例档案.md:47,,,,,,,,,,,,,source,METADATA_ONLY_LICENSE,,NOT_REQUESTED,,public GET; no authentication; archive user-agent,,2026-08-16,许可未明确，默认仅保存元数据,,metadata_only,,,,保留元数据和原链接，不抓取或再分发正文。
WEB-0103,web,公开年报,imgs.h2o-china.com,,08_企业案例与公开披露,D,核验企业海外收入、汇兑损益、冻结、退出和储备配置事实。,企业资产配置调研报告.md,须以原文、数据口径、发布时间和适用许可为准；媒体或行业资料不得替代核心A级证据。,https://imgs.h2o-china.com/4d/fb/1016/883980422335d7f88721e49.PDF,https://imgs.h2o-china.com/4d/fb/1016/883980422335d7f88721e49.PDF,https://imgs.h2o-china.com/4d/fb/1016/883980422335d7f88721e49.PDF,企业资产配置调研报告.md,企业资产配置调研报告.md:52 | 企业资产配置调研报告.md:52,,08_企业案例与公开披露/外部原件/WEB-0103_公开年报/original.pdf,application/pdf,.pdf,1343438,40c5c7dc897f01e6c970b306c1e7733da7fbb78ae79c33fb83e191de04498948,,,,,,,source,DOWNLOADED_VERIFIED,200,GET,2026-08-15T19:30:38.013Z,public GET; no authentication; archive user-agent,"{""date"":""Sat, 15 Aug 2026 19:30:37 GMT"",""content_type"":""application/pdf"",""content_length"":""1343438"",""last_modified"":""Tue, 26 Mar 2019 16:19:42 GMT"",""etag"":""\""5c9a511e-147fce\"""",""content_disposition"":"""",""cache_control"":""""}",2026-08-16,公开可访问但再分发范围未完全确认，仅本机归档,,private_only,,,,使用本地原件；引用时保留发布机构、原URL、访问日期和许可。
WEB-0104,web,"1. 日经指数历史数据（峰值 38,957 点、谷底 7,607 点）：日经平均指数官方历史数据，<",indexes.nikkei.co.jp,,05_全球周期与历史危机,D,识别全球经济周期、资产泡沫、信用危机、衰退与历史制度差异。,案例库/宏观危机篇/10_1990日本资产泡沫破裂/案例档案.md,须以原文、数据口径、发布时间和适用许可为准；媒体或行业资料不得替代核心A级证据。,https://indexes.nikkei.co.jp/nkave/historical/en/nikkei_stock_average_daily_en.html,https://indexes.nikkei.co.jp/nkave/historical/en/nikkei_stock_average_daily_en.html,,案例库/宏观危机篇/10_1990日本资产泡沫破裂/案例档案.md,案例库/宏观危机篇/10_1990日本资产泡沫破裂/案例档案.md:86,,,,.html,,,,,,,,,source,METADATA_ONLY_LICENSE,,NOT_REQUESTED,,public GET; no authentication; archive user-agent,,2026-08-16,许可未明确，默认仅保存元数据,,metadata_only,,,,保留元数据和原链接，不抓取或再分发正文。
WEB-0105,web,彭博社转引，2020,international.sindonews.com,,08_企业案例与公开披露,D,核验企业海外收入、汇兑损益、冻结、退出和储备配置事实。,跨国公司黄金硬通货需求调研报告.md,须以原文、数据口径、发布时间和适用许可为准；媒体或行业资料不得替代核心A级证据。,https://international.sindonews.com/read/88912/41/akui-guaido-presiden-venezuela-bank-inggris-tolak-maduro-tarik-emas-rp143-t-1593709649,https://international.sindonews.com/read/88912/41/akui-guaido-presiden-venezuela-bank-inggris-tolak-maduro-tarik-emas-rp143-t-1593709649,,跨国公司黄金硬通货需求调研报告.md,跨国公司黄金硬通货需求调研报告.md:28 | 跨国公司黄金硬通货需求调研报告.md:28,,,,,,,,,,,,,source,METADATA_ONLY_LICENSE,,NOT_REQUESTED,,public GET; no authentication; archive user-agent,,2026-08-16,许可未明确，默认仅保存元数据,,metadata_only,,,,保留元数据和原链接，不抓取或再分发正文。
WEB-0106,web,1. International Banker（2021）：《The Dotcom Bubble Burst (2000)》——纳斯达克跌幅与 5 万亿美元市值蒸发数据。,internationalbanker.com,,05_全球周期与历史危机,D,识别全球经济周期、资产泡沫、信用危机、衰退与历史制度差异。,案例库/宏观危机篇/08_2000互联网泡沫/案例档案.md,须以原文、数据口径、发布时间和适用许可为准；媒体或行业资料不得替代核心A级证据。,https://internationalbanker.com/history-of-financial-crises/the-dotcom-bubble-burst-2000/,https://internationalbanker.com/history-of-financial-crises/the-dotcom-bubble-burst-2000,,案例库/宏观危机篇/08_2000互联网泡沫/案例档案.md,案例库/宏观危机篇/08_2000互联网泡沫/案例档案.md:76,,,,,,,,,,,,,source,METADATA_ONLY_LICENSE,,NOT_REQUESTED,,public GET; no authentication; archive user-agent,,2026-08-16,许可未明确，默认仅保存元数据,,metadata_only,,,,保留元数据和原链接，不抓取或再分发正文。
WEB-0107,web,"1. Palantir 2021Q2 财报与致股东信（购入 5,070 万美元金条、对冲黑天鹅表述）",investors.palantir.com,,08_企业案例与公开披露,D,核验企业海外收入、汇兑损益、冻结、退出和储备配置事实。,案例库/微观企业篇/08_Palantir黑天鹅黄金/案例档案.md,须以原文、数据口径、发布时间和适用许可为准；媒体或行业资料不得替代核心A级证据。,https://investors.palantir.com/,https://investors.palantir.com/,,案例库/微观企业篇/08_Palantir黑天鹅黄金/案例档案.md,案例库/微观企业篇/08_Palantir黑天鹅黄金/案例档案.md:74,,,,,,,,,,,,,source,METADATA_ONLY_LICENSE,,NOT_REQUESTED,,public GET; no authentication; archive user-agent,,2026-08-16,许可未明确，默认仅保存元数据,,metadata_only,,,,保留元数据和原链接，不抓取或再分发正文。
WEB-0108,web,中国人寿完成国内保险机构首笔黄金询价交易_中共上海市委金融委员会办公室、中共上海市金融工作委员会,jrj.sh.gov.cn,,08_企业案例与公开披露,A,核验企业海外收入、汇兑损益、冻结、退出和储备配置事实。,企业资产配置调研报告.md,须以原文、数据口径、发布时间和适用许可为准；媒体或行业资料不得替代核心A级证据。,https://jrj.sh.gov.cn/BX182/20250326/21ddc678b47f47358f7f87bceb73d090.html,https://jrj.sh.gov.cn/BX182/20250326/21ddc678b47f47358f7f87bceb73d090.html,https://jrj.sh.gov.cn/BX182/20250326/21ddc678b47f47358f7f87bceb73d090.html,企业资产配置调研报告.md,企业资产配置调研报告.md:71 | 企业资产配置调研报告.md:71,,08_企业案例与公开披露/外部原件/WEB-0108_上海市委金融办，2025-03/original.html,text/html; charset=utf-8,.html,15481,3ac76749a122f7400d8acd37ace2a561824e1e479aa6087e7409ae49f7f502ce,,,,,,,source,DOWNLOADED_VERIFIED,200,GET,2026-08-15T19:30:38.627Z,public GET; no authentication; archive user-agent,"{""date"":""Sat, 15 Aug 2026 19:30:38 GMT"",""content_type"":""text/html; charset=utf-8"",""content_length"":"""",""last_modified"":""Wed, 26 Mar 2025 05:10:55 GMT"",""etag"":""W/\""67e38c5f-3c79\"""",""content_disposition"":"""",""cache_control"":""""}",2026-08-16,政府/国际组织公开资料，按原站署名与条款使用,,shared,,,,使用本地原件；引用时保留发布机构、原URL、访问日期和许可。
WEB-0109,web,上金所启用香港黄金交割仓库 中国黄金市场国际化迈出关键一步_中共上海市委金融委员会办公室、中共上海市金融工作委员会,jrj.sh.gov.cn,,08_企业案例与公开披露,A,核验企业海外收入、汇兑损益、冻结、退出和储备配置事实。,跨国公司黄金硬通货需求调研报告.md,须以原文、数据口径、发布时间和适用许可为准；媒体或行业资料不得替代核心A级证据。,https://jrj.sh.gov.cn/QT186/20250630/fe7d02adf9a24321921a3f4853668c0f.html,https://jrj.sh.gov.cn/QT186/20250630/fe7d02adf9a24321921a3f4853668c0f.html,https://jrj.sh.gov.cn/QT186/20250630/fe7d02adf9a24321921a3f4853668c0f.html,跨国公司黄金硬通货需求调研报告.md,跨国公司黄金硬通货需求调研报告.md:98 | 跨国公司黄金硬通货需求调研报告.md:98,,08_企业案例与公开披露/外部原件/WEB-0109_上海金融局，2025/original.html,text/html; charset=utf-8,.html,18554,7cdc02c52f37918a4c0462dfb1f5193f84f7bb61a6e0edd1098ceef10ccc5a7e,,,,,,,source,DOWNLOADED_VERIFIED,200,GET,2026-08-15T19:30:39.292Z,public GET; no authentication; archive user-agent,"{""date"":""Sat, 15 Aug 2026 19:30:38 GMT"",""content_type"":""text/html; charset=utf-8"",""content_length"":"""",""last_modified"":""Mon, 30 Jun 2025 05:56:28 GMT"",""etag"":""W/\""6862270c-487a\"""",""content_disposition"":"""",""cache_control"":""""}",2026-08-16,政府/国际组织公开资料，按原站署名与条款使用,,shared,,,,使用本地原件；引用时保留发布机构、原URL、访问日期和许可。
WEB-0110,web,7. KSE（基辅经济学院）《Direct losses of Russian assets and companies》2025,kse.ua,,07_会计合规与制裁,D,限定会计分类、托管、制裁、外汇管制和合法可用性边界。,案例库/地缘冲突与制裁篇/01_2022俄乌冲突-外储冻结/案例档案.md；案例库/微观企业篇/06_雷诺法兴俄罗斯退出/案例档案.md,须以原文、数据口径、发布时间和适用许可为准；媒体或行业资料不得替代核心A级证据。,https://kse.ua/,https://kse.ua/,,案例库/地缘冲突与制裁篇/01_2022俄乌冲突-外储冻结/案例档案.md | 案例库/微观企业篇/06_雷诺法兴俄罗斯退出/案例档案.md,案例库/地缘冲突与制裁篇/01_2022俄乌冲突-外储冻结/案例档案.md:93 | 案例库/微观企业篇/06_雷诺法兴俄罗斯退出/案例档案.md:78,,,,,,,,,,,,,source,METADATA_ONLY_LICENSE,,NOT_REQUESTED,,public GET; no authentication; archive user-agent,,2026-08-16,许可未明确，默认仅保存元数据,,metadata_only,,,,保留元数据和原链接，不抓取或再分发正文。
WEB-0111,web,财联社，2025-01,m.cls.cn,,08_企业案例与公开披露,C,核验企业海外收入、汇兑损益、冻结、退出和储备配置事实。,企业资产配置调研报告.md,须以原文、数据口径、发布时间和适用许可为准；媒体或行业资料不得替代核心A级证据。,https://m.cls.cn/detail/1913267,https://m.cls.cn/detail/1913267,,企业资产配置调研报告.md,企业资产配置调研报告.md:60 | 企业资产配置调研报告.md:60,,,,,,,,,,,,,source,METADATA_ONLY_LICENSE,,NOT_REQUESTED,,public GET; no authentication; archive user-agent,,2026-08-16,新闻/媒体版权，默认仅保存元数据,,metadata_only,,,,保留元数据和原链接，不抓取或再分发正文。
WEB-0112,web,财联社，2025-10,m.cls.cn,,08_企业案例与公开披露,C,核验企业海外收入、汇兑损益、冻结、退出和储备配置事实。,企业资产配置调研报告.md,须以原文、数据口径、发布时间和适用许可为准；媒体或行业资料不得替代核心A级证据。,https://m.cls.cn/detail/2176533,https://m.cls.cn/detail/2176533,,企业资产配置调研报告.md,企业资产配置调研报告.md:158 | 企业资产配置调研报告.md:158,,,,,,,,,,,,,source,METADATA_ONLY_LICENSE,,NOT_REQUESTED,,public GET; no authentication; archive user-agent,,2026-08-16,新闻/媒体版权，默认仅保存元数据,,metadata_only,,,,保留元数据和原链接，不抓取或再分发正文。
WEB-0113,web,搜狐财经，2026-05,m.sohu.com,,08_企业案例与公开披露,D,核验企业海外收入、汇兑损益、冻结、退出和储备配置事实。,企业资产配置调研报告.md,须以原文、数据口径、发布时间和适用许可为准；媒体或行业资料不得替代核心A级证据。,https://m.sohu.com/a/1026660896_465408,https://m.sohu.com/a/1026660896_465408,,企业资产配置调研报告.md,企业资产配置调研报告.md:70 | 企业资产配置调研报告.md:70,,,,,,,,,,,,,source,METADATA_ONLY_LICENSE,,NOT_REQUESTED,,public GET; no authentication; archive user-agent,,2026-08-16,许可未明确，默认仅保存元数据,,metadata_only,,,,保留元数据和原链接，不抓取或再分发正文。
WEB-0114,web,"3. Federal Reserve History / maseconomics 综述——印尼盾贬值约 80%、韩元约 50%、IMF 超 1,100 亿美元救助、雅加达指数跌 81%：",maseconomics.com,,05_全球周期与历史危机,D,识别全球经济周期、资产泡沫、信用危机、衰退与历史制度差异。,案例库/宏观危机篇/07_1997亚洲金融危机/案例档案.md,须以原文、数据口径、发布时间和适用许可为准；媒体或行业资料不得替代核心A级证据。,https://maseconomics.com/1997-asian-financial-crisis-explained-how-contagion-spread-across-borders/,https://maseconomics.com/1997-asian-financial-crisis-explained-how-contagion-spread-across-borders,,案例库/宏观危机篇/07_1997亚洲金融危机/案例档案.md,案例库/宏观危机篇/07_1997亚洲金融危机/案例档案.md:68,,,,,,,,,,,,,source,METADATA_ONLY_LICENSE,,NOT_REQUESTED,,public GET; no authentication; archive user-agent,,2026-08-16,许可未明确，默认仅保存元数据,,metadata_only,,,,保留元数据和原链接，不抓取或再分发正文。
WEB-0115,web,缺失论文PDF官方开放CDN恢复候选,MDPI,,06_黄金美元与储备配置,B,比较美元、短债、黄金、人民币资产与套保工具的周期性作用。,V1.0归档实施策略,须以原文、数据口径、发布时间和适用许可为准；媒体或行业资料不得替代核心A级证据。,https://mdpi-res.com/d_attachment/entropy/entropy-28-00271/article_deploy/entropy-28-00271-v2.pdf,https://mdpi-res.com/d_attachment/entropy/entropy-28-00271/article_deploy/entropy-28-00271-v2.pdf,https://mdpi-res.com/d_attachment/entropy/entropy-28-00271/article_deploy/entropy-28-00271-v2.pdf,V1.0归档实施策略,V1.0归档实施策略:policy,,06_黄金美元与储备配置/外部原件/WEB-0115_缺失论文PDF官方开放CDN恢复候选/original.pdf,application/pdf,.pdf,4499707,696a7249e4992eaa6a94f61f66daae76184226e42b9bda0015d6b33da9b8e4eb,,,,,,,source,DOWNLOADED_VERIFIED,200,GET,2026-08-15T19:30:39.223Z,public GET; no authentication; archive user-agent,"{""date"":""Sat, 15 Aug 2026 19:30:38 GMT"",""content_type"":""application/pdf"",""content_length"":""4499707"",""last_modified"":""Wed, 04 Mar 2026 11:06:25 GMT"",""etag"":""\""69a81231-44a8fb\"""",""content_disposition"":""attachment; filename=\""entropy-28-00271-v2.pdf\"""",""cache_control"":""public, max-age=432000""}",2026-08-16,MDPI开放获取文章；本论文页面标注CC BY 4.0,https://creativecommons.org/licenses/by/4.0/,shared,,,,使用本地原件；引用时保留发布机构、原URL、访问日期和许可。
WEB-0116,web,4. MetalCharts / National Mining Association 历史金价数据：1987年LBMA均价447美元、年涨约21.5%。,metalcharts.org,,05_全球周期与历史危机,D,识别全球经济周期、资产泡沫、信用危机、衰退与历史制度差异。,案例库/宏观危机篇/06_1987黑色星期一/案例档案.md,须以原文、数据口径、发布时间和适用许可为准；媒体或行业资料不得替代核心A级证据。,https://metalcharts.org/gold-price-history,https://metalcharts.org/gold-price-history,,案例库/宏观危机篇/06_1987黑色星期一/案例档案.md,案例库/宏观危机篇/06_1987黑色星期一/案例档案.md:77,,,,,,,,,,,,,source,METADATA_ONLY_LICENSE,,NOT_REQUESTED,,public GET; no authentication; archive user-agent,,2026-08-16,许可未明确，默认仅保存元数据,,metadata_only,,,,保留元数据和原链接，不抓取或再分发正文。
WEB-0117,web,"4. Mises Institute, ""Understanding Money Mechanics""（货币供应膨胀70亿倍等数据），2024。",mises.org,,04_国别货币与中国出海,D,支持亚非拉国别风险、汇率、通胀、资本管制和中国投资暴露研究。,案例库/货币崩溃篇/01_1923魏玛德国恶性通胀/案例档案.md,须以原文、数据口径、发布时间和适用许可为准；媒体或行业资料不得替代核心A级证据。,https://mises.org/understanding-money-mechanics/monetary-inflation-and-price-inflation,https://mises.org/understanding-money-mechanics/monetary-inflation-and-price-inflation,,案例库/货币崩溃篇/01_1923魏玛德国恶性通胀/案例档案.md,案例库/货币崩溃篇/01_1923魏玛德国恶性通胀/案例档案.md:46,,,,,,,,,,,,,source,METADATA_ONLY_LICENSE,,NOT_REQUESTED,,public GET; no authentication; archive user-agent,,2026-08-16,许可未明确，默认仅保存元数据,,metadata_only,,,,保留元数据和原链接，不抓取或再分发正文。
WEB-0118,web,modelwhale.com 来源资料（WEB-0118）,modelwhale.com,,06_黄金美元与储备配置,D,比较美元、短债、黄金、人民币资产与套保工具的周期性作用。,最终数据/最终数据/research/media_sentiment_gold_paper/metadata/heywhale_app.js,须以原文、数据口径、发布时间和适用许可为准；媒体或行业资料不得替代核心A级证据。,https://modelwhale.com/client,https://modelwhale.com/client,,最终数据/最终数据/research/media_sentiment_gold_paper/metadata/heywhale_app.js,最终数据/最终数据/research/media_sentiment_gold_paper/metadata/heywhale_app.js:1,,,,,,,,,,,,,source,METADATA_ONLY_LICENSE,,NOT_REQUESTED,,public GET; no authentication; archive user-agent,,2026-08-16,许可未明确，默认仅保存元数据,,metadata_only,,,,保留元数据和原链接，不抓取或再分发正文。
WEB-0119,web,中国黄金公告，2026,money.finance.sina.com.cn,,08_企业案例与公开披露,C,核验企业海外收入、汇兑损益、冻结、退出和储备配置事实。,跨国公司黄金硬通货需求调研报告.md,须以原文、数据口径、发布时间和适用许可为准；媒体或行业资料不得替代核心A级证据。,https://money.finance.sina.com.cn/corp/view/vCB_AllBulletinDetail.php?stockid=600916&id=12268449,https://money.finance.sina.com.cn/corp/view/vCB_AllBulletinDetail.php?stockid=600916&id=12268449,,跨国公司黄金硬通货需求调研报告.md,跨国公司黄金硬通货需求调研报告.md:92 | 跨国公司黄金硬通货需求调研报告.md:92,,,,.php,,,,,,,,,source,METADATA_ONLY_LICENSE,,NOT_REQUESTED,,public GET; no authentication; archive user-agent,,2026-08-16,许可未明确，默认仅保存元数据,,metadata_only,,,,保留元数据和原链接，不抓取或再分发正文。
WEB-0120,web,mp.weixin.qq.com 来源资料（WEB-0120）,mp.weixin.qq.com,,06_黄金美元与储备配置,D,比较美元、短债、黄金、人民币资产与套保工具的周期性作用。,最终数据/最终数据/research/media_sentiment_gold_paper/metadata/heywhale_app.js,须以原文、数据口径、发布时间和适用许可为准；媒体或行业资料不得替代核心A级证据。,https://mp.weixin.qq.com/mp/appmsgalbum?__biz=Mzk0OTM0NDY2NQ==&action=getalbum&album_id=2973375948618498052&scene=126#wechat_redirect,https://mp.weixin.qq.com/mp/appmsgalbum?__biz=Mzk0OTM0NDY2NQ%3D%3D&action=getalbum&album_id=2973375948618498052&scene=126,,最终数据/最终数据/research/media_sentiment_gold_paper/metadata/heywhale_app.js,最终数据/最终数据/research/media_sentiment_gold_paper/metadata/heywhale_app.js:1,,,,,,,,,,,,,source,METADATA_ONLY_LICENSE,,NOT_REQUESTED,,public GET; no authentication; archive user-agent,,2026-08-16,许可未明确，默认仅保存元数据,,metadata_only,,,,保留元数据和原链接，不抓取或再分发正文。
WEB-0121,web,mw-ds-ng-parsed-meta-1254542291.cos.ap-nanjing.myqcloud.com 来源资料（WEB-0121）,mw-ds-ng-parsed-meta-1254542291.cos.ap-nanjing.myqcloud.com,,06_黄金美元与储备配置,D,比较美元、短债、黄金、人民币资产与套保工具的周期性作用。,最终数据/最终数据/research/media_sentiment_gold_paper/metadata/heywhale_app.js,须以原文、数据口径、发布时间和适用许可为准；媒体或行业资料不得替代核心A级证据。,https://mw-ds-ng-parsed-meta-1254542291.cos.ap-nanjing.myqcloud.com/$,https://mw-ds-ng-parsed-meta-1254542291.cos.ap-nanjing.myqcloud.com/$,,最终数据/最终数据/research/media_sentiment_gold_paper/metadata/heywhale_app.js,最终数据/最终数据/research/media_sentiment_gold_paper/metadata/heywhale_app.js:1,,,,,,,,,,,,,source,METADATA_ONLY_LICENSE,,NOT_REQUESTED,,public GET; no authentication; archive user-agent,,2026-08-16,许可未明确，默认仅保存元数据,,metadata_only,,,,保留元数据和原链接，不抓取或再分发正文。
WEB-0122,web,mw-workspace-parsed-1254542291.cos.ap-nanjing.myqcloud.com 来源资料（WEB-0122）,mw-workspace-parsed-1254542291.cos.ap-nanjing.myqcloud.com,,06_黄金美元与储备配置,D,比较美元、短债、黄金、人民币资产与套保工具的周期性作用。,最终数据/最终数据/research/media_sentiment_gold_paper/metadata/heywhale_app.js,须以原文、数据口径、发布时间和适用许可为准；媒体或行业资料不得替代核心A级证据。,https://mw-workspace-parsed-1254542291.cos.ap-nanjing.myqcloud.com/$,https://mw-workspace-parsed-1254542291.cos.ap-nanjing.myqcloud.com/$,,最终数据/最终数据/research/media_sentiment_gold_paper/metadata/heywhale_app.js,最终数据/最终数据/research/media_sentiment_gold_paper/metadata/heywhale_app.js:1,,,,,,,,,,,,,source,METADATA_ONLY_LICENSE,,NOT_REQUESTED,,public GET; no authentication; archive user-agent,,2026-08-16,许可未明确，默认仅保存元数据,,metadata_only,,,,保留元数据和原链接，不抓取或再分发正文。
WEB-0123,web,"8. New Business Age（TC Correspondent），2014年，""Investors Run Away From Gold In 2013""——GLD全年减持546吨、两日自1525跌至1321美元",newbusinessage.com,,05_全球周期与历史危机,D,识别全球经济周期、资产泡沫、信用危机、衰退与历史制度差异。,案例库/宏观危机篇/11_2013黄金暴跌（反面案例）/案例档案.md,须以原文、数据口径、发布时间和适用许可为准；媒体或行业资料不得替代核心A级证据。,https://newbusinessage.com/news/2361/investors-run-away-from-gold-in-2013/,https://newbusinessage.com/news/2361/investors-run-away-from-gold-in-2013,,案例库/宏观危机篇/11_2013黄金暴跌（反面案例）/案例档案.md,案例库/宏观危机篇/11_2013黄金暴跌（反面案例）/案例档案.md:61,,,,,,,,,,,,,source,METADATA_ONLY_LICENSE,,NOT_REQUESTED,,public GET; no authentication; archive user-agent,,2026-08-16,许可未明确，默认仅保存元数据,,metadata_only,,,,保留元数据和原链接，不抓取或再分发正文。
WEB-0124,web,New Lines Magazine，2026,newlinesmag.com,,08_企业案例与公开披露,D,核验企业海外收入、汇兑损益、冻结、退出和储备配置事实。,跨国公司黄金硬通货需求调研报告.md,须以原文、数据口径、发布时间和适用许可为准；媒体或行业资料不得替代核心A级证据。,https://newlinesmag.com/reportage/why-iran-is-witnessing-a-gold-rush/,https://newlinesmag.com/reportage/why-iran-is-witnessing-a-gold-rush,,跨国公司黄金硬通货需求调研报告.md,跨国公司黄金硬通货需求调研报告.md:29 | 跨国公司黄金硬通货需求调研报告.md:29,,,,,,,,,,,,,source,METADATA_ONLY_LICENSE,,NOT_REQUESTED,,public GET; no authentication; archive user-agent,,2026-08-16,许可未明确，默认仅保存元数据,,metadata_only,,,,保留元数据和原链接，不抓取或再分发正文。
WEB-0125,web,世界黄金协会，2026,news.10jqka.com.cn,,08_企业案例与公开披露,D,核验企业海外收入、汇兑损益、冻结、退出和储备配置事实。,企业资产配置调研报告.md,须以原文、数据口径、发布时间和适用许可为准；媒体或行业资料不得替代核心A级证据。,https://news.10jqka.com.cn/20260806/c678732646.shtml,https://news.10jqka.com.cn/20260806/c678732646.shtml,,企业资产配置调研报告.md,企业资产配置调研报告.md:139 | 企业资产配置调研报告.md:139,,,,.shtml,,,,,,,,,source,METADATA_ONLY_LICENSE,,NOT_REQUESTED,,public GET; no authentication; archive user-agent,,2026-08-16,许可未明确，默认仅保存元数据,,metadata_only,,,,保留元数据和原链接，不抓取或再分发正文。
WEB-0126,web,新浪新闻引中国新闻周刊，2021,news.sina.cn,,08_企业案例与公开披露,C,核验企业海外收入、汇兑损益、冻结、退出和储备配置事实。,企业资产配置调研报告.md,须以原文、数据口径、发布时间和适用许可为准；媒体或行业资料不得替代核心A级证据。,https://news.sina.cn/gn/2021-11-20/detail-iktzscyy6640228.d.html?vt=4,https://news.sina.cn/gn/2021-11-20/detail-iktzscyy6640228.d.html?vt=4,,企业资产配置调研报告.md,企业资产配置调研报告.md:122 | 企业资产配置调研报告.md:122,,,,.html,,,,,,,,,source,METADATA_ONLY_LICENSE,,NOT_REQUESTED,,public GET; no authentication; archive user-agent,,2026-08-16,新闻/媒体版权，默认仅保存元数据,,metadata_only,,,,保留元数据和原链接，不抓取或再分发正文。
WEB-0127,web,4. MetalCharts / National Mining Association 历史金价数据：1987年LBMA均价447美元、年涨约21.5%。,nma.org,,05_全球周期与历史危机,D,识别全球经济周期、资产泡沫、信用危机、衰退与历史制度差异。,案例库/宏观危机篇/06_1987黑色星期一/案例档案.md,须以原文、数据口径、发布时间和适用许可为准；媒体或行业资料不得替代核心A级证据。,https://nma.org/resources/historical-gold-prices-1833-to-present/,https://nma.org/resources/historical-gold-prices-1833-to-present,,案例库/宏观危机篇/06_1987黑色星期一/案例档案.md,案例库/宏观危机篇/06_1987黑色星期一/案例档案.md:77,,,,,,,,,,,,,source,METADATA_ONLY_LICENSE,,NOT_REQUESTED,,public GET; no authentication; archive user-agent,,2026-08-16,许可未明确，默认仅保存元数据,,metadata_only,,,,保留元数据和原链接，不抓取或再分发正文。
WEB-0128,web,Home | Office of Foreign Assets Control,U.S. Department of the Treasury,,07_会计合规与制裁,A,限定会计分类、托管、制裁、外汇管制和合法可用性边界。,案例库/地缘冲突与制裁篇/06_2014克里米亚危机-卢布暴跌/案例档案.md；案例库/地缘冲突与制裁篇/07_2018特朗普对伊制裁/案例档案.md；计划书/04_亚非拉国别风险与多币种储备智能决策平台总计划书.pdf；计划书/04_亚非拉国别风险与多币种储备智能决策平台总计划书.tex；计划书/05_全球经济周期与亚非拉国别风险多币种储备智能决策平台总计划书.pdf；计划书/05_全球经济周期与亚非拉国别风险多币种储备智能决策平台总计划书.tex,须以原文、数据口径、发布时间和适用许可为准；媒体或行业资料不得替代核心A级证据。,https://ofac.treasury.gov/,https://ofac.treasury.gov/,https://ofac.treasury.gov/,案例库/地缘冲突与制裁篇/06_2014克里米亚危机-卢布暴跌/案例档案.md | 案例库/地缘冲突与制裁篇/07_2018特朗普对伊制裁/案例档案.md | 计划书/04_亚非拉国别风险与多币种储备智能决策平台总计划书.pdf | 计划书/04_亚非拉国别风险与多币种储备智能决策平台总计划书.tex | 计划书/05_全球经济周期与亚非拉国别风险多币种储备智能决策平台总计划书.pdf | 计划书/05_全球经济周期与亚非拉国别风险多币种储备智能决策平台总计划书.tex,案例库/地缘冲突与制裁篇/06_2014克里米亚危机-卢布暴跌/案例档案.md:88 | 案例库/地缘冲突与制裁篇/07_2018特朗普对伊制裁/案例档案.md:83 | 计划书/04_亚非拉国别风险与多币种储备智能决策平台总计划书.pdf:annotation-35 | 计划书/04_亚非拉国别风险与多币种储备智能决策平台总计划书.pdf:annotation-36 | 计划书/04_亚非拉国别风险与多币种储备智能决策平台总计划书.pdf:annotation-37 | 计划书/04_亚非拉国别风险与多币种储备智能决策平台总计划书.tex:2087 | 计划书/05_全球经济周期与亚非拉国别风险多币种储备智能决策平台总计划书.pdf:annotation-35 | 计划书/05_全球经济周期与亚非拉国别风险多币种储备智能决策平台总计划书.pdf:annotation-36 | 计划书/05_全球经济周期与亚非拉国别风险多币种储备智能决策平台总计划书.pdf:annotation-37 | 计划书/05_全球经济周期与亚非拉国别风险多币种储备智能决策平台总计划书.tex:2444,,07_会计合规与制裁/外部原件/WEB-0128_7._2014_年西方制裁（首轮）：EU_美国财政部_OFAC_公告：_/original.html,text/html; charset=UTF-8,.html,43302,0e39c929dcf0b768c0a2e59741cf65cc083b62f9e0a917fca841084ccc441185,,,,,,,source,DOWNLOADED_VERIFIED,200,GET,2026-08-15T19:30:39.462Z,public GET; no authentication; archive user-agent,"{""date"":""Sat, 15 Aug 2026 19:30:38 GMT"",""content_type"":""text/html; charset=UTF-8"",""content_length"":""10961"",""last_modified"":"""",""etag"":"""",""content_disposition"":"""",""cache_control"":""must-revalidate, no-cache, private""}",2026-08-16,政府/国际组织公开资料，按原站署名与条款使用,,shared,,,,使用本地原件；引用时保留发布机构、原URL、访问日期和许可。
WEB-0129,web,1029 | Office of Foreign Assets Control,U.S. Department of the Treasury,,07_会计合规与制裁,A,限定会计分类、托管、制裁、外汇管制和合法可用性边界。,计划书/01_项目可行性研究与参赛方案书.pdf；计划书/03_多币种流动性与黄金战略储备周期配置计划书.pdf；计划书/03_多币种流动性与黄金战略储备周期配置计划书.tex；计划书/references.bib,须以原文、数据口径、发布时间和适用许可为准；媒体或行业资料不得替代核心A级证据。,https://ofac.treasury.gov/faqs/1029,https://ofac.treasury.gov/faqs/1029,https://ofac.treasury.gov/faqs/1029,计划书/01_项目可行性研究与参赛方案书.pdf | 计划书/03_多币种流动性与黄金战略储备周期配置计划书.pdf | 计划书/03_多币种流动性与黄金战略储备周期配置计划书.tex | 计划书/references.bib,计划书/01_项目可行性研究与参赛方案书.pdf:annotation-17 | 计划书/01_项目可行性研究与参赛方案书.pdf:annotation-18 | 计划书/03_多币种流动性与黄金战略储备周期配置计划书.pdf:annotation-39 | 计划书/03_多币种流动性与黄金战略储备周期配置计划书.pdf:annotation-40 | 计划书/03_多币种流动性与黄金战略储备周期配置计划书.pdf:annotation-41 | 计划书/03_多币种流动性与黄金战略储备周期配置计划书.tex:826 | 计划书/references.bib:108,,07_会计合规与制裁/外部原件/WEB-0129_PDF_link_annotation_/original.html,text/html; charset=UTF-8,.html,43865,5aafdc4b029b73a5f0b1c40d5d76524c166a2b5a651f80d88c198505a0eca6b4,,,,,,,source,DOWNLOADED_VERIFIED,200,GET,2026-08-15T19:30:40.113Z,public GET; no authentication; archive user-agent,"{""date"":""Sat, 15 Aug 2026 19:30:39 GMT"",""content_type"":""text/html; charset=UTF-8"",""content_length"":""11156"",""last_modified"":"""",""etag"":"""",""content_disposition"":"""",""cache_control"":""must-revalidate, no-cache, private""}",2026-08-16,政府/国际组织公开资料，按原站署名与条款使用,,shared,,,,使用本地原件；引用时保留发布机构、原URL、访问日期和许可。
WEB-0130,web,"related Sanctions and Gold-related Transactions, 2022,",ofac.treasury,,07_会计合规与制裁,A,限定会计分类、托管、制裁、外汇管制和合法可用性边界。,计划书/03_多币种流动性与黄金战略储备周期配置计划书.pdf,须以原文、数据口径、发布时间和适用许可为准；媒体或行业资料不得替代核心A级证据。,https://ofac.treasury.,https://ofac.treasury/,,计划书/03_多币种流动性与黄金战略储备周期配置计划书.pdf,计划书/03_多币种流动性与黄金战略储备周期配置计划书.pdf:1283,,,,,,,,,,,,,source,METADATA_ONLY_LICENSE,,NOT_REQUESTED,,public GET; no authentication; archive user-agent,,2026-08-16,许可未明确，默认仅保存元数据,,metadata_only,,,,保留元数据和原链接，不抓取或再分发正文。
WEB-0131,web,5. OnlyGold 历史金价：1986年末390.9美元、1987年末486.5美元。,onlygold.com,,05_全球周期与历史危机,D,识别全球经济周期、资产泡沫、信用危机、衰退与历史制度差异。,案例库/宏观危机篇/06_1987黑色星期一/案例档案.md；案例库/宏观危机篇/07_1997亚洲金融危机/案例档案.md,须以原文、数据口径、发布时间和适用许可为准；媒体或行业资料不得替代核心A级证据。,https://onlygold.com/gold-prices/historical-gold-prices/,https://onlygold.com/gold-prices/historical-gold-prices,,案例库/宏观危机篇/06_1987黑色星期一/案例档案.md | 案例库/宏观危机篇/07_1997亚洲金融危机/案例档案.md,案例库/宏观危机篇/06_1987黑色星期一/案例档案.md:78 | 案例库/宏观危机篇/07_1997亚洲金融危机/案例档案.md:71,,,,,,,,,,,,,source,METADATA_ONLY_LICENSE,,NOT_REQUESTED,,public GET; no authentication; archive user-agent,,2026-08-16,许可未明确，默认仅保存元数据,,metadata_only,,,,保留元数据和原链接，不抓取或再分发正文。
WEB-0132,web,"1. World Bank（世界银行），《The Korean Financial Crisis of 1997: Onset, Turnaround, and Thereafter》——献金运动 226 吨、22 亿美元、350 万人参与等细节：",World Bank,,05_全球周期与历史危机,B,识别全球经济周期、资产泡沫、信用危机、衰退与历史制度差异。,案例库/宏观危机篇/07_1997亚洲金融危机/案例档案.md,须以原文、数据口径、发布时间和适用许可为准；媒体或行业资料不得替代核心A级证据。,https://openknowledge.worldbank.org/server/api/core/bitstreams/77019c81-838e-5b7b-b58d-2df21ff9a80f/content,https://openknowledge.worldbank.org/server/api/core/bitstreams/77019c81-838e-5b7b-b58d-2df21ff9a80f/content,https://openknowledge.worldbank.org/server/api/core/bitstreams/77019c81-838e-5b7b-b58d-2df21ff9a80f/content,案例库/宏观危机篇/07_1997亚洲金融危机/案例档案.md,案例库/宏观危机篇/07_1997亚洲金融危机/案例档案.md:66,,"05_全球周期与历史危机/外部原件/WEB-0132_1._World_Bank（世界银行），《The_Korean_Financial_Crisis_of_1997_Onset,_Turnarou/original.pdf",application/pdf;charset=UTF-8,.pdf,3588598,37bb349758a9935ed8d20cf7dabe4cecbdd42dd7eaf59b3679b418356baaf301,,,,,,,source,DOWNLOADED_VERIFIED,200,GET,2026-08-15T19:30:40.010Z,public GET; no authentication; archive user-agent,"{""date"":""Sat, 15 Aug 2026 19:30:39 GMT"",""content_type"":""application/pdf;charset=UTF-8"",""content_length"":"""",""last_modified"":""Mon, 13 Feb 2023 16:16:16 GMT"",""etag"":""\""14366ec7ebe9764de2f11b0c771562b3\"""",""content_disposition"":""inline;filename=\""594620PUB0REPL10Box358282B01PUBLIC1.pdf\"""",""cache_control"":""private,no-cache""}",2026-08-16,World Bank数据条款/CC BY 4.0，第三方内容例外,https://data.worldbank.org/summary-terms-of-use,shared,,,,使用本地原件；引用时保留发布机构、原URL、访问日期和许可。
WEB-0133,web,"3. 财新网，《""直升机撒钱""：赤字货币化是魔鬼吗》，2016。",opinion.caixin.com,,04_国别货币与中国出海,C,支持亚非拉国别风险、汇率、通胀、资本管制和中国投资暴露研究。,案例库/货币崩溃篇/01_1923魏玛德国恶性通胀/案例档案.md,须以原文、数据口径、发布时间和适用许可为准；媒体或行业资料不得替代核心A级证据。,https://opinion.caixin.com/2016-08-24/100981080.html,https://opinion.caixin.com/2016-08-24/100981080.html,,案例库/货币崩溃篇/01_1923魏玛德国恶性通胀/案例档案.md,案例库/货币崩溃篇/01_1923魏玛德国恶性通胀/案例档案.md:45,,,,.html,,,,,,,,,source,METADATA_ONLY_LICENSE,,NOT_REQUESTED,,public GET; no authentication; archive user-agent,,2026-08-16,新闻/媒体版权，默认仅保存元数据,,metadata_only,,,,保留元数据和原链接，不抓取或再分发正文。
WEB-0134,web,财新网专栏，2023,opinion.caixin.com,,08_企业案例与公开披露,C,核验企业海外收入、汇兑损益、冻结、退出和储备配置事实。,企业资产配置调研报告.md,须以原文、数据口径、发布时间和适用许可为准；媒体或行业资料不得替代核心A级证据。,https://opinion.caixin.com/2023-08-09/102091459.html,https://opinion.caixin.com/2023-08-09/102091459.html,,企业资产配置调研报告.md,企业资产配置调研报告.md:25 | 企业资产配置调研报告.md:25,,,,.html,,,,,,,,,source,METADATA_ONLY_LICENSE,,NOT_REQUESTED,,public GET; no authentication; archive user-agent,,2026-08-16,新闻/媒体版权，默认仅保存元数据,,metadata_only,,,,保留元数据和原链接，不抓取或再分发正文。
WEB-0135,web,东方财富研报，2021,pdf.dfcfw.com,,08_企业案例与公开披露,D,核验企业海外收入、汇兑损益、冻结、退出和储备配置事实。,企业资产配置调研报告.md,须以原文、数据口径、发布时间和适用许可为准；媒体或行业资料不得替代核心A级证据。,https://pdf.dfcfw.com/pdf/H3_AP202109261518619160_1.pdf,https://pdf.dfcfw.com/pdf/H3_AP202109261518619160_1.pdf,https://pdf.dfcfw.com/pdf/H3_AP202109261518619160_1.pdf,企业资产配置调研报告.md,企业资产配置调研报告.md:123 | 企业资产配置调研报告.md:123,,08_企业案例与公开披露/外部原件/WEB-0135_东方财富研报，2021/original.pdf,application/pdf,.pdf,3089841,a179ff5821251c98738df4019bcfec9517bed8e019951b04ff421f6cc42aa570,,,,,,,source,DOWNLOADED_VERIFIED,200,GET,2026-08-15T19:30:40.236Z,public GET; no authentication; archive user-agent,"{""date"":""Sat, 15 Aug 2026 19:30:39 GMT"",""content_type"":""application/pdf"",""content_length"":""3089841"",""last_modified"":"""",""etag"":"""",""content_disposition"":"""",""cache_control"":""""}",2026-08-16,公开可访问但再分发范围未完全确认，仅本机归档,,private_only,,,,使用本地原件；引用时保留发布机构、原URL、访问日期和许可。
WEB-0136,web,开源证券，2025-02,pdf.dfcfw.com,,08_企业案例与公开披露,D,核验企业海外收入、汇兑损益、冻结、退出和储备配置事实。,企业资产配置调研报告.md,须以原文、数据口径、发布时间和适用许可为准；媒体或行业资料不得替代核心A级证据。,https://pdf.dfcfw.com/pdf/H3_AP202502131643043350_1.pdf,https://pdf.dfcfw.com/pdf/H3_AP202502131643043350_1.pdf,https://pdf.dfcfw.com/pdf/H3_AP202502131643043350_1.pdf,企业资产配置调研报告.md,企业资产配置调研报告.md:60 | 企业资产配置调研报告.md:60,,08_企业案例与公开披露/外部原件/WEB-0136_开源证券，2025-02/original.pdf,application/pdf,.pdf,8010631,f3f682575be1de41c6442ff3a75008e9582a7950e4c25590d429f155d69487d6,,,,,,,source,DOWNLOADED_VERIFIED,200,GET,2026-08-15T19:30:40.896Z,public GET; no authentication; archive user-agent,"{""date"":""Sat, 15 Aug 2026 19:30:40 GMT"",""content_type"":""application/pdf"",""content_length"":""8010631"",""last_modified"":"""",""etag"":"""",""content_disposition"":"""",""cache_control"":""""}",2026-08-16,公开可访问但再分发范围未完全确认，仅本机归档,,private_only,,,,使用本地原件；引用时保留发布机构、原URL、访问日期和许可。
WEB-0137,web,开源证券，2025-01,pdf.dfcfw.com,,08_企业案例与公开披露,D,核验企业海外收入、汇兑损益、冻结、退出和储备配置事实。,企业资产配置调研报告.md,须以原文、数据口径、发布时间和适用许可为准；媒体或行业资料不得替代核心A级证据。,https://pdf.dfcfw.com/pdf/H301_AP202501231642482948_1.pdf,https://pdf.dfcfw.com/pdf/H301_AP202501231642482948_1.pdf,https://pdf.dfcfw.com/pdf/H301_AP202501231642482948_1.pdf,企业资产配置调研报告.md,企业资产配置调研报告.md:66 | 企业资产配置调研报告.md:66,,08_企业案例与公开披露/外部原件/WEB-0137_开源证券，2025-01/original.pdf,application/pdf,.pdf,1154746,63c0ee11b9ca964fcbb98d8f93d5b00353893080fac8828c8d92cdca66d92240,,,,,,,source,DOWNLOADED_VERIFIED,200,GET,2026-08-15T19:30:41.547Z,public GET; no authentication; archive user-agent,"{""date"":""Sat, 15 Aug 2026 19:30:40 GMT"",""content_type"":""application/pdf"",""content_length"":""1154746"",""last_modified"":"""",""etag"":"""",""content_disposition"":"""",""cache_control"":""""}",2026-08-16,公开可访问但再分发范围未完全确认，仅本机归档,,private_only,,,,使用本地原件；引用时保留发布机构、原URL、访问日期和许可。
WEB-0138,web,建筑业实证，2024,pdf.hanspub.org,,08_企业案例与公开披露,D,核验企业海外收入、汇兑损益、冻结、退出和储备配置事实。,企业资产配置调研报告.md,须以原文、数据口径、发布时间和适用许可为准；媒体或行业资料不得替代核心A级证据。,https://pdf.hanspub.org/ecl2024134_6332312079.pdf,https://pdf.hanspub.org/ecl2024134_6332312079.pdf,https://pdf.hanspub.org/ecl2024134_6332312079.pdf,企业资产配置调研报告.md,企业资产配置调研报告.md:51 | 企业资产配置调研报告.md:51,,08_企业案例与公开披露/外部原件/WEB-0138_建筑业实证，2024/original.pdf,application/pdf,.pdf,540274,a85fed46d991ff3f8ef759fd74b6e6925b7ffd9e77f19a178ece2edce6791ce6,,,,,,,source,DOWNLOADED_VERIFIED,200,GET,2026-08-15T19:30:41.267Z,public GET; no authentication; archive user-agent,"{""date"":""Sat, 15 Aug 2026 19:30:40 GMT"",""content_type"":""application/pdf"",""content_length"":""540274"",""last_modified"":"""",""etag"":""\""80d2fa221a9fef2b61b394f8c8623f0c\"""",""content_disposition"":"""",""cache_control"":""public, max-age=31104000""}",2026-08-16,公开可访问但再分发范围未完全确认，仅本机归档,,private_only,,,,使用本地原件；引用时保留发布机构、原URL、访问日期和许可。
WEB-0139,web,Forecasting the Price of Gold with Integrated Media Sentiment—A Prediction Framework Based on Online News Sentiment Mining with CNN-QRLSTM - PMC,NCBI/PMC,,06_黄金美元与储备配置,A,比较美元、短债、黄金、人民币资产与套保工具的周期性作用。,最终数据/最终数据/research/media_sentiment_gold_paper/README_论文学习与数据说明.md,须以原文、数据口径、发布时间和适用许可为准；媒体或行业资料不得替代核心A级证据。,https://pmc.ncbi.nlm.nih.gov/articles/PMC13025532/,https://pmc.ncbi.nlm.nih.gov/articles/PMC13025532,https://pmc.ncbi.nlm.nih.gov/articles/PMC13025532/,最终数据/最终数据/research/media_sentiment_gold_paper/README_论文学习与数据说明.md,最终数据/最终数据/research/media_sentiment_gold_paper/README_论文学习与数据说明.md:22,,06_黄金美元与储备配置/外部原件/WEB-0139_-_PMC：/original.html,text/html; charset=utf-8,.html,364870,448f8a605bf9e9fc593b825ec19a9e026c82e979ba3fa5229358f717690a1496,,,,,,,source,DOWNLOADED_VERIFIED,200,GET,2026-08-15T19:30:41.702Z,public GET; no authentication; archive user-agent,"{""date"":""Sat, 15 Aug 2026 19:30:41 GMT"",""content_type"":""text/html; charset=utf-8"",""content_length"":"""",""last_modified"":"""",""etag"":"""",""content_disposition"":"""",""cache_control"":""""}",2026-08-16,开放获取或开放仓库，逐项保留原许可,,shared,,,,使用本地原件；引用时保留发布机构、原URL、访问日期和许可。
WEB-0140,web,缺失论文PDF恢复候选,NCBI/PMC,,06_黄金美元与储备配置,A,比较美元、短债、黄金、人民币资产与套保工具的周期性作用。,V1.0归档实施策略,须以原文、数据口径、发布时间和适用许可为准；媒体或行业资料不得替代核心A级证据。,https://pmc.ncbi.nlm.nih.gov/articles/PMC13025532/pdf/entropy-28-00271.pdf,https://pmc.ncbi.nlm.nih.gov/articles/PMC13025532/pdf/entropy-28-00271.pdf,https://pmc.ncbi.nlm.nih.gov/articles/PMC13025532/pdf/entropy-28-00271.pdf,V1.0归档实施策略,V1.0归档实施策略:policy,,,,.pdf,,,,,,,,,source,FETCH_FAILED,200,GET,2026-08-15T19:30:42.366Z,public GET; no authentication; archive user-agent,"{""date"":""Sat, 15 Aug 2026 19:30:41 GMT"",""content_type"":""text/html; charset=utf-8"",""content_length"":""1817"",""last_modified"":"""",""etag"":"""",""content_disposition"":"""",""cache_control"":""""}",2026-08-16,开放获取或开放仓库，逐项保留原许可,,shared,,WEB-0115,PDF_SIGNATURE_MISMATCH,原链接不可用或不适合自动归档；使用已验证替代资产 WEB-0115。
WEB-0141,web,press.un.org 来源资料（WEB-0141）,press.un.org,,06_黄金美元与储备配置,D,比较美元、短债、黄金、人民币资产与套保工具的周期性作用。,最终数据/最终数据/outputs/019f56e7-91fe-7a43-b1d0-ae50e45c9d0c/黄金价格传导链因素与时序数据_20260724.xlsx；最终数据/最终数据/outputs/019f56e7-91fe-7a43-b1d0-ae50e45c9d0c/黄金价格传导链因素与时序数据_20260724.xlsx.inspect.ndjson；最终数据/最终数据/outputs/019f56e7-91fe-7a43-b1d0-ae50e45c9d0c/金银价格波动影响因素与时序数据_20260726.xlsx；最终数据/最终数据/outputs/019f56e7-91fe-7a43-b1d0-ae50e45c9d0c/金银价格波动影响因素与时序数据_20260726.xlsx.inspect.ndjson；最终数据/最终数据/outputs/019f56e7-91fe-7a43-b1d0-ae50e45c9d0c/金银价格波动影响因素与时序数据_中文字段版_20260726.xlsx；最终数据/最终数据/outputs/019f56e7-91fe-7a43-b1d0-ae50e45c9d0c/金银价格波动影响因素与时序数据_中文字段版_20260726.xlsx.inspect.ndjson,须以原文、数据口径、发布时间和适用许可为准；媒体或行业资料不得替代核心A级证据。,https://press.un.org/en/2022/sgsm21132.doc.htm,https://press.un.org/en/2022/sgsm21132.doc.htm,,最终数据/最终数据/outputs/019f56e7-91fe-7a43-b1d0-ae50e45c9d0c/黄金价格传导链因素与时序数据_20260724.xlsx | 最终数据/最终数据/outputs/019f56e7-91fe-7a43-b1d0-ae50e45c9d0c/黄金价格传导链因素与时序数据_20260724.xlsx.inspect.ndjson | 最终数据/最终数据/outputs/019f56e7-91fe-7a43-b1d0-ae50e45c9d0c/金银价格波动影响因素与时序数据_20260726.xlsx | 最终数据/最终数据/outputs/019f56e7-91fe-7a43-b1d0-ae50e45c9d0c/金银价格波动影响因素与时序数据_20260726.xlsx.inspect.ndjson | 最终数据/最终数据/outputs/019f56e7-91fe-7a43-b1d0-ae50e45c9d0c/金银价格波动影响因素与时序数据_中文字段版_20260726.xlsx | 最终数据/最终数据/outputs/019f56e7-91fe-7a43-b1d0-ae50e45c9d0c/金银价格波动影响因素与时序数据_中文字段版_20260726.xlsx.inspect.ndjson,最终数据/最终数据/outputs/019f56e7-91fe-7a43-b1d0-ae50e45c9d0c/黄金价格传导链因素与时序数据_20260724.xlsx:xl/worksheets/sheet4.xml | 最终数据/最终数据/outputs/019f56e7-91fe-7a43-b1d0-ae50e45c9d0c/黄金价格传导链因素与时序数据_20260724.xlsx.inspect.ndjson:630 | 最终数据/最终数据/outputs/019f56e7-91fe-7a43-b1d0-ae50e45c9d0c/黄金价格传导链因素与时序数据_20260724.xlsx.inspect.ndjson:631 | 最终数据/最终数据/outputs/019f56e7-91fe-7a43-b1d0-ae50e45c9d0c/金银价格波动影响因素与时序数据_20260726.xlsx:xl/worksheets/sheet4.xml | 最终数据/最终数据/outputs/019f56e7-91fe-7a43-b1d0-ae50e45c9d0c/金银价格波动影响因素与时序数据_20260726.xlsx.inspect.ndjson:720 | 最终数据/最终数据/outputs/019f56e7-91fe-7a43-b1d0-ae50e45c9d0c/金银价格波动影响因素与时序数据_20260726.xlsx.inspect.ndjson:721 | 最终数据/最终数据/outputs/019f56e7-91fe-7a43-b1d0-ae50e45c9d0c/金银价格波动影响因素与时序数据_中文字段版_20260726.xlsx:xl/worksheets/sheet4.xml | 最终数据/最终数据/outputs/019f56e7-91fe-7a43-b1d0-ae50e45c9d0c/金银价格波动影响因素与时序数据_中文字段版_20260726.xlsx.inspect.ndjson:720 | 最终数据/最终数据/outputs/019f56e7-91fe-7a43-b1d0-ae50e45c9d0c/金银价格波动影响因素与时序数据_中文字段版_20260726.xlsx.inspect.ndjson:721,,,,.htm,,,,,,,,,source,METADATA_ONLY_LICENSE,,NOT_REQUESTED,,public GET; no authentication; archive user-agent,,2026-08-16,许可未明确，默认仅保存元数据,,metadata_only,,,,保留元数据和原链接，不抓取或再分发正文。
WEB-0142,web,res.wx.qq.com 来源资料（WEB-0142）,res.wx.qq.com,,06_黄金美元与储备配置,D,比较美元、短债、黄金、人民币资产与套保工具的周期性作用。,最终数据/最终数据/research/media_sentiment_gold_paper/metadata/heywhale_dataset_page.html,须以原文、数据口径、发布时间和适用许可为准；媒体或行业资料不得替代核心A级证据。,https://res.wx.qq.com/open/js/jweixin-1.3.2.js,https://res.wx.qq.com/open/js/jweixin-1.3.2.js,,最终数据/最终数据/research/media_sentiment_gold_paper/metadata/heywhale_dataset_page.html,最终数据/最终数据/research/media_sentiment_gold_paper/metadata/heywhale_dataset_page.html:1,,,,.js,,,,,,,,,source,METADATA_ONLY_LICENSE,,NOT_REQUESTED,,public GET; no authentication; archive user-agent,,2026-08-16,许可未明确，默认仅保存元数据,,metadata_only,,,,保留元数据和原链接，不抓取或再分发正文。
WEB-0143,web,《台大管理论丛》,review.management.ntu.edu.tw,,08_企业案例与公开披露,D,核验企业海外收入、汇兑损益、冻结、退出和储备配置事实。,企业资产配置调研报告.md,须以原文、数据口径、发布时间和适用许可为准；媒体或行业资料不得替代核心A级证据。,https://review.management.ntu.edu.tw/paper/4165-P.pdf,https://review.management.ntu.edu.tw/paper/4165-P.pdf,https://review.management.ntu.edu.tw/paper/4165-P.pdf,企业资产配置调研报告.md,企业资产配置调研报告.md:152 | 企业资产配置调研报告.md:152,,08_企业案例与公开披露/外部原件/WEB-0143_《台大管理论丛》/original.pdf,application/pdf,.pdf,3757855,e59664a4c3a8bfc8e5da346bd79fa58afa034efbaed3c1c1724ed0fe37d50d85,,,,,,,source,DOWNLOADED_VERIFIED,200,GET,2026-08-15T19:30:42.047Z,public GET; no authentication; archive user-agent,"{""date"":""Sat, 15 Aug 2026 19:30:40 GMT"",""content_type"":""application/pdf"",""content_length"":""3757855"",""last_modified"":""Thu, 04 May 2023 14:29:04 GMT"",""etag"":""\""2bff3cc7947ed91:0\"""",""content_disposition"":"""",""cache_control"":""""}",2026-08-16,公开可访问但再分发范围未完全确认，仅本机归档,,private_only,,,,使用本地原件；引用时保留发布机构、原URL、访问日期和许可。
WEB-0144,web,2. 俄罗斯 CPI（1998-12 同比 84%）：俄罗斯联邦统计局（Rosstat）,rosstat.gov.ru,,04_国别货币与中国出海,A,支持亚非拉国别风险、汇率、通胀、资本管制和中国投资暴露研究。,案例库/货币崩溃篇/10_1998俄罗斯卢布危机/案例档案.md,须以原文、数据口径、发布时间和适用许可为准；媒体或行业资料不得替代核心A级证据。,https://rosstat.gov.ru/,https://rosstat.gov.ru/,,案例库/货币崩溃篇/10_1998俄罗斯卢布危机/案例档案.md,案例库/货币崩溃篇/10_1998俄罗斯卢布危机/案例档案.md:88,,,,,,,,,,,,,source,METADATA_ONLY_LICENSE,,NOT_REQUESTED,,public GET; no authentication; archive user-agent,,2026-08-16,许可未明确，默认仅保存元数据,,metadata_only,,,,保留元数据和原链接，不抓取或再分发正文。
WEB-0145,web,"a href=""",上海黄金交易所,,06_黄金美元与储备配置,B,比较美元、短债、黄金、人民币资产与套保工具的周期性作用。,最终数据/最终数据/research/media_sentiment_gold_paper/metadata/sge_quotation_daily_new.html,须以原文、数据口径、发布时间和适用许可为准；媒体或行业资料不得替代核心A级证据。,https://service.sge.com.cn:8443/financialinquiry/initAuth.htm,https://service.sge.com.cn:8443/financialinquiry/initAuth.htm,,最终数据/最终数据/research/media_sentiment_gold_paper/metadata/sge_quotation_daily_new.html,最终数据/最终数据/research/media_sentiment_gold_paper/metadata/sge_quotation_daily_new.html:601,,,,.htm,,,,,,,,,source,FETCH_FAILED,,,,public GET; no authentication; archive user-agent,,2026-08-16,政府/国际组织公开资料，按原站署名与条款使用,,shared,,WEB-0395,fetch failed,原链接不可用或不适合自动归档；使用已验证替代资产 WEB-0395。
WEB-0146,web,BBVA 公告，2022,shareholdersandinvestors.bbva.com,,07_会计合规与制裁,D,限定会计分类、托管、制裁、外汇管制和合法可用性边界。,跨国公司黄金硬通货需求调研报告.md,须以原文、数据口径、发布时间和适用许可为准；媒体或行业资料不得替代核心A级证据。,https://shareholdersandinvestors.bbva.com/wp-content/uploads/2022/06/20220628-Implementation-of-IAS-29-to-BBVA-Turkey-Financial-Statements_ENG.pdf,https://shareholdersandinvestors.bbva.com/wp-content/uploads/2022/06/20220628-Implementation-of-IAS-29-to-BBVA-Turkey-Financial-Statements_ENG.pdf,https://shareholdersandinvestors.bbva.com/wp-content/uploads/2022/06/20220628-Implementation-of-IAS-29-to-BBVA-Turkey-Financial-Statements_ENG.pdf,跨国公司黄金硬通货需求调研报告.md,跨国公司黄金硬通货需求调研报告.md:76 | 跨国公司黄金硬通货需求调研报告.md:76,,07_会计合规与制裁/外部原件/WEB-0146_BBVA_公告，2022/original.pdf,application/pdf,.pdf,1225454,9004d2bc2cb1d9b537a94eec5d54bada471337ba9c07618d2632d1283ba8454d,,,,,,,source,DOWNLOADED_VERIFIED,200,GET,2026-08-15T19:30:42.873Z,public GET; no authentication; archive user-agent,"{""date"":""Sat, 15 Aug 2026 19:30:42 GMT"",""content_type"":""application/pdf"",""content_length"":""1225454"",""last_modified"":""Fri, 22 Jul 2022 10:38:34 GMT"",""etag"":""\""c30d708c1e8d090f4f91df47cf0b1d26\"""",""content_disposition"":"""",""cache_control"":""max-age=0""}",2026-08-16,公开可访问但再分发范围未完全确认，仅本机归档,,private_only,,,,使用本地原件；引用时保留发布机构、原URL、访问日期和许可。
WEB-0147,web,silverinstitute.org 来源资料（WEB-0147）,silverinstitute.org,,06_黄金美元与储备配置,D,比较美元、短债、黄金、人民币资产与套保工具的周期性作用。,最终数据/最终数据/outputs/019f56e7-91fe-7a43-b1d0-ae50e45c9d0c/金银价格预测_官方数据与因素台账_20260713.xlsx；最终数据/最终数据/outputs/019f56e7-91fe-7a43-b1d0-ae50e45c9d0c/金银价格预测_官方数据与因素台账_20260713.xlsx.inspect.ndjson,须以原文、数据口径、发布时间和适用许可为准；媒体或行业资料不得替代核心A级证据。,https://silverinstitute.org/all-world-silver-surveys/,https://silverinstitute.org/all-world-silver-surveys,,最终数据/最终数据/outputs/019f56e7-91fe-7a43-b1d0-ae50e45c9d0c/金银价格预测_官方数据与因素台账_20260713.xlsx | 最终数据/最终数据/outputs/019f56e7-91fe-7a43-b1d0-ae50e45c9d0c/金银价格预测_官方数据与因素台账_20260713.xlsx.inspect.ndjson,最终数据/最终数据/outputs/019f56e7-91fe-7a43-b1d0-ae50e45c9d0c/金银价格预测_官方数据与因素台账_20260713.xlsx:xl/worksheets/sheet2.xml | 最终数据/最终数据/outputs/019f56e7-91fe-7a43-b1d0-ae50e45c9d0c/金银价格预测_官方数据与因素台账_20260713.xlsx:xl/worksheets/sheet4.xml | 最终数据/最终数据/outputs/019f56e7-91fe-7a43-b1d0-ae50e45c9d0c/金银价格预测_官方数据与因素台账_20260713.xlsx.inspect.ndjson:649 | 最终数据/最终数据/outputs/019f56e7-91fe-7a43-b1d0-ae50e45c9d0c/金银价格预测_官方数据与因素台账_20260713.xlsx.inspect.ndjson:978,,,,,,,,,,,,,source,METADATA_ONLY_LICENSE,,NOT_REQUESTED,,public GET; no authentication; archive user-agent,,2026-08-16,许可未明确，默认仅保存元数据,,metadata_only,,,,保留元数据和原链接，不抓取或再分发正文。
WEB-0148,web,silverinstitute.org 来源资料（WEB-0148）,silverinstitute.org,,06_黄金美元与储备配置,D,比较美元、短债、黄金、人民币资产与套保工具的周期性作用。,最终数据/最终数据/outputs/019f56e7-91fe-7a43-b1d0-ae50e45c9d0c/金银价格预测_官方数据与因素台账_20260713.xlsx；最终数据/最终数据/outputs/019f56e7-91fe-7a43-b1d0-ae50e45c9d0c/金银价格预测_官方数据与因素台账_20260713.xlsx.inspect.ndjson,须以原文、数据口径、发布时间和适用许可为准；媒体或行业资料不得替代核心A级证据。,https://silverinstitute.org/elevated-lease-rates-regional-liquidity-tightness-and-robust-investor-interest-resulted-in-record-silver-prices-in-2025/,https://silverinstitute.org/elevated-lease-rates-regional-liquidity-tightness-and-robust-investor-interest-resulted-in-record-silver-prices-in-2025,,最终数据/最终数据/outputs/019f56e7-91fe-7a43-b1d0-ae50e45c9d0c/金银价格预测_官方数据与因素台账_20260713.xlsx | 最终数据/最终数据/outputs/019f56e7-91fe-7a43-b1d0-ae50e45c9d0c/金银价格预测_官方数据与因素台账_20260713.xlsx.inspect.ndjson,最终数据/最终数据/outputs/019f56e7-91fe-7a43-b1d0-ae50e45c9d0c/金银价格预测_官方数据与因素台账_20260713.xlsx:xl/worksheets/sheet4.xml | 最终数据/最终数据/outputs/019f56e7-91fe-7a43-b1d0-ae50e45c9d0c/金银价格预测_官方数据与因素台账_20260713.xlsx.inspect.ndjson:978,,,,,,,,,,,,,source,METADATA_ONLY_LICENSE,,NOT_REQUESTED,,public GET; no authentication; archive user-agent,,2026-08-16,许可未明确，默认仅保存元数据,,metadata_only,,,,保留元数据和原链接，不抓取或再分发正文。
WEB-0149,web,3. The Silver Institute（2026）：《World Silver Survey》——白银年度均价（2000：4.95；2001：4.37；2002：4.60 美元/盎司）。,silverinstitute.org,,05_全球周期与历史危机,D,识别全球经济周期、资产泡沫、信用危机、衰退与历史制度差异。,案例库/宏观危机篇/08_2000互联网泡沫/案例档案.md；最终数据/最终数据/outputs/019f56e7-91fe-7a43-b1d0-ae50e45c9d0c/金银价格波动影响因素与时序数据_20260726.xlsx；最终数据/最终数据/outputs/019f56e7-91fe-7a43-b1d0-ae50e45c9d0c/金银价格波动影响因素与时序数据_20260726.xlsx.inspect.ndjson；最终数据/最终数据/outputs/019f56e7-91fe-7a43-b1d0-ae50e45c9d0c/金银价格波动影响因素与时序数据_中文字段版_20260726.xlsx；最终数据/最终数据/outputs/019f56e7-91fe-7a43-b1d0-ae50e45c9d0c/金银价格波动影响因素与时序数据_中文字段版_20260726.xlsx.inspect.ndjson,须以原文、数据口径、发布时间和适用许可为准；媒体或行业资料不得替代核心A级证据。,https://silverinstitute.org/wp-content/uploads/2026/04/World-Silver-Survey-2026.pdf,https://silverinstitute.org/wp-content/uploads/2026/04/World-Silver-Survey-2026.pdf,https://silverinstitute.org/wp-content/uploads/2026/04/World-Silver-Survey-2026.pdf,案例库/宏观危机篇/08_2000互联网泡沫/案例档案.md | 最终数据/最终数据/outputs/019f56e7-91fe-7a43-b1d0-ae50e45c9d0c/金银价格波动影响因素与时序数据_20260726.xlsx | 最终数据/最终数据/outputs/019f56e7-91fe-7a43-b1d0-ae50e45c9d0c/金银价格波动影响因素与时序数据_20260726.xlsx.inspect.ndjson | 最终数据/最终数据/outputs/019f56e7-91fe-7a43-b1d0-ae50e45c9d0c/金银价格波动影响因素与时序数据_中文字段版_20260726.xlsx | 最终数据/最终数据/outputs/019f56e7-91fe-7a43-b1d0-ae50e45c9d0c/金银价格波动影响因素与时序数据_中文字段版_20260726.xlsx.inspect.ndjson,案例库/宏观危机篇/08_2000互联网泡沫/案例档案.md:78 | 最终数据/最终数据/outputs/019f56e7-91fe-7a43-b1d0-ae50e45c9d0c/金银价格波动影响因素与时序数据_20260726.xlsx:xl/worksheets/sheet11.xml | 最终数据/最终数据/outputs/019f56e7-91fe-7a43-b1d0-ae50e45c9d0c/金银价格波动影响因素与时序数据_20260726.xlsx:xl/worksheets/sheet12.xml | 最终数据/最终数据/outputs/019f56e7-91fe-7a43-b1d0-ae50e45c9d0c/金银价格波动影响因素与时序数据_20260726.xlsx.inspect.ndjson:91018 | 最终数据/最终数据/outputs/019f56e7-91fe-7a43-b1d0-ae50e45c9d0c/金银价格波动影响因素与时序数据_20260726.xlsx.inspect.ndjson:91397 | 最终数据/最终数据/outputs/019f56e7-91fe-7a43-b1d0-ae50e45c9d0c/金银价格波动影响因素与时序数据_中文字段版_20260726.xlsx:xl/worksheets/sheet12.xml | 最终数据/最终数据/outputs/019f56e7-91fe-7a43-b1d0-ae50e45c9d0c/金银价格波动影响因素与时序数据_中文字段版_20260726.xlsx:xl/worksheets/sheet13.xml | 最终数据/最终数据/outputs/019f56e7-91fe-7a43-b1d0-ae50e45c9d0c/金银价格波动影响因素与时序数据_中文字段版_20260726.xlsx.inspect.ndjson:91310 | 最终数据/最终数据/outputs/019f56e7-91fe-7a43-b1d0-ae50e45c9d0c/金银价格波动影响因素与时序数据_中文字段版_20260726.xlsx.inspect.ndjson:91689,,05_全球周期与历史危机/外部原件/WEB-0149_3._The_Silver_Institute（2026）：《World_Silver_Survey》——白银年度均价（2000：4.95；20/original.pdf,application/pdf,.pdf,15262541,dc7a35277822a20498319fc6737f17b9e8f8fa93e5ce49b6a6565967ae220383,,,,,,,source,DOWNLOADED_VERIFIED,200,GET,2026-08-15T19:30:43.527Z,public GET; no authentication; archive user-agent,"{""date"":""Sat, 15 Aug 2026 19:30:42 GMT"",""content_type"":""application/pdf"",""content_length"":""15262541"",""last_modified"":""Wed, 15 Apr 2026 11:56:27 GMT"",""etag"":""\""e8e34d-64f7e67dfaea9\"""",""content_disposition"":"""",""cache_control"":""""}",2026-08-16,公开可访问但再分发范围未完全确认，仅本机归档,,private_only,,,,使用本地原件；引用时保留发布机构、原URL、访问日期和许可。
WEB-0150,web,4. Small Caps（2020）：《What history teaches us about gold in economic crises》，Homestake 股价 80→495 美元、1932 年全球黄金产量纪录、6102 号行政令细节。,smallcaps.com.au,,05_全球周期与历史危机,D,识别全球经济周期、资产泡沫、信用危机、衰退与历史制度差异。,案例库/宏观危机篇/01_1929大萧条/案例档案.md,须以原文、数据口径、发布时间和适用许可为准；媒体或行业资料不得替代核心A级证据。,https://smallcaps.com.au/article/what-history-teaches-about-gold-economic-crises,https://smallcaps.com.au/article/what-history-teaches-about-gold-economic-crises,,案例库/宏观危机篇/01_1929大萧条/案例档案.md,案例库/宏观危机篇/01_1929大萧条/案例档案.md:45,,,,,,,,,,,,,source,METADATA_ONLY_LICENSE,,NOT_REQUESTED,,public GET; no authentication; archive user-agent,,2026-08-16,许可未明确，默认仅保存元数据,,metadata_only,,,,保留元数据和原链接，不抓取或再分发正文。
WEB-0151,web,static.heywhale.com 来源资料（WEB-0151）,static.heywhale.com,,06_黄金美元与储备配置,D,比较美元、短债、黄金、人民币资产与套保工具的周期性作用。,最终数据/最终数据/research/media_sentiment_gold_paper/metadata/heywhale_app.js,须以原文、数据口径、发布时间和适用许可为准；媒体或行业资料不得替代核心A级证据。,https://static.heywhale.com/bundle/workbench/,https://static.heywhale.com/bundle/workbench,,最终数据/最终数据/research/media_sentiment_gold_paper/metadata/heywhale_app.js,最终数据/最终数据/research/media_sentiment_gold_paper/metadata/heywhale_app.js:1,,,,,,,,,,,,,source,MANUAL_ACTION_REQUIRED,,NOT_REQUESTED,,public GET; no authentication; archive user-agent,,2026-08-16,需人工接受条款或确认许可,https://static.heywhale.com/bundle/workbench,metadata_only,,,,由用户阅读并接受来源条款后人工下载；登记文件哈希和许可范围。
WEB-0152,web,static.heywhale.com 来源资料（WEB-0152）,static.heywhale.com,,06_黄金美元与储备配置,D,比较美元、短债、黄金、人民币资产与套保工具的周期性作用。,最终数据/最终数据/research/media_sentiment_gold_paper/metadata/heywhale_dataset_page.html,须以原文、数据口径、发布时间和适用许可为准；媒体或行业资料不得替代核心A级证据。,https://static.heywhale.com/bundle/workbench/static/css/app.184341d4.css,https://static.heywhale.com/bundle/workbench/static/css/app.184341d4.css,,最终数据/最终数据/research/media_sentiment_gold_paper/metadata/heywhale_dataset_page.html,最终数据/最终数据/research/media_sentiment_gold_paper/metadata/heywhale_dataset_page.html:1,,,,.css,,,,,,,,,source,MANUAL_ACTION_REQUIRED,,NOT_REQUESTED,,public GET; no authentication; archive user-agent,,2026-08-16,需人工接受条款或确认许可,https://static.heywhale.com/bundle/workbench/static/css/app.184341d4.css,metadata_only,,,,由用户阅读并接受来源条款后人工下载；登记文件哈希和许可范围。
WEB-0153,web,static.heywhale.com 来源资料（WEB-0153）,static.heywhale.com,,06_黄金美元与储备配置,D,比较美元、短债、黄金、人民币资产与套保工具的周期性作用。,最终数据/最终数据/research/media_sentiment_gold_paper/metadata/heywhale_dataset_page.html,须以原文、数据口径、发布时间和适用许可为准；媒体或行业资料不得替代核心A级证据。,https://static.heywhale.com/bundle/workbench/static/css/chunk-vendors.c32cdedd.css,https://static.heywhale.com/bundle/workbench/static/css/chunk-vendors.c32cdedd.css,,最终数据/最终数据/research/media_sentiment_gold_paper/metadata/heywhale_dataset_page.html,最终数据/最终数据/research/media_sentiment_gold_paper/metadata/heywhale_dataset_page.html:1,,,,.css,,,,,,,,,source,MANUAL_ACTION_REQUIRED,,NOT_REQUESTED,,public GET; no authentication; archive user-agent,,2026-08-16,需人工接受条款或确认许可,https://static.heywhale.com/bundle/workbench/static/css/chunk-vendors.c32cdedd.css,metadata_only,,,,由用户阅读并接受来源条款后人工下载；登记文件哈希和许可范围。
WEB-0154,web,static.heywhale.com 来源资料（WEB-0154）,static.heywhale.com,,06_黄金美元与储备配置,D,比较美元、短债、黄金、人民币资产与套保工具的周期性作用。,最终数据/最终数据/research/media_sentiment_gold_paper/metadata/heywhale_dataset_page.html,须以原文、数据口径、发布时间和适用许可为准；媒体或行业资料不得替代核心A级证据。,https://static.heywhale.com/bundle/workbench/static/js/app.25414c0c.js,https://static.heywhale.com/bundle/workbench/static/js/app.25414c0c.js,,最终数据/最终数据/research/media_sentiment_gold_paper/metadata/heywhale_dataset_page.html,最终数据/最终数据/research/media_sentiment_gold_paper/metadata/heywhale_dataset_page.html:1,,,,.js,,,,,,,,,source,MANUAL_ACTION_REQUIRED,,NOT_REQUESTED,,public GET; no authentication; archive user-agent,,2026-08-16,需人工接受条款或确认许可,https://static.heywhale.com/bundle/workbench/static/js/app.25414c0c.js,metadata_only,,,,由用户阅读并接受来源条款后人工下载；登记文件哈希和许可范围。
WEB-0155,web,static.heywhale.com 来源资料（WEB-0155）,static.heywhale.com,,06_黄金美元与储备配置,D,比较美元、短债、黄金、人民币资产与套保工具的周期性作用。,最终数据/最终数据/research/media_sentiment_gold_paper/metadata/heywhale_dataset_page.html,须以原文、数据口径、发布时间和适用许可为准；媒体或行业资料不得替代核心A级证据。,https://static.heywhale.com/bundle/workbench/static/js/chunk-vendors.11f65d5b.js,https://static.heywhale.com/bundle/workbench/static/js/chunk-vendors.11f65d5b.js,,最终数据/最终数据/research/media_sentiment_gold_paper/metadata/heywhale_dataset_page.html,最终数据/最终数据/research/media_sentiment_gold_paper/metadata/heywhale_dataset_page.html:1,,,,.js,,,,,,,,,source,MANUAL_ACTION_REQUIRED,,NOT_REQUESTED,,public GET; no authentication; archive user-agent,,2026-08-16,需人工接受条款或确认许可,https://static.heywhale.com/bundle/workbench/static/js/chunk-vendors.11f65d5b.js,metadata_only,,,,由用户阅读并接受来源条款后人工下载；登记文件哈希和许可范围。
WEB-0156,web,上交所重组报告书，2025,static.sse.com.cn,,08_企业案例与公开披露,D,核验企业海外收入、汇兑损益、冻结、退出和储备配置事实。,企业资产配置调研报告.md,须以原文、数据口径、发布时间和适用许可为准；媒体或行业资料不得替代核心A级证据。,https://static.sse.com.cn/stock/disclosure/announcement/c/202506/600356_20250627_46FQ.pdf,https://static.sse.com.cn/stock/disclosure/announcement/c/202506/600356_20250627_46FQ.pdf,https://static.sse.com.cn/stock/disclosure/announcement/c/202506/600356_20250627_46FQ.pdf,企业资产配置调研报告.md,企业资产配置调研报告.md:50 | 企业资产配置调研报告.md:50,,08_企业案例与公开披露/外部原件/WEB-0156_上交所重组报告书，2025/original.pdf,application/pdf,.pdf,6959700,7826fdb1f61aa1d010742c80909c92219dc8fecc5abf140cd16bfb423ba0f066,,,,,,,source,DOWNLOADED_VERIFIED,200,GET,2026-08-15T19:30:45.351Z,public GET; no authentication; archive user-agent,"{""date"":""Tue, 04 Aug 2026 05:50:49 GMT"",""content_type"":""application/pdf"",""content_length"":""6959700"",""last_modified"":""Fri, 18 Jul 2025 02:51:54 GMT"",""etag"":""\""6879b6ca-6a3254\"""",""content_disposition"":"""",""cache_control"":""""}",2026-08-16,公开可访问但再分发范围未完全确认，仅本机归档,,private_only,,,,使用本地原件；引用时保留发布机构、原URL、访问日期和许可。
WEB-0157,web,1. Tether《Tether Attestation Reports》（储备构成与黄金持仓）,tether.to,,08_企业案例与公开披露,D,核验企业海外收入、汇兑损益、冻结、退出和储备配置事实。,案例库/微观企业篇/09_Tether黄金储备/案例档案.md,须以原文、数据口径、发布时间和适用许可为准；媒体或行业资料不得替代核心A级证据。,https://tether.to/en/transparency/,https://tether.to/en/transparency,,案例库/微观企业篇/09_Tether黄金储备/案例档案.md,案例库/微观企业篇/09_Tether黄金储备/案例档案.md:76,,,,,,,,,,,,,source,METADATA_ONLY_LICENSE,,NOT_REQUESTED,,public GET; no authentication; archive user-agent,,2026-08-16,许可未明确，默认仅保存元数据,,metadata_only,,,,保留元数据和原链接，不抓取或再分发正文。
WEB-0158,web,World Bank 来源资料（WEB-0158）,World Bank,,06_黄金美元与储备配置,B,比较美元、短债、黄金、人民币资产与套保工具的周期性作用。,最终数据/最终数据/outputs/019f56e7-91fe-7a43-b1d0-ae50e45c9d0c/金银价格预测_官方数据与因素台账_20260713.xlsx；最终数据/最终数据/outputs/019f56e7-91fe-7a43-b1d0-ae50e45c9d0c/金银价格预测_官方数据与因素台账_20260713.xlsx.inspect.ndjson,须以原文、数据口径、发布时间和适用许可为准；媒体或行业资料不得替代核心A级证据。,https://thedocs.worldbank.org/en/doc/399f7262c01cf21e4918b6b22627ac19-0050012026/related/Global-Monthly-February-2026.pdf,https://thedocs.worldbank.org/en/doc/399f7262c01cf21e4918b6b22627ac19-0050012026/related/Global-Monthly-February-2026.pdf,https://thedocs.worldbank.org/en/doc/399f7262c01cf21e4918b6b22627ac19-0050012026/related/Global-Monthly-February-2026.pdf,最终数据/最终数据/outputs/019f56e7-91fe-7a43-b1d0-ae50e45c9d0c/金银价格预测_官方数据与因素台账_20260713.xlsx | 最终数据/最终数据/outputs/019f56e7-91fe-7a43-b1d0-ae50e45c9d0c/金银价格预测_官方数据与因素台账_20260713.xlsx.inspect.ndjson,最终数据/最终数据/outputs/019f56e7-91fe-7a43-b1d0-ae50e45c9d0c/金银价格预测_官方数据与因素台账_20260713.xlsx:xl/worksheets/sheet4.xml | 最终数据/最终数据/outputs/019f56e7-91fe-7a43-b1d0-ae50e45c9d0c/金银价格预测_官方数据与因素台账_20260713.xlsx.inspect.ndjson:978,,06_黄金美元与储备配置/外部原件/WEB-0158_XLSX_entry_xl_worksheets_sheet4.xml/original.pdf,application/pdf,.pdf,823212,2a2da8c5d3074ac6f5dfed9ea1ec2acf0f065acd01470e8382efa136b25b0b7b,,,,,,,source,DOWNLOADED_VERIFIED,200,GET,2026-08-15T19:30:45.449Z,public GET; no authentication; archive user-agent,"{""date"":""Sat, 15 Aug 2026 12:18:22 GMT"",""content_type"":""application/pdf"",""content_length"":"""",""last_modified"":""Fri, 27 Feb 2026 17:52:39 GMT"",""etag"":"""",""content_disposition"":"""",""cache_control"":""""}",2026-08-16,World Bank数据条款/CC BY 4.0，第三方内容例外,https://data.worldbank.org/summary-terms-of-use,shared,,,,使用本地原件；引用时保留发布机构、原URL、访问日期和许可。
WEB-0159,web,World Bank Commodities Price Data (The Pink Sheet),World Bank,,06_黄金美元与储备配置,B,比较美元、短债、黄金、人民币资产与套保工具的周期性作用。,最终数据/最终数据/outputs/019f56e7-91fe-7a43-b1d0-ae50e45c9d0c/金银价格预测_官方数据与因素台账_20260713.xlsx；最终数据/最终数据/outputs/019f56e7-91fe-7a43-b1d0-ae50e45c9d0c/金银价格预测_官方数据与因素台账_20260713.xlsx.inspect.ndjson,须以原文、数据口径、发布时间和适用许可为准；媒体或行业资料不得替代核心A级证据。,https://thedocs.worldbank.org/en/doc/74e8be41ceb20fa0da750cda2f6b9e4e-0050012026/world-bank-commodities-price-data-the-pink-sheet,https://thedocs.worldbank.org/en/doc/74e8be41ceb20fa0da750cda2f6b9e4e-0050012026/world-bank-commodities-price-data-the-pink-sheet,https://thedocs.worldbank.org/en/doc/74e8be41ceb20fa0da750cda2f6b9e4e-0050012026/world-bank-commodities-price-data-the-pink-sheet,最终数据/最终数据/outputs/019f56e7-91fe-7a43-b1d0-ae50e45c9d0c/金银价格预测_官方数据与因素台账_20260713.xlsx | 最终数据/最终数据/outputs/019f56e7-91fe-7a43-b1d0-ae50e45c9d0c/金银价格预测_官方数据与因素台账_20260713.xlsx.inspect.ndjson,最终数据/最终数据/outputs/019f56e7-91fe-7a43-b1d0-ae50e45c9d0c/金银价格预测_官方数据与因素台账_20260713.xlsx:xl/worksheets/sheet2.xml | 最终数据/最终数据/outputs/019f56e7-91fe-7a43-b1d0-ae50e45c9d0c/金银价格预测_官方数据与因素台账_20260713.xlsx.inspect.ndjson:649,,06_黄金美元与储备配置/外部原件/WEB-0159_XLSX_entry_xl_worksheets_sheet2.xml/original.html,text/html;charset=utf-8,.html,115046,765911b1d7b54ae75c968cb815291ff4c0275813e86be87a8279949c9e562518,,,,,,,source,DOWNLOADED_VERIFIED,200,GET,2026-08-15T19:30:46.106Z,public GET; no authentication; archive user-agent,"{""date"":""Fri, 14 Aug 2026 21:00:45 GMT"",""content_type"":""text/html;charset=utf-8"",""content_length"":""15359"",""last_modified"":""Fri, 14 Aug 2026 21:00:45 GMT"",""etag"":"""",""content_disposition"":"""",""cache_control"":""""}",2026-08-16,World Bank数据条款/CC BY 4.0，第三方内容例外,https://data.worldbank.org/summary-terms-of-use,shared,,,,使用本地原件；引用时保留发布机构、原URL、访问日期和许可。
WEB-0160,web,核验记录，,Smartbi,,09_Smartbi与比赛平台,D,说明Smartbi数据导入、模型、看板、AIChat和资源恢复能力。,计划书/04_亚非拉国别风险与多币种储备智能决策平台总计划书.pdf；计划书/05_全球经济周期与亚非拉国别风险多币种储备智能决策平台总计划书.pdf,须以原文、数据口径、发布时间和适用许可为准；媒体或行业资料不得替代核心A级证据。,https://tiaozhanbei.cloud.smartbi.com.cn/smartbi/vision/index.,https://tiaozhanbei.cloud.smartbi.com.cn/smartbi/vision/index,,计划书/04_亚非拉国别风险与多币种储备智能决策平台总计划书.pdf | 计划书/05_全球经济周期与亚非拉国别风险多币种储备智能决策平台总计划书.pdf,计划书/04_亚非拉国别风险与多币种储备智能决策平台总计划书.pdf:4337 | 计划书/05_全球经济周期与亚非拉国别风险多币种储备智能决策平台总计划书.pdf:5393,,,,,,,,,,,,,source,PAYWALL_OR_AUTH,,NOT_REQUESTED,,public GET; no authentication; archive user-agent,,2026-08-16,认证环境，仅保存脱敏元数据,,metadata_only,,,,保留元数据和原链接，不抓取或再分发正文。
WEB-0161,web,Smartbi 来源资料（WEB-0161）,Smartbi,,09_Smartbi与比赛平台,D,说明Smartbi数据导入、模型、看板、AIChat和资源恢复能力。,计划书/04_亚非拉国别风险与多币种储备智能决策平台总计划书.pdf；计划书/04_亚非拉国别风险与多币种储备智能决策平台总计划书.tex；计划书/05_全球经济周期与亚非拉国别风险多币种储备智能决策平台总计划书.pdf；计划书/05_全球经济周期与亚非拉国别风险多币种储备智能决策平台总计划书.tex,须以原文、数据口径、发布时间和适用许可为准；媒体或行业资料不得替代核心A级证据。,https://tiaozhanbei.cloud.smartbi.com.cn/smartbi/vision/index.jsp,https://tiaozhanbei.cloud.smartbi.com.cn/smartbi/vision/index.jsp,,计划书/04_亚非拉国别风险与多币种储备智能决策平台总计划书.pdf | 计划书/04_亚非拉国别风险与多币种储备智能决策平台总计划书.tex | 计划书/05_全球经济周期与亚非拉国别风险多币种储备智能决策平台总计划书.pdf | 计划书/05_全球经济周期与亚非拉国别风险多币种储备智能决策平台总计划书.tex,计划书/04_亚非拉国别风险与多币种储备智能决策平台总计划书.pdf:annotation-10 | 计划书/04_亚非拉国别风险与多币种储备智能决策平台总计划书.pdf:annotation-11 | 计划书/04_亚非拉国别风险与多币种储备智能决策平台总计划书.pdf:annotation-12 | 计划书/04_亚非拉国别风险与多币种储备智能决策平台总计划书.tex:2057 | 计划书/05_全球经济周期与亚非拉国别风险多币种储备智能决策平台总计划书.pdf:annotation-10 | 计划书/05_全球经济周期与亚非拉国别风险多币种储备智能决策平台总计划书.pdf:annotation-11 | 计划书/05_全球经济周期与亚非拉国别风险多币种储备智能决策平台总计划书.pdf:annotation-12 | 计划书/05_全球经济周期与亚非拉国别风险多币种储备智能决策平台总计划书.tex:2414,,,,.jsp,,,,,,,,,source,PAYWALL_OR_AUTH,,NOT_REQUESTED,,public GET; no authentication; archive user-agent,,2026-08-16,认证环境，仅保存脱敏元数据,,metadata_only,,,,保留元数据和原链接，不抓取或再分发正文。
WEB-0162,web,Front page | U.S. Department of the Treasury,U.S. Department of the Treasury,,05_全球周期与历史危机,A,识别全球经济周期、资产泡沫、信用危机、衰退与历史制度差异。,案例库/宏观危机篇/11_1994墨西哥龙舌兰危机/案例档案.md,须以原文、数据口径、发布时间和适用许可为准；媒体或行业资料不得替代核心A级证据。,https://treasury.gov/about/offices/domestic-finance/pages/mexico-stabilization.aspx,https://treasury.gov/about/offices/domestic-finance/pages/mexico-stabilization.aspx,https://home.treasury.gov/,案例库/宏观危机篇/11_1994墨西哥龙舌兰危机/案例档案.md,案例库/宏观危机篇/11_1994墨西哥龙舌兰危机/案例档案.md:95,,05_全球周期与历史危机/外部原件/WEB-0162_7._美国财政部《1995_年墨西哥金融救援》文件（200_亿美元外汇稳定基金）：_/original.html,text/html; charset=UTF-8,.html,181696,b3ee0624e6c6b78365bc3b39567ce5da3c59e70b9d647e08401fb3a3e5643b52,,,,,,,source,DOWNLOADED_VERIFIED,200,GET,2026-08-15T19:30:46.221Z,public GET; no authentication; archive user-agent,"{""date"":""Sat, 15 Aug 2026 19:30:46 GMT"",""content_type"":""text/html; charset=UTF-8"",""content_length"":""33244"",""last_modified"":"""",""etag"":"""",""content_disposition"":"""",""cache_control"":""max-age=0, no-cache, no-store""}",2026-08-16,政府/国际组织公开资料，按原站署名与条款使用,,shared,,,,使用本地原件；引用时保留发布机构、原URL、访问日期和许可。
WEB-0163,web,"5. US Gold and Coin Research，""Gold vs S&P 500 by Decade (1970s–2020s)""（2026 年 2 月更新，数据源：National Mining Association / Slickcharts），",usgoldandcoin.com,,05_全球周期与历史危机,D,识别全球经济周期、资产泡沫、信用危机、衰退与历史制度差异。,案例库/宏观危机篇/04_1973-1980滞胀大牛市/案例档案.md,须以原文、数据口径、发布时间和适用许可为准；媒体或行业资料不得替代核心A级证据。,https://usgoldandcoin.com/research/gold-vs-sp500,https://usgoldandcoin.com/research/gold-vs-sp500,,案例库/宏观危机篇/04_1973-1980滞胀大牛市/案例档案.md,案例库/宏观危机篇/04_1973-1980滞胀大牛市/案例档案.md:66,,,,,,,,,,,,,source,METADATA_ONLY_LICENSE,,NOT_REQUESTED,,public GET; no authentication; archive user-agent,,2026-08-16,许可未明确，默认仅保存元数据,,metadata_only,,,,保留元数据和原链接，不抓取或再分发正文。
WEB-0164,web,中国经营报，2025-12,view.inews.qq.com,,08_企业案例与公开披露,D,核验企业海外收入、汇兑损益、冻结、退出和储备配置事实。,企业资产配置调研报告.md,须以原文、数据口径、发布时间和适用许可为准；媒体或行业资料不得替代核心A级证据。,https://view.inews.qq.com/a/20251226A08F0300,https://view.inews.qq.com/a/20251226A08F0300,,企业资产配置调研报告.md,企业资产配置调研报告.md:146 | 企业资产配置调研报告.md:146,,,,,,,,,,,,,source,METADATA_ONLY_LICENSE,,NOT_REQUESTED,,public GET; no authentication; archive user-agent,,2026-08-16,许可未明确，默认仅保存元数据,,metadata_only,,,,保留元数据和原链接，不抓取或再分发正文。
WEB-0165,web,web.pdx.edu 来源资料（WEB-0165）,web.pdx.edu,,06_黄金美元与储备配置,D,比较美元、短债、黄金、人民币资产与套保工具的周期性作用。,计划书/02_项目执行与协作手册.pdf；计划书/03_多币种流动性与黄金战略储备周期配置计划书.pdf；计划书/03_多币种流动性与黄金战略储备周期配置计划书.tex；计划书/04_亚非拉国别风险与多币种储备智能决策平台总计划书.pdf；计划书/04_亚非拉国别风险与多币种储备智能决策平台总计划书.tex；计划书/05_全球经济周期与亚非拉国别风险多币种储备智能决策平台总计划书.pdf；计划书/05_全球经济周期与亚非拉国别风险多币种储备智能决策平台总计划书.tex；计划书/references.bib,须以原文、数据口径、发布时间和适用许可为准；媒体或行业资料不得替代核心A级证据。,https://web.pdx.edu/~ito/Readme_kaopen2023.pdf.,https://web.pdx.edu/~ito/Readme_kaopen2023.pdf,https://web.pdx.edu/~ito/Readme_kaopen2023.pdf,计划书/02_项目执行与协作手册.pdf | 计划书/03_多币种流动性与黄金战略储备周期配置计划书.pdf | 计划书/03_多币种流动性与黄金战略储备周期配置计划书.tex | 计划书/04_亚非拉国别风险与多币种储备智能决策平台总计划书.pdf | 计划书/04_亚非拉国别风险与多币种储备智能决策平台总计划书.tex | 计划书/05_全球经济周期与亚非拉国别风险多币种储备智能决策平台总计划书.pdf | 计划书/05_全球经济周期与亚非拉国别风险多币种储备智能决策平台总计划书.tex | 计划书/references.bib,计划书/02_项目执行与协作手册.pdf:1246 | 计划书/02_项目执行与协作手册.pdf:annotation-7 | 计划书/02_项目执行与协作手册.pdf:annotation-8 | 计划书/03_多币种流动性与黄金战略储备周期配置计划书.pdf:annotation-13 | 计划书/03_多币种流动性与黄金战略储备周期配置计划书.pdf:annotation-14 | 计划书/03_多币种流动性与黄金战略储备周期配置计划书.pdf:annotation-15 | 计划书/03_多币种流动性与黄金战略储备周期配置计划书.tex:793 | 计划书/04_亚非拉国别风险与多币种储备智能决策平台总计划书.pdf:4360 | 计划书/04_亚非拉国别风险与多币种储备智能决策平台总计划书.pdf:annotation-27 | 计划书/04_亚非拉国别风险与多币种储备智能决策平台总计划书.tex:2075 | 计划书/05_全球经济周期与亚非拉国别风险多币种储备智能决策平台总计划书.pdf:5416 | 计划书/05_全球经济周期与亚非拉国别风险多币种储备智能决策平台总计划书.pdf:annotation-27 | 计划书/05_全球经济周期与亚非拉国别风险多币种储备智能决策平台总计划书.tex:2432 | 计划书/references.bib:72,,06_黄金美元与储备配置/外部原件/WEB-0165_PDF_link_annotation_/original.pdf,application/pdf,.pdf,679258,2152f7df72512e41156d9d3cedf79ae828db2162b791281448c7e74d03448e67,,,,,,,source,DOWNLOADED_VERIFIED,200,GET,2026-08-15T19:30:47.684Z,public GET; no authentication; archive user-agent,"{""date"":""Sat, 15 Aug 2026 19:30:47 GMT"",""content_type"":""application/pdf"",""content_length"":""679258"",""last_modified"":""Mon, 05 Jan 2026 06:02:09 GMT"",""etag"":""\""a5d5a-6479dcca3fa40\"""",""content_disposition"":"""",""cache_control"":""""}",2026-08-16,公开可访问但再分发范围未完全确认，仅本机归档,,private_only,,,,使用本地原件；引用时保留发布机构、原URL、访问日期和许可。
WEB-0166,web,www.afponline.org 来源资料（WEB-0166）,www.afponline.org,,06_黄金美元与储备配置,D,比较美元、短债、黄金、人民币资产与套保工具的周期性作用。,计划书/03_多币种流动性与黄金战略储备周期配置计划书.pdf；计划书/03_多币种流动性与黄金战略储备周期配置计划书.tex,须以原文、数据口径、发布时间和适用许可为准；媒体或行业资料不得替代核心A级证据。,https://www.afponline.org/docs/default-source/default-document-library/pub/gtnews-guide-to-investing-operating-cash.pdf,https://www.afponline.org/docs/default-source/default-document-library/pub/gtnews-guide-to-investing-operating-cash.pdf,https://www.financialprofessionals.org/docs/default-source/default-document-library/pub/gtnews-guide-to-investing-operating-cash.pdf,计划书/03_多币种流动性与黄金战略储备周期配置计划书.pdf | 计划书/03_多币种流动性与黄金战略储备周期配置计划书.tex,计划书/03_多币种流动性与黄金战略储备周期配置计划书.pdf:annotation-30 | 计划书/03_多币种流动性与黄金战略储备周期配置计划书.pdf:annotation-31 | 计划书/03_多币种流动性与黄金战略储备周期配置计划书.pdf:annotation-32 | 计划书/03_多币种流动性与黄金战略储备周期配置计划书.pdf:annotation-33 | 计划书/03_多币种流动性与黄金战略储备周期配置计划书.tex:817,,06_黄金美元与储备配置/外部原件/WEB-0166_PDF_link_annotation_/original.pdf,application/pdf,.pdf,1630956,4c99d88001146025eddb989034ef3a096b53b11654a57e947d9d2dc6c6d77db1,,,,,,,source,DOWNLOADED_VERIFIED,200,GET,2026-08-15T19:30:48.592Z,public GET; no authentication; archive user-agent,"{""date"":""Sat, 15 Aug 2026 19:30:48 GMT"",""content_type"":""application/pdf"",""content_length"":""1630956"",""last_modified"":""Tue, 12 Apr 2016 23:01:39 GMT"",""etag"":"""",""content_disposition"":""inline; filename=gtnews-guide-to-investing-operating-cash.pdf"",""cache_control"":""public, max-age=7776000""}",2026-08-16,公开可访问但再分发范围未完全确认，仅本机归档,,private_only,,,,使用本地原件；引用时保留发布机构、原URL、访问日期和许可。
WEB-0167,web,"vesting Operating Cash, 2014,",www.afponline,,06_黄金美元与储备配置,D,比较美元、短债、黄金、人民币资产与套保工具的周期性作用。,计划书/03_多币种流动性与黄金战略储备周期配置计划书.pdf,须以原文、数据口径、发布时间和适用许可为准；媒体或行业资料不得替代核心A级证据。,https://www.afponline.,https://www.afponline/,,计划书/03_多币种流动性与黄金战略储备周期配置计划书.pdf,计划书/03_多币种流动性与黄金战略储备周期配置计划书.pdf:1272,,,,,,,,,,,,,source,METADATA_ONLY_LICENSE,,NOT_REQUESTED,,public GET; no authentication; archive user-agent,,2026-08-16,许可未明确，默认仅保存元数据,,metadata_only,,,,保留元数据和原链接，不抓取或再分发正文。
WEB-0168,web,4. Arabian Gulf Business Insight（AGBI），2023，《Lebanon's new bank rules offer 'lollar' accounts respite》——存款从 1160 亿降至 890 亿美元、折损 70%–83%。,www.agbi.com,,06_黄金美元与储备配置,D,比较美元、短债、黄金、人民币资产与套保工具的周期性作用。,案例库/货币崩溃篇/05_2019-2023黎巴嫩镑崩溃/案例档案.md,须以原文、数据口径、发布时间和适用许可为准；媒体或行业资料不得替代核心A级证据。,https://www.agbi.com/analysis/banking-finance/2023/10/lebanons-new-bank-rules-offer-lollar-accounts-respite/,https://www.agbi.com/analysis/banking-finance/2023/10/lebanons-new-bank-rules-offer-lollar-accounts-respite,,案例库/货币崩溃篇/05_2019-2023黎巴嫩镑崩溃/案例档案.md,案例库/货币崩溃篇/05_2019-2023黎巴嫩镑崩溃/案例档案.md:58,,,,,,,,,,,,,source,METADATA_ONLY_LICENSE,,NOT_REQUESTED,,public GET; no authentication; archive user-agent,,2026-08-16,许可未明确，默认仅保存元数据,,metadata_only,,,,保留元数据和原链接，不抓取或再分发正文。
WEB-0169,web,3. 世界黄金协会（WGC），2013年《Gold Demand Trends Q2 2013》——ETF流出为需求下滑主因,www.agloc.org,,05_全球周期与历史危机,D,识别全球经济周期、资产泡沫、信用危机、衰退与历史制度差异。,案例库/宏观危机篇/11_2013黄金暴跌（反面案例）/案例档案.md,须以原文、数据口径、发布时间和适用许可为准；媒体或行业资料不得替代核心A级证据。,https://www.agloc.org/pdf/GDT_Q2_2013.pdf,https://www.agloc.org/pdf/GDT_Q2_2013.pdf,https://www.agloc.org/pdf/GDT_Q2_2013.pdf,案例库/宏观危机篇/11_2013黄金暴跌（反面案例）/案例档案.md,案例库/宏观危机篇/11_2013黄金暴跌（反面案例）/案例档案.md:56,,,,.pdf,,,,,,,,,source,PAYWALL_OR_AUTH,403,GET,2026-08-15T19:30:49.480Z,public GET; no authentication; archive user-agent,"{""date"":""Sat, 15 Aug 2026 19:30:49 GMT"",""content_type"":""text/html"",""content_length"":""118"",""last_modified"":"""",""etag"":"""",""content_disposition"":"""",""cache_control"":""""}",2026-08-16,公开可访问但再分发范围未完全确认，仅本机归档,,private_only,,,HTTP 403,
WEB-0170,web,AInvest，2026,www.ainvest.com,,08_企业案例与公开披露,D,核验企业海外收入、汇兑损益、冻结、退出和储备配置事实。,跨国公司黄金硬通货需求调研报告.md,须以原文、数据口径、发布时间和适用许可为准；媒体或行业资料不得替代核心A级证据。,https://www.ainvest.com/news/tether-buys-27-tons-gold-q4-2025-xaut-stablecoin-2601/,https://www.ainvest.com/news/tether-buys-27-tons-gold-q4-2025-xaut-stablecoin-2601,,跨国公司黄金硬通货需求调研报告.md,跨国公司黄金硬通货需求调研报告.md:34 | 跨国公司黄金硬通货需求调研报告.md:34,,,,,,,,,,,,,source,METADATA_ONLY_LICENSE,,NOT_REQUESTED,,public GET; no authentication; archive user-agent,,2026-08-16,许可未明确，默认仅保存元数据,,metadata_only,,,,保留元数据和原链接，不抓取或再分发正文。
WEB-0171,web,2. 伊朗 CPI 数据（2018–2025 30%–50%）：伊朗统计中心（SCI）,www.amar.org.ir,,04_国别货币与中国出海,D,支持亚非拉国别风险、汇率、通胀、资本管制和中国投资暴露研究。,案例库/货币崩溃篇/08_2010-2025伊朗里亚尔/案例档案.md,须以原文、数据口径、发布时间和适用许可为准；媒体或行业资料不得替代核心A级证据。,https://www.amar.org.ir/,https://www.amar.org.ir/,,案例库/货币崩溃篇/08_2010-2025伊朗里亚尔/案例档案.md,案例库/货币崩溃篇/08_2010-2025伊朗里亚尔/案例档案.md:93,,,,,,,,,,,,,source,METADATA_ONLY_LICENSE,,NOT_REQUESTED,,public GET; no authentication; archive user-agent,,2026-08-16,许可未明确，默认仅保存元数据,,metadata_only,,,,保留元数据和原链接，不抓取或再分发正文。
WEB-0172,web,9. 希腊雅典综合指数历史,www.athexgroup.gr,,05_全球周期与历史危机,D,识别全球经济周期、资产泡沫、信用危机、衰退与历史制度差异。,案例库/宏观危机篇/14_2010欧洲主权债务危机/案例档案.md,须以原文、数据口径、发布时间和适用许可为准；媒体或行业资料不得替代核心A级证据。,https://www.athexgroup.gr/,https://www.athexgroup.gr/,,案例库/宏观危机篇/14_2010欧洲主权债务危机/案例档案.md,案例库/宏观危机篇/14_2010欧洲主权债务危机/案例档案.md:99,,,,,,,,,,,,,source,METADATA_ONLY_LICENSE,,NOT_REQUESTED,,public GET; no authentication; archive user-agent,,2026-08-16,许可未明确，默认仅保存元数据,,metadata_only,,,,保留元数据和原链接，不抓取或再分发正文。
WEB-0173,web,AzerNews，2013,www.azernews.az,,07_会计合规与制裁,D,限定会计分类、托管、制裁、外汇管制和合法可用性边界。,跨国公司黄金硬通货需求调研报告.md,须以原文、数据口径、发布时间和适用许可为准；媒体或行业资料不得替代核心A级证据。,https://www.azernews.az/business/62020.html,https://www.azernews.az/business/62020.html,,跨国公司黄金硬通货需求调研报告.md,跨国公司黄金硬通货需求调研报告.md:26 | 跨国公司黄金硬通货需求调研报告.md:26,,,,.html,,,,,,,,,source,METADATA_ONLY_LICENSE,,NOT_REQUESTED,,public GET; no authentication; archive user-agent,,2026-08-16,许可未明确，默认仅保存元数据,,metadata_only,,,,保留元数据和原链接，不抓取或再分发正文。
WEB-0174,web,3. 墨西哥央行（Banxico）历史汇率与利率数据,www.banxico.org.mx,,05_全球周期与历史危机,D,识别全球经济周期、资产泡沫、信用危机、衰退与历史制度差异。,案例库/宏观危机篇/11_1994墨西哥龙舌兰危机/案例档案.md,须以原文、数据口径、发布时间和适用许可为准；媒体或行业资料不得替代核心A级证据。,https://www.banxico.org.mx/SieInternet/consultarDirectorioInternetAction.do?locale=en,https://www.banxico.org.mx/SieInternet/consultarDirectorioInternetAction.do?locale=en,,案例库/宏观危机篇/11_1994墨西哥龙舌兰危机/案例档案.md,案例库/宏观危机篇/11_1994墨西哥龙舌兰危机/案例档案.md:91,,,,.do,,,,,,,,,source,METADATA_ONLY_LICENSE,,NOT_REQUESTED,,public GET; no authentication; archive user-agent,,2026-08-16,许可未明确，默认仅保存元数据,,metadata_only,,,,保留元数据和原链接，不抓取或再分发正文。
WEB-0175,web,"2. 2014-12""黑色星期二""与央行加息 650 基点：Reuters/BBC 2014 年 12 月报道",BBC,,07_会计合规与制裁,C,限定会计分类、托管、制裁、外汇管制和合法可用性边界。,案例库/地缘冲突与制裁篇/06_2014克里米亚危机-卢布暴跌/案例档案.md；案例库/货币崩溃篇/07_2022-2024埃及镑贬值/案例档案.md,须以原文、数据口径、发布时间和适用许可为准；媒体或行业资料不得替代核心A级证据。,https://www.bbc.com/news/business,https://www.bbc.com/news/business,,案例库/地缘冲突与制裁篇/06_2014克里米亚危机-卢布暴跌/案例档案.md | 案例库/货币崩溃篇/07_2022-2024埃及镑贬值/案例档案.md,案例库/地缘冲突与制裁篇/06_2014克里米亚危机-卢布暴跌/案例档案.md:83 | 案例库/货币崩溃篇/07_2022-2024埃及镑贬值/案例档案.md:96,,,,,,,,,,,,,source,METADATA_ONLY_LICENSE,,NOT_REQUESTED,,public GET; no authentication; archive user-agent,,2026-08-16,新闻/媒体版权，默认仅保存元数据,,metadata_only,,,,保留元数据和原链接，不抓取或再分发正文。
WEB-0176,web,"8. 2021 年""低利率政策""与里拉 -44%：BBC/Reuters 2021 年 12 月报道",BBC,,04_国别货币与中国出海,C,支持亚非拉国别风险、汇率、通胀、资本管制和中国投资暴露研究。,案例库/货币崩溃篇/04_2018土耳其里拉危机/案例档案.md,须以原文、数据口径、发布时间和适用许可为准；媒体或行业资料不得替代核心A级证据。,https://www.bbc.com/news/business-59514816,https://www.bbc.com/news/business-59514816,,案例库/货币崩溃篇/04_2018土耳其里拉危机/案例档案.md,案例库/货币崩溃篇/04_2018土耳其里拉危机/案例档案.md:97,,,,,,,,,,,,,source,METADATA_ONLY_LICENSE,,NOT_REQUESTED,,public GET; no authentication; archive user-agent,,2026-08-16,新闻/媒体版权，默认仅保存元数据,,metadata_only,,,,保留元数据和原链接，不抓取或再分发正文。
WEB-0177,web,4. 废钞与美元化（2009-02）：Reuters/BBC 2009 年报道,BBC,,08_企业案例与公开披露,C,核验企业海外收入、汇兑损益、冻结、退出和储备配置事实。,案例库/货币崩溃篇/02_2008津巴布韦恶性通胀/案例档案.md,须以原文、数据口径、发布时间和适用许可为准；媒体或行业资料不得替代核心A级证据。,https://www.bbc.com/news/world-africa-14180904,https://www.bbc.com/news/world-africa-14180904,,案例库/货币崩溃篇/02_2008津巴布韦恶性通胀/案例档案.md,案例库/货币崩溃篇/02_2008津巴布韦恶性通胀/案例档案.md:91,,,,,,,,,,,,,source,METADATA_ONLY_LICENSE,,NOT_REQUESTED,,public GET; no authentication; archive user-agent,,2026-08-16,新闻/媒体版权，默认仅保存元数据,,metadata_only,,,,保留元数据和原链接，不抓取或再分发正文。
WEB-0178,web,1. 委内瑞拉伦敦黄金（31 吨/约 10 亿美元）被冻结：Reuters/BBC 2019–2020 年报道,BBC,,07_会计合规与制裁,C,限定会计分类、托管、制裁、外汇管制和合法可用性边界。,案例库/地缘冲突与制裁篇/05_2019委内瑞拉伦敦黄金冻结/案例档案.md；案例库/货币崩溃篇/09_2023-2024阿根廷比索危机/案例档案.md,须以原文、数据口径、发布时间和适用许可为准；媒体或行业资料不得替代核心A级证据。,https://www.bbc.com/news/world-latin-america,https://www.bbc.com/news/world-latin-america,,案例库/地缘冲突与制裁篇/05_2019委内瑞拉伦敦黄金冻结/案例档案.md | 案例库/货币崩溃篇/09_2023-2024阿根廷比索危机/案例档案.md,案例库/地缘冲突与制裁篇/05_2019委内瑞拉伦敦黄金冻结/案例档案.md:86 | 案例库/货币崩溃篇/09_2023-2024阿根廷比索危机/案例档案.md:99,,,,,,,,,,,,,source,METADATA_ONLY_LICENSE,,NOT_REQUESTED,,public GET; no authentication; archive user-agent,,2026-08-16,新闻/媒体版权，默认仅保存元数据,,metadata_only,,,,保留元数据和原链接，不抓取或再分发正文。
WEB-0179,web,3. 2018 年向俄销售黄金与德银抵押被没收：Reuters/BBC,BBC,,06_黄金美元与储备配置,C,比较美元、短债、黄金、人民币资产与套保工具的周期性作用。,案例库/货币崩溃篇/03_2015-2021委内瑞拉玻利瓦尔/案例档案.md,须以原文、数据口径、发布时间和适用许可为准；媒体或行业资料不得替代核心A级证据。,https://www.bbc.com/news/world-latin-america-47844418,https://www.bbc.com/news/world-latin-america-47844418,,案例库/货币崩溃篇/03_2015-2021委内瑞拉玻利瓦尔/案例档案.md,案例库/货币崩溃篇/03_2015-2021委内瑞拉玻利瓦尔/案例档案.md:92,,,,,,,,,,,,,source,METADATA_ONLY_LICENSE,,NOT_REQUESTED,,public GET; no authentication; archive user-agent,,2026-08-16,新闻/媒体版权，默认仅保存元数据,,metadata_only,,,,保留元数据和原链接，不抓取或再分发正文。
WEB-0180,web,6. 伊朗央行金本位/黄金担保数字货币（2025）：Reuters/BBC Persian 报道,BBC,,06_黄金美元与储备配置,C,比较美元、短债、黄金、人民币资产与套保工具的周期性作用。,案例库/货币崩溃篇/08_2010-2025伊朗里亚尔/案例档案.md,须以原文、数据口径、发布时间和适用许可为准；媒体或行业资料不得替代核心A级证据。,https://www.bbc.com/persian,https://www.bbc.com/persian,,案例库/货币崩溃篇/08_2010-2025伊朗里亚尔/案例档案.md,案例库/货币崩溃篇/08_2010-2025伊朗里亚尔/案例档案.md:97,,,,,,,,,,,,,source,METADATA_ONLY_LICENSE,,NOT_REQUESTED,,public GET; no authentication; archive user-agent,,2026-08-16,新闻/媒体版权，默认仅保存元数据,,metadata_only,,,,保留元数据和原链接，不抓取或再分发正文。
WEB-0181,web,4. 阿根廷央行（BCRA）历史汇率与通胀数据,www.bcra.gob.ar,,05_全球周期与历史危机,A,识别全球经济周期、资产泡沫、信用危机、衰退与历史制度差异。,案例库/宏观危机篇/13_2001阿根廷债务危机/案例档案.md；案例库/货币崩溃篇/09_2023-2024阿根廷比索危机/案例档案.md,须以原文、数据口径、发布时间和适用许可为准；媒体或行业资料不得替代核心A级证据。,https://www.bcra.gob.ar/en/,https://www.bcra.gob.ar/en,,案例库/宏观危机篇/13_2001阿根廷债务危机/案例档案.md | 案例库/货币崩溃篇/09_2023-2024阿根廷比索危机/案例档案.md,案例库/宏观危机篇/13_2001阿根廷债务危机/案例档案.md:93 | 案例库/货币崩溃篇/09_2023-2024阿根廷比索危机/案例档案.md:93,,,,,,,,,,,,,source,METADATA_ONLY_LICENSE,,NOT_REQUESTED,,public GET; no authentication; archive user-agent,,2026-08-16,许可未明确，默认仅保存元数据,,metadata_only,,,,保留元数据和原链接，不抓取或再分发正文。
WEB-0182,web,analisis e investigacion,www.bde.es,,04_国别货币与中国出海,D,支持亚非拉国别风险、汇率、通胀、资本管制和中国投资暴露研究。,计划书/02_项目执行与协作手册.pdf,须以原文、数据口径、发布时间和适用许可为准；媒体或行业资料不得替代核心A级证据。,https://www.bde.es/wbe/en/areas-actuacion/analisis-e-investigacion/,https://www.bde.es/wbe/en/areas-actuacion/analisis-e-investigacion,,计划书/02_项目执行与协作手册.pdf,计划书/02_项目执行与协作手册.pdf:1235,,,,,,,,,,,,,source,METADATA_ONLY_LICENSE,,NOT_REQUESTED,,public GET; no authentication; archive user-agent,,2026-08-16,许可未明确，默认仅保存元数据,,metadata_only,,,,保留元数据和原链接，不抓取或再分发正文。
WEB-0183,web,www.bde.es 来源资料（WEB-0183）,www.bde.es,,06_黄金美元与储备配置,D,比较美元、短债、黄金、人民币资产与套保工具的周期性作用。,计划书/02_项目执行与协作手册.pdf；计划书/03_多币种流动性与黄金战略储备周期配置计划书.pdf；计划书/03_多币种流动性与黄金战略储备周期配置计划书.tex；计划书/04_亚非拉国别风险与多币种储备智能决策平台总计划书.pdf；计划书/04_亚非拉国别风险与多币种储备智能决策平台总计划书.tex；计划书/05_全球经济周期与亚非拉国别风险多币种储备智能决策平台总计划书.pdf；计划书/05_全球经济周期与亚非拉国别风险多币种储备智能决策平台总计划书.tex；计划书/references.bib,须以原文、数据口径、发布时间和适用许可为准；媒体或行业资料不得替代核心A级证据。,https://www.bde.es/wbe/en/areas-actuacion/analisis-e-investigacion/recursos/indices-de-riesgo-geopolitico-generales-y-bilaterales-para-34-economias-6075d2451c9da91.html,https://www.bde.es/wbe/en/areas-actuacion/analisis-e-investigacion/recursos/indices-de-riesgo-geopolitico-generales-y-bilaterales-para-34-economias-6075d2451c9da91.html,,计划书/02_项目执行与协作手册.pdf | 计划书/03_多币种流动性与黄金战略储备周期配置计划书.pdf | 计划书/03_多币种流动性与黄金战略储备周期配置计划书.tex | 计划书/04_亚非拉国别风险与多币种储备智能决策平台总计划书.pdf | 计划书/04_亚非拉国别风险与多币种储备智能决策平台总计划书.tex | 计划书/05_全球经济周期与亚非拉国别风险多币种储备智能决策平台总计划书.pdf | 计划书/05_全球经济周期与亚非拉国别风险多币种储备智能决策平台总计划书.tex | 计划书/references.bib,计划书/02_项目执行与协作手册.pdf:annotation-1 | 计划书/02_项目执行与协作手册.pdf:annotation-2 | 计划书/02_项目执行与协作手册.pdf:annotation-3 | 计划书/03_多币种流动性与黄金战略储备周期配置计划书.pdf:annotation-16 | 计划书/03_多币种流动性与黄金战略储备周期配置计划书.pdf:annotation-17 | 计划书/03_多币种流动性与黄金战略储备周期配置计划书.tex:796 | 计划书/04_亚非拉国别风险与多币种储备智能决策平台总计划书.pdf:annotation-28 | 计划书/04_亚非拉国别风险与多币种储备智能决策平台总计划书.pdf:annotation-29 | 计划书/04_亚非拉国别风险与多币种储备智能决策平台总计划书.tex:2078 | 计划书/05_全球经济周期与亚非拉国别风险多币种储备智能决策平台总计划书.pdf:annotation-28 | 计划书/05_全球经济周期与亚非拉国别风险多币种储备智能决策平台总计划书.pdf:annotation-29 | 计划书/05_全球经济周期与亚非拉国别风险多币种储备智能决策平台总计划书.tex:2435 | 计划书/references.bib:80,,,,.html,,,,,,,,,source,METADATA_ONLY_LICENSE,,NOT_REQUESTED,,public GET; no authentication; archive user-agent,,2026-08-16,许可未明确，默认仅保存元数据,,metadata_only,,,,保留元数据和原链接，不抓取或再分发正文。
WEB-0184,web,BDO，2018,www.bdo.ae,,07_会计合规与制裁,D,限定会计分类、托管、制裁、外汇管制和合法可用性边界。,跨国公司黄金硬通货需求调研报告.md,须以原文、数据口径、发布时间和适用许可为准；媒体或行业资料不得替代核心A级证据。,https://www.bdo.ae/getattachment/Services/Audit-Assurance/IFRS-Advisory-Services/IFRS-PUBLICATIONS/IFRB-2018-02-Argentina-and-IAS-29.pdf.aspx?lang,https://www.bdo.ae/getattachment/Services/Audit-Assurance/IFRS-Advisory-Services/IFRS-PUBLICATIONS/IFRB-2018-02-Argentina-and-IAS-29.pdf.aspx?lang=,,跨国公司黄金硬通货需求调研报告.md,跨国公司黄金硬通货需求调研报告.md:76 | 跨国公司黄金硬通货需求调研报告.md:76,,,,.aspx,,,,,,,,,source,METADATA_ONLY_LICENSE,,NOT_REQUESTED,,public GET; no authentication; archive user-agent,,2026-08-16,许可未明确，默认仅保存元数据,,metadata_only,,,,保留元数据和原链接，不抓取或再分发正文。
WEB-0185,web,8. BDO《IAS 29 应用指引》,www.bdo.global,,08_企业案例与公开披露,D,核验企业海外收入、汇兑损益、冻结、退出和储备配置事实。,案例库/微观企业篇/03_ABInBev阿根廷/案例档案.md,须以原文、数据口径、发布时间和适用许可为准；媒体或行业资料不得替代核心A级证据。,https://www.bdo.global/,https://www.bdo.global/,,案例库/微观企业篇/03_ABInBev阿根廷/案例档案.md,案例库/微观企业篇/03_ABInBev阿根廷/案例档案.md:80,,,,,,,,,,,,,source,METADATA_ONLY_LICENSE,,NOT_REQUESTED,,public GET; no authentication; archive user-agent,,2026-08-16,许可未明确，默认仅保存元数据,,metadata_only,,,,保留元数据和原链接，不抓取或再分发正文。
WEB-0186,web,Berkshire 2011 股东信,www.berkshirehathaway.com,,08_企业案例与公开披露,D,核验企业海外收入、汇兑损益、冻结、退出和储备配置事实。,跨国公司黄金硬通货需求调研报告.md,须以原文、数据口径、发布时间和适用许可为准；媒体或行业资料不得替代核心A级证据。,https://www.berkshirehathaway.com/letters/2011ltr.pdf,https://www.berkshirehathaway.com/letters/2011ltr.pdf,https://www.berkshirehathaway.com/letters/2011ltr.pdf,跨国公司黄金硬通货需求调研报告.md,跨国公司黄金硬通货需求调研报告.md:42 | 跨国公司黄金硬通货需求调研报告.md:42,,08_企业案例与公开披露/外部原件/WEB-0186_Berkshire_2011_股东信/original.pdf,application/pdf,.pdf,129396,6f5125e45c30007cd3188092cd59d339c7d8266b2f6c8e87387ad397ac1c0083,,,,,,,source,DOWNLOADED_VERIFIED,200,GET,2026-08-15T19:30:50.260Z,public GET; no authentication; archive user-agent,"{""date"":""Sat, 15 Aug 2026 19:30:49 GMT"",""content_type"":""application/pdf"",""content_length"":""116543"",""last_modified"":""Thu, 05 May 2016 11:27:51 GMT"",""etag"":"""",""content_disposition"":"""",""cache_control"":""max-age=315360000""}",2026-08-16,公开可访问但再分发范围未完全确认，仅本机归档,,private_only,,,,使用本地原件；引用时保留发布机构、原URL、访问日期和许可。
WEB-0187,web,Bank for International Settlements,Bank for International Settlements,,06_黄金美元与储备配置,B,比较美元、短债、黄金、人民币资产与套保工具的周期性作用。,计划书/03_多币种流动性与黄金战略储备周期配置计划书.pdf,须以原文、数据口径、发布时间和适用许可为准；媒体或行业资料不得替代核心A级证据。,https://www.bis.org/,https://www.bis.org/,https://www.bis.org/,计划书/03_多币种流动性与黄金战略储备周期配置计划书.pdf,计划书/03_多币种流动性与黄金战略储备周期配置计划书.pdf:1245,,"06_黄金美元与储备配置/外部原件/WEB-0187_change_Reserve_Returns,_BIS_Working_Papers_No._906,_2020,/original.html",text/html; charset=UTF-8,.html,22687,61cf12682777db0d747928e7407de47ef6ca488ed92897ca86c2bd973d882917,,,,,,,source,DOWNLOADED_VERIFIED,200,GET,2026-08-15T19:30:50.504Z,public GET; no authentication; archive user-agent,"{""date"":""Sat, 15 Aug 2026 19:30:51 GMT"",""content_type"":""text/html; charset=UTF-8"",""content_length"":""4855"",""last_modified"":""Sat, 13 Jun 2026 08:10:17 GMT"",""etag"":""\""589f-6541e1fb3a02d-br\"""",""content_disposition"":"""",""cache_control"":""public, max-age=60""}",2026-08-16,政府/国际组织公开资料，按原站署名与条款使用,,shared,,,,使用本地原件；引用时保留发布机构、原URL、访问日期和许可。
WEB-0188,web,7. BIS（国际清算银行）1998 年年报第六章——危机对商品与金价的压制作用：,Bank for International Settlements,,08_企业案例与公开披露,B,核验企业海外收入、汇兑损益、冻结、退出和储备配置事实。,案例库/宏观危机篇/07_1997亚洲金融危机/案例档案.md,须以原文、数据口径、发布时间和适用许可为准；媒体或行业资料不得替代核心A级证据。,https://www.bis.org/publ/ar98b06.pdf,https://www.bis.org/publ/ar98b06.pdf,https://www.bis.org/publ/ar98b06.pdf,案例库/宏观危机篇/07_1997亚洲金融危机/案例档案.md,案例库/宏观危机篇/07_1997亚洲金融危机/案例档案.md:72,,08_企业案例与公开披露/外部原件/WEB-0188_7._BIS（国际清算银行）1998_年年报第六章——危机对商品与金价的压制作用：/original.pdf,application/pdf,.pdf,295299,bc471d38f6813af429dfa1c1d8052f4e1c4ea67011f05659d9b08dd261f8e48a,,,,,,,source,DOWNLOADED_VERIFIED,200,GET,2026-08-15T19:30:52.751Z,public GET; no authentication; archive user-agent,"{""date"":""Sat, 15 Aug 2026 19:30:52 GMT"",""content_type"":""application/pdf"",""content_length"":""295299"",""last_modified"":""Mon, 12 Dec 2005 11:16:48 GMT"",""etag"":""\""48183-407b7def74800\"""",""content_disposition"":"""",""cache_control"":""""}",2026-08-16,政府/国际组织公开资料，按原站署名与条款使用,,shared,,,,使用本地原件；引用时保留发布机构、原URL、访问日期和许可。
WEB-0189,web,Bank for International Settlements 来源资料（WEB-0189）,Bank for International Settlements,,04_国别货币与中国出海,B,支持亚非拉国别风险、汇率、通胀、资本管制和中国投资暴露研究。,计划书/01_项目可行性研究与参赛方案书.pdf；计划书/references.bib,须以原文、数据口径、发布时间和适用许可为准；媒体或行业资料不得替代核心A级证据。,https://www.bis.org/publ/bcbs238.pdf,https://www.bis.org/publ/bcbs238.pdf,https://www.bis.org/publ/bcbs238.pdf,计划书/01_项目可行性研究与参赛方案书.pdf | 计划书/references.bib,计划书/01_项目可行性研究与参赛方案书.pdf:annotation-1 | 计划书/01_项目可行性研究与参赛方案书.pdf:annotation-2 | 计划书/references.bib:118,,04_国别货币与中国出海/外部原件/WEB-0189_PDF_link_annotation_/original.pdf,application/pdf,.pdf,441806,cb2d45abd8a04243c750d6eea841129897ad1a2f72296574ea18a394719f9c33,,,,,,,source,DOWNLOADED_VERIFIED,200,GET,2026-08-15T19:30:53.409Z,public GET; no authentication; archive user-agent,"{""date"":""Sat, 15 Aug 2026 19:30:54 GMT"",""content_type"":""application/pdf"",""content_length"":""441806"",""last_modified"":""Mon, 07 Jan 2013 16:01:00 GMT"",""etag"":""\""6bdce-4d2b4ef71c700\"""",""content_disposition"":"""",""cache_control"":""""}",2026-08-16,政府/国际组织公开资料，按原站署名与条款使用,,shared,,,,使用本地原件；引用时保留发布机构、原URL、访问日期和许可。
WEB-0190,web,"work, BIS Papers No. 38, 2008,",Bank for International Settlements,,06_黄金美元与储备配置,B,比较美元、短债、黄金、人民币资产与套保工具的周期性作用。,计划书/03_多币种流动性与黄金战略储备周期配置计划书.pdf；计划书/03_多币种流动性与黄金战略储备周期配置计划书.tex,须以原文、数据口径、发布时间和适用许可为准；媒体或行业资料不得替代核心A级证据。,https://www.bis.org/publ/bppdf/bispap38.pdf.,https://www.bis.org/publ/bppdf/bispap38.pdf,https://www.bis.org/publ/bppdf/bispap38.pdf,计划书/03_多币种流动性与黄金战略储备周期配置计划书.pdf | 计划书/03_多币种流动性与黄金战略储备周期配置计划书.tex,计划书/03_多币种流动性与黄金战略储备周期配置计划书.pdf:1249 | 计划书/03_多币种流动性与黄金战略储备周期配置计划书.pdf:annotation-21 | 计划书/03_多币种流动性与黄金战略储备周期配置计划书.tex:802,,"06_黄金美元与储备配置/外部原件/WEB-0190_work,_BIS_Papers_No._38,_2008,/original.pdf",application/pdf,.pdf,129519,e2615e8d13420a7de04a20b91300a3e7f18166c1c3fa37e00730602893d4fb2e,,,,,,,source,DOWNLOADED_VERIFIED,200,GET,2026-08-15T19:30:54.073Z,public GET; no authentication; archive user-agent,"{""date"":""Sat, 15 Aug 2026 19:30:53 GMT"",""content_type"":""application/pdf"",""content_length"":""129519"",""last_modified"":""Mon, 10 Mar 2008 23:00:00 GMT"",""etag"":""\""1f9ef-4481d29d63c00\"""",""content_disposition"":"""",""cache_control"":""""}",2026-08-16,政府/国际组织公开资料，按原站署名与条款使用,,shared,,,,使用本地原件；引用时保留发布机构、原URL、访问日期和许可。
WEB-0191,web,What share for gold? On the interaction of gold and foreign exchange reserve returns,Bank for International Settlements,,06_黄金美元与储备配置,B,比较美元、短债、黄金、人民币资产与套保工具的周期性作用。,计划书/03_多币种流动性与黄金战略储备周期配置计划书.pdf；计划书/03_多币种流动性与黄金战略储备周期配置计划书.tex,须以原文、数据口径、发布时间和适用许可为准；媒体或行业资料不得替代核心A级证据。,https://www.bis.org/publ/work906.htm,https://www.bis.org/publ/work906.htm,https://www.bis.org/publ/work906.htm,计划书/03_多币种流动性与黄金战略储备周期配置计划书.pdf | 计划书/03_多币种流动性与黄金战略储备周期配置计划书.tex,计划书/03_多币种流动性与黄金战略储备周期配置计划书.pdf:annotation-18 | 计划书/03_多币种流动性与黄金战略储备周期配置计划书.pdf:annotation-19 | 计划书/03_多币种流动性与黄金战略储备周期配置计划书.pdf:annotation-20 | 计划书/03_多币种流动性与黄金战略储备周期配置计划书.tex:799,,06_黄金美元与储备配置/外部原件/WEB-0191_PDF_link_annotation_/original.html,text/html; charset=UTF-8,.html,35140,d13eae2b10d576b9e1935948f4d535e96250770952fa87881a1d513cba760c6d,,,,,,,source,DOWNLOADED_VERIFIED,200,GET,2026-08-15T19:30:54.735Z,public GET; no authentication; archive user-agent,"{""date"":""Sat, 15 Aug 2026 19:30:53 GMT"",""content_type"":""text/html; charset=UTF-8"",""content_length"":""4929"",""last_modified"":""Sat, 13 Jun 2026 08:06:44 GMT"",""etag"":""\""8944-6541e12fb6053-br\"""",""content_disposition"":"""",""cache_control"":""public, max-age=60""}",2026-08-16,政府/国际组织公开资料，按原站署名与条款使用,,shared,,,,使用本地原件；引用时保留发布机构、原URL、访问日期和许可。
WEB-0192,web,"umentation,",Bank for International Settlements,,04_国别货币与中国出海,B,支持亚非拉国别风险、汇率、通胀、资本管制和中国投资暴露研究。,计划书/05_全球经济周期与亚非拉国别风险多币种储备智能决策平台总计划书.pdf；计划书/05_全球经济周期与亚非拉国别风险多币种储备智能决策平台总计划书.tex,须以原文、数据口径、发布时间和适用许可为准；媒体或行业资料不得替代核心A级证据。,https://www.bis.org/statistics/pp_selected_documentation.pdf,https://www.bis.org/statistics/pp_selected_documentation.pdf,https://www.bis.org/statistics/pp_selected_documentation.pdf,计划书/05_全球经济周期与亚非拉国别风险多币种储备智能决策平台总计划书.pdf | 计划书/05_全球经济周期与亚非拉国别风险多币种储备智能决策平台总计划书.tex,计划书/05_全球经济周期与亚非拉国别风险多币种储备智能决策平台总计划书.pdf:5461 | 计划书/05_全球经济周期与亚非拉国别风险多币种储备智能决策平台总计划书.pdf:annotation-50 | 计划书/05_全球经济周期与亚非拉国别风险多币种储备智能决策平台总计划书.tex:2468,,"04_国别货币与中国出海/外部原件/WEB-0192_umentation,/original.pdf",application/pdf,.pdf,339102,930dee047abf352639b960f057f2b3a5054bf6edad93276b2894925e843f7747,,,,,,,source,DOWNLOADED_VERIFIED,200,GET,2026-08-15T19:30:55.390Z,public GET; no authentication; archive user-agent,"{""date"":""Sat, 15 Aug 2026 19:30:54 GMT"",""content_type"":""application/pdf"",""content_length"":""339102"",""last_modified"":""Thu, 28 May 2026 08:00:00 GMT"",""etag"":""\""52c9e-652dc1d698000\"""",""content_disposition"":"""",""cache_control"":""""}",2026-08-16,政府/国际组织公开资料，按原站署名与条款使用,,shared,,,,使用本地原件；引用时保留发布机构、原URL、访问日期和许可。
WEB-0193,web,"黄金. Bank for International Settlements, 2013, pp. 1–75. url:",www.bis,,06_黄金美元与储备配置,D,比较美元、短债、黄金、人民币资产与套保工具的周期性作用。,计划书/01_项目可行性研究与参赛方案书.pdf,须以原文、数据口径、发布时间和适用许可为准；媒体或行业资料不得替代核心A级证据。,https://www.bis.,https://www.bis/,,计划书/01_项目可行性研究与参赛方案书.pdf,计划书/01_项目可行性研究与参赛方案书.pdf:1384,,,,,,,,,,,,,source,METADATA_ONLY_LICENSE,,NOT_REQUESTED,,public GET; no authentication; archive user-agent,,2026-08-16,许可未明确，默认仅保存元数据,,metadata_only,,,,保留元数据和原链接，不抓取或再分发正文。
WEB-0194,web,CPI Home : U.S. Bureau of Labor Statistics,www.bls.gov,,05_全球周期与历史危机,A,识别全球经济周期、资产泡沫、信用危机、衰退与历史制度差异。,案例库/宏观危机篇/16_2022美联储激进加息周期/案例档案.md；案例库/宏观危机篇/17_1980-2000黄金熊市_反面案例/案例档案.md,须以原文、数据口径、发布时间和适用许可为准；媒体或行业资料不得替代核心A级证据。,https://www.bls.gov/cpi/,https://www.bls.gov/cpi,https://www.bls.gov/cpi/,案例库/宏观危机篇/16_2022美联储激进加息周期/案例档案.md | 案例库/宏观危机篇/17_1980-2000黄金熊市_反面案例/案例档案.md,案例库/宏观危机篇/16_2022美联储激进加息周期/案例档案.md:93 | 案例库/宏观危机篇/17_1980-2000黄金熊市_反面案例/案例档案.md:85,,05_全球周期与历史危机/外部原件/WEB-0194_1._美国_CPI_数据（2022-06_峰值_9.1%）：美国劳工统计局：_/original.html,text/html,.html,100471,f85be0158b5c7a950ff34869925f45e0446cbe212aa24c8b354aa36be87d7a7c,,,,,,,source,DOWNLOADED_VERIFIED,200,GET,2026-08-15T19:30:55.625Z,public GET; no authentication; archive user-agent,"{""date"":""Sat, 15 Aug 2026 19:30:55 GMT"",""content_type"":""text/html"",""content_length"":""34032"",""last_modified"":"""",""etag"":"""",""content_disposition"":"""",""cache_control"":""""}",2026-08-16,政府/国际组织公开资料，按原站署名与条款使用,,shared,,,,使用本地原件；引用时保留发布机构、原URL、访问日期和许可。
WEB-0195,web,"Databases, Tables & Calculators by Subject : U.S. Bureau of Labor Statistics",www.bls.gov,,06_黄金美元与储备配置,A,比较美元、短债、黄金、人民币资产与套保工具的周期性作用。,最终数据/最终数据/outputs/019f56e7-91fe-7a43-b1d0-ae50e45c9d0c/金银价格预测_官方数据与因素台账_20260713.xlsx；最终数据/最终数据/outputs/019f56e7-91fe-7a43-b1d0-ae50e45c9d0c/金银价格预测_官方数据与因素台账_20260713.xlsx.inspect.ndjson,须以原文、数据口径、发布时间和适用许可为准；媒体或行业资料不得替代核心A级证据。,https://www.bls.gov/data/,https://www.bls.gov/data,https://www.bls.gov/data/,最终数据/最终数据/outputs/019f56e7-91fe-7a43-b1d0-ae50e45c9d0c/金银价格预测_官方数据与因素台账_20260713.xlsx | 最终数据/最终数据/outputs/019f56e7-91fe-7a43-b1d0-ae50e45c9d0c/金银价格预测_官方数据与因素台账_20260713.xlsx.inspect.ndjson,最终数据/最终数据/outputs/019f56e7-91fe-7a43-b1d0-ae50e45c9d0c/金银价格预测_官方数据与因素台账_20260713.xlsx:xl/worksheets/sheet2.xml | 最终数据/最终数据/outputs/019f56e7-91fe-7a43-b1d0-ae50e45c9d0c/金银价格预测_官方数据与因素台账_20260713.xlsx.inspect.ndjson:649,,06_黄金美元与储备配置/外部原件/WEB-0195_XLSX_entry_xl_worksheets_sheet2.xml/original.html,text/html,.html,147708,f8b283e6e44096b16b76e3e0bfb53795145d899ececfa62db0be51a3a98689b7,,,,,,,source,DOWNLOADED_VERIFIED,200,GET,2026-08-15T19:30:56.281Z,public GET; no authentication; archive user-agent,"{""date"":""Sat, 15 Aug 2026 19:30:55 GMT"",""content_type"":""text/html"",""content_length"":""42081"",""last_modified"":"""",""etag"":"""",""content_disposition"":"""",""cache_control"":""""}",2026-08-16,政府/国际组织公开资料，按原站署名与条款使用,,shared,,,,使用本地原件；引用时保留发布机构、原URL、访问日期和许可。
WEB-0196,web,4. 墨西哥股市 IPC 指数历史数据,www.bmv.com.mx,,05_全球周期与历史危机,D,识别全球经济周期、资产泡沫、信用危机、衰退与历史制度差异。,案例库/宏观危机篇/11_1994墨西哥龙舌兰危机/案例档案.md,须以原文、数据口径、发布时间和适用许可为准；媒体或行业资料不得替代核心A级证据。,https://www.bmv.com.mx/en/indices/indice-de-precios-y-cotizaciones-ipc,https://www.bmv.com.mx/en/indices/indice-de-precios-y-cotizaciones-ipc,,案例库/宏观危机篇/11_1994墨西哥龙舌兰危机/案例档案.md,案例库/宏观危机篇/11_1994墨西哥龙舌兰危机/案例档案.md:92,,,,,,,,,,,,,source,METADATA_ONLY_LICENSE,,NOT_REQUESTED,,public GET; no authentication; archive user-agent,,2026-08-16,许可未明确，默认仅保存元数据,,metadata_only,,,,保留元数据和原链接，不抓取或再分发正文。
WEB-0197,web,Home : 日本銀行 Bank of Japan,Bank of Japan,,05_全球周期与历史危机,B,识别全球经济周期、资产泡沫、信用危机、衰退与历史制度差异。,计划书/05_全球经济周期与亚非拉国别风险多币种储备智能决策平台总计划书.pdf,须以原文、数据口径、发布时间和适用许可为准；媒体或行业资料不得替代核心A级证据。,https://www.boj.or.jp/en/,https://www.boj.or.jp/en,https://www.boj.or.jp/en,计划书/05_全球经济周期与亚非拉国别风险多币种储备智能决策平台总计划书.pdf,计划书/05_全球经济周期与亚非拉国别风险多币种储备智能决策平台总计划书.pdf:5465,,"05_全球周期与历史危机/外部原件/WEB-0197_Accord,_bubble_formation_and_subsequent_adjustment,/original.html",text/html;charset=UTF-8,.html,63804,98b838fde242c46644013ba128b2dc638411c00f94766178c660407757704b19,,,,,,,source,DOWNLOADED_VERIFIED,200,GET,2026-08-15T19:30:56.596Z,public GET; no authentication; archive user-agent,"{""date"":""Sat, 15 Aug 2026 19:30:55 GMT"",""content_type"":""text/html;charset=UTF-8"",""content_length"":""10236"",""last_modified"":"""",""etag"":""\""233854\"""",""content_disposition"":"""",""cache_control"":""""}",2026-08-16,政府/国际组织公开资料，按原站署名与条款使用,,shared,,,,使用本地原件；引用时保留发布机构、原URL、访问日期和许可。
WEB-0198,web,Speech by Board Member Kamezaki in Mie (Recent Economic and Financial Developments in Japan) : 日本銀行 Bank of Japan,Bank of Japan,,05_全球周期与历史危机,B,识别全球经济周期、资产泡沫、信用危机、衰退与历史制度差异。,计划书/05_全球经济周期与亚非拉国别风险多币种储备智能决策平台总计划书.pdf；计划书/05_全球经济周期与亚非拉国别风险多币种储备智能决策平台总计划书.tex,须以原文、数据口径、发布时间和适用许可为准；媒体或行业资料不得替代核心A级证据。,https://www.boj.or.jp/en/about/press/koen_2011/ko110906a.htm,https://www.boj.or.jp/en/about/press/koen_2011/ko110906a.htm,https://www.boj.or.jp/en/about/press/koen_2011/ko110906a.htm,计划书/05_全球经济周期与亚非拉国别风险多币种储备智能决策平台总计划书.pdf | 计划书/05_全球经济周期与亚非拉国别风险多币种储备智能决策平台总计划书.tex,计划书/05_全球经济周期与亚非拉国别风险多币种储备智能决策平台总计划书.pdf:5473 | 计划书/05_全球经济周期与亚非拉国别风险多币种储备智能决策平台总计划书.pdf:annotation-53 | 计划书/05_全球经济周期与亚非拉国别风险多币种储备智能决策平台总计划书.tex:2474,,05_全球周期与历史危机/外部原件/WEB-0198_PDF_link_annotation_/original.html,text/html;charset=UTF-8,.html,72399,6cd7072952339cfab70abd8572101c5400697de5b3dbb03c8f4702a989b0d9d2,,,,,,,source,DOWNLOADED_VERIFIED,200,GET,2026-08-15T19:30:57.251Z,public GET; no authentication; archive user-agent,"{""date"":""Sat, 15 Aug 2026 19:30:56 GMT"",""content_type"":""text/html;charset=UTF-8"",""content_length"":""17704"",""last_modified"":"""",""etag"":""\""233854\"""",""content_disposition"":"""",""cache_control"":""""}",2026-08-16,政府/国际组织公开资料，按原站署名与条款使用,,shared,,,,使用本地原件；引用时保留发布机构、原URL、访问日期和许可。
WEB-0199,web,"Speech by Board Member NAKAMURA in Miyazaki (Economic Activity, Prices, and Monetary Policy in Japan (via webcast)) : 日本銀行 Bank of Japan",Bank of Japan,,05_全球周期与历史危机,B,识别全球经济周期、资产泡沫、信用危机、衰退与历史制度差异。,计划书/05_全球经济周期与亚非拉国别风险多币种储备智能决策平台总计划书.pdf；计划书/05_全球经济周期与亚非拉国别风险多币种储备智能决策平台总计划书.tex,须以原文、数据口径、发布时间和适用许可为准；媒体或行业资料不得替代核心A级证据。,https://www.boj.or.jp/en/about/press/koen_2021/ko210831a.htm,https://www.boj.or.jp/en/about/press/koen_2021/ko210831a.htm,https://www.boj.or.jp/en/about/press/koen_2021/ko210831a.htm,计划书/05_全球经济周期与亚非拉国别风险多币种储备智能决策平台总计划书.pdf | 计划书/05_全球经济周期与亚非拉国别风险多币种储备智能决策平台总计划书.tex,计划书/05_全球经济周期与亚非拉国别风险多币种储备智能决策平台总计划书.pdf:annotation-51 | 计划书/05_全球经济周期与亚非拉国别风险多币种储备智能决策平台总计划书.pdf:annotation-52 | 计划书/05_全球经济周期与亚非拉国别风险多币种储备智能决策平台总计划书.tex:2471,,05_全球周期与历史危机/外部原件/WEB-0199_PDF_link_annotation_/original.html,text/html;charset=UTF-8,.html,68065,a86fca936b24ec51f571fce5d2bbb343afd00a7f2252e183a647eed45ca5ad0f,,,,,,,source,DOWNLOADED_VERIFIED,200,GET,2026-08-15T19:30:57.252Z,public GET; no authentication; archive user-agent,"{""date"":""Sat, 15 Aug 2026 19:30:56 GMT"",""content_type"":""text/html;charset=UTF-8"",""content_length"":""17019"",""last_modified"":"""",""etag"":""\""233854\"""",""content_disposition"":"""",""cache_control"":""""}",2026-08-16,政府/国际组织公开资料，按原站署名与条款使用,,shared,,,,使用本地原件；引用时保留发布机构、原URL、访问日期和许可。
WEB-0200,web,Flow of Funds : 日本銀行 Bank of Japan,Bank of Japan,,05_全球周期与历史危机,B,识别全球经济周期、资产泡沫、信用危机、衰退与历史制度差异。,案例库/宏观危机篇/10_1990日本资产泡沫破裂/案例档案.md,须以原文、数据口径、发布时间和适用许可为准；媒体或行业资料不得替代核心A级证据。,https://www.boj.or.jp/en/statistics/sj/index.htm,https://www.boj.or.jp/en/statistics/sj/index.htm,https://www.boj.or.jp/en/statistics/sj/index.htm,案例库/宏观危机篇/10_1990日本资产泡沫破裂/案例档案.md,案例库/宏观危机篇/10_1990日本资产泡沫破裂/案例档案.md:90,,05_全球周期与历史危机/外部原件/WEB-0200_5._日银资金循环统计（家庭金融资产）：日本银行，_/original.html,text/html;charset=UTF-8,.html,59428,7fb54356d530ac6a3819419e021afbbefed8c6d524a299f30a7e97e4cc495ecf,,,,,,,source,DOWNLOADED_VERIFIED,200,GET,2026-08-15T19:30:57.254Z,public GET; no authentication; archive user-agent,"{""date"":""Sat, 15 Aug 2026 19:30:56 GMT"",""content_type"":""text/html;charset=UTF-8"",""content_length"":""9172"",""last_modified"":"""",""etag"":""\""233854\"""",""content_disposition"":"""",""cache_control"":""""}",2026-08-16,政府/国际组织公开资料，按原站署名与条款使用,,shared,,,,使用本地原件；引用时保留发布机构、原URL、访问日期和许可。
WEB-0201,web,"5. Britannica, ""Hyperinflation in the Weimar Republic (1922–23)""。",www.britannica.com,,04_国别货币与中国出海,D,支持亚非拉国别风险、汇率、通胀、资本管制和中国投资暴露研究。,案例库/货币崩溃篇/01_1923魏玛德国恶性通胀/案例档案.md,须以原文、数据口径、发布时间和适用许可为准；媒体或行业资料不得替代核心A级证据。,https://www.britannica.com/event/hyperinflation-in-the-Weimar-Republic,https://www.britannica.com/event/hyperinflation-in-the-Weimar-Republic,,案例库/货币崩溃篇/01_1923魏玛德国恶性通胀/案例档案.md,案例库/货币崩溃篇/01_1923魏玛德国恶性通胀/案例档案.md:47,,,,,,,,,,,,,source,METADATA_ONLY_LICENSE,,NOT_REQUESTED,,public GET; no authentication; archive user-agent,,2026-08-16,许可未明确，默认仅保存元数据,,metadata_only,,,,保留元数据和原链接，不抓取或再分发正文。
WEB-0202,web,"4. Britannica（大英百科全书）：""Silver Thursday""（亨特兄弟持仓与 1980 年银价崩盘），",www.britannica.com,,05_全球周期与历史危机,D,识别全球经济周期、资产泡沫、信用危机、衰退与历史制度差异。,案例库/宏观危机篇/03_1971布雷顿森林解体/案例档案.md；案例库/宏观危机篇/04_1973-1980滞胀大牛市/案例档案.md,须以原文、数据口径、发布时间和适用许可为准；媒体或行业资料不得替代核心A级证据。,https://www.britannica.com/topic/Silver-Thursday,https://www.britannica.com/topic/Silver-Thursday,,案例库/宏观危机篇/03_1971布雷顿森林解体/案例档案.md | 案例库/宏观危机篇/04_1973-1980滞胀大牛市/案例档案.md,案例库/宏观危机篇/03_1971布雷顿森林解体/案例档案.md:56 | 案例库/宏观危机篇/04_1973-1980滞胀大牛市/案例档案.md:64,,,,,,,,,,,,,source,METADATA_ONLY_LICENSE,,NOT_REQUESTED,,public GET; no authentication; archive user-agent,,2026-08-16,许可未明确，默认仅保存元数据,,metadata_only,,,,保留元数据和原链接，不抓取或再分发正文。
WEB-0203,web,2. BullionVault（2009）：《Gold in the Depression》，Homestake EPS、股息数据及里士满联储 John Walter（2005）银行倒闭统计。,www.bullionvault.com,,05_全球周期与历史危机,D,识别全球经济周期、资产泡沫、信用危机、衰退与历史制度差异。,案例库/宏观危机篇/01_1929大萧条/案例档案.md,须以原文、数据口径、发布时间和适用许可为准；媒体或行业资料不得替代核心A级证据。,https://www.bullionvault.com/gold-news/history/gold-depression-06082009,https://www.bullionvault.com/gold-news/history/gold-depression-06082009,,案例库/宏观危机篇/01_1929大萧条/案例档案.md,案例库/宏观危机篇/01_1929大萧条/案例档案.md:43,,,,,,,,,,,,,source,METADATA_ONLY_LICENSE,,NOT_REQUESTED,,public GET; no authentication; archive user-agent,,2026-08-16,新闻/媒体版权，默认仅保存元数据,,metadata_only,,,,保留元数据和原链接，不抓取或再分发正文。
WEB-0204,web,"1. BullionVault（Adrian Ash），2023年，""Gold's Big Price Crash, 10 Year On""——两日跌幅、季度-25.4%、TIPS相关性、GLD流出等细节",www.bullionvault.com,,05_全球周期与历史危机,D,识别全球经济周期、资产泡沫、信用危机、衰退与历史制度差异。,案例库/宏观危机篇/11_2013黄金暴跌（反面案例）/案例档案.md,须以原文、数据口径、发布时间和适用许可为准；媒体或行业资料不得替代核心A级证据。,https://www.bullionvault.com/gold-news/opinion-analysis/golds-big-price-crash-10-year-07072023,https://www.bullionvault.com/gold-news/opinion-analysis/golds-big-price-crash-10-year-07072023,,案例库/宏观危机篇/11_2013黄金暴跌（反面案例）/案例档案.md,案例库/宏观危机篇/11_2013黄金暴跌（反面案例）/案例档案.md:54,,,,,,,,,,,,,source,METADATA_ONLY_LICENSE,,NOT_REQUESTED,,public GET; no authentication; archive user-agent,,2026-08-16,新闻/媒体版权，默认仅保存元数据,,metadata_only,,,,保留元数据和原链接，不抓取或再分发正文。
WEB-0205,web,"2. BullionVault, Adrian Ash, ""How Does Gold Perform When Stock Markets Crash?""（2024）：黑色星期一当日金价 +3.2%。",www.bullionvault.com,,05_全球周期与历史危机,D,识别全球经济周期、资产泡沫、信用危机、衰退与历史制度差异。,案例库/宏观危机篇/06_1987黑色星期一/案例档案.md,须以原文、数据口径、发布时间和适用许可为准；媒体或行业资料不得替代核心A级证据。,https://www.bullionvault.com/gold-news/opinion-analysis/how-does-gold-price-perform-stock-market-crash-080720241,https://www.bullionvault.com/gold-news/opinion-analysis/how-does-gold-price-perform-stock-market-crash-080720241,,案例库/宏观危机篇/06_1987黑色星期一/案例档案.md,案例库/宏观危机篇/06_1987黑色星期一/案例档案.md:75,,,,,,,,,,,,,source,METADATA_ONLY_LICENSE,,NOT_REQUESTED,,public GET; no authentication; archive user-agent,,2026-08-16,新闻/媒体版权，默认仅保存元数据,,metadata_only,,,,保留元数据和原链接，不抓取或再分发正文。
WEB-0206,web,3. Merval 指数历史数据,www.byma.com.ar,,05_全球周期与历史危机,D,识别全球经济周期、资产泡沫、信用危机、衰退与历史制度差异。,案例库/宏观危机篇/13_2001阿根廷债务危机/案例档案.md,须以原文、数据口径、发布时间和适用许可为准；媒体或行业资料不得替代核心A级证据。,https://www.byma.com.ar/en/indices/indice-merval,https://www.byma.com.ar/en/indices/indice-merval,,案例库/宏观危机篇/13_2001阿根廷债务危机/案例档案.md,案例库/宏观危机篇/13_2001阿根廷债务危机/案例档案.md:92,,,,,,,,,,,,,source,METADATA_ONLY_LICENSE,,NOT_REQUESTED,,public GET; no authentication; archive user-agent,,2026-08-16,许可未明确，默认仅保存元数据,,metadata_only,,,,保留元数据和原链接，不抓取或再分发正文。
WEB-0207,web,CAFI 报告 PDF,www.cafi.org.cn,,08_企业案例与公开披露,D,核验企业海外收入、汇兑损益、冻结、退出和储备配置事实。,企业资产配置调研报告.md,须以原文、数据口径、发布时间和适用许可为准；媒体或行业资料不得替代核心A级证据。,https://www.cafi.org.cn/upload/portal/20250217/eedd01c8680e2444e0bedf31c5f12d56.pdf,https://www.cafi.org.cn/upload/portal/20250217/eedd01c8680e2444e0bedf31c5f12d56.pdf,https://www.cafi.org.cn/upload/portal/20250217/eedd01c8680e2444e0bedf31c5f12d56.pdf,企业资产配置调研报告.md,企业资产配置调研报告.md:23 | 企业资产配置调研报告.md:23,,08_企业案例与公开披露/外部原件/WEB-0207_CAFI_报告_PDF/original.pdf,application/pdf,.pdf,4234107,2581e09b38a0590a36431440c699135b18e4244ce4709160de794625f78e4c97,,,,,,,source,DOWNLOADED_VERIFIED,200,GET,2026-08-15T19:30:57.372Z,public GET; no authentication; archive user-agent,"{""date"":""Sat, 15 Aug 2026 19:30:57 GMT"",""content_type"":""application/pdf"",""content_length"":""4234107"",""last_modified"":""Mon, 17 Feb 2025 06:17:29 GMT"",""etag"":""\""67b2d479-409b7b\"""",""content_disposition"":"""",""cache_control"":""""}",2026-08-16,公开可访问但再分发范围未完全确认，仅本机归档,,private_only,,,,使用本地原件；引用时保留发布机构、原URL、访问日期和许可。
WEB-0208,web,2. 埃及 CPI（2023-09 峰值 38.0%）：埃及中央公共动员与统计局（CAPMAS）,www.capmas.gov.eg,,04_国别货币与中国出海,A,支持亚非拉国别风险、汇率、通胀、资本管制和中国投资暴露研究。,案例库/货币崩溃篇/07_2022-2024埃及镑贬值/案例档案.md,须以原文、数据口径、发布时间和适用许可为准；媒体或行业资料不得替代核心A级证据。,https://www.capmas.gov.eg/,https://www.capmas.gov.eg/,,案例库/货币崩溃篇/07_2022-2024埃及镑贬值/案例档案.md,案例库/货币崩溃篇/07_2022-2024埃及镑贬值/案例档案.md:90,,,,,,,,,,,,,source,METADATA_ONLY_LICENSE,,NOT_REQUESTED,,public GET; no authentication; archive user-agent,,2026-08-16,许可未明确，默认仅保存元数据,,metadata_only,,,,保留元数据和原链接，不抓取或再分发正文。
WEB-0209,web,"1. 德意志联邦银行（Deutsche Bundesbank）历史统计档案，转引自 Cato Institute：Hanke & Krus, ""World Hyperinflations"", Cato Working Paper No. 8, 2012。",www.cato.org,,04_国别货币与中国出海,D,支持亚非拉国别风险、汇率、通胀、资本管制和中国投资暴露研究。,案例库/货币崩溃篇/01_1923魏玛德国恶性通胀/案例档案.md；案例库/货币崩溃篇/02_2008津巴布韦恶性通胀/案例档案.md,须以原文、数据口径、发布时间和适用许可为准；媒体或行业资料不得替代核心A级证据。,https://www.cato.org/sites/cato.org/files/pubs/pdf/workingpaper-8.pdf,https://www.cato.org/sites/cato.org/files/pubs/pdf/workingpaper-8.pdf,https://www.cato.org/sites/cato.org/files/pubs/pdf/workingpaper-8.pdf,案例库/货币崩溃篇/01_1923魏玛德国恶性通胀/案例档案.md | 案例库/货币崩溃篇/02_2008津巴布韦恶性通胀/案例档案.md,案例库/货币崩溃篇/01_1923魏玛德国恶性通胀/案例档案.md:43 | 案例库/货币崩溃篇/02_2008津巴布韦恶性通胀/案例档案.md:88,,,,.pdf,,,,,,,,,source,PAYWALL_OR_AUTH,403,GET,2026-08-15T19:30:57.467Z,public GET; no authentication; archive user-agent,"{""date"":"""",""content_type"":""text/html"",""content_length"":""772"",""last_modified"":"""",""etag"":"""",""content_disposition"":"""",""cache_control"":""no-cache, no-store""}",2026-08-16,公开可访问但再分发范围未完全确认，仅本机归档,,private_only,,,HTTP 403,
WEB-0210,web,3. 2022–2024 年三次贬值时间线：Reuters/Bloomberg 报道及埃及央行（CBE）公告,www.cbe.org.eg,,04_国别货币与中国出海,D,支持亚非拉国别风险、汇率、通胀、资本管制和中国投资暴露研究。,案例库/货币崩溃篇/07_2022-2024埃及镑贬值/案例档案.md,须以原文、数据口径、发布时间和适用许可为准；媒体或行业资料不得替代核心A级证据。,https://www.cbe.org.eg/,https://www.cbe.org.eg/,,案例库/货币崩溃篇/07_2022-2024埃及镑贬值/案例档案.md,案例库/货币崩溃篇/07_2022-2024埃及镑贬值/案例档案.md:91,,,,,,,,,,,,,source,METADATA_ONLY_LICENSE,,NOT_REQUESTED,,public GET; no authentication; archive user-agent,,2026-08-16,许可未明确，默认仅保存元数据,,metadata_only,,,,保留元数据和原链接，不抓取或再分发正文。
WEB-0211,web,7. 尼日利亚央行（CBN）外汇改革声明（2023-06 统一汇率）,www.cbn.gov.ng,,08_企业案例与公开披露,A,核验企业海外收入、汇兑损益、冻结、退出和储备配置事实。,案例库/货币崩溃篇/06_2022-2024尼日利亚奈拉崩溃/案例档案.md；案例库/微观企业篇/01_MTN尼日利亚/案例档案.md；案例库/微观企业篇/02_雀巢尼日利亚/案例档案.md,须以原文、数据口径、发布时间和适用许可为准；媒体或行业资料不得替代核心A级证据。,https://www.cbn.gov.ng/,https://www.cbn.gov.ng/,,案例库/货币崩溃篇/06_2022-2024尼日利亚奈拉崩溃/案例档案.md | 案例库/微观企业篇/01_MTN尼日利亚/案例档案.md | 案例库/微观企业篇/02_雀巢尼日利亚/案例档案.md,案例库/货币崩溃篇/06_2022-2024尼日利亚奈拉崩溃/案例档案.md:98 | 案例库/微观企业篇/01_MTN尼日利亚/案例档案.md:77 | 案例库/微观企业篇/02_雀巢尼日利亚/案例档案.md:78,,,,,,,,,,,,,source,METADATA_ONLY_LICENSE,,NOT_REQUESTED,,public GET; no authentication; archive user-agent,,2026-08-16,许可未明确，默认仅保存元数据,,metadata_only,,,,保留元数据和原链接，不抓取或再分发正文。
WEB-0212,web,www.cboe.com 来源资料（WEB-0212）,www.cboe.com,,06_黄金美元与储备配置,D,比较美元、短债、黄金、人民币资产与套保工具的周期性作用。,最终数据/最终数据/outputs/019f56e7-91fe-7a43-b1d0-ae50e45c9d0c/金银价格预测_官方数据与因素台账_20260713.xlsx；最终数据/最终数据/outputs/019f56e7-91fe-7a43-b1d0-ae50e45c9d0c/金银价格预测_官方数据与因素台账_20260713.xlsx.inspect.ndjson,须以原文、数据口径、发布时间和适用许可为准；媒体或行业资料不得替代核心A级证据。,https://www.cboe.com/tradable_products/vix/,https://www.cboe.com/tradable_products/vix,,最终数据/最终数据/outputs/019f56e7-91fe-7a43-b1d0-ae50e45c9d0c/金银价格预测_官方数据与因素台账_20260713.xlsx | 最终数据/最终数据/outputs/019f56e7-91fe-7a43-b1d0-ae50e45c9d0c/金银价格预测_官方数据与因素台账_20260713.xlsx.inspect.ndjson,最终数据/最终数据/outputs/019f56e7-91fe-7a43-b1d0-ae50e45c9d0c/金银价格预测_官方数据与因素台账_20260713.xlsx:xl/worksheets/sheet2.xml | 最终数据/最终数据/outputs/019f56e7-91fe-7a43-b1d0-ae50e45c9d0c/金银价格预测_官方数据与因素台账_20260713.xlsx.inspect.ndjson:649,,,,,,,,,,,,,source,METADATA_ONLY_LICENSE,,NOT_REQUESTED,,public GET; no authentication; archive user-agent,,2026-08-16,许可未明确，默认仅保存元数据,,metadata_only,,,,保留元数据和原链接，不抓取或再分发正文。
WEB-0213,web,"4. 俄央行固定价 5,000 卢布/克购金：俄罗斯央行（CBR）公告",www.cbr.ru,,07_会计合规与制裁,D,限定会计分类、托管、制裁、外汇管制和合法可用性边界。,案例库/地缘冲突与制裁篇/02_2022俄罗斯黄金制裁免疫/案例档案.md；案例库/地缘冲突与制裁篇/06_2014克里米亚危机-卢布暴跌/案例档案.md,须以原文、数据口径、发布时间和适用许可为准；媒体或行业资料不得替代核心A级证据。,https://www.cbr.ru/eng/,https://www.cbr.ru/eng,,案例库/地缘冲突与制裁篇/02_2022俄罗斯黄金制裁免疫/案例档案.md | 案例库/地缘冲突与制裁篇/06_2014克里米亚危机-卢布暴跌/案例档案.md,案例库/地缘冲突与制裁篇/02_2022俄罗斯黄金制裁免疫/案例档案.md:82 | 案例库/地缘冲突与制裁篇/06_2014克里米亚危机-卢布暴跌/案例档案.md:86,,,,,,,,,,,,,source,METADATA_ONLY_LICENSE,,NOT_REQUESTED,,public GET; no authentication; archive user-agent,,2026-08-16,许可未明确，默认仅保存元数据,,metadata_only,,,,保留元数据和原链接，不抓取或再分发正文。
WEB-0214,web,www.cftc.gov 来源资料（WEB-0214）,www.cftc.gov,,06_黄金美元与储备配置,A,比较美元、短债、黄金、人民币资产与套保工具的周期性作用。,最终数据/最终数据/outputs/019f56e7-91fe-7a43-b1d0-ae50e45c9d0c/黄金价格传导链因素与时序数据_20260724.xlsx；最终数据/最终数据/outputs/019f56e7-91fe-7a43-b1d0-ae50e45c9d0c/黄金价格传导链因素与时序数据_20260724.xlsx.inspect.ndjson；最终数据/最终数据/outputs/019f56e7-91fe-7a43-b1d0-ae50e45c9d0c/金银价格波动影响因素与时序数据_20260726.xlsx；最终数据/最终数据/outputs/019f56e7-91fe-7a43-b1d0-ae50e45c9d0c/金银价格波动影响因素与时序数据_20260726.xlsx.inspect.ndjson；最终数据/最终数据/outputs/019f56e7-91fe-7a43-b1d0-ae50e45c9d0c/金银价格波动影响因素与时序数据_中文字段版_20260726.xlsx；最终数据/最终数据/outputs/019f56e7-91fe-7a43-b1d0-ae50e45c9d0c/金银价格波动影响因素与时序数据_中文字段版_20260726.xlsx.inspect.ndjson；最终数据/最终数据/outputs/019f56e7-91fe-7a43-b1d0-ae50e45c9d0c/金银价格预测_官方数据与因素台账_20260713.xlsx；最终数据/最终数据/outputs/019f56e7-91fe-7a43-b1d0-ae50e45c9d0c/金银价格预测_官方数据与因素台账_20260713.xlsx.inspect.ndjson,须以原文、数据口径、发布时间和适用许可为准；媒体或行业资料不得替代核心A级证据。,https://www.cftc.gov/MarketReports/CommitmentsofTraders/HistoricalCompressed/index.htm,https://www.cftc.gov/MarketReports/CommitmentsofTraders/HistoricalCompressed/index.htm,,最终数据/最终数据/outputs/019f56e7-91fe-7a43-b1d0-ae50e45c9d0c/黄金价格传导链因素与时序数据_20260724.xlsx | 最终数据/最终数据/outputs/019f56e7-91fe-7a43-b1d0-ae50e45c9d0c/黄金价格传导链因素与时序数据_20260724.xlsx.inspect.ndjson | 最终数据/最终数据/outputs/019f56e7-91fe-7a43-b1d0-ae50e45c9d0c/金银价格波动影响因素与时序数据_20260726.xlsx | 最终数据/最终数据/outputs/019f56e7-91fe-7a43-b1d0-ae50e45c9d0c/金银价格波动影响因素与时序数据_20260726.xlsx.inspect.ndjson | 最终数据/最终数据/outputs/019f56e7-91fe-7a43-b1d0-ae50e45c9d0c/金银价格波动影响因素与时序数据_中文字段版_20260726.xlsx | 最终数据/最终数据/outputs/019f56e7-91fe-7a43-b1d0-ae50e45c9d0c/金银价格波动影响因素与时序数据_中文字段版_20260726.xlsx.inspect.ndjson | 最终数据/最终数据/outputs/019f56e7-91fe-7a43-b1d0-ae50e45c9d0c/金银价格预测_官方数据与因素台账_20260713.xlsx | 最终数据/最终数据/outputs/019f56e7-91fe-7a43-b1d0-ae50e45c9d0c/金银价格预测_官方数据与因素台账_20260713.xlsx.inspect.ndjson,最终数据/最终数据/outputs/019f56e7-91fe-7a43-b1d0-ae50e45c9d0c/黄金价格传导链因素与时序数据_20260724.xlsx:xl/worksheets/sheet11.xml | 最终数据/最终数据/outputs/019f56e7-91fe-7a43-b1d0-ae50e45c9d0c/黄金价格传导链因素与时序数据_20260724.xlsx.inspect.ndjson:80405 | 最终数据/最终数据/outputs/019f56e7-91fe-7a43-b1d0-ae50e45c9d0c/金银价格波动影响因素与时序数据_20260726.xlsx:xl/worksheets/sheet12.xml | 最终数据/最终数据/outputs/019f56e7-91fe-7a43-b1d0-ae50e45c9d0c/金银价格波动影响因素与时序数据_20260726.xlsx.inspect.ndjson:91397 | 最终数据/最终数据/outputs/019f56e7-91fe-7a43-b1d0-ae50e45c9d0c/金银价格波动影响因素与时序数据_中文字段版_20260726.xlsx:xl/worksheets/sheet13.xml | 最终数据/最终数据/outputs/019f56e7-91fe-7a43-b1d0-ae50e45c9d0c/金银价格波动影响因素与时序数据_中文字段版_20260726.xlsx.inspect.ndjson:91689 | 最终数据/最终数据/outputs/019f56e7-91fe-7a43-b1d0-ae50e45c9d0c/金银价格预测_官方数据与因素台账_20260713.xlsx:xl/worksheets/sheet2.xml | 最终数据/最终数据/outputs/019f56e7-91fe-7a43-b1d0-ae50e45c9d0c/金银价格预测_官方数据与因素台账_20260713.xlsx.inspect.ndjson:649,,,,.htm,,,,,,,,,source,METADATA_ONLY_LICENSE,,NOT_REQUESTED,,public GET; no authentication; archive user-agent,,2026-08-16,许可未明确，默认仅保存元数据,,metadata_only,,,,保留元数据和原链接，不抓取或再分发正文。
WEB-0215,web,Channels TV，2024,www.channelstv.com,,08_企业案例与公开披露,D,核验企业海外收入、汇兑损益、冻结、退出和储备配置事实。,案例库/微观企业篇/02_雀巢尼日利亚/案例档案.md；跨国公司黄金硬通货需求调研报告.md,须以原文、数据口径、发布时间和适用许可为准；媒体或行业资料不得替代核心A级证据。,https://www.channelstv.com/2024/02/28/nestle-nigeria-posts-n104bn-loss-for-2023/,https://www.channelstv.com/2024/02/28/nestle-nigeria-posts-n104bn-loss-for-2023,,案例库/微观企业篇/02_雀巢尼日利亚/案例档案.md | 跨国公司黄金硬通货需求调研报告.md,案例库/微观企业篇/02_雀巢尼日利亚/案例档案.md:75 | 跨国公司黄金硬通货需求调研报告.md:56 | 跨国公司黄金硬通货需求调研报告.md:56,,,,,,,,,,,,,source,METADATA_ONLY_LICENSE,,NOT_REQUESTED,,public GET; no authentication; archive user-agent,,2026-08-16,许可未明确，默认仅保存元数据,,metadata_only,,,,保留元数据和原链接，不抓取或再分发正文。
WEB-0216,web,National Financial Conditions Index: Current Data - Federal Reserve Bank of Chicago,Federal Reserve Bank of Chicago,,04_国别货币与中国出海,B,支持亚非拉国别风险、汇率、通胀、资本管制和中国投资暴露研究。,计划书/05_全球经济周期与亚非拉国别风险多币种储备智能决策平台总计划书.pdf；计划书/05_全球经济周期与亚非拉国别风险多币种储备智能决策平台总计划书.tex,须以原文、数据口径、发布时间和适用许可为准；媒体或行业资料不得替代核心A级证据。,https://www.chicagofed.org/research/data/nfci/current-data,https://www.chicagofed.org/research/data/nfci/current-data,https://www.chicagofed.org/research/data/nfci/current-data,计划书/05_全球经济周期与亚非拉国别风险多币种储备智能决策平台总计划书.pdf | 计划书/05_全球经济周期与亚非拉国别风险多币种储备智能决策平台总计划书.tex,计划书/05_全球经济周期与亚非拉国别风险多币种储备智能决策平台总计划书.pdf:5445 | 计划书/05_全球经济周期与亚非拉国别风险多币种储备智能决策平台总计划书.pdf:annotation-44 | 计划书/05_全球经济周期与亚非拉国别风险多币种储备智能决策平台总计划书.tex:2456,,04_国别货币与中国出海/外部原件/WEB-0216_PDF_link_annotation_/original.html,text/html; charset=utf-8,.html,82668,49ffc7215a7627f1316bdc27072293d98c944b51cae247a8f80906ded317baaf,,,,,,,source,DOWNLOADED_VERIFIED,200,GET,2026-08-15T19:30:57.523Z,public GET; no authentication; archive user-agent,"{""date"":""Sat, 15 Aug 2026 19:30:56 GMT"",""content_type"":""text/html; charset=utf-8"",""content_length"":""12198"",""last_modified"":""Tue, 05 May 2026 15:48:37 GMT"",""etag"":"""",""content_disposition"":"""",""cache_control"":""no-cache, no-store""}",2026-08-16,政府/国际组织公开资料，按原站署名与条款使用,,shared,,,,使用本地原件；引用时保留发布机构、原URL、访问日期和许可。
WEB-0217,web,正保会计网校，2025,www.chinaacc.com,,07_会计合规与制裁,D,限定会计分类、托管、制裁、外汇管制和合法可用性边界。,企业资产配置调研报告.md,须以原文、数据口径、发布时间和适用许可为准；媒体或行业资料不得替代核心A级证据。,https://www.chinaacc.com/zhuceshuiwushi/jhwd/zy20250626114216.shtml,https://www.chinaacc.com/zhuceshuiwushi/jhwd/zy20250626114216.shtml,,企业资产配置调研报告.md,企业资产配置调研报告.md:160 | 企业资产配置调研报告.md:160,,,,.shtml,,,,,,,,,source,METADATA_ONLY_LICENSE,,NOT_REQUESTED,,public GET; no authentication; archive user-agent,,2026-08-16,许可未明确，默认仅保存元数据,,metadata_only,,,,保留元数据和原链接，不抓取或再分发正文。
WEB-0218,web,2. 中国黄金集团黄金珠宝股份有限公司官网/公告,www.chinagoldsh.com,,07_会计合规与制裁,D,限定会计分类、托管、制裁、外汇管制和合法可用性边界。,案例库/微观企业篇/10_中国黄金会计错配_反面/案例档案.md,须以原文、数据口径、发布时间和适用许可为准；媒体或行业资料不得替代核心A级证据。,https://www.chinagoldsh.com/portal/cn/index.html,https://www.chinagoldsh.com/portal/cn/index.html,,案例库/微观企业篇/10_中国黄金会计错配_反面/案例档案.md,案例库/微观企业篇/10_中国黄金会计错配_反面/案例档案.md:73,,,,.html,,,,,,,,,source,METADATA_ONLY_LICENSE,,NOT_REQUESTED,,public GET; no authentication; archive user-agent,,2026-08-16,许可未明确，默认仅保存元数据,,metadata_only,,,,保留元数据和原链接，不抓取或再分发正文。
WEB-0219,web,CICPA 刊载研究，2017,www.cicpa.org.cn,,08_企业案例与公开披露,D,核验企业海外收入、汇兑损益、冻结、退出和储备配置事实。,企业资产配置调研报告.md,须以原文、数据口径、发布时间和适用许可为准；媒体或行业资料不得替代核心A级证据。,https://www.cicpa.org.cn/ztzl1/zgzckjs/zazhi2017/202012/P020230523520286146501.pdf,https://www.cicpa.org.cn/ztzl1/zgzckjs/zazhi2017/202012/P020230523520286146501.pdf,https://www.cicpa.org.cn/ztzl1/zgzckjs/zazhi2017/202012/P020230523520286146501.pdf,企业资产配置调研报告.md,企业资产配置调研报告.md:34 | 企业资产配置调研报告.md:34 | 企业资产配置调研报告.md:43 | 企业资产配置调研报告.md:43,,08_企业案例与公开披露/外部原件/WEB-0219_CICPA_刊载研究，2017/original.pdf,application/pdf,.pdf,10041219,53004c854d204f8ff6d558d4ab81bf30df7983b4bacc883f48ee752152fb8a5d,,,,,,,source,DOWNLOADED_VERIFIED,200,GET,2026-08-15T19:30:57.676Z,public GET; no authentication; archive user-agent,"{""date"":""Sat, 15 Aug 2026 19:30:56 GMT"",""content_type"":""application/pdf"",""content_length"":""10041219"",""last_modified"":""Tue, 23 May 2023 06:27:09 GMT"",""etag"":""\""993783-5fc567a143d05\"""",""content_disposition"":"""",""cache_control"":""""}",2026-08-16,公开可访问但再分发范围未完全确认，仅本机归档,,private_only,,,,使用本地原件；引用时保留发布机构、原URL、访问日期和许可。
WEB-0220,web,2. 传音 2024-10 三季报（2024Q3 净利润同比 -44%，归因埃塞俄比亚币贬值汇兑损失）：公司公告/财联社 2024-10 报道,www.cls.cn,,08_企业案例与公开披露,C,核验企业海外收入、汇兑损益、冻结、退出和储备配置事实。,案例库/微观企业篇/04_传音控股/案例档案.md,须以原文、数据口径、发布时间和适用许可为准；媒体或行业资料不得替代核心A级证据。,https://www.cls.cn/,https://www.cls.cn/,,案例库/微观企业篇/04_传音控股/案例档案.md,案例库/微观企业篇/04_传音控股/案例档案.md:75,,,,,,,,,,,,,source,METADATA_ONLY_LICENSE,,NOT_REQUESTED,,public GET; no authentication; archive user-agent,,2026-08-16,新闻/媒体版权，默认仅保存元数据,,metadata_only,,,,保留元数据和原链接，不抓取或再分发正文。
WEB-0221,web,财联社，2025-04,www.cls.cn,,08_企业案例与公开披露,C,核验企业海外收入、汇兑损益、冻结、退出和储备配置事实。,企业资产配置调研报告.md,须以原文、数据口径、发布时间和适用许可为准；媒体或行业资料不得替代核心A级证据。,https://www.cls.cn/detail/1997358,https://www.cls.cn/detail/1997358,,企业资产配置调研报告.md,企业资产配置调研报告.md:66 | 企业资产配置调研报告.md:66,,,,,,,,,,,,,source,METADATA_ONLY_LICENSE,,NOT_REQUESTED,,public GET; no authentication; archive user-agent,,2026-08-16,新闻/媒体版权，默认仅保存元数据,,metadata_only,,,,保留元数据和原链接，不抓取或再分发正文。
WEB-0222,web,财联社，2026-01,www.cls.cn,,08_企业案例与公开披露,C,核验企业海外收入、汇兑损益、冻结、退出和储备配置事实。,企业资产配置调研报告.md,须以原文、数据口径、发布时间和适用许可为准；媒体或行业资料不得替代核心A级证据。,https://www.cls.cn/detail/2272392,https://www.cls.cn/detail/2272392,,企业资产配置调研报告.md,企业资产配置调研报告.md:132 | 企业资产配置调研报告.md:132,,,,,,,,,,,,,source,METADATA_ONLY_LICENSE,,NOT_REQUESTED,,public GET; no authentication; archive user-agent,,2026-08-16,新闻/媒体版权，默认仅保存元数据,,metadata_only,,,,保留元数据和原链接，不抓取或再分发正文。
WEB-0223,web,"2. 财联社（2024/2026）：""以史为鉴：70年代的黄金牛市是如何开始、如何结束的""（1970–74、1977–80 黄金年化收益 32.5%/45.2%），",www.cls.cn,,05_全球周期与历史危机,C,识别全球经济周期、资产泡沫、信用危机、衰退与历史制度差异。,案例库/宏观危机篇/03_1971布雷顿森林解体/案例档案.md,须以原文、数据口径、发布时间和适用许可为准；媒体或行业资料不得替代核心A级证据。,https://www.cls.cn/detail/2341263,https://www.cls.cn/detail/2341263,,案例库/宏观危机篇/03_1971布雷顿森林解体/案例档案.md,案例库/宏观危机篇/03_1971布雷顿森林解体/案例档案.md:54,,,,,,,,,,,,,source,METADATA_ONLY_LICENSE,,NOT_REQUESTED,,public GET; no authentication; archive user-agent,,2026-08-16,新闻/媒体版权，默认仅保存元数据,,metadata_only,,,,保留元数据和原链接，不抓取或再分发正文。
WEB-0224,web,5. WTI 原油负值事件（2020-04-20）：CME Group 与媒体记录,www.cmegroup.com,,05_全球周期与历史危机,D,识别全球经济周期、资产泡沫、信用危机、衰退与历史制度差异。,案例库/宏观危机篇/15_2020疫情全球市场崩盘/案例档案.md,须以原文、数据口径、发布时间和适用许可为准；媒体或行业资料不得替代核心A级证据。,https://www.cmegroup.com/,https://www.cmegroup.com/,,案例库/宏观危机篇/15_2020疫情全球市场崩盘/案例档案.md,案例库/宏观危机篇/15_2020疫情全球市场崩盘/案例档案.md:96,,,,,,,,,,,,,source,METADATA_ONLY_LICENSE,,NOT_REQUESTED,,public GET; no authentication; archive user-agent,,2026-08-16,许可未明确，默认仅保存元数据,,metadata_only,,,,保留元数据和原链接，不抓取或再分发正文。
WEB-0225,web,www.cmegroup.com 来源资料（WEB-0225）,www.cmegroup.com,,06_黄金美元与储备配置,D,比较美元、短债、黄金、人民币资产与套保工具的周期性作用。,最终数据/最终数据/outputs/019f56e7-91fe-7a43-b1d0-ae50e45c9d0c/金银价格预测_官方数据与因素台账_20260713.xlsx；最终数据/最终数据/outputs/019f56e7-91fe-7a43-b1d0-ae50e45c9d0c/金银价格预测_官方数据与因素台账_20260713.xlsx.inspect.ndjson,须以原文、数据口径、发布时间和适用许可为准；媒体或行业资料不得替代核心A级证据。,https://www.cmegroup.com/markets/metals/precious.html,https://www.cmegroup.com/markets/metals/precious.html,,最终数据/最终数据/outputs/019f56e7-91fe-7a43-b1d0-ae50e45c9d0c/金银价格预测_官方数据与因素台账_20260713.xlsx | 最终数据/最终数据/outputs/019f56e7-91fe-7a43-b1d0-ae50e45c9d0c/金银价格预测_官方数据与因素台账_20260713.xlsx.inspect.ndjson,最终数据/最终数据/outputs/019f56e7-91fe-7a43-b1d0-ae50e45c9d0c/金银价格预测_官方数据与因素台账_20260713.xlsx:xl/worksheets/sheet2.xml | 最终数据/最终数据/outputs/019f56e7-91fe-7a43-b1d0-ae50e45c9d0c/金银价格预测_官方数据与因素台账_20260713.xlsx.inspect.ndjson:649,,,,.html,,,,,,,,,source,METADATA_ONLY_LICENSE,,NOT_REQUESTED,,public GET; no authentication; archive user-agent,,2026-08-16,许可未明确，默认仅保存元数据,,metadata_only,,,,保留元数据和原链接，不抓取或再分发正文。
WEB-0226,web,"4. CNBC Indonesia，《Rupiah Nelangsa, Krisis 1997/1998 Terulang?》，2024——印尼盾金价 40,000→73,125 印尼盾/克、通胀 77.63%、GDP -13.7%：",www.cnbcindonesia.com,,05_全球周期与历史危机,D,识别全球经济周期、资产泡沫、信用危机、衰退与历史制度差异。,案例库/宏观危机篇/07_1997亚洲金融危机/案例档案.md,须以原文、数据口径、发布时间和适用许可为准；媒体或行业资料不得替代核心A级证据。,https://www.cnbcindonesia.com/research/20240418153237-128-531396/rupiah-nelangsa-krisis-1997-1998-terulang,https://www.cnbcindonesia.com/research/20240418153237-128-531396/rupiah-nelangsa-krisis-1997-1998-terulang,,案例库/宏观危机篇/07_1997亚洲金融危机/案例档案.md,案例库/宏观危机篇/07_1997亚洲金融危机/案例档案.md:69,,,,,,,,,,,,,source,METADATA_ONLY_LICENSE,,NOT_REQUESTED,,public GET; no authentication; archive user-agent,,2026-08-16,许可未明确，默认仅保存元数据,,metadata_only,,,,保留元数据和原链接，不抓取或再分发正文。
WEB-0227,web,7. 新华网/新华财经，2023，《黎巴嫩本币兑美元汇率跌破 100000 比 1 大关》——黑市破 10 万、累计贬值超 98%。,www.cnfin.com,,06_黄金美元与储备配置,D,比较美元、短债、黄金、人民币资产与套保工具的周期性作用。,案例库/货币崩溃篇/05_2019-2023黎巴嫩镑崩溃/案例档案.md,须以原文、数据口径、发布时间和适用许可为准；媒体或行业资料不得替代核心A级证据。,https://www.cnfin.com/hs-lb/detail/20230314/3822485_1.html,https://www.cnfin.com/hs-lb/detail/20230314/3822485_1.html,,案例库/货币崩溃篇/05_2019-2023黎巴嫩镑崩溃/案例档案.md,案例库/货币崩溃篇/05_2019-2023黎巴嫩镑崩溃/案例档案.md:61,,,,.html,,,,,,,,,source,METADATA_ONLY_LICENSE,,NOT_REQUESTED,,public GET; no authentication; archive user-agent,,2026-08-16,许可未明确，默认仅保存元数据,,metadata_only,,,,保留元数据和原链接，不抓取或再分发正文。
WEB-0228,web,"文本语料,金投网黄金新闻,标题与正文共1303篇,2022-02-01至2025-02-28,文章级→日聚合,金投网,",World Gold Council,,06_黄金美元与储备配置,D,比较美元、短债、黄金、人民币资产与套保工具的周期性作用。,最终数据/最终数据/research/media_sentiment_gold_paper/metadata/dataset_manifest.csv；最终数据/最终数据/research/media_sentiment_gold_paper/outputs/019f56e7-91fe-7a43-b1d0-ae50e45c9d0c/论文数据来源与复现清单.xlsx；最终数据/最终数据/research/media_sentiment_gold_paper/outputs/019f56e7-91fe-7a43-b1d0-ae50e45c9d0c/论文数据来源与复现清单.xlsx.inspect.ndjson；最终数据/最终数据/research/media_sentiment_gold_paper/outputs/019f56e7-91fe-7a43-b1d0-ae50e45c9d0c/workbook_inspect.ndjson；最终数据/最终数据/research/media_sentiment_gold_paper/scripts/build_reproducibility_package.mjs,须以原文、数据口径、发布时间和适用许可为准；媒体或行业资料不得替代核心A级证据。,https://www.cngold.org/,https://www.cngold.org/,,最终数据/最终数据/research/media_sentiment_gold_paper/metadata/dataset_manifest.csv | 最终数据/最终数据/research/media_sentiment_gold_paper/outputs/019f56e7-91fe-7a43-b1d0-ae50e45c9d0c/论文数据来源与复现清单.xlsx | 最终数据/最终数据/research/media_sentiment_gold_paper/outputs/019f56e7-91fe-7a43-b1d0-ae50e45c9d0c/论文数据来源与复现清单.xlsx.inspect.ndjson | 最终数据/最终数据/research/media_sentiment_gold_paper/outputs/019f56e7-91fe-7a43-b1d0-ae50e45c9d0c/workbook_inspect.ndjson | 最终数据/最终数据/research/media_sentiment_gold_paper/scripts/build_reproducibility_package.mjs,最终数据/最终数据/research/media_sentiment_gold_paper/metadata/dataset_manifest.csv:8 | 最终数据/最终数据/research/media_sentiment_gold_paper/outputs/019f56e7-91fe-7a43-b1d0-ae50e45c9d0c/论文数据来源与复现清单.xlsx:xl/worksheets/sheet2.xml | 最终数据/最终数据/research/media_sentiment_gold_paper/outputs/019f56e7-91fe-7a43-b1d0-ae50e45c9d0c/论文数据来源与复现清单.xlsx.inspect.ndjson:79 | 最终数据/最终数据/research/media_sentiment_gold_paper/outputs/019f56e7-91fe-7a43-b1d0-ae50e45c9d0c/workbook_inspect.ndjson:5 | 最终数据/最终数据/research/media_sentiment_gold_paper/scripts/build_reproducibility_package.mjs:99,,,,,,,,,,,,,source,METADATA_ONLY_LICENSE,,NOT_REQUESTED,,public GET; no authentication; archive user-agent,,2026-08-16,新闻/媒体版权，默认仅保存元数据,,metadata_only,,,,保留元数据和原链接，不抓取或再分发正文。
WEB-0229,web,3. 美国财政部 OFAC 对伊朗制裁与 IFCA（2013）条文：美国国会立法《Iran Freedom and Counter-Proliferation Act》,www.congress.gov,,07_会计合规与制裁,A,限定会计分类、托管、制裁、外汇管制和合法可用性边界。,案例库/地缘冲突与制裁篇/04_2012-2013土耳其-伊朗黄金换天然气/案例档案.md,须以原文、数据口径、发布时间和适用许可为准；媒体或行业资料不得替代核心A级证据。,https://www.congress.gov/,https://www.congress.gov/,,案例库/地缘冲突与制裁篇/04_2012-2013土耳其-伊朗黄金换天然气/案例档案.md,案例库/地缘冲突与制裁篇/04_2012-2013土耳其-伊朗黄金换天然气/案例档案.md:83,,,,,,,,,,,,,source,METADATA_ONLY_LICENSE,,NOT_REQUESTED,,public GET; no authentication; archive user-agent,,2026-08-16,许可未明确，默认仅保存元数据,,metadata_only,,,,保留元数据和原链接，不抓取或再分发正文。
WEB-0230,web,Cornerstone Research,www.cornerstone.com,,08_企业案例与公开披露,D,核验企业海外收入、汇兑损益、冻结、退出和储备配置事实。,跨国公司黄金硬通货需求调研报告.md,须以原文、数据口径、发布时间和适用许可为准；媒体或行业资料不得替代核心A级证据。,https://www.cornerstone.com/insights/cases/ashanti-goldfields-securities-litigation/,https://www.cornerstone.com/insights/cases/ashanti-goldfields-securities-litigation,,跨国公司黄金硬通货需求调研报告.md,跨国公司黄金硬通货需求调研报告.md:44 | 跨国公司黄金硬通货需求调研报告.md:44,,,,,,,,,,,,,source,METADATA_ONLY_LICENSE,,NOT_REQUESTED,,public GET; no authentication; archive user-agent,,2026-08-16,许可未明确，默认仅保存元数据,,metadata_only,,,,保留元数据和原链接，不抓取或再分发正文。
WEB-0231,web,CPDbox，2024,www.cpdbox.com,,07_会计合规与制裁,D,限定会计分类、托管、制裁、外汇管制和合法可用性边界。,跨国公司黄金硬通货需求调研报告.md,须以原文、数据口径、发布时间和适用许可为准；媒体或行业资料不得替代核心A级证据。,https://www.cpdbox.com/040-investment-gold-ifrs/,https://www.cpdbox.com/040-investment-gold-ifrs,,跨国公司黄金硬通货需求调研报告.md,跨国公司黄金硬通货需求调研报告.md:91 | 跨国公司黄金硬通货需求调研报告.md:91,,,,,,,,,,,,,source,METADATA_ONLY_LICENSE,,NOT_REQUESTED,,public GET; no authentication; archive user-agent,,2026-08-16,许可未明确，默认仅保存元数据,,metadata_only,,,,保留元数据和原链接，不抓取或再分发正文。
WEB-0232,web,1. Crescat Capital（2024）：《The Countercyclicality of Gold Mining Stocks》，Homestake 与道指 1929–1932 对比数据。,www.crescat.net,,05_全球周期与历史危机,D,识别全球经济周期、资产泡沫、信用危机、衰退与历史制度差异。,案例库/宏观危机篇/01_1929大萧条/案例档案.md；案例库/宏观危机篇/02_1933罗斯福黄金新政/案例档案.md,须以原文、数据口径、发布时间和适用许可为准；媒体或行业资料不得替代核心A级证据。,https://www.crescat.net/the-countercyclicality-of-gold-mining-stocks/,https://www.crescat.net/the-countercyclicality-of-gold-mining-stocks,,案例库/宏观危机篇/01_1929大萧条/案例档案.md | 案例库/宏观危机篇/02_1933罗斯福黄金新政/案例档案.md,案例库/宏观危机篇/01_1929大萧条/案例档案.md:42 | 案例库/宏观危机篇/02_1933罗斯福黄金新政/案例档案.md:53,,,,,,,,,,,,,source,METADATA_ONLY_LICENSE,,NOT_REQUESTED,,public GET; no authentication; archive user-agent,,2026-08-16,许可未明确，默认仅保存元数据,,metadata_only,,,,保留元数据和原链接，不抓取或再分发正文。
WEB-0233,web,4. 银行不良债权处置（100 万亿日元级）：日本金融厅/存款保险机构披露，<,www.dic.go.jp,,05_全球周期与历史危机,D,识别全球经济周期、资产泡沫、信用危机、衰退与历史制度差异。,案例库/宏观危机篇/10_1990日本资产泡沫破裂/案例档案.md,须以原文、数据口径、发布时间和适用许可为准；媒体或行业资料不得替代核心A级证据。,https://www.dic.go.jp/english/,https://www.dic.go.jp/english,,案例库/宏观危机篇/10_1990日本资产泡沫破裂/案例档案.md,案例库/宏观危机篇/10_1990日本资产泡沫破裂/案例档案.md:89,,,,,,,,,,,,,source,METADATA_ONLY_LICENSE,,NOT_REQUESTED,,public GET; no authentication; archive user-agent,,2026-08-16,许可未明确，默认仅保存元数据,,metadata_only,,,,保留元数据和原链接，不抓取或再分发正文。
WEB-0234,web,6. 迪拜黄金贸易枢纽角色：迪拜多种商品交易中心（DMCC）黄金贸易报告,www.dmcc.ae,,07_会计合规与制裁,D,限定会计分类、托管、制裁、外汇管制和合法可用性边界。,案例库/地缘冲突与制裁篇/04_2012-2013土耳其-伊朗黄金换天然气/案例档案.md,须以原文、数据口径、发布时间和适用许可为准；媒体或行业资料不得替代核心A级证据。,https://www.dmcc.ae/,https://www.dmcc.ae/,,案例库/地缘冲突与制裁篇/04_2012-2013土耳其-伊朗黄金换天然气/案例档案.md,案例库/地缘冲突与制裁篇/04_2012-2013土耳其-伊朗黄金换天然气/案例档案.md:86,,,,,,,,,,,,,source,METADATA_ONLY_LICENSE,,NOT_REQUESTED,,public GET; no authentication; archive user-agent,,2026-08-16,许可未明确，默认仅保存元数据,,metadata_only,,,,保留元数据和原链接，不抓取或再分发正文。
WEB-0235,web,亚洲金融危机回顾与思考 - 国务院发展研究中心,www.drc.gov.cn,,05_全球周期与历史危机,A,识别全球经济周期、资产泡沫、信用危机、衰退与历史制度差异。,案例库/宏观危机篇/07_1997亚洲金融危机/案例档案.md,须以原文、数据口径、发布时间和适用许可为准；媒体或行业资料不得替代核心A级证据。,https://www.drc.gov.cn/DocView.aspx?chnid=379&leafid=1338&docid=2905952,https://www.drc.gov.cn/DocView.aspx?chnid=379&leafid=1338&docid=2905952,https://www.drc.gov.cn/DocView.aspx?chnid=379&leafid=1338&docid=2905952,案例库/宏观危机篇/07_1997亚洲金融危机/案例档案.md,案例库/宏观危机篇/07_1997亚洲金融危机/案例档案.md:70,,05_全球周期与历史危机/外部原件/WEB-0235_5._国务院发展研究中心，张瑾《亚洲金融危机回顾与思考》，2022——各国股市跌幅与韩元半年贬值_48%：/original.html,text/html; charset=gb2312,.html,44391,0c20a9cc18acee5269db9b0601bf603ab7f69117769ba80d61dc3ebfcda34805,,,,,,,source,DOWNLOADED_VERIFIED,200,GET,2026-08-15T19:30:57.928Z,public GET; no authentication; archive user-agent,"{""date"":""Sat, 15 Aug 2026 19:30:58 GMT"",""content_type"":""text/html; charset=gb2312"",""content_length"":""22087"",""last_modified"":"""",""etag"":"""",""content_disposition"":"""",""cache_control"":""private""}",2026-08-16,政府/国际组织公开资料，按原站署名与条款使用,,shared,,,,使用本地原件；引用时保留发布机构、原URL、访问日期和许可。
WEB-0236,web,"论文,全文XML,结构化全文与参考文献,2026-02-28,一次性,Europe PMC,",www.ebi.ac.uk,,06_黄金美元与储备配置,D,比较美元、短债、黄金、人民币资产与套保工具的周期性作用。,最终数据/最终数据/research/media_sentiment_gold_paper/metadata/dataset_manifest.csv；最终数据/最终数据/research/media_sentiment_gold_paper/outputs/019f56e7-91fe-7a43-b1d0-ae50e45c9d0c/论文数据来源与复现清单.xlsx；最终数据/最终数据/research/media_sentiment_gold_paper/outputs/019f56e7-91fe-7a43-b1d0-ae50e45c9d0c/论文数据来源与复现清单.xlsx.inspect.ndjson；最终数据/最终数据/research/media_sentiment_gold_paper/outputs/019f56e7-91fe-7a43-b1d0-ae50e45c9d0c/workbook_inspect.ndjson；最终数据/最终数据/research/media_sentiment_gold_paper/scripts/build_reproducibility_package.mjs,须以原文、数据口径、发布时间和适用许可为准；媒体或行业资料不得替代核心A级证据。,https://www.ebi.ac.uk/europepmc/webservices/rest/PMC13025532/fullTextXML,https://www.ebi.ac.uk/europepmc/webservices/rest/PMC13025532/fullTextXML,https://www.ebi.ac.uk/europepmc/webservices/rest/PMC13025532/fullTextXML,最终数据/最终数据/research/media_sentiment_gold_paper/metadata/dataset_manifest.csv | 最终数据/最终数据/research/media_sentiment_gold_paper/outputs/019f56e7-91fe-7a43-b1d0-ae50e45c9d0c/论文数据来源与复现清单.xlsx | 最终数据/最终数据/research/media_sentiment_gold_paper/outputs/019f56e7-91fe-7a43-b1d0-ae50e45c9d0c/论文数据来源与复现清单.xlsx.inspect.ndjson | 最终数据/最终数据/research/media_sentiment_gold_paper/outputs/019f56e7-91fe-7a43-b1d0-ae50e45c9d0c/workbook_inspect.ndjson | 最终数据/最终数据/research/media_sentiment_gold_paper/scripts/build_reproducibility_package.mjs,最终数据/最终数据/research/media_sentiment_gold_paper/metadata/dataset_manifest.csv:3 | 最终数据/最终数据/research/media_sentiment_gold_paper/outputs/019f56e7-91fe-7a43-b1d0-ae50e45c9d0c/论文数据来源与复现清单.xlsx:xl/worksheets/sheet2.xml | 最终数据/最终数据/research/media_sentiment_gold_paper/outputs/019f56e7-91fe-7a43-b1d0-ae50e45c9d0c/论文数据来源与复现清单.xlsx.inspect.ndjson:79 | 最终数据/最终数据/research/media_sentiment_gold_paper/outputs/019f56e7-91fe-7a43-b1d0-ae50e45c9d0c/workbook_inspect.ndjson:5 | 最终数据/最终数据/research/media_sentiment_gold_paper/scripts/build_reproducibility_package.mjs:94,,10_数据集原件与说明/本地原件/最终数据/最终数据/research/media_sentiment_gold_paper/metadata/europepmc_fulltext.xml,application/xml,.xml,289341,1aa9d51b0e09a196758e72f6b58f6df55f42216213930d44fa2eb9e541c71799,,,,,,,source,DUPLICATE_CONTENT,200,GET,2026-08-15T19:30:58.310Z,public GET; no authentication; archive user-agent,"{""date"":""Sat, 15 Aug 2026 19:30:58 GMT"",""content_type"":""application/xml"",""content_length"":"""",""last_modified"":"""",""etag"":"""",""content_disposition"":"""",""cache_control"":""""}",2026-08-16,开放获取或开放仓库，逐项保留原许可,,shared,LCL-0154,,,
WEB-0237,web,European Central Bank,European Central Bank,,05_全球周期与历史危机,B,识别全球经济周期、资产泡沫、信用危机、衰退与历史制度差异。,案例库/宏观危机篇/17_1980-2000黄金熊市_反面案例/案例档案.md,须以原文、数据口径、发布时间和适用许可为准；媒体或行业资料不得替代核心A级证据。,https://www.ecb.europa.eu/,https://www.ecb.europa.eu/,https://www.ecb.europa.eu/home/html/index.en.html,案例库/宏观危机篇/17_1980-2000黄金熊市_反面案例/案例档案.md,案例库/宏观危机篇/17_1980-2000黄金熊市_反面案例/案例档案.md:90,,05_全球周期与历史危机/外部原件/WEB-0237_7._《华盛顿协议》（1999-09）：欧洲央行（ECB）声明：_/original.html,text/html; charset=UTF-8,.html,208598,7b931b488eda4139d49ee3d12499cec2dbc3c70145d9cfccdc54f865f61d9588,,,,,,,source,DOWNLOADED_VERIFIED,200,GET,2026-08-15T19:30:59.430Z,public GET; no authentication; archive user-agent,"{""date"":""Sat, 15 Aug 2026 19:30:59 GMT"",""content_type"":""text/html; charset=UTF-8"",""content_length"":"""",""last_modified"":"""",""etag"":""\""myra-f55c2d9c\"""",""content_disposition"":"""",""cache_control"":""max-age=10""}",2026-08-16,政府/国际组织公开资料，按原站署名与条款使用,,shared,,,,使用本地原件；引用时保留发布机构、原URL、访问日期和许可。
WEB-0238,web,Publications by date,European Central Bank,,05_全球周期与历史危机,B,识别全球经济周期、资产泡沫、信用危机、衰退与历史制度差异。,案例库/宏观危机篇/14_2010欧洲主权债务危机/案例档案.md,须以原文、数据口径、发布时间和适用许可为准；媒体或行业资料不得替代核心A级证据。,https://www.ecb.europa.eu/press/html/index.en.html,https://www.ecb.europa.eu/press/html/index.en.html,https://www.ecb.europa.eu/press/pubbydate/html/index.en.html,案例库/宏观危机篇/14_2010欧洲主权债务危机/案例档案.md,案例库/宏观危机篇/14_2010欧洲主权债务危机/案例档案.md:91,,05_全球周期与历史危机/外部原件/WEB-0238_1._ECB《The_Financial_Crisis_in_the_Global_Economy》与希腊救助文件：_/original.html,text/html; charset=UTF-8,.html,99541,59b3037a3a431ff47d47a8b45380fafa46c28b5261ccc47a4fa951f9498667ad,,,,,,,source,DOWNLOADED_VERIFIED,200,GET,2026-08-15T19:31:00.365Z,public GET; no authentication; archive user-agent,"{""date"":""Sat, 15 Aug 2026 19:31:00 GMT"",""content_type"":""text/html; charset=UTF-8"",""content_length"":"""",""last_modified"":"""",""etag"":""\""myra-be9a3f49\"""",""content_disposition"":"""",""cache_control"":""max-age=60""}",2026-08-16,政府/国际组织公开资料，按原站署名与条款使用,,shared,,,,使用本地原件；引用时保留发布机构、原URL、访问日期和许可。
WEB-0239,web,"5. Burdekin, R.C.K.（2005，EconStor 学术档案）：《US pressure on China's currency: Milton Friedman and the silver purchase program》，1933–1935 年白银价格反弹至 81 美分数据。",www.econstor.eu,,05_全球周期与历史危机,D,识别全球经济周期、资产泡沫、信用危机、衰退与历史制度差异。,案例库/宏观危机篇/01_1929大萧条/案例档案.md,须以原文、数据口径、发布时间和适用许可为准；媒体或行业资料不得替代核心A级证据。,https://www.econstor.eu/bitstream/10419/31418/1/508648971.pdf,https://www.econstor.eu/bitstream/10419/31418/1/508648971.pdf,https://www.econstor.eu/bitstream/10419/31418/1/508648971.pdf,案例库/宏观危机篇/01_1929大萧条/案例档案.md,案例库/宏观危机篇/01_1929大萧条/案例档案.md:46,,"05_全球周期与历史危机/外部原件/WEB-0239_5._Burdekin,_R.C.K.（2005，EconStor_学术档案）：《US_pressure_on_China's_currency/original.pdf",application/pdf,.pdf,473398,7cc53990ea47558ff6fab2afc713e9016476dd9420aaeb59b54c930eb8b0d488,,,,,,,source,DOWNLOADED_VERIFIED,200,GET,2026-08-15T19:31:00.592Z,public GET; no authentication; archive user-agent,"{""date"":""Sat, 15 Aug 2026 19:31:00 GMT"",""content_type"":""application/pdf"",""content_length"":"""",""last_modified"":""Tue, 05 Dec 2023 02:51:18 GMT"",""etag"":"""",""content_disposition"":"""",""cache_control"":""""}",2026-08-16,公开可访问但再分发范围未完全确认，仅本机归档,,private_only,,,,使用本地原件；引用时保留发布机构、原URL、访问日期和许可。
WEB-0240,web,4. 土耳其天然气进口数据：EIA《Turkey》国别分析,www.eia.gov,,07_会计合规与制裁,A,限定会计分类、托管、制裁、外汇管制和合法可用性边界。,案例库/地缘冲突与制裁篇/04_2012-2013土耳其-伊朗黄金换天然气/案例档案.md,须以原文、数据口径、发布时间和适用许可为准；媒体或行业资料不得替代核心A级证据。,https://www.eia.gov/,https://www.eia.gov/,,案例库/地缘冲突与制裁篇/04_2012-2013土耳其-伊朗黄金换天然气/案例档案.md,案例库/地缘冲突与制裁篇/04_2012-2013土耳其-伊朗黄金换天然气/案例档案.md:84,,,,,,,,,,,,,source,METADATA_ONLY_LICENSE,,NOT_REQUESTED,,public GET; no authentication; archive user-agent,,2026-08-16,许可未明确，默认仅保存元数据,,metadata_only,,,,保留元数据和原链接，不抓取或再分发正文。
WEB-0241,web,10. 委内瑞拉石油产量与制裁：EIA,www.eia.gov,,07_会计合规与制裁,A,限定会计分类、托管、制裁、外汇管制和合法可用性边界。,案例库/货币崩溃篇/03_2015-2021委内瑞拉玻利瓦尔/案例档案.md,须以原文、数据口径、发布时间和适用许可为准；媒体或行业资料不得替代核心A级证据。,https://www.eia.gov/international/analysis/country/VEN,https://www.eia.gov/international/analysis/country/VEN,,案例库/货币崩溃篇/03_2015-2021委内瑞拉玻利瓦尔/案例档案.md,案例库/货币崩溃篇/03_2015-2021委内瑞拉玻利瓦尔/案例档案.md:99,,,,,,,,,,,,,source,METADATA_ONLY_LICENSE,,NOT_REQUESTED,,public GET; no authentication; archive user-agent,,2026-08-16,许可未明确，默认仅保存元数据,,metadata_only,,,,保留元数据和原链接，不抓取或再分发正文。
WEB-0242,web,change Restrictions. 2026. url:,International Monetary Fund,,08_企业案例与公开披露,B,核验企业海外收入、汇兑损益、冻结、退出和储备配置事实。,计划书/01_项目可行性研究与参赛方案书.pdf；计划书/02_项目执行与协作手册.pdf；计划书/03_多币种流动性与黄金战略储备周期配置计划书.pdf；计划书/03_多币种流动性与黄金战略储备周期配置计划书.tex；计划书/04_亚非拉国别风险与多币种储备智能决策平台总计划书.pdf；计划书/04_亚非拉国别风险与多币种储备智能决策平台总计划书.tex；计划书/05_全球经济周期与亚非拉国别风险多币种储备智能决策平台总计划书.pdf；计划书/05_全球经济周期与亚非拉国别风险多币种储备智能决策平台总计划书.tex,须以原文、数据口径、发布时间和适用许可为准；媒体或行业资料不得替代核心A级证据。,https://www.elibrary.imf.org/subject/012,https://www.elibrary.imf.org/subject/012,,计划书/01_项目可行性研究与参赛方案书.pdf | 计划书/02_项目执行与协作手册.pdf | 计划书/03_多币种流动性与黄金战略储备周期配置计划书.pdf | 计划书/03_多币种流动性与黄金战略储备周期配置计划书.tex | 计划书/04_亚非拉国别风险与多币种储备智能决策平台总计划书.pdf | 计划书/04_亚非拉国别风险与多币种储备智能决策平台总计划书.tex | 计划书/05_全球经济周期与亚非拉国别风险多币种储备智能决策平台总计划书.pdf | 计划书/05_全球经济周期与亚非拉国别风险多币种储备智能决策平台总计划书.tex | 计划书/references.bib,计划书/01_项目可行性研究与参赛方案书.pdf:1404 | 计划书/01_项目可行性研究与参赛方案书.pdf:annotation-16 | 计划书/02_项目执行与协作手册.pdf:1239 | 计划书/02_项目执行与协作手册.pdf:annotation-4 | 计划书/03_多币种流动性与黄金战略储备周期配置计划书.pdf:1236 | 计划书/03_多币种流动性与黄金战略储备周期配置计划书.pdf:annotation-11 | 计划书/03_多币种流动性与黄金战略储备周期配置计划书.pdf:annotation-12 | 计划书/03_多币种流动性与黄金战略储备周期配置计划书.tex:790 | 计划书/04_亚非拉国别风险与多币种储备智能决策平台总计划书.pdf:4356 | 计划书/04_亚非拉国别风险与多币种储备智能决策平台总计划书.pdf:annotation-26 | 计划书/04_亚非拉国别风险与多币种储备智能决策平台总计划书.tex:2072 | 计划书/05_全球经济周期与亚非拉国别风险多币种储备智能决策平台总计划书.pdf:5412 | 计划书/05_全球经济周期与亚非拉国别风险多币种储备智能决策平台总计划书.pdf:annotation-26 | 计划书/05_全球经济周期与亚非拉国别风险多币种储备智能决策平台总计划书.tex:2429 | 计划书/references.bib:45,,,,,,,,,,,,,source,MANUAL_ACTION_REQUIRED,,NOT_REQUESTED,,public GET; no authentication; archive user-agent,,2026-08-16,需人工接受条款或确认许可,https://www.elibrary.imf.org/subject/012,metadata_only,,,,由用户阅读并接受来源条款后人工下载；登记文件哈希和许可范围。
WEB-0243,web,IMF WP，2020,International Monetary Fund,,08_企业案例与公开披露,B,核验企业海外收入、汇兑损益、冻结、退出和储备配置事实。,跨国公司黄金硬通货需求调研报告.md,须以原文、数据口径、发布时间和适用许可为准；媒体或行业资料不得替代核心A级证据。,https://www.elibrary.imf.org/view/journals/001/2020/179/article-A001-en.xml,https://www.elibrary.imf.org/view/journals/001/2020/179/article-A001-en.xml,,跨国公司黄金硬通货需求调研报告.md,跨国公司黄金硬通货需求调研报告.md:81 | 跨国公司黄金硬通货需求调研报告.md:81,,,,.xml,,,,,,,,,source,MANUAL_ACTION_REQUIRED,,NOT_REQUESTED,,public GET; no authentication; archive user-agent,,2026-08-16,需人工接受条款或确认许可,https://www.elibrary.imf.org/view/journals/001/2020/179/article-A001-en.xml,metadata_only,,,,由用户阅读并接受来源条款后人工下载；登记文件哈希和许可范围。
WEB-0244,web,"3. IMF，2023，《Lebanon: 2023 Article IV Consultation》——黑市汇率 2023 年 3 月中旬达 140,000/美元。",International Monetary Fund,,06_黄金美元与储备配置,B,比较美元、短债、黄金、人民币资产与套保工具的周期性作用。,案例库/货币崩溃篇/05_2019-2023黎巴嫩镑崩溃/案例档案.md,须以原文、数据口径、发布时间和适用许可为准；媒体或行业资料不得替代核心A级证据。,https://www.elibrary.imf.org/view/journals/002/2023/237/article-A001-en.xml,https://www.elibrary.imf.org/view/journals/002/2023/237/article-A001-en.xml,,案例库/货币崩溃篇/05_2019-2023黎巴嫩镑崩溃/案例档案.md,案例库/货币崩溃篇/05_2019-2023黎巴嫩镑崩溃/案例档案.md:57,,,,.xml,,,,,,,,,source,MANUAL_ACTION_REQUIRED,,NOT_REQUESTED,,public GET; no authentication; archive user-agent,,2026-08-16,需人工接受条款或确认许可,https://www.elibrary.imf.org/view/journals/002/2023/237/article-A001-en.xml,metadata_only,,,,由用户阅读并接受来源条款后人工下载；登记文件哈希和许可范围。
WEB-0245,web,"2026/007, 2026,",International Monetary Fund,,06_黄金美元与储备配置,B,比较美元、短债、黄金、人民币资产与套保工具的周期性作用。,计划书/03_多币种流动性与黄金战略储备周期配置计划书.pdf,须以原文、数据口径、发布时间和适用许可为准；媒体或行业资料不得替代核心A级证据。,https://www.elibrary.imf.org/view/journals/068/2026/007/,https://www.elibrary.imf.org/view/journals/068/2026/007,,计划书/03_多币种流动性与黄金战略储备周期配置计划书.pdf,计划书/03_多币种流动性与黄金战略储备周期配置计划书.pdf:1253,,,,,,,,,,,,,source,MANUAL_ACTION_REQUIRED,,NOT_REQUESTED,,public GET; no authentication; archive user-agent,,2026-08-16,需人工接受条款或确认许可,https://www.elibrary.imf.org/view/journals/068/2026/007,metadata_only,,,,由用户阅读并接受来源条款后人工下载；登记文件哈希和许可范围。
WEB-0246,web,International Monetary Fund 来源资料（WEB-0246）,International Monetary Fund,,06_黄金美元与储备配置,B,比较美元、短债、黄金、人民币资产与套保工具的周期性作用。,计划书/03_多币种流动性与黄金战略储备周期配置计划书.pdf；计划书/03_多币种流动性与黄金战略储备周期配置计划书.tex,须以原文、数据口径、发布时间和适用许可为准；媒体或行业资料不得替代核心A级证据。,https://www.elibrary.imf.org/view/journals/068/2026/007/article-A001-en.xml,https://www.elibrary.imf.org/view/journals/068/2026/007/article-A001-en.xml,,计划书/03_多币种流动性与黄金战略储备周期配置计划书.pdf | 计划书/03_多币种流动性与黄金战略储备周期配置计划书.tex,计划书/03_多币种流动性与黄金战略储备周期配置计划书.pdf:annotation-22 | 计划书/03_多币种流动性与黄金战略储备周期配置计划书.pdf:annotation-23 | 计划书/03_多币种流动性与黄金战略储备周期配置计划书.tex:805,,,,.xml,,,,,,,,,source,MANUAL_ACTION_REQUIRED,,NOT_REQUESTED,,public GET; no authentication; archive user-agent,,2026-08-16,需人工接受条款或确认许可,https://www.elibrary.imf.org/view/journals/068/2026/007/article-A001-en.xml,metadata_only,,,,由用户阅读并接受来源条款后人工下载；登记文件哈希和许可范围。
WEB-0247,web,3. 名义 GDP 停滞数据：日本内阁府国民经济核算，<,www.esri.cao.go.jp,,05_全球周期与历史危机,D,识别全球经济周期、资产泡沫、信用危机、衰退与历史制度差异。,案例库/宏观危机篇/10_1990日本资产泡沫破裂/案例档案.md,须以原文、数据口径、发布时间和适用许可为准；媒体或行业资料不得替代核心A级证据。,https://www.esri.cao.go.jp/en/sna/menu.html,https://www.esri.cao.go.jp/en/sna/menu.html,,案例库/宏观危机篇/10_1990日本资产泡沫破裂/案例档案.md,案例库/宏观危机篇/10_1990日本资产泡沫破裂/案例档案.md:88,,,,.html,,,,,,,,,source,METADATA_ONLY_LICENSE,,NOT_REQUESTED,,public GET; no authentication; archive user-agent,,2026-08-16,许可未明确，默认仅保存元数据,,metadata_only,,,,保留元数据和原链接，不抓取或再分发正文。
WEB-0248,web,EuroFinance，2022,www.eurofinance.com,,08_企业案例与公开披露,D,核验企业海外收入、汇兑损益、冻结、退出和储备配置事实。,跨国公司黄金硬通货需求调研报告.md,须以原文、数据口径、发布时间和适用许可为准；媒体或行业资料不得替代核心A级证据。,https://www.eurofinance.com/news/walking-the-fx-tightrope-in-latin-america/,https://www.eurofinance.com/news/walking-the-fx-tightrope-in-latin-america,,跨国公司黄金硬通货需求调研报告.md,跨国公司黄金硬通货需求调研报告.md:41 | 跨国公司黄金硬通货需求调研报告.md:41,,,,,,,,,,,,,source,METADATA_ONLY_LICENSE,,NOT_REQUESTED,,public GET; no authentication; archive user-agent,,2026-08-16,许可未明确，默认仅保存元数据,,metadata_only,,,,保留元数据和原链接，不抓取或再分发正文。
WEB-0249,web,CRS，2018,www.everycrsreport.com,,08_企业案例与公开披露,D,核验企业海外收入、汇兑损益、冻结、退出和储备配置事实。,跨国公司黄金硬通货需求调研报告.md,须以原文、数据口径、发布时间和适用许可为准；媒体或行业资料不得替代核心A级证据。,https://www.everycrsreport.com/files/2018-08-30_IF10957_5c486c6e983d7552ec639826ca42ad92b0876596.pdf,https://www.everycrsreport.com/files/2018-08-30_IF10957_5c486c6e983d7552ec639826ca42ad92b0876596.pdf,https://www.everycrsreport.com/files/2018-08-30_IF10957_5c486c6e983d7552ec639826ca42ad92b0876596.pdf,跨国公司黄金硬通货需求调研报告.md,跨国公司黄金硬通货需求调研报告.md:59 | 跨国公司黄金硬通货需求调研报告.md:59,,08_企业案例与公开披露/外部原件/WEB-0249_CRS，2018/original.pdf,application/pdf,.pdf,606666,ebe41cfb359b977d5efc995a6ddc1a2118c3143e181b4eb49d3f5c736af84a86,,,,,,,source,DOWNLOADED_VERIFIED,200,GET,2026-08-15T19:31:01.217Z,public GET; no authentication; archive user-agent,"{""date"":""Sat, 15 Aug 2026 19:31:00 GMT"",""content_type"":""application/pdf"",""content_length"":""606666"",""last_modified"":""Thu, 20 Aug 2020 01:32:22 GMT"",""etag"":""\""5f3dd2a6-941ca\"""",""content_disposition"":"""",""cache_control"":""""}",2026-08-16,公开可访问但再分发范围未完全确认，仅本机归档,,private_only,,,,使用本地原件；引用时保留发布机构、原URL、访问日期和许可。
WEB-0250,web,EY，2025,www.ey.com,,08_企业案例与公开披露,D,核验企业海外收入、汇兑损益、冻结、退出和储备配置事实。,跨国公司黄金硬通货需求调研报告.md,须以原文、数据口径、发布时间和适用许可为准；媒体或行业资料不得替代核心A级证据。,https://www.ey.com/en_gl/technical/tax-alerts/argentina-eliminates-most-remaining-foreign-exchange-controls,https://www.ey.com/en_gl/technical/tax-alerts/argentina-eliminates-most-remaining-foreign-exchange-controls,,跨国公司黄金硬通货需求调研报告.md,跨国公司黄金硬通货需求调研报告.md:65 | 跨国公司黄金硬通货需求调研报告.md:65,,,,,,,,,,,,,source,METADATA_ONLY_LICENSE,,NOT_REQUESTED,,public GET; no authentication; archive user-agent,,2026-08-16,许可未明确，默认仅保存元数据,,metadata_only,,,,保留元数据和原链接，不抓取或再分发正文。
WEB-0251,web,方达律所速评,www.fangdalaw.com,,08_企业案例与公开披露,D,核验企业海外收入、汇兑损益、冻结、退出和储备配置事实。,企业资产配置调研报告.md,须以原文、数据口径、发布时间和适用许可为准；媒体或行业资料不得替代核心A级证据。,https://www.fangdalaw.com/content/details32_8567.html,https://www.fangdalaw.com/content/details32_8567.html,,企业资产配置调研报告.md,企业资产配置调研报告.md:103 | 企业资产配置调研报告.md:103,,,,.html,,,,,,,,,source,METADATA_ONLY_LICENSE,,NOT_REQUESTED,,public GET; no authentication; archive user-agent,,2026-08-16,许可未明确，默认仅保存元数据,,metadata_only,,,,保留元数据和原链接，不抓取或再分发正文。
WEB-0252,web,www.fdic.gov 来源资料（WEB-0252）,www.fdic.gov,,06_黄金美元与储备配置,A,比较美元、短债、黄金、人民币资产与套保工具的周期性作用。,最终数据/最终数据/outputs/019f56e7-91fe-7a43-b1d0-ae50e45c9d0c/黄金价格传导链因素与时序数据_20260724.xlsx；最终数据/最终数据/outputs/019f56e7-91fe-7a43-b1d0-ae50e45c9d0c/黄金价格传导链因素与时序数据_20260724.xlsx.inspect.ndjson；最终数据/最终数据/outputs/019f56e7-91fe-7a43-b1d0-ae50e45c9d0c/金银价格波动影响因素与时序数据_20260726.xlsx；最终数据/最终数据/outputs/019f56e7-91fe-7a43-b1d0-ae50e45c9d0c/金银价格波动影响因素与时序数据_20260726.xlsx.inspect.ndjson；最终数据/最终数据/outputs/019f56e7-91fe-7a43-b1d0-ae50e45c9d0c/金银价格波动影响因素与时序数据_中文字段版_20260726.xlsx；最终数据/最终数据/outputs/019f56e7-91fe-7a43-b1d0-ae50e45c9d0c/金银价格波动影响因素与时序数据_中文字段版_20260726.xlsx.inspect.ndjson,须以原文、数据口径、发布时间和适用许可为准；媒体或行业资料不得替代核心A级证据。,https://www.fdic.gov/news/press-releases/2023/pr23016.html,https://www.fdic.gov/news/press-releases/2023/pr23016.html,,最终数据/最终数据/outputs/019f56e7-91fe-7a43-b1d0-ae50e45c9d0c/黄金价格传导链因素与时序数据_20260724.xlsx | 最终数据/最终数据/outputs/019f56e7-91fe-7a43-b1d0-ae50e45c9d0c/黄金价格传导链因素与时序数据_20260724.xlsx.inspect.ndjson | 最终数据/最终数据/outputs/019f56e7-91fe-7a43-b1d0-ae50e45c9d0c/金银价格波动影响因素与时序数据_20260726.xlsx | 最终数据/最终数据/outputs/019f56e7-91fe-7a43-b1d0-ae50e45c9d0c/金银价格波动影响因素与时序数据_20260726.xlsx.inspect.ndjson | 最终数据/最终数据/outputs/019f56e7-91fe-7a43-b1d0-ae50e45c9d0c/金银价格波动影响因素与时序数据_中文字段版_20260726.xlsx | 最终数据/最终数据/outputs/019f56e7-91fe-7a43-b1d0-ae50e45c9d0c/金银价格波动影响因素与时序数据_中文字段版_20260726.xlsx.inspect.ndjson,最终数据/最终数据/outputs/019f56e7-91fe-7a43-b1d0-ae50e45c9d0c/黄金价格传导链因素与时序数据_20260724.xlsx:xl/worksheets/sheet4.xml | 最终数据/最终数据/outputs/019f56e7-91fe-7a43-b1d0-ae50e45c9d0c/黄金价格传导链因素与时序数据_20260724.xlsx.inspect.ndjson:630 | 最终数据/最终数据/outputs/019f56e7-91fe-7a43-b1d0-ae50e45c9d0c/金银价格波动影响因素与时序数据_20260726.xlsx:xl/worksheets/sheet4.xml | 最终数据/最终数据/outputs/019f56e7-91fe-7a43-b1d0-ae50e45c9d0c/金银价格波动影响因素与时序数据_20260726.xlsx.inspect.ndjson:720 | 最终数据/最终数据/outputs/019f56e7-91fe-7a43-b1d0-ae50e45c9d0c/金银价格波动影响因素与时序数据_中文字段版_20260726.xlsx:xl/worksheets/sheet4.xml | 最终数据/最终数据/outputs/019f56e7-91fe-7a43-b1d0-ae50e45c9d0c/金银价格波动影响因素与时序数据_中文字段版_20260726.xlsx.inspect.ndjson:720,,,,.html,,,,,,,,,source,METADATA_ONLY_LICENSE,,NOT_REQUESTED,,public GET; no authentication; archive user-agent,,2026-08-16,许可未明确，默认仅保存元数据,,metadata_only,,,,保留元数据和原链接，不抓取或再分发正文。
WEB-0253,web,The Fed - The Federal Reserve’s responses to the post-Covid period of high inflation,Federal Reserve Board,,06_黄金美元与储备配置,A,比较美元、短债、黄金、人民币资产与套保工具的周期性作用。,最终数据/最终数据/outputs/019f56e7-91fe-7a43-b1d0-ae50e45c9d0c/金银价格预测_官方数据与因素台账_20260713.xlsx；最终数据/最终数据/outputs/019f56e7-91fe-7a43-b1d0-ae50e45c9d0c/金银价格预测_官方数据与因素台账_20260713.xlsx.inspect.ndjson,须以原文、数据口径、发布时间和适用许可为准；媒体或行业资料不得替代核心A级证据。,https://www.federalreserve.gov/econres/notes/feds-notes/the-federal-reserves-responses-to-the-post-covid-period-of-high-inflation-20240214.html,https://www.federalreserve.gov/econres/notes/feds-notes/the-federal-reserves-responses-to-the-post-covid-period-of-high-inflation-20240214.html,https://www.federalreserve.gov/econres/notes/feds-notes/the-federal-reserves-responses-to-the-post-covid-period-of-high-inflation-20240214.html,最终数据/最终数据/outputs/019f56e7-91fe-7a43-b1d0-ae50e45c9d0c/金银价格预测_官方数据与因素台账_20260713.xlsx | 最终数据/最终数据/outputs/019f56e7-91fe-7a43-b1d0-ae50e45c9d0c/金银价格预测_官方数据与因素台账_20260713.xlsx.inspect.ndjson,最终数据/最终数据/outputs/019f56e7-91fe-7a43-b1d0-ae50e45c9d0c/金银价格预测_官方数据与因素台账_20260713.xlsx:xl/worksheets/sheet4.xml | 最终数据/最终数据/outputs/019f56e7-91fe-7a43-b1d0-ae50e45c9d0c/金银价格预测_官方数据与因素台账_20260713.xlsx.inspect.ndjson:978,,06_黄金美元与储备配置/外部原件/WEB-0253_XLSX_entry_xl_worksheets_sheet4.xml/original.html,text/html,.html,118262,99f7d047a834d56de3ce198853c10048ca628a2bfe51bbcb74a462d9faeec7c7,,,,,,,source,DOWNLOADED_VERIFIED,200,GET,2026-08-15T19:31:02.569Z,public GET; no authentication; archive user-agent,"{""date"":""Sat, 15 Aug 2026 19:31:02 GMT"",""content_type"":""text/html"",""content_length"":"""",""last_modified"":""Thu, 26 Feb 2026 22:34:13 GMT"",""etag"":"""",""content_disposition"":"""",""cache_control"":""""}",2026-08-16,政府/国际组织公开资料，按原站署名与条款使用,,shared,,,,使用本地原件；引用时保留发布机构、原URL、访问日期和许可。
WEB-0254,web,The Fed - Meeting calendars and information,Federal Reserve Board,,05_全球周期与历史危机,A,识别全球经济周期、资产泡沫、信用危机、衰退与历史制度差异。,案例库/宏观危机篇/16_2022美联储激进加息周期/案例档案.md,须以原文、数据口径、发布时间和适用许可为准；媒体或行业资料不得替代核心A级证据。,https://www.federalreserve.gov/monetarypolicy/fomccalendars.htm,https://www.federalreserve.gov/monetarypolicy/fomccalendars.htm,https://www.federalreserve.gov/monetarypolicy/fomccalendars.htm,案例库/宏观危机篇/16_2022美联储激进加息周期/案例档案.md,案例库/宏观危机篇/16_2022美联储激进加息周期/案例档案.md:94,,05_全球周期与历史危机/外部原件/WEB-0254_2._美联储加息记录：美联储官网（FOMC_声明与经济预测）：_/original.html,text/html,.html,166536,9a8e4210b54e07eddbc879859013d6ed4918a79b54e414b721fab663eeeabd05,,,,,,,source,DOWNLOADED_VERIFIED,200,GET,2026-08-15T19:31:03.224Z,public GET; no authentication; archive user-agent,"{""date"":""Sat, 15 Aug 2026 19:31:02 GMT"",""content_type"":""text/html"",""content_length"":"""",""last_modified"":""Wed, 29 Jul 2026 20:13:12 GMT"",""etag"":"""",""content_disposition"":"""",""cache_control"":""""}",2026-08-16,政府/国际组织公开资料，按原站署名与条款使用,,shared,,,,使用本地原件；引用时保留发布机构、原URL、访问日期和许可。
WEB-0255,web,4. 美联储 2020 年 3 月紧急行动（降息至 0–0.25% + 无限量 QE）：美联储官网新闻稿,Federal Reserve Board,,05_全球周期与历史危机,A,识别全球经济周期、资产泡沫、信用危机、衰退与历史制度差异。,案例库/宏观危机篇/15_2020疫情全球市场崩盘/案例档案.md,须以原文、数据口径、发布时间和适用许可为准；媒体或行业资料不得替代核心A级证据。,https://www.federalreserve.gov/newsevents/pressreleases/2020-monetary.htm,https://www.federalreserve.gov/newsevents/pressreleases/2020-monetary.htm,https://www.federalreserve.gov/newsevents/pressreleases/2020-monetary.htm,案例库/宏观危机篇/15_2020疫情全球市场崩盘/案例档案.md,案例库/宏观危机篇/15_2020疫情全球市场崩盘/案例档案.md:95,,,,.htm,,,,,,,,,source,BROKEN_OR_UNREACHABLE,404,GET,2026-08-15T19:31:03.223Z,public GET; no authentication; archive user-agent,"{""date"":""Sat, 15 Aug 2026 19:31:02 GMT"",""content_type"":""text/html"",""content_length"":"""",""last_modified"":"""",""etag"":"""",""content_disposition"":"""",""cache_control"":""""}",2026-08-16,政府/国际组织公开资料，按原站署名与条款使用,,shared,,WEB-0256,HTTP 404,原链接不可用或不适合自动归档；使用已验证替代资产 WEB-0256。
WEB-0256,web,Federal Reserve Board - 2020 FOMC Press Releases,Federal Reserve Board,,04_国别货币与中国出海,A,支持亚非拉国别风险、汇率、通胀、资本管制和中国投资暴露研究。,V1.0归档实施策略,须以原文、数据口径、发布时间和适用许可为准；媒体或行业资料不得替代核心A级证据。,https://www.federalreserve.gov/newsevents/pressreleases/2020-press-fomc.htm,https://www.federalreserve.gov/newsevents/pressreleases/2020-press-fomc.htm,https://www.federalreserve.gov/newsevents/pressreleases/2020-press-fomc.htm,V1.0归档实施策略,V1.0归档实施策略:policy,,04_国别货币与中国出海/外部原件/WEB-0256_2020年FOMC官方新闻稿索引（替代失效汇总链接）/original.html,text/html,.html,87431,070899943b7f36b3497ee8d50ad1b52b1c12c76979e3d10df80d69fcd9142a5b,,,,,,,source,DOWNLOADED_VERIFIED,200,GET,2026-08-15T19:31:03.887Z,public GET; no authentication; archive user-agent,"{""date"":""Sat, 15 Aug 2026 19:31:03 GMT"",""content_type"":""text/html"",""content_length"":"""",""last_modified"":""Thu, 26 Feb 2026 21:42:32 GMT"",""etag"":"""",""content_disposition"":"""",""cache_control"":""""}",2026-08-16,政府/国际组织公开资料，按原站署名与条款使用,,shared,,,,使用本地原件；引用时保留发布机构、原URL、访问日期和许可。
WEB-0257,web,Federal Reserve Board - Federal Reserve issues FOMC statement,Federal Reserve Board,,06_黄金美元与储备配置,A,比较美元、短债、黄金、人民币资产与套保工具的周期性作用。,最终数据/最终数据/outputs/019f56e7-91fe-7a43-b1d0-ae50e45c9d0c/黄金价格传导链因素与时序数据_20260724.xlsx；最终数据/最终数据/outputs/019f56e7-91fe-7a43-b1d0-ae50e45c9d0c/黄金价格传导链因素与时序数据_20260724.xlsx.inspect.ndjson；最终数据/最终数据/outputs/019f56e7-91fe-7a43-b1d0-ae50e45c9d0c/金银价格波动影响因素与时序数据_20260726.xlsx；最终数据/最终数据/outputs/019f56e7-91fe-7a43-b1d0-ae50e45c9d0c/金银价格波动影响因素与时序数据_20260726.xlsx.inspect.ndjson；最终数据/最终数据/outputs/019f56e7-91fe-7a43-b1d0-ae50e45c9d0c/金银价格波动影响因素与时序数据_中文字段版_20260726.xlsx；最终数据/最终数据/outputs/019f56e7-91fe-7a43-b1d0-ae50e45c9d0c/金银价格波动影响因素与时序数据_中文字段版_20260726.xlsx.inspect.ndjson,须以原文、数据口径、发布时间和适用许可为准；媒体或行业资料不得替代核心A级证据。,https://www.federalreserve.gov/newsevents/pressreleases/monetary20200315a.htm,https://www.federalreserve.gov/newsevents/pressreleases/monetary20200315a.htm,https://www.federalreserve.gov/newsevents/pressreleases/monetary20200315a.htm,最终数据/最终数据/outputs/019f56e7-91fe-7a43-b1d0-ae50e45c9d0c/黄金价格传导链因素与时序数据_20260724.xlsx | 最终数据/最终数据/outputs/019f56e7-91fe-7a43-b1d0-ae50e45c9d0c/黄金价格传导链因素与时序数据_20260724.xlsx.inspect.ndjson | 最终数据/最终数据/outputs/019f56e7-91fe-7a43-b1d0-ae50e45c9d0c/金银价格波动影响因素与时序数据_20260726.xlsx | 最终数据/最终数据/outputs/019f56e7-91fe-7a43-b1d0-ae50e45c9d0c/金银价格波动影响因素与时序数据_20260726.xlsx.inspect.ndjson | 最终数据/最终数据/outputs/019f56e7-91fe-7a43-b1d0-ae50e45c9d0c/金银价格波动影响因素与时序数据_中文字段版_20260726.xlsx | 最终数据/最终数据/outputs/019f56e7-91fe-7a43-b1d0-ae50e45c9d0c/金银价格波动影响因素与时序数据_中文字段版_20260726.xlsx.inspect.ndjson,最终数据/最终数据/outputs/019f56e7-91fe-7a43-b1d0-ae50e45c9d0c/黄金价格传导链因素与时序数据_20260724.xlsx:xl/worksheets/sheet4.xml | 最终数据/最终数据/outputs/019f56e7-91fe-7a43-b1d0-ae50e45c9d0c/黄金价格传导链因素与时序数据_20260724.xlsx.inspect.ndjson:630 | 最终数据/最终数据/outputs/019f56e7-91fe-7a43-b1d0-ae50e45c9d0c/黄金价格传导链因素与时序数据_20260724.xlsx.inspect.ndjson:631 | 最终数据/最终数据/outputs/019f56e7-91fe-7a43-b1d0-ae50e45c9d0c/金银价格波动影响因素与时序数据_20260726.xlsx:xl/worksheets/sheet4.xml | 最终数据/最终数据/outputs/019f56e7-91fe-7a43-b1d0-ae50e45c9d0c/金银价格波动影响因素与时序数据_20260726.xlsx.inspect.ndjson:720 | 最终数据/最终数据/outputs/019f56e7-91fe-7a43-b1d0-ae50e45c9d0c/金银价格波动影响因素与时序数据_20260726.xlsx.inspect.ndjson:721 | 最终数据/最终数据/outputs/019f56e7-91fe-7a43-b1d0-ae50e45c9d0c/金银价格波动影响因素与时序数据_中文字段版_20260726.xlsx:xl/worksheets/sheet4.xml | 最终数据/最终数据/outputs/019f56e7-91fe-7a43-b1d0-ae50e45c9d0c/金银价格波动影响因素与时序数据_中文字段版_20260726.xlsx.inspect.ndjson:720 | 最终数据/最终数据/outputs/019f56e7-91fe-7a43-b1d0-ae50e45c9d0c/金银价格波动影响因素与时序数据_中文字段版_20260726.xlsx.inspect.ndjson:721,,06_黄金美元与储备配置/外部原件/WEB-0257_XLSX_entry_xl_worksheets_sheet4.xml/original.html,text/html,.html,87259,d66203be141ca7f8641338048eb92170e84fc3f6227986b894bab360628fcf9b,,,,,,,source,DOWNLOADED_VERIFIED,200,GET,2026-08-15T19:31:03.886Z,public GET; no authentication; archive user-agent,"{""date"":""Sat, 15 Aug 2026 19:31:03 GMT"",""content_type"":""text/html"",""content_length"":"""",""last_modified"":""Thu, 26 Feb 2026 22:33:56 GMT"",""etag"":"""",""content_disposition"":"""",""cache_control"":""""}",2026-08-16,政府/国际组织公开资料，按原站署名与条款使用,,shared,,,,使用本地原件；引用时保留发布机构、原URL、访问日期和许可。
WEB-0258,web,"Federal Reserve Board - Implementation Note issued March 15, 2020",Federal Reserve Board,,06_黄金美元与储备配置,A,比较美元、短债、黄金、人民币资产与套保工具的周期性作用。,最终数据/最终数据/outputs/019f56e7-91fe-7a43-b1d0-ae50e45c9d0c/金银价格预测_官方数据与因素台账_20260713.xlsx；最终数据/最终数据/outputs/019f56e7-91fe-7a43-b1d0-ae50e45c9d0c/金银价格预测_官方数据与因素台账_20260713.xlsx.inspect.ndjson,须以原文、数据口径、发布时间和适用许可为准；媒体或行业资料不得替代核心A级证据。,https://www.federalreserve.gov/newsevents/pressreleases/monetary20200315a1.htm,https://www.federalreserve.gov/newsevents/pressreleases/monetary20200315a1.htm,https://www.federalreserve.gov/newsevents/pressreleases/monetary20200315a1.htm,最终数据/最终数据/outputs/019f56e7-91fe-7a43-b1d0-ae50e45c9d0c/金银价格预测_官方数据与因素台账_20260713.xlsx | 最终数据/最终数据/outputs/019f56e7-91fe-7a43-b1d0-ae50e45c9d0c/金银价格预测_官方数据与因素台账_20260713.xlsx.inspect.ndjson,最终数据/最终数据/outputs/019f56e7-91fe-7a43-b1d0-ae50e45c9d0c/金银价格预测_官方数据与因素台账_20260713.xlsx:xl/worksheets/sheet4.xml | 最终数据/最终数据/outputs/019f56e7-91fe-7a43-b1d0-ae50e45c9d0c/金银价格预测_官方数据与因素台账_20260713.xlsx.inspect.ndjson:978,,06_黄金美元与储备配置/外部原件/WEB-0258_XLSX_entry_xl_worksheets_sheet4.xml/original.html,text/html,.html,82734,53e094fa8882f11f5ae8e556297cbe255f94372aaaeb20ef511d61a97e005e6b,,,,,,,source,DOWNLOADED_VERIFIED,200,GET,2026-08-15T19:31:03.888Z,public GET; no authentication; archive user-agent,"{""date"":""Sat, 15 Aug 2026 19:31:03 GMT"",""content_type"":""text/html"",""content_length"":"""",""last_modified"":""Thu, 26 Feb 2026 23:40:31 GMT"",""etag"":"""",""content_disposition"":"""",""cache_control"":""""}",2026-08-16,政府/国际组织公开资料，按原站署名与条款使用,,shared,,,,使用本地原件；引用时保留发布机构、原URL、访问日期和许可。
WEB-0259,web,"Federal Reserve Board - Implementation Note issued December 15, 2021",Federal Reserve Board,,06_黄金美元与储备配置,A,比较美元、短债、黄金、人民币资产与套保工具的周期性作用。,最终数据/最终数据/outputs/019f56e7-91fe-7a43-b1d0-ae50e45c9d0c/金银价格预测_官方数据与因素台账_20260713.xlsx；最终数据/最终数据/outputs/019f56e7-91fe-7a43-b1d0-ae50e45c9d0c/金银价格预测_官方数据与因素台账_20260713.xlsx.inspect.ndjson,须以原文、数据口径、发布时间和适用许可为准；媒体或行业资料不得替代核心A级证据。,https://www.federalreserve.gov/newsevents/pressreleases/monetary20211215a1.htm,https://www.federalreserve.gov/newsevents/pressreleases/monetary20211215a1.htm,https://www.federalreserve.gov/newsevents/pressreleases/monetary20211215a1.htm,最终数据/最终数据/outputs/019f56e7-91fe-7a43-b1d0-ae50e45c9d0c/金银价格预测_官方数据与因素台账_20260713.xlsx | 最终数据/最终数据/outputs/019f56e7-91fe-7a43-b1d0-ae50e45c9d0c/金银价格预测_官方数据与因素台账_20260713.xlsx.inspect.ndjson,最终数据/最终数据/outputs/019f56e7-91fe-7a43-b1d0-ae50e45c9d0c/金银价格预测_官方数据与因素台账_20260713.xlsx:xl/worksheets/sheet4.xml | 最终数据/最终数据/outputs/019f56e7-91fe-7a43-b1d0-ae50e45c9d0c/金银价格预测_官方数据与因素台账_20260713.xlsx.inspect.ndjson:978,,06_黄金美元与储备配置/外部原件/WEB-0259_XLSX_entry_xl_worksheets_sheet4.xml/original.html,text/html,.html,82508,c0ce6af49c66b6df7c3c21831cf189dabc54a46e27ab1b722b1913380368bac2,,,,,,,source,DOWNLOADED_VERIFIED,200,GET,2026-08-15T19:31:04.550Z,public GET; no authentication; archive user-agent,"{""date"":""Sat, 15 Aug 2026 19:31:03 GMT"",""content_type"":""text/html"",""content_length"":"""",""last_modified"":""Thu, 26 Feb 2026 23:40:31 GMT"",""etag"":"""",""content_disposition"":"""",""cache_control"":""""}",2026-08-16,政府/国际组织公开资料，按原站署名与条款使用,,shared,,,,使用本地原件；引用时保留发布机构、原URL、访问日期和许可。
WEB-0260,web,Federal Reserve Board - Federal Reserve issues FOMC statement,Federal Reserve Board,,06_黄金美元与储备配置,A,比较美元、短债、黄金、人民币资产与套保工具的周期性作用。,最终数据/最终数据/outputs/019f56e7-91fe-7a43-b1d0-ae50e45c9d0c/黄金价格传导链因素与时序数据_20260724.xlsx；最终数据/最终数据/outputs/019f56e7-91fe-7a43-b1d0-ae50e45c9d0c/黄金价格传导链因素与时序数据_20260724.xlsx.inspect.ndjson；最终数据/最终数据/outputs/019f56e7-91fe-7a43-b1d0-ae50e45c9d0c/金银价格波动影响因素与时序数据_20260726.xlsx；最终数据/最终数据/outputs/019f56e7-91fe-7a43-b1d0-ae50e45c9d0c/金银价格波动影响因素与时序数据_20260726.xlsx.inspect.ndjson；最终数据/最终数据/outputs/019f56e7-91fe-7a43-b1d0-ae50e45c9d0c/金银价格波动影响因素与时序数据_中文字段版_20260726.xlsx；最终数据/最终数据/outputs/019f56e7-91fe-7a43-b1d0-ae50e45c9d0c/金银价格波动影响因素与时序数据_中文字段版_20260726.xlsx.inspect.ndjson,须以原文、数据口径、发布时间和适用许可为准；媒体或行业资料不得替代核心A级证据。,https://www.federalreserve.gov/newsevents/pressreleases/monetary20220316a.htm,https://www.federalreserve.gov/newsevents/pressreleases/monetary20220316a.htm,https://www.federalreserve.gov/newsevents/pressreleases/monetary20220316a.htm,最终数据/最终数据/outputs/019f56e7-91fe-7a43-b1d0-ae50e45c9d0c/黄金价格传导链因素与时序数据_20260724.xlsx | 最终数据/最终数据/outputs/019f56e7-91fe-7a43-b1d0-ae50e45c9d0c/黄金价格传导链因素与时序数据_20260724.xlsx.inspect.ndjson | 最终数据/最终数据/outputs/019f56e7-91fe-7a43-b1d0-ae50e45c9d0c/金银价格波动影响因素与时序数据_20260726.xlsx | 最终数据/最终数据/outputs/019f56e7-91fe-7a43-b1d0-ae50e45c9d0c/金银价格波动影响因素与时序数据_20260726.xlsx.inspect.ndjson | 最终数据/最终数据/outputs/019f56e7-91fe-7a43-b1d0-ae50e45c9d0c/金银价格波动影响因素与时序数据_中文字段版_20260726.xlsx | 最终数据/最终数据/outputs/019f56e7-91fe-7a43-b1d0-ae50e45c9d0c/金银价格波动影响因素与时序数据_中文字段版_20260726.xlsx.inspect.ndjson,最终数据/最终数据/outputs/019f56e7-91fe-7a43-b1d0-ae50e45c9d0c/黄金价格传导链因素与时序数据_20260724.xlsx:xl/worksheets/sheet4.xml | 最终数据/最终数据/outputs/019f56e7-91fe-7a43-b1d0-ae50e45c9d0c/黄金价格传导链因素与时序数据_20260724.xlsx.inspect.ndjson:630 | 最终数据/最终数据/outputs/019f56e7-91fe-7a43-b1d0-ae50e45c9d0c/黄金价格传导链因素与时序数据_20260724.xlsx.inspect.ndjson:631 | 最终数据/最终数据/outputs/019f56e7-91fe-7a43-b1d0-ae50e45c9d0c/金银价格波动影响因素与时序数据_20260726.xlsx:xl/worksheets/sheet4.xml | 最终数据/最终数据/outputs/019f56e7-91fe-7a43-b1d0-ae50e45c9d0c/金银价格波动影响因素与时序数据_20260726.xlsx.inspect.ndjson:720 | 最终数据/最终数据/outputs/019f56e7-91fe-7a43-b1d0-ae50e45c9d0c/金银价格波动影响因素与时序数据_20260726.xlsx.inspect.ndjson:721 | 最终数据/最终数据/outputs/019f56e7-91fe-7a43-b1d0-ae50e45c9d0c/金银价格波动影响因素与时序数据_中文字段版_20260726.xlsx:xl/worksheets/sheet4.xml | 最终数据/最终数据/outputs/019f56e7-91fe-7a43-b1d0-ae50e45c9d0c/金银价格波动影响因素与时序数据_中文字段版_20260726.xlsx.inspect.ndjson:720 | 最终数据/最终数据/outputs/019f56e7-91fe-7a43-b1d0-ae50e45c9d0c/金银价格波动影响因素与时序数据_中文字段版_20260726.xlsx.inspect.ndjson:721,,06_黄金美元与储备配置/外部原件/WEB-0260_XLSX_entry_xl_worksheets_sheet4.xml/original.html,text/html,.html,84345,f8b50c1aa0fb874b808711914363eaf4f26adfaf15c74649160841d7ddaae3f1,,,,,,,source,DOWNLOADED_VERIFIED,200,GET,2026-08-15T19:31:04.549Z,public GET; no authentication; archive user-agent,"{""date"":""Sat, 15 Aug 2026 19:31:03 GMT"",""content_type"":""text/html"",""content_length"":"""",""last_modified"":""Thu, 26 Feb 2026 22:29:18 GMT"",""etag"":"""",""content_disposition"":"""",""cache_control"":""""}",2026-08-16,政府/国际组织公开资料，按原站署名与条款使用,,shared,,,,使用本地原件；引用时保留发布机构、原URL、访问日期和许可。
WEB-0261,web,Federal Reserve Board - Federal Reserve Board announces it will make available additional funding to eligible depository institutions to help assur...,Federal Reserve Board,,06_黄金美元与储备配置,A,比较美元、短债、黄金、人民币资产与套保工具的周期性作用。,最终数据/最终数据/outputs/019f56e7-91fe-7a43-b1d0-ae50e45c9d0c/金银价格预测_官方数据与因素台账_20260713.xlsx；最终数据/最终数据/outputs/019f56e7-91fe-7a43-b1d0-ae50e45c9d0c/金银价格预测_官方数据与因素台账_20260713.xlsx.inspect.ndjson,须以原文、数据口径、发布时间和适用许可为准；媒体或行业资料不得替代核心A级证据。,https://www.federalreserve.gov/newsevents/pressreleases/monetary20230312a.htm,https://www.federalreserve.gov/newsevents/pressreleases/monetary20230312a.htm,https://www.federalreserve.gov/newsevents/pressreleases/monetary20230312a.htm,最终数据/最终数据/outputs/019f56e7-91fe-7a43-b1d0-ae50e45c9d0c/金银价格预测_官方数据与因素台账_20260713.xlsx | 最终数据/最终数据/outputs/019f56e7-91fe-7a43-b1d0-ae50e45c9d0c/金银价格预测_官方数据与因素台账_20260713.xlsx.inspect.ndjson,最终数据/最终数据/outputs/019f56e7-91fe-7a43-b1d0-ae50e45c9d0c/金银价格预测_官方数据与因素台账_20260713.xlsx:xl/worksheets/sheet4.xml | 最终数据/最终数据/outputs/019f56e7-91fe-7a43-b1d0-ae50e45c9d0c/金银价格预测_官方数据与因素台账_20260713.xlsx.inspect.ndjson:978,,06_黄金美元与储备配置/外部原件/WEB-0261_XLSX_entry_xl_worksheets_sheet4.xml/original.html,text/html,.html,87011,a72235205e8464b97e6e58508c96fa45f8d4d63d142a61e50dd2746080bc70e0,,,,,,,source,DOWNLOADED_VERIFIED,200,GET,2026-08-15T19:31:04.550Z,public GET; no authentication; archive user-agent,"{""date"":""Sat, 15 Aug 2026 19:31:03 GMT"",""content_type"":""text/html"",""content_length"":"""",""last_modified"":""Wed, 25 Feb 2026 21:48:43 GMT"",""etag"":"""",""content_disposition"":"""",""cache_control"":""""}",2026-08-16,政府/国际组织公开资料，按原站署名与条款使用,,shared,,,,使用本地原件；引用时保留发布机构、原URL、访问日期和许可。
WEB-0262,web,Federal Reserve Board - Federal Reserve issues FOMC statement,Federal Reserve Board,,06_黄金美元与储备配置,A,比较美元、短债、黄金、人民币资产与套保工具的周期性作用。,最终数据/最终数据/outputs/019f56e7-91fe-7a43-b1d0-ae50e45c9d0c/黄金价格传导链因素与时序数据_20260724.xlsx；最终数据/最终数据/outputs/019f56e7-91fe-7a43-b1d0-ae50e45c9d0c/黄金价格传导链因素与时序数据_20260724.xlsx.inspect.ndjson；最终数据/最终数据/outputs/019f56e7-91fe-7a43-b1d0-ae50e45c9d0c/金银价格波动影响因素与时序数据_20260726.xlsx；最终数据/最终数据/outputs/019f56e7-91fe-7a43-b1d0-ae50e45c9d0c/金银价格波动影响因素与时序数据_20260726.xlsx.inspect.ndjson；最终数据/最终数据/outputs/019f56e7-91fe-7a43-b1d0-ae50e45c9d0c/金银价格波动影响因素与时序数据_中文字段版_20260726.xlsx；最终数据/最终数据/outputs/019f56e7-91fe-7a43-b1d0-ae50e45c9d0c/金银价格波动影响因素与时序数据_中文字段版_20260726.xlsx.inspect.ndjson；最终数据/最终数据/outputs/019f56e7-91fe-7a43-b1d0-ae50e45c9d0c/金银价格预测_官方数据与因素台账_20260713.xlsx；最终数据/最终数据/outputs/019f56e7-91fe-7a43-b1d0-ae50e45c9d0c/金银价格预测_官方数据与因素台账_20260713.xlsx.inspect.ndjson,须以原文、数据口径、发布时间和适用许可为准；媒体或行业资料不得替代核心A级证据。,https://www.federalreserve.gov/newsevents/pressreleases/monetary20240918a.htm,https://www.federalreserve.gov/newsevents/pressreleases/monetary20240918a.htm,https://www.federalreserve.gov/newsevents/pressreleases/monetary20240918a.htm,最终数据/最终数据/outputs/019f56e7-91fe-7a43-b1d0-ae50e45c9d0c/黄金价格传导链因素与时序数据_20260724.xlsx | 最终数据/最终数据/outputs/019f56e7-91fe-7a43-b1d0-ae50e45c9d0c/黄金价格传导链因素与时序数据_20260724.xlsx.inspect.ndjson | 最终数据/最终数据/outputs/019f56e7-91fe-7a43-b1d0-ae50e45c9d0c/金银价格波动影响因素与时序数据_20260726.xlsx | 最终数据/最终数据/outputs/019f56e7-91fe-7a43-b1d0-ae50e45c9d0c/金银价格波动影响因素与时序数据_20260726.xlsx.inspect.ndjson | 最终数据/最终数据/outputs/019f56e7-91fe-7a43-b1d0-ae50e45c9d0c/金银价格波动影响因素与时序数据_中文字段版_20260726.xlsx | 最终数据/最终数据/outputs/019f56e7-91fe-7a43-b1d0-ae50e45c9d0c/金银价格波动影响因素与时序数据_中文字段版_20260726.xlsx.inspect.ndjson | 最终数据/最终数据/outputs/019f56e7-91fe-7a43-b1d0-ae50e45c9d0c/金银价格预测_官方数据与因素台账_20260713.xlsx | 最终数据/最终数据/outputs/019f56e7-91fe-7a43-b1d0-ae50e45c9d0c/金银价格预测_官方数据与因素台账_20260713.xlsx.inspect.ndjson,最终数据/最终数据/outputs/019f56e7-91fe-7a43-b1d0-ae50e45c9d0c/黄金价格传导链因素与时序数据_20260724.xlsx:xl/worksheets/sheet4.xml | 最终数据/最终数据/outputs/019f56e7-91fe-7a43-b1d0-ae50e45c9d0c/黄金价格传导链因素与时序数据_20260724.xlsx.inspect.ndjson:630 | 最终数据/最终数据/outputs/019f56e7-91fe-7a43-b1d0-ae50e45c9d0c/金银价格波动影响因素与时序数据_20260726.xlsx:xl/worksheets/sheet4.xml | 最终数据/最终数据/outputs/019f56e7-91fe-7a43-b1d0-ae50e45c9d0c/金银价格波动影响因素与时序数据_20260726.xlsx.inspect.ndjson:720 | 最终数据/最终数据/outputs/019f56e7-91fe-7a43-b1d0-ae50e45c9d0c/金银价格波动影响因素与时序数据_中文字段版_20260726.xlsx:xl/worksheets/sheet4.xml | 最终数据/最终数据/outputs/019f56e7-91fe-7a43-b1d0-ae50e45c9d0c/金银价格波动影响因素与时序数据_中文字段版_20260726.xlsx.inspect.ndjson:720 | 最终数据/最终数据/outputs/019f56e7-91fe-7a43-b1d0-ae50e45c9d0c/金银价格预测_官方数据与因素台账_20260713.xlsx:xl/worksheets/sheet4.xml | 最终数据/最终数据/outputs/019f56e7-91fe-7a43-b1d0-ae50e45c9d0c/金银价格预测_官方数据与因素台账_20260713.xlsx.inspect.ndjson:978,,06_黄金美元与储备配置/外部原件/WEB-0262_XLSX_entry_xl_worksheets_sheet4.xml/original.html,text/html,.html,84619,737fc2bb2c721f4e8f74008f4c93bc5d83310b350ef8a9546ba04b0eba6a4cee,,,,,,,source,DOWNLOADED_VERIFIED,200,GET,2026-08-15T19:31:05.211Z,public GET; no authentication; archive user-agent,"{""date"":""Sat, 15 Aug 2026 19:31:04 GMT"",""content_type"":""text/html"",""content_length"":"""",""last_modified"":""Thu, 26 Feb 2026 22:24:36 GMT"",""etag"":"""",""content_disposition"":"""",""cache_control"":""""}",2026-08-16,政府/国际组织公开资料，按原站署名与条款使用,,shared,,,,使用本地原件；引用时保留发布机构、原URL、访问日期和许可。
WEB-0263,web,Federal Reserve Board - Federal Reserve issues FOMC statement,Federal Reserve Board,,06_黄金美元与储备配置,A,比较美元、短债、黄金、人民币资产与套保工具的周期性作用。,最终数据/最终数据/outputs/019f56e7-91fe-7a43-b1d0-ae50e45c9d0c/金银价格预测_官方数据与因素台账_20260713.xlsx；最终数据/最终数据/outputs/019f56e7-91fe-7a43-b1d0-ae50e45c9d0c/金银价格预测_官方数据与因素台账_20260713.xlsx.inspect.ndjson,须以原文、数据口径、发布时间和适用许可为准；媒体或行业资料不得替代核心A级证据。,https://www.federalreserve.gov/newsevents/pressreleases/monetary20251210a.htm,https://www.federalreserve.gov/newsevents/pressreleases/monetary20251210a.htm,https://www.federalreserve.gov/newsevents/pressreleases/monetary20251210a.htm,最终数据/最终数据/outputs/019f56e7-91fe-7a43-b1d0-ae50e45c9d0c/金银价格预测_官方数据与因素台账_20260713.xlsx | 最终数据/最终数据/outputs/019f56e7-91fe-7a43-b1d0-ae50e45c9d0c/金银价格预测_官方数据与因素台账_20260713.xlsx.inspect.ndjson,最终数据/最终数据/outputs/019f56e7-91fe-7a43-b1d0-ae50e45c9d0c/金银价格预测_官方数据与因素台账_20260713.xlsx:xl/worksheets/sheet4.xml | 最终数据/最终数据/outputs/019f56e7-91fe-7a43-b1d0-ae50e45c9d0c/金银价格预测_官方数据与因素台账_20260713.xlsx.inspect.ndjson:978,,06_黄金美元与储备配置/外部原件/WEB-0263_XLSX_entry_xl_worksheets_sheet4.xml/original.html,text/html,.html,84784,1efd54230b27b4b66578c819a8be0c4e59ba3ecf4cf6b8e268e1a72ad13f9ef1,,,,,,,source,DOWNLOADED_VERIFIED,200,GET,2026-08-15T19:31:05.212Z,public GET; no authentication; archive user-agent,"{""date"":""Sat, 15 Aug 2026 19:31:04 GMT"",""content_type"":""text/html"",""content_length"":"""",""last_modified"":""Thu, 26 Feb 2026 22:22:16 GMT"",""etag"":"""",""content_disposition"":"""",""cache_control"":""""}",2026-08-16,政府/国际组织公开资料，按原站署名与条款使用,,shared,,,,使用本地原件；引用时保留发布机构、原URL、访问日期和许可。
WEB-0264,web,Federal Reserve Board - Industrial Production and Capacity Utilization - G.17,Federal Reserve Board,,06_黄金美元与储备配置,A,比较美元、短债、黄金、人民币资产与套保工具的周期性作用。,最终数据/最终数据/outputs/019f56e7-91fe-7a43-b1d0-ae50e45c9d0c/金银价格预测_官方数据与因素台账_20260713.xlsx；最终数据/最终数据/outputs/019f56e7-91fe-7a43-b1d0-ae50e45c9d0c/金银价格预测_官方数据与因素台账_20260713.xlsx.inspect.ndjson,须以原文、数据口径、发布时间和适用许可为准；媒体或行业资料不得替代核心A级证据。,https://www.federalreserve.gov/releases/g17/,https://www.federalreserve.gov/releases/g17,https://www.federalreserve.gov/releases/g17/,最终数据/最终数据/outputs/019f56e7-91fe-7a43-b1d0-ae50e45c9d0c/金银价格预测_官方数据与因素台账_20260713.xlsx | 最终数据/最终数据/outputs/019f56e7-91fe-7a43-b1d0-ae50e45c9d0c/金银价格预测_官方数据与因素台账_20260713.xlsx.inspect.ndjson,最终数据/最终数据/outputs/019f56e7-91fe-7a43-b1d0-ae50e45c9d0c/金银价格预测_官方数据与因素台账_20260713.xlsx:xl/worksheets/sheet2.xml | 最终数据/最终数据/outputs/019f56e7-91fe-7a43-b1d0-ae50e45c9d0c/金银价格预测_官方数据与因素台账_20260713.xlsx.inspect.ndjson:649,,06_黄金美元与储备配置/外部原件/WEB-0264_XLSX_entry_xl_worksheets_sheet2.xml/original.html,text/html,.html,332017,278d8859b78cb01272d5ec42d17bc64d845ebdec5273a4b9fe84a0337e84fccd,,,,,,,source,DOWNLOADED_VERIFIED,200,GET,2026-08-15T19:31:05.212Z,public GET; no authentication; archive user-agent,"{""date"":""Sat, 15 Aug 2026 19:31:04 GMT"",""content_type"":""text/html"",""content_length"":"""",""last_modified"":""Fri, 17 Jul 2026 13:15:10 GMT"",""etag"":"""",""content_disposition"":"""",""cache_control"":""""}",2026-08-16,政府/国际组织公开资料，按原站署名与条款使用,,shared,,,,使用本地原件；引用时保留发布机构、原URL、访问日期和许可。
WEB-0265,web,"Federal Reserve Board - Foreign Exchange Rates - H.10 - August 12, 2026",Federal Reserve Board,,06_黄金美元与储备配置,A,比较美元、短债、黄金、人民币资产与套保工具的周期性作用。,最终数据/最终数据/research/media_sentiment_gold_paper/README_论文学习与数据说明.md,须以原文、数据口径、发布时间和适用许可为准；媒体或行业资料不得替代核心A级证据。,https://www.federalreserve.gov/releases/h10/current/,https://www.federalreserve.gov/releases/h10/current,https://www.federalreserve.gov/releases/h10/current/,最终数据/最终数据/research/media_sentiment_gold_paper/README_论文学习与数据说明.md,最终数据/最终数据/research/media_sentiment_gold_paper/README_论文学习与数据说明.md:81,,06_黄金美元与储备配置/外部原件/WEB-0265_-_来源：/original.html,text/html,.html,87929,5abbf644346bd0bd2736fb58def141b1a5d0cf76695876b58b6c09142266a938,,,,,,,source,DOWNLOADED_VERIFIED,200,GET,2026-08-15T19:31:05.212Z,public GET; no authentication; archive user-agent,"{""date"":""Sat, 15 Aug 2026 19:31:04 GMT"",""content_type"":""text/html"",""content_length"":"""",""last_modified"":""Wed, 12 Aug 2026 14:00:04 GMT"",""etag"":"""",""content_disposition"":"""",""cache_control"":""""}",2026-08-16,政府/国际组织公开资料，按原站署名与条款使用,,shared,,,,使用本地原件；引用时保留发布机构、原URL、访问日期和许可。
WEB-0266,web,"Federal Reserve Board - Foreign Exchange Rates - H.10 - August 12, 2026",Federal Reserve Board,,06_黄金美元与储备配置,A,比较美元、短债、黄金、人民币资产与套保工具的周期性作用。,最终数据/最终数据/outputs/019f56e7-91fe-7a43-b1d0-ae50e45c9d0c/金银价格预测_官方数据与因素台账_20260713.xlsx；最终数据/最终数据/outputs/019f56e7-91fe-7a43-b1d0-ae50e45c9d0c/金银价格预测_官方数据与因素台账_20260713.xlsx.inspect.ndjson,须以原文、数据口径、发布时间和适用许可为准；媒体或行业资料不得替代核心A级证据。,https://www.federalreserve.gov/releases/h10/summary/jrxwtfb_nb.htm,https://www.federalreserve.gov/releases/h10/summary/jrxwtfb_nb.htm,https://www.federalreserve.gov/releases/h10/summary/jrxwtfb_nb.htm,最终数据/最终数据/outputs/019f56e7-91fe-7a43-b1d0-ae50e45c9d0c/金银价格预测_官方数据与因素台账_20260713.xlsx | 最终数据/最终数据/outputs/019f56e7-91fe-7a43-b1d0-ae50e45c9d0c/金银价格预测_官方数据与因素台账_20260713.xlsx.inspect.ndjson,最终数据/最终数据/outputs/019f56e7-91fe-7a43-b1d0-ae50e45c9d0c/金银价格预测_官方数据与因素台账_20260713.xlsx:xl/worksheets/sheet2.xml | 最终数据/最终数据/outputs/019f56e7-91fe-7a43-b1d0-ae50e45c9d0c/金银价格预测_官方数据与因素台账_20260713.xlsx.inspect.ndjson:649,,06_黄金美元与储备配置/外部原件/WEB-0266_XLSX_entry_xl_worksheets_sheet2.xml/original.html,text/html,.html,889264,8b7ed75f7028b390b743d03ea58d52a77b05c5bb0efa671833e2e0c57bafb237,,,,,,,source,DOWNLOADED_VERIFIED,200,GET,2026-08-15T19:31:05.872Z,public GET; no authentication; archive user-agent,"{""date"":""Sat, 15 Aug 2026 19:31:05 GMT"",""content_type"":""text/html"",""content_length"":"""",""last_modified"":""Wed, 12 Aug 2026 14:00:04 GMT"",""etag"":"""",""content_disposition"":"""",""cache_control"":""""}",2026-08-16,政府/国际组织公开资料，按原站署名与条款使用,,shared,,,,使用本地原件；引用时保留发布机构、原URL、访问日期和许可。
WEB-0267,web,"1. Federal Reserve History（美联储官方历史项目，2013）：""Nixon Ends Convertibility of U.S. Dollars to Gold and Announces Wage/Price Controls""，",www.federalreservehistory.org,,05_全球周期与历史危机,B,识别全球经济周期、资产泡沫、信用危机、衰退与历史制度差异。,案例库/宏观危机篇/03_1971布雷顿森林解体/案例档案.md；案例库/宏观危机篇/04_1973-1980滞胀大牛市/案例档案.md,须以原文、数据口径、发布时间和适用许可为准；媒体或行业资料不得替代核心A级证据。,https://www.federalreservehistory.org/essays/gold-convertibility-ends,https://www.federalreservehistory.org/essays/gold-convertibility-ends,,案例库/宏观危机篇/03_1971布雷顿森林解体/案例档案.md | 案例库/宏观危机篇/04_1973-1980滞胀大牛市/案例档案.md,案例库/宏观危机篇/03_1971布雷顿森林解体/案例档案.md:53 | 案例库/宏观危机篇/04_1973-1980滞胀大牛市/案例档案.md:62,,,,,,,,,,,,,source,METADATA_ONLY_LICENSE,,NOT_REQUESTED,,public GET; no authentication; archive user-agent,,2026-08-16,许可未明确，默认仅保存元数据,,metadata_only,,,,保留元数据和原链接，不抓取或再分发正文。
WEB-0268,web,1. Federal Reserve History（美联储官方历史网站），《Gold Reserve Act of 1934》，,www.federalreservehistory.org,,05_全球周期与历史危机,B,识别全球经济周期、资产泡沫、信用危机、衰退与历史制度差异。,案例库/宏观危机篇/02_1933罗斯福黄金新政/案例档案.md,须以原文、数据口径、发布时间和适用许可为准；媒体或行业资料不得替代核心A级证据。,https://www.federalreservehistory.org/essays/gold-reserve-act,https://www.federalreservehistory.org/essays/gold-reserve-act,,案例库/宏观危机篇/02_1933罗斯福黄金新政/案例档案.md,案例库/宏观危机篇/02_1933罗斯福黄金新政/案例档案.md:50,,,,,,,,,,,,,source,METADATA_ONLY_LICENSE,,NOT_REQUESTED,,public GET; no authentication; archive user-agent,,2026-08-16,许可未明确，默认仅保存元数据,,metadata_only,,,,保留元数据和原链接，不抓取或再分发正文。
WEB-0269,web,中国金融新闻网，2025-02,www.financialnews.com.cn,,08_企业案例与公开披露,D,核验企业海外收入、汇兑损益、冻结、退出和储备配置事实。,企业资产配置调研报告.md,须以原文、数据口径、发布时间和适用许可为准；媒体或行业资料不得替代核心A级证据。,https://www.financialnews.com.cn/2025-02/05/content_417794.html,https://www.financialnews.com.cn/2025-02/05/content_417794.html,,企业资产配置调研报告.md,企业资产配置调研报告.md:33 | 企业资产配置调研报告.md:33,,,,.html,,,,,,,,,source,METADATA_ONLY_LICENSE,,NOT_REQUESTED,,public GET; no authentication; archive user-agent,,2026-08-16,许可未明确，默认仅保存元数据,,metadata_only,,,,保留元数据和原链接，不抓取或再分发正文。
WEB-0270,web,中国金融新闻网，2024-02,www.financialnews.com.cn,,08_企业案例与公开披露,D,核验企业海外收入、汇兑损益、冻结、退出和储备配置事实。,企业资产配置调研报告.md,须以原文、数据口径、发布时间和适用许可为准；媒体或行业资料不得替代核心A级证据。,https://www.financialnews.com.cn/jg/zc/202402/t20240202_286986.html,https://www.financialnews.com.cn/jg/zc/202402/t20240202_286986.html,,企业资产配置调研报告.md,企业资产配置调研报告.md:97 | 企业资产配置调研报告.md:97,,,,.html,,,,,,,,,source,METADATA_ONLY_LICENSE,,NOT_REQUESTED,,public GET; no authentication; archive user-agent,,2026-08-16,许可未明确，默认仅保存元数据,,metadata_only,,,,保留元数据和原链接，不抓取或再分发正文。
WEB-0271,web,中国黄金协会，2026-02,www.fx678.com,,08_企业案例与公开披露,D,核验企业海外收入、汇兑损益、冻结、退出和储备配置事实。,企业资产配置调研报告.md,须以原文、数据口径、发布时间和适用许可为准；媒体或行业资料不得替代核心A级证据。,https://www.fx678.com/C/20260205/202602051010132463.html,https://www.fx678.com/C/20260205/202602051010132463.html,,企业资产配置调研报告.md,企业资产配置调研报告.md:131 | 企业资产配置调研报告.md:131,,,,.html,,,,,,,,,source,METADATA_ONLY_LICENSE,,NOT_REQUESTED,,public GET; no authentication; archive user-agent,,2026-08-16,许可未明确，默认仅保存元数据,,metadata_only,,,,保留元数据和原链接，不抓取或再分发正文。
WEB-0272,web,WGC《黄金作为战略资产（2025 年版）》,www.fxbaogao.com,,08_企业案例与公开披露,D,核验企业海外收入、汇兑损益、冻结、退出和储备配置事实。,企业资产配置调研报告.md,须以原文、数据口径、发布时间和适用许可为准；媒体或行业资料不得替代核心A级证据。,https://www.fxbaogao.com/detail/4680353,https://www.fxbaogao.com/detail/4680353,,企业资产配置调研报告.md,企业资产配置调研报告.md:140 | 企业资产配置调研报告.md:140,,,,,,,,,,,,,source,METADATA_ONLY_LICENSE,,NOT_REQUESTED,,public GET; no authentication; archive user-agent,,2026-08-16,许可未明确，默认仅保存元数据,,metadata_only,,,,保留元数据和原链接，不抓取或再分发正文。
WEB-0273,web,2. Gainesville Coins，《Gold Price History: Why Did Gold Fall In 2008?》，2025年（引LBMA历史定盘价），,www.gainesvillecoins.com,,05_全球周期与历史危机,D,识别全球经济周期、资产泡沫、信用危机、衰退与历史制度差异。,案例库/宏观危机篇/09_2008全球金融危机/案例档案.md,须以原文、数据口径、发布时间和适用许可为准；媒体或行业资料不得替代核心A级证据。,https://www.gainesvillecoins.com/blog/gold-price-2008-what-we-can-learn,https://www.gainesvillecoins.com/blog/gold-price-2008-what-we-can-learn,,案例库/宏观危机篇/09_2008全球金融危机/案例档案.md,案例库/宏观危机篇/09_2008全球金融危机/案例档案.md:44,,,,,,,,,,,,,source,METADATA_ONLY_LICENSE,,NOT_REQUESTED,,public GET; no authentication; archive user-agent,,2026-08-16,许可未明确，默认仅保存元数据,,metadata_only,,,,保留元数据和原链接，不抓取或再分发正文。
WEB-0274,web,www.gdeltproject.org 来源资料（WEB-0274）,www.gdeltproject.org,,06_黄金美元与储备配置,D,比较美元、短债、黄金、人民币资产与套保工具的周期性作用。,最终数据/最终数据/outputs/019f56e7-91fe-7a43-b1d0-ae50e45c9d0c/黄金价格传导链因素与时序数据_20260724.xlsx；最终数据/最终数据/outputs/019f56e7-91fe-7a43-b1d0-ae50e45c9d0c/黄金价格传导链因素与时序数据_20260724.xlsx.inspect.ndjson；最终数据/最终数据/outputs/019f56e7-91fe-7a43-b1d0-ae50e45c9d0c/金银价格波动影响因素与时序数据_20260726.xlsx；最终数据/最终数据/outputs/019f56e7-91fe-7a43-b1d0-ae50e45c9d0c/金银价格波动影响因素与时序数据_20260726.xlsx.inspect.ndjson；最终数据/最终数据/outputs/019f56e7-91fe-7a43-b1d0-ae50e45c9d0c/金银价格波动影响因素与时序数据_中文字段版_20260726.xlsx；最终数据/最终数据/outputs/019f56e7-91fe-7a43-b1d0-ae50e45c9d0c/金银价格波动影响因素与时序数据_中文字段版_20260726.xlsx.inspect.ndjson,须以原文、数据口径、发布时间和适用许可为准；媒体或行业资料不得替代核心A级证据。,https://www.gdeltproject.org/data.html,https://www.gdeltproject.org/data.html,,最终数据/最终数据/outputs/019f56e7-91fe-7a43-b1d0-ae50e45c9d0c/黄金价格传导链因素与时序数据_20260724.xlsx | 最终数据/最终数据/outputs/019f56e7-91fe-7a43-b1d0-ae50e45c9d0c/黄金价格传导链因素与时序数据_20260724.xlsx.inspect.ndjson | 最终数据/最终数据/outputs/019f56e7-91fe-7a43-b1d0-ae50e45c9d0c/金银价格波动影响因素与时序数据_20260726.xlsx | 最终数据/最终数据/outputs/019f56e7-91fe-7a43-b1d0-ae50e45c9d0c/金银价格波动影响因素与时序数据_20260726.xlsx.inspect.ndjson | 最终数据/最终数据/outputs/019f56e7-91fe-7a43-b1d0-ae50e45c9d0c/金银价格波动影响因素与时序数据_中文字段版_20260726.xlsx | 最终数据/最终数据/outputs/019f56e7-91fe-7a43-b1d0-ae50e45c9d0c/金银价格波动影响因素与时序数据_中文字段版_20260726.xlsx.inspect.ndjson,最终数据/最终数据/outputs/019f56e7-91fe-7a43-b1d0-ae50e45c9d0c/黄金价格传导链因素与时序数据_20260724.xlsx:xl/worksheets/sheet11.xml | 最终数据/最终数据/outputs/019f56e7-91fe-7a43-b1d0-ae50e45c9d0c/黄金价格传导链因素与时序数据_20260724.xlsx.inspect.ndjson:80405 | 最终数据/最终数据/outputs/019f56e7-91fe-7a43-b1d0-ae50e45c9d0c/金银价格波动影响因素与时序数据_20260726.xlsx:xl/worksheets/sheet12.xml | 最终数据/最终数据/outputs/019f56e7-91fe-7a43-b1d0-ae50e45c9d0c/金银价格波动影响因素与时序数据_20260726.xlsx.inspect.ndjson:91397 | 最终数据/最终数据/outputs/019f56e7-91fe-7a43-b1d0-ae50e45c9d0c/金银价格波动影响因素与时序数据_中文字段版_20260726.xlsx:xl/worksheets/sheet13.xml | 最终数据/最终数据/outputs/019f56e7-91fe-7a43-b1d0-ae50e45c9d0c/金银价格波动影响因素与时序数据_中文字段版_20260726.xlsx.inspect.ndjson:91689,,,,.html,,,,,,,,,source,METADATA_ONLY_LICENSE,,NOT_REQUESTED,,public GET; no authentication; archive user-agent,,2026-08-16,许可未明确，默认仅保存元数据,,metadata_only,,,,保留元数据和原链接，不抓取或再分发正文。
WEB-0275,web,WGC，2018,World Gold Council,,07_会计合规与制裁,D,限定会计分类、托管、制裁、外汇管制和合法可用性边界。,案例库/微观企业篇/10_中国黄金会计错配_反面/案例档案.md；跨国公司黄金硬通货需求调研报告.md,须以原文、数据口径、发布时间和适用许可为准；媒体或行业资料不得替代核心A级证据。,https://www.gold.org/download/file/8208/Working_towards_a%20common_accounting_framework_for_gold_updated_Jan2018.pdf,https://www.gold.org/download/file/8208/Working_towards_a%20common_accounting_framework_for_gold_updated_Jan2018.pdf,,案例库/微观企业篇/10_中国黄金会计错配_反面/案例档案.md | 跨国公司黄金硬通货需求调研报告.md,案例库/微观企业篇/10_中国黄金会计错配_反面/案例档案.md:75 | 跨国公司黄金硬通货需求调研报告.md:91 | 跨国公司黄金硬通货需求调研报告.md:91,,,,.pdf,,,,,,,,,source,METADATA_ONLY_LICENSE,,NOT_REQUESTED,,public GET; no authentication; archive user-agent,,2026-08-16,限制抓取或再分发,https://www.gold.org/terms-and-conditions,metadata_only,,,,保留元数据和原链接，不抓取或再分发正文。
WEB-0276,web,World Gold Council 来源资料（WEB-0276）,World Gold Council,,06_黄金美元与储备配置,D,比较美元、短债、黄金、人民币资产与套保工具的周期性作用。,最终数据/最终数据/outputs/019f56e7-91fe-7a43-b1d0-ae50e45c9d0c/黄金价格传导链因素与时序数据_20260724.xlsx；最终数据/最终数据/outputs/019f56e7-91fe-7a43-b1d0-ae50e45c9d0c/黄金价格传导链因素与时序数据_20260724.xlsx.inspect.ndjson；最终数据/最终数据/outputs/019f56e7-91fe-7a43-b1d0-ae50e45c9d0c/金银价格波动影响因素与时序数据_20260726.xlsx；最终数据/最终数据/outputs/019f56e7-91fe-7a43-b1d0-ae50e45c9d0c/金银价格波动影响因素与时序数据_20260726.xlsx.inspect.ndjson；最终数据/最终数据/outputs/019f56e7-91fe-7a43-b1d0-ae50e45c9d0c/金银价格波动影响因素与时序数据_中文字段版_20260726.xlsx；最终数据/最终数据/outputs/019f56e7-91fe-7a43-b1d0-ae50e45c9d0c/金银价格波动影响因素与时序数据_中文字段版_20260726.xlsx.inspect.ndjson；最终数据/最终数据/outputs/019f56e7-91fe-7a43-b1d0-ae50e45c9d0c/金银价格预测_官方数据与因素台账_20260713.xlsx；最终数据/最终数据/outputs/019f56e7-91fe-7a43-b1d0-ae50e45c9d0c/金银价格预测_官方数据与因素台账_20260713.xlsx.inspect.ndjson,须以原文、数据口径、发布时间和适用许可为准；媒体或行业资料不得替代核心A级证据。,https://www.gold.org/goldhub/data,https://www.gold.org/goldhub/data,,最终数据/最终数据/outputs/019f56e7-91fe-7a43-b1d0-ae50e45c9d0c/黄金价格传导链因素与时序数据_20260724.xlsx | 最终数据/最终数据/outputs/019f56e7-91fe-7a43-b1d0-ae50e45c9d0c/黄金价格传导链因素与时序数据_20260724.xlsx.inspect.ndjson | 最终数据/最终数据/outputs/019f56e7-91fe-7a43-b1d0-ae50e45c9d0c/金银价格波动影响因素与时序数据_20260726.xlsx | 最终数据/最终数据/outputs/019f56e7-91fe-7a43-b1d0-ae50e45c9d0c/金银价格波动影响因素与时序数据_20260726.xlsx.inspect.ndjson | 最终数据/最终数据/outputs/019f56e7-91fe-7a43-b1d0-ae50e45c9d0c/金银价格波动影响因素与时序数据_中文字段版_20260726.xlsx | 最终数据/最终数据/outputs/019f56e7-91fe-7a43-b1d0-ae50e45c9d0c/金银价格波动影响因素与时序数据_中文字段版_20260726.xlsx.inspect.ndjson | 最终数据/最终数据/outputs/019f56e7-91fe-7a43-b1d0-ae50e45c9d0c/金银价格预测_官方数据与因素台账_20260713.xlsx | 最终数据/最终数据/outputs/019f56e7-91fe-7a43-b1d0-ae50e45c9d0c/金银价格预测_官方数据与因素台账_20260713.xlsx.inspect.ndjson,最终数据/最终数据/outputs/019f56e7-91fe-7a43-b1d0-ae50e45c9d0c/黄金价格传导链因素与时序数据_20260724.xlsx:xl/worksheets/sheet11.xml | 最终数据/最终数据/outputs/019f56e7-91fe-7a43-b1d0-ae50e45c9d0c/黄金价格传导链因素与时序数据_20260724.xlsx.inspect.ndjson:80405 | 最终数据/最终数据/outputs/019f56e7-91fe-7a43-b1d0-ae50e45c9d0c/金银价格波动影响因素与时序数据_20260726.xlsx:xl/worksheets/sheet12.xml | 最终数据/最终数据/outputs/019f56e7-91fe-7a43-b1d0-ae50e45c9d0c/金银价格波动影响因素与时序数据_20260726.xlsx.inspect.ndjson:91397 | 最终数据/最终数据/outputs/019f56e7-91fe-7a43-b1d0-ae50e45c9d0c/金银价格波动影响因素与时序数据_中文字段版_20260726.xlsx:xl/worksheets/sheet13.xml | 最终数据/最终数据/outputs/019f56e7-91fe-7a43-b1d0-ae50e45c9d0c/金银价格波动影响因素与时序数据_中文字段版_20260726.xlsx.inspect.ndjson:91689 | 最终数据/最终数据/outputs/019f56e7-91fe-7a43-b1d0-ae50e45c9d0c/金银价格预测_官方数据与因素台账_20260713.xlsx:xl/worksheets/sheet2.xml | 最终数据/最终数据/outputs/019f56e7-91fe-7a43-b1d0-ae50e45c9d0c/金银价格预测_官方数据与因素台账_20260713.xlsx.inspect.ndjson:649,,,,,,,,,,,,,source,METADATA_ONLY_LICENSE,,NOT_REQUESTED,,public GET; no authentication; archive user-agent,,2026-08-16,限制抓取或再分发,https://www.gold.org/terms-and-conditions,metadata_only,,,,保留元数据和原链接，不抓取或再分发正文。
WEB-0277,web,"5. 2022-03-08 金价冲至 2,078 美元：LBMA 金价历史数据/世界黄金协会",World Gold Council,,07_会计合规与制裁,D,限定会计分类、托管、制裁、外汇管制和合法可用性边界。,案例库/地缘冲突与制裁篇/01_2022俄乌冲突-外储冻结/案例档案.md；案例库/地缘冲突与制裁篇/02_2022俄罗斯黄金制裁免疫/案例档案.md；案例库/地缘冲突与制裁篇/03_2024以色列-伊朗冲突/案例档案.md；案例库/地缘冲突与制裁篇/04_2012-2013土耳其-伊朗黄金换天然气/案例档案.md；案例库/地缘冲突与制裁篇/05_2019委内瑞拉伦敦黄金冻结/案例档案.md；案例库/地缘冲突与制裁篇/06_2014克里米亚危机-卢布暴跌/案例档案.md；案例库/地缘冲突与制裁篇/07_2018特朗普对伊制裁/案例档案.md；案例库/地缘冲突与制裁篇/08_2023苏丹内战黄金经济/案例档案.md,须以原文、数据口径、发布时间和适用许可为准；媒体或行业资料不得替代核心A级证据。,https://www.gold.org/goldhub/data/gold-prices,https://www.gold.org/goldhub/data/gold-prices,,案例库/地缘冲突与制裁篇/01_2022俄乌冲突-外储冻结/案例档案.md | 案例库/地缘冲突与制裁篇/02_2022俄罗斯黄金制裁免疫/案例档案.md | 案例库/地缘冲突与制裁篇/03_2024以色列-伊朗冲突/案例档案.md | 案例库/地缘冲突与制裁篇/04_2012-2013土耳其-伊朗黄金换天然气/案例档案.md | 案例库/地缘冲突与制裁篇/05_2019委内瑞拉伦敦黄金冻结/案例档案.md | 案例库/地缘冲突与制裁篇/06_2014克里米亚危机-卢布暴跌/案例档案.md | 案例库/地缘冲突与制裁篇/07_2018特朗普对伊制裁/案例档案.md | 案例库/地缘冲突与制裁篇/08_2023苏丹内战黄金经济/案例档案.md | 案例库/宏观危机篇/10_1990日本资产泡沫破裂/案例档案.md | 案例库/宏观危机篇/11_1994墨西哥龙舌兰危机/案例档案.md | 案例库/宏观危机篇/12_1998俄罗斯金融危机/案例档案.md | 案例库/宏观危机篇/13_2001阿根廷债务危机/案例档案.md | 案例库/宏观危机篇/14_2010欧洲主权债务危机/案例档案.md | 案例库/宏观危机篇/15_2020疫情全球市场崩盘/案例档案.md | 案例库/宏观危机篇/16_2022美联储激进加息周期/案例档案.md | 案例库/宏观危机篇/17_1980-2000黄金熊市_反面案例/案例档案.md | 案例库/货币崩溃篇/02_2008津巴布韦恶性通胀/案例档案.md | 案例库/货币崩溃篇/04_2018土耳其里拉危机/案例档案.md | 案例库/货币崩溃篇/06_2022-2024尼日利亚奈拉崩溃/案例档案.md | 案例库/货币崩溃篇/07_2022-2024埃及镑贬值/案例档案.md | 案例库/货币崩溃篇/08_2010-2025伊朗里亚尔/案例档案.md | 案例库/货币崩溃篇/09_2023-2024阿根廷比索危机/案例档案.md | 案例库/货币崩溃篇/10_1998俄罗斯卢布危机/案例档案.md | 案例库/微观企业篇/01_MTN尼日利亚/案例档案.md | 案例库/微观企业篇/02_雀巢尼日利亚/案例档案.md | 案例库/微观企业篇/03_ABInBev阿根廷/案例档案.md | 案例库/微观企业篇/04_传音控股/案例档案.md | 案例库/微观企业篇/05_华为/案例档案.md | 案例库/微观企业篇/06_雷诺法兴俄罗斯退出/案例档案.md | 案例库/微观企业篇/07_IATA航司被困资金/案例档案.md | 案例库/微观企业篇/08_Palantir黑天鹅黄金/案例档案.md,案例库/地缘冲突与制裁篇/01_2022俄乌冲突-外储冻结/案例档案.md:91 | 案例库/地缘冲突与制裁篇/02_2022俄罗斯黄金制裁免疫/案例档案.md:85 | 案例库/地缘冲突与制裁篇/03_2024以色列-伊朗冲突/案例档案.md:88 | 案例库/地缘冲突与制裁篇/04_2012-2013土耳其-伊朗黄金换天然气/案例档案.md:87 | 案例库/地缘冲突与制裁篇/05_2019委内瑞拉伦敦黄金冻结/案例档案.md:92 | 案例库/地缘冲突与制裁篇/06_2014克里米亚危机-卢布暴跌/案例档案.md:90 | 案例库/地缘冲突与制裁篇/07_2018特朗普对伊制裁/案例档案.md:88 | 案例库/地缘冲突与制裁篇/08_2023苏丹内战黄金经济/案例档案.md:89 | 案例库/宏观危机篇/10_1990日本资产泡沫破裂/案例档案.md:91 | 案例库/宏观危机篇/11_1994墨西哥龙舌兰危机/案例档案.md:94 | 案例库/宏观危机篇/12_1998俄罗斯金融危机/案例档案.md:95 | 案例库/宏观危机篇/13_2001阿根廷债务危机/案例档案.md:96 | 案例库/宏观危机篇/14_2010欧洲主权债务危机/案例档案.md:94 | 案例库/宏观危机篇/15_2020疫情全球市场崩盘/案例档案.md:93 | 案例库/宏观危机篇/16_2022美联储激进加息周期/案例档案.md:97 | 案例库/宏观危机篇/17_1980-2000黄金熊市_反面案例/案例档案.md:84 | 案例库/货币崩溃篇/02_2008津巴布韦恶性通胀/案例档案.md:92 | 案例库/货币崩溃篇/04_2018土耳其里拉危机/案例档案.md:93 | 案例库/货币崩溃篇/06_2022-2024尼日利亚奈拉崩溃/案例档案.md:97 | 案例库/货币崩溃篇/07_2022-2024埃及镑贬值/案例档案.md:95 | 案例库/货币崩溃篇/08_2010-2025伊朗里亚尔/案例档案.md:98 | 案例库/货币崩溃篇/09_2023-2024阿根廷比索危机/案例档案.md:97 | 案例库/货币崩溃篇/10_1998俄罗斯卢布危机/案例档案.md:90 | 案例库/微观企业篇/01_MTN尼日利亚/案例档案.md:79 | 案例库/微观企业篇/02_雀巢尼日利亚/案例档案.md:79 | 案例库/微观企业篇/03_ABInBev阿根廷/案例档案.md:78 | 案例库/微观企业篇/04_传音控股/案例档案.md:77 | 案例库/微观企业篇/05_华为/案例档案.md:78 | 案例库/微观企业篇/06_雷诺法兴俄罗斯退出/案例档案.md:82 | 案例库/微观企业篇/07_IATA航司被困资金/案例档案.md:82 | 案例库/微观企业篇/08_Palantir黑天鹅黄金/案例档案.md:78,,,,,,,,,,,,,source,METADATA_ONLY_LICENSE,,NOT_REQUESTED,,public GET; no authentication; archive user-agent,,2026-08-16,限制抓取或再分发,https://www.gold.org/terms-and-conditions,metadata_only,,,,保留元数据和原链接，不抓取或再分发正文。
WEB-0278,web,"2. 俄罗斯境内黄金储备（约 2,300 吨）与""制裁免疫""：世界黄金协会黄金储备数据库",World Gold Council,,07_会计合规与制裁,D,限定会计分类、托管、制裁、外汇管制和合法可用性边界。,案例库/地缘冲突与制裁篇/01_2022俄乌冲突-外储冻结/案例档案.md；案例库/地缘冲突与制裁篇/02_2022俄罗斯黄金制裁免疫/案例档案.md；案例库/地缘冲突与制裁篇/05_2019委内瑞拉伦敦黄金冻结/案例档案.md；案例库/地缘冲突与制裁篇/06_2014克里米亚危机-卢布暴跌/案例档案.md；案例库/货币崩溃篇/03_2015-2021委内瑞拉玻利瓦尔/案例档案.md；案例库/货币崩溃篇/04_2018土耳其里拉危机/案例档案.md；案例库/货币崩溃篇/06_2022-2024尼日利亚奈拉崩溃/案例档案.md；案例库/货币崩溃篇/07_2022-2024埃及镑贬值/案例档案.md,须以原文、数据口径、发布时间和适用许可为准；媒体或行业资料不得替代核心A级证据。,https://www.gold.org/goldhub/data/gold-reserves-by-country,https://www.gold.org/goldhub/data/gold-reserves-by-country,,案例库/地缘冲突与制裁篇/01_2022俄乌冲突-外储冻结/案例档案.md | 案例库/地缘冲突与制裁篇/02_2022俄罗斯黄金制裁免疫/案例档案.md | 案例库/地缘冲突与制裁篇/05_2019委内瑞拉伦敦黄金冻结/案例档案.md | 案例库/地缘冲突与制裁篇/06_2014克里米亚危机-卢布暴跌/案例档案.md | 案例库/货币崩溃篇/03_2015-2021委内瑞拉玻利瓦尔/案例档案.md | 案例库/货币崩溃篇/04_2018土耳其里拉危机/案例档案.md | 案例库/货币崩溃篇/06_2022-2024尼日利亚奈拉崩溃/案例档案.md | 案例库/货币崩溃篇/07_2022-2024埃及镑贬值/案例档案.md | 案例库/货币崩溃篇/08_2010-2025伊朗里亚尔/案例档案.md | 案例库/货币崩溃篇/09_2023-2024阿根廷比索危机/案例档案.md | 案例库/微观企业篇/09_Tether黄金储备/案例档案.md,案例库/地缘冲突与制裁篇/01_2022俄乌冲突-外储冻结/案例档案.md:88 | 案例库/地缘冲突与制裁篇/02_2022俄罗斯黄金制裁免疫/案例档案.md:79 | 案例库/地缘冲突与制裁篇/05_2019委内瑞拉伦敦黄金冻结/案例档案.md:89 | 案例库/地缘冲突与制裁篇/06_2014克里米亚危机-卢布暴跌/案例档案.md:85 | 案例库/货币崩溃篇/03_2015-2021委内瑞拉玻利瓦尔/案例档案.md:91 | 案例库/货币崩溃篇/04_2018土耳其里拉危机/案例档案.md:94 | 案例库/货币崩溃篇/06_2022-2024尼日利亚奈拉崩溃/案例档案.md:100 | 案例库/货币崩溃篇/07_2022-2024埃及镑贬值/案例档案.md:98 | 案例库/货币崩溃篇/08_2010-2025伊朗里亚尔/案例档案.md:101 | 案例库/货币崩溃篇/09_2023-2024阿根廷比索危机/案例档案.md:98 | 案例库/微观企业篇/09_Tether黄金储备/案例档案.md:82,,,,,,,,,,,,,source,METADATA_ONLY_LICENSE,,NOT_REQUESTED,,public GET; no authentication; archive user-agent,,2026-08-16,限制抓取或再分发,https://www.gold.org/terms-and-conditions,metadata_only,,,,保留元数据和原链接，不抓取或再分发正文。
WEB-0279,web,9. 世界黄金协会《Gold as a Strategic Asset》地缘风险研究,World Gold Council,,07_会计合规与制裁,D,限定会计分类、托管、制裁、外汇管制和合法可用性边界。,案例库/地缘冲突与制裁篇/03_2024以色列-伊朗冲突/案例档案.md；案例库/地缘冲突与制裁篇/05_2019委内瑞拉伦敦黄金冻结/案例档案.md；案例库/货币崩溃篇/04_2018土耳其里拉危机/案例档案.md；案例库/货币崩溃篇/08_2010-2025伊朗里亚尔/案例档案.md；案例库/微观企业篇/08_Palantir黑天鹅黄金/案例档案.md,须以原文、数据口径、发布时间和适用许可为准；媒体或行业资料不得替代核心A级证据。,https://www.gold.org/goldhub/research,https://www.gold.org/goldhub/research,,案例库/地缘冲突与制裁篇/03_2024以色列-伊朗冲突/案例档案.md | 案例库/地缘冲突与制裁篇/05_2019委内瑞拉伦敦黄金冻结/案例档案.md | 案例库/货币崩溃篇/04_2018土耳其里拉危机/案例档案.md | 案例库/货币崩溃篇/08_2010-2025伊朗里亚尔/案例档案.md | 案例库/微观企业篇/08_Palantir黑天鹅黄金/案例档案.md,案例库/地缘冲突与制裁篇/03_2024以色列-伊朗冲突/案例档案.md:96 | 案例库/地缘冲突与制裁篇/05_2019委内瑞拉伦敦黄金冻结/案例档案.md:95 | 案例库/货币崩溃篇/04_2018土耳其里拉危机/案例档案.md:98 | 案例库/货币崩溃篇/08_2010-2025伊朗里亚尔/案例档案.md:100 | 案例库/微观企业篇/08_Palantir黑天鹅黄金/案例档案.md:82,,,,,,,,,,,,,source,METADATA_ONLY_LICENSE,,NOT_REQUESTED,,public GET; no authentication; archive user-agent,,2026-08-16,限制抓取或再分发,https://www.gold.org/terms-and-conditions,metadata_only,,,,保留元数据和原链接，不抓取或再分发正文。
WEB-0280,web,"4. 2022 年全球央行购金 1,136 吨：世界黄金协会《Gold Demand Trends Full Year 2022》",World Gold Council,,07_会计合规与制裁,D,限定会计分类、托管、制裁、外汇管制和合法可用性边界。,案例库/地缘冲突与制裁篇/01_2022俄乌冲突-外储冻结/案例档案.md；案例库/地缘冲突与制裁篇/02_2022俄罗斯黄金制裁免疫/案例档案.md；案例库/地缘冲突与制裁篇/03_2024以色列-伊朗冲突/案例档案.md；案例库/宏观危机篇/16_2022美联储激进加息周期/案例档案.md；案例库/微观企业篇/09_Tether黄金储备/案例档案.md,须以原文、数据口径、发布时间和适用许可为准；媒体或行业资料不得替代核心A级证据。,https://www.gold.org/goldhub/research/gold-demand-trends,https://www.gold.org/goldhub/research/gold-demand-trends,,案例库/地缘冲突与制裁篇/01_2022俄乌冲突-外储冻结/案例档案.md | 案例库/地缘冲突与制裁篇/02_2022俄罗斯黄金制裁免疫/案例档案.md | 案例库/地缘冲突与制裁篇/03_2024以色列-伊朗冲突/案例档案.md | 案例库/宏观危机篇/16_2022美联储激进加息周期/案例档案.md | 案例库/微观企业篇/09_Tether黄金储备/案例档案.md,案例库/地缘冲突与制裁篇/01_2022俄乌冲突-外储冻结/案例档案.md:90 | 案例库/地缘冲突与制裁篇/02_2022俄罗斯黄金制裁免疫/案例档案.md:87 | 案例库/地缘冲突与制裁篇/03_2024以色列-伊朗冲突/案例档案.md:91 | 案例库/宏观危机篇/16_2022美联储激进加息周期/案例档案.md:98 | 案例库/微观企业篇/09_Tether黄金储备/案例档案.md:81,,,,,,,,,,,,,source,METADATA_ONLY_LICENSE,,NOT_REQUESTED,,public GET; no authentication; archive user-agent,,2026-08-16,限制抓取或再分发,https://www.gold.org/terms-and-conditions,metadata_only,,,,保留元数据和原链接，不抓取或再分发正文。
WEB-0281,web,World Gold Council 来源资料（WEB-0281）,World Gold Council,,06_黄金美元与储备配置,D,比较美元、短债、黄金、人民币资产与套保工具的周期性作用。,最终数据/最终数据/outputs/019f56e7-91fe-7a43-b1d0-ae50e45c9d0c/金银价格预测_官方数据与因素台账_20260713.xlsx；最终数据/最终数据/outputs/019f56e7-91fe-7a43-b1d0-ae50e45c9d0c/金银价格预测_官方数据与因素台账_20260713.xlsx.inspect.ndjson,须以原文、数据口径、发布时间和适用许可为准；媒体或行业资料不得替代核心A级证据。,https://www.gold.org/goldhub/research/gold-demand-trends/gold-demand-trends-full-year-2024/central-banks,https://www.gold.org/goldhub/research/gold-demand-trends/gold-demand-trends-full-year-2024/central-banks,,最终数据/最终数据/outputs/019f56e7-91fe-7a43-b1d0-ae50e45c9d0c/金银价格预测_官方数据与因素台账_20260713.xlsx | 最终数据/最终数据/outputs/019f56e7-91fe-7a43-b1d0-ae50e45c9d0c/金银价格预测_官方数据与因素台账_20260713.xlsx.inspect.ndjson,最终数据/最终数据/outputs/019f56e7-91fe-7a43-b1d0-ae50e45c9d0c/金银价格预测_官方数据与因素台账_20260713.xlsx:xl/worksheets/sheet4.xml | 最终数据/最终数据/outputs/019f56e7-91fe-7a43-b1d0-ae50e45c9d0c/金银价格预测_官方数据与因素台账_20260713.xlsx.inspect.ndjson:978,,,,,,,,,,,,,source,METADATA_ONLY_LICENSE,,NOT_REQUESTED,,public GET; no authentication; archive user-agent,,2026-08-16,限制抓取或再分发,https://www.gold.org/terms-and-conditions,metadata_only,,,,保留元数据和原链接，不抓取或再分发正文。
WEB-0282,web,2. World Gold Council（世界黄金协会），《The Asian financial crisis – 20 years later》，2017——危机成因、黄金无信用风险属性的分析：,World Gold Council,,05_全球周期与历史危机,D,识别全球经济周期、资产泡沫、信用危机、衰退与历史制度差异。,案例库/宏观危机篇/07_1997亚洲金融危机/案例档案.md,须以原文、数据口径、发布时间和适用许可为准；媒体或行业资料不得替代核心A级证据。,https://www.gold.org/goldhub/research/gold-investor/gold-investor-december-2017/13216,https://www.gold.org/goldhub/research/gold-investor/gold-investor-december-2017/13216,,案例库/宏观危机篇/07_1997亚洲金融危机/案例档案.md,案例库/宏观危机篇/07_1997亚洲金融危机/案例档案.md:67,,,,,,,,,,,,,source,METADATA_ONLY_LICENSE,,NOT_REQUESTED,,public GET; no authentication; archive user-agent,,2026-08-16,限制抓取或再分发,https://www.gold.org/terms-and-conditions,metadata_only,,,,保留元数据和原链接，不抓取或再分发正文。
WEB-0283,web,1. 世界黄金协会（WGC），《The gold perspective – 10 years after Lehman Brothers failed》，2019年，,World Gold Council,,05_全球周期与历史危机,D,识别全球经济周期、资产泡沫、信用危机、衰退与历史制度差异。,案例库/宏观危机篇/09_2008全球金融危机/案例档案.md,须以原文、数据口径、发布时间和适用许可为准；媒体或行业资料不得替代核心A级证据。,https://www.gold.org/goldhub/research/gold-investor/gold-investor-february-2019/13643,https://www.gold.org/goldhub/research/gold-investor/gold-investor-february-2019/13643,,案例库/宏观危机篇/09_2008全球金融危机/案例档案.md,案例库/宏观危机篇/09_2008全球金融危机/案例档案.md:43,,,,,,,,,,,,,source,METADATA_ONLY_LICENSE,,NOT_REQUESTED,,public GET; no authentication; archive user-agent,,2026-08-16,限制抓取或再分发,https://www.gold.org/terms-and-conditions,metadata_only,,,,保留元数据和原链接，不抓取或再分发正文。
WEB-0284,web,10. 世界黄金协会《Gold Outlook》：2022 年黄金组合分散价值研究报告,World Gold Council,,05_全球周期与历史危机,D,识别全球经济周期、资产泡沫、信用危机、衰退与历史制度差异。,案例库/宏观危机篇/16_2022美联储激进加息周期/案例档案.md,须以原文、数据口径、发布时间和适用许可为准；媒体或行业资料不得替代核心A级证据。,https://www.gold.org/goldhub/research/outlook,https://www.gold.org/goldhub/research/outlook,,案例库/宏观危机篇/16_2022美联储激进加息周期/案例档案.md,案例库/宏观危机篇/16_2022美联储激进加息周期/案例档案.md:102,,,,,,,,,,,,,source,METADATA_ONLY_LICENSE,,NOT_REQUESTED,,public GET; no authentication; archive user-agent,,2026-08-16,限制抓取或再分发,https://www.gold.org/terms-and-conditions,metadata_only,,,,保留元数据和原链接，不抓取或再分发正文。
WEB-0285,web,World Gold Council 来源资料（WEB-0285）,World Gold Council,,06_黄金美元与储备配置,D,比较美元、短债、黄金、人民币资产与套保工具的周期性作用。,计划书/01_项目可行性研究与参赛方案书.pdf；计划书/references.bib,须以原文、数据口径、发布时间和适用许可为准；媒体或行业资料不得替代核心A级证据。,https://www.gold.org/goldhub/research/relevance-of-gold-as-a-strategic-asset/portfolio-impact,https://www.gold.org/goldhub/research/relevance-of-gold-as-a-strategic-asset/portfolio-impact,,计划书/01_项目可行性研究与参赛方案书.pdf | 计划书/references.bib,计划书/01_项目可行性研究与参赛方案书.pdf:annotation-25 | 计划书/01_项目可行性研究与参赛方案书.pdf:annotation-26 | 计划书/01_项目可行性研究与参赛方案书.pdf:annotation-27 | 计划书/references.bib:89,,,,,,,,,,,,,source,METADATA_ONLY_LICENSE,,NOT_REQUESTED,,public GET; no authentication; archive user-agent,,2026-08-16,限制抓取或再分发,https://www.gold.org/terms-and-conditions,metadata_only,,,,保留元数据和原链接，不抓取或再分发正文。
WEB-0286,web,WGC条款,World Gold Council,,06_黄金美元与储备配置,D,比较美元、短债、黄金、人民币资产与套保工具的周期性作用。,V1.0归档实施策略,须以原文、数据口径、发布时间和适用许可为准；媒体或行业资料不得替代核心A级证据。,https://www.gold.org/terms-and-conditions,https://www.gold.org/terms-and-conditions,,V1.0归档实施策略,V1.0归档实施策略:policy,,,,,,,,,,,,,source,METADATA_ONLY_LICENSE,,NOT_REQUESTED,,public GET; no authentication; archive user-agent,,2026-08-16,限制抓取或再分发,https://www.gold.org/terms-and-conditions,metadata_only,,,,保留元数据和原链接，不抓取或再分发正文。
WEB-0287,web,"1. Goldman Sachs, ""Global Financial Markets Crash on Black Monday""（2019）：道指单日 -22.61%、508.32点。",www.goldmansachs.com,,05_全球周期与历史危机,D,识别全球经济周期、资产泡沫、信用危机、衰退与历史制度差异。,案例库/宏观危机篇/06_1987黑色星期一/案例档案.md,须以原文、数据口径、发布时间和适用许可为准；媒体或行业资料不得替代核心A级证据。,https://www.goldmansachs.com/our-firm/history/moments/1987-black-monday,https://www.goldmansachs.com/our-firm/history/moments/1987-black-monday,,案例库/宏观危机篇/06_1987黑色星期一/案例档案.md,案例库/宏观危机篇/06_1987黑色星期一/案例档案.md:74,,,,,,,,,,,,,source,METADATA_ONLY_LICENSE,,NOT_REQUESTED,,public GET; no authentication; archive user-agent,,2026-08-16,许可未明确，默认仅保存元数据,,metadata_only,,,,保留元数据和原链接，不抓取或再分发正文。
WEB-0288,web,5. Gold Price Forecast（2024）：《Dot-com Bubble and Gold》——纳斯达克 1994—2000 年约 600% 涨幅及同期黄金走势背景。,www.goldpriceforecast.com,,05_全球周期与历史危机,D,识别全球经济周期、资产泡沫、信用危机、衰退与历史制度差异。,案例库/宏观危机篇/08_2000互联网泡沫/案例档案.md,须以原文、数据口径、发布时间和适用许可为准；媒体或行业资料不得替代核心A级证据。,https://www.goldpriceforecast.com/explanations/dot-com-bubble-gold/,https://www.goldpriceforecast.com/explanations/dot-com-bubble-gold,,案例库/宏观危机篇/08_2000互联网泡沫/案例档案.md,案例库/宏观危机篇/08_2000互联网泡沫/案例档案.md:80,,,,,,,,,,,,,source,METADATA_ONLY_LICENSE,,NOT_REQUESTED,,public GET; no authentication; archive user-agent,,2026-08-16,许可未明确，默认仅保存元数据,,metadata_only,,,,保留元数据和原链接，不抓取或再分发正文。
WEB-0289,web,黄金及黄金制品进出口管理办法_人民银行_中国政府网,www.gov.cn,,08_企业案例与公开披露,A,核验企业海外收入、汇兑损益、冻结、退出和储备配置事实。,跨国公司黄金硬通货需求调研报告.md,须以原文、数据口径、发布时间和适用许可为准；媒体或行业资料不得替代核心A级证据。,https://www.gov.cn/zhengce/2015-04/01/content_5712727.htm,https://www.gov.cn/zhengce/2015-04/01/content_5712727.htm,https://www.gov.cn/zhengce/2015-04/01/content_5712727.htm,跨国公司黄金硬通货需求调研报告.md,跨国公司黄金硬通货需求调研报告.md:96 | 跨国公司黄金硬通货需求调研报告.md:96,,08_企业案例与公开披露/外部原件/WEB-0289_办法全文，中国政府网/original.html,text/html,.html,49259,5ff8d97abe2db67fe4e30eeaee34c91c4af36d90eb9a7c91abdb88b277750ba2,,,,,,,source,DOWNLOADED_VERIFIED,200,GET,2026-08-15T19:31:05.530Z,public GET; no authentication; archive user-agent,"{""date"":""Sat, 15 Aug 2026 19:31:05 GMT"",""content_type"":""text/html"",""content_length"":"""",""last_modified"":"""",""etag"":"""",""content_disposition"":"""",""cache_control"":""""}",2026-08-16,政府/国际组织公开资料，按原站署名与条款使用,,shared,,,,使用本地原件；引用时保留发布机构、原URL、访问日期和许可。
WEB-0290,web,6. 英国 1999–2000 年出售黄金储备（415 吨）：英国财政部/英格兰银行公开记录,www.gov.uk,,05_全球周期与历史危机,A,识别全球经济周期、资产泡沫、信用危机、衰退与历史制度差异。,案例库/宏观危机篇/17_1980-2000黄金熊市_反面案例/案例档案.md,须以原文、数据口径、发布时间和适用许可为准；媒体或行业资料不得替代核心A级证据。,https://www.gov.uk/,https://www.gov.uk/,,案例库/宏观危机篇/17_1980-2000黄金熊市_反面案例/案例档案.md,案例库/宏观危机篇/17_1980-2000黄金熊市_反面案例/案例档案.md:89,,,,,,,,,,,,,source,METADATA_ONLY_LICENSE,,NOT_REQUESTED,,public GET; no authentication; archive user-agent,,2026-08-16,许可未明确，默认仅保存元数据,,metadata_only,,,,保留元数据和原链接，不抓取或再分发正文。
WEB-0291,web,Z 值模型应用研究，2021,www.gwyoo.com,,08_企业案例与公开披露,D,核验企业海外收入、汇兑损益、冻结、退出和储备配置事实。,企业资产配置调研报告.md,须以原文、数据口径、发布时间和适用许可为准；媒体或行业资料不得替代核心A级证据。,https://www.gwyoo.com/lunwen/cwlw/cwyjlw/202105/740664.html,https://www.gwyoo.com/lunwen/cwlw/cwyjlw/202105/740664.html,,企业资产配置调研报告.md,企业资产配置调研报告.md:49 | 企业资产配置调研报告.md:49,,,,.html,,,,,,,,,source,METADATA_ONLY_LICENSE,,NOT_REQUESTED,,public GET; no authentication; archive user-agent,,2026-08-16,许可未明确，默认仅保存元数据,,metadata_only,,,,保留元数据和原链接，不抓取或再分发正文。
WEB-0292,web,汉坤律所解读,www.hankunlaw.com,,08_企业案例与公开披露,D,核验企业海外收入、汇兑损益、冻结、退出和储备配置事实。,企业资产配置调研报告.md,须以原文、数据口径、发布时间和适用许可为准；媒体或行业资料不得替代核心A级证据。,https://www.hankunlaw.com/portal/article/index/cid/8/id/13961.html,https://www.hankunlaw.com/portal/article/index/cid/8/id/13961.html,,企业资产配置调研报告.md,企业资产配置调研报告.md:103 | 企业资产配置调研报告.md:103,,,,.html,,,,,,,,,source,METADATA_ONLY_LICENSE,,NOT_REQUESTED,,public GET; no authentication; archive user-agent,,2026-08-16,许可未明确，默认仅保存元数据,,metadata_only,,,,保留元数据和原链接，不抓取或再分发正文。
WEB-0293,web,www.heywhale.com 来源资料（WEB-0293）,www.heywhale.com,,06_黄金美元与储备配置,D,比较美元、短债、黄金、人民币资产与套保工具的周期性作用。,最终数据/最终数据/research/media_sentiment_gold_paper/metadata/heywhale_app.js,须以原文、数据口径、发布时间和适用许可为准；媒体或行业资料不得替代核心A级证据。,https://www.heywhale.com/,https://www.heywhale.com/,,最终数据/最终数据/research/media_sentiment_gold_paper/metadata/heywhale_app.js,最终数据/最终数据/research/media_sentiment_gold_paper/metadata/heywhale_app.js:1,,,,,,,,,,,,,source,MANUAL_ACTION_REQUIRED,,NOT_REQUESTED,,public GET; no authentication; archive user-agent,,2026-08-16,需人工接受条款或确认许可,https://www.heywhale.com/,metadata_only,,,,由用户阅读并接受来源条款后人工下载；登记文件哈希和许可范围。
WEB-0294,web,www.heywhale.com 来源资料（WEB-0294）,www.heywhale.com,,06_黄金美元与储备配置,D,比较美元、短债、黄金、人民币资产与套保工具的周期性作用。,最终数据/最终数据/research/media_sentiment_gold_paper/metadata/heywhale_app.js,须以原文、数据口径、发布时间和适用许可为准；媒体或行业资料不得替代核心A级证据。,https://www.heywhale.com/about,https://www.heywhale.com/about,,最终数据/最终数据/research/media_sentiment_gold_paper/metadata/heywhale_app.js,最终数据/最终数据/research/media_sentiment_gold_paper/metadata/heywhale_app.js:1,,,,,,,,,,,,,source,MANUAL_ACTION_REQUIRED,,NOT_REQUESTED,,public GET; no authentication; archive user-agent,,2026-08-16,需人工接受条款或确认许可,https://www.heywhale.com/about,metadata_only,,,,由用户阅读并接受来源条款后人工下载；登记文件哈希和许可范围。
WEB-0295,web,www.heywhale.com 来源资料（WEB-0295）,www.heywhale.com,,06_黄金美元与储备配置,D,比较美元、短债、黄金、人民币资产与套保工具的周期性作用。,最终数据/最终数据/research/media_sentiment_gold_paper/metadata/europepmc_fulltext.xml；最终数据/最终数据/research/media_sentiment_gold_paper/README_论文学习与数据说明.md,须以原文、数据口径、发布时间和适用许可为准；媒体或行业资料不得替代核心A级证据。,https://www.heywhale.com/mw/dataset/611a163b911b3300174a19f2,https://www.heywhale.com/mw/dataset/611a163b911b3300174a19f2,,最终数据/最终数据/research/media_sentiment_gold_paper/metadata/europepmc_fulltext.xml | 最终数据/最终数据/research/media_sentiment_gold_paper/README_论文学习与数据说明.md,最终数据/最终数据/research/media_sentiment_gold_paper/metadata/europepmc_fulltext.xml:112 | 最终数据/最终数据/research/media_sentiment_gold_paper/README_论文学习与数据说明.md:52,,,,,,,,,,,,,source,MANUAL_ACTION_REQUIRED,,NOT_REQUESTED,,public GET; no authentication; archive user-agent,,2026-08-16,需人工接受条款或确认许可,https://www.heywhale.com/mw/dataset/611a163b911b3300174a19f2,metadata_only,,,,由用户阅读并接受来源条款后人工下载；登记文件哈希和许可范围。
WEB-0296,web,1. 华为 2025 年年度报告（净汇兑损失 12.68 亿元、财务费用构成）：华为投资控股有限公司官网（企业社会责任/年度报告栏目）,www.huawei.com,,08_企业案例与公开披露,D,核验企业海外收入、汇兑损益、冻结、退出和储备配置事实。,案例库/微观企业篇/05_华为/案例档案.md,须以原文、数据口径、发布时间和适用许可为准；媒体或行业资料不得替代核心A级证据。,https://www.huawei.com/cn/annual-report,https://www.huawei.com/cn/annual-report,,案例库/微观企业篇/05_华为/案例档案.md,案例库/微观企业篇/05_华为/案例档案.md:73 | 案例库/微观企业篇/05_华为/案例档案.md:74,,,,,,,,,,,,,source,METADATA_ONLY_LICENSE,,NOT_REQUESTED,,public GET; no authentication; archive user-agent,,2026-08-16,许可未明确，默认仅保存元数据,,metadata_only,,,,保留元数据和原链接，不抓取或再分发正文。
WEB-0297,web,www.iaea.org 来源资料（WEB-0297）,www.iaea.org,,06_黄金美元与储备配置,D,比较美元、短债、黄金、人民币资产与套保工具的周期性作用。,最终数据/最终数据/outputs/019f56e7-91fe-7a43-b1d0-ae50e45c9d0c/金银价格预测_官方数据与因素台账_20260713.xlsx；最终数据/最终数据/outputs/019f56e7-91fe-7a43-b1d0-ae50e45c9d0c/金银价格预测_官方数据与因素台账_20260713.xlsx.inspect.ndjson,须以原文、数据口径、发布时间和适用许可为准；媒体或行业资料不得替代核心A级证据。,https://www.iaea.org/sites/default/files/documents/gov2025-50.pdf,https://www.iaea.org/sites/default/files/documents/gov2025-50.pdf,https://www.iaea.org/sites/default/files/documents/gov2025-50.pdf,最终数据/最终数据/outputs/019f56e7-91fe-7a43-b1d0-ae50e45c9d0c/金银价格预测_官方数据与因素台账_20260713.xlsx | 最终数据/最终数据/outputs/019f56e7-91fe-7a43-b1d0-ae50e45c9d0c/金银价格预测_官方数据与因素台账_20260713.xlsx.inspect.ndjson,最终数据/最终数据/outputs/019f56e7-91fe-7a43-b1d0-ae50e45c9d0c/金银价格预测_官方数据与因素台账_20260713.xlsx:xl/worksheets/sheet4.xml | 最终数据/最终数据/outputs/019f56e7-91fe-7a43-b1d0-ae50e45c9d0c/金银价格预测_官方数据与因素台账_20260713.xlsx.inspect.ndjson:978,,06_黄金美元与储备配置/外部原件/WEB-0297_XLSX_entry_xl_worksheets_sheet4.xml/original.pdf,application/pdf,.pdf,249405,4a1278aeb1adda810dd2fdc89ab015f2be03501e376c69136a9b3930453498dd,,,,,,,source,DOWNLOADED_VERIFIED,200,GET,2026-08-15T19:31:05.766Z,public GET; no authentication; archive user-agent,"{""date"":""Sat, 15 Aug 2026 19:31:05 GMT"",""content_type"":""application/pdf"",""content_length"":""249405"",""last_modified"":""Thu, 18 Sep 2025 17:17:28 GMT"",""etag"":""\""68cc3ea8-3ce3d\"""",""content_disposition"":"""",""cache_control"":""public, max-age=604800""}",2026-08-16,公开可访问但再分发范围未完全确认，仅本机归档,,private_only,,,,使用本地原件；引用时保留发布机构、原URL、访问日期和许可。
WEB-0298,web,IATA - Home,IATA,,08_企业案例与公开披露,B,核验企业海外收入、汇兑损益、冻结、退出和储备配置事实。,案例库/微观企业篇/07_IATA航司被困资金/案例档案.md,须以原文、数据口径、发布时间和适用许可为准；媒体或行业资料不得替代核心A级证据。,https://www.iata.org/,https://www.iata.org/,https://www.iata.org/,案例库/微观企业篇/07_IATA航司被困资金/案例档案.md,案例库/微观企业篇/07_IATA航司被困资金/案例档案.md:81,,08_企业案例与公开披露/外部原件/WEB-0298_6._IATA《2024_Blocked_Funds_Update》（尼日利亚清兑后、其余国家仍高企）：_/original.html,text/html; charset=utf-8,.html,134420,610b2f3a6af7f72684921179376c3856337ce8942b2e5ffecb432022fe30514f,,,,,,,source,DOWNLOADED_VERIFIED,200,GET,2026-08-15T19:31:05.775Z,public GET; no authentication; archive user-agent,"{""date"":""Sat, 15 Aug 2026 19:31:05 GMT"",""content_type"":""text/html; charset=utf-8"",""content_length"":"""",""last_modified"":"""",""etag"":"""",""content_disposition"":"""",""cache_control"":""no-cache,no-store""}",2026-08-16,公开可访问但再分发范围未完全确认，仅本机归档,,private_only,,,,使用本地原件；引用时保留发布机构、原URL、访问日期和许可。
WEB-0299,web,IATA - Blocked Funds,IATA,,04_国别货币与中国出海,B,支持亚非拉国别风险、汇率、通胀、资本管制和中国投资暴露研究。,计划书/references.bib,须以原文、数据口径、发布时间和适用许可为准；媒体或行业资料不得替代核心A级证据。,https://www.iata.org/blocked-funds,https://www.iata.org/blocked-funds,https://www.iata.org/blocked-funds,计划书/references.bib,计划书/references.bib:159,,04_国别货币与中国出海/外部原件/WEB-0299_url_=/original.html,text/html; charset=utf-8,.html,109350,250b4d63170e0ecb41afcb104c2ba2f47106da373faead7730dd6161977b9acb,,,,,,,source,DOWNLOADED_VERIFIED,200,GET,2026-08-15T19:31:06.433Z,public GET; no authentication; archive user-agent,"{""date"":""Sat, 15 Aug 2026 19:31:06 GMT"",""content_type"":""text/html; charset=utf-8"",""content_length"":"""",""last_modified"":"""",""etag"":"""",""content_disposition"":"""",""cache_control"":""no-cache,no-store""}",2026-08-16,公开可访问但再分发范围未完全确认，仅本机归档,,private_only,,,,使用本地原件；引用时保留发布机构、原URL、访问日期和许可。
WEB-0300,web,IATA - Pressroom,IATA,,08_企业案例与公开披露,B,核验企业海外收入、汇兑损益、冻结、退出和储备配置事实。,案例库/微观企业篇/07_IATA航司被困资金/案例档案.md,须以原文、数据口径、发布时间和适用许可为准；媒体或行业资料不得替代核心A级证据。,https://www.iata.org/en/pressroom/,https://www.iata.org/en/pressroom,https://www.iata.org/en/pressroom,案例库/微观企业篇/07_IATA航司被困资金/案例档案.md,案例库/微观企业篇/07_IATA航司被困资金/案例档案.md:76,,08_企业案例与公开披露/外部原件/WEB-0300_1._IATA《Blocked_Funds_Report》（2023-04_峰值_22.7_亿美元、分国别数据）：_/original.html,text/html; charset=utf-8,.html,131788,482bae92a859f2a6e6f45056f061c5a634f08c1183a19f2d22e53e2c6d71c0cd,,,,,,,source,DOWNLOADED_VERIFIED,200,GET,2026-08-15T19:31:06.436Z,public GET; no authentication; archive user-agent,"{""date"":""Sat, 15 Aug 2026 19:31:06 GMT"",""content_type"":""text/html; charset=utf-8"",""content_length"":"""",""last_modified"":"""",""etag"":"""",""content_disposition"":"""",""cache_control"":""no-cache,no-store""}",2026-08-16,公开可访问但再分发范围未完全确认，仅本机归档,,private_only,,,,使用本地原件；引用时保留发布机构、原URL、访问日期和许可。
WEB-0301,web,IATA - Blocked Funds Drop to $1.8 billion with Major Clearance in Nigeria,IATA,,04_国别货币与中国出海,B,支持亚非拉国别风险、汇率、通胀、资本管制和中国投资暴露研究。,计划书/01_项目可行性研究与参赛方案书.pdf；计划书/references.bib,须以原文、数据口径、发布时间和适用许可为准；媒体或行业资料不得替代核心A级证据。,https://www.iata.org/en/pressroom/2024-releases/2024-06-02-01/,https://www.iata.org/en/pressroom/2024-releases/2024-06-02-01,https://www.iata.org/en/pressroom/2024-releases/2024-06-02-01,计划书/01_项目可行性研究与参赛方案书.pdf | 计划书/references.bib,计划书/01_项目可行性研究与参赛方案书.pdf:annotation-14 | 计划书/01_项目可行性研究与参赛方案书.pdf:annotation-15 | 计划书/references.bib:151,,04_国别货币与中国出海/外部原件/WEB-0301_PDF_link_annotation_/original.html,text/html; charset=utf-8,.html,106599,84d04721258d556d8018c54c92bfc7028605569b53001e45f683cfaea9f21811,,,,,,,source,DOWNLOADED_VERIFIED,200,GET,2026-08-15T19:31:07.102Z,public GET; no authentication; archive user-agent,"{""date"":""Sat, 15 Aug 2026 19:31:06 GMT"",""content_type"":""text/html; charset=utf-8"",""content_length"":"""",""last_modified"":"""",""etag"":"""",""content_disposition"":"""",""cache_control"":""no-cache,no-store""}",2026-08-16,公开可访问但再分发范围未完全确认，仅本机归档,,private_only,,,,使用本地原件；引用时保留发布机构、原URL、访问日期和许可。
WEB-0302,web,"Dollars with Major Clearance in Nigeria. June 2, 2024. url:",www.iata,,04_国别货币与中国出海,B,支持亚非拉国别风险、汇率、通胀、资本管制和中国投资暴露研究。,计划书/01_项目可行性研究与参赛方案书.pdf,须以原文、数据口径、发布时间和适用许可为准；媒体或行业资料不得替代核心A级证据。,https://www.iata.,https://www.iata/,,计划书/01_项目可行性研究与参赛方案书.pdf,计划书/01_项目可行性研究与参赛方案书.pdf:1401,,,,,,,,,,,,,source,METADATA_ONLY_LICENSE,,NOT_REQUESTED,,public GET; no authentication; archive user-agent,,2026-08-16,许可未明确，默认仅保存元数据,,metadata_only,,,,保留元数据和原链接，不抓取或再分发正文。
WEB-0303,web,IFRS - IFRS Foundation,IFRS Foundation,,07_会计合规与制裁,B,限定会计分类、托管、制裁、外汇管制和合法可用性边界。,案例库/微观企业篇/03_ABInBev阿根廷/案例档案.md；案例库/微观企业篇/10_中国黄金会计错配_反面/案例档案.md；计划书/01_项目可行性研究与参赛方案书.pdf,须以原文、数据口径、发布时间和适用许可为准；媒体或行业资料不得替代核心A级证据。,https://www.ifrs.org/,https://www.ifrs.org/,https://www.ifrs.org/,案例库/微观企业篇/03_ABInBev阿根廷/案例档案.md | 案例库/微观企业篇/10_中国黄金会计错配_反面/案例档案.md | 计划书/01_项目可行性研究与参赛方案书.pdf,案例库/微观企业篇/03_ABInBev阿根廷/案例档案.md:76 | 案例库/微观企业篇/10_中国黄金会计错配_反面/案例档案.md:74 | 计划书/01_项目可行性研究与参赛方案书.pdf:1389,,07_会计合规与制裁/外部原件/WEB-0303_4._IAS_29《恶性通货膨胀经济中的财务报告》准则文本：IFRS_Foundation：_/original.html,text/html;charset=utf-8,.html,131324,750c6e9d574555e94a2839e970a1024cb395a8bd73ecc82f963f71864bcc2990,,,,,,,source,DOWNLOADED_VERIFIED,200,GET,2026-08-15T19:31:06.492Z,public GET; no authentication; archive user-agent,"{""date"":""Sat, 15 Aug 2026 19:31:06 GMT"",""content_type"":""text/html;charset=utf-8"",""content_length"":""17818"",""last_modified"":"""",""etag"":"""",""content_disposition"":"""",""cache_control"":""""}",2026-08-16,公开可访问但再分发范围未完全确认，仅本机归档,,private_only,,,,使用本地原件；引用时保留发布机构、原URL、访问日期和许可。
WEB-0304,web,"Paper AP10, 2016,",IFRS Foundation,,07_会计合规与制裁,B,限定会计分类、托管、制裁、外汇管制和合法可用性边界。,计划书/03_多币种流动性与黄金战略储备周期配置计划书.pdf,须以原文、数据口径、发布时间和适用许可为准；媒体或行业资料不得替代核心A级证据。,https://www.ifrs.org/content/dam/ifrs/meetings/2016/,https://www.ifrs.org/content/dam/ifrs/meetings/2016,https://www.ifrs.org/content/dam/ifrs/meetings/2016,计划书/03_多币种流动性与黄金战略储备周期配置计划书.pdf,计划书/03_多币种流动性与黄金战略储备周期配置计划书.pdf:1287,,,,,,,,,,,,,source,BROKEN_OR_UNREACHABLE,404,GET,2026-08-15T19:31:07.445Z,public GET; no authentication; archive user-agent,"{""date"":""Sat, 15 Aug 2026 19:31:06 GMT"",""content_type"":""text/html;charset=utf-8"",""content_length"":""14374"",""last_modified"":"""",""etag"":"""",""content_disposition"":"""",""cache_control"":""""}",2026-08-16,公开可访问但再分发范围未完全确认，仅本机归档,,private_only,,WEB-0306,HTTP 404,原链接不可用或不适合自动归档；使用已验证替代资产 WEB-0306。
WEB-0305,web,25. url:,IFRS Foundation,,07_会计合规与制裁,B,限定会计分类、托管、制裁、外汇管制和合法可用性边界。,计划书/01_项目可行性研究与参赛方案书.pdf,须以原文、数据口径、发布时间和适用许可为准；媒体或行业资料不得替代核心A级证据。,https://www.ifrs.org/content/dam/ifrs/meetings/2016/november/,https://www.ifrs.org/content/dam/ifrs/meetings/2016/november,https://www.ifrs.org/content/dam/ifrs/meetings/2016/november,计划书/01_项目可行性研究与参赛方案书.pdf,计划书/01_项目可行性研究与参赛方案书.pdf:1398,,,,,,,,,,,,,source,BROKEN_OR_UNREACHABLE,404,GET,2026-08-15T19:31:08.103Z,public GET; no authentication; archive user-agent,"{""date"":""Sat, 15 Aug 2026 19:31:07 GMT"",""content_type"":""text/html;charset=utf-8"",""content_length"":""14374"",""last_modified"":"""",""etag"":"""",""content_disposition"":"""",""cache_control"":""""}",2026-08-16,公开可访问但再分发范围未完全确认，仅本机归档,,private_only,,WEB-0306,HTTP 404,原链接不可用或不适合自动归档；使用已验证替代资产 WEB-0306。
WEB-0306,web,IFRS Foundation 来源资料（WEB-0306）,IFRS Foundation,,07_会计合规与制裁,B,限定会计分类、托管、制裁、外汇管制和合法可用性边界。,计划书/01_项目可行性研究与参赛方案书.pdf；计划书/03_多币种流动性与黄金战略储备周期配置计划书.pdf；计划书/03_多币种流动性与黄金战略储备周期配置计划书.tex；计划书/references.bib,须以原文、数据口径、发布时间和适用许可为准；媒体或行业资料不得替代核心A级证据。,https://www.ifrs.org/content/dam/ifrs/meetings/2016/november/ifrs-ic/commodity-loans/ap10-commodity-loans.pdf,https://www.ifrs.org/content/dam/ifrs/meetings/2016/november/ifrs-ic/commodity-loans/ap10-commodity-loans.pdf,https://www.ifrs.org/content/dam/ifrs/meetings/2016/november/ifrs-ic/commodity-loans/ap10-commodity-loans.pdf,计划书/01_项目可行性研究与参赛方案书.pdf | 计划书/03_多币种流动性与黄金战略储备周期配置计划书.pdf | 计划书/03_多币种流动性与黄金战略储备周期配置计划书.tex | 计划书/references.bib,计划书/01_项目可行性研究与参赛方案书.pdf:annotation-11 | 计划书/01_项目可行性研究与参赛方案书.pdf:annotation-12 | 计划书/01_项目可行性研究与参赛方案书.pdf:annotation-13 | 计划书/03_多币种流动性与黄金战略储备周期配置计划书.pdf:annotation-42 | 计划书/03_多币种流动性与黄金战略储备周期配置计划书.pdf:annotation-43 | 计划书/03_多币种流动性与黄金战略储备周期配置计划书.tex:829 | 计划书/references.bib:128,,07_会计合规与制裁/外部原件/WEB-0306_PDF_link_annotation_/original.pdf,application/pdf,.pdf,834187,8bb6c5d433bb3e82a5a3898055dd339097d6d08769b6f2e3d4469d429b7f776e,,,,,,,source,DOWNLOADED_VERIFIED,200,GET,2026-08-15T19:31:08.106Z,public GET; no authentication; archive user-agent,"{""date"":""Sat, 15 Aug 2026 19:31:07 GMT"",""content_type"":""application/pdf"",""content_length"":"""",""last_modified"":""Sat, 23 Jan 2021 10:20:06 GMT"",""etag"":""\""cba8b-5b98ea60e4180-gzip\"""",""content_disposition"":"""",""cache_control"":""""}",2026-08-16,公开可访问但再分发范围未完全确认，仅本机归档,,private_only,,,,使用本地原件；引用时保留发布机构、原URL、访问日期和许可。
WEB-0307,web,IFRS Foundation 来源资料（WEB-0307）,IFRS Foundation,,07_会计合规与制裁,B,限定会计分类、托管、制裁、外汇管制和合法可用性边界。,计划书/01_项目可行性研究与参赛方案书.pdf；计划书/references.bib,须以原文、数据口径、发布时间和适用许可为准；媒体或行业资料不得替代核心A级证据。,https://www.ifrs.org/content/dam/ifrs/publications/pdf-standards/english/2021/issued/part-a/ias-2-inventories.pdf,https://www.ifrs.org/content/dam/ifrs/publications/pdf-standards/english/2021/issued/part-a/ias-2-inventories.pdf,https://www.ifrs.org/content/dam/ifrs/publications/pdf-standards/english/2021/issued/part-a/ias-2-inventories.pdf,计划书/01_项目可行性研究与参赛方案书.pdf | 计划书/references.bib,计划书/01_项目可行性研究与参赛方案书.pdf:annotation-6 | 计划书/01_项目可行性研究与参赛方案书.pdf:annotation-7 | 计划书/01_项目可行性研究与参赛方案书.pdf:annotation-8 | 计划书/references.bib:144,,07_会计合规与制裁/外部原件/WEB-0307_PDF_link_annotation_/original.pdf,application/pdf,.pdf,103226,401797c13f6b3d258404b37318a130eb6ca1ea4cc6f948abedf4ec61331e1681,,,,,,,source,DOWNLOADED_VERIFIED,200,GET,2026-08-15T19:31:08.104Z,public GET; no authentication; archive user-agent,"{""date"":""Sat, 15 Aug 2026 19:31:07 GMT"",""content_type"":""application/pdf"",""content_length"":"""",""last_modified"":""Sat, 03 Apr 2021 17:45:41 GMT"",""etag"":""\""1933a-5bf15087a3b40-gzip\"""",""content_disposition"":"""",""cache_control"":""""}",2026-08-16,公开可访问但再分发范围未完全确认，仅本机归档,,private_only,,,,使用本地原件；引用时保留发布机构、原URL、访问日期和许可。
WEB-0308,web,2026. url:,IFRS Foundation,,07_会计合规与制裁,B,限定会计分类、托管、制裁、外汇管制和合法可用性边界。,计划书/01_项目可行性研究与参赛方案书.pdf,须以原文、数据口径、发布时间和适用许可为准；媒体或行业资料不得替代核心A级证据。,https://www.ifrs.org/issued-,https://www.ifrs.org/issued-,https://www.ifrs.org/issued-/,计划书/01_项目可行性研究与参赛方案书.pdf,计划书/01_项目可行性研究与参赛方案书.pdf:1393,,,,,,,,,,,,,source,BROKEN_OR_UNREACHABLE,404,GET,2026-08-15T19:31:08.757Z,public GET; no authentication; archive user-agent,"{""date"":""Sat, 15 Aug 2026 19:31:08 GMT"",""content_type"":""text/html;charset=utf-8"",""content_length"":""14374"",""last_modified"":"""",""etag"":"""",""content_disposition"":"""",""cache_control"":""""}",2026-08-16,公开可访问但再分发范围未完全确认，仅本机归档,,private_only,,WEB-0306,HTTP 404,原链接不可用或不适合自动归档；使用已验证替代资产 WEB-0306。
WEB-0309,web,IFRS - IFRS Accounting Standards Navigator,IFRS Foundation,,07_会计合规与制裁,B,限定会计分类、托管、制裁、外汇管制和合法可用性边界。,计划书/03_多币种流动性与黄金战略储备周期配置计划书.pdf,须以原文、数据口径、发布时间和适用许可为准；媒体或行业资料不得替代核心A级证据。,https://www.ifrs.org/issued-standards/list-of-standards/,https://www.ifrs.org/issued-standards/list-of-standards,https://www.ifrs.org/issued-standards/list-of-standards/,计划书/03_多币种流动性与黄金战略储备周期配置计划书.pdf,计划书/03_多币种流动性与黄金战略储备周期配置计划书.pdf:1291,,"07_会计合规与制裁/外部原件/WEB-0309_Economies,/original.html",text/html;charset=utf-8,.html,112988,6c3c53105d29c7aa15f91081a1541bf6df5804d566b6c36d790d90ba6ffca317,,,,,,,source,DOWNLOADED_VERIFIED,200,GET,2026-08-15T19:31:08.756Z,public GET; no authentication; archive user-agent,"{""date"":""Sat, 15 Aug 2026 19:31:08 GMT"",""content_type"":""text/html;charset=utf-8"",""content_length"":""16171"",""last_modified"":"""",""etag"":"""",""content_disposition"":"""",""cache_control"":""""}",2026-08-16,公开可访问但再分发范围未完全确认，仅本机归档,,private_only,,,,使用本地原件；引用时保留发布机构、原URL、访问日期和许可。
WEB-0310,web,IFRS - IAS 29 Financial Reporting in Hyperinflationary Economies,IFRS Foundation,,07_会计合规与制裁,B,限定会计分类、托管、制裁、外汇管制和合法可用性边界。,计划书/01_项目可行性研究与参赛方案书.pdf；计划书/03_多币种流动性与黄金战略储备周期配置计划书.pdf；计划书/03_多币种流动性与黄金战略储备周期配置计划书.tex；计划书/references.bib,须以原文、数据口径、发布时间和适用许可为准；媒体或行业资料不得替代核心A级证据。,https://www.ifrs.org/issued-standards/list-of-standards/ias-29-financial-reporting-in-hyperinflationary-economies/,https://www.ifrs.org/issued-standards/list-of-standards/ias-29-financial-reporting-in-hyperinflationary-economies,https://www.ifrs.org/issued-standards/list-of-standards/ias-29-financial-reporting-in-hyperinflationary-economies/,计划书/01_项目可行性研究与参赛方案书.pdf | 计划书/03_多币种流动性与黄金战略储备周期配置计划书.pdf | 计划书/03_多币种流动性与黄金战略储备周期配置计划书.tex | 计划书/references.bib,计划书/01_项目可行性研究与参赛方案书.pdf:annotation-9 | 计划书/01_项目可行性研究与参赛方案书.pdf:annotation-10 | 计划书/03_多币种流动性与黄金战略储备周期配置计划书.pdf:annotation-44 | 计划书/03_多币种流动性与黄金战略储备周期配置计划书.pdf:annotation-45 | 计划书/03_多币种流动性与黄金战略储备周期配置计划书.pdf:annotation-46 | 计划书/03_多币种流动性与黄金战略储备周期配置计划书.tex:832 | 计划书/references.bib:136,,07_会计合规与制裁/外部原件/WEB-0310_PDF_link_annotation_/original.html,text/html;charset=utf-8,.html,112316,e59959490a30e0f4a1d97eeaf7d1c50dcd3507c1d1ba5975cd6a9a5d1878a57e,,,,,,,source,DOWNLOADED_VERIFIED,200,GET,2026-08-15T19:31:09.421Z,public GET; no authentication; archive user-agent,"{""date"":""Sat, 15 Aug 2026 19:31:09 GMT"",""content_type"":""text/html;charset=utf-8"",""content_length"":""15608"",""last_modified"":"""",""etag"":"""",""content_disposition"":"""",""cache_control"":""""}",2026-08-16,公开可访问但再分发范围未完全确认，仅本机归档,,private_only,,,,使用本地原件；引用时保留发布机构、原URL、访问日期和许可。
WEB-0311,web,5. IMF《Blocked Funds and Currency Convertibility》研究（危机期对冲成本高企）,International Monetary Fund,,08_企业案例与公开披露,B,核验企业海外收入、汇兑损益、冻结、退出和储备配置事实。,案例库/微观企业篇/07_IATA航司被困资金/案例档案.md,须以原文、数据口径、发布时间和适用许可为准；媒体或行业资料不得替代核心A级证据。,https://www.imf.org/,https://www.imf.org/,https://www.imf.org/en/home,案例库/微观企业篇/07_IATA航司被困资金/案例档案.md,案例库/微观企业篇/07_IATA航司被困资金/案例档案.md:80,,,,,,,,,,,,,source,PAYWALL_OR_AUTH,403,GET,2026-08-15T19:31:09.696Z,public GET; no authentication; archive user-agent,"{""date"":""Sat, 15 Aug 2026 19:31:09 GMT"",""content_type"":""text/html"",""content_length"":""374"",""last_modified"":"""",""etag"":"""",""content_disposition"":"""",""cache_control"":""""}",2026-08-16,公开可访问但再分发范围未完全确认，仅本机归档,,private_only,,,HTTP 403,
WEB-0312,web,1. IMF《Argentina: Selected Issues》与 2001 年救助文件,International Monetary Fund,,05_全球周期与历史危机,B,识别全球经济周期、资产泡沫、信用危机、衰退与历史制度差异。,案例库/宏观危机篇/13_2001阿根廷债务危机/案例档案.md；案例库/货币崩溃篇/09_2023-2024阿根廷比索危机/案例档案.md,须以原文、数据口径、发布时间和适用许可为准；媒体或行业资料不得替代核心A级证据。,https://www.imf.org/en/Countries/ARG,https://www.imf.org/en/Countries/ARG,https://www.imf.org/en/Countries/ARG,案例库/宏观危机篇/13_2001阿根廷债务危机/案例档案.md | 案例库/货币崩溃篇/09_2023-2024阿根廷比索危机/案例档案.md,案例库/宏观危机篇/13_2001阿根廷债务危机/案例档案.md:90 | 案例库/货币崩溃篇/09_2023-2024阿根廷比索危机/案例档案.md:96,,,,,,,,,,,,,source,PAYWALL_OR_AUTH,403,GET,2026-08-15T19:31:10.348Z,public GET; no authentication; archive user-agent,"{""date"":""Sat, 15 Aug 2026 19:31:09 GMT"",""content_type"":""text/html"",""content_length"":""387"",""last_modified"":"""",""etag"":"""",""content_disposition"":"""",""cache_control"":""""}",2026-08-16,公开可访问但再分发范围未完全确认，仅本机归档,,private_only,,,HTTP 403,
WEB-0313,web,4. IMF 救助（2022-12 30 亿美元 → 2024-03 80 亿美元）：IMF《Egypt Article IV Consultation》与新闻稿,International Monetary Fund,,06_黄金美元与储备配置,B,比较美元、短债、黄金、人民币资产与套保工具的周期性作用。,案例库/货币崩溃篇/07_2022-2024埃及镑贬值/案例档案.md,须以原文、数据口径、发布时间和适用许可为准；媒体或行业资料不得替代核心A级证据。,https://www.imf.org/en/Countries/EGY,https://www.imf.org/en/Countries/EGY,https://www.imf.org/en/Countries/EGY,案例库/货币崩溃篇/07_2022-2024埃及镑贬值/案例档案.md,案例库/货币崩溃篇/07_2022-2024埃及镑贬值/案例档案.md:92,,,,,,,,,,,,,source,PAYWALL_OR_AUTH,403,GET,2026-08-15T19:31:10.347Z,public GET; no authentication; archive user-agent,"{""date"":""Sat, 15 Aug 2026 19:31:09 GMT"",""content_type"":""text/html"",""content_length"":""387"",""last_modified"":"""",""etag"":"""",""content_disposition"":"""",""cache_control"":""""}",2026-08-16,公开可访问但再分发范围未完全确认，仅本机归档,,private_only,,,HTTP 403,
WEB-0314,web,1. IMF《Russian Federation: Selected Issues》与 1998 年救助文件,International Monetary Fund,,05_全球周期与历史危机,B,识别全球经济周期、资产泡沫、信用危机、衰退与历史制度差异。,案例库/宏观危机篇/12_1998俄罗斯金融危机/案例档案.md；案例库/货币崩溃篇/10_1998俄罗斯卢布危机/案例档案.md,须以原文、数据口径、发布时间和适用许可为准；媒体或行业资料不得替代核心A级证据。,https://www.imf.org/en/Countries/RUS,https://www.imf.org/en/Countries/RUS,https://www.imf.org/en/Countries/RUS,案例库/宏观危机篇/12_1998俄罗斯金融危机/案例档案.md | 案例库/货币崩溃篇/10_1998俄罗斯卢布危机/案例档案.md,案例库/宏观危机篇/12_1998俄罗斯金融危机/案例档案.md:91 | 案例库/货币崩溃篇/10_1998俄罗斯卢布危机/案例档案.md:89,,,,,,,,,,,,,source,PAYWALL_OR_AUTH,403,GET,2026-08-15T19:31:10.349Z,public GET; no authentication; archive user-agent,"{""date"":""Sat, 15 Aug 2026 19:31:09 GMT"",""content_type"":""text/html"",""content_length"":""387"",""last_modified"":"""",""etag"":"""",""content_disposition"":"""",""cache_control"":""""}",2026-08-16,公开可访问但再分发范围未完全确认，仅本机归档,,private_only,,,HTTP 403,
WEB-0315,web,6. 2021 年 IMF/世行暂停对苏援助：IMF 新闻稿,International Monetary Fund,,07_会计合规与制裁,B,限定会计分类、托管、制裁、外汇管制和合法可用性边界。,案例库/地缘冲突与制裁篇/08_2023苏丹内战黄金经济/案例档案.md,须以原文、数据口径、发布时间和适用许可为准；媒体或行业资料不得替代核心A级证据。,https://www.imf.org/en/Countries/SDN,https://www.imf.org/en/Countries/SDN,https://www.imf.org/en/Countries/SDN,案例库/地缘冲突与制裁篇/08_2023苏丹内战黄金经济/案例档案.md,案例库/地缘冲突与制裁篇/08_2023苏丹内战黄金经济/案例档案.md:88,,,,,,,,,,,,,source,PAYWALL_OR_AUTH,403,GET,2026-08-15T19:31:11.013Z,public GET; no authentication; archive user-agent,"{""date"":""Sat, 15 Aug 2026 19:31:10 GMT"",""content_type"":""text/html"",""content_length"":""387"",""last_modified"":"""",""etag"":"""",""content_disposition"":"""",""cache_control"":""""}",2026-08-16,公开可访问但再分发范围未完全确认，仅本机归档,,private_only,,,HTTP 403,
WEB-0316,web,"2023,",International Monetary Fund,,06_黄金美元与储备配置,B,比较美元、短债、黄金、人民币资产与套保工具的周期性作用。,计划书/03_多币种流动性与黄金战略储备周期配置计划书.pdf,须以原文、数据口径、发布时间和适用许可为准；媒体或行业资料不得替代核心A级证据。,https://www.imf.org/en/publications/wp/issues/2023/01/27/,https://www.imf.org/en/publications/wp/issues/2023/01/27,https://www.imf.org/en/publications/wp/issues/2023/01/27,计划书/03_多币种流动性与黄金战略储备周期配置计划书.pdf,计划书/03_多币种流动性与黄金战略储备周期配置计划书.pdf:1262,,,,,,,,,,,,,source,PAYWALL_OR_AUTH,403,GET,2026-08-15T19:31:11.017Z,public GET; no authentication; archive user-agent,"{""date"":""Sat, 15 Aug 2026 19:31:10 GMT"",""content_type"":""text/html"",""content_length"":""423"",""last_modified"":"""",""etag"":"""",""content_disposition"":"""",""cache_control"":""""}",2026-08-16,公开可访问但再分发范围未完全确认，仅本机归档,,private_only,,,HTTP 403,
WEB-0317,web,International Monetary Fund 来源资料（WEB-0317）,International Monetary Fund,,06_黄金美元与储备配置,B,比较美元、短债、黄金、人民币资产与套保工具的周期性作用。,计划书/03_多币种流动性与黄金战略储备周期配置计划书.pdf；计划书/03_多币种流动性与黄金战略储备周期配置计划书.tex,须以原文、数据口径、发布时间和适用许可为准；媒体或行业资料不得替代核心A级证据。,https://www.imf.org/en/publications/wp/issues/2023/01/27/gold-as-international-reserves-a-barbarous-relic-no-more-528089,https://www.imf.org/en/publications/wp/issues/2023/01/27/gold-as-international-reserves-a-barbarous-relic-no-more-528089,https://www.imf.org/en/publications/wp/issues/2023/01/27/gold-as-international-reserves-a-barbarous-relic-no-more-528089,计划书/03_多币种流动性与黄金战略储备周期配置计划书.pdf | 计划书/03_多币种流动性与黄金战略储备周期配置计划书.tex,计划书/03_多币种流动性与黄金战略储备周期配置计划书.pdf:annotation-24 | 计划书/03_多币种流动性与黄金战略储备周期配置计划书.pdf:annotation-25 | 计划书/03_多币种流动性与黄金战略储备周期配置计划书.tex:808,,,,,,,,,,,,,source,PAYWALL_OR_AUTH,403,GET,2026-08-15T19:31:11.015Z,public GET; no authentication; archive user-agent,"{""date"":""Sat, 15 Aug 2026 19:31:10 GMT"",""content_type"":""text/html"",""content_length"":""527"",""last_modified"":"""",""etag"":"""",""content_disposition"":"""",""cache_control"":""""}",2026-08-16,公开可访问但再分发范围未完全确认，仅本机归档,,private_only,,,HTTP 403,
WEB-0318,web,"Money Matters, an IMF Exhibit -- The Importance of Global Cooperation, Reinventing the System (1972-1981), Part 3 of 7",International Monetary Fund,,05_全球周期与历史危机,B,识别全球经济周期、资产泡沫、信用危机、衰退与历史制度差异。,案例库/宏观危机篇/11_1994墨西哥龙舌兰危机/案例档案.md,须以原文、数据口径、发布时间和适用许可为准；媒体或行业资料不得替代核心A级证据。,https://www.imf.org/external/np/exr/center/mm/eng/mm_rs_03.htm,https://www.imf.org/external/np/exr/center/mm/eng/mm_rs_03.htm,https://www.imf.org/external/np/exr/center/mm/eng/mm_rs_03.htm,案例库/宏观危机篇/11_1994墨西哥龙舌兰危机/案例档案.md,案例库/宏观危机篇/11_1994墨西哥龙舌兰危机/案例档案.md:89,,05_全球周期与历史危机/外部原件/WEB-0318_1._IMF《Mexico_The_Tequila_Crisis》案例研究（比索汇率、外储、救助规模）：_/original.html,text/html,.html,14719,f4e309c0936f247e787c3245b8264cc34d71419da1d29f0e5bf1f91474772c67,,,,,,,source,DOWNLOADED_VERIFIED,200,GET,2026-08-15T19:31:11.016Z,public GET; no authentication; archive user-agent,"{""date"":""Sat, 15 Aug 2026 19:31:10 GMT"",""content_type"":""text/html"",""content_length"":""4155"",""last_modified"":"""",""etag"":"""",""content_disposition"":"""",""cache_control"":""""}",2026-08-16,公开可访问但再分发范围未完全确认，仅本机归档,,private_only,,,,使用本地原件；引用时保留发布机构、原URL、访问日期和许可。
WEB-0319,web,2. 阿根廷 CPI（2023-12 单月 25.5%、2024-05 同比 289.4%）：阿根廷国家统计局（INDEC）,www.indec.gob.ar,,08_企业案例与公开披露,A,核验企业海外收入、汇兑损益、冻结、退出和储备配置事实。,案例库/货币崩溃篇/09_2023-2024阿根廷比索危机/案例档案.md；案例库/微观企业篇/03_ABInBev阿根廷/案例档案.md,须以原文、数据口径、发布时间和适用许可为准；媒体或行业资料不得替代核心A级证据。,https://www.indec.gob.ar/,https://www.indec.gob.ar/,,案例库/货币崩溃篇/09_2023-2024阿根廷比索危机/案例档案.md | 案例库/微观企业篇/03_ABInBev阿根廷/案例档案.md,案例库/货币崩溃篇/09_2023-2024阿根廷比索危机/案例档案.md:94 | 案例库/微观企业篇/03_ABInBev阿根廷/案例档案.md:74,,,,,,,,,,,,,source,METADATA_ONLY_LICENSE,,NOT_REQUESTED,,public GET; no authentication; archive user-agent,,2026-08-16,许可未明确，默认仅保存元数据,,metadata_only,,,,保留元数据和原链接，不抓取或再分发正文。
WEB-0320,web,"4. Investopedia，""Silver Thursday: What It Means, How It Works""，",www.investopedia.com,,05_全球周期与历史危机,D,识别全球经济周期、资产泡沫、信用危机、衰退与历史制度差异。,案例库/宏观危机篇/04_1973-1980滞胀大牛市/案例档案.md,须以原文、数据口径、发布时间和适用许可为准；媒体或行业资料不得替代核心A级证据。,https://www.investopedia.com/terms/s/silver_thursday.asp,https://www.investopedia.com/terms/s/silver_thursday.asp,,案例库/宏观危机篇/04_1973-1980滞胀大牛市/案例档案.md,案例库/宏观危机篇/04_1973-1980滞胀大牛市/案例档案.md:65,,,,.asp,,,,,,,,,source,METADATA_ONLY_LICENSE,,NOT_REQUESTED,,public GET; no authentication; archive user-agent,,2026-08-16,许可未明确，默认仅保存元数据,,metadata_only,,,,保留元数据和原链接，不抓取或再分发正文。
WEB-0321,web,4. 2024–2025 年以色列打击后伊朗金价飙升报道：Iran International、Reuters 2024–2025 年报道,www.iranintl.com,,08_企业案例与公开披露,D,核验企业海外收入、汇兑损益、冻结、退出和储备配置事实。,案例库/货币崩溃篇/08_2010-2025伊朗里亚尔/案例档案.md,须以原文、数据口径、发布时间和适用许可为准；媒体或行业资料不得替代核心A级证据。,https://www.iranintl.com/,https://www.iranintl.com/,,案例库/货币崩溃篇/08_2010-2025伊朗里亚尔/案例档案.md,案例库/货币崩溃篇/08_2010-2025伊朗里亚尔/案例档案.md:95,,,,,,,,,,,,,source,METADATA_ONLY_LICENSE,,NOT_REQUESTED,,public GET; no authentication; archive user-agent,,2026-08-16,新闻/媒体版权，默认仅保存元数据,,metadata_only,,,,保留元数据和原链接，不抓取或再分发正文。
WEB-0322,web,Iran International，2025,www.iranintl.com,,08_企业案例与公开披露,D,核验企业海外收入、汇兑损益、冻结、退出和储备配置事实。,跨国公司黄金硬通货需求调研报告.md,须以原文、数据口径、发布时间和适用许可为准；媒体或行业资料不得替代核心A级证据。,https://www.iranintl.com/en/202512153499,https://www.iranintl.com/en/202512153499,,跨国公司黄金硬通货需求调研报告.md,跨国公司黄金硬通货需求调研报告.md:29 | 跨国公司黄金硬通货需求调研报告.md:29,,,,,,,,,,,,,source,METADATA_ONLY_LICENSE,,NOT_REQUESTED,,public GET; no authentication; archive user-agent,,2026-08-16,新闻/媒体版权，默认仅保存元数据,,metadata_only,,,,保留元数据和原链接，不抓取或再分发正文。
WEB-0323,web,4. 美国 20+ 年期长期国债 ETF（TLT）-30% 涨跌：贝莱德 iShares TLT 历史价格,www.ishares.com,,05_全球周期与历史危机,D,识别全球经济周期、资产泡沫、信用危机、衰退与历史制度差异。,案例库/宏观危机篇/16_2022美联储激进加息周期/案例档案.md,须以原文、数据口径、发布时间和适用许可为准；媒体或行业资料不得替代核心A级证据。,https://www.ishares.com/us/products/239454/,https://www.ishares.com/us/products/239454,,案例库/宏观危机篇/16_2022美联储激进加息周期/案例档案.md,案例库/宏观危机篇/16_2022美联储激进加息周期/案例档案.md:96,,,,,,,,,,,,,source,METADATA_ONLY_LICENSE,,NOT_REQUESTED,,public GET; no authentication; archive user-agent,,2026-08-16,许可未明确，默认仅保存元数据,,metadata_only,,,,保留元数据和原链接，不抓取或再分发正文。
WEB-0324,web,"6. 解放日报·上观新闻，2023，《""全球最大危机之一""！""中东小巴黎""，发生了什么？》——2023 年 2 月 1 日官方汇率 1507.5→15000、黑市 64000。",www.jfdaily.com,,04_国别货币与中国出海,D,支持亚非拉国别风险、汇率、通胀、资本管制和中国投资暴露研究。,案例库/货币崩溃篇/05_2019-2023黎巴嫩镑崩溃/案例档案.md,须以原文、数据口径、发布时间和适用许可为准；媒体或行业资料不得替代核心A级证据。,https://www.jfdaily.com/wx/detail.do?id=594267,https://www.jfdaily.com/wx/detail.do?id=594267,,案例库/货币崩溃篇/05_2019-2023黎巴嫩镑崩溃/案例档案.md,案例库/货币崩溃篇/05_2019-2023黎巴嫩镑崩溃/案例档案.md:60,,,,.do,,,,,,,,,source,METADATA_ONLY_LICENSE,,NOT_REQUESTED,,public GET; no authentication; archive user-agent,,2026-08-16,许可未明确，默认仅保存元数据,,metadata_only,,,,保留元数据和原链接，不抓取或再分发正文。
WEB-0325,web,金杜律所，2022,www.kingandwood.com,,08_企业案例与公开披露,D,核验企业海外收入、汇兑损益、冻结、退出和储备配置事实。,跨国公司黄金硬通货需求调研报告.md,须以原文、数据口径、发布时间和适用许可为准；媒体或行业资料不得替代核心A级证据。,https://www.kingandwood.com/cn/zh/insights/latest-thinking/gold-market-foreign-investors-participate-in-chinas-gold-market.html,https://www.kingandwood.com/cn/zh/insights/latest-thinking/gold-market-foreign-investors-participate-in-chinas-gold-market.html,,跨国公司黄金硬通货需求调研报告.md,跨国公司黄金硬通货需求调研报告.md:98 | 跨国公司黄金硬通货需求调研报告.md:98,,,,.html,,,,,,,,,source,METADATA_ONLY_LICENSE,,NOT_REQUESTED,,public GET; no authentication; archive user-agent,,2026-08-16,许可未明确，默认仅保存元数据,,metadata_only,,,,保留元数据和原链接，不抓取或再分发正文。
WEB-0326,web,"6. Kitco News，《Gold revaluation would pay Washington, not private holders, historian says》（2026，引述美联储历史记录中28亿美元重估收益），",www.kitco.com,,05_全球周期与历史危机,D,识别全球经济周期、资产泡沫、信用危机、衰退与历史制度差异。,案例库/宏观危机篇/02_1933罗斯福黄金新政/案例档案.md,须以原文、数据口径、发布时间和适用许可为准；媒体或行业资料不得替代核心A级证据。,https://www.kitco.com/news/article/2026-08-03/gold-revaluation-would-pay-washington-not-private-holders-historian-says,https://www.kitco.com/news/article/2026-08-03/gold-revaluation-would-pay-washington-not-private-holders-historian-says,,案例库/宏观危机篇/02_1933罗斯福黄金新政/案例档案.md,案例库/宏观危机篇/02_1933罗斯福黄金新政/案例档案.md:55,,,,,,,,,,,,,source,METADATA_ONLY_LICENSE,,NOT_REQUESTED,,public GET; no authentication; archive user-agent,,2026-08-16,许可未明确，默认仅保存元数据,,metadata_only,,,,保留元数据和原链接，不抓取或再分发正文。
WEB-0327,web,2. G7 禁运俄金（2022-06）与 LBMA 除名：G7 峰会公报 / LBMA 官方声明,London Bullion Market Association,,07_会计合规与制裁,D,限定会计分类、托管、制裁、外汇管制和合法可用性边界。,案例库/地缘冲突与制裁篇/02_2022俄罗斯黄金制裁免疫/案例档案.md,须以原文、数据口径、发布时间和适用许可为准；媒体或行业资料不得替代核心A级证据。,https://www.lbma.org.uk/,https://www.lbma.org.uk/,,案例库/地缘冲突与制裁篇/02_2022俄罗斯黄金制裁免疫/案例档案.md,案例库/地缘冲突与制裁篇/02_2022俄罗斯黄金制裁免疫/案例档案.md:80,,,,,,,,,,,,,source,METADATA_ONLY_LICENSE,,NOT_REQUESTED,,public GET; no authentication; archive user-agent,,2026-08-16,限制抓取或再分发,,metadata_only,,,,保留元数据和原链接，不抓取或再分发正文。
WEB-0328,web,"2. LBMA《Alchemist》第74期，""After the Gold Crash""——2013全年-30%、集中于二季度、近半跌幅在4月两日",London Bullion Market Association,,05_全球周期与历史危机,D,识别全球经济周期、资产泡沫、信用危机、衰退与历史制度差异。,案例库/宏观危机篇/11_2013黄金暴跌（反面案例）/案例档案.md,须以原文、数据口径、发布时间和适用许可为准；媒体或行业资料不得替代核心A级证据。,https://www.lbma.org.uk/alchemist/issue-74/after-the-gold-crash,https://www.lbma.org.uk/alchemist/issue-74/after-the-gold-crash,,案例库/宏观危机篇/11_2013黄金暴跌（反面案例）/案例档案.md,案例库/宏观危机篇/11_2013黄金暴跌（反面案例）/案例档案.md:55,,,,,,,,,,,,,source,METADATA_ONLY_LICENSE,,NOT_REQUESTED,,public GET; no authentication; archive user-agent,,2026-08-16,限制抓取或再分发,,metadata_only,,,,保留元数据和原链接，不抓取或再分发正文。
WEB-0329,web,London Bullion Market Association 来源资料（WEB-0329）,London Bullion Market Association,,06_黄金美元与储备配置,D,比较美元、短债、黄金、人民币资产与套保工具的周期性作用。,最终数据/最终数据/outputs/019f56e7-91fe-7a43-b1d0-ae50e45c9d0c/金银价格预测_官方数据与因素台账_20260713.xlsx；最终数据/最终数据/outputs/019f56e7-91fe-7a43-b1d0-ae50e45c9d0c/金银价格预测_官方数据与因素台账_20260713.xlsx.inspect.ndjson,须以原文、数据口径、发布时间和适用许可为准；媒体或行业资料不得替代核心A级证据。,https://www.lbma.org.uk/articles/silver-trading-volume-exceeds-1-billion-oz-on-1-february,https://www.lbma.org.uk/articles/silver-trading-volume-exceeds-1-billion-oz-on-1-february,,最终数据/最终数据/outputs/019f56e7-91fe-7a43-b1d0-ae50e45c9d0c/金银价格预测_官方数据与因素台账_20260713.xlsx | 最终数据/最终数据/outputs/019f56e7-91fe-7a43-b1d0-ae50e45c9d0c/金银价格预测_官方数据与因素台账_20260713.xlsx.inspect.ndjson,最终数据/最终数据/outputs/019f56e7-91fe-7a43-b1d0-ae50e45c9d0c/金银价格预测_官方数据与因素台账_20260713.xlsx:xl/worksheets/sheet4.xml | 最终数据/最终数据/outputs/019f56e7-91fe-7a43-b1d0-ae50e45c9d0c/金银价格预测_官方数据与因素台账_20260713.xlsx.inspect.ndjson:978,,,,,,,,,,,,,source,METADATA_ONLY_LICENSE,,NOT_REQUESTED,,public GET; no authentication; archive user-agent,,2026-08-16,限制抓取或再分发,,metadata_only,,,,保留元数据和原链接，不抓取或再分发正文。
WEB-0330,web,London Bullion Market Association 来源资料（WEB-0330）,London Bullion Market Association,,06_黄金美元与储备配置,D,比较美元、短债、黄金、人民币资产与套保工具的周期性作用。,最终数据/最终数据/outputs/019f56e7-91fe-7a43-b1d0-ae50e45c9d0c/金银价格预测_官方数据与因素台账_20260713.xlsx；最终数据/最终数据/outputs/019f56e7-91fe-7a43-b1d0-ae50e45c9d0c/金银价格预测_官方数据与因素台账_20260713.xlsx.inspect.ndjson,须以原文、数据口径、发布时间和适用许可为准；媒体或行业资料不得替代核心A级证据。,https://www.lbma.org.uk/prices-and-data,https://www.lbma.org.uk/prices-and-data,,最终数据/最终数据/outputs/019f56e7-91fe-7a43-b1d0-ae50e45c9d0c/金银价格预测_官方数据与因素台账_20260713.xlsx | 最终数据/最终数据/outputs/019f56e7-91fe-7a43-b1d0-ae50e45c9d0c/金银价格预测_官方数据与因素台账_20260713.xlsx.inspect.ndjson,最终数据/最终数据/outputs/019f56e7-91fe-7a43-b1d0-ae50e45c9d0c/金银价格预测_官方数据与因素台账_20260713.xlsx:xl/worksheets/sheet2.xml | 最终数据/最终数据/outputs/019f56e7-91fe-7a43-b1d0-ae50e45c9d0c/金银价格预测_官方数据与因素台账_20260713.xlsx.inspect.ndjson:649,,,,,,,,,,,,,source,METADATA_ONLY_LICENSE,,NOT_REQUESTED,,public GET; no authentication; archive user-agent,,2026-08-16,限制抓取或再分发,,metadata_only,,,,保留元数据和原链接，不抓取或再分发正文。
WEB-0331,web,"目标价格,LBMA黄金价格,LBMA Gold Price，AM/PM及币种未说明,2022-02-01至2025-02-28,日频/含非交易日,LBMA/IBA,",London Bullion Market Association,,06_黄金美元与储备配置,D,比较美元、短债、黄金、人民币资产与套保工具的周期性作用。,最终数据/最终数据/research/media_sentiment_gold_paper/metadata/dataset_manifest.csv；最终数据/最终数据/research/media_sentiment_gold_paper/outputs/019f56e7-91fe-7a43-b1d0-ae50e45c9d0c/论文数据来源与复现清单.xlsx；最终数据/最终数据/research/media_sentiment_gold_paper/outputs/019f56e7-91fe-7a43-b1d0-ae50e45c9d0c/论文数据来源与复现清单.xlsx.inspect.ndjson；最终数据/最终数据/research/media_sentiment_gold_paper/outputs/019f56e7-91fe-7a43-b1d0-ae50e45c9d0c/workbook_inspect.ndjson；最终数据/最终数据/research/media_sentiment_gold_paper/README_论文学习与数据说明.md；最终数据/最终数据/research/media_sentiment_gold_paper/scripts/build_reproducibility_package.mjs,须以原文、数据口径、发布时间和适用许可为准；媒体或行业资料不得替代核心A级证据。,https://www.lbma.org.uk/prices-and-data/lbma-precious-metal-prices,https://www.lbma.org.uk/prices-and-data/lbma-precious-metal-prices,,最终数据/最终数据/research/media_sentiment_gold_paper/metadata/dataset_manifest.csv | 最终数据/最终数据/research/media_sentiment_gold_paper/outputs/019f56e7-91fe-7a43-b1d0-ae50e45c9d0c/论文数据来源与复现清单.xlsx | 最终数据/最终数据/research/media_sentiment_gold_paper/outputs/019f56e7-91fe-7a43-b1d0-ae50e45c9d0c/论文数据来源与复现清单.xlsx.inspect.ndjson | 最终数据/最终数据/research/media_sentiment_gold_paper/outputs/019f56e7-91fe-7a43-b1d0-ae50e45c9d0c/workbook_inspect.ndjson | 最终数据/最终数据/research/media_sentiment_gold_paper/README_论文学习与数据说明.md | 最终数据/最终数据/research/media_sentiment_gold_paper/scripts/build_reproducibility_package.mjs,最终数据/最终数据/research/media_sentiment_gold_paper/metadata/dataset_manifest.csv:6 | 最终数据/最终数据/research/media_sentiment_gold_paper/outputs/019f56e7-91fe-7a43-b1d0-ae50e45c9d0c/论文数据来源与复现清单.xlsx:xl/worksheets/sheet2.xml | 最终数据/最终数据/research/media_sentiment_gold_paper/outputs/019f56e7-91fe-7a43-b1d0-ae50e45c9d0c/论文数据来源与复现清单.xlsx.inspect.ndjson:79 | 最终数据/最终数据/research/media_sentiment_gold_paper/outputs/019f56e7-91fe-7a43-b1d0-ae50e45c9d0c/workbook_inspect.ndjson:5 | 最终数据/最终数据/research/media_sentiment_gold_paper/README_论文学习与数据说明.md:110 | 最终数据/最终数据/research/media_sentiment_gold_paper/scripts/build_reproducibility_package.mjs:97,,,,,,,,,,,,,source,METADATA_ONLY_LICENSE,,NOT_REQUESTED,,public GET; no authentication; archive user-agent,,2026-08-16,限制抓取或再分发,,metadata_only,,,,保留元数据和原链接，不抓取或再分发正文。
WEB-0332,web,7. 白银历史价格：LBMA 白银基准价历史数据，<,London Bullion Market Association,,05_全球周期与历史危机,D,识别全球经济周期、资产泡沫、信用危机、衰退与历史制度差异。,案例库/宏观危机篇/10_1990日本资产泡沫破裂/案例档案.md；案例库/宏观危机篇/12_1998俄罗斯金融危机/案例档案.md；案例库/宏观危机篇/13_2001阿根廷债务危机/案例档案.md；案例库/宏观危机篇/14_2010欧洲主权债务危机/案例档案.md；案例库/宏观危机篇/15_2020疫情全球市场崩盘/案例档案.md；案例库/货币崩溃篇/02_2008津巴布韦恶性通胀/案例档案.md；计划书/references.bib,须以原文、数据口径、发布时间和适用许可为准；媒体或行业资料不得替代核心A级证据。,https://www.lbma.org.uk/prices-and-data/precious-metal-prices,https://www.lbma.org.uk/prices-and-data/precious-metal-prices,,案例库/宏观危机篇/10_1990日本资产泡沫破裂/案例档案.md | 案例库/宏观危机篇/12_1998俄罗斯金融危机/案例档案.md | 案例库/宏观危机篇/13_2001阿根廷债务危机/案例档案.md | 案例库/宏观危机篇/14_2010欧洲主权债务危机/案例档案.md | 案例库/宏观危机篇/15_2020疫情全球市场崩盘/案例档案.md | 案例库/货币崩溃篇/02_2008津巴布韦恶性通胀/案例档案.md | 计划书/references.bib,案例库/宏观危机篇/10_1990日本资产泡沫破裂/案例档案.md:92 | 案例库/宏观危机篇/12_1998俄罗斯金融危机/案例档案.md:96 | 案例库/宏观危机篇/13_2001阿根廷债务危机/案例档案.md:97 | 案例库/宏观危机篇/14_2010欧洲主权债务危机/案例档案.md:95 | 案例库/宏观危机篇/15_2020疫情全球市场崩盘/案例档案.md:94 | 案例库/货币崩溃篇/02_2008津巴布韦恶性通胀/案例档案.md:93 | 计划书/references.bib:175,,,,,,,,,,,,,source,METADATA_ONLY_LICENSE,,NOT_REQUESTED,,public GET; no authentication; archive user-agent,,2026-08-16,限制抓取或再分发,,metadata_only,,,,保留元数据和原链接，不抓取或再分发正文。
WEB-0333,web,6. Macrotrends 白银百年价格序列：1987年10—12月白银月度价格。,www.macrotrends.net,,05_全球周期与历史危机,D,识别全球经济周期、资产泡沫、信用危机、衰退与历史制度差异。,案例库/宏观危机篇/06_1987黑色星期一/案例档案.md,须以原文、数据口径、发布时间和适用许可为准；媒体或行业资料不得替代核心A级证据。,https://www.macrotrends.net/1470/historical-silver-prices-100-year-chart,https://www.macrotrends.net/1470/historical-silver-prices-100-year-chart,,案例库/宏观危机篇/06_1987黑色星期一/案例档案.md,案例库/宏观危机篇/06_1987黑色星期一/案例档案.md:79,,,,,,,,,,,,,source,METADATA_ONLY_LICENSE,,NOT_REQUESTED,,public GET; no authentication; archive user-agent,,2026-08-16,许可未明确，默认仅保存元数据,,metadata_only,,,,保留元数据和原链接，不抓取或再分发正文。
WEB-0334,web,www.matteoiacoviello.com 来源资料（WEB-0334）,www.matteoiacoviello.com,,06_黄金美元与储备配置,D,比较美元、短债、黄金、人民币资产与套保工具的周期性作用。,最终数据/最终数据/outputs/019f56e7-91fe-7a43-b1d0-ae50e45c9d0c/黄金价格传导链因素与时序数据_20260724.xlsx；最终数据/最终数据/outputs/019f56e7-91fe-7a43-b1d0-ae50e45c9d0c/黄金价格传导链因素与时序数据_20260724.xlsx.inspect.ndjson；最终数据/最终数据/outputs/019f56e7-91fe-7a43-b1d0-ae50e45c9d0c/金银价格波动影响因素与时序数据_20260726.xlsx；最终数据/最终数据/outputs/019f56e7-91fe-7a43-b1d0-ae50e45c9d0c/金银价格波动影响因素与时序数据_20260726.xlsx.inspect.ndjson；最终数据/最终数据/outputs/019f56e7-91fe-7a43-b1d0-ae50e45c9d0c/金银价格波动影响因素与时序数据_中文字段版_20260726.xlsx；最终数据/最终数据/outputs/019f56e7-91fe-7a43-b1d0-ae50e45c9d0c/金银价格波动影响因素与时序数据_中文字段版_20260726.xlsx.inspect.ndjson；最终数据/最终数据/outputs/019f56e7-91fe-7a43-b1d0-ae50e45c9d0c/金银价格预测_官方数据与因素台账_20260713.xlsx；最终数据/最终数据/outputs/019f56e7-91fe-7a43-b1d0-ae50e45c9d0c/金银价格预测_官方数据与因素台账_20260713.xlsx.inspect.ndjson,须以原文、数据口径、发布时间和适用许可为准；媒体或行业资料不得替代核心A级证据。,https://www.matteoiacoviello.com/gpr.htm,https://www.matteoiacoviello.com/gpr.htm,,最终数据/最终数据/outputs/019f56e7-91fe-7a43-b1d0-ae50e45c9d0c/黄金价格传导链因素与时序数据_20260724.xlsx | 最终数据/最终数据/outputs/019f56e7-91fe-7a43-b1d0-ae50e45c9d0c/黄金价格传导链因素与时序数据_20260724.xlsx.inspect.ndjson | 最终数据/最终数据/outputs/019f56e7-91fe-7a43-b1d0-ae50e45c9d0c/金银价格波动影响因素与时序数据_20260726.xlsx | 最终数据/最终数据/outputs/019f56e7-91fe-7a43-b1d0-ae50e45c9d0c/金银价格波动影响因素与时序数据_20260726.xlsx.inspect.ndjson | 最终数据/最终数据/outputs/019f56e7-91fe-7a43-b1d0-ae50e45c9d0c/金银价格波动影响因素与时序数据_中文字段版_20260726.xlsx | 最终数据/最终数据/outputs/019f56e7-91fe-7a43-b1d0-ae50e45c9d0c/金银价格波动影响因素与时序数据_中文字段版_20260726.xlsx.inspect.ndjson | 最终数据/最终数据/outputs/019f56e7-91fe-7a43-b1d0-ae50e45c9d0c/金银价格预测_官方数据与因素台账_20260713.xlsx | 最终数据/最终数据/outputs/019f56e7-91fe-7a43-b1d0-ae50e45c9d0c/金银价格预测_官方数据与因素台账_20260713.xlsx.inspect.ndjson,最终数据/最终数据/outputs/019f56e7-91fe-7a43-b1d0-ae50e45c9d0c/黄金价格传导链因素与时序数据_20260724.xlsx:xl/worksheets/sheet11.xml | 最终数据/最终数据/outputs/019f56e7-91fe-7a43-b1d0-ae50e45c9d0c/黄金价格传导链因素与时序数据_20260724.xlsx.inspect.ndjson:80405 | 最终数据/最终数据/outputs/019f56e7-91fe-7a43-b1d0-ae50e45c9d0c/金银价格波动影响因素与时序数据_20260726.xlsx:xl/worksheets/sheet12.xml | 最终数据/最终数据/outputs/019f56e7-91fe-7a43-b1d0-ae50e45c9d0c/金银价格波动影响因素与时序数据_20260726.xlsx.inspect.ndjson:91397 | 最终数据/最终数据/outputs/019f56e7-91fe-7a43-b1d0-ae50e45c9d0c/金银价格波动影响因素与时序数据_中文字段版_20260726.xlsx:xl/worksheets/sheet13.xml | 最终数据/最终数据/outputs/019f56e7-91fe-7a43-b1d0-ae50e45c9d0c/金银价格波动影响因素与时序数据_中文字段版_20260726.xlsx.inspect.ndjson:91689 | 最终数据/最终数据/outputs/019f56e7-91fe-7a43-b1d0-ae50e45c9d0c/金银价格预测_官方数据与因素台账_20260713.xlsx:xl/worksheets/sheet2.xml | 最终数据/最终数据/outputs/019f56e7-91fe-7a43-b1d0-ae50e45c9d0c/金银价格预测_官方数据与因素台账_20260713.xlsx.inspect.ndjson:649,,,,.htm,,,,,,,,,source,METADATA_ONLY_LICENSE,,NOT_REQUESTED,,public GET; no authentication; archive user-agent,,2026-08-16,许可未明确，默认仅保存元数据,,metadata_only,,,,保留元数据和原链接，不抓取或再分发正文。
WEB-0335,web,&nbsp;,MDPI,,06_黄金美元与储备配置,B,比较美元、短债、黄金、人民币资产与套保工具的周期性作用。,最终数据/最终数据/research/media_sentiment_gold_paper/metadata/dataset_manifest.csv；最终数据/最终数据/research/media_sentiment_gold_paper/outputs/019f56e7-91fe-7a43-b1d0-ae50e45c9d0c/论文数据来源与复现清单.xlsx；最终数据/最终数据/research/media_sentiment_gold_paper/outputs/019f56e7-91fe-7a43-b1d0-ae50e45c9d0c/论文数据来源与复现清单.xlsx.inspect.ndjson；最终数据/最终数据/research/media_sentiment_gold_paper/outputs/019f56e7-91fe-7a43-b1d0-ae50e45c9d0c/workbook_inspect.ndjson；最终数据/最终数据/research/media_sentiment_gold_paper/README_论文学习与数据说明.md；最终数据/最终数据/research/media_sentiment_gold_paper/scripts/build_reproducibility_package.mjs,须以原文、数据口径、发布时间和适用许可为准；媒体或行业资料不得替代核心A级证据。,https://www.mdpi.com/1099-4300/28/3/271,https://www.mdpi.com/1099-4300/28/3/271,https://www.mdpi.com/1099-4300/28/3/271,最终数据/最终数据/research/media_sentiment_gold_paper/metadata/dataset_manifest.csv | 最终数据/最终数据/research/media_sentiment_gold_paper/outputs/019f56e7-91fe-7a43-b1d0-ae50e45c9d0c/论文数据来源与复现清单.xlsx | 最终数据/最终数据/research/media_sentiment_gold_paper/outputs/019f56e7-91fe-7a43-b1d0-ae50e45c9d0c/论文数据来源与复现清单.xlsx.inspect.ndjson | 最终数据/最终数据/research/media_sentiment_gold_paper/outputs/019f56e7-91fe-7a43-b1d0-ae50e45c9d0c/workbook_inspect.ndjson | 最终数据/最终数据/research/media_sentiment_gold_paper/README_论文学习与数据说明.md | 最终数据/最终数据/research/media_sentiment_gold_paper/scripts/build_reproducibility_package.mjs,最终数据/最终数据/research/media_sentiment_gold_paper/metadata/dataset_manifest.csv:2 | 最终数据/最终数据/research/media_sentiment_gold_paper/metadata/dataset_manifest.csv:9 | 最终数据/最终数据/research/media_sentiment_gold_paper/outputs/019f56e7-91fe-7a43-b1d0-ae50e45c9d0c/论文数据来源与复现清单.xlsx:xl/worksheets/sheet2.xml | 最终数据/最终数据/research/media_sentiment_gold_paper/outputs/019f56e7-91fe-7a43-b1d0-ae50e45c9d0c/论文数据来源与复现清单.xlsx.inspect.ndjson:79 | 最终数据/最终数据/research/media_sentiment_gold_paper/outputs/019f56e7-91fe-7a43-b1d0-ae50e45c9d0c/workbook_inspect.ndjson:5 | 最终数据/最终数据/research/media_sentiment_gold_paper/README_论文学习与数据说明.md:21 | 最终数据/最终数据/research/media_sentiment_gold_paper/scripts/build_reproducibility_package.mjs:93 | 最终数据/最终数据/research/media_sentiment_gold_paper/scripts/build_reproducibility_package.mjs:100,,"06_黄金美元与储备配置/外部原件/WEB-0335_论文,论文PDF,完整论文,2026-02-28,一次性,MDPI_PMC,/original.html",text/html,.html,2200,b608cd833dfb6b8287097ce0e547fd35eed0af1c84fd7e6fbcca831bc971bc49,,,,,,,source,DOWNLOADED_VERIFIED,200,GET,2026-08-15T19:31:11.214Z,public GET; no authentication; archive user-agent,"{""date"":""Sat, 15 Aug 2026 19:31:10 GMT"",""content_type"":""text/html"",""content_length"":""1283"",""last_modified"":"""",""etag"":"""",""content_disposition"":"""",""cache_control"":""no-cache, no-store, must-revalidate, max-age=0, no-cache, no-store""}",2026-08-16,公开可访问但再分发范围未完全确认，仅本机归档,,private_only,,,,使用本地原件；引用时保留发布机构、原URL、访问日期和许可。
WEB-0336,web,&nbsp;,MDPI,,04_国别货币与中国出海,B,支持亚非拉国别风险、汇率、通胀、资本管制和中国投资暴露研究。,V1.0归档实施策略,须以原文、数据口径、发布时间和适用许可为准；媒体或行业资料不得替代核心A级证据。,https://www.mdpi.com/1099-4300/28/3/271/pdf,https://www.mdpi.com/1099-4300/28/3/271/pdf,https://www.mdpi.com/1099-4300/28/3/271/pdf,V1.0归档实施策略,V1.0归档实施策略:policy,,04_国别货币与中国出海/外部原件/WEB-0336_缺失论文PDF恢复候选/original.html,text/html,.html,2220,9711c8f2220a9eb0be3400d6db3daad37d873482eb18d6220fa9632ecb46d892,,,,,,,source,DOWNLOADED_VERIFIED,200,GET,2026-08-15T19:31:11.871Z,public GET; no authentication; archive user-agent,"{""date"":""Sat, 15 Aug 2026 19:31:11 GMT"",""content_type"":""text/html"",""content_length"":""1303"",""last_modified"":"""",""etag"":"""",""content_disposition"":"""",""cache_control"":""no-cache, no-store, must-revalidate, max-age=0, no-cache, no-store""}",2026-08-16,公开可访问但再分发范围未完全确认，仅本机归档,,private_only,,,,使用本地原件；引用时保留发布机构、原URL、访问日期和许可。
WEB-0337,web,Mineros 公告，2026,www.mineros.com.co,,07_会计合规与制裁,D,限定会计分类、托管、制裁、外汇管制和合法可用性边界。,跨国公司黄金硬通货需求调研报告.md,须以原文、数据口径、发布时间和适用许可为准；媒体或行业资料不得替代核心A级证据。,https://www.mineros.com.co/news/mineros-s-a-adopts-strategic-gold-reserve-policy-2026-07-10,https://www.mineros.com.co/news/mineros-s-a-adopts-strategic-gold-reserve-policy-2026-07-10,,跨国公司黄金硬通货需求调研报告.md,跨国公司黄金硬通货需求调研报告.md:37 | 跨国公司黄金硬通货需求调研报告.md:37,,,,,,,,,,,,,source,METADATA_ONLY_LICENSE,,NOT_REQUESTED,,public GET; no authentication; archive user-agent,,2026-08-16,许可未明确，默认仅保存元数据,,metadata_only,,,,保留元数据和原链接，不抓取或再分发正文。
WEB-0338,web,彭博/MINING.COM，2019,www.mining.com,,08_企业案例与公开披露,D,核验企业海外收入、汇兑损益、冻结、退出和储备配置事实。,跨国公司黄金硬通货需求调研报告.md,须以原文、数据口径、发布时间和适用许可为准；媒体或行业资料不得替代核心A级证据。,https://www.mining.com/web/venezuela-said-default-gold-swap-deutsche-bank/,https://www.mining.com/web/venezuela-said-default-gold-swap-deutsche-bank,,跨国公司黄金硬通货需求调研报告.md,跨国公司黄金硬通货需求调研报告.md:46 | 跨国公司黄金硬通货需求调研报告.md:46,,,,,,,,,,,,,source,METADATA_ONLY_LICENSE,,NOT_REQUESTED,,public GET; no authentication; archive user-agent,,2026-08-16,许可未明确，默认仅保存元数据,,metadata_only,,,,保留元数据和原链接，不抓取或再分发正文。
WEB-0339,web,www.modelwhale.com 来源资料（WEB-0339）,www.modelwhale.com,,06_黄金美元与储备配置,D,比较美元、短债、黄金、人民币资产与套保工具的周期性作用。,最终数据/最终数据/research/media_sentiment_gold_paper/metadata/heywhale_app.js,须以原文、数据口径、发布时间和适用许可为准；媒体或行业资料不得替代核心A级证据。,https://www.modelwhale.com/,https://www.modelwhale.com/,,最终数据/最终数据/research/media_sentiment_gold_paper/metadata/heywhale_app.js,最终数据/最终数据/research/media_sentiment_gold_paper/metadata/heywhale_app.js:1,,,,,,,,,,,,,source,METADATA_ONLY_LICENSE,,NOT_REQUESTED,,public GET; no authentication; archive user-agent,,2026-08-16,许可未明确，默认仅保存元数据,,metadata_only,,,,保留元数据和原链接，不抓取或再分发正文。
WEB-0340,web,www.modelwhale.com 来源资料（WEB-0340）,www.modelwhale.com,,06_黄金美元与储备配置,D,比较美元、短债、黄金、人民币资产与套保工具的周期性作用。,最终数据/最终数据/research/media_sentiment_gold_paper/metadata/heywhale_app.js,须以原文、数据口径、发布时间和适用许可为准；媒体或行业资料不得替代核心A级证据。,https://www.modelwhale.com/pricing?from=dropdown,https://www.modelwhale.com/pricing,,最终数据/最终数据/research/media_sentiment_gold_paper/metadata/heywhale_app.js,最终数据/最终数据/research/media_sentiment_gold_paper/metadata/heywhale_app.js:1,,,,,,,,,,,,,source,METADATA_ONLY_LICENSE,,NOT_REQUESTED,,public GET; no authentication; archive user-agent,,2026-08-16,许可未明确，默认仅保存元数据,,metadata_only,,,,保留元数据和原链接，不抓取或再分发正文。
WEB-0341,web,3. RTS 指数历史数据（1997 峰值 → 1998 谷底）,www.moex.com,,05_全球周期与历史危机,D,识别全球经济周期、资产泡沫、信用危机、衰退与历史制度差异。,案例库/宏观危机篇/12_1998俄罗斯金融危机/案例档案.md,须以原文、数据口径、发布时间和适用许可为准；媒体或行业资料不得替代核心A级证据。,https://www.moex.com/en/index/RTS,https://www.moex.com/en/index/RTS,,案例库/宏观危机篇/12_1998俄罗斯金融危机/案例档案.md,案例库/宏观危机篇/12_1998俄罗斯金融危机/案例档案.md:93,,,,,,,,,,,,,source,METADATA_ONLY_LICENSE,,NOT_REQUESTED,,public GET; no authentication; archive user-agent,,2026-08-16,许可未明确，默认仅保存元数据,,metadata_only,,,,保留元数据和原链接，不抓取或再分发正文。
WEB-0342,web,接投资统计公报. 2025. url:,中华人民共和国商务部,,04_国别货币与中国出海,A,支持亚非拉国别风险、汇率、通胀、资本管制和中国投资暴露研究。,计划书/01_项目可行性研究与参赛方案书.pdf；计划书/02_项目执行与协作手册.pdf,须以原文、数据口径、发布时间和适用许可为准；媒体或行业资料不得替代核心A级证据。,https://www.mofcom.gov.cn/zfxxgk/fdzdgknr/,https://www.mofcom.gov.cn/zfxxgk/fdzdgknr,http://www.mofcom.gov.cn:8080/zfxxgk/fdzdgknr/,计划书/01_项目可行性研究与参赛方案书.pdf | 计划书/02_项目执行与协作手册.pdf,计划书/01_项目可行性研究与参赛方案书.pdf:1426 | 计划书/02_项目执行与协作手册.pdf:1251,,,,,,,,,,,,,source,FETCH_FAILED,503,GET,2026-08-15T19:31:13.299Z,public GET; no authentication; archive user-agent,"{""date"":""Sat, 15 Aug 2026 19:31:12 GMT"",""content_type"":""text/html"",""content_length"":""2317"",""last_modified"":"""",""etag"":"""",""content_disposition"":"""",""cache_control"":""""}",2026-08-16,政府/国际组织公开资料，按原站署名与条款使用,,shared,,WEB-0344,HTTP_503,原链接不可用或不适合自动归档；使用已验证替代资产 WEB-0344。
WEB-0343,web,资统计公报，2025，,中华人民共和国商务部,,06_黄金美元与储备配置,A,比较美元、短债、黄金、人民币资产与套保工具的周期性作用。,计划书/03_多币种流动性与黄金战略储备周期配置计划书.pdf,须以原文、数据口径、发布时间和适用许可为准；媒体或行业资料不得替代核心A级证据。,https://www.mofcom.gov.cn/zfxxgk/fdzdgknr/ztfl/tjsj/,https://www.mofcom.gov.cn/zfxxgk/fdzdgknr/ztfl/tjsj,http://www.mofcom.gov.cn:8080/zfxxgk/fdzdgknr/ztfl/tjsj/,计划书/03_多币种流动性与黄金战略储备周期配置计划书.pdf,计划书/03_多币种流动性与黄金战略储备周期配置计划书.pdf:1223,,,,,,,,,,,,,source,FETCH_FAILED,503,GET,2026-08-15T19:31:14.226Z,public GET; no authentication; archive user-agent,"{""date"":""Sat, 15 Aug 2026 19:31:13 GMT"",""content_type"":""text/html"",""content_length"":""2337"",""last_modified"":"""",""etag"":"""",""content_disposition"":"""",""cache_control"":""""}",2026-08-16,政府/国际组织公开资料，按原站署名与条款使用,,shared,,WEB-0344,HTTP_503,原链接不可用或不适合自动归档；使用已验证替代资产 WEB-0344。
WEB-0344,web,商务部、国家统计局和国家外汇管理局联合发布《2024年度中国对外直接投资统计公报》,中华人民共和国商务部,,06_黄金美元与储备配置,A,比较美元、短债、黄金、人民币资产与套保工具的周期性作用。,计划书/01_项目可行性研究与参赛方案书.pdf；计划书/02_项目执行与协作手册.pdf；计划书/03_多币种流动性与黄金战略储备周期配置计划书.pdf；计划书/03_多币种流动性与黄金战略储备周期配置计划书.tex；计划书/04_亚非拉国别风险与多币种储备智能决策平台总计划书.pdf；计划书/04_亚非拉国别风险与多币种储备智能决策平台总计划书.tex；计划书/05_全球经济周期与亚非拉国别风险多币种储备智能决策平台总计划书.pdf；计划书/05_全球经济周期与亚非拉国别风险多币种储备智能决策平台总计划书.tex,须以原文、数据口径、发布时间和适用许可为准；媒体或行业资料不得替代核心A级证据。,https://www.mofcom.gov.cn/zfxxgk/fdzdgknr/ztfl/tjsj/gwjjhztj/art/2025/art_73650df853694bf0a192e5fceb2948bb.html,https://www.mofcom.gov.cn/zfxxgk/fdzdgknr/ztfl/tjsj/gwjjhztj/art/2025/art_73650df853694bf0a192e5fceb2948bb.html,https://www.mofcom.gov.cn/zfxxgk/fdzdgknr/ztfl/tjsj/gwjjhztj/art/2025/art_73650df853694bf0a192e5fceb2948bb.html,计划书/01_项目可行性研究与参赛方案书.pdf | 计划书/02_项目执行与协作手册.pdf | 计划书/03_多币种流动性与黄金战略储备周期配置计划书.pdf | 计划书/03_多币种流动性与黄金战略储备周期配置计划书.tex | 计划书/04_亚非拉国别风险与多币种储备智能决策平台总计划书.pdf | 计划书/04_亚非拉国别风险与多币种储备智能决策平台总计划书.tex | 计划书/05_全球经济周期与亚非拉国别风险多币种储备智能决策平台总计划书.pdf | 计划书/05_全球经济周期与亚非拉国别风险多币种储备智能决策平台总计划书.tex | 计划书/references.bib,计划书/01_项目可行性研究与参赛方案书.pdf:annotation-28 | 计划书/01_项目可行性研究与参赛方案书.pdf:annotation-29 | 计划书/01_项目可行性研究与参赛方案书.pdf:annotation-30 | 计划书/02_项目执行与协作手册.pdf:annotation-11 | 计划书/02_项目执行与协作手册.pdf:annotation-12 | 计划书/03_多币种流动性与黄金战略储备周期配置计划书.pdf:annotation-1 | 计划书/03_多币种流动性与黄金战略储备周期配置计划书.pdf:annotation-2 | 计划书/03_多币种流动性与黄金战略储备周期配置计划书.tex:778 | 计划书/04_亚非拉国别风险与多币种储备智能决策平台总计划书.pdf:annotation-13 | 计划书/04_亚非拉国别风险与多币种储备智能决策平台总计划书.pdf:annotation-14 | 计划书/04_亚非拉国别风险与多币种储备智能决策平台总计划书.pdf:annotation-15 | 计划书/04_亚非拉国别风险与多币种储备智能决策平台总计划书.pdf:annotation-16 | 计划书/04_亚非拉国别风险与多币种储备智能决策平台总计划书.pdf:annotation-17 | 计划书/04_亚非拉国别风险与多币种储备智能决策平台总计划书.tex:2060 | 计划书/05_全球经济周期与亚非拉国别风险多币种储备智能决策平台总计划书.pdf:annotation-13 | 计划书/05_全球经济周期与亚非拉国别风险多币种储备智能决策平台总计划书.pdf:annotation-14 | 计划书/05_全球经济周期与亚非拉国别风险多币种储备智能决策平台总计划书.pdf:annotation-15 | 计划书/05_全球经济周期与亚非拉国别风险多币种储备智能决策平台总计划书.pdf:annotation-16 | 计划书/05_全球经济周期与亚非拉国别风险多币种储备智能决策平台总计划书.pdf:annotation-17 | 计划书/05_全球经济周期与亚非拉国别风险多币种储备智能决策平台总计划书.tex:2417 | 计划书/references.bib:13,,06_黄金美元与储备配置/外部原件/WEB-0344_PDF_link_annotation_/original.html,text/html,.html,24277,cfc342773698f938d3e3189c60514bd079340ca1f5420eb2d1d7b682009ff955,,,,,,,source,DOWNLOADED_VERIFIED,200,GET,2026-08-15T19:31:11.901Z,public GET; no authentication; archive user-agent,"{""date"":""Sat, 15 Aug 2026 19:31:11 GMT"",""content_type"":""text/html"",""content_length"":"""",""last_modified"":""Tue, 28 Jul 2026 07:27:58 GMT"",""etag"":""W/\""6a6859fe-5ed5\"""",""content_disposition"":"""",""cache_control"":""""}",2026-08-16,政府/国际组织公开资料，按原站署名与条款使用,,shared,,,,使用本地原件；引用时保留发布机构、原URL、访问日期和许可。
WEB-0345,web,人社部，2020,www.mohrss.gov.cn,,08_企业案例与公开披露,A,核验企业海外收入、汇兑损益、冻结、退出和储备配置事实。,企业资产配置调研报告.md,须以原文、数据口径、发布时间和适用许可为准；媒体或行业资料不得替代核心A级证据。,https://www.mohrss.gov.cn/shbxjjjds/SHBXJDSzhengcewenjian/202012/t20201230_406915.html,https://www.mohrss.gov.cn/shbxjjjds/SHBXJDSzhengcewenjian/202012/t20201230_406915.html,https://www.mohrss.gov.cn/shbxjjjds/SHBXJDSzhengcewenjian/202012/t20201230_406915.html,企业资产配置调研报告.md,企业资产配置调研报告.md:147 | 企业资产配置调研报告.md:147,,08_企业案例与公开披露/外部原件/WEB-0345_人社部，2020/original.html,text/html,.html,989,ba367252c5920c7fac4e12d23a806bf49909b3ad8b9597c5f60c13c7da4a98e3,,,,,,,source,DOWNLOADED_VERIFIED,200,GET,2026-08-15T19:31:11.999Z,public GET; no authentication; archive user-agent,"{""date"":""Sat, 15 Aug 2026 19:31:12 GMT"",""content_type"":""text/html"",""content_length"":""989"",""last_modified"":"""",""etag"":"""",""content_disposition"":"""",""cache_control"":""no-cache""}",2026-08-16,政府/国际组织公开资料，按原站署名与条款使用,,shared,,,,使用本地原件；引用时保留发布机构、原URL、访问日期和许可。
WEB-0346,web,2. MTN Group 2024 年报（含尼日利亚分部汇兑损失披露）,www.mtn.com,,08_企业案例与公开披露,D,核验企业海外收入、汇兑损益、冻结、退出和储备配置事实。,案例库/微观企业篇/01_MTN尼日利亚/案例档案.md,须以原文、数据口径、发布时间和适用许可为准；媒体或行业资料不得替代核心A级证据。,https://www.mtn.com/,https://www.mtn.com/,,案例库/微观企业篇/01_MTN尼日利亚/案例档案.md,案例库/微观企业篇/01_MTN尼日利亚/案例档案.md:74,,,,,,,,,,,,,source,METADATA_ONLY_LICENSE,,NOT_REQUESTED,,public GET; no authentication; archive user-agent,,2026-08-16,许可未明确，默认仅保存元数据,,metadata_only,,,,保留元数据和原链接，不抓取或再分发正文。
WEB-0347,web,"3. MTN Nigeria 2023/2024 财报（汇兑损失 7,404 亿 + 9,254 亿奈拉）：MTN Group 与 MTN Nigeria 官方公告（NGX 披露）",www.mtn.ng,,08_企业案例与公开披露,D,核验企业海外收入、汇兑损益、冻结、退出和储备配置事实。,案例库/货币崩溃篇/06_2022-2024尼日利亚奈拉崩溃/案例档案.md；案例库/微观企业篇/01_MTN尼日利亚/案例档案.md,须以原文、数据口径、发布时间和适用许可为准；媒体或行业资料不得替代核心A级证据。,https://www.mtn.ng/,https://www.mtn.ng/,,案例库/货币崩溃篇/06_2022-2024尼日利亚奈拉崩溃/案例档案.md | 案例库/微观企业篇/01_MTN尼日利亚/案例档案.md,案例库/货币崩溃篇/06_2022-2024尼日利亚奈拉崩溃/案例档案.md:94 | 案例库/微观企业篇/01_MTN尼日利亚/案例档案.md:73,,,,,,,,,,,,,source,METADATA_ONLY_LICENSE,,NOT_REQUESTED,,public GET; no authentication; archive user-agent,,2026-08-16,许可未明确，默认仅保存元数据,,metadata_only,,,,保留元数据和原链接，不抓取或再分发正文。
WEB-0348,web,The Golden Dilemma | NBER,National Bureau of Economic Research,,05_全球周期与历史危机,B,识别全球经济周期、资产泡沫、信用危机、衰退与历史制度差异。,计划书/01_项目可行性研究与参赛方案书.pdf；计划书/03_多币种流动性与黄金战略储备周期配置计划书.pdf；计划书/03_多币种流动性与黄金战略储备周期配置计划书.tex；计划书/references.bib,须以原文、数据口径、发布时间和适用许可为准；媒体或行业资料不得替代核心A级证据。,https://www.nber.org/papers/w18706,https://www.nber.org/papers/w18706,https://www.nber.org/papers/w18706,计划书/01_项目可行性研究与参赛方案书.pdf | 计划书/03_多币种流动性与黄金战略储备周期配置计划书.pdf | 计划书/03_多币种流动性与黄金战略储备周期配置计划书.tex | 计划书/references.bib,计划书/01_项目可行性研究与参赛方案书.pdf:annotation-4 | 计划书/01_项目可行性研究与参赛方案书.pdf:annotation-5 | 计划书/03_多币种流动性与黄金战略储备周期配置计划书.pdf:1266 | 计划书/03_多币种流动性与黄金战略储备周期配置计划书.pdf:annotation-26 | 计划书/03_多币种流动性与黄金战略储备周期配置计划书.tex:811 | 计划书/references.bib:101,,05_全球周期与历史危机/外部原件/WEB-0348_PDF_link_annotation_/original.html,text/html; charset=UTF-8,.html,92994,801042bc7e8c1269bc91560f5938f22df53d5365a21c3a57715c3491877bd330,,,,,,,source,DOWNLOADED_VERIFIED,200,GET,2026-08-15T19:31:12.313Z,public GET; no authentication; archive user-agent,"{""date"":""Sat, 15 Aug 2026 19:31:12 GMT"",""content_type"":""text/html; charset=UTF-8"",""content_length"":"""",""last_modified"":"""",""etag"":"""",""content_disposition"":"""",""cache_control"":""must-revalidate, no-cache, private""}",2026-08-16,公开可访问但再分发范围未完全确认，仅本机归档,,private_only,,,,使用本地原件；引用时保留发布机构、原URL、访问日期和许可。
WEB-0349,web,Business Cycle Dating | NBER,National Bureau of Economic Research,,05_全球周期与历史危机,B,识别全球经济周期、资产泡沫、信用危机、衰退与历史制度差异。,计划书/05_全球经济周期与亚非拉国别风险多币种储备智能决策平台总计划书.pdf；计划书/05_全球经济周期与亚非拉国别风险多币种储备智能决策平台总计划书.tex,须以原文、数据口径、发布时间和适用许可为准；媒体或行业资料不得替代核心A级证据。,https://www.nber.org/research/business-cycle-dating,https://www.nber.org/research/business-cycle-dating,https://www.nber.org/research/business-cycle-dating,计划书/05_全球经济周期与亚非拉国别风险多币种储备智能决策平台总计划书.pdf | 计划书/05_全球经济周期与亚非拉国别风险多币种储备智能决策平台总计划书.tex,计划书/05_全球经济周期与亚非拉国别风险多币种储备智能决策平台总计划书.pdf:annotation-38 | 计划书/05_全球经济周期与亚非拉国别风险多币种储备智能决策平台总计划书.pdf:annotation-39 | 计划书/05_全球经济周期与亚非拉国别风险多币种储备智能决策平台总计划书.tex:2447,,05_全球周期与历史危机/外部原件/WEB-0349_PDF_link_annotation_/original.html,text/html; charset=UTF-8,.html,80343,70ef0bc0f72aea8c3000105cc8e08082c0a674bee4a5f51e6451fcf4a8398af2,,,,,,,source,DOWNLOADED_VERIFIED,200,GET,2026-08-15T19:31:13.059Z,public GET; no authentication; archive user-agent,"{""date"":""Sat, 15 Aug 2026 19:31:12 GMT"",""content_type"":""text/html; charset=UTF-8"",""content_length"":"""",""last_modified"":"""",""etag"":"""",""content_disposition"":"""",""cache_control"":""must-revalidate, no-cache, private""}",2026-08-16,公开可访问但再分发范围未完全确认，仅本机归档,,private_only,,,,使用本地原件；引用时保留发布机构、原URL、访问日期和许可。
WEB-0350,web,Public Use Data Archive | NBER,National Bureau of Economic Research,,05_全球周期与历史危机,B,识别全球经济周期、资产泡沫、信用危机、衰退与历史制度差异。,计划书/05_全球经济周期与亚非拉国别风险多币种储备智能决策平台总计划书.pdf,须以原文、数据口径、发布时间和适用许可为准；媒体或行业资料不得替代核心A级证据。,https://www.nber.org/research/data/,https://www.nber.org/research/data,https://www.nber.org/research/data,计划书/05_全球经济周期与亚非拉国别风险多币种储备智能决策平台总计划书.pdf,计划书/05_全球经济周期与亚非拉国别风险多币种储备智能决策平台总计划书.pdf:5438,,"05_全球周期与历史危机/外部原件/WEB-0350_sions_and_Contractions,/original.html",text/html; charset=UTF-8,.html,72076,533a833f40aa26d7a7c81491d10489674dc19d3c37644d1099a59e1dffbe50fd,,,,,,,source,DOWNLOADED_VERIFIED,200,GET,2026-08-15T19:31:13.714Z,public GET; no authentication; archive user-agent,"{""date"":""Sat, 15 Aug 2026 19:31:13 GMT"",""content_type"":""text/html; charset=UTF-8"",""content_length"":"""",""last_modified"":"""",""etag"":"""",""content_disposition"":"""",""cache_control"":""must-revalidate, no-cache, private""}",2026-08-16,公开可访问但再分发范围未完全确认，仅本机归档,,private_only,,,,使用本地原件；引用时保留发布机构、原URL、访问日期和许可。
WEB-0351,web,US Business Cycle Expansions and Contractions | NBER,National Bureau of Economic Research,,05_全球周期与历史危机,B,识别全球经济周期、资产泡沫、信用危机、衰退与历史制度差异。,计划书/05_全球经济周期与亚非拉国别风险多币种储备智能决策平台总计划书.pdf；计划书/05_全球经济周期与亚非拉国别风险多币种储备智能决策平台总计划书.tex,须以原文、数据口径、发布时间和适用许可为准；媒体或行业资料不得替代核心A级证据。,https://www.nber.org/research/data/us-business-cycle-expansions-and-contractions,https://www.nber.org/research/data/us-business-cycle-expansions-and-contractions,https://www.nber.org/research/data/us-business-cycle-expansions-and-contractions,计划书/05_全球经济周期与亚非拉国别风险多币种储备智能决策平台总计划书.pdf | 计划书/05_全球经济周期与亚非拉国别风险多币种储备智能决策平台总计划书.tex,计划书/05_全球经济周期与亚非拉国别风险多币种储备智能决策平台总计划书.pdf:annotation-40 | 计划书/05_全球经济周期与亚非拉国别风险多币种储备智能决策平台总计划书.pdf:annotation-41 | 计划书/05_全球经济周期与亚非拉国别风险多币种储备智能决策平台总计划书.tex:2450,,05_全球周期与历史危机/外部原件/WEB-0351_PDF_link_annotation_/original.html,text/html; charset=UTF-8,.html,91464,ade985efc926c062fced2a065c915034b8490bdf2ef281cb715e741118570911,,,,,,,source,DOWNLOADED_VERIFIED,200,GET,2026-08-15T19:31:13.715Z,public GET; no authentication; archive user-agent,"{""date"":""Sat, 15 Aug 2026 19:31:13 GMT"",""content_type"":""text/html; charset=UTF-8"",""content_length"":"""",""last_modified"":"""",""etag"":"""",""content_disposition"":"""",""cache_control"":""must-revalidate, no-cache, private""}",2026-08-16,公开可访问但再分发范围未完全确认，仅本机归档,,private_only,,,,使用本地原件；引用时保留发布机构、原URL、访问日期和许可。
WEB-0352,web,NBER，2013,National Bureau of Economic Research,,08_企业案例与公开披露,B,核验企业海外收入、汇兑损益、冻结、退出和储备配置事实。,跨国公司黄金硬通货需求调研报告.md,须以原文、数据口径、发布时间和适用许可为准；媒体或行业资料不得替代核心A级证据。,https://www.nber.org/system/files/working_papers/w18706/w18706.pdf,https://www.nber.org/system/files/working_papers/w18706/w18706.pdf,https://www.nber.org/system/files/working_papers/w18706/w18706.pdf,跨国公司黄金硬通货需求调研报告.md,跨国公司黄金硬通货需求调研报告.md:43 | 跨国公司黄金硬通货需求调研报告.md:43,,08_企业案例与公开披露/外部原件/WEB-0352_NBER，2013/original.pdf,application/pdf,.pdf,2171272,06df6a14527b2de68bd19965fc6f77ed0e24b72b10edad154ff4885bae8167b5,,,,,,,source,DOWNLOADED_VERIFIED,200,GET,2026-08-15T19:31:14.366Z,public GET; no authentication; archive user-agent,"{""date"":""Sat, 15 Aug 2026 19:31:14 GMT"",""content_type"":""application/pdf"",""content_length"":""2171272"",""last_modified"":""Fri, 20 Mar 2020 16:29:19 GMT"",""etag"":"""",""content_disposition"":"""",""cache_control"":""private, must-revalidate""}",2026-08-16,公开可访问但再分发范围未完全确认，仅本机归档,,private_only,,,,使用本地原件；引用时保留发布机构、原URL、访问日期和许可。
WEB-0353,web,"16 National Bureau of Economic Research, Business Cycle Dating,",www.nber,,05_全球周期与历史危机,B,识别全球经济周期、资产泡沫、信用危机、衰退与历史制度差异。,计划书/05_全球经济周期与亚非拉国别风险多币种储备智能决策平台总计划书.pdf,须以原文、数据口径、发布时间和适用许可为准；媒体或行业资料不得替代核心A级证据。,https://www.nber.,https://www.nber/,,计划书/05_全球经济周期与亚非拉国别风险多币种储备智能决策平台总计划书.pdf,计划书/05_全球经济周期与亚非拉国别风险多币种储备智能决策平台总计划书.pdf:5434,,,,,,,,,,,,,source,METADATA_ONLY_LICENSE,,NOT_REQUESTED,,public GET; no authentication; archive user-agent,,2026-08-16,许可未明确，默认仅保存元数据,,metadata_only,,,,保留元数据和原链接，不抓取或再分发正文。
WEB-0354,web,全国股转系统公司年报披露，2021–2022,www.neeq.com.cn,,08_企业案例与公开披露,D,核验企业海外收入、汇兑损益、冻结、退出和储备配置事实。,企业资产配置调研报告.md,须以原文、数据口径、发布时间和适用许可为准；媒体或行业资料不得替代核心A级证据。,https://www.neeq.com.cn/disclosure/2022/2022-08-19/1660895675_962813.pdf,https://www.neeq.com.cn/disclosure/2022/2022-08-19/1660895675_962813.pdf,https://www.neeq.com.cn/disclosure/2022/2022-08-19/1660895675_962813.pdf,企业资产配置调研报告.md,企业资产配置调研报告.md:27 | 企业资产配置调研报告.md:27,,,,.pdf,,,,,,,,,source,PAYWALL_OR_AUTH,403,GET,2026-08-15T19:31:14.175Z,public GET; no authentication; archive user-agent,"{""date"":""Sat, 15 Aug 2026 19:31:13 GMT"",""content_type"":""text/html"",""content_length"":""2065"",""last_modified"":"""",""etag"":"""",""content_disposition"":"""",""cache_control"":""""}",2026-08-16,公开可访问但再分发范围未完全确认，仅本机归档,,private_only,,,HTTP 403,
WEB-0355,web,4. 雀巢尼日利亚 2023 年报（股东权益 -780 亿奈拉）：雀巢尼日利亚/NGX 披露,www.nestle-cwa.com,,08_企业案例与公开披露,D,核验企业海外收入、汇兑损益、冻结、退出和储备配置事实。,案例库/货币崩溃篇/06_2022-2024尼日利亚奈拉崩溃/案例档案.md；案例库/微观企业篇/02_雀巢尼日利亚/案例档案.md,须以原文、数据口径、发布时间和适用许可为准；媒体或行业资料不得替代核心A级证据。,https://www.nestle-cwa.com/,https://www.nestle-cwa.com/,,案例库/货币崩溃篇/06_2022-2024尼日利亚奈拉崩溃/案例档案.md | 案例库/微观企业篇/02_雀巢尼日利亚/案例档案.md,案例库/货币崩溃篇/06_2022-2024尼日利亚奈拉崩溃/案例档案.md:95 | 案例库/微观企业篇/02_雀巢尼日利亚/案例档案.md:73,,,,,,,,,,,,,source,METADATA_ONLY_LICENSE,,NOT_REQUESTED,,public GET; no authentication; archive user-agent,,2026-08-16,许可未明确，默认仅保存元数据,,metadata_only,,,,保留元数据和原链接，不抓取或再分发正文。
WEB-0356,web,2. 雀巢集团 2023 年报（尼日利亚分部汇兑损失与资不抵债披露）,www.nestle.com,,08_企业案例与公开披露,D,核验企业海外收入、汇兑损益、冻结、退出和储备配置事实。,案例库/微观企业篇/02_雀巢尼日利亚/案例档案.md,须以原文、数据口径、发布时间和适用许可为准；媒体或行业资料不得替代核心A级证据。,https://www.nestle.com/,https://www.nestle.com/,,案例库/微观企业篇/02_雀巢尼日利亚/案例档案.md,案例库/微观企业篇/02_雀巢尼日利亚/案例档案.md:74,,,,,,,,,,,,,source,METADATA_ONLY_LICENSE,,NOT_REQUESTED,,public GET; no authentication; archive user-agent,,2026-08-16,许可未明确，默认仅保存元数据,,metadata_only,,,,保留元数据和原链接，不抓取或再分发正文。
WEB-0357,web,国家金融监督管理总局,www.nfra.gov.cn,,08_企业案例与公开披露,A,核验企业海外收入、汇兑损益、冻结、退出和储备配置事实。,企业资产配置调研报告.md,须以原文、数据口径、发布时间和适用许可为准；媒体或行业资料不得替代核心A级证据。,https://www.nfra.gov.cn/cn/view/pages/ItemDetail.html?docId=1151066&itemId=4214&generaltype=1,https://www.nfra.gov.cn/cn/view/pages/ItemDetail.html?docId=1151066&itemId=4214&generaltype=1,https://www.nfra.gov.cn/cn/view/pages/ItemDetail.html?docId=1151066&itemId=4214&generaltype=1,企业资产配置调研报告.md,企业资产配置调研报告.md:83 | 企业资产配置调研报告.md:83,,08_企业案例与公开披露/外部原件/WEB-0357_金融监管总局官网全文/original.html,text/html,.html,20416,2746269444dfbb546796f82825e20d277d6f21e04a357922a03218f9a5bd14d6,,,,,,,source,DOWNLOADED_VERIFIED,200,GET,2026-08-15T19:31:14.438Z,public GET; no authentication; archive user-agent,"{""date"":""Sat, 15 Aug 2026 19:31:14 GMT"",""content_type"":""text/html"",""content_length"":"""",""last_modified"":""Mon, 18 Mar 2024 07:42:54 GMT"",""etag"":""\""65f7f07e-4fc0\"""",""content_disposition"":"""",""cache_control"":""""}",2026-08-16,政府/国际组织公开资料，按原站署名与条款使用,,shared,,,,使用本地原件；引用时保留发布机构、原URL、访问日期和许可。
WEB-0358,web,金融监管总局原文，2025-02-07,www.nfra.gov.cn,,08_企业案例与公开披露,A,核验企业海外收入、汇兑损益、冻结、退出和储备配置事实。,企业资产配置调研报告.md,须以原文、数据口径、发布时间和适用许可为准；媒体或行业资料不得替代核心A级证据。,https://www.nfra.gov.cn/cn/view/pages/ItemDetail.html?docId=1198136&itemId=915,https://www.nfra.gov.cn/cn/view/pages/ItemDetail.html?docId=1198136&itemId=915,https://www.nfra.gov.cn/cn/view/pages/ItemDetail.html?docId=1198136&itemId=915,企业资产配置调研报告.md,企业资产配置调研报告.md:71 | 企业资产配置调研报告.md:71,,08_企业案例与公开披露/外部原件/WEB-0357_金融监管总局官网全文/original.html,text/html,.html,20416,2746269444dfbb546796f82825e20d277d6f21e04a357922a03218f9a5bd14d6,,,,,,,source,DUPLICATE_CONTENT,200,GET,2026-08-15T19:31:15.095Z,public GET; no authentication; archive user-agent,"{""date"":""Sat, 15 Aug 2026 19:31:14 GMT"",""content_type"":""text/html"",""content_length"":"""",""last_modified"":""Mon, 18 Mar 2024 07:42:54 GMT"",""etag"":""\""65f7f07e-4fc0\"""",""content_disposition"":"""",""cache_control"":""""}",2026-08-16,政府/国际组织公开资料，按原站署名与条款使用,,shared,WEB-0357,,,
WEB-0359,web,国家金融监督管理总局,www.nfra.gov.cn,,08_企业案例与公开披露,A,核验企业海外收入、汇兑损益、冻结、退出和储备配置事实。,企业资产配置调研报告.md,须以原文、数据口径、发布时间和适用许可为准；媒体或行业资料不得替代核心A级证据。,https://www.nfra.gov.cn/cn/view/pages/rulesDetail.html?docId=1151066,https://www.nfra.gov.cn/cn/view/pages/rulesDetail.html?docId=1151066,https://www.nfra.gov.cn/cn/view/pages/rulesDetail.html?docId=1151066,企业资产配置调研报告.md,企业资产配置调研报告.md:97 | 企业资产配置调研报告.md:97,,08_企业案例与公开披露/外部原件/WEB-0359_办法附件测算示例/original.html,text/html,.html,8938,16181b58c7ecf424fcb3cc3a7b6cfdc57cbcf01a9b3c1691049d677314f0c22e,,,,,,,source,DOWNLOADED_VERIFIED,200,GET,2026-08-15T19:31:15.093Z,public GET; no authentication; archive user-agent,"{""date"":""Sat, 15 Aug 2026 19:31:14 GMT"",""content_type"":""text/html"",""content_length"":"""",""last_modified"":""Thu, 30 May 2024 01:16:22 GMT"",""etag"":""\""6657d366-22ea\"""",""content_disposition"":"""",""cache_control"":""""}",2026-08-16,政府/国际组织公开资料，按原站署名与条款使用,,shared,,,,使用本地原件；引用时保留发布机构、原URL、访问日期和许可。
WEB-0360,web,2. 尼日利亚 CPI（2024-06 同比 34.2%）：尼日利亚国家统计局（NBS）,www.nigerianstat.gov.ng,,08_企业案例与公开披露,A,核验企业海外收入、汇兑损益、冻结、退出和储备配置事实。,案例库/货币崩溃篇/06_2022-2024尼日利亚奈拉崩溃/案例档案.md；案例库/微观企业篇/01_MTN尼日利亚/案例档案.md；案例库/微观企业篇/02_雀巢尼日利亚/案例档案.md,须以原文、数据口径、发布时间和适用许可为准；媒体或行业资料不得替代核心A级证据。,https://www.nigerianstat.gov.ng/,https://www.nigerianstat.gov.ng/,,案例库/货币崩溃篇/06_2022-2024尼日利亚奈拉崩溃/案例档案.md | 案例库/微观企业篇/01_MTN尼日利亚/案例档案.md | 案例库/微观企业篇/02_雀巢尼日利亚/案例档案.md,案例库/货币崩溃篇/06_2022-2024尼日利亚奈拉崩溃/案例档案.md:93 | 案例库/微观企业篇/01_MTN尼日利亚/案例档案.md:76 | 案例库/微观企业篇/02_雀巢尼日利亚/案例档案.md:77,,,,,,,,,,,,,source,METADATA_ONLY_LICENSE,,NOT_REQUESTED,,public GET; no authentication; archive user-agent,,2026-08-16,许可未明确，默认仅保存元数据,,metadata_only,,,,保留元数据和原链接，不抓取或再分发正文。
WEB-0361,web,OSW/KSE，2025,www.osw.waw.pl,,08_企业案例与公开披露,D,核验企业海外收入、汇兑损益、冻结、退出和储备配置事实。,跨国公司黄金硬通货需求调研报告.md,须以原文、数据口径、发布时间和适用许可为准；媒体或行业资料不得替代核心A级证据。,https://www.osw.waw.pl/en/publikacje/osw-commentary/2025-09-01/putins-elite-divides-spoils-russia-large-scale-nationalisation,https://www.osw.waw.pl/en/publikacje/osw-commentary/2025-09-01/putins-elite-divides-spoils-russia-large-scale-nationalisation,,跨国公司黄金硬通货需求调研报告.md,跨国公司黄金硬通货需求调研报告.md:72 | 跨国公司黄金硬通货需求调研报告.md:72,,,,,,,,,,,,,source,METADATA_ONLY_LICENSE,,NOT_REQUESTED,,public GET; no authentication; archive user-agent,,2026-08-16,许可未明确，默认仅保存元数据,,metadata_only,,,,保留元数据和原链接，不抓取或再分发正文。
WEB-0362,web,PIIE，2024,www.piie.com,,08_企业案例与公开披露,D,核验企业海外收入、汇兑损益、冻结、退出和储备配置事实。,跨国公司黄金硬通货需求调研报告.md,须以原文、数据口径、发布时间和适用许可为准；媒体或行业资料不得替代核心A级证据。,https://www.piie.com/research/piie-charts/2024/egyptian-pound-devaluations-have-induced-recurring-crises-1952,https://www.piie.com/research/piie-charts/2024/egyptian-pound-devaluations-have-induced-recurring-crises-1952,,跨国公司黄金硬通货需求调研报告.md,跨国公司黄金硬通货需求调研报告.md:60 | 跨国公司黄金硬通货需求调研报告.md:60,,,,,,,,,,,,,source,METADATA_ONLY_LICENSE,,NOT_REQUESTED,,public GET; no authentication; archive user-agent,,2026-08-16,许可未明确，默认仅保存元数据,,metadata_only,,,,保留元数据和原链接，不抓取或再分发正文。
WEB-0363,web,Economic Policy Uncertainty Index,www.policyuncertainty.com,,06_黄金美元与储备配置,D,比较美元、短债、黄金、人民币资产与套保工具的周期性作用。,最终数据/最终数据/outputs/019f56e7-91fe-7a43-b1d0-ae50e45c9d0c/黄金价格传导链因素与时序数据_20260724.xlsx；最终数据/最终数据/outputs/019f56e7-91fe-7a43-b1d0-ae50e45c9d0c/黄金价格传导链因素与时序数据_20260724.xlsx.inspect.ndjson；最终数据/最终数据/outputs/019f56e7-91fe-7a43-b1d0-ae50e45c9d0c/金银价格波动影响因素与时序数据_20260726.xlsx；最终数据/最终数据/outputs/019f56e7-91fe-7a43-b1d0-ae50e45c9d0c/金银价格波动影响因素与时序数据_20260726.xlsx.inspect.ndjson；最终数据/最终数据/outputs/019f56e7-91fe-7a43-b1d0-ae50e45c9d0c/金银价格波动影响因素与时序数据_中文字段版_20260726.xlsx；最终数据/最终数据/outputs/019f56e7-91fe-7a43-b1d0-ae50e45c9d0c/金银价格波动影响因素与时序数据_中文字段版_20260726.xlsx.inspect.ndjson,须以原文、数据口径、发布时间和适用许可为准；媒体或行业资料不得替代核心A级证据。,https://www.policyuncertainty.com/,https://www.policyuncertainty.com/,https://www.policyuncertainty.com/,最终数据/最终数据/outputs/019f56e7-91fe-7a43-b1d0-ae50e45c9d0c/黄金价格传导链因素与时序数据_20260724.xlsx | 最终数据/最终数据/outputs/019f56e7-91fe-7a43-b1d0-ae50e45c9d0c/黄金价格传导链因素与时序数据_20260724.xlsx.inspect.ndjson | 最终数据/最终数据/outputs/019f56e7-91fe-7a43-b1d0-ae50e45c9d0c/金银价格波动影响因素与时序数据_20260726.xlsx | 最终数据/最终数据/outputs/019f56e7-91fe-7a43-b1d0-ae50e45c9d0c/金银价格波动影响因素与时序数据_20260726.xlsx.inspect.ndjson | 最终数据/最终数据/outputs/019f56e7-91fe-7a43-b1d0-ae50e45c9d0c/金银价格波动影响因素与时序数据_中文字段版_20260726.xlsx | 最终数据/最终数据/outputs/019f56e7-91fe-7a43-b1d0-ae50e45c9d0c/金银价格波动影响因素与时序数据_中文字段版_20260726.xlsx.inspect.ndjson,最终数据/最终数据/outputs/019f56e7-91fe-7a43-b1d0-ae50e45c9d0c/黄金价格传导链因素与时序数据_20260724.xlsx:xl/worksheets/sheet11.xml | 最终数据/最终数据/outputs/019f56e7-91fe-7a43-b1d0-ae50e45c9d0c/黄金价格传导链因素与时序数据_20260724.xlsx.inspect.ndjson:80405 | 最终数据/最终数据/outputs/019f56e7-91fe-7a43-b1d0-ae50e45c9d0c/金银价格波动影响因素与时序数据_20260726.xlsx:xl/worksheets/sheet12.xml | 最终数据/最终数据/outputs/019f56e7-91fe-7a43-b1d0-ae50e45c9d0c/金银价格波动影响因素与时序数据_20260726.xlsx.inspect.ndjson:91397 | 最终数据/最终数据/outputs/019f56e7-91fe-7a43-b1d0-ae50e45c9d0c/金银价格波动影响因素与时序数据_中文字段版_20260726.xlsx:xl/worksheets/sheet13.xml | 最终数据/最终数据/outputs/019f56e7-91fe-7a43-b1d0-ae50e45c9d0c/金银价格波动影响因素与时序数据_中文字段版_20260726.xlsx.inspect.ndjson:91689,,06_黄金美元与储备配置/外部原件/WEB-0363_XLSX_entry_xl_worksheets_sheet11.xml/original.html,text/html; charset=UTF-8,.html,22597,687af66f5541ee7f7d3acc85aa3295c2bb3fdd04b8d3d51f166476d4a35d174d,,,,,,,source,DOWNLOADED_VERIFIED,200,GET,2026-08-15T19:31:14.973Z,public GET; no authentication; archive user-agent,"{""date"":""Sat, 15 Aug 2026 19:31:14 GMT"",""content_type"":""text/html; charset=UTF-8"",""content_length"":""4085"",""last_modified"":"""",""etag"":"""",""content_disposition"":"""",""cache_control"":""""}",2026-08-16,公开可访问但再分发范围未完全确认，仅本机归档,,private_only,,,,使用本地原件；引用时保留发布机构、原URL、访问日期和许可。
WEB-0364,web,China Policy Uncertainty Indices Based on Mainland Papers,www.policyuncertainty.com,,06_黄金美元与储备配置,D,比较美元、短债、黄金、人民币资产与套保工具的周期性作用。,最终数据/最终数据/research/media_sentiment_gold_paper/README_论文学习与数据说明.md,须以原文、数据口径、发布时间和适用许可为准；媒体或行业资料不得替代核心A级证据。,https://www.policyuncertainty.com/china_monthly.html,https://www.policyuncertainty.com/china_monthly.html,https://www.policyuncertainty.com/china_monthly.html,最终数据/最终数据/research/media_sentiment_gold_paper/README_论文学习与数据说明.md,最终数据/最终数据/research/media_sentiment_gold_paper/README_论文学习与数据说明.md:62,,06_黄金美元与储备配置/外部原件/WEB-0364_-_来源：/original.html,text/html; charset=UTF-8,.html,16007,ca499dbf622a9bbe9680f34395dd25a0e8e341422c6a6d5eddec94fe237dacf5,,,,,,,source,DOWNLOADED_VERIFIED,200,GET,2026-08-15T19:31:15.622Z,public GET; no authentication; archive user-agent,"{""date"":""Sat, 15 Aug 2026 19:31:14 GMT"",""content_type"":""text/html; charset=UTF-8"",""content_length"":""4192"",""last_modified"":"""",""etag"":"""",""content_disposition"":"""",""cache_control"":""""}",2026-08-16,公开可访问但再分发范围未完全确认，仅本机归档,,private_only,,,,使用本地原件；引用时保留发布机构、原URL、访问日期和许可。
WEB-0365,web,7. Reuters（经Politico转引），2013年12月31日——标普500全年+29.6%,www.politico.com,,05_全球周期与历史危机,D,识别全球经济周期、资产泡沫、信用危机、衰退与历史制度差异。,案例库/宏观危机篇/11_2013黄金暴跌（反面案例）/案例档案.md,须以原文、数据口径、发布时间和适用许可为准；媒体或行业资料不得替代核心A级证据。,https://www.politico.com/tipsheets/playbook/2014/01/new-years-eve-reid-vs-paul-happy-new-year-and-obamacare-sayonara-2013-politico-presents-2013s-13-favorite-online-moments-no-more-white-house-petitions-no-lesson-the-clock-tick-tock-tick-tock-the-article-must-go-btv-gop-117247,https://www.politico.com/tipsheets/playbook/2014/01/new-years-eve-reid-vs-paul-happy-new-year-and-obamacare-sayonara-2013-politico-presents-2013s-13-favorite-online-moments-no-more-white-house-petitions-no-lesson-the-clock-tick-tock-tick-tock-the-article-must-go-btv-gop-117247,,案例库/宏观危机篇/11_2013黄金暴跌（反面案例）/案例档案.md,案例库/宏观危机篇/11_2013黄金暴跌（反面案例）/案例档案.md:60,,,,,,,,,,,,,source,METADATA_ONLY_LICENSE,,NOT_REQUESTED,,public GET; no authentication; archive user-agent,,2026-08-16,许可未明确，默认仅保存元数据,,metadata_only,,,,保留元数据和原链接，不抓取或再分发正文。
WEB-0366,web,2. The American Presidency Project（加州大学圣巴巴拉分校），《White House Statement on Proclamation 2072》（1934年1月31日原文），,www.presidency.ucsb.edu,,05_全球周期与历史危机,D,识别全球经济周期、资产泡沫、信用危机、衰退与历史制度差异。,案例库/宏观危机篇/02_1933罗斯福黄金新政/案例档案.md,须以原文、数据口径、发布时间和适用许可为准；媒体或行业资料不得替代核心A级证据。,https://www.presidency.ucsb.edu/documents/white-house-statement-proclamation-2072,https://www.presidency.ucsb.edu/documents/white-house-statement-proclamation-2072,,案例库/宏观危机篇/02_1933罗斯福黄金新政/案例档案.md,案例库/宏观危机篇/02_1933罗斯福黄金新政/案例档案.md:51,,,,,,,,,,,,,source,METADATA_ONLY_LICENSE,,NOT_REQUESTED,,public GET; no authentication; archive user-agent,,2026-08-16,许可未明确，默认仅保存元数据,,metadata_only,,,,保留元数据和原链接，不抓取或再分发正文。
WEB-0367,web,PR Newswire，2025,www.prnewswire.com,,08_企业案例与公开披露,D,核验企业海外收入、汇兑损益、冻结、退出和储备配置事实。,跨国公司黄金硬通货需求调研报告.md,须以原文、数据口径、发布时间和适用许可为准；媒体或行业资料不得替代核心A级证据。,https://www.prnewswire.com/news-releases/prestige-wealth-inc-signs-and-closes-approx-150-million-financing-for-aurelion-treasury-initiating-nasdaq-s-first-tether-gold-treasury-prestige-wealth-inc-nasdaq-aure-plans-to-be-renamed-to-aurelion-inc-subject-to-appro-302583388.html,https://www.prnewswire.com/news-releases/prestige-wealth-inc-signs-and-closes-approx-150-million-financing-for-aurelion-treasury-initiating-nasdaq-s-first-tether-gold-treasury-prestige-wealth-inc-nasdaq-aure-plans-to-be-renamed-to-aurelion-inc-subject-to-appro-302583388.html,,跨国公司黄金硬通货需求调研报告.md,跨国公司黄金硬通货需求调研报告.md:35 | 跨国公司黄金硬通货需求调研报告.md:35,,,,.html,,,,,,,,,source,METADATA_ONLY_LICENSE,,NOT_REQUESTED,,public GET; no authentication; archive user-agent,,2026-08-16,许可未明确，默认仅保存元数据,,metadata_only,,,,保留元数据和原链接，不抓取或再分发正文。
WEB-0368,web,普华永道，2024,www.pwccn.com,,08_企业案例与公开披露,D,核验企业海外收入、汇兑损益、冻结、退出和储备配置事实。,企业资产配置调研报告.md,须以原文、数据口径、发布时间和适用许可为准；媒体或行业资料不得替代核心A级证据。,https://www.pwccn.com/zh/banking/banking-newsletter-2024-q1.pdf,https://www.pwccn.com/zh/banking/banking-newsletter-2024-q1.pdf,https://www.pwccn.com/zh/banking/banking-newsletter-2024-q1.pdf,企业资产配置调研报告.md,企业资产配置调研报告.md:60 | 企业资产配置调研报告.md:60,,08_企业案例与公开披露/外部原件/WEB-0368_普华永道，2024/original.pdf,application/pdf,.pdf,3235033,6ed6dce22fcabdb8976ac989998db6b2a708ece80caab6d8a0c85f8c4a4ef6de,,,,,,,source,DOWNLOADED_VERIFIED,200,GET,2026-08-15T19:31:15.272Z,public GET; no authentication; archive user-agent,"{""date"":""Sat, 15 Aug 2026 19:31:14 GMT"",""content_type"":""application/pdf"",""content_length"":""3235033"",""last_modified"":""Thu, 20 Jun 2024 03:01:11 GMT"",""etag"":"""",""content_disposition"":"""",""cache_control"":""""}",2026-08-16,公开可访问但再分发范围未完全确认，仅本机归档,,private_only,,,,使用本地原件；引用时保留发布机构、原URL、访问日期和许可。
WEB-0369,web,3. RAND《How Russia is using gold in wartime》（2025）,www.rand.org,,07_会计合规与制裁,D,限定会计分类、托管、制裁、外汇管制和合法可用性边界。,案例库/地缘冲突与制裁篇/01_2022俄乌冲突-外储冻结/案例档案.md；案例库/地缘冲突与制裁篇/02_2022俄罗斯黄金制裁免疫/案例档案.md；案例库/地缘冲突与制裁篇/04_2012-2013土耳其-伊朗黄金换天然气/案例档案.md；案例库/地缘冲突与制裁篇/05_2019委内瑞拉伦敦黄金冻结/案例档案.md；案例库/地缘冲突与制裁篇/06_2014克里米亚危机-卢布暴跌/案例档案.md,须以原文、数据口径、发布时间和适用许可为准；媒体或行业资料不得替代核心A级证据。,https://www.rand.org/,https://www.rand.org/,https://www.rand.org/,案例库/地缘冲突与制裁篇/01_2022俄乌冲突-外储冻结/案例档案.md | 案例库/地缘冲突与制裁篇/02_2022俄罗斯黄金制裁免疫/案例档案.md | 案例库/地缘冲突与制裁篇/04_2012-2013土耳其-伊朗黄金换天然气/案例档案.md | 案例库/地缘冲突与制裁篇/05_2019委内瑞拉伦敦黄金冻结/案例档案.md | 案例库/地缘冲突与制裁篇/06_2014克里米亚危机-卢布暴跌/案例档案.md,案例库/地缘冲突与制裁篇/01_2022俄乌冲突-外储冻结/案例档案.md:89 | 案例库/地缘冲突与制裁篇/02_2022俄罗斯黄金制裁免疫/案例档案.md:83 | 案例库/地缘冲突与制裁篇/04_2012-2013土耳其-伊朗黄金换天然气/案例档案.md:90 | 案例库/地缘冲突与制裁篇/05_2019委内瑞拉伦敦黄金冻结/案例档案.md:93 | 案例库/地缘冲突与制裁篇/06_2014克里米亚危机-卢布暴跌/案例档案.md:87,,,,,,,,,,,,,source,PAYWALL_OR_AUTH,403,GET,2026-08-15T19:31:15.563Z,public GET; no authentication; archive user-agent,"{""date"":""Sat, 15 Aug 2026 19:31:14 GMT"",""content_type"":""text/html"",""content_length"":""919"",""last_modified"":"""",""etag"":"""",""content_disposition"":"""",""cache_control"":""""}",2026-08-16,公开可访问但再分发范围未完全确认，仅本机归档,,private_only,,,HTTP 403,
WEB-0370,web,RAND，2025,www.rand.org,,07_会计合规与制裁,D,限定会计分类、托管、制裁、外汇管制和合法可用性边界。,跨国公司黄金硬通货需求调研报告.md,须以原文、数据口径、发布时间和适用许可为准；媒体或行业资料不得替代核心A级证据。,https://www.rand.org/content/dam/rand/pubs/research_reports/RRA3200/RRA3230-1/RAND_RRA3230-1.summary.pdf,https://www.rand.org/content/dam/rand/pubs/research_reports/RRA3200/RRA3230-1/RAND_RRA3230-1.summary.pdf,https://www.rand.org/content/dam/rand/pubs/research_reports/RRA3200/RRA3230-1/RAND_RRA3230-1.summary.pdf,跨国公司黄金硬通货需求调研报告.md,跨国公司黄金硬通货需求调研报告.md:27 | 跨国公司黄金硬通货需求调研报告.md:27,,,,.pdf,,,,,,,,,source,PAYWALL_OR_AUTH,403,GET,2026-08-15T19:31:16.216Z,public GET; no authentication; archive user-agent,"{""date"":""Sat, 15 Aug 2026 19:31:15 GMT"",""content_type"":""text/html"",""content_length"":""919"",""last_modified"":"""",""etag"":"""",""content_disposition"":"""",""cache_control"":""""}",2026-08-16,公开可访问但再分发范围未完全确认，仅本机归档,,private_only,,,HTTP 403,
WEB-0371,web,2. 日本不动产研究所《六大城市地价指数》历史数据（商业地价 -87%）,www.reinet.or.jp,,05_全球周期与历史危机,D,识别全球经济周期、资产泡沫、信用危机、衰退与历史制度差异。,案例库/宏观危机篇/10_1990日本资产泡沫破裂/案例档案.md,须以原文、数据口径、发布时间和适用许可为准；媒体或行业资料不得替代核心A级证据。,https://www.reinet.or.jp/en/data/indices/land-price/urban-land-price-index/,https://www.reinet.or.jp/en/data/indices/land-price/urban-land-price-index,,案例库/宏观危机篇/10_1990日本资产泡沫破裂/案例档案.md,案例库/宏观危机篇/10_1990日本资产泡沫破裂/案例档案.md:87,,,,,,,,,,,,,source,METADATA_ONLY_LICENSE,,NOT_REQUESTED,,public GET; no authentication; archive user-agent,,2026-08-16,许可未明确，默认仅保存元数据,,metadata_only,,,,保留元数据和原链接，不抓取或再分发正文。
WEB-0372,web,1. 雷诺 2022 年报与 AvtoVAZ 出售（1 卢布）公告：雷诺集团官网/SEC 20-F,www.renaultgroup.com,,08_企业案例与公开披露,D,核验企业海外收入、汇兑损益、冻结、退出和储备配置事实。,案例库/微观企业篇/06_雷诺法兴俄罗斯退出/案例档案.md,须以原文、数据口径、发布时间和适用许可为准；媒体或行业资料不得替代核心A级证据。,https://www.renaultgroup.com/,https://www.renaultgroup.com/,,案例库/微观企业篇/06_雷诺法兴俄罗斯退出/案例档案.md,案例库/微观企业篇/06_雷诺法兴俄罗斯退出/案例档案.md:75,,,,,,,,,,,,,source,METADATA_ONLY_LICENSE,,NOT_REQUESTED,,public GET; no authentication; archive user-agent,,2026-08-16,许可未明确，默认仅保存元数据,,metadata_only,,,,保留元数据和原链接，不抓取或再分发正文。
WEB-0373,web,5. 2020 年以 9 吨黄金支付伊朗换汽油：Reuters 2020-05,Reuters,,06_黄金美元与储备配置,C,比较美元、短债、黄金、人民币资产与套保工具的周期性作用。,案例库/货币崩溃篇/03_2015-2021委内瑞拉玻利瓦尔/案例档案.md,须以原文、数据口径、发布时间和适用许可为准；媒体或行业资料不得替代核心A级证据。,https://www.reuters.com/article/idUSKBN22Y0SR/,https://www.reuters.com/article/idUSKBN22Y0SR,,案例库/货币崩溃篇/03_2015-2021委内瑞拉玻利瓦尔/案例档案.md,案例库/货币崩溃篇/03_2015-2021委内瑞拉玻利瓦尔/案例档案.md:94,,,,,,,,,,,,,source,METADATA_ONLY_LICENSE,,NOT_REQUESTED,,public GET; no authentication; archive user-agent,,2026-08-16,新闻/媒体版权，默认仅保存元数据,,metadata_only,,,,保留元数据和原链接，不抓取或再分发正文。
WEB-0374,web,"6. 西方企业退出俄罗斯损失超 1,070 亿美元：Reuters 2024-03 统计",Reuters,,07_会计合规与制裁,C,限定会计分类、托管、制裁、外汇管制和合法可用性边界。,案例库/地缘冲突与制裁篇/01_2022俄乌冲突-外储冻结/案例档案.md；案例库/微观企业篇/06_雷诺法兴俄罗斯退出/案例档案.md,须以原文、数据口径、发布时间和适用许可为准；媒体或行业资料不得替代核心A级证据。,https://www.reuters.com/business/,https://www.reuters.com/business,,案例库/地缘冲突与制裁篇/01_2022俄乌冲突-外储冻结/案例档案.md | 案例库/微观企业篇/06_雷诺法兴俄罗斯退出/案例档案.md,案例库/地缘冲突与制裁篇/01_2022俄乌冲突-外储冻结/案例档案.md:92 | 案例库/微观企业篇/06_雷诺法兴俄罗斯退出/案例档案.md:77,,,,,,,,,,,,,source,METADATA_ONLY_LICENSE,,NOT_REQUESTED,,public GET; no authentication; archive user-agent,,2026-08-16,新闻/媒体版权，默认仅保存元数据,,metadata_only,,,,保留元数据和原链接，不抓取或再分发正文。
WEB-0375,web,5. 阿联酋 ADQ 350 亿美元注资（2024-02）：Reuters/路透报道,Reuters,,06_黄金美元与储备配置,C,比较美元、短债、黄金、人民币资产与套保工具的周期性作用。,案例库/货币崩溃篇/07_2022-2024埃及镑贬值/案例档案.md,须以原文、数据口径、发布时间和适用许可为准；媒体或行业资料不得替代核心A级证据。,https://www.reuters.com/markets/,https://www.reuters.com/markets,,案例库/货币崩溃篇/07_2022-2024埃及镑贬值/案例档案.md,案例库/货币崩溃篇/07_2022-2024埃及镑贬值/案例档案.md:93,,,,,,,,,,,,,source,METADATA_ONLY_LICENSE,,NOT_REQUESTED,,public GET; no authentication; archive user-agent,,2026-08-16,新闻/媒体版权，默认仅保存元数据,,metadata_only,,,,保留元数据和原链接，不抓取或再分发正文。
WEB-0376,web,"3. 2024-10-26 以色列打击与金价 2,790 新高：Reuters 2024-10",Reuters,,07_会计合规与制裁,C,限定会计分类、托管、制裁、外汇管制和合法可用性边界。,案例库/地缘冲突与制裁篇/03_2024以色列-伊朗冲突/案例档案.md；案例库/货币崩溃篇/08_2010-2025伊朗里亚尔/案例档案.md；案例库/微观企业篇/09_Tether黄金储备/案例档案.md,须以原文、数据口径、发布时间和适用许可为准；媒体或行业资料不得替代核心A级证据。,https://www.reuters.com/markets/commodities/,https://www.reuters.com/markets/commodities,,案例库/地缘冲突与制裁篇/03_2024以色列-伊朗冲突/案例档案.md | 案例库/货币崩溃篇/08_2010-2025伊朗里亚尔/案例档案.md | 案例库/微观企业篇/09_Tether黄金储备/案例档案.md,案例库/地缘冲突与制裁篇/03_2024以色列-伊朗冲突/案例档案.md:90 | 案例库/货币崩溃篇/08_2010-2025伊朗里亚尔/案例档案.md:94 | 案例库/微观企业篇/09_Tether黄金储备/案例档案.md:77,,,,,,,,,,,,,source,METADATA_ONLY_LICENSE,,NOT_REQUESTED,,public GET; no authentication; archive user-agent,,2026-08-16,新闻/媒体版权，默认仅保存元数据,,metadata_only,,,,保留元数据和原链接，不抓取或再分发正文。
WEB-0377,web,7. 2018-08-10 里拉单日 -14% 与新兴市场传染：Reuters/Bloomberg 2018 年 8 月报道,Reuters,,04_国别货币与中国出海,C,支持亚非拉国别风险、汇率、通胀、资本管制和中国投资暴露研究。,案例库/货币崩溃篇/04_2018土耳其里拉危机/案例档案.md,须以原文、数据口径、发布时间和适用许可为准；媒体或行业资料不得替代核心A级证据。,https://www.reuters.com/markets/currencies/,https://www.reuters.com/markets/currencies,,案例库/货币崩溃篇/04_2018土耳其里拉危机/案例档案.md,案例库/货币崩溃篇/04_2018土耳其里拉危机/案例档案.md:96,,,,,,,,,,,,,source,METADATA_ONLY_LICENSE,,NOT_REQUESTED,,public GET; no authentication; archive user-agent,,2026-08-16,新闻/媒体版权，默认仅保存元数据,,metadata_only,,,,保留元数据和原链接，不抓取或再分发正文。
WEB-0378,web,2. CEO 卡普公开表述（金库地点、接受黄金付款意向）：Reuters/Bloomberg 2021-08 报道,Reuters,,08_企业案例与公开披露,C,核验企业海外收入、汇兑损益、冻结、退出和储备配置事实。,案例库/微观企业篇/08_Palantir黑天鹅黄金/案例档案.md,须以原文、数据口径、发布时间和适用许可为准；媒体或行业资料不得替代核心A级证据。,https://www.reuters.com/technology/,https://www.reuters.com/technology,,案例库/微观企业篇/08_Palantir黑天鹅黄金/案例档案.md,案例库/微观企业篇/08_Palantir黑天鹅黄金/案例档案.md:75,,,,,,,,,,,,,source,METADATA_ONLY_LICENSE,,NOT_REQUESTED,,public GET; no authentication; archive user-agent,,2026-08-16,新闻/媒体版权，默认仅保存元数据,,metadata_only,,,,保留元数据和原链接，不抓取或再分发正文。
WEB-0379,web,"1. 俄罗斯外储被冻结约 3,000 亿美元：Reuters/Reuters 2022-02-28 报道",Reuters,,07_会计合规与制裁,C,限定会计分类、托管、制裁、外汇管制和合法可用性边界。,案例库/地缘冲突与制裁篇/01_2022俄乌冲突-外储冻结/案例档案.md,须以原文、数据口径、发布时间和适用许可为准；媒体或行业资料不得替代核心A级证据。,https://www.reuters.com/world/europe/,https://www.reuters.com/world/europe,,案例库/地缘冲突与制裁篇/01_2022俄乌冲突-外储冻结/案例档案.md,案例库/地缘冲突与制裁篇/01_2022俄乌冲突-外储冻结/案例档案.md:87,,,,,,,,,,,,,source,METADATA_ONLY_LICENSE,,NOT_REQUESTED,,public GET; no authentication; archive user-agent,,2026-08-16,新闻/媒体版权，默认仅保存元数据,,metadata_only,,,,保留元数据和原链接，不抓取或再分发正文。
WEB-0380,web,Reuters，2024,www.rt.com,,08_企业案例与公开披露,D,核验企业海外收入、汇兑损益、冻结、退出和储备配置事实。,跨国公司黄金硬通货需求调研报告.md,须以原文、数据口径、发布时间和适用许可为准；媒体或行业资料不得替代核心A级证据。,https://www.rt.com/business/595044-firms-leaving-russia-losses/,https://www.rt.com/business/595044-firms-leaving-russia-losses,,跨国公司黄金硬通货需求调研报告.md,跨国公司黄金硬通货需求调研报告.md:72 | 跨国公司黄金硬通货需求调研报告.md:72,,,,,,,,,,,,,source,METADATA_ONLY_LICENSE,,NOT_REQUESTED,,public GET; no authentication; archive user-agent,,2026-08-16,许可未明确，默认仅保存元数据,,metadata_only,,,,保留元数据和原链接，不抓取或再分发正文。
WEB-0381,web,中国证券业协会，2025,www.sac.net.cn,,08_企业案例与公开披露,D,核验企业海外收入、汇兑损益、冻结、退出和储备配置事实。,企业资产配置调研报告.md,须以原文、数据口径、发布时间和适用许可为准；媒体或行业资料不得替代核心A级证据。,https://www.sac.net.cn/sjb/xxgk/hysj/jjsj/202512/t20251231_73981.html,https://www.sac.net.cn/sjb/xxgk/hysj/jjsj/202512/t20251231_73981.html,,企业资产配置调研报告.md,企业资产配置调研报告.md:65 | 企业资产配置调研报告.md:65,,,,.html,,,,,,,,,source,METADATA_ONLY_LICENSE,,NOT_REQUESTED,,public GET; no authentication; archive user-agent,,2026-08-16,许可未明确，默认仅保存元数据,,metadata_only,,,,保留元数据和原链接，不抓取或再分发正文。
WEB-0382,web,国家外汇管理局门户网站,www.safe.gov.cn,,05_全球周期与历史危机,A,识别全球经济周期、资产泡沫、信用危机、衰退与历史制度差异。,案例库/宏观危机篇/16_2022美联储激进加息周期/案例档案.md,须以原文、数据口径、发布时间和适用许可为准；媒体或行业资料不得替代核心A级证据。,https://www.safe.gov.cn/,https://www.safe.gov.cn/,https://www.safe.gov.cn/,案例库/宏观危机篇/16_2022美联储激进加息周期/案例档案.md,案例库/宏观危机篇/16_2022美联储激进加息周期/案例档案.md:99,,05_全球周期与历史危机/外部原件/WEB-0382_7._中国央行_2022_年_11_月重启购金（+32_吨）：国家外汇管理局_2022_年_12_月官方储备数据公报：_/original.html,text/html,.html,103172,4a5aef0be30586250901fbc607f3b460efc60afad10f855ff6512a8048a9caf8,,,,,,,source,DOWNLOADED_VERIFIED,200,GET,2026-08-15T19:31:15.720Z,public GET; no authentication; archive user-agent,"{""date"":""Sat, 15 Aug 2026 19:31:15 GMT"",""content_type"":""text/html"",""content_length"":"""",""last_modified"":""Fri, 14 Aug 2026 10:10:06 GMT"",""etag"":""W/\""6a7ee97e-19304\"""",""content_disposition"":"""",""cache_control"":""""}",2026-08-16,政府/国际组织公开资料，按原站署名与条款使用,,shared,,,,使用本地原件；引用时保留发布机构、原URL、访问日期和许可。
WEB-0383,web,7. 上海高级金融学院（转文汇报，2015）：港股及全球市场1987年10月跌幅数据。,www.saif.sjtu.edu.cn,,05_全球周期与历史危机,D,识别全球经济周期、资产泡沫、信用危机、衰退与历史制度差异。,案例库/宏观危机篇/06_1987黑色星期一/案例档案.md,须以原文、数据口径、发布时间和适用许可为准；媒体或行业资料不得替代核心A级证据。,https://www.saif.sjtu.edu.cn/show-66-2563.html,https://www.saif.sjtu.edu.cn/show-66-2563.html,,案例库/宏观危机篇/06_1987黑色星期一/案例档案.md,案例库/宏观危机篇/06_1987黑色星期一/案例档案.md:80,,,,.html,,,,,,,,,source,METADATA_ONLY_LICENSE,,NOT_REQUESTED,,public GET; no authentication; archive user-agent,,2026-08-16,许可未明确，默认仅保存元数据,,metadata_only,,,,保留元数据和原链接，不抓取或再分发正文。
WEB-0384,web,《清华大学学报》财务预警综述，2023,www.sciopen.com,,08_企业案例与公开披露,D,核验企业海外收入、汇兑损益、冻结、退出和储备配置事实。,企业资产配置调研报告.md,须以原文、数据口径、发布时间和适用许可为准；媒体或行业资料不得替代核心A级证据。,https://www.sciopen.com/local/article_pdf/10.16511/j.cnki.qhdxxb.2023.21.008.pdf,https://www.sciopen.com/local/article_pdf/10.16511/j.cnki.qhdxxb.2023.21.008.pdf,https://www.sciopen.com/local/article_pdf/10.16511/j.cnki.qhdxxb.2023.21.008.pdf,企业资产配置调研报告.md,企业资产配置调研报告.md:110 | 企业资产配置调研报告.md:110,,08_企业案例与公开披露/外部原件/WEB-0384_《清华大学学报》财务预警综述，2023/original.pdf,application/pdf,.pdf,2560588,d1b4781e4092191bcc280547b170915cde11c11ef51361d22f2687d055d23ec0,,,,,,,source,DOWNLOADED_VERIFIED,200,GET,2026-08-15T19:31:15.824Z,public GET; no authentication; archive user-agent,"{""date"":""Wed, 08 Jul 2026 06:16:58 GMT"",""content_type"":""application/pdf"",""content_length"":""2560588"",""last_modified"":""Thu, 18 Jul 2024 10:08:49 GMT"",""etag"":""\""016CCA1C83D2D124FAD82ED0538C433B\"""",""content_disposition"":"""",""cache_control"":""max-age=7776000""}",2026-08-16,公开可访问但再分发范围未完全确认，仅本机归档,,private_only,,,,使用本地原件；引用时保留发布机构、原URL、访问日期和许可。
WEB-0385,web,Form 10-K,U.S. SEC,,08_企业案例与公开披露,A,核验企业海外收入、汇兑损益、冻结、退出和储备配置事实。,案例库/宏观危机篇/08_2000互联网泡沫/案例档案.md,须以原文、数据口径、发布时间和适用许可为准；媒体或行业资料不得替代核心A级证据。,https://www.sec.gov/Archives/edgar/data/1164727/000119312506043441/d10k.htm,https://www.sec.gov/Archives/edgar/data/1164727/000119312506043441/d10k.htm,https://www.sec.gov/Archives/edgar/data/1164727/000119312506043441/d10k.htm,案例库/宏观危机篇/08_2000互联网泡沫/案例档案.md,案例库/宏观危机篇/08_2000互联网泡沫/案例档案.md:77,,08_企业案例与公开披露/外部原件/WEB-0385_2._Newmont_公司_10-K_年报（SEC，2006）——引_LBMA_伦敦下午定盘价年度高_低_均价（2000：279；2001：27/original.html,text/html,.html,3578296,3835a109b3417981117126d6f0e77e8d18038333822d77e4578d952969b9685b,,,,,,,source,DOWNLOADED_VERIFIED,200,GET,2026-08-15T19:31:15.963Z,public GET; no authentication; archive user-agent,"{""date"":""Sat, 15 Aug 2026 19:31:15 GMT"",""content_type"":""text/html"",""content_length"":"""",""last_modified"":""Sun, 24 Sep 2017 18:04:19 GMT"",""etag"":"""",""content_disposition"":"""",""cache_control"":""max-age=0, no-cache, no-store""}",2026-08-16,政府/国际组织公开资料，按原站署名与条款使用,,shared,,,,使用本地原件；引用时保留发布机构、原URL、访问日期和许可。
WEB-0386,web,FWP,U.S. SEC,,08_企业案例与公开披露,A,核验企业海外收入、汇兑损益、冻结、退出和储备配置事实。,案例库/宏观危机篇/09_2008全球金融危机/案例档案.md,须以原文、数据口径、发布时间和适用许可为准；媒体或行业资料不得替代核心A级证据。,https://www.sec.gov/Archives/edgar/data/1222333/000095012309004884/y01039ffwp.htm,https://www.sec.gov/Archives/edgar/data/1222333/000095012309004884/y01039ffwp.htm,https://www.sec.gov/Archives/edgar/data/1222333/000095012309004884/y01039ffwp.htm,案例库/宏观危机篇/09_2008全球金融危机/案例档案.md,案例库/宏观危机篇/09_2008全球金融危机/案例档案.md:45,,08_企业案例与公开披露/外部原件/WEB-0386_3._美国SEC备案文件（SPDR_Gold_Trust_FWP，载2008年3月17日金价1011美元纪录），2009年，/original.html,text/html,.html,33589,4c3d1375f18412a57a80e3541e2048e8bbc87ea3260d9d186123fbf2f5cae25a,,,,,,,source,DOWNLOADED_VERIFIED,200,GET,2026-08-15T19:31:16.614Z,public GET; no authentication; archive user-agent,"{""date"":""Sat, 15 Aug 2026 19:31:15 GMT"",""content_type"":""text/html"",""content_length"":""9971"",""last_modified"":""Tue, 26 Sep 2017 03:58:18 GMT"",""etag"":"""",""content_disposition"":"""",""cache_control"":""max-age=0, no-cache, no-store""}",2026-08-16,政府/国际组织公开资料，按原站署名与条款使用,,shared,,,,使用本地原件；引用时保留发布机构、原URL、访问日期和许可。
WEB-0387,web,Directory List of /Archives/edgar/data/1668717,U.S. SEC,,08_企业案例与公开披露,A,核验企业海外收入、汇兑损益、冻结、退出和储备配置事实。,案例库/货币崩溃篇/09_2023-2024阿根廷比索危机/案例档案.md,须以原文、数据口径、发布时间和适用许可为准；媒体或行业资料不得替代核心A级证据。,https://www.sec.gov/Archives/edgar/data/1668717/,https://www.sec.gov/Archives/edgar/data/1668717,https://www.sec.gov/Archives/edgar/data/1668717,案例库/货币崩溃篇/09_2023-2024阿根廷比索危机/案例档案.md,案例库/货币崩溃篇/09_2023-2024阿根廷比索危机/案例档案.md:95,,08_企业案例与公开披露/外部原件/WEB-0387_3._AB_InBev_2023_年报（阿根廷贬值_+_IAS_29_冲击_3.03_亿美元）：SEC_EDGAR：_/original.html,text/html; charset=UTF-8,.html,82525,bc5418052ecfb0cda523a7d52fe1bd50d1672d6db5dc2a1db356811fabf2d08d,,,,,,,source,DOWNLOADED_VERIFIED,200,GET,2026-08-15T19:31:16.615Z,public GET; no authentication; archive user-agent,"{""date"":""Sat, 15 Aug 2026 19:31:16 GMT"",""content_type"":""text/html; charset=UTF-8"",""content_length"":""9862"",""last_modified"":"""",""etag"":"""",""content_disposition"":"""",""cache_control"":""max-age=0, no-cache, no-store""}",2026-08-16,政府/国际组织公开资料，按原站署名与条款使用,,shared,,,,使用本地原件；引用时保留发布机构、原URL、访问日期和许可。
WEB-0388,web,Directory List of /Archives/edgar/data/1668717/000119312524052002,U.S. SEC,,08_企业案例与公开披露,A,核验企业海外收入、汇兑损益、冻结、退出和储备配置事实。,案例库/微观企业篇/03_ABInBev阿根廷/案例档案.md,须以原文、数据口径、发布时间和适用许可为准；媒体或行业资料不得替代核心A级证据。,https://www.sec.gov/Archives/edgar/data/1668717/000119312524052002/,https://www.sec.gov/Archives/edgar/data/1668717/000119312524052002,https://www.sec.gov/Archives/edgar/data/1668717/000119312524052002,案例库/微观企业篇/03_ABInBev阿根廷/案例档案.md,案例库/微观企业篇/03_ABInBev阿根廷/案例档案.md:73,,08_企业案例与公开披露/外部原件/WEB-0388_1._AB_InBev_2023_年报（20-F，IAS_29_重述与贬值负面影响_3.03_亿美元）：SEC_EDGAR：_/original.html,text/html; charset=UTF-8,.html,65607,7ece4a722bed4c9533e844d743948f2cd479f81960233a408cb6ed1ebe430ebc,,,,,,,source,DOWNLOADED_VERIFIED,200,GET,2026-08-15T19:31:17.265Z,public GET; no authentication; archive user-agent,"{""date"":""Sat, 15 Aug 2026 19:31:16 GMT"",""content_type"":""text/html; charset=UTF-8"",""content_length"":""6602"",""last_modified"":"""",""etag"":"""",""content_disposition"":"""",""cache_control"":""max-age=0, no-cache, no-store""}",2026-08-16,政府/国际组织公开资料，按原站署名与条款使用,,shared,,,,使用本地原件；引用时保留发布机构、原URL、访问日期和许可。
WEB-0389,web,EX-99.1,U.S. SEC,,08_企业案例与公开披露,A,核验企业海外收入、汇兑损益、冻结、退出和储备配置事实。,跨国公司黄金硬通货需求调研报告.md,须以原文、数据口径、发布时间和适用许可为准；媒体或行业资料不得替代核心A级证据。,https://www.sec.gov/Archives/edgar/data/1668717/000119312524052002/d788729dex991.htm,https://www.sec.gov/Archives/edgar/data/1668717/000119312524052002/d788729dex991.htm,https://www.sec.gov/Archives/edgar/data/1668717/000119312524052002/d788729dex991.htm,跨国公司黄金硬通货需求调研报告.md,跨国公司黄金硬通货需求调研报告.md:58 | 跨国公司黄金硬通货需求调研报告.md:58,,08_企业案例与公开披露/外部原件/WEB-0389_AB_InBev_FY2023，SEC/original.html,text/html,.html,867071,d3d7a5654468c7ec4f5478e0be43d5bdf9b32fcac4f058bb2060d3b44396f5ad,,,,,,,source,DOWNLOADED_VERIFIED,200,GET,2026-08-15T19:31:17.267Z,public GET; no authentication; archive user-agent,"{""date"":""Sat, 15 Aug 2026 19:31:16 GMT"",""content_type"":""text/html"",""content_length"":"""",""last_modified"":""Thu, 29 Feb 2024 13:59:43 GMT"",""etag"":"""",""content_disposition"":"""",""cache_control"":""max-age=0, no-cache, no-store""}",2026-08-16,政府/国际组织公开资料，按原站署名与条款使用,,shared,,,,使用本地原件；引用时保留发布机构、原URL、访问日期和许可。
WEB-0390,web,Barrick 2009 年报，SEC,U.S. SEC,,08_企业案例与公开披露,A,核验企业海外收入、汇兑损益、冻结、退出和储备配置事实。,跨国公司黄金硬通货需求调研报告.md,须以原文、数据口径、发布时间和适用许可为准；媒体或行业资料不得替代核心A级证据。,https://www.sec.gov/Archives/edgar/data/756894/000110465910017012/a10-4461_1ex99d1.htm,https://www.sec.gov/Archives/edgar/data/756894/000110465910017012/a10-4461_1ex99d1.htm,https://www.sec.gov/Archives/edgar/data/756894/000110465910017012/a10-4461_1ex99d1.htm,跨国公司黄金硬通货需求调研报告.md,跨国公司黄金硬通货需求调研报告.md:44 | 跨国公司黄金硬通货需求调研报告.md:44,,08_企业案例与公开披露/外部原件/WEB-0390_Barrick_2009_年报，SEC/original.html,text/html,.html,2528778,e7783516ace167cb0f418d36499eba0b12210cbb6d4016617874ff7217b8b71d,,,,,,,source,DOWNLOADED_VERIFIED,200,GET,2026-08-15T19:31:17.269Z,public GET; no authentication; archive user-agent,"{""date"":""Sat, 15 Aug 2026 19:31:16 GMT"",""content_type"":""text/html"",""content_length"":"""",""last_modified"":""Thu, 19 Oct 2017 16:27:11 GMT"",""etag"":"""",""content_disposition"":"""",""cache_control"":""max-age=0, no-cache, no-store""}",2026-08-16,政府/国际组织公开资料，按原站署名与条款使用,,shared,,,,使用本地原件；引用时保留发布机构、原URL、访问日期和许可。
WEB-0391,web,EDGAR Entity Landing Page,U.S. SEC,,08_企业案例与公开披露,A,核验企业海外收入、汇兑损益、冻结、退出和储备配置事实。,案例库/微观企业篇/08_Palantir黑天鹅黄金/案例档案.md,须以原文、数据口径、发布时间和适用许可为准；媒体或行业资料不得替代核心A级证据。,https://www.sec.gov/edgar/browse/?CIK=0001321655,https://www.sec.gov/edgar/browse/?CIK=0001321655,https://www.sec.gov/edgar/browse/?CIK=0001321655,案例库/微观企业篇/08_Palantir黑天鹅黄金/案例档案.md,案例库/微观企业篇/08_Palantir黑天鹅黄金/案例档案.md:77,,08_企业案例与公开披露/外部原件/WEB-0391_4._Palantir_10-Q_10-K（SEC_EDGAR）：_/original.html,text/html,.html,38617,f264b1979834c89ef8533e8b2772e44edffb5957e65b0a373819b48e0301717a,,,,,,,source,DOWNLOADED_VERIFIED,200,GET,2026-08-15T19:31:17.266Z,public GET; no authentication; archive user-agent,"{""date"":""Sat, 15 Aug 2026 19:31:16 GMT"",""content_type"":""text/html"",""content_length"":""6924"",""last_modified"":"""",""etag"":"""",""content_disposition"":"""",""cache_control"":""max-age=0, no-cache, no-store""}",2026-08-16,政府/国际组织公开资料，按原站署名与条款使用,,shared,,,,使用本地原件；引用时保留发布机构、原URL、访问日期和许可。
WEB-0392,web,5. 2025 年人民币金价上涨（约 +20%+）：上海黄金交易所（SGE）Au99.99 行情,上海黄金交易所,,07_会计合规与制裁,B,限定会计分类、托管、制裁、外汇管制和合法可用性边界。,案例库/微观企业篇/05_华为/案例档案.md；案例库/微观企业篇/10_中国黄金会计错配_反面/案例档案.md；计划书/04_亚非拉国别风险与多币种储备智能决策平台总计划书.pdf；计划书/04_亚非拉国别风险与多币种储备智能决策平台总计划书.tex；计划书/05_全球经济周期与亚非拉国别风险多币种储备智能决策平台总计划书.pdf；计划书/05_全球经济周期与亚非拉国别风险多币种储备智能决策平台总计划书.tex,须以原文、数据口径、发布时间和适用许可为准；媒体或行业资料不得替代核心A级证据。,https://www.sge.com.cn/,https://www.sge.com.cn/,https://www.sge.com.cn/,案例库/微观企业篇/05_华为/案例档案.md | 案例库/微观企业篇/10_中国黄金会计错配_反面/案例档案.md | 计划书/04_亚非拉国别风险与多币种储备智能决策平台总计划书.pdf | 计划书/04_亚非拉国别风险与多币种储备智能决策平台总计划书.tex | 计划书/05_全球经济周期与亚非拉国别风险多币种储备智能决策平台总计划书.pdf | 计划书/05_全球经济周期与亚非拉国别风险多币种储备智能决策平台总计划书.tex,案例库/微观企业篇/05_华为/案例档案.md:77 | 案例库/微观企业篇/10_中国黄金会计错配_反面/案例档案.md:78 | 计划书/04_亚非拉国别风险与多币种储备智能决策平台总计划书.pdf:4372 | 计划书/04_亚非拉国别风险与多币种储备智能决策平台总计划书.pdf:annotation-33 | 计划书/04_亚非拉国别风险与多币种储备智能决策平台总计划书.pdf:annotation-34 | 计划书/04_亚非拉国别风险与多币种储备智能决策平台总计划书.tex:2084 | 计划书/05_全球经济周期与亚非拉国别风险多币种储备智能决策平台总计划书.pdf:5428 | 计划书/05_全球经济周期与亚非拉国别风险多币种储备智能决策平台总计划书.pdf:annotation-33 | 计划书/05_全球经济周期与亚非拉国别风险多币种储备智能决策平台总计划书.pdf:annotation-34 | 计划书/05_全球经济周期与亚非拉国别风险多币种储备智能决策平台总计划书.tex:2441,,06_黄金美元与储备配置/外部原件/WEB-0013__a_href=_/original.html,text/html;charset=UTF-8,.html,72250,14f112f8f20d7815cf5f4fb854a3cb4a7ffe2cbde00504fc7efafafa31ba9d8b,,,,,,,source,DUPLICATE_CONTENT,200,GET,2026-08-15T19:31:17.372Z,public GET; no authentication; archive user-agent,"{""date"":""Sat, 15 Aug 2026 19:31:16 GMT"",""content_type"":""text/html;charset=UTF-8"",""content_length"":"""",""last_modified"":"""",""etag"":"""",""content_disposition"":"""",""cache_control"":""""}",2026-08-16,政府/国际组织公开资料，按原站署名与条款使用,,shared,WEB-0013,,,
WEB-0393,web,现货实盘合约_详情-上海黄金交易所,上海黄金交易所,,08_企业案例与公开披露,B,核验企业海外收入、汇兑损益、冻结、退出和储备配置事实。,企业资产配置调研报告.md,须以原文、数据口径、发布时间和适用许可为准；媒体或行业资料不得替代核心A级证据。,https://www.sge.com.cn/cpfw/Product_service_details?pro_id=793736488955461632&parent_cplx=0&cplx=7,https://www.sge.com.cn/cpfw/Product_service_details?pro_id=793736488955461632&parent_cplx=0&cplx=7,https://www.sge.com.cn/cpfw/Product_service_details?pro_id=793736488955461632&parent_cplx=0&cplx=7,企业资产配置调研报告.md,企业资产配置调研报告.md:130 | 企业资产配置调研报告.md:130,,08_企业案例与公开披露/外部原件/WEB-0393_SGE_官网/original.html,text/html;charset=UTF-8,.html,55311,2ac5a10dc8035efac669e9fa1766472cf3b7ee25c5bd9d02bf717b98eab3b28b,,,,,,,source,DOWNLOADED_VERIFIED,200,GET,2026-08-15T19:31:18.023Z,public GET; no authentication; archive user-agent,"{""date"":""Sat, 15 Aug 2026 19:31:17 GMT"",""content_type"":""text/html;charset=UTF-8"",""content_length"":"""",""last_modified"":"""",""etag"":"""",""content_disposition"":"""",""cache_control"":""""}",2026-08-16,政府/国际组织公开资料，按原站署名与条款使用,,shared,,,,使用本地原件；引用时保留发布机构、原URL、访问日期和许可。
WEB-0394,web,每日行情-上海黄金交易所,上海黄金交易所,,06_黄金美元与储备配置,B,比较美元、短债、黄金、人民币资产与套保工具的周期性作用。,最终数据/最终数据/research/media_sentiment_gold_paper/README_论文学习与数据说明.md,须以原文、数据口径、发布时间和适用许可为准；媒体或行业资料不得替代核心A级证据。,https://www.sge.com.cn/sjzx/mrhqsj,https://www.sge.com.cn/sjzx/mrhqsj,https://www.sge.com.cn/sjzx/mrhqsj,最终数据/最终数据/research/media_sentiment_gold_paper/README_论文学习与数据说明.md,最终数据/最终数据/research/media_sentiment_gold_paper/README_论文学习与数据说明.md:113,,06_黄金美元与储备配置/外部原件/WEB-0394_-_SGE_更早历史数据：/original.html,text/html;charset=UTF-8,.html,51845,3eb2363b1b91e1507b39e224165a0e7c27a7bd0ce5b20496789fe97ffe5dbcab,,,,,,,source,DOWNLOADED_VERIFIED,200,GET,2026-08-15T19:31:18.022Z,public GET; no authentication; archive user-agent,"{""date"":""Sat, 15 Aug 2026 19:31:17 GMT"",""content_type"":""text/html;charset=UTF-8"",""content_length"":"""",""last_modified"":"""",""etag"":"""",""content_disposition"":"""",""cache_control"":""""}",2026-08-16,政府/国际组织公开资料，按原站署名与条款使用,,shared,,,,使用本地原件；引用时保留发布机构、原URL、访问日期和许可。
WEB-0395,web,每日行情,上海黄金交易所,,06_黄金美元与储备配置,B,比较美元、短债、黄金、人民币资产与套保工具的周期性作用。,最终数据/最终数据/outputs/019f56e7-91fe-7a43-b1d0-ae50e45c9d0c/黄金价格传导链因素与时序数据_20260724.xlsx；最终数据/最终数据/outputs/019f56e7-91fe-7a43-b1d0-ae50e45c9d0c/黄金价格传导链因素与时序数据_20260724.xlsx.inspect.ndjson；最终数据/最终数据/outputs/019f56e7-91fe-7a43-b1d0-ae50e45c9d0c/金银价格波动影响因素与时序数据_20260726.xlsx；最终数据/最终数据/outputs/019f56e7-91fe-7a43-b1d0-ae50e45c9d0c/金银价格波动影响因素与时序数据_20260726.xlsx.inspect.ndjson；最终数据/最终数据/outputs/019f56e7-91fe-7a43-b1d0-ae50e45c9d0c/金银价格波动影响因素与时序数据_中文字段版_20260726.xlsx；最终数据/最终数据/outputs/019f56e7-91fe-7a43-b1d0-ae50e45c9d0c/金银价格波动影响因素与时序数据_中文字段版_20260726.xlsx.inspect.ndjson；最终数据/最终数据/outputs/019f56e7-91fe-7a43-b1d0-ae50e45c9d0c/金银价格预测_官方数据与因素台账_20260713.xlsx；最终数据/最终数据/outputs/019f56e7-91fe-7a43-b1d0-ae50e45c9d0c/金银价格预测_官方数据与因素台账_20260713.xlsx.inspect.ndjson,须以原文、数据口径、发布时间和适用许可为准；媒体或行业资料不得替代核心A级证据。,https://www.sge.com.cn/sjzx/quotation_daily_new,https://www.sge.com.cn/sjzx/quotation_daily_new,https://www.sge.com.cn/sjzx/quotation_daily_new,最终数据/最终数据/outputs/019f56e7-91fe-7a43-b1d0-ae50e45c9d0c/黄金价格传导链因素与时序数据_20260724.xlsx | 最终数据/最终数据/outputs/019f56e7-91fe-7a43-b1d0-ae50e45c9d0c/黄金价格传导链因素与时序数据_20260724.xlsx.inspect.ndjson | 最终数据/最终数据/outputs/019f56e7-91fe-7a43-b1d0-ae50e45c9d0c/金银价格波动影响因素与时序数据_20260726.xlsx | 最终数据/最终数据/outputs/019f56e7-91fe-7a43-b1d0-ae50e45c9d0c/金银价格波动影响因素与时序数据_20260726.xlsx.inspect.ndjson | 最终数据/最终数据/outputs/019f56e7-91fe-7a43-b1d0-ae50e45c9d0c/金银价格波动影响因素与时序数据_中文字段版_20260726.xlsx | 最终数据/最终数据/outputs/019f56e7-91fe-7a43-b1d0-ae50e45c9d0c/金银价格波动影响因素与时序数据_中文字段版_20260726.xlsx.inspect.ndjson | 最终数据/最终数据/outputs/019f56e7-91fe-7a43-b1d0-ae50e45c9d0c/金银价格预测_官方数据与因素台账_20260713.xlsx | 最终数据/最终数据/outputs/019f56e7-91fe-7a43-b1d0-ae50e45c9d0c/金银价格预测_官方数据与因素台账_20260713.xlsx.inspect.ndjson | 最终数据/最终数据/research/media_sentiment_gold_paper/metadata/dataset_manifest.csv | 最终数据/最终数据/research/media_sentiment_gold_paper/outputs/019f56e7-91fe-7a43-b1d0-ae50e45c9d0c/论文数据来源与复现清单.xlsx | 最终数据/最终数据/research/media_sentiment_gold_paper/outputs/019f56e7-91fe-7a43-b1d0-ae50e45c9d0c/论文数据来源与复现清单.xlsx.inspect.ndjson | 最终数据/最终数据/research/media_sentiment_gold_paper/outputs/019f56e7-91fe-7a43-b1d0-ae50e45c9d0c/workbook_inspect.ndjson | 最终数据/最终数据/research/media_sentiment_gold_paper/README_论文学习与数据说明.md | 最终数据/最终数据/research/media_sentiment_gold_paper/scripts/build_reproducibility_package.mjs,最终数据/最终数据/outputs/019f56e7-91fe-7a43-b1d0-ae50e45c9d0c/黄金价格传导链因素与时序数据_20260724.xlsx:xl/worksheets/sheet11.xml | 最终数据/最终数据/outputs/019f56e7-91fe-7a43-b1d0-ae50e45c9d0c/黄金价格传导链因素与时序数据_20260724.xlsx.inspect.ndjson:80405 | 最终数据/最终数据/outputs/019f56e7-91fe-7a43-b1d0-ae50e45c9d0c/金银价格波动影响因素与时序数据_20260726.xlsx:xl/worksheets/sheet12.xml | 最终数据/最终数据/outputs/019f56e7-91fe-7a43-b1d0-ae50e45c9d0c/金银价格波动影响因素与时序数据_20260726.xlsx.inspect.ndjson:91397 | 最终数据/最终数据/outputs/019f56e7-91fe-7a43-b1d0-ae50e45c9d0c/金银价格波动影响因素与时序数据_中文字段版_20260726.xlsx:xl/worksheets/sheet13.xml | 最终数据/最终数据/outputs/019f56e7-91fe-7a43-b1d0-ae50e45c9d0c/金银价格波动影响因素与时序数据_中文字段版_20260726.xlsx.inspect.ndjson:91689 | 最终数据/最终数据/outputs/019f56e7-91fe-7a43-b1d0-ae50e45c9d0c/金银价格预测_官方数据与因素台账_20260713.xlsx:xl/worksheets/sheet2.xml | 最终数据/最终数据/outputs/019f56e7-91fe-7a43-b1d0-ae50e45c9d0c/金银价格预测_官方数据与因素台账_20260713.xlsx.inspect.ndjson:649 | 最终数据/最终数据/research/media_sentiment_gold_paper/metadata/dataset_manifest.csv:7 | 最终数据/最终数据/research/media_sentiment_gold_paper/outputs/019f56e7-91fe-7a43-b1d0-ae50e45c9d0c/论文数据来源与复现清单.xlsx:xl/worksheets/sheet2.xml | 最终数据/最终数据/research/media_sentiment_gold_paper/outputs/019f56e7-91fe-7a43-b1d0-ae50e45c9d0c/论文数据来源与复现清单.xlsx.inspect.ndjson:79 | 最终数据/最终数据/research/media_sentiment_gold_paper/outputs/019f56e7-91fe-7a43-b1d0-ae50e45c9d0c/workbook_inspect.ndjson:5 | 最终数据/最终数据/research/media_sentiment_gold_paper/README_论文学习与数据说明.md:112 | 最终数据/最终数据/research/media_sentiment_gold_paper/scripts/build_reproducibility_package.mjs:98,,06_黄金美元与储备配置/外部原件/WEB-0395_XLSX_entry_xl_worksheets_sheet11.xml/original.html,text/html;charset=UTF-8,.html,43210,13b83fcc2db9b5c383f53a51455aa74fc062ea8e2b1c8b600be96316a76c0667,,,,,,,source,DOWNLOADED_VERIFIED,200,GET,2026-08-15T19:31:18.024Z,public GET; no authentication; archive user-agent,"{""date"":""Sat, 15 Aug 2026 19:31:17 GMT"",""content_type"":""text/html;charset=UTF-8"",""content_length"":"""",""last_modified"":"""",""etag"":"""",""content_disposition"":"""",""cache_control"":""""}",2026-08-16,政府/国际组织公开资料，按原站署名与条款使用,,shared,,,,使用本地原件；引用时保留发布机构、原URL、访问日期和许可。
WEB-0396,web,每日行情,上海黄金交易所,,06_黄金美元与储备配置,B,比较美元、短债、黄金、人民币资产与套保工具的周期性作用。,最终数据/最终数据/outputs/019f56e7-91fe-7a43-b1d0-ae50e45c9d0c/黄金价格传导链因素与时序数据_20260724.xlsx；最终数据/最终数据/outputs/019f56e7-91fe-7a43-b1d0-ae50e45c9d0c/黄金价格传导链因素与时序数据_20260724.xlsx.inspect.ndjson；最终数据/最终数据/outputs/019f56e7-91fe-7a43-b1d0-ae50e45c9d0c/金银价格波动影响因素与时序数据_20260726.xlsx；最终数据/最终数据/outputs/019f56e7-91fe-7a43-b1d0-ae50e45c9d0c/金银价格波动影响因素与时序数据_20260726.xlsx.inspect.ndjson；最终数据/最终数据/outputs/019f56e7-91fe-7a43-b1d0-ae50e45c9d0c/金银价格波动影响因素与时序数据_中文字段版_20260726.xlsx；最终数据/最终数据/outputs/019f56e7-91fe-7a43-b1d0-ae50e45c9d0c/金银价格波动影响因素与时序数据_中文字段版_20260726.xlsx.inspect.ndjson,须以原文、数据口径、发布时间和适用许可为准；媒体或行业资料不得替代核心A级证据。,https://www.sge.com.cn/sjzx/quotation_daily_new?start_date=2024-01-01&end_date=2024-01-31&inst_ids=Ag%28T%2BD%29&p=,https://www.sge.com.cn/sjzx/quotation_daily_new?start_date=2024-01-01&end_date=2024-01-31&inst_ids=Ag%28T%2BD%29&p=,https://www.sge.com.cn/sjzx/quotation_daily_new?start_date=2024-01-01&end_date=2024-01-31&inst_ids=Ag%28T%2BD%29&p=,最终数据/最终数据/outputs/019f56e7-91fe-7a43-b1d0-ae50e45c9d0c/黄金价格传导链因素与时序数据_20260724.xlsx | 最终数据/最终数据/outputs/019f56e7-91fe-7a43-b1d0-ae50e45c9d0c/黄金价格传导链因素与时序数据_20260724.xlsx.inspect.ndjson | 最终数据/最终数据/outputs/019f56e7-91fe-7a43-b1d0-ae50e45c9d0c/金银价格波动影响因素与时序数据_20260726.xlsx | 最终数据/最终数据/outputs/019f56e7-91fe-7a43-b1d0-ae50e45c9d0c/金银价格波动影响因素与时序数据_20260726.xlsx.inspect.ndjson | 最终数据/最终数据/outputs/019f56e7-91fe-7a43-b1d0-ae50e45c9d0c/金银价格波动影响因素与时序数据_中文字段版_20260726.xlsx | 最终数据/最终数据/outputs/019f56e7-91fe-7a43-b1d0-ae50e45c9d0c/金银价格波动影响因素与时序数据_中文字段版_20260726.xlsx.inspect.ndjson,最终数据/最终数据/outputs/019f56e7-91fe-7a43-b1d0-ae50e45c9d0c/黄金价格传导链因素与时序数据_20260724.xlsx:xl/worksheets/sheet6.xml | 最终数据/最终数据/outputs/019f56e7-91fe-7a43-b1d0-ae50e45c9d0c/黄金价格传导链因素与时序数据_20260724.xlsx.inspect.ndjson:20945 | 最终数据/最终数据/outputs/019f56e7-91fe-7a43-b1d0-ae50e45c9d0c/金银价格波动影响因素与时序数据_20260726.xlsx:xl/worksheets/sheet6.xml | 最终数据/最终数据/outputs/019f56e7-91fe-7a43-b1d0-ae50e45c9d0c/金银价格波动影响因素与时序数据_20260726.xlsx.inspect.ndjson:31180 | 最终数据/最终数据/outputs/019f56e7-91fe-7a43-b1d0-ae50e45c9d0c/金银价格波动影响因素与时序数据_中文字段版_20260726.xlsx:xl/worksheets/sheet7.xml | 最终数据/最终数据/outputs/019f56e7-91fe-7a43-b1d0-ae50e45c9d0c/金银价格波动影响因素与时序数据_中文字段版_20260726.xlsx.inspect.ndjson:31472,,06_黄金美元与储备配置/外部原件/WEB-0396_XLSX_entry_xl_worksheets_sheet6.xml/original.html,text/html;charset=UTF-8,.html,93854,906340bb55b8c406153b16b5d3d7ab557156d3c24d983ee9422ba9772cb5ac81,,,,,,,source,DOWNLOADED_VERIFIED,200,GET,2026-08-15T19:31:18.025Z,public GET; no authentication; archive user-agent,"{""date"":""Sat, 15 Aug 2026 19:31:17 GMT"",""content_type"":""text/html;charset=UTF-8"",""content_length"":"""",""last_modified"":"""",""etag"":"""",""content_disposition"":"""",""cache_control"":""""}",2026-08-16,政府/国际组织公开资料，按原站署名与条款使用,,shared,,,,使用本地原件；引用时保留发布机构、原URL、访问日期和许可。
WEB-0397,web,每日行情,上海黄金交易所,,06_黄金美元与储备配置,B,比较美元、短债、黄金、人民币资产与套保工具的周期性作用。,最终数据/最终数据/outputs/019f56e7-91fe-7a43-b1d0-ae50e45c9d0c/黄金价格传导链因素与时序数据_20260724.xlsx；最终数据/最终数据/outputs/019f56e7-91fe-7a43-b1d0-ae50e45c9d0c/黄金价格传导链因素与时序数据_20260724.xlsx.inspect.ndjson；最终数据/最终数据/outputs/019f56e7-91fe-7a43-b1d0-ae50e45c9d0c/金银价格波动影响因素与时序数据_20260726.xlsx；最终数据/最终数据/outputs/019f56e7-91fe-7a43-b1d0-ae50e45c9d0c/金银价格波动影响因素与时序数据_20260726.xlsx.inspect.ndjson；最终数据/最终数据/outputs/019f56e7-91fe-7a43-b1d0-ae50e45c9d0c/金银价格波动影响因素与时序数据_中文字段版_20260726.xlsx；最终数据/最终数据/outputs/019f56e7-91fe-7a43-b1d0-ae50e45c9d0c/金银价格波动影响因素与时序数据_中文字段版_20260726.xlsx.inspect.ndjson,须以原文、数据口径、发布时间和适用许可为准；媒体或行业资料不得替代核心A级证据。,https://www.sge.com.cn/sjzx/quotation_daily_new?start_date=2024-01-01&end_date=2024-01-31&inst_ids=Au99.99&p=,https://www.sge.com.cn/sjzx/quotation_daily_new?start_date=2024-01-01&end_date=2024-01-31&inst_ids=Au99.99&p=,https://www.sge.com.cn/sjzx/quotation_daily_new?start_date=2024-01-01&end_date=2024-01-31&inst_ids=Au99.99&p=,最终数据/最终数据/outputs/019f56e7-91fe-7a43-b1d0-ae50e45c9d0c/黄金价格传导链因素与时序数据_20260724.xlsx | 最终数据/最终数据/outputs/019f56e7-91fe-7a43-b1d0-ae50e45c9d0c/黄金价格传导链因素与时序数据_20260724.xlsx.inspect.ndjson | 最终数据/最终数据/outputs/019f56e7-91fe-7a43-b1d0-ae50e45c9d0c/金银价格波动影响因素与时序数据_20260726.xlsx | 最终数据/最终数据/outputs/019f56e7-91fe-7a43-b1d0-ae50e45c9d0c/金银价格波动影响因素与时序数据_20260726.xlsx.inspect.ndjson | 最终数据/最终数据/outputs/019f56e7-91fe-7a43-b1d0-ae50e45c9d0c/金银价格波动影响因素与时序数据_中文字段版_20260726.xlsx | 最终数据/最终数据/outputs/019f56e7-91fe-7a43-b1d0-ae50e45c9d0c/金银价格波动影响因素与时序数据_中文字段版_20260726.xlsx.inspect.ndjson,最终数据/最终数据/outputs/019f56e7-91fe-7a43-b1d0-ae50e45c9d0c/黄金价格传导链因素与时序数据_20260724.xlsx:xl/worksheets/sheet6.xml | 最终数据/最终数据/outputs/019f56e7-91fe-7a43-b1d0-ae50e45c9d0c/黄金价格传导链因素与时序数据_20260724.xlsx.inspect.ndjson:20945 | 最终数据/最终数据/outputs/019f56e7-91fe-7a43-b1d0-ae50e45c9d0c/金银价格波动影响因素与时序数据_20260726.xlsx:xl/worksheets/sheet6.xml | 最终数据/最终数据/outputs/019f56e7-91fe-7a43-b1d0-ae50e45c9d0c/金银价格波动影响因素与时序数据_20260726.xlsx.inspect.ndjson:31180 | 最终数据/最终数据/outputs/019f56e7-91fe-7a43-b1d0-ae50e45c9d0c/金银价格波动影响因素与时序数据_中文字段版_20260726.xlsx:xl/worksheets/sheet7.xml | 最终数据/最终数据/outputs/019f56e7-91fe-7a43-b1d0-ae50e45c9d0c/金银价格波动影响因素与时序数据_中文字段版_20260726.xlsx.inspect.ndjson:31472,,06_黄金美元与储备配置/外部原件/WEB-0397_XLSX_entry_xl_worksheets_sheet6.xml/original.html,text/html;charset=UTF-8,.html,93346,9325a1236d74c5e4b64a3fe4da96b7c362d03334abb8ea7c0baf78913cef217e,,,,,,,source,DOWNLOADED_VERIFIED,200,GET,2026-08-15T19:31:18.686Z,public GET; no authentication; archive user-agent,"{""date"":""Sat, 15 Aug 2026 19:31:17 GMT"",""content_type"":""text/html;charset=UTF-8"",""content_length"":"""",""last_modified"":"""",""etag"":"""",""content_disposition"":"""",""cache_control"":""""}",2026-08-16,政府/国际组织公开资料，按原站署名与条款使用,,shared,,,,使用本地原件；引用时保留发布机构、原URL、访问日期和许可。
WEB-0398,web,每日行情,上海黄金交易所,,06_黄金美元与储备配置,B,比较美元、短债、黄金、人民币资产与套保工具的周期性作用。,最终数据/最终数据/outputs/019f56e7-91fe-7a43-b1d0-ae50e45c9d0c/黄金价格传导链因素与时序数据_20260724.xlsx；最终数据/最终数据/outputs/019f56e7-91fe-7a43-b1d0-ae50e45c9d0c/黄金价格传导链因素与时序数据_20260724.xlsx.inspect.ndjson；最终数据/最终数据/outputs/019f56e7-91fe-7a43-b1d0-ae50e45c9d0c/金银价格波动影响因素与时序数据_20260726.xlsx；最终数据/最终数据/outputs/019f56e7-91fe-7a43-b1d0-ae50e45c9d0c/金银价格波动影响因素与时序数据_20260726.xlsx.inspect.ndjson；最终数据/最终数据/outputs/019f56e7-91fe-7a43-b1d0-ae50e45c9d0c/金银价格波动影响因素与时序数据_中文字段版_20260726.xlsx；最终数据/最终数据/outputs/019f56e7-91fe-7a43-b1d0-ae50e45c9d0c/金银价格波动影响因素与时序数据_中文字段版_20260726.xlsx.inspect.ndjson,须以原文、数据口径、发布时间和适用许可为准；媒体或行业资料不得替代核心A级证据。,https://www.sge.com.cn/sjzx/quotation_daily_new?start_date=2024-02-01&end_date=2024-02-29&inst_ids=Ag%28T%2BD%29&p=,https://www.sge.com.cn/sjzx/quotation_daily_new?start_date=2024-02-01&end_date=2024-02-29&inst_ids=Ag%28T%2BD%29&p=,https://www.sge.com.cn/sjzx/quotation_daily_new?start_date=2024-02-01&end_date=2024-02-29&inst_ids=Ag%28T%2BD%29&p=,最终数据/最终数据/outputs/019f56e7-91fe-7a43-b1d0-ae50e45c9d0c/黄金价格传导链因素与时序数据_20260724.xlsx | 最终数据/最终数据/outputs/019f56e7-91fe-7a43-b1d0-ae50e45c9d0c/黄金价格传导链因素与时序数据_20260724.xlsx.inspect.ndjson | 最终数据/最终数据/outputs/019f56e7-91fe-7a43-b1d0-ae50e45c9d0c/金银价格波动影响因素与时序数据_20260726.xlsx | 最终数据/最终数据/outputs/019f56e7-91fe-7a43-b1d0-ae50e45c9d0c/金银价格波动影响因素与时序数据_20260726.xlsx.inspect.ndjson | 最终数据/最终数据/outputs/019f56e7-91fe-7a43-b1d0-ae50e45c9d0c/金银价格波动影响因素与时序数据_中文字段版_20260726.xlsx | 最终数据/最终数据/outputs/019f56e7-91fe-7a43-b1d0-ae50e45c9d0c/金银价格波动影响因素与时序数据_中文字段版_20260726.xlsx.inspect.ndjson,最终数据/最终数据/outputs/019f56e7-91fe-7a43-b1d0-ae50e45c9d0c/黄金价格传导链因素与时序数据_20260724.xlsx:xl/worksheets/sheet6.xml | 最终数据/最终数据/outputs/019f56e7-91fe-7a43-b1d0-ae50e45c9d0c/黄金价格传导链因素与时序数据_20260724.xlsx.inspect.ndjson:20945 | 最终数据/最终数据/outputs/019f56e7-91fe-7a43-b1d0-ae50e45c9d0c/金银价格波动影响因素与时序数据_20260726.xlsx:xl/worksheets/sheet6.xml | 最终数据/最终数据/outputs/019f56e7-91fe-7a43-b1d0-ae50e45c9d0c/金银价格波动影响因素与时序数据_20260726.xlsx.inspect.ndjson:31180 | 最终数据/最终数据/outputs/019f56e7-91fe-7a43-b1d0-ae50e45c9d0c/金银价格波动影响因素与时序数据_中文字段版_20260726.xlsx:xl/worksheets/sheet7.xml | 最终数据/最终数据/outputs/019f56e7-91fe-7a43-b1d0-ae50e45c9d0c/金银价格波动影响因素与时序数据_中文字段版_20260726.xlsx.inspect.ndjson:31472,,06_黄金美元与储备配置/外部原件/WEB-0398_XLSX_entry_xl_worksheets_sheet6.xml/original.html,text/html;charset=UTF-8,.html,89606,f3cc3833586ff20dae5f74e5de96cb8bb79fc74460c8762c77340bb543782375,,,,,,,source,DOWNLOADED_VERIFIED,200,GET,2026-08-15T19:31:18.687Z,public GET; no authentication; archive user-agent,"{""date"":""Sat, 15 Aug 2026 19:31:17 GMT"",""content_type"":""text/html;charset=UTF-8"",""content_length"":"""",""last_modified"":"""",""etag"":"""",""content_disposition"":"""",""cache_control"":""""}",2026-08-16,政府/国际组织公开资料，按原站署名与条款使用,,shared,,,,使用本地原件；引用时保留发布机构、原URL、访问日期和许可。
WEB-0399,web,每日行情,上海黄金交易所,,06_黄金美元与储备配置,B,比较美元、短债、黄金、人民币资产与套保工具的周期性作用。,最终数据/最终数据/outputs/019f56e7-91fe-7a43-b1d0-ae50e45c9d0c/黄金价格传导链因素与时序数据_20260724.xlsx；最终数据/最终数据/outputs/019f56e7-91fe-7a43-b1d0-ae50e45c9d0c/黄金价格传导链因素与时序数据_20260724.xlsx.inspect.ndjson；最终数据/最终数据/outputs/019f56e7-91fe-7a43-b1d0-ae50e45c9d0c/金银价格波动影响因素与时序数据_20260726.xlsx；最终数据/最终数据/outputs/019f56e7-91fe-7a43-b1d0-ae50e45c9d0c/金银价格波动影响因素与时序数据_20260726.xlsx.inspect.ndjson；最终数据/最终数据/outputs/019f56e7-91fe-7a43-b1d0-ae50e45c9d0c/金银价格波动影响因素与时序数据_中文字段版_20260726.xlsx；最终数据/最终数据/outputs/019f56e7-91fe-7a43-b1d0-ae50e45c9d0c/金银价格波动影响因素与时序数据_中文字段版_20260726.xlsx.inspect.ndjson,须以原文、数据口径、发布时间和适用许可为准；媒体或行业资料不得替代核心A级证据。,https://www.sge.com.cn/sjzx/quotation_daily_new?start_date=2024-02-01&end_date=2024-02-29&inst_ids=Au99.99&p=,https://www.sge.com.cn/sjzx/quotation_daily_new?start_date=2024-02-01&end_date=2024-02-29&inst_ids=Au99.99&p=,https://www.sge.com.cn/sjzx/quotation_daily_new?start_date=2024-02-01&end_date=2024-02-29&inst_ids=Au99.99&p=,最终数据/最终数据/outputs/019f56e7-91fe-7a43-b1d0-ae50e45c9d0c/黄金价格传导链因素与时序数据_20260724.xlsx | 最终数据/最终数据/outputs/019f56e7-91fe-7a43-b1d0-ae50e45c9d0c/黄金价格传导链因素与时序数据_20260724.xlsx.inspect.ndjson | 最终数据/最终数据/outputs/019f56e7-91fe-7a43-b1d0-ae50e45c9d0c/金银价格波动影响因素与时序数据_20260726.xlsx | 最终数据/最终数据/outputs/019f56e7-91fe-7a43-b1d0-ae50e45c9d0c/金银价格波动影响因素与时序数据_20260726.xlsx.inspect.ndjson | 最终数据/最终数据/outputs/019f56e7-91fe-7a43-b1d0-ae50e45c9d0c/金银价格波动影响因素与时序数据_中文字段版_20260726.xlsx | 最终数据/最终数据/outputs/019f56e7-91fe-7a43-b1d0-ae50e45c9d0c/金银价格波动影响因素与时序数据_中文字段版_20260726.xlsx.inspect.ndjson,最终数据/最终数据/outputs/019f56e7-91fe-7a43-b1d0-ae50e45c9d0c/黄金价格传导链因素与时序数据_20260724.xlsx:xl/worksheets/sheet6.xml | 最终数据/最终数据/outputs/019f56e7-91fe-7a43-b1d0-ae50e45c9d0c/黄金价格传导链因素与时序数据_20260724.xlsx.inspect.ndjson:20945 | 最终数据/最终数据/outputs/019f56e7-91fe-7a43-b1d0-ae50e45c9d0c/金银价格波动影响因素与时序数据_20260726.xlsx:xl/worksheets/sheet6.xml | 最终数据/最终数据/outputs/019f56e7-91fe-7a43-b1d0-ae50e45c9d0c/金银价格波动影响因素与时序数据_20260726.xlsx.inspect.ndjson:31180 | 最终数据/最终数据/outputs/019f56e7-91fe-7a43-b1d0-ae50e45c9d0c/金银价格波动影响因素与时序数据_中文字段版_20260726.xlsx:xl/worksheets/sheet7.xml | 最终数据/最终数据/outputs/019f56e7-91fe-7a43-b1d0-ae50e45c9d0c/金银价格波动影响因素与时序数据_中文字段版_20260726.xlsx.inspect.ndjson:31472,,06_黄金美元与储备配置/外部原件/WEB-0399_XLSX_entry_xl_worksheets_sheet6.xml/original.html,text/html;charset=UTF-8,.html,89198,96fca03f9c18cbdc253b97359df0dc5d3cce81b4d9aec7713263840d3447b09f,,,,,,,source,DOWNLOADED_VERIFIED,200,GET,2026-08-15T19:31:19.350Z,public GET; no authentication; archive user-agent,"{""date"":""Sat, 15 Aug 2026 19:31:18 GMT"",""content_type"":""text/html;charset=UTF-8"",""content_length"":"""",""last_modified"":"""",""etag"":"""",""content_disposition"":"""",""cache_control"":""""}",2026-08-16,政府/国际组织公开资料，按原站署名与条款使用,,shared,,,,使用本地原件；引用时保留发布机构、原URL、访问日期和许可。
WEB-0400,web,每日行情,上海黄金交易所,,06_黄金美元与储备配置,B,比较美元、短债、黄金、人民币资产与套保工具的周期性作用。,最终数据/最终数据/outputs/019f56e7-91fe-7a43-b1d0-ae50e45c9d0c/黄金价格传导链因素与时序数据_20260724.xlsx；最终数据/最终数据/outputs/019f56e7-91fe-7a43-b1d0-ae50e45c9d0c/黄金价格传导链因素与时序数据_20260724.xlsx.inspect.ndjson；最终数据/最终数据/outputs/019f56e7-91fe-7a43-b1d0-ae50e45c9d0c/金银价格波动影响因素与时序数据_20260726.xlsx；最终数据/最终数据/outputs/019f56e7-91fe-7a43-b1d0-ae50e45c9d0c/金银价格波动影响因素与时序数据_20260726.xlsx.inspect.ndjson；最终数据/最终数据/outputs/019f56e7-91fe-7a43-b1d0-ae50e45c9d0c/金银价格波动影响因素与时序数据_中文字段版_20260726.xlsx；最终数据/最终数据/outputs/019f56e7-91fe-7a43-b1d0-ae50e45c9d0c/金银价格波动影响因素与时序数据_中文字段版_20260726.xlsx.inspect.ndjson,须以原文、数据口径、发布时间和适用许可为准；媒体或行业资料不得替代核心A级证据。,https://www.sge.com.cn/sjzx/quotation_daily_new?start_date=2024-03-01&end_date=2024-03-31&inst_ids=Ag%28T%2BD%29&p=,https://www.sge.com.cn/sjzx/quotation_daily_new?start_date=2024-03-01&end_date=2024-03-31&inst_ids=Ag%28T%2BD%29&p=,https://www.sge.com.cn/sjzx/quotation_daily_new?start_date=2024-03-01&end_date=2024-03-31&inst_ids=Ag%28T%2BD%29&p=,最终数据/最终数据/outputs/019f56e7-91fe-7a43-b1d0-ae50e45c9d0c/黄金价格传导链因素与时序数据_20260724.xlsx | 最终数据/最终数据/outputs/019f56e7-91fe-7a43-b1d0-ae50e45c9d0c/黄金价格传导链因素与时序数据_20260724.xlsx.inspect.ndjson | 最终数据/最终数据/outputs/019f56e7-91fe-7a43-b1d0-ae50e45c9d0c/金银价格波动影响因素与时序数据_20260726.xlsx | 最终数据/最终数据/outputs/019f56e7-91fe-7a43-b1d0-ae50e45c9d0c/金银价格波动影响因素与时序数据_20260726.xlsx.inspect.ndjson | 最终数据/最终数据/outputs/019f56e7-91fe-7a43-b1d0-ae50e45c9d0c/金银价格波动影响因素与时序数据_中文字段版_20260726.xlsx | 最终数据/最终数据/outputs/019f56e7-91fe-7a43-b1d0-ae50e45c9d0c/金银价格波动影响因素与时序数据_中文字段版_20260726.xlsx.inspect.ndjson,最终数据/最终数据/outputs/019f56e7-91fe-7a43-b1d0-ae50e45c9d0c/黄金价格传导链因素与时序数据_20260724.xlsx:xl/worksheets/sheet6.xml | 最终数据/最终数据/outputs/019f56e7-91fe-7a43-b1d0-ae50e45c9d0c/黄金价格传导链因素与时序数据_20260724.xlsx.inspect.ndjson:20945 | 最终数据/最终数据/outputs/019f56e7-91fe-7a43-b1d0-ae50e45c9d0c/金银价格波动影响因素与时序数据_20260726.xlsx:xl/worksheets/sheet6.xml | 最终数据/最终数据/outputs/019f56e7-91fe-7a43-b1d0-ae50e45c9d0c/金银价格波动影响因素与时序数据_20260726.xlsx.inspect.ndjson:31180 | 最终数据/最终数据/outputs/019f56e7-91fe-7a43-b1d0-ae50e45c9d0c/金银价格波动影响因素与时序数据_中文字段版_20260726.xlsx:xl/worksheets/sheet7.xml | 最终数据/最终数据/outputs/019f56e7-91fe-7a43-b1d0-ae50e45c9d0c/金银价格波动影响因素与时序数据_中文字段版_20260726.xlsx.inspect.ndjson:31472,,06_黄金美元与储备配置/外部原件/WEB-0400_XLSX_entry_xl_worksheets_sheet6.xml/original.html,text/html;charset=UTF-8,.html,93856,cd9d8f60eb84adbe02aff69202cf1fe88fa9237a0efdaef2d4d904b04ce25204,,,,,,,source,DOWNLOADED_VERIFIED,200,GET,2026-08-15T19:31:19.351Z,public GET; no authentication; archive user-agent,"{""date"":""Sat, 15 Aug 2026 19:31:18 GMT"",""content_type"":""text/html;charset=UTF-8"",""content_length"":"""",""last_modified"":"""",""etag"":"""",""content_disposition"":"""",""cache_control"":""""}",2026-08-16,政府/国际组织公开资料，按原站署名与条款使用,,shared,,,,使用本地原件；引用时保留发布机构、原URL、访问日期和许可。
WEB-0401,web,每日行情,上海黄金交易所,,06_黄金美元与储备配置,B,比较美元、短债、黄金、人民币资产与套保工具的周期性作用。,最终数据/最终数据/outputs/019f56e7-91fe-7a43-b1d0-ae50e45c9d0c/黄金价格传导链因素与时序数据_20260724.xlsx；最终数据/最终数据/outputs/019f56e7-91fe-7a43-b1d0-ae50e45c9d0c/黄金价格传导链因素与时序数据_20260724.xlsx.inspect.ndjson；最终数据/最终数据/outputs/019f56e7-91fe-7a43-b1d0-ae50e45c9d0c/金银价格波动影响因素与时序数据_20260726.xlsx；最终数据/最终数据/outputs/019f56e7-91fe-7a43-b1d0-ae50e45c9d0c/金银价格波动影响因素与时序数据_20260726.xlsx.inspect.ndjson；最终数据/最终数据/outputs/019f56e7-91fe-7a43-b1d0-ae50e45c9d0c/金银价格波动影响因素与时序数据_中文字段版_20260726.xlsx；最终数据/最终数据/outputs/019f56e7-91fe-7a43-b1d0-ae50e45c9d0c/金银价格波动影响因素与时序数据_中文字段版_20260726.xlsx.inspect.ndjson,须以原文、数据口径、发布时间和适用许可为准；媒体或行业资料不得替代核心A级证据。,https://www.sge.com.cn/sjzx/quotation_daily_new?start_date=2024-03-01&end_date=2024-03-31&inst_ids=Au99.99&p=,https://www.sge.com.cn/sjzx/quotation_daily_new?start_date=2024-03-01&end_date=2024-03-31&inst_ids=Au99.99&p=,https://www.sge.com.cn/sjzx/quotation_daily_new?start_date=2024-03-01&end_date=2024-03-31&inst_ids=Au99.99&p=,最终数据/最终数据/outputs/019f56e7-91fe-7a43-b1d0-ae50e45c9d0c/黄金价格传导链因素与时序数据_20260724.xlsx | 最终数据/最终数据/outputs/019f56e7-91fe-7a43-b1d0-ae50e45c9d0c/黄金价格传导链因素与时序数据_20260724.xlsx.inspect.ndjson | 最终数据/最终数据/outputs/019f56e7-91fe-7a43-b1d0-ae50e45c9d0c/金银价格波动影响因素与时序数据_20260726.xlsx | 最终数据/最终数据/outputs/019f56e7-91fe-7a43-b1d0-ae50e45c9d0c/金银价格波动影响因素与时序数据_20260726.xlsx.inspect.ndjson | 最终数据/最终数据/outputs/019f56e7-91fe-7a43-b1d0-ae50e45c9d0c/金银价格波动影响因素与时序数据_中文字段版_20260726.xlsx | 最终数据/最终数据/outputs/019f56e7-91fe-7a43-b1d0-ae50e45c9d0c/金银价格波动影响因素与时序数据_中文字段版_20260726.xlsx.inspect.ndjson,最终数据/最终数据/outputs/019f56e7-91fe-7a43-b1d0-ae50e45c9d0c/黄金价格传导链因素与时序数据_20260724.xlsx:xl/worksheets/sheet6.xml | 最终数据/最终数据/outputs/019f56e7-91fe-7a43-b1d0-ae50e45c9d0c/黄金价格传导链因素与时序数据_20260724.xlsx.inspect.ndjson:20945 | 最终数据/最终数据/outputs/019f56e7-91fe-7a43-b1d0-ae50e45c9d0c/金银价格波动影响因素与时序数据_20260726.xlsx:xl/worksheets/sheet6.xml | 最终数据/最终数据/outputs/019f56e7-91fe-7a43-b1d0-ae50e45c9d0c/金银价格波动影响因素与时序数据_20260726.xlsx.inspect.ndjson:31180 | 最终数据/最终数据/outputs/019f56e7-91fe-7a43-b1d0-ae50e45c9d0c/金银价格波动影响因素与时序数据_中文字段版_20260726.xlsx:xl/worksheets/sheet7.xml | 最终数据/最终数据/outputs/019f56e7-91fe-7a43-b1d0-ae50e45c9d0c/金银价格波动影响因素与时序数据_中文字段版_20260726.xlsx.inspect.ndjson:31472,,06_黄金美元与储备配置/外部原件/WEB-0401_XLSX_entry_xl_worksheets_sheet6.xml/original.html,text/html;charset=UTF-8,.html,93335,534fab2d704bddc2fb248ac6a72aca12aebcdaf246fe58f7d62192381aa275b6,,,,,,,source,DOWNLOADED_VERIFIED,200,GET,2026-08-15T19:31:19.352Z,public GET; no authentication; archive user-agent,"{""date"":""Sat, 15 Aug 2026 19:31:18 GMT"",""content_type"":""text/html;charset=UTF-8"",""content_length"":"""",""last_modified"":"""",""etag"":"""",""content_disposition"":"""",""cache_control"":""""}",2026-08-16,政府/国际组织公开资料，按原站署名与条款使用,,shared,,,,使用本地原件；引用时保留发布机构、原URL、访问日期和许可。
WEB-0402,web,每日行情,上海黄金交易所,,06_黄金美元与储备配置,B,比较美元、短债、黄金、人民币资产与套保工具的周期性作用。,最终数据/最终数据/outputs/019f56e7-91fe-7a43-b1d0-ae50e45c9d0c/黄金价格传导链因素与时序数据_20260724.xlsx；最终数据/最终数据/outputs/019f56e7-91fe-7a43-b1d0-ae50e45c9d0c/黄金价格传导链因素与时序数据_20260724.xlsx.inspect.ndjson；最终数据/最终数据/outputs/019f56e7-91fe-7a43-b1d0-ae50e45c9d0c/金银价格波动影响因素与时序数据_20260726.xlsx；最终数据/最终数据/outputs/019f56e7-91fe-7a43-b1d0-ae50e45c9d0c/金银价格波动影响因素与时序数据_20260726.xlsx.inspect.ndjson；最终数据/最终数据/outputs/019f56e7-91fe-7a43-b1d0-ae50e45c9d0c/金银价格波动影响因素与时序数据_中文字段版_20260726.xlsx；最终数据/最终数据/outputs/019f56e7-91fe-7a43-b1d0-ae50e45c9d0c/金银价格波动影响因素与时序数据_中文字段版_20260726.xlsx.inspect.ndjson,须以原文、数据口径、发布时间和适用许可为准；媒体或行业资料不得替代核心A级证据。,https://www.sge.com.cn/sjzx/quotation_daily_new?start_date=2024-04-01&end_date=2024-04-30&inst_ids=Ag%28T%2BD%29&p=,https://www.sge.com.cn/sjzx/quotation_daily_new?start_date=2024-04-01&end_date=2024-04-30&inst_ids=Ag%28T%2BD%29&p=,https://www.sge.com.cn/sjzx/quotation_daily_new?start_date=2024-04-01&end_date=2024-04-30&inst_ids=Ag%28T%2BD%29&p=,最终数据/最终数据/outputs/019f56e7-91fe-7a43-b1d0-ae50e45c9d0c/黄金价格传导链因素与时序数据_20260724.xlsx | 最终数据/最终数据/outputs/019f56e7-91fe-7a43-b1d0-ae50e45c9d0c/黄金价格传导链因素与时序数据_20260724.xlsx.inspect.ndjson | 最终数据/最终数据/outputs/019f56e7-91fe-7a43-b1d0-ae50e45c9d0c/金银价格波动影响因素与时序数据_20260726.xlsx | 最终数据/最终数据/outputs/019f56e7-91fe-7a43-b1d0-ae50e45c9d0c/金银价格波动影响因素与时序数据_20260726.xlsx.inspect.ndjson | 最终数据/最终数据/outputs/019f56e7-91fe-7a43-b1d0-ae50e45c9d0c/金银价格波动影响因素与时序数据_中文字段版_20260726.xlsx | 最终数据/最终数据/outputs/019f56e7-91fe-7a43-b1d0-ae50e45c9d0c/金银价格波动影响因素与时序数据_中文字段版_20260726.xlsx.inspect.ndjson,最终数据/最终数据/outputs/019f56e7-91fe-7a43-b1d0-ae50e45c9d0c/黄金价格传导链因素与时序数据_20260724.xlsx:xl/worksheets/sheet6.xml | 最终数据/最终数据/outputs/019f56e7-91fe-7a43-b1d0-ae50e45c9d0c/黄金价格传导链因素与时序数据_20260724.xlsx.inspect.ndjson:20945 | 最终数据/最终数据/outputs/019f56e7-91fe-7a43-b1d0-ae50e45c9d0c/金银价格波动影响因素与时序数据_20260726.xlsx:xl/worksheets/sheet6.xml | 最终数据/最终数据/outputs/019f56e7-91fe-7a43-b1d0-ae50e45c9d0c/金银价格波动影响因素与时序数据_20260726.xlsx.inspect.ndjson:31180 | 最终数据/最终数据/outputs/019f56e7-91fe-7a43-b1d0-ae50e45c9d0c/金银价格波动影响因素与时序数据_中文字段版_20260726.xlsx:xl/worksheets/sheet7.xml | 最终数据/最终数据/outputs/019f56e7-91fe-7a43-b1d0-ae50e45c9d0c/金银价格波动影响因素与时序数据_中文字段版_20260726.xlsx.inspect.ndjson:31472,,06_黄金美元与储备配置/外部原件/WEB-0402_XLSX_entry_xl_worksheets_sheet6.xml/original.html,text/html;charset=UTF-8,.html,93604,e02615a09ec6d7cdba0aaf6e35ac1bf0d729dfba310e8f2ffcab129b31be351d,,,,,,,source,DOWNLOADED_VERIFIED,200,GET,2026-08-15T19:31:19.352Z,public GET; no authentication; archive user-agent,"{""date"":""Sat, 15 Aug 2026 19:31:18 GMT"",""content_type"":""text/html;charset=UTF-8"",""content_length"":"""",""last_modified"":"""",""etag"":"""",""content_disposition"":"""",""cache_control"":""""}",2026-08-16,政府/国际组织公开资料，按原站署名与条款使用,,shared,,,,使用本地原件；引用时保留发布机构、原URL、访问日期和许可。
WEB-0403,web,每日行情,上海黄金交易所,,06_黄金美元与储备配置,B,比较美元、短债、黄金、人民币资产与套保工具的周期性作用。,最终数据/最终数据/outputs/019f56e7-91fe-7a43-b1d0-ae50e45c9d0c/黄金价格传导链因素与时序数据_20260724.xlsx；最终数据/最终数据/outputs/019f56e7-91fe-7a43-b1d0-ae50e45c9d0c/黄金价格传导链因素与时序数据_20260724.xlsx.inspect.ndjson；最终数据/最终数据/outputs/019f56e7-91fe-7a43-b1d0-ae50e45c9d0c/金银价格波动影响因素与时序数据_20260726.xlsx；最终数据/最终数据/outputs/019f56e7-91fe-7a43-b1d0-ae50e45c9d0c/金银价格波动影响因素与时序数据_20260726.xlsx.inspect.ndjson；最终数据/最终数据/outputs/019f56e7-91fe-7a43-b1d0-ae50e45c9d0c/金银价格波动影响因素与时序数据_中文字段版_20260726.xlsx；最终数据/最终数据/outputs/019f56e7-91fe-7a43-b1d0-ae50e45c9d0c/金银价格波动影响因素与时序数据_中文字段版_20260726.xlsx.inspect.ndjson,须以原文、数据口径、发布时间和适用许可为准；媒体或行业资料不得替代核心A级证据。,https://www.sge.com.cn/sjzx/quotation_daily_new?start_date=2024-04-01&end_date=2024-04-30&inst_ids=Au99.99&p=,https://www.sge.com.cn/sjzx/quotation_daily_new?start_date=2024-04-01&end_date=2024-04-30&inst_ids=Au99.99&p=,https://www.sge.com.cn/sjzx/quotation_daily_new?start_date=2024-04-01&end_date=2024-04-30&inst_ids=Au99.99&p=,最终数据/最终数据/outputs/019f56e7-91fe-7a43-b1d0-ae50e45c9d0c/黄金价格传导链因素与时序数据_20260724.xlsx | 最终数据/最终数据/outputs/019f56e7-91fe-7a43-b1d0-ae50e45c9d0c/黄金价格传导链因素与时序数据_20260724.xlsx.inspect.ndjson | 最终数据/最终数据/outputs/019f56e7-91fe-7a43-b1d0-ae50e45c9d0c/金银价格波动影响因素与时序数据_20260726.xlsx | 最终数据/最终数据/outputs/019f56e7-91fe-7a43-b1d0-ae50e45c9d0c/金银价格波动影响因素与时序数据_20260726.xlsx.inspect.ndjson | 最终数据/最终数据/outputs/019f56e7-91fe-7a43-b1d0-ae50e45c9d0c/金银价格波动影响因素与时序数据_中文字段版_20260726.xlsx | 最终数据/最终数据/outputs/019f56e7-91fe-7a43-b1d0-ae50e45c9d0c/金银价格波动影响因素与时序数据_中文字段版_20260726.xlsx.inspect.ndjson,最终数据/最终数据/outputs/019f56e7-91fe-7a43-b1d0-ae50e45c9d0c/黄金价格传导链因素与时序数据_20260724.xlsx:xl/worksheets/sheet6.xml | 最终数据/最终数据/outputs/019f56e7-91fe-7a43-b1d0-ae50e45c9d0c/黄金价格传导链因素与时序数据_20260724.xlsx.inspect.ndjson:20945 | 最终数据/最终数据/outputs/019f56e7-91fe-7a43-b1d0-ae50e45c9d0c/金银价格波动影响因素与时序数据_20260726.xlsx:xl/worksheets/sheet6.xml | 最终数据/最终数据/outputs/019f56e7-91fe-7a43-b1d0-ae50e45c9d0c/金银价格波动影响因素与时序数据_20260726.xlsx.inspect.ndjson:31180 | 最终数据/最终数据/outputs/019f56e7-91fe-7a43-b1d0-ae50e45c9d0c/金银价格波动影响因素与时序数据_中文字段版_20260726.xlsx:xl/worksheets/sheet7.xml | 最终数据/最终数据/outputs/019f56e7-91fe-7a43-b1d0-ae50e45c9d0c/金银价格波动影响因素与时序数据_中文字段版_20260726.xlsx.inspect.ndjson:31472,,06_黄金美元与储备配置/外部原件/WEB-0403_XLSX_entry_xl_worksheets_sheet6.xml/original.html,text/html;charset=UTF-8,.html,93069,c481531eb11d987aec8cf7fbd0f24ec23f4cb65cd12fab10ecdbad226d325e37,,,,,,,source,DOWNLOADED_VERIFIED,200,GET,2026-08-15T19:31:20.004Z,public GET; no authentication; archive user-agent,"{""date"":""Sat, 15 Aug 2026 19:31:19 GMT"",""content_type"":""text/html;charset=UTF-8"",""content_length"":"""",""last_modified"":"""",""etag"":"""",""content_disposition"":"""",""cache_control"":""""}",2026-08-16,政府/国际组织公开资料，按原站署名与条款使用,,shared,,,,使用本地原件；引用时保留发布机构、原URL、访问日期和许可。
WEB-0404,web,每日行情,上海黄金交易所,,06_黄金美元与储备配置,B,比较美元、短债、黄金、人民币资产与套保工具的周期性作用。,最终数据/最终数据/outputs/019f56e7-91fe-7a43-b1d0-ae50e45c9d0c/黄金价格传导链因素与时序数据_20260724.xlsx；最终数据/最终数据/outputs/019f56e7-91fe-7a43-b1d0-ae50e45c9d0c/黄金价格传导链因素与时序数据_20260724.xlsx.inspect.ndjson；最终数据/最终数据/outputs/019f56e7-91fe-7a43-b1d0-ae50e45c9d0c/金银价格波动影响因素与时序数据_20260726.xlsx；最终数据/最终数据/outputs/019f56e7-91fe-7a43-b1d0-ae50e45c9d0c/金银价格波动影响因素与时序数据_20260726.xlsx.inspect.ndjson；最终数据/最终数据/outputs/019f56e7-91fe-7a43-b1d0-ae50e45c9d0c/金银价格波动影响因素与时序数据_中文字段版_20260726.xlsx；最终数据/最终数据/outputs/019f56e7-91fe-7a43-b1d0-ae50e45c9d0c/金银价格波动影响因素与时序数据_中文字段版_20260726.xlsx.inspect.ndjson,须以原文、数据口径、发布时间和适用许可为准；媒体或行业资料不得替代核心A级证据。,https://www.sge.com.cn/sjzx/quotation_daily_new?start_date=2024-05-01&end_date=2024-05-31&inst_ids=Ag%28T%2BD%29&p=,https://www.sge.com.cn/sjzx/quotation_daily_new?start_date=2024-05-01&end_date=2024-05-31&inst_ids=Ag%28T%2BD%29&p=,https://www.sge.com.cn/sjzx/quotation_daily_new?start_date=2024-05-01&end_date=2024-05-31&inst_ids=Ag%28T%2BD%29&p=,最终数据/最终数据/outputs/019f56e7-91fe-7a43-b1d0-ae50e45c9d0c/黄金价格传导链因素与时序数据_20260724.xlsx | 最终数据/最终数据/outputs/019f56e7-91fe-7a43-b1d0-ae50e45c9d0c/黄金价格传导链因素与时序数据_20260724.xlsx.inspect.ndjson | 最终数据/最终数据/outputs/019f56e7-91fe-7a43-b1d0-ae50e45c9d0c/金银价格波动影响因素与时序数据_20260726.xlsx | 最终数据/最终数据/outputs/019f56e7-91fe-7a43-b1d0-ae50e45c9d0c/金银价格波动影响因素与时序数据_20260726.xlsx.inspect.ndjson | 最终数据/最终数据/outputs/019f56e7-91fe-7a43-b1d0-ae50e45c9d0c/金银价格波动影响因素与时序数据_中文字段版_20260726.xlsx | 最终数据/最终数据/outputs/019f56e7-91fe-7a43-b1d0-ae50e45c9d0c/金银价格波动影响因素与时序数据_中文字段版_20260726.xlsx.inspect.ndjson,最终数据/最终数据/outputs/019f56e7-91fe-7a43-b1d0-ae50e45c9d0c/黄金价格传导链因素与时序数据_20260724.xlsx:xl/worksheets/sheet6.xml | 最终数据/最终数据/outputs/019f56e7-91fe-7a43-b1d0-ae50e45c9d0c/黄金价格传导链因素与时序数据_20260724.xlsx.inspect.ndjson:20945 | 最终数据/最终数据/outputs/019f56e7-91fe-7a43-b1d0-ae50e45c9d0c/金银价格波动影响因素与时序数据_20260726.xlsx:xl/worksheets/sheet6.xml | 最终数据/最终数据/outputs/019f56e7-91fe-7a43-b1d0-ae50e45c9d0c/金银价格波动影响因素与时序数据_20260726.xlsx.inspect.ndjson:31180 | 最终数据/最终数据/outputs/019f56e7-91fe-7a43-b1d0-ae50e45c9d0c/金银价格波动影响因素与时序数据_中文字段版_20260726.xlsx:xl/worksheets/sheet7.xml | 最终数据/最终数据/outputs/019f56e7-91fe-7a43-b1d0-ae50e45c9d0c/金银价格波动影响因素与时序数据_中文字段版_20260726.xlsx.inspect.ndjson:31472,,06_黄金美元与储备配置/外部原件/WEB-0404_XLSX_entry_xl_worksheets_sheet6.xml/original.html,text/html;charset=UTF-8,.html,93589,46f53c15689884e28f00b3cd3acf44b8a2acbf33ed6292d7baf1892dc04d8302,,,,,,,source,DOWNLOADED_VERIFIED,200,GET,2026-08-15T19:31:20.003Z,public GET; no authentication; archive user-agent,"{""date"":""Sat, 15 Aug 2026 19:31:19 GMT"",""content_type"":""text/html;charset=UTF-8"",""content_length"":"""",""last_modified"":"""",""etag"":"""",""content_disposition"":"""",""cache_control"":""""}",2026-08-16,政府/国际组织公开资料，按原站署名与条款使用,,shared,,,,使用本地原件；引用时保留发布机构、原URL、访问日期和许可。
WEB-0405,web,每日行情,上海黄金交易所,,06_黄金美元与储备配置,B,比较美元、短债、黄金、人民币资产与套保工具的周期性作用。,最终数据/最终数据/outputs/019f56e7-91fe-7a43-b1d0-ae50e45c9d0c/黄金价格传导链因素与时序数据_20260724.xlsx；最终数据/最终数据/outputs/019f56e7-91fe-7a43-b1d0-ae50e45c9d0c/黄金价格传导链因素与时序数据_20260724.xlsx.inspect.ndjson；最终数据/最终数据/outputs/019f56e7-91fe-7a43-b1d0-ae50e45c9d0c/金银价格波动影响因素与时序数据_20260726.xlsx；最终数据/最终数据/outputs/019f56e7-91fe-7a43-b1d0-ae50e45c9d0c/金银价格波动影响因素与时序数据_20260726.xlsx.inspect.ndjson；最终数据/最终数据/outputs/019f56e7-91fe-7a43-b1d0-ae50e45c9d0c/金银价格波动影响因素与时序数据_中文字段版_20260726.xlsx；最终数据/最终数据/outputs/019f56e7-91fe-7a43-b1d0-ae50e45c9d0c/金银价格波动影响因素与时序数据_中文字段版_20260726.xlsx.inspect.ndjson,须以原文、数据口径、发布时间和适用许可为准；媒体或行业资料不得替代核心A级证据。,https://www.sge.com.cn/sjzx/quotation_daily_new?start_date=2024-05-01&end_date=2024-05-31&inst_ids=Au99.99&p=,https://www.sge.com.cn/sjzx/quotation_daily_new?start_date=2024-05-01&end_date=2024-05-31&inst_ids=Au99.99&p=,https://www.sge.com.cn/sjzx/quotation_daily_new?start_date=2024-05-01&end_date=2024-05-31&inst_ids=Au99.99&p=,最终数据/最终数据/outputs/019f56e7-91fe-7a43-b1d0-ae50e45c9d0c/黄金价格传导链因素与时序数据_20260724.xlsx | 最终数据/最终数据/outputs/019f56e7-91fe-7a43-b1d0-ae50e45c9d0c/黄金价格传导链因素与时序数据_20260724.xlsx.inspect.ndjson | 最终数据/最终数据/outputs/019f56e7-91fe-7a43-b1d0-ae50e45c9d0c/金银价格波动影响因素与时序数据_20260726.xlsx | 最终数据/最终数据/outputs/019f56e7-91fe-7a43-b1d0-ae50e45c9d0c/金银价格波动影响因素与时序数据_20260726.xlsx.inspect.ndjson | 最终数据/最终数据/outputs/019f56e7-91fe-7a43-b1d0-ae50e45c9d0c/金银价格波动影响因素与时序数据_中文字段版_20260726.xlsx | 最终数据/最终数据/outputs/019f56e7-91fe-7a43-b1d0-ae50e45c9d0c/金银价格波动影响因素与时序数据_中文字段版_20260726.xlsx.inspect.ndjson,最终数据/最终数据/outputs/019f56e7-91fe-7a43-b1d0-ae50e45c9d0c/黄金价格传导链因素与时序数据_20260724.xlsx:xl/worksheets/sheet6.xml | 最终数据/最终数据/outputs/019f56e7-91fe-7a43-b1d0-ae50e45c9d0c/黄金价格传导链因素与时序数据_20260724.xlsx.inspect.ndjson:20945 | 最终数据/最终数据/outputs/019f56e7-91fe-7a43-b1d0-ae50e45c9d0c/金银价格波动影响因素与时序数据_20260726.xlsx:xl/worksheets/sheet6.xml | 最终数据/最终数据/outputs/019f56e7-91fe-7a43-b1d0-ae50e45c9d0c/金银价格波动影响因素与时序数据_20260726.xlsx.inspect.ndjson:31180 | 最终数据/最终数据/outputs/019f56e7-91fe-7a43-b1d0-ae50e45c9d0c/金银价格波动影响因素与时序数据_中文字段版_20260726.xlsx:xl/worksheets/sheet7.xml | 最终数据/最终数据/outputs/019f56e7-91fe-7a43-b1d0-ae50e45c9d0c/金银价格波动影响因素与时序数据_中文字段版_20260726.xlsx.inspect.ndjson:31472,,06_黄金美元与储备配置/外部原件/WEB-0405_XLSX_entry_xl_worksheets_sheet6.xml/original.html,text/html;charset=UTF-8,.html,93070,f8f222b3a898ba051b6c04b4fe5893a5e069fd8c09cfef0a1303cb1768fe2154,,,,,,,source,DOWNLOADED_VERIFIED,200,GET,2026-08-15T19:31:20.004Z,public GET; no authentication; archive user-agent,"{""date"":""Sat, 15 Aug 2026 19:31:19 GMT"",""content_type"":""text/html;charset=UTF-8"",""content_length"":"""",""last_modified"":"""",""etag"":"""",""content_disposition"":"""",""cache_control"":""""}",2026-08-16,政府/国际组织公开资料，按原站署名与条款使用,,shared,,,,使用本地原件；引用时保留发布机构、原URL、访问日期和许可。
WEB-0406,web,每日行情,上海黄金交易所,,06_黄金美元与储备配置,B,比较美元、短债、黄金、人民币资产与套保工具的周期性作用。,最终数据/最终数据/outputs/019f56e7-91fe-7a43-b1d0-ae50e45c9d0c/黄金价格传导链因素与时序数据_20260724.xlsx；最终数据/最终数据/outputs/019f56e7-91fe-7a43-b1d0-ae50e45c9d0c/黄金价格传导链因素与时序数据_20260724.xlsx.inspect.ndjson；最终数据/最终数据/outputs/019f56e7-91fe-7a43-b1d0-ae50e45c9d0c/金银价格波动影响因素与时序数据_20260726.xlsx；最终数据/最终数据/outputs/019f56e7-91fe-7a43-b1d0-ae50e45c9d0c/金银价格波动影响因素与时序数据_20260726.xlsx.inspect.ndjson；最终数据/最终数据/outputs/019f56e7-91fe-7a43-b1d0-ae50e45c9d0c/金银价格波动影响因素与时序数据_中文字段版_20260726.xlsx；最终数据/最终数据/outputs/019f56e7-91fe-7a43-b1d0-ae50e45c9d0c/金银价格波动影响因素与时序数据_中文字段版_20260726.xlsx.inspect.ndjson,须以原文、数据口径、发布时间和适用许可为准；媒体或行业资料不得替代核心A级证据。,https://www.sge.com.cn/sjzx/quotation_daily_new?start_date=2024-06-01&end_date=2024-06-30&inst_ids=Ag%28T%2BD%29&p=,https://www.sge.com.cn/sjzx/quotation_daily_new?start_date=2024-06-01&end_date=2024-06-30&inst_ids=Ag%28T%2BD%29&p=,https://www.sge.com.cn/sjzx/quotation_daily_new?start_date=2024-06-01&end_date=2024-06-30&inst_ids=Ag%28T%2BD%29&p=,最终数据/最终数据/outputs/019f56e7-91fe-7a43-b1d0-ae50e45c9d0c/黄金价格传导链因素与时序数据_20260724.xlsx | 最终数据/最终数据/outputs/019f56e7-91fe-7a43-b1d0-ae50e45c9d0c/黄金价格传导链因素与时序数据_20260724.xlsx.inspect.ndjson | 最终数据/最终数据/outputs/019f56e7-91fe-7a43-b1d0-ae50e45c9d0c/金银价格波动影响因素与时序数据_20260726.xlsx | 最终数据/最终数据/outputs/019f56e7-91fe-7a43-b1d0-ae50e45c9d0c/金银价格波动影响因素与时序数据_20260726.xlsx.inspect.ndjson | 最终数据/最终数据/outputs/019f56e7-91fe-7a43-b1d0-ae50e45c9d0c/金银价格波动影响因素与时序数据_中文字段版_20260726.xlsx | 最终数据/最终数据/outputs/019f56e7-91fe-7a43-b1d0-ae50e45c9d0c/金银价格波动影响因素与时序数据_中文字段版_20260726.xlsx.inspect.ndjson,最终数据/最终数据/outputs/019f56e7-91fe-7a43-b1d0-ae50e45c9d0c/黄金价格传导链因素与时序数据_20260724.xlsx:xl/worksheets/sheet6.xml | 最终数据/最终数据/outputs/019f56e7-91fe-7a43-b1d0-ae50e45c9d0c/黄金价格传导链因素与时序数据_20260724.xlsx.inspect.ndjson:20945 | 最终数据/最终数据/outputs/019f56e7-91fe-7a43-b1d0-ae50e45c9d0c/金银价格波动影响因素与时序数据_20260726.xlsx:xl/worksheets/sheet6.xml | 最终数据/最终数据/outputs/019f56e7-91fe-7a43-b1d0-ae50e45c9d0c/金银价格波动影响因素与时序数据_20260726.xlsx.inspect.ndjson:31180 | 最终数据/最终数据/outputs/019f56e7-91fe-7a43-b1d0-ae50e45c9d0c/金银价格波动影响因素与时序数据_中文字段版_20260726.xlsx:xl/worksheets/sheet7.xml | 最终数据/最终数据/outputs/019f56e7-91fe-7a43-b1d0-ae50e45c9d0c/金银价格波动影响因素与时序数据_中文字段版_20260726.xlsx.inspect.ndjson:31472,,06_黄金美元与储备配置/外部原件/WEB-0406_XLSX_entry_xl_worksheets_sheet6.xml/original.html,text/html;charset=UTF-8,.html,92602,292940194f56b7788d4b3d01a6ead2c5ca0620192c64d682c7b8ae2d2105458d,,,,,,,source,DOWNLOADED_VERIFIED,200,GET,2026-08-15T19:31:20.005Z,public GET; no authentication; archive user-agent,"{""date"":""Sat, 15 Aug 2026 19:31:19 GMT"",""content_type"":""text/html;charset=UTF-8"",""content_length"":"""",""last_modified"":"""",""etag"":"""",""content_disposition"":"""",""cache_control"":""""}",2026-08-16,政府/国际组织公开资料，按原站署名与条款使用,,shared,,,,使用本地原件；引用时保留发布机构、原URL、访问日期和许可。
WEB-0407,web,每日行情,上海黄金交易所,,06_黄金美元与储备配置,B,比较美元、短债、黄金、人民币资产与套保工具的周期性作用。,最终数据/最终数据/outputs/019f56e7-91fe-7a43-b1d0-ae50e45c9d0c/黄金价格传导链因素与时序数据_20260724.xlsx；最终数据/最终数据/outputs/019f56e7-91fe-7a43-b1d0-ae50e45c9d0c/黄金价格传导链因素与时序数据_20260724.xlsx.inspect.ndjson；最终数据/最终数据/outputs/019f56e7-91fe-7a43-b1d0-ae50e45c9d0c/金银价格波动影响因素与时序数据_20260726.xlsx；最终数据/最终数据/outputs/019f56e7-91fe-7a43-b1d0-ae50e45c9d0c/金银价格波动影响因素与时序数据_20260726.xlsx.inspect.ndjson；最终数据/最终数据/outputs/019f56e7-91fe-7a43-b1d0-ae50e45c9d0c/金银价格波动影响因素与时序数据_中文字段版_20260726.xlsx；最终数据/最终数据/outputs/019f56e7-91fe-7a43-b1d0-ae50e45c9d0c/金银价格波动影响因素与时序数据_中文字段版_20260726.xlsx.inspect.ndjson,须以原文、数据口径、发布时间和适用许可为准；媒体或行业资料不得替代核心A级证据。,https://www.sge.com.cn/sjzx/quotation_daily_new?start_date=2024-06-01&end_date=2024-06-30&inst_ids=Au99.99&p=,https://www.sge.com.cn/sjzx/quotation_daily_new?start_date=2024-06-01&end_date=2024-06-30&inst_ids=Au99.99&p=,https://www.sge.com.cn/sjzx/quotation_daily_new?start_date=2024-06-01&end_date=2024-06-30&inst_ids=Au99.99&p=,最终数据/最终数据/outputs/019f56e7-91fe-7a43-b1d0-ae50e45c9d0c/黄金价格传导链因素与时序数据_20260724.xlsx | 最终数据/最终数据/outputs/019f56e7-91fe-7a43-b1d0-ae50e45c9d0c/黄金价格传导链因素与时序数据_20260724.xlsx.inspect.ndjson | 最终数据/最终数据/outputs/019f56e7-91fe-7a43-b1d0-ae50e45c9d0c/金银价格波动影响因素与时序数据_20260726.xlsx | 最终数据/最终数据/outputs/019f56e7-91fe-7a43-b1d0-ae50e45c9d0c/金银价格波动影响因素与时序数据_20260726.xlsx.inspect.ndjson | 最终数据/最终数据/outputs/019f56e7-91fe-7a43-b1d0-ae50e45c9d0c/金银价格波动影响因素与时序数据_中文字段版_20260726.xlsx | 最终数据/最终数据/outputs/019f56e7-91fe-7a43-b1d0-ae50e45c9d0c/金银价格波动影响因素与时序数据_中文字段版_20260726.xlsx.inspect.ndjson,最终数据/最终数据/outputs/019f56e7-91fe-7a43-b1d0-ae50e45c9d0c/黄金价格传导链因素与时序数据_20260724.xlsx:xl/worksheets/sheet6.xml | 最终数据/最终数据/outputs/019f56e7-91fe-7a43-b1d0-ae50e45c9d0c/黄金价格传导链因素与时序数据_20260724.xlsx.inspect.ndjson:20945 | 最终数据/最终数据/outputs/019f56e7-91fe-7a43-b1d0-ae50e45c9d0c/金银价格波动影响因素与时序数据_20260726.xlsx:xl/worksheets/sheet6.xml | 最终数据/最终数据/outputs/019f56e7-91fe-7a43-b1d0-ae50e45c9d0c/金银价格波动影响因素与时序数据_20260726.xlsx.inspect.ndjson:31180 | 最终数据/最终数据/outputs/019f56e7-91fe-7a43-b1d0-ae50e45c9d0c/金银价格波动影响因素与时序数据_中文字段版_20260726.xlsx:xl/worksheets/sheet7.xml | 最终数据/最终数据/outputs/019f56e7-91fe-7a43-b1d0-ae50e45c9d0c/金银价格波动影响因素与时序数据_中文字段版_20260726.xlsx.inspect.ndjson:31472,,06_黄金美元与储备配置/外部原件/WEB-0407_XLSX_entry_xl_worksheets_sheet6.xml/original.html,text/html;charset=UTF-8,.html,92090,89bd6c85a3fbe8eb2d4f62575fdffc4ac4ef278f1468cc646c10fbd618276b87,,,,,,,source,DOWNLOADED_VERIFIED,200,GET,2026-08-15T19:31:20.670Z,public GET; no authentication; archive user-agent,"{""date"":""Sat, 15 Aug 2026 19:31:20 GMT"",""content_type"":""text/html;charset=UTF-8"",""content_length"":"""",""last_modified"":"""",""etag"":"""",""content_disposition"":"""",""cache_control"":""""}",2026-08-16,政府/国际组织公开资料，按原站署名与条款使用,,shared,,,,使用本地原件；引用时保留发布机构、原URL、访问日期和许可。
WEB-0408,web,每日行情,上海黄金交易所,,06_黄金美元与储备配置,B,比较美元、短债、黄金、人民币资产与套保工具的周期性作用。,最终数据/最终数据/outputs/019f56e7-91fe-7a43-b1d0-ae50e45c9d0c/黄金价格传导链因素与时序数据_20260724.xlsx；最终数据/最终数据/outputs/019f56e7-91fe-7a43-b1d0-ae50e45c9d0c/黄金价格传导链因素与时序数据_20260724.xlsx.inspect.ndjson；最终数据/最终数据/outputs/019f56e7-91fe-7a43-b1d0-ae50e45c9d0c/金银价格波动影响因素与时序数据_20260726.xlsx；最终数据/最终数据/outputs/019f56e7-91fe-7a43-b1d0-ae50e45c9d0c/金银价格波动影响因素与时序数据_20260726.xlsx.inspect.ndjson；最终数据/最终数据/outputs/019f56e7-91fe-7a43-b1d0-ae50e45c9d0c/金银价格波动影响因素与时序数据_中文字段版_20260726.xlsx；最终数据/最终数据/outputs/019f56e7-91fe-7a43-b1d0-ae50e45c9d0c/金银价格波动影响因素与时序数据_中文字段版_20260726.xlsx.inspect.ndjson,须以原文、数据口径、发布时间和适用许可为准；媒体或行业资料不得替代核心A级证据。,https://www.sge.com.cn/sjzx/quotation_daily_new?start_date=2024-07-01&end_date=2024-07-31&inst_ids=Ag%28T%2BD%29&p=,https://www.sge.com.cn/sjzx/quotation_daily_new?start_date=2024-07-01&end_date=2024-07-31&inst_ids=Ag%28T%2BD%29&p=,https://www.sge.com.cn/sjzx/quotation_daily_new?start_date=2024-07-01&end_date=2024-07-31&inst_ids=Ag%28T%2BD%29&p=,最终数据/最终数据/outputs/019f56e7-91fe-7a43-b1d0-ae50e45c9d0c/黄金价格传导链因素与时序数据_20260724.xlsx | 最终数据/最终数据/outputs/019f56e7-91fe-7a43-b1d0-ae50e45c9d0c/黄金价格传导链因素与时序数据_20260724.xlsx.inspect.ndjson | 最终数据/最终数据/outputs/019f56e7-91fe-7a43-b1d0-ae50e45c9d0c/金银价格波动影响因素与时序数据_20260726.xlsx | 最终数据/最终数据/outputs/019f56e7-91fe-7a43-b1d0-ae50e45c9d0c/金银价格波动影响因素与时序数据_20260726.xlsx.inspect.ndjson | 最终数据/最终数据/outputs/019f56e7-91fe-7a43-b1d0-ae50e45c9d0c/金银价格波动影响因素与时序数据_中文字段版_20260726.xlsx | 最终数据/最终数据/outputs/019f56e7-91fe-7a43-b1d0-ae50e45c9d0c/金银价格波动影响因素与时序数据_中文字段版_20260726.xlsx.inspect.ndjson,最终数据/最终数据/outputs/019f56e7-91fe-7a43-b1d0-ae50e45c9d0c/黄金价格传导链因素与时序数据_20260724.xlsx:xl/worksheets/sheet6.xml | 最终数据/最终数据/outputs/019f56e7-91fe-7a43-b1d0-ae50e45c9d0c/黄金价格传导链因素与时序数据_20260724.xlsx.inspect.ndjson:20945 | 最终数据/最终数据/outputs/019f56e7-91fe-7a43-b1d0-ae50e45c9d0c/金银价格波动影响因素与时序数据_20260726.xlsx:xl/worksheets/sheet6.xml | 最终数据/最终数据/outputs/019f56e7-91fe-7a43-b1d0-ae50e45c9d0c/金银价格波动影响因素与时序数据_20260726.xlsx.inspect.ndjson:31180 | 最终数据/最终数据/outputs/019f56e7-91fe-7a43-b1d0-ae50e45c9d0c/金银价格波动影响因素与时序数据_中文字段版_20260726.xlsx:xl/worksheets/sheet7.xml | 最终数据/最终数据/outputs/019f56e7-91fe-7a43-b1d0-ae50e45c9d0c/金银价格波动影响因素与时序数据_中文字段版_20260726.xlsx.inspect.ndjson:31472,,06_黄金美元与储备配置/外部原件/WEB-0408_XLSX_entry_xl_worksheets_sheet6.xml/original.html,text/html;charset=UTF-8,.html,93853,7e2c0e0a731cd1ce0ae051d93209bfabc3c394707dcee1f22491c2ec2970236e,,,,,,,source,DOWNLOADED_VERIFIED,200,GET,2026-08-15T19:31:20.671Z,public GET; no authentication; archive user-agent,"{""date"":""Sat, 15 Aug 2026 19:31:20 GMT"",""content_type"":""text/html;charset=UTF-8"",""content_length"":"""",""last_modified"":"""",""etag"":"""",""content_disposition"":"""",""cache_control"":""""}",2026-08-16,政府/国际组织公开资料，按原站署名与条款使用,,shared,,,,使用本地原件；引用时保留发布机构、原URL、访问日期和许可。
WEB-0409,web,每日行情,上海黄金交易所,,06_黄金美元与储备配置,B,比较美元、短债、黄金、人民币资产与套保工具的周期性作用。,最终数据/最终数据/outputs/019f56e7-91fe-7a43-b1d0-ae50e45c9d0c/黄金价格传导链因素与时序数据_20260724.xlsx；最终数据/最终数据/outputs/019f56e7-91fe-7a43-b1d0-ae50e45c9d0c/黄金价格传导链因素与时序数据_20260724.xlsx.inspect.ndjson；最终数据/最终数据/outputs/019f56e7-91fe-7a43-b1d0-ae50e45c9d0c/金银价格波动影响因素与时序数据_20260726.xlsx；最终数据/最终数据/outputs/019f56e7-91fe-7a43-b1d0-ae50e45c9d0c/金银价格波动影响因素与时序数据_20260726.xlsx.inspect.ndjson；最终数据/最终数据/outputs/019f56e7-91fe-7a43-b1d0-ae50e45c9d0c/金银价格波动影响因素与时序数据_中文字段版_20260726.xlsx；最终数据/最终数据/outputs/019f56e7-91fe-7a43-b1d0-ae50e45c9d0c/金银价格波动影响因素与时序数据_中文字段版_20260726.xlsx.inspect.ndjson,须以原文、数据口径、发布时间和适用许可为准；媒体或行业资料不得替代核心A级证据。,https://www.sge.com.cn/sjzx/quotation_daily_new?start_date=2024-07-01&end_date=2024-07-31&inst_ids=Au99.99&p=,https://www.sge.com.cn/sjzx/quotation_daily_new?start_date=2024-07-01&end_date=2024-07-31&inst_ids=Au99.99&p=,https://www.sge.com.cn/sjzx/quotation_daily_new?start_date=2024-07-01&end_date=2024-07-31&inst_ids=Au99.99&p=,最终数据/最终数据/outputs/019f56e7-91fe-7a43-b1d0-ae50e45c9d0c/黄金价格传导链因素与时序数据_20260724.xlsx | 最终数据/最终数据/outputs/019f56e7-91fe-7a43-b1d0-ae50e45c9d0c/黄金价格传导链因素与时序数据_20260724.xlsx.inspect.ndjson | 最终数据/最终数据/outputs/019f56e7-91fe-7a43-b1d0-ae50e45c9d0c/金银价格波动影响因素与时序数据_20260726.xlsx | 最终数据/最终数据/outputs/019f56e7-91fe-7a43-b1d0-ae50e45c9d0c/金银价格波动影响因素与时序数据_20260726.xlsx.inspect.ndjson | 最终数据/最终数据/outputs/019f56e7-91fe-7a43-b1d0-ae50e45c9d0c/金银价格波动影响因素与时序数据_中文字段版_20260726.xlsx | 最终数据/最终数据/outputs/019f56e7-91fe-7a43-b1d0-ae50e45c9d0c/金银价格波动影响因素与时序数据_中文字段版_20260726.xlsx.inspect.ndjson,最终数据/最终数据/outputs/019f56e7-91fe-7a43-b1d0-ae50e45c9d0c/黄金价格传导链因素与时序数据_20260724.xlsx:xl/worksheets/sheet6.xml | 最终数据/最终数据/outputs/019f56e7-91fe-7a43-b1d0-ae50e45c9d0c/黄金价格传导链因素与时序数据_20260724.xlsx.inspect.ndjson:20945 | 最终数据/最终数据/outputs/019f56e7-91fe-7a43-b1d0-ae50e45c9d0c/金银价格波动影响因素与时序数据_20260726.xlsx:xl/worksheets/sheet6.xml | 最终数据/最终数据/outputs/019f56e7-91fe-7a43-b1d0-ae50e45c9d0c/金银价格波动影响因素与时序数据_20260726.xlsx.inspect.ndjson:31180 | 最终数据/最终数据/outputs/019f56e7-91fe-7a43-b1d0-ae50e45c9d0c/金银价格波动影响因素与时序数据_中文字段版_20260726.xlsx:xl/worksheets/sheet7.xml | 最终数据/最终数据/outputs/019f56e7-91fe-7a43-b1d0-ae50e45c9d0c/金银价格波动影响因素与时序数据_中文字段版_20260726.xlsx.inspect.ndjson:31472,,06_黄金美元与储备配置/外部原件/WEB-0409_XLSX_entry_xl_worksheets_sheet6.xml/original.html,text/html;charset=UTF-8,.html,93313,e8e5ce05be02f5b5b6e2451fc9680a3859f7873d46d3dc56a536bc8b980211c8,,,,,,,source,DOWNLOADED_VERIFIED,200,GET,2026-08-15T19:31:20.672Z,public GET; no authentication; archive user-agent,"{""date"":""Sat, 15 Aug 2026 19:31:20 GMT"",""content_type"":""text/html;charset=UTF-8"",""content_length"":"""",""last_modified"":"""",""etag"":"""",""content_disposition"":"""",""cache_control"":""""}",2026-08-16,政府/国际组织公开资料，按原站署名与条款使用,,shared,,,,使用本地原件；引用时保留发布机构、原URL、访问日期和许可。
WEB-0410,web,每日行情,上海黄金交易所,,06_黄金美元与储备配置,B,比较美元、短债、黄金、人民币资产与套保工具的周期性作用。,最终数据/最终数据/outputs/019f56e7-91fe-7a43-b1d0-ae50e45c9d0c/黄金价格传导链因素与时序数据_20260724.xlsx；最终数据/最终数据/outputs/019f56e7-91fe-7a43-b1d0-ae50e45c9d0c/黄金价格传导链因素与时序数据_20260724.xlsx.inspect.ndjson；最终数据/最终数据/outputs/019f56e7-91fe-7a43-b1d0-ae50e45c9d0c/金银价格波动影响因素与时序数据_20260726.xlsx；最终数据/最终数据/outputs/019f56e7-91fe-7a43-b1d0-ae50e45c9d0c/金银价格波动影响因素与时序数据_20260726.xlsx.inspect.ndjson；最终数据/最终数据/outputs/019f56e7-91fe-7a43-b1d0-ae50e45c9d0c/金银价格波动影响因素与时序数据_中文字段版_20260726.xlsx；最终数据/最终数据/outputs/019f56e7-91fe-7a43-b1d0-ae50e45c9d0c/金银价格波动影响因素与时序数据_中文字段版_20260726.xlsx.inspect.ndjson,须以原文、数据口径、发布时间和适用许可为准；媒体或行业资料不得替代核心A级证据。,https://www.sge.com.cn/sjzx/quotation_daily_new?start_date=2024-08-01&end_date=2024-08-31&inst_ids=Ag%28T%2BD%29&p=,https://www.sge.com.cn/sjzx/quotation_daily_new?start_date=2024-08-01&end_date=2024-08-31&inst_ids=Ag%28T%2BD%29&p=,https://www.sge.com.cn/sjzx/quotation_daily_new?start_date=2024-08-01&end_date=2024-08-31&inst_ids=Ag%28T%2BD%29&p=,最终数据/最终数据/outputs/019f56e7-91fe-7a43-b1d0-ae50e45c9d0c/黄金价格传导链因素与时序数据_20260724.xlsx | 最终数据/最终数据/outputs/019f56e7-91fe-7a43-b1d0-ae50e45c9d0c/黄金价格传导链因素与时序数据_20260724.xlsx.inspect.ndjson | 最终数据/最终数据/outputs/019f56e7-91fe-7a43-b1d0-ae50e45c9d0c/金银价格波动影响因素与时序数据_20260726.xlsx | 最终数据/最终数据/outputs/019f56e7-91fe-7a43-b1d0-ae50e45c9d0c/金银价格波动影响因素与时序数据_20260726.xlsx.inspect.ndjson | 最终数据/最终数据/outputs/019f56e7-91fe-7a43-b1d0-ae50e45c9d0c/金银价格波动影响因素与时序数据_中文字段版_20260726.xlsx | 最终数据/最终数据/outputs/019f56e7-91fe-7a43-b1d0-ae50e45c9d0c/金银价格波动影响因素与时序数据_中文字段版_20260726.xlsx.inspect.ndjson,最终数据/最终数据/outputs/019f56e7-91fe-7a43-b1d0-ae50e45c9d0c/黄金价格传导链因素与时序数据_20260724.xlsx:xl/worksheets/sheet6.xml | 最终数据/最终数据/outputs/019f56e7-91fe-7a43-b1d0-ae50e45c9d0c/黄金价格传导链因素与时序数据_20260724.xlsx.inspect.ndjson:20945 | 最终数据/最终数据/outputs/019f56e7-91fe-7a43-b1d0-ae50e45c9d0c/金银价格波动影响因素与时序数据_20260726.xlsx:xl/worksheets/sheet6.xml | 最终数据/最终数据/outputs/019f56e7-91fe-7a43-b1d0-ae50e45c9d0c/金银价格波动影响因素与时序数据_20260726.xlsx.inspect.ndjson:31180 | 最终数据/最终数据/outputs/019f56e7-91fe-7a43-b1d0-ae50e45c9d0c/金银价格波动影响因素与时序数据_中文字段版_20260726.xlsx:xl/worksheets/sheet7.xml | 最终数据/最终数据/outputs/019f56e7-91fe-7a43-b1d0-ae50e45c9d0c/金银价格波动影响因素与时序数据_中文字段版_20260726.xlsx.inspect.ndjson:31472,,06_黄金美元与储备配置/外部原件/WEB-0410_XLSX_entry_xl_worksheets_sheet6.xml/original.html,text/html;charset=UTF-8,.html,93864,9071ed20165f0c56f7fe373b0033a089c0a0ff7b468580e11b500845e5d87247,,,,,,,source,DOWNLOADED_VERIFIED,200,GET,2026-08-15T19:31:20.672Z,public GET; no authentication; archive user-agent,"{""date"":""Sat, 15 Aug 2026 19:31:20 GMT"",""content_type"":""text/html;charset=UTF-8"",""content_length"":"""",""last_modified"":"""",""etag"":"""",""content_disposition"":"""",""cache_control"":""""}",2026-08-16,政府/国际组织公开资料，按原站署名与条款使用,,shared,,,,使用本地原件；引用时保留发布机构、原URL、访问日期和许可。
WEB-0411,web,每日行情,上海黄金交易所,,06_黄金美元与储备配置,B,比较美元、短债、黄金、人民币资产与套保工具的周期性作用。,最终数据/最终数据/outputs/019f56e7-91fe-7a43-b1d0-ae50e45c9d0c/黄金价格传导链因素与时序数据_20260724.xlsx；最终数据/最终数据/outputs/019f56e7-91fe-7a43-b1d0-ae50e45c9d0c/黄金价格传导链因素与时序数据_20260724.xlsx.inspect.ndjson；最终数据/最终数据/outputs/019f56e7-91fe-7a43-b1d0-ae50e45c9d0c/金银价格波动影响因素与时序数据_20260726.xlsx；最终数据/最终数据/outputs/019f56e7-91fe-7a43-b1d0-ae50e45c9d0c/金银价格波动影响因素与时序数据_20260726.xlsx.inspect.ndjson；最终数据/最终数据/outputs/019f56e7-91fe-7a43-b1d0-ae50e45c9d0c/金银价格波动影响因素与时序数据_中文字段版_20260726.xlsx；最终数据/最终数据/outputs/019f56e7-91fe-7a43-b1d0-ae50e45c9d0c/金银价格波动影响因素与时序数据_中文字段版_20260726.xlsx.inspect.ndjson,须以原文、数据口径、发布时间和适用许可为准；媒体或行业资料不得替代核心A级证据。,https://www.sge.com.cn/sjzx/quotation_daily_new?start_date=2024-08-01&end_date=2024-08-31&inst_ids=Au99.99&p=,https://www.sge.com.cn/sjzx/quotation_daily_new?start_date=2024-08-01&end_date=2024-08-31&inst_ids=Au99.99&p=,https://www.sge.com.cn/sjzx/quotation_daily_new?start_date=2024-08-01&end_date=2024-08-31&inst_ids=Au99.99&p=,最终数据/最终数据/outputs/019f56e7-91fe-7a43-b1d0-ae50e45c9d0c/黄金价格传导链因素与时序数据_20260724.xlsx | 最终数据/最终数据/outputs/019f56e7-91fe-7a43-b1d0-ae50e45c9d0c/黄金价格传导链因素与时序数据_20260724.xlsx.inspect.ndjson | 最终数据/最终数据/outputs/019f56e7-91fe-7a43-b1d0-ae50e45c9d0c/金银价格波动影响因素与时序数据_20260726.xlsx | 最终数据/最终数据/outputs/019f56e7-91fe-7a43-b1d0-ae50e45c9d0c/金银价格波动影响因素与时序数据_20260726.xlsx.inspect.ndjson | 最终数据/最终数据/outputs/019f56e7-91fe-7a43-b1d0-ae50e45c9d0c/金银价格波动影响因素与时序数据_中文字段版_20260726.xlsx | 最终数据/最终数据/outputs/019f56e7-91fe-7a43-b1d0-ae50e45c9d0c/金银价格波动影响因素与时序数据_中文字段版_20260726.xlsx.inspect.ndjson,最终数据/最终数据/outputs/019f56e7-91fe-7a43-b1d0-ae50e45c9d0c/黄金价格传导链因素与时序数据_20260724.xlsx:xl/worksheets/sheet6.xml | 最终数据/最终数据/outputs/019f56e7-91fe-7a43-b1d0-ae50e45c9d0c/黄金价格传导链因素与时序数据_20260724.xlsx.inspect.ndjson:20945 | 最终数据/最终数据/outputs/019f56e7-91fe-7a43-b1d0-ae50e45c9d0c/金银价格波动影响因素与时序数据_20260726.xlsx:xl/worksheets/sheet6.xml | 最终数据/最终数据/outputs/019f56e7-91fe-7a43-b1d0-ae50e45c9d0c/金银价格波动影响因素与时序数据_20260726.xlsx.inspect.ndjson:31180 | 最终数据/最终数据/outputs/019f56e7-91fe-7a43-b1d0-ae50e45c9d0c/金银价格波动影响因素与时序数据_中文字段版_20260726.xlsx:xl/worksheets/sheet7.xml | 最终数据/最终数据/outputs/019f56e7-91fe-7a43-b1d0-ae50e45c9d0c/金银价格波动影响因素与时序数据_中文字段版_20260726.xlsx.inspect.ndjson:31472,,06_黄金美元与储备配置/外部原件/WEB-0411_XLSX_entry_xl_worksheets_sheet6.xml/original.html,text/html;charset=UTF-8,.html,93322,4a7613bc24949f2be0724f9a4efd84653106ccf31715bda76d34bd39eba27073,,,,,,,source,DOWNLOADED_VERIFIED,200,GET,2026-08-15T19:31:21.333Z,public GET; no authentication; archive user-agent,"{""date"":""Sat, 15 Aug 2026 19:31:20 GMT"",""content_type"":""text/html;charset=UTF-8"",""content_length"":"""",""last_modified"":"""",""etag"":"""",""content_disposition"":"""",""cache_control"":""""}",2026-08-16,政府/国际组织公开资料，按原站署名与条款使用,,shared,,,,使用本地原件；引用时保留发布机构、原URL、访问日期和许可。
WEB-0412,web,每日行情,上海黄金交易所,,06_黄金美元与储备配置,B,比较美元、短债、黄金、人民币资产与套保工具的周期性作用。,最终数据/最终数据/outputs/019f56e7-91fe-7a43-b1d0-ae50e45c9d0c/黄金价格传导链因素与时序数据_20260724.xlsx；最终数据/最终数据/outputs/019f56e7-91fe-7a43-b1d0-ae50e45c9d0c/黄金价格传导链因素与时序数据_20260724.xlsx.inspect.ndjson；最终数据/最终数据/outputs/019f56e7-91fe-7a43-b1d0-ae50e45c9d0c/金银价格波动影响因素与时序数据_20260726.xlsx；最终数据/最终数据/outputs/019f56e7-91fe-7a43-b1d0-ae50e45c9d0c/金银价格波动影响因素与时序数据_20260726.xlsx.inspect.ndjson；最终数据/最终数据/outputs/019f56e7-91fe-7a43-b1d0-ae50e45c9d0c/金银价格波动影响因素与时序数据_中文字段版_20260726.xlsx；最终数据/最终数据/outputs/019f56e7-91fe-7a43-b1d0-ae50e45c9d0c/金银价格波动影响因素与时序数据_中文字段版_20260726.xlsx.inspect.ndjson,须以原文、数据口径、发布时间和适用许可为准；媒体或行业资料不得替代核心A级证据。,https://www.sge.com.cn/sjzx/quotation_daily_new?start_date=2024-09-01&end_date=2024-09-30&inst_ids=Ag%28T%2BD%29&p=,https://www.sge.com.cn/sjzx/quotation_daily_new?start_date=2024-09-01&end_date=2024-09-30&inst_ids=Ag%28T%2BD%29&p=,https://www.sge.com.cn/sjzx/quotation_daily_new?start_date=2024-09-01&end_date=2024-09-30&inst_ids=Ag%28T%2BD%29&p=,最终数据/最终数据/outputs/019f56e7-91fe-7a43-b1d0-ae50e45c9d0c/黄金价格传导链因素与时序数据_20260724.xlsx | 最终数据/最终数据/outputs/019f56e7-91fe-7a43-b1d0-ae50e45c9d0c/黄金价格传导链因素与时序数据_20260724.xlsx.inspect.ndjson | 最终数据/最终数据/outputs/019f56e7-91fe-7a43-b1d0-ae50e45c9d0c/金银价格波动影响因素与时序数据_20260726.xlsx | 最终数据/最终数据/outputs/019f56e7-91fe-7a43-b1d0-ae50e45c9d0c/金银价格波动影响因素与时序数据_20260726.xlsx.inspect.ndjson | 最终数据/最终数据/outputs/019f56e7-91fe-7a43-b1d0-ae50e45c9d0c/金银价格波动影响因素与时序数据_中文字段版_20260726.xlsx | 最终数据/最终数据/outputs/019f56e7-91fe-7a43-b1d0-ae50e45c9d0c/金银价格波动影响因素与时序数据_中文字段版_20260726.xlsx.inspect.ndjson,最终数据/最终数据/outputs/019f56e7-91fe-7a43-b1d0-ae50e45c9d0c/黄金价格传导链因素与时序数据_20260724.xlsx:xl/worksheets/sheet6.xml | 最终数据/最终数据/outputs/019f56e7-91fe-7a43-b1d0-ae50e45c9d0c/黄金价格传导链因素与时序数据_20260724.xlsx.inspect.ndjson:20945 | 最终数据/最终数据/outputs/019f56e7-91fe-7a43-b1d0-ae50e45c9d0c/金银价格波动影响因素与时序数据_20260726.xlsx:xl/worksheets/sheet6.xml | 最终数据/最终数据/outputs/019f56e7-91fe-7a43-b1d0-ae50e45c9d0c/金银价格波动影响因素与时序数据_20260726.xlsx.inspect.ndjson:31180 | 最终数据/最终数据/outputs/019f56e7-91fe-7a43-b1d0-ae50e45c9d0c/金银价格波动影响因素与时序数据_中文字段版_20260726.xlsx:xl/worksheets/sheet7.xml | 最终数据/最终数据/outputs/019f56e7-91fe-7a43-b1d0-ae50e45c9d0c/金银价格波动影响因素与时序数据_中文字段版_20260726.xlsx.inspect.ndjson:31472,,06_黄金美元与储备配置/外部原件/WEB-0412_XLSX_entry_xl_worksheets_sheet6.xml/original.html,text/html;charset=UTF-8,.html,92594,d18f7131ea100e17ceee0cccad3cbe156bce4d40bc948314020e317e83067252,,,,,,,source,DOWNLOADED_VERIFIED,200,GET,2026-08-15T19:31:21.334Z,public GET; no authentication; archive user-agent,"{""date"":""Sat, 15 Aug 2026 19:31:20 GMT"",""content_type"":""text/html;charset=UTF-8"",""content_length"":"""",""last_modified"":"""",""etag"":"""",""content_disposition"":"""",""cache_control"":""""}",2026-08-16,政府/国际组织公开资料，按原站署名与条款使用,,shared,,,,使用本地原件；引用时保留发布机构、原URL、访问日期和许可。
WEB-0413,web,每日行情,上海黄金交易所,,06_黄金美元与储备配置,B,比较美元、短债、黄金、人民币资产与套保工具的周期性作用。,最终数据/最终数据/outputs/019f56e7-91fe-7a43-b1d0-ae50e45c9d0c/黄金价格传导链因素与时序数据_20260724.xlsx；最终数据/最终数据/outputs/019f56e7-91fe-7a43-b1d0-ae50e45c9d0c/黄金价格传导链因素与时序数据_20260724.xlsx.inspect.ndjson；最终数据/最终数据/outputs/019f56e7-91fe-7a43-b1d0-ae50e45c9d0c/金银价格波动影响因素与时序数据_20260726.xlsx；最终数据/最终数据/outputs/019f56e7-91fe-7a43-b1d0-ae50e45c9d0c/金银价格波动影响因素与时序数据_20260726.xlsx.inspect.ndjson；最终数据/最终数据/outputs/019f56e7-91fe-7a43-b1d0-ae50e45c9d0c/金银价格波动影响因素与时序数据_中文字段版_20260726.xlsx；最终数据/最终数据/outputs/019f56e7-91fe-7a43-b1d0-ae50e45c9d0c/金银价格波动影响因素与时序数据_中文字段版_20260726.xlsx.inspect.ndjson,须以原文、数据口径、发布时间和适用许可为准；媒体或行业资料不得替代核心A级证据。,https://www.sge.com.cn/sjzx/quotation_daily_new?start_date=2024-09-01&end_date=2024-09-30&inst_ids=Au99.99&p=,https://www.sge.com.cn/sjzx/quotation_daily_new?start_date=2024-09-01&end_date=2024-09-30&inst_ids=Au99.99&p=,https://www.sge.com.cn/sjzx/quotation_daily_new?start_date=2024-09-01&end_date=2024-09-30&inst_ids=Au99.99&p=,最终数据/最终数据/outputs/019f56e7-91fe-7a43-b1d0-ae50e45c9d0c/黄金价格传导链因素与时序数据_20260724.xlsx | 最终数据/最终数据/outputs/019f56e7-91fe-7a43-b1d0-ae50e45c9d0c/黄金价格传导链因素与时序数据_20260724.xlsx.inspect.ndjson | 最终数据/最终数据/outputs/019f56e7-91fe-7a43-b1d0-ae50e45c9d0c/金银价格波动影响因素与时序数据_20260726.xlsx | 最终数据/最终数据/outputs/019f56e7-91fe-7a43-b1d0-ae50e45c9d0c/金银价格波动影响因素与时序数据_20260726.xlsx.inspect.ndjson | 最终数据/最终数据/outputs/019f56e7-91fe-7a43-b1d0-ae50e45c9d0c/金银价格波动影响因素与时序数据_中文字段版_20260726.xlsx | 最终数据/最终数据/outputs/019f56e7-91fe-7a43-b1d0-ae50e45c9d0c/金银价格波动影响因素与时序数据_中文字段版_20260726.xlsx.inspect.ndjson,最终数据/最终数据/outputs/019f56e7-91fe-7a43-b1d0-ae50e45c9d0c/黄金价格传导链因素与时序数据_20260724.xlsx:xl/worksheets/sheet6.xml | 最终数据/最终数据/outputs/019f56e7-91fe-7a43-b1d0-ae50e45c9d0c/黄金价格传导链因素与时序数据_20260724.xlsx.inspect.ndjson:20945 | 最终数据/最终数据/outputs/019f56e7-91fe-7a43-b1d0-ae50e45c9d0c/金银价格波动影响因素与时序数据_20260726.xlsx:xl/worksheets/sheet6.xml | 最终数据/最终数据/outputs/019f56e7-91fe-7a43-b1d0-ae50e45c9d0c/金银价格波动影响因素与时序数据_20260726.xlsx.inspect.ndjson:31180 | 最终数据/最终数据/outputs/019f56e7-91fe-7a43-b1d0-ae50e45c9d0c/金银价格波动影响因素与时序数据_中文字段版_20260726.xlsx:xl/worksheets/sheet7.xml | 最终数据/最终数据/outputs/019f56e7-91fe-7a43-b1d0-ae50e45c9d0c/金银价格波动影响因素与时序数据_中文字段版_20260726.xlsx.inspect.ndjson:31472,,06_黄金美元与储备配置/外部原件/WEB-0413_XLSX_entry_xl_worksheets_sheet6.xml/original.html,text/html;charset=UTF-8,.html,92093,c199aa8ff8cfb6453db92b711fc77f0be3d1a469c87358eac96b80cbb6aa1366,,,,,,,source,DOWNLOADED_VERIFIED,200,GET,2026-08-15T19:31:21.332Z,public GET; no authentication; archive user-agent,"{""date"":""Sat, 15 Aug 2026 19:31:20 GMT"",""content_type"":""text/html;charset=UTF-8"",""content_length"":"""",""last_modified"":"""",""etag"":"""",""content_disposition"":"""",""cache_control"":""""}",2026-08-16,政府/国际组织公开资料，按原站署名与条款使用,,shared,,,,使用本地原件；引用时保留发布机构、原URL、访问日期和许可。
WEB-0414,web,每日行情,上海黄金交易所,,06_黄金美元与储备配置,B,比较美元、短债、黄金、人民币资产与套保工具的周期性作用。,最终数据/最终数据/outputs/019f56e7-91fe-7a43-b1d0-ae50e45c9d0c/黄金价格传导链因素与时序数据_20260724.xlsx；最终数据/最终数据/outputs/019f56e7-91fe-7a43-b1d0-ae50e45c9d0c/黄金价格传导链因素与时序数据_20260724.xlsx.inspect.ndjson；最终数据/最终数据/outputs/019f56e7-91fe-7a43-b1d0-ae50e45c9d0c/金银价格波动影响因素与时序数据_20260726.xlsx；最终数据/最终数据/outputs/019f56e7-91fe-7a43-b1d0-ae50e45c9d0c/金银价格波动影响因素与时序数据_20260726.xlsx.inspect.ndjson；最终数据/最终数据/outputs/019f56e7-91fe-7a43-b1d0-ae50e45c9d0c/金银价格波动影响因素与时序数据_中文字段版_20260726.xlsx；最终数据/最终数据/outputs/019f56e7-91fe-7a43-b1d0-ae50e45c9d0c/金银价格波动影响因素与时序数据_中文字段版_20260726.xlsx.inspect.ndjson,须以原文、数据口径、发布时间和适用许可为准；媒体或行业资料不得替代核心A级证据。,https://www.sge.com.cn/sjzx/quotation_daily_new?start_date=2024-10-01&end_date=2024-10-31&inst_ids=Ag%28T%2BD%29&p=,https://www.sge.com.cn/sjzx/quotation_daily_new?start_date=2024-10-01&end_date=2024-10-31&inst_ids=Ag%28T%2BD%29&p=,https://www.sge.com.cn/sjzx/quotation_daily_new?start_date=2024-10-01&end_date=2024-10-31&inst_ids=Ag%28T%2BD%29&p=,最终数据/最终数据/outputs/019f56e7-91fe-7a43-b1d0-ae50e45c9d0c/黄金价格传导链因素与时序数据_20260724.xlsx | 最终数据/最终数据/outputs/019f56e7-91fe-7a43-b1d0-ae50e45c9d0c/黄金价格传导链因素与时序数据_20260724.xlsx.inspect.ndjson | 最终数据/最终数据/outputs/019f56e7-91fe-7a43-b1d0-ae50e45c9d0c/金银价格波动影响因素与时序数据_20260726.xlsx | 最终数据/最终数据/outputs/019f56e7-91fe-7a43-b1d0-ae50e45c9d0c/金银价格波动影响因素与时序数据_20260726.xlsx.inspect.ndjson | 最终数据/最终数据/outputs/019f56e7-91fe-7a43-b1d0-ae50e45c9d0c/金银价格波动影响因素与时序数据_中文字段版_20260726.xlsx | 最终数据/最终数据/outputs/019f56e7-91fe-7a43-b1d0-ae50e45c9d0c/金银价格波动影响因素与时序数据_中文字段版_20260726.xlsx.inspect.ndjson,最终数据/最终数据/outputs/019f56e7-91fe-7a43-b1d0-ae50e45c9d0c/黄金价格传导链因素与时序数据_20260724.xlsx:xl/worksheets/sheet6.xml | 最终数据/最终数据/outputs/019f56e7-91fe-7a43-b1d0-ae50e45c9d0c/黄金价格传导链因素与时序数据_20260724.xlsx.inspect.ndjson:20945 | 最终数据/最终数据/outputs/019f56e7-91fe-7a43-b1d0-ae50e45c9d0c/金银价格波动影响因素与时序数据_20260726.xlsx:xl/worksheets/sheet6.xml | 最终数据/最终数据/outputs/019f56e7-91fe-7a43-b1d0-ae50e45c9d0c/金银价格波动影响因素与时序数据_20260726.xlsx.inspect.ndjson:31180 | 最终数据/最终数据/outputs/019f56e7-91fe-7a43-b1d0-ae50e45c9d0c/金银价格波动影响因素与时序数据_中文字段版_20260726.xlsx:xl/worksheets/sheet7.xml | 最终数据/最终数据/outputs/019f56e7-91fe-7a43-b1d0-ae50e45c9d0c/金银价格波动影响因素与时序数据_中文字段版_20260726.xlsx.inspect.ndjson:31472,,06_黄金美元与储备配置/外部原件/WEB-0414_XLSX_entry_xl_worksheets_sheet6.xml/original.html,text/html;charset=UTF-8,.html,91594,8d3b55dc40463181d5bc6962b9b109ac8c003b021de46038c75888433e07777e,,,,,,,source,DOWNLOADED_VERIFIED,200,GET,2026-08-15T19:31:21.334Z,public GET; no authentication; archive user-agent,"{""date"":""Sat, 15 Aug 2026 19:31:20 GMT"",""content_type"":""text/html;charset=UTF-8"",""content_length"":"""",""last_modified"":"""",""etag"":"""",""content_disposition"":"""",""cache_control"":""""}",2026-08-16,政府/国际组织公开资料，按原站署名与条款使用,,shared,,,,使用本地原件；引用时保留发布机构、原URL、访问日期和许可。
WEB-0415,web,每日行情,上海黄金交易所,,06_黄金美元与储备配置,B,比较美元、短债、黄金、人民币资产与套保工具的周期性作用。,最终数据/最终数据/outputs/019f56e7-91fe-7a43-b1d0-ae50e45c9d0c/黄金价格传导链因素与时序数据_20260724.xlsx；最终数据/最终数据/outputs/019f56e7-91fe-7a43-b1d0-ae50e45c9d0c/黄金价格传导链因素与时序数据_20260724.xlsx.inspect.ndjson；最终数据/最终数据/outputs/019f56e7-91fe-7a43-b1d0-ae50e45c9d0c/金银价格波动影响因素与时序数据_20260726.xlsx；最终数据/最终数据/outputs/019f56e7-91fe-7a43-b1d0-ae50e45c9d0c/金银价格波动影响因素与时序数据_20260726.xlsx.inspect.ndjson；最终数据/最终数据/outputs/019f56e7-91fe-7a43-b1d0-ae50e45c9d0c/金银价格波动影响因素与时序数据_中文字段版_20260726.xlsx；最终数据/最终数据/outputs/019f56e7-91fe-7a43-b1d0-ae50e45c9d0c/金银价格波动影响因素与时序数据_中文字段版_20260726.xlsx.inspect.ndjson,须以原文、数据口径、发布时间和适用许可为准；媒体或行业资料不得替代核心A级证据。,https://www.sge.com.cn/sjzx/quotation_daily_new?start_date=2024-10-01&end_date=2024-10-31&inst_ids=Au99.99&p=,https://www.sge.com.cn/sjzx/quotation_daily_new?start_date=2024-10-01&end_date=2024-10-31&inst_ids=Au99.99&p=,https://www.sge.com.cn/sjzx/quotation_daily_new?start_date=2024-10-01&end_date=2024-10-31&inst_ids=Au99.99&p=,最终数据/最终数据/outputs/019f56e7-91fe-7a43-b1d0-ae50e45c9d0c/黄金价格传导链因素与时序数据_20260724.xlsx | 最终数据/最终数据/outputs/019f56e7-91fe-7a43-b1d0-ae50e45c9d0c/黄金价格传导链因素与时序数据_20260724.xlsx.inspect.ndjson | 最终数据/最终数据/outputs/019f56e7-91fe-7a43-b1d0-ae50e45c9d0c/金银价格波动影响因素与时序数据_20260726.xlsx | 最终数据/最终数据/outputs/019f56e7-91fe-7a43-b1d0-ae50e45c9d0c/金银价格波动影响因素与时序数据_20260726.xlsx.inspect.ndjson | 最终数据/最终数据/outputs/019f56e7-91fe-7a43-b1d0-ae50e45c9d0c/金银价格波动影响因素与时序数据_中文字段版_20260726.xlsx | 最终数据/最终数据/outputs/019f56e7-91fe-7a43-b1d0-ae50e45c9d0c/金银价格波动影响因素与时序数据_中文字段版_20260726.xlsx.inspect.ndjson,最终数据/最终数据/outputs/019f56e7-91fe-7a43-b1d0-ae50e45c9d0c/黄金价格传导链因素与时序数据_20260724.xlsx:xl/worksheets/sheet6.xml | 最终数据/最终数据/outputs/019f56e7-91fe-7a43-b1d0-ae50e45c9d0c/黄金价格传导链因素与时序数据_20260724.xlsx.inspect.ndjson:20945 | 最终数据/最终数据/outputs/019f56e7-91fe-7a43-b1d0-ae50e45c9d0c/金银价格波动影响因素与时序数据_20260726.xlsx:xl/worksheets/sheet6.xml | 最终数据/最终数据/outputs/019f56e7-91fe-7a43-b1d0-ae50e45c9d0c/金银价格波动影响因素与时序数据_20260726.xlsx.inspect.ndjson:31180 | 最终数据/最终数据/outputs/019f56e7-91fe-7a43-b1d0-ae50e45c9d0c/金银价格波动影响因素与时序数据_中文字段版_20260726.xlsx:xl/worksheets/sheet7.xml | 最终数据/最终数据/outputs/019f56e7-91fe-7a43-b1d0-ae50e45c9d0c/金银价格波动影响因素与时序数据_中文字段版_20260726.xlsx.inspect.ndjson:31472,,06_黄金美元与储备配置/外部原件/WEB-0415_XLSX_entry_xl_worksheets_sheet6.xml/original.html,text/html;charset=UTF-8,.html,91125,c8935b3ded422b3b9582714d1c348603bdd3f2aae0421cbd27c1837a551c0982,,,,,,,source,DOWNLOADED_VERIFIED,200,GET,2026-08-15T19:31:21.986Z,public GET; no authentication; archive user-agent,"{""date"":""Sat, 15 Aug 2026 19:31:21 GMT"",""content_type"":""text/html;charset=UTF-8"",""content_length"":"""",""last_modified"":"""",""etag"":"""",""content_disposition"":"""",""cache_control"":""""}",2026-08-16,政府/国际组织公开资料，按原站署名与条款使用,,shared,,,,使用本地原件；引用时保留发布机构、原URL、访问日期和许可。
WEB-0416,web,每日行情,上海黄金交易所,,06_黄金美元与储备配置,B,比较美元、短债、黄金、人民币资产与套保工具的周期性作用。,最终数据/最终数据/outputs/019f56e7-91fe-7a43-b1d0-ae50e45c9d0c/黄金价格传导链因素与时序数据_20260724.xlsx；最终数据/最终数据/outputs/019f56e7-91fe-7a43-b1d0-ae50e45c9d0c/黄金价格传导链因素与时序数据_20260724.xlsx.inspect.ndjson；最终数据/最终数据/outputs/019f56e7-91fe-7a43-b1d0-ae50e45c9d0c/金银价格波动影响因素与时序数据_20260726.xlsx；最终数据/最终数据/outputs/019f56e7-91fe-7a43-b1d0-ae50e45c9d0c/金银价格波动影响因素与时序数据_20260726.xlsx.inspect.ndjson；最终数据/最终数据/outputs/019f56e7-91fe-7a43-b1d0-ae50e45c9d0c/金银价格波动影响因素与时序数据_中文字段版_20260726.xlsx；最终数据/最终数据/outputs/019f56e7-91fe-7a43-b1d0-ae50e45c9d0c/金银价格波动影响因素与时序数据_中文字段版_20260726.xlsx.inspect.ndjson,须以原文、数据口径、发布时间和适用许可为准；媒体或行业资料不得替代核心A级证据。,https://www.sge.com.cn/sjzx/quotation_daily_new?start_date=2024-11-01&end_date=2024-11-30&inst_ids=Ag%28T%2BD%29&p=,https://www.sge.com.cn/sjzx/quotation_daily_new?start_date=2024-11-01&end_date=2024-11-30&inst_ids=Ag%28T%2BD%29&p=,https://www.sge.com.cn/sjzx/quotation_daily_new?start_date=2024-11-01&end_date=2024-11-30&inst_ids=Ag%28T%2BD%29&p=,最终数据/最终数据/outputs/019f56e7-91fe-7a43-b1d0-ae50e45c9d0c/黄金价格传导链因素与时序数据_20260724.xlsx | 最终数据/最终数据/outputs/019f56e7-91fe-7a43-b1d0-ae50e45c9d0c/黄金价格传导链因素与时序数据_20260724.xlsx.inspect.ndjson | 最终数据/最终数据/outputs/019f56e7-91fe-7a43-b1d0-ae50e45c9d0c/金银价格波动影响因素与时序数据_20260726.xlsx | 最终数据/最终数据/outputs/019f56e7-91fe-7a43-b1d0-ae50e45c9d0c/金银价格波动影响因素与时序数据_20260726.xlsx.inspect.ndjson | 最终数据/最终数据/outputs/019f56e7-91fe-7a43-b1d0-ae50e45c9d0c/金银价格波动影响因素与时序数据_中文字段版_20260726.xlsx | 最终数据/最终数据/outputs/019f56e7-91fe-7a43-b1d0-ae50e45c9d0c/金银价格波动影响因素与时序数据_中文字段版_20260726.xlsx.inspect.ndjson,最终数据/最终数据/outputs/019f56e7-91fe-7a43-b1d0-ae50e45c9d0c/黄金价格传导链因素与时序数据_20260724.xlsx:xl/worksheets/sheet6.xml | 最终数据/最终数据/outputs/019f56e7-91fe-7a43-b1d0-ae50e45c9d0c/黄金价格传导链因素与时序数据_20260724.xlsx.inspect.ndjson:20945 | 最终数据/最终数据/outputs/019f56e7-91fe-7a43-b1d0-ae50e45c9d0c/金银价格波动影响因素与时序数据_20260726.xlsx:xl/worksheets/sheet6.xml | 最终数据/最终数据/outputs/019f56e7-91fe-7a43-b1d0-ae50e45c9d0c/金银价格波动影响因素与时序数据_20260726.xlsx.inspect.ndjson:31180 | 最终数据/最终数据/outputs/019f56e7-91fe-7a43-b1d0-ae50e45c9d0c/金银价格波动影响因素与时序数据_中文字段版_20260726.xlsx:xl/worksheets/sheet7.xml | 最终数据/最终数据/outputs/019f56e7-91fe-7a43-b1d0-ae50e45c9d0c/金银价格波动影响因素与时序数据_中文字段版_20260726.xlsx.inspect.ndjson:31472,,06_黄金美元与储备配置/外部原件/WEB-0416_XLSX_entry_xl_worksheets_sheet6.xml/original.html,text/html;charset=UTF-8,.html,93860,ee9b43174ba9c4f4db453d193470f14926b7a55e710befaf4431ee778ab387ef,,,,,,,source,DOWNLOADED_VERIFIED,200,GET,2026-08-15T19:31:21.988Z,public GET; no authentication; archive user-agent,"{""date"":""Sat, 15 Aug 2026 19:31:21 GMT"",""content_type"":""text/html;charset=UTF-8"",""content_length"":"""",""last_modified"":"""",""etag"":"""",""content_disposition"":"""",""cache_control"":""""}",2026-08-16,政府/国际组织公开资料，按原站署名与条款使用,,shared,,,,使用本地原件；引用时保留发布机构、原URL、访问日期和许可。
WEB-0417,web,每日行情,上海黄金交易所,,06_黄金美元与储备配置,B,比较美元、短债、黄金、人民币资产与套保工具的周期性作用。,最终数据/最终数据/outputs/019f56e7-91fe-7a43-b1d0-ae50e45c9d0c/黄金价格传导链因素与时序数据_20260724.xlsx；最终数据/最终数据/outputs/019f56e7-91fe-7a43-b1d0-ae50e45c9d0c/黄金价格传导链因素与时序数据_20260724.xlsx.inspect.ndjson；最终数据/最终数据/outputs/019f56e7-91fe-7a43-b1d0-ae50e45c9d0c/金银价格波动影响因素与时序数据_20260726.xlsx；最终数据/最终数据/outputs/019f56e7-91fe-7a43-b1d0-ae50e45c9d0c/金银价格波动影响因素与时序数据_20260726.xlsx.inspect.ndjson；最终数据/最终数据/outputs/019f56e7-91fe-7a43-b1d0-ae50e45c9d0c/金银价格波动影响因素与时序数据_中文字段版_20260726.xlsx；最终数据/最终数据/outputs/019f56e7-91fe-7a43-b1d0-ae50e45c9d0c/金银价格波动影响因素与时序数据_中文字段版_20260726.xlsx.inspect.ndjson,须以原文、数据口径、发布时间和适用许可为准；媒体或行业资料不得替代核心A级证据。,https://www.sge.com.cn/sjzx/quotation_daily_new?start_date=2024-11-01&end_date=2024-11-30&inst_ids=Au99.99&p=,https://www.sge.com.cn/sjzx/quotation_daily_new?start_date=2024-11-01&end_date=2024-11-30&inst_ids=Au99.99&p=,https://www.sge.com.cn/sjzx/quotation_daily_new?start_date=2024-11-01&end_date=2024-11-30&inst_ids=Au99.99&p=,最终数据/最终数据/outputs/019f56e7-91fe-7a43-b1d0-ae50e45c9d0c/黄金价格传导链因素与时序数据_20260724.xlsx | 最终数据/最终数据/outputs/019f56e7-91fe-7a43-b1d0-ae50e45c9d0c/黄金价格传导链因素与时序数据_20260724.xlsx.inspect.ndjson | 最终数据/最终数据/outputs/019f56e7-91fe-7a43-b1d0-ae50e45c9d0c/金银价格波动影响因素与时序数据_20260726.xlsx | 最终数据/最终数据/outputs/019f56e7-91fe-7a43-b1d0-ae50e45c9d0c/金银价格波动影响因素与时序数据_20260726.xlsx.inspect.ndjson | 最终数据/最终数据/outputs/019f56e7-91fe-7a43-b1d0-ae50e45c9d0c/金银价格波动影响因素与时序数据_中文字段版_20260726.xlsx | 最终数据/最终数据/outputs/019f56e7-91fe-7a43-b1d0-ae50e45c9d0c/金银价格波动影响因素与时序数据_中文字段版_20260726.xlsx.inspect.ndjson,最终数据/最终数据/outputs/019f56e7-91fe-7a43-b1d0-ae50e45c9d0c/黄金价格传导链因素与时序数据_20260724.xlsx:xl/worksheets/sheet6.xml | 最终数据/最终数据/outputs/019f56e7-91fe-7a43-b1d0-ae50e45c9d0c/黄金价格传导链因素与时序数据_20260724.xlsx.inspect.ndjson:20945 | 最终数据/最终数据/outputs/019f56e7-91fe-7a43-b1d0-ae50e45c9d0c/金银价格波动影响因素与时序数据_20260726.xlsx:xl/worksheets/sheet6.xml | 最终数据/最终数据/outputs/019f56e7-91fe-7a43-b1d0-ae50e45c9d0c/金银价格波动影响因素与时序数据_20260726.xlsx.inspect.ndjson:31180 | 最终数据/最终数据/outputs/019f56e7-91fe-7a43-b1d0-ae50e45c9d0c/金银价格波动影响因素与时序数据_中文字段版_20260726.xlsx:xl/worksheets/sheet7.xml | 最终数据/最终数据/outputs/019f56e7-91fe-7a43-b1d0-ae50e45c9d0c/金银价格波动影响因素与时序数据_中文字段版_20260726.xlsx.inspect.ndjson:31472,,06_黄金美元与储备配置/外部原件/WEB-0417_XLSX_entry_xl_worksheets_sheet6.xml/original.html,text/html;charset=UTF-8,.html,93323,fa87385f2aba2637a9f0625cb4fb2bb8a135ed86883431757ecda892d6560755,,,,,,,source,DOWNLOADED_VERIFIED,200,GET,2026-08-15T19:31:21.987Z,public GET; no authentication; archive user-agent,"{""date"":""Sat, 15 Aug 2026 19:31:21 GMT"",""content_type"":""text/html;charset=UTF-8"",""content_length"":"""",""last_modified"":"""",""etag"":"""",""content_disposition"":"""",""cache_control"":""""}",2026-08-16,政府/国际组织公开资料，按原站署名与条款使用,,shared,,,,使用本地原件；引用时保留发布机构、原URL、访问日期和许可。
WEB-0418,web,每日行情,上海黄金交易所,,06_黄金美元与储备配置,B,比较美元、短债、黄金、人民币资产与套保工具的周期性作用。,最终数据/最终数据/outputs/019f56e7-91fe-7a43-b1d0-ae50e45c9d0c/黄金价格传导链因素与时序数据_20260724.xlsx；最终数据/最终数据/outputs/019f56e7-91fe-7a43-b1d0-ae50e45c9d0c/黄金价格传导链因素与时序数据_20260724.xlsx.inspect.ndjson；最终数据/最终数据/outputs/019f56e7-91fe-7a43-b1d0-ae50e45c9d0c/金银价格波动影响因素与时序数据_20260726.xlsx；最终数据/最终数据/outputs/019f56e7-91fe-7a43-b1d0-ae50e45c9d0c/金银价格波动影响因素与时序数据_20260726.xlsx.inspect.ndjson；最终数据/最终数据/outputs/019f56e7-91fe-7a43-b1d0-ae50e45c9d0c/金银价格波动影响因素与时序数据_中文字段版_20260726.xlsx；最终数据/最终数据/outputs/019f56e7-91fe-7a43-b1d0-ae50e45c9d0c/金银价格波动影响因素与时序数据_中文字段版_20260726.xlsx.inspect.ndjson,须以原文、数据口径、发布时间和适用许可为准；媒体或行业资料不得替代核心A级证据。,https://www.sge.com.cn/sjzx/quotation_daily_new?start_date=2024-12-01&end_date=2024-12-31&inst_ids=Ag%28T%2BD%29&p=,https://www.sge.com.cn/sjzx/quotation_daily_new?start_date=2024-12-01&end_date=2024-12-31&inst_ids=Ag%28T%2BD%29&p=,https://www.sge.com.cn/sjzx/quotation_daily_new?start_date=2024-12-01&end_date=2024-12-31&inst_ids=Ag%28T%2BD%29&p=,最终数据/最终数据/outputs/019f56e7-91fe-7a43-b1d0-ae50e45c9d0c/黄金价格传导链因素与时序数据_20260724.xlsx | 最终数据/最终数据/outputs/019f56e7-91fe-7a43-b1d0-ae50e45c9d0c/黄金价格传导链因素与时序数据_20260724.xlsx.inspect.ndjson | 最终数据/最终数据/outputs/019f56e7-91fe-7a43-b1d0-ae50e45c9d0c/金银价格波动影响因素与时序数据_20260726.xlsx | 最终数据/最终数据/outputs/019f56e7-91fe-7a43-b1d0-ae50e45c9d0c/金银价格波动影响因素与时序数据_20260726.xlsx.inspect.ndjson | 最终数据/最终数据/outputs/019f56e7-91fe-7a43-b1d0-ae50e45c9d0c/金银价格波动影响因素与时序数据_中文字段版_20260726.xlsx | 最终数据/最终数据/outputs/019f56e7-91fe-7a43-b1d0-ae50e45c9d0c/金银价格波动影响因素与时序数据_中文字段版_20260726.xlsx.inspect.ndjson,最终数据/最终数据/outputs/019f56e7-91fe-7a43-b1d0-ae50e45c9d0c/黄金价格传导链因素与时序数据_20260724.xlsx:xl/worksheets/sheet6.xml | 最终数据/最终数据/outputs/019f56e7-91fe-7a43-b1d0-ae50e45c9d0c/黄金价格传导链因素与时序数据_20260724.xlsx.inspect.ndjson:20945 | 最终数据/最终数据/outputs/019f56e7-91fe-7a43-b1d0-ae50e45c9d0c/金银价格波动影响因素与时序数据_20260726.xlsx:xl/worksheets/sheet6.xml | 最终数据/最终数据/outputs/019f56e7-91fe-7a43-b1d0-ae50e45c9d0c/金银价格波动影响因素与时序数据_20260726.xlsx.inspect.ndjson:31180 | 最终数据/最终数据/outputs/019f56e7-91fe-7a43-b1d0-ae50e45c9d0c/金银价格波动影响因素与时序数据_中文字段版_20260726.xlsx:xl/worksheets/sheet7.xml | 最终数据/最终数据/outputs/019f56e7-91fe-7a43-b1d0-ae50e45c9d0c/金银价格波动影响因素与时序数据_中文字段版_20260726.xlsx.inspect.ndjson:31472,,06_黄金美元与储备配置/外部原件/WEB-0418_XLSX_entry_xl_worksheets_sheet6.xml/original.html,text/html;charset=UTF-8,.html,93858,4ab7f128dc1b185cd2561b9ab370b435b1a02264e441c2e0766eddb45766cb3a,,,,,,,source,DOWNLOADED_VERIFIED,200,GET,2026-08-15T19:31:21.988Z,public GET; no authentication; archive user-agent,"{""date"":""Sat, 15 Aug 2026 19:31:21 GMT"",""content_type"":""text/html;charset=UTF-8"",""content_length"":"""",""last_modified"":"""",""etag"":"""",""content_disposition"":"""",""cache_control"":""""}",2026-08-16,政府/国际组织公开资料，按原站署名与条款使用,,shared,,,,使用本地原件；引用时保留发布机构、原URL、访问日期和许可。
WEB-0419,web,每日行情,上海黄金交易所,,06_黄金美元与储备配置,B,比较美元、短债、黄金、人民币资产与套保工具的周期性作用。,最终数据/最终数据/outputs/019f56e7-91fe-7a43-b1d0-ae50e45c9d0c/黄金价格传导链因素与时序数据_20260724.xlsx；最终数据/最终数据/outputs/019f56e7-91fe-7a43-b1d0-ae50e45c9d0c/黄金价格传导链因素与时序数据_20260724.xlsx.inspect.ndjson；最终数据/最终数据/outputs/019f56e7-91fe-7a43-b1d0-ae50e45c9d0c/金银价格波动影响因素与时序数据_20260726.xlsx；最终数据/最终数据/outputs/019f56e7-91fe-7a43-b1d0-ae50e45c9d0c/金银价格波动影响因素与时序数据_20260726.xlsx.inspect.ndjson；最终数据/最终数据/outputs/019f56e7-91fe-7a43-b1d0-ae50e45c9d0c/金银价格波动影响因素与时序数据_中文字段版_20260726.xlsx；最终数据/最终数据/outputs/019f56e7-91fe-7a43-b1d0-ae50e45c9d0c/金银价格波动影响因素与时序数据_中文字段版_20260726.xlsx.inspect.ndjson,须以原文、数据口径、发布时间和适用许可为准；媒体或行业资料不得替代核心A级证据。,https://www.sge.com.cn/sjzx/quotation_daily_new?start_date=2024-12-01&end_date=2024-12-31&inst_ids=Au99.99&p=,https://www.sge.com.cn/sjzx/quotation_daily_new?start_date=2024-12-01&end_date=2024-12-31&inst_ids=Au99.99&p=,https://www.sge.com.cn/sjzx/quotation_daily_new?start_date=2024-12-01&end_date=2024-12-31&inst_ids=Au99.99&p=,最终数据/最终数据/outputs/019f56e7-91fe-7a43-b1d0-ae50e45c9d0c/黄金价格传导链因素与时序数据_20260724.xlsx | 最终数据/最终数据/outputs/019f56e7-91fe-7a43-b1d0-ae50e45c9d0c/黄金价格传导链因素与时序数据_20260724.xlsx.inspect.ndjson | 最终数据/最终数据/outputs/019f56e7-91fe-7a43-b1d0-ae50e45c9d0c/金银价格波动影响因素与时序数据_20260726.xlsx | 最终数据/最终数据/outputs/019f56e7-91fe-7a43-b1d0-ae50e45c9d0c/金银价格波动影响因素与时序数据_20260726.xlsx.inspect.ndjson | 最终数据/最终数据/outputs/019f56e7-91fe-7a43-b1d0-ae50e45c9d0c/金银价格波动影响因素与时序数据_中文字段版_20260726.xlsx | 最终数据/最终数据/outputs/019f56e7-91fe-7a43-b1d0-ae50e45c9d0c/金银价格波动影响因素与时序数据_中文字段版_20260726.xlsx.inspect.ndjson,最终数据/最终数据/outputs/019f56e7-91fe-7a43-b1d0-ae50e45c9d0c/黄金价格传导链因素与时序数据_20260724.xlsx:xl/worksheets/sheet6.xml | 最终数据/最终数据/outputs/019f56e7-91fe-7a43-b1d0-ae50e45c9d0c/黄金价格传导链因素与时序数据_20260724.xlsx.inspect.ndjson:20945 | 最终数据/最终数据/outputs/019f56e7-91fe-7a43-b1d0-ae50e45c9d0c/金银价格波动影响因素与时序数据_20260726.xlsx:xl/worksheets/sheet6.xml | 最终数据/最终数据/outputs/019f56e7-91fe-7a43-b1d0-ae50e45c9d0c/金银价格波动影响因素与时序数据_20260726.xlsx.inspect.ndjson:31180 | 最终数据/最终数据/outputs/019f56e7-91fe-7a43-b1d0-ae50e45c9d0c/金银价格波动影响因素与时序数据_中文字段版_20260726.xlsx:xl/worksheets/sheet7.xml | 最终数据/最终数据/outputs/019f56e7-91fe-7a43-b1d0-ae50e45c9d0c/金银价格波动影响因素与时序数据_中文字段版_20260726.xlsx.inspect.ndjson:31472,,06_黄金美元与储备配置/外部原件/WEB-0419_XLSX_entry_xl_worksheets_sheet6.xml/original.html,text/html;charset=UTF-8,.html,93335,02caec9d915ad8ee5e360c7f5ec2122f686f9a15a1ac4bc237f68f988c6bef12,,,,,,,source,DOWNLOADED_VERIFIED,200,GET,2026-08-15T19:31:22.649Z,public GET; no authentication; archive user-agent,"{""date"":""Sat, 15 Aug 2026 19:31:21 GMT"",""content_type"":""text/html;charset=UTF-8"",""content_length"":"""",""last_modified"":"""",""etag"":"""",""content_disposition"":"""",""cache_control"":""""}",2026-08-16,政府/国际组织公开资料，按原站署名与条款使用,,shared,,,,使用本地原件；引用时保留发布机构、原URL、访问日期和许可。
WEB-0420,web,每日行情,上海黄金交易所,,06_黄金美元与储备配置,B,比较美元、短债、黄金、人民币资产与套保工具的周期性作用。,最终数据/最终数据/outputs/019f56e7-91fe-7a43-b1d0-ae50e45c9d0c/黄金价格传导链因素与时序数据_20260724.xlsx；最终数据/最终数据/outputs/019f56e7-91fe-7a43-b1d0-ae50e45c9d0c/黄金价格传导链因素与时序数据_20260724.xlsx.inspect.ndjson；最终数据/最终数据/outputs/019f56e7-91fe-7a43-b1d0-ae50e45c9d0c/金银价格波动影响因素与时序数据_20260726.xlsx；最终数据/最终数据/outputs/019f56e7-91fe-7a43-b1d0-ae50e45c9d0c/金银价格波动影响因素与时序数据_20260726.xlsx.inspect.ndjson；最终数据/最终数据/outputs/019f56e7-91fe-7a43-b1d0-ae50e45c9d0c/金银价格波动影响因素与时序数据_中文字段版_20260726.xlsx；最终数据/最终数据/outputs/019f56e7-91fe-7a43-b1d0-ae50e45c9d0c/金银价格波动影响因素与时序数据_中文字段版_20260726.xlsx.inspect.ndjson,须以原文、数据口径、发布时间和适用许可为准；媒体或行业资料不得替代核心A级证据。,https://www.sge.com.cn/sjzx/quotation_daily_new?start_date=2025-01-01&end_date=2025-01-31&inst_ids=Ag%28T%2BD%29&p=,https://www.sge.com.cn/sjzx/quotation_daily_new?start_date=2025-01-01&end_date=2025-01-31&inst_ids=Ag%28T%2BD%29&p=,https://www.sge.com.cn/sjzx/quotation_daily_new?start_date=2025-01-01&end_date=2025-01-31&inst_ids=Ag%28T%2BD%29&p=,最终数据/最终数据/outputs/019f56e7-91fe-7a43-b1d0-ae50e45c9d0c/黄金价格传导链因素与时序数据_20260724.xlsx | 最终数据/最终数据/outputs/019f56e7-91fe-7a43-b1d0-ae50e45c9d0c/黄金价格传导链因素与时序数据_20260724.xlsx.inspect.ndjson | 最终数据/最终数据/outputs/019f56e7-91fe-7a43-b1d0-ae50e45c9d0c/金银价格波动影响因素与时序数据_20260726.xlsx | 最终数据/最终数据/outputs/019f56e7-91fe-7a43-b1d0-ae50e45c9d0c/金银价格波动影响因素与时序数据_20260726.xlsx.inspect.ndjson | 最终数据/最终数据/outputs/019f56e7-91fe-7a43-b1d0-ae50e45c9d0c/金银价格波动影响因素与时序数据_中文字段版_20260726.xlsx | 最终数据/最终数据/outputs/019f56e7-91fe-7a43-b1d0-ae50e45c9d0c/金银价格波动影响因素与时序数据_中文字段版_20260726.xlsx.inspect.ndjson,最终数据/最终数据/outputs/019f56e7-91fe-7a43-b1d0-ae50e45c9d0c/黄金价格传导链因素与时序数据_20260724.xlsx:xl/worksheets/sheet6.xml | 最终数据/最终数据/outputs/019f56e7-91fe-7a43-b1d0-ae50e45c9d0c/黄金价格传导链因素与时序数据_20260724.xlsx.inspect.ndjson:20945 | 最终数据/最终数据/outputs/019f56e7-91fe-7a43-b1d0-ae50e45c9d0c/金银价格波动影响因素与时序数据_20260726.xlsx:xl/worksheets/sheet6.xml | 最终数据/最终数据/outputs/019f56e7-91fe-7a43-b1d0-ae50e45c9d0c/金银价格波动影响因素与时序数据_20260726.xlsx.inspect.ndjson:31180 | 最终数据/最终数据/outputs/019f56e7-91fe-7a43-b1d0-ae50e45c9d0c/金银价格波动影响因素与时序数据_中文字段版_20260726.xlsx:xl/worksheets/sheet7.xml | 最终数据/最终数据/outputs/019f56e7-91fe-7a43-b1d0-ae50e45c9d0c/金银价格波动影响因素与时序数据_中文字段版_20260726.xlsx.inspect.ndjson:31472,,06_黄金美元与储备配置/外部原件/WEB-0420_XLSX_entry_xl_worksheets_sheet6.xml/original.html,text/html;charset=UTF-8,.html,91600,fe26c1ffa6ea4d0f0485c61c67f9548f7e67944fe0d04341b9fbec7e61ddf06c,,,,,,,source,DOWNLOADED_VERIFIED,200,GET,2026-08-15T19:31:22.650Z,public GET; no authentication; archive user-agent,"{""date"":""Sat, 15 Aug 2026 19:31:21 GMT"",""content_type"":""text/html;charset=UTF-8"",""content_length"":"""",""last_modified"":"""",""etag"":"""",""content_disposition"":"""",""cache_control"":""""}",2026-08-16,政府/国际组织公开资料，按原站署名与条款使用,,shared,,,,使用本地原件；引用时保留发布机构、原URL、访问日期和许可。
WEB-0421,web,每日行情,上海黄金交易所,,06_黄金美元与储备配置,B,比较美元、短债、黄金、人民币资产与套保工具的周期性作用。,最终数据/最终数据/outputs/019f56e7-91fe-7a43-b1d0-ae50e45c9d0c/黄金价格传导链因素与时序数据_20260724.xlsx；最终数据/最终数据/outputs/019f56e7-91fe-7a43-b1d0-ae50e45c9d0c/黄金价格传导链因素与时序数据_20260724.xlsx.inspect.ndjson；最终数据/最终数据/outputs/019f56e7-91fe-7a43-b1d0-ae50e45c9d0c/金银价格波动影响因素与时序数据_20260726.xlsx；最终数据/最终数据/outputs/019f56e7-91fe-7a43-b1d0-ae50e45c9d0c/金银价格波动影响因素与时序数据_20260726.xlsx.inspect.ndjson；最终数据/最终数据/outputs/019f56e7-91fe-7a43-b1d0-ae50e45c9d0c/金银价格波动影响因素与时序数据_中文字段版_20260726.xlsx；最终数据/最终数据/outputs/019f56e7-91fe-7a43-b1d0-ae50e45c9d0c/金银价格波动影响因素与时序数据_中文字段版_20260726.xlsx.inspect.ndjson,须以原文、数据口径、发布时间和适用许可为准；媒体或行业资料不得替代核心A级证据。,https://www.sge.com.cn/sjzx/quotation_daily_new?start_date=2025-01-01&end_date=2025-01-31&inst_ids=Au99.99&p=,https://www.sge.com.cn/sjzx/quotation_daily_new?start_date=2025-01-01&end_date=2025-01-31&inst_ids=Au99.99&p=,https://www.sge.com.cn/sjzx/quotation_daily_new?start_date=2025-01-01&end_date=2025-01-31&inst_ids=Au99.99&p=,最终数据/最终数据/outputs/019f56e7-91fe-7a43-b1d0-ae50e45c9d0c/黄金价格传导链因素与时序数据_20260724.xlsx | 最终数据/最终数据/outputs/019f56e7-91fe-7a43-b1d0-ae50e45c9d0c/黄金价格传导链因素与时序数据_20260724.xlsx.inspect.ndjson | 最终数据/最终数据/outputs/019f56e7-91fe-7a43-b1d0-ae50e45c9d0c/金银价格波动影响因素与时序数据_20260726.xlsx | 最终数据/最终数据/outputs/019f56e7-91fe-7a43-b1d0-ae50e45c9d0c/金银价格波动影响因素与时序数据_20260726.xlsx.inspect.ndjson | 最终数据/最终数据/outputs/019f56e7-91fe-7a43-b1d0-ae50e45c9d0c/金银价格波动影响因素与时序数据_中文字段版_20260726.xlsx | 最终数据/最终数据/outputs/019f56e7-91fe-7a43-b1d0-ae50e45c9d0c/金银价格波动影响因素与时序数据_中文字段版_20260726.xlsx.inspect.ndjson,最终数据/最终数据/outputs/019f56e7-91fe-7a43-b1d0-ae50e45c9d0c/黄金价格传导链因素与时序数据_20260724.xlsx:xl/worksheets/sheet6.xml | 最终数据/最终数据/outputs/019f56e7-91fe-7a43-b1d0-ae50e45c9d0c/黄金价格传导链因素与时序数据_20260724.xlsx.inspect.ndjson:20945 | 最终数据/最终数据/outputs/019f56e7-91fe-7a43-b1d0-ae50e45c9d0c/金银价格波动影响因素与时序数据_20260726.xlsx:xl/worksheets/sheet6.xml | 最终数据/最终数据/outputs/019f56e7-91fe-7a43-b1d0-ae50e45c9d0c/金银价格波动影响因素与时序数据_20260726.xlsx.inspect.ndjson:31180 | 最终数据/最终数据/outputs/019f56e7-91fe-7a43-b1d0-ae50e45c9d0c/金银价格波动影响因素与时序数据_中文字段版_20260726.xlsx:xl/worksheets/sheet7.xml | 最终数据/最终数据/outputs/019f56e7-91fe-7a43-b1d0-ae50e45c9d0c/金银价格波动影响因素与时序数据_中文字段版_20260726.xlsx.inspect.ndjson:31472,,06_黄金美元与储备配置/外部原件/WEB-0421_XLSX_entry_xl_worksheets_sheet6.xml/original.html,text/html;charset=UTF-8,.html,91120,16f51e89c220914ce621b67e8070a19442df70993a9322b05e527eca937326ed,,,,,,,source,DOWNLOADED_VERIFIED,200,GET,2026-08-15T19:31:22.650Z,public GET; no authentication; archive user-agent,"{""date"":""Sat, 15 Aug 2026 19:31:21 GMT"",""content_type"":""text/html;charset=UTF-8"",""content_length"":"""",""last_modified"":"""",""etag"":"""",""content_disposition"":"""",""cache_control"":""""}",2026-08-16,政府/国际组织公开资料，按原站署名与条款使用,,shared,,,,使用本地原件；引用时保留发布机构、原URL、访问日期和许可。
WEB-0422,web,每日行情,上海黄金交易所,,06_黄金美元与储备配置,B,比较美元、短债、黄金、人民币资产与套保工具的周期性作用。,最终数据/最终数据/outputs/019f56e7-91fe-7a43-b1d0-ae50e45c9d0c/黄金价格传导链因素与时序数据_20260724.xlsx；最终数据/最终数据/outputs/019f56e7-91fe-7a43-b1d0-ae50e45c9d0c/黄金价格传导链因素与时序数据_20260724.xlsx.inspect.ndjson；最终数据/最终数据/outputs/019f56e7-91fe-7a43-b1d0-ae50e45c9d0c/金银价格波动影响因素与时序数据_20260726.xlsx；最终数据/最终数据/outputs/019f56e7-91fe-7a43-b1d0-ae50e45c9d0c/金银价格波动影响因素与时序数据_20260726.xlsx.inspect.ndjson；最终数据/最终数据/outputs/019f56e7-91fe-7a43-b1d0-ae50e45c9d0c/金银价格波动影响因素与时序数据_中文字段版_20260726.xlsx；最终数据/最终数据/outputs/019f56e7-91fe-7a43-b1d0-ae50e45c9d0c/金银价格波动影响因素与时序数据_中文字段版_20260726.xlsx.inspect.ndjson,须以原文、数据口径、发布时间和适用许可为准；媒体或行业资料不得替代核心A级证据。,https://www.sge.com.cn/sjzx/quotation_daily_new?start_date=2025-02-01&end_date=2025-02-28&inst_ids=Ag%28T%2BD%29&p=,https://www.sge.com.cn/sjzx/quotation_daily_new?start_date=2025-02-01&end_date=2025-02-28&inst_ids=Ag%28T%2BD%29&p=,https://www.sge.com.cn/sjzx/quotation_daily_new?start_date=2025-02-01&end_date=2025-02-28&inst_ids=Ag%28T%2BD%29&p=,最终数据/最终数据/outputs/019f56e7-91fe-7a43-b1d0-ae50e45c9d0c/黄金价格传导链因素与时序数据_20260724.xlsx | 最终数据/最终数据/outputs/019f56e7-91fe-7a43-b1d0-ae50e45c9d0c/黄金价格传导链因素与时序数据_20260724.xlsx.inspect.ndjson | 最终数据/最终数据/outputs/019f56e7-91fe-7a43-b1d0-ae50e45c9d0c/金银价格波动影响因素与时序数据_20260726.xlsx | 最终数据/最终数据/outputs/019f56e7-91fe-7a43-b1d0-ae50e45c9d0c/金银价格波动影响因素与时序数据_20260726.xlsx.inspect.ndjson | 最终数据/最终数据/outputs/019f56e7-91fe-7a43-b1d0-ae50e45c9d0c/金银价格波动影响因素与时序数据_中文字段版_20260726.xlsx | 最终数据/最终数据/outputs/019f56e7-91fe-7a43-b1d0-ae50e45c9d0c/金银价格波动影响因素与时序数据_中文字段版_20260726.xlsx.inspect.ndjson,最终数据/最终数据/outputs/019f56e7-91fe-7a43-b1d0-ae50e45c9d0c/黄金价格传导链因素与时序数据_20260724.xlsx:xl/worksheets/sheet6.xml | 最终数据/最终数据/outputs/019f56e7-91fe-7a43-b1d0-ae50e45c9d0c/黄金价格传导链因素与时序数据_20260724.xlsx.inspect.ndjson:20945 | 最终数据/最终数据/outputs/019f56e7-91fe-7a43-b1d0-ae50e45c9d0c/金银价格波动影响因素与时序数据_20260726.xlsx:xl/worksheets/sheet6.xml | 最终数据/最终数据/outputs/019f56e7-91fe-7a43-b1d0-ae50e45c9d0c/金银价格波动影响因素与时序数据_20260726.xlsx.inspect.ndjson:31180 | 最终数据/最终数据/outputs/019f56e7-91fe-7a43-b1d0-ae50e45c9d0c/金银价格波动影响因素与时序数据_中文字段版_20260726.xlsx:xl/worksheets/sheet7.xml | 最终数据/最终数据/outputs/019f56e7-91fe-7a43-b1d0-ae50e45c9d0c/金银价格波动影响因素与时序数据_中文字段版_20260726.xlsx.inspect.ndjson:31472,,06_黄金美元与储备配置/外部原件/WEB-0422_XLSX_entry_xl_worksheets_sheet6.xml/original.html,text/html;charset=UTF-8,.html,91608,c6e8324dded89a4370db63b305f5fbb75a9712a78752d80e65cf479055e392e3,,,,,,,source,DOWNLOADED_VERIFIED,200,GET,2026-08-15T19:31:22.650Z,public GET; no authentication; archive user-agent,"{""date"":""Sat, 15 Aug 2026 19:31:21 GMT"",""content_type"":""text/html;charset=UTF-8"",""content_length"":"""",""last_modified"":"""",""etag"":"""",""content_disposition"":"""",""cache_control"":""""}",2026-08-16,政府/国际组织公开资料，按原站署名与条款使用,,shared,,,,使用本地原件；引用时保留发布机构、原URL、访问日期和许可。
WEB-0423,web,每日行情,上海黄金交易所,,06_黄金美元与储备配置,B,比较美元、短债、黄金、人民币资产与套保工具的周期性作用。,最终数据/最终数据/outputs/019f56e7-91fe-7a43-b1d0-ae50e45c9d0c/黄金价格传导链因素与时序数据_20260724.xlsx；最终数据/最终数据/outputs/019f56e7-91fe-7a43-b1d0-ae50e45c9d0c/黄金价格传导链因素与时序数据_20260724.xlsx.inspect.ndjson；最终数据/最终数据/outputs/019f56e7-91fe-7a43-b1d0-ae50e45c9d0c/金银价格波动影响因素与时序数据_20260726.xlsx；最终数据/最终数据/outputs/019f56e7-91fe-7a43-b1d0-ae50e45c9d0c/金银价格波动影响因素与时序数据_20260726.xlsx.inspect.ndjson；最终数据/最终数据/outputs/019f56e7-91fe-7a43-b1d0-ae50e45c9d0c/金银价格波动影响因素与时序数据_中文字段版_20260726.xlsx；最终数据/最终数据/outputs/019f56e7-91fe-7a43-b1d0-ae50e45c9d0c/金银价格波动影响因素与时序数据_中文字段版_20260726.xlsx.inspect.ndjson,须以原文、数据口径、发布时间和适用许可为准；媒体或行业资料不得替代核心A级证据。,https://www.sge.com.cn/sjzx/quotation_daily_new?start_date=2025-02-01&end_date=2025-02-28&inst_ids=Au99.99&p=,https://www.sge.com.cn/sjzx/quotation_daily_new?start_date=2025-02-01&end_date=2025-02-28&inst_ids=Au99.99&p=,https://www.sge.com.cn/sjzx/quotation_daily_new?start_date=2025-02-01&end_date=2025-02-28&inst_ids=Au99.99&p=,最终数据/最终数据/outputs/019f56e7-91fe-7a43-b1d0-ae50e45c9d0c/黄金价格传导链因素与时序数据_20260724.xlsx | 最终数据/最终数据/outputs/019f56e7-91fe-7a43-b1d0-ae50e45c9d0c/黄金价格传导链因素与时序数据_20260724.xlsx.inspect.ndjson | 最终数据/最终数据/outputs/019f56e7-91fe-7a43-b1d0-ae50e45c9d0c/金银价格波动影响因素与时序数据_20260726.xlsx | 最终数据/最终数据/outputs/019f56e7-91fe-7a43-b1d0-ae50e45c9d0c/金银价格波动影响因素与时序数据_20260726.xlsx.inspect.ndjson | 最终数据/最终数据/outputs/019f56e7-91fe-7a43-b1d0-ae50e45c9d0c/金银价格波动影响因素与时序数据_中文字段版_20260726.xlsx | 最终数据/最终数据/outputs/019f56e7-91fe-7a43-b1d0-ae50e45c9d0c/金银价格波动影响因素与时序数据_中文字段版_20260726.xlsx.inspect.ndjson,最终数据/最终数据/outputs/019f56e7-91fe-7a43-b1d0-ae50e45c9d0c/黄金价格传导链因素与时序数据_20260724.xlsx:xl/worksheets/sheet6.xml | 最终数据/最终数据/outputs/019f56e7-91fe-7a43-b1d0-ae50e45c9d0c/黄金价格传导链因素与时序数据_20260724.xlsx.inspect.ndjson:20945 | 最终数据/最终数据/outputs/019f56e7-91fe-7a43-b1d0-ae50e45c9d0c/金银价格波动影响因素与时序数据_20260726.xlsx:xl/worksheets/sheet6.xml | 最终数据/最终数据/outputs/019f56e7-91fe-7a43-b1d0-ae50e45c9d0c/金银价格波动影响因素与时序数据_20260726.xlsx.inspect.ndjson:31180 | 最终数据/最终数据/outputs/019f56e7-91fe-7a43-b1d0-ae50e45c9d0c/金银价格波动影响因素与时序数据_中文字段版_20260726.xlsx:xl/worksheets/sheet7.xml | 最终数据/最终数据/outputs/019f56e7-91fe-7a43-b1d0-ae50e45c9d0c/金银价格波动影响因素与时序数据_中文字段版_20260726.xlsx.inspect.ndjson:31472,,06_黄金美元与储备配置/外部原件/WEB-0423_XLSX_entry_xl_worksheets_sheet6.xml/original.html,text/html;charset=UTF-8,.html,91136,895bd907e02c79331eca50a197d31971dc3341ab46aee39d66e502a4952b7c03,,,,,,,source,DOWNLOADED_VERIFIED,200,GET,2026-08-15T19:31:23.301Z,public GET; no authentication; archive user-agent,"{""date"":""Sat, 15 Aug 2026 19:31:22 GMT"",""content_type"":""text/html;charset=UTF-8"",""content_length"":"""",""last_modified"":"""",""etag"":"""",""content_disposition"":"""",""cache_control"":""""}",2026-08-16,政府/国际组织公开资料，按原站署名与条款使用,,shared,,,,使用本地原件；引用时保留发布机构、原URL、访问日期和许可。
WEB-0424,web,每日行情,上海黄金交易所,,06_黄金美元与储备配置,B,比较美元、短债、黄金、人民币资产与套保工具的周期性作用。,最终数据/最终数据/outputs/019f56e7-91fe-7a43-b1d0-ae50e45c9d0c/黄金价格传导链因素与时序数据_20260724.xlsx；最终数据/最终数据/outputs/019f56e7-91fe-7a43-b1d0-ae50e45c9d0c/黄金价格传导链因素与时序数据_20260724.xlsx.inspect.ndjson；最终数据/最终数据/outputs/019f56e7-91fe-7a43-b1d0-ae50e45c9d0c/金银价格波动影响因素与时序数据_20260726.xlsx；最终数据/最终数据/outputs/019f56e7-91fe-7a43-b1d0-ae50e45c9d0c/金银价格波动影响因素与时序数据_20260726.xlsx.inspect.ndjson；最终数据/最终数据/outputs/019f56e7-91fe-7a43-b1d0-ae50e45c9d0c/金银价格波动影响因素与时序数据_中文字段版_20260726.xlsx；最终数据/最终数据/outputs/019f56e7-91fe-7a43-b1d0-ae50e45c9d0c/金银价格波动影响因素与时序数据_中文字段版_20260726.xlsx.inspect.ndjson,须以原文、数据口径、发布时间和适用许可为准；媒体或行业资料不得替代核心A级证据。,https://www.sge.com.cn/sjzx/quotation_daily_new?start_date=2025-03-01&end_date=2025-03-31&inst_ids=Ag%28T%2BD%29&p=,https://www.sge.com.cn/sjzx/quotation_daily_new?start_date=2025-03-01&end_date=2025-03-31&inst_ids=Ag%28T%2BD%29&p=,https://www.sge.com.cn/sjzx/quotation_daily_new?start_date=2025-03-01&end_date=2025-03-31&inst_ids=Ag%28T%2BD%29&p=,最终数据/最终数据/outputs/019f56e7-91fe-7a43-b1d0-ae50e45c9d0c/黄金价格传导链因素与时序数据_20260724.xlsx | 最终数据/最终数据/outputs/019f56e7-91fe-7a43-b1d0-ae50e45c9d0c/黄金价格传导链因素与时序数据_20260724.xlsx.inspect.ndjson | 最终数据/最终数据/outputs/019f56e7-91fe-7a43-b1d0-ae50e45c9d0c/金银价格波动影响因素与时序数据_20260726.xlsx | 最终数据/最终数据/outputs/019f56e7-91fe-7a43-b1d0-ae50e45c9d0c/金银价格波动影响因素与时序数据_20260726.xlsx.inspect.ndjson | 最终数据/最终数据/outputs/019f56e7-91fe-7a43-b1d0-ae50e45c9d0c/金银价格波动影响因素与时序数据_中文字段版_20260726.xlsx | 最终数据/最终数据/outputs/019f56e7-91fe-7a43-b1d0-ae50e45c9d0c/金银价格波动影响因素与时序数据_中文字段版_20260726.xlsx.inspect.ndjson,最终数据/最终数据/outputs/019f56e7-91fe-7a43-b1d0-ae50e45c9d0c/黄金价格传导链因素与时序数据_20260724.xlsx:xl/worksheets/sheet6.xml | 最终数据/最终数据/outputs/019f56e7-91fe-7a43-b1d0-ae50e45c9d0c/黄金价格传导链因素与时序数据_20260724.xlsx.inspect.ndjson:20945 | 最终数据/最终数据/outputs/019f56e7-91fe-7a43-b1d0-ae50e45c9d0c/金银价格波动影响因素与时序数据_20260726.xlsx:xl/worksheets/sheet6.xml | 最终数据/最终数据/outputs/019f56e7-91fe-7a43-b1d0-ae50e45c9d0c/金银价格波动影响因素与时序数据_20260726.xlsx.inspect.ndjson:31180 | 最终数据/最终数据/outputs/019f56e7-91fe-7a43-b1d0-ae50e45c9d0c/金银价格波动影响因素与时序数据_中文字段版_20260726.xlsx:xl/worksheets/sheet7.xml | 最终数据/最终数据/outputs/019f56e7-91fe-7a43-b1d0-ae50e45c9d0c/金银价格波动影响因素与时序数据_中文字段版_20260726.xlsx.inspect.ndjson:31472,,06_黄金美元与储备配置/外部原件/WEB-0424_XLSX_entry_xl_worksheets_sheet6.xml/original.html,text/html;charset=UTF-8,.html,93860,09d1f8adc0e4ada82d8a64db2b8d1ad29d65927cb13241133cae3864ec20ca29,,,,,,,source,DOWNLOADED_VERIFIED,200,GET,2026-08-15T19:31:23.302Z,public GET; no authentication; archive user-agent,"{""date"":""Sat, 15 Aug 2026 19:31:22 GMT"",""content_type"":""text/html;charset=UTF-8"",""content_length"":"""",""last_modified"":"""",""etag"":"""",""content_disposition"":"""",""cache_control"":""""}",2026-08-16,政府/国际组织公开资料，按原站署名与条款使用,,shared,,,,使用本地原件；引用时保留发布机构、原URL、访问日期和许可。
WEB-0425,web,每日行情,上海黄金交易所,,06_黄金美元与储备配置,B,比较美元、短债、黄金、人民币资产与套保工具的周期性作用。,最终数据/最终数据/outputs/019f56e7-91fe-7a43-b1d0-ae50e45c9d0c/黄金价格传导链因素与时序数据_20260724.xlsx；最终数据/最终数据/outputs/019f56e7-91fe-7a43-b1d0-ae50e45c9d0c/黄金价格传导链因素与时序数据_20260724.xlsx.inspect.ndjson；最终数据/最终数据/outputs/019f56e7-91fe-7a43-b1d0-ae50e45c9d0c/金银价格波动影响因素与时序数据_20260726.xlsx；最终数据/最终数据/outputs/019f56e7-91fe-7a43-b1d0-ae50e45c9d0c/金银价格波动影响因素与时序数据_20260726.xlsx.inspect.ndjson；最终数据/最终数据/outputs/019f56e7-91fe-7a43-b1d0-ae50e45c9d0c/金银价格波动影响因素与时序数据_中文字段版_20260726.xlsx；最终数据/最终数据/outputs/019f56e7-91fe-7a43-b1d0-ae50e45c9d0c/金银价格波动影响因素与时序数据_中文字段版_20260726.xlsx.inspect.ndjson,须以原文、数据口径、发布时间和适用许可为准；媒体或行业资料不得替代核心A级证据。,https://www.sge.com.cn/sjzx/quotation_daily_new?start_date=2025-03-01&end_date=2025-03-31&inst_ids=Au99.99&p=,https://www.sge.com.cn/sjzx/quotation_daily_new?start_date=2025-03-01&end_date=2025-03-31&inst_ids=Au99.99&p=,https://www.sge.com.cn/sjzx/quotation_daily_new?start_date=2025-03-01&end_date=2025-03-31&inst_ids=Au99.99&p=,最终数据/最终数据/outputs/019f56e7-91fe-7a43-b1d0-ae50e45c9d0c/黄金价格传导链因素与时序数据_20260724.xlsx | 最终数据/最终数据/outputs/019f56e7-91fe-7a43-b1d0-ae50e45c9d0c/黄金价格传导链因素与时序数据_20260724.xlsx.inspect.ndjson | 最终数据/最终数据/outputs/019f56e7-91fe-7a43-b1d0-ae50e45c9d0c/金银价格波动影响因素与时序数据_20260726.xlsx | 最终数据/最终数据/outputs/019f56e7-91fe-7a43-b1d0-ae50e45c9d0c/金银价格波动影响因素与时序数据_20260726.xlsx.inspect.ndjson | 最终数据/最终数据/outputs/019f56e7-91fe-7a43-b1d0-ae50e45c9d0c/金银价格波动影响因素与时序数据_中文字段版_20260726.xlsx | 最终数据/最终数据/outputs/019f56e7-91fe-7a43-b1d0-ae50e45c9d0c/金银价格波动影响因素与时序数据_中文字段版_20260726.xlsx.inspect.ndjson,最终数据/最终数据/outputs/019f56e7-91fe-7a43-b1d0-ae50e45c9d0c/黄金价格传导链因素与时序数据_20260724.xlsx:xl/worksheets/sheet6.xml | 最终数据/最终数据/outputs/019f56e7-91fe-7a43-b1d0-ae50e45c9d0c/黄金价格传导链因素与时序数据_20260724.xlsx.inspect.ndjson:20945 | 最终数据/最终数据/outputs/019f56e7-91fe-7a43-b1d0-ae50e45c9d0c/金银价格波动影响因素与时序数据_20260726.xlsx:xl/worksheets/sheet6.xml | 最终数据/最终数据/outputs/019f56e7-91fe-7a43-b1d0-ae50e45c9d0c/金银价格波动影响因素与时序数据_20260726.xlsx.inspect.ndjson:31180 | 最终数据/最终数据/outputs/019f56e7-91fe-7a43-b1d0-ae50e45c9d0c/金银价格波动影响因素与时序数据_中文字段版_20260726.xlsx:xl/worksheets/sheet7.xml | 最终数据/最终数据/outputs/019f56e7-91fe-7a43-b1d0-ae50e45c9d0c/金银价格波动影响因素与时序数据_中文字段版_20260726.xlsx.inspect.ndjson:31472,,06_黄金美元与储备配置/外部原件/WEB-0425_XLSX_entry_xl_worksheets_sheet6.xml/original.html,text/html;charset=UTF-8,.html,93326,c2bc63f925c765e8d0c2e55f07edeb4b82963ccd269099c7f0a47577528549cc,,,,,,,source,DOWNLOADED_VERIFIED,200,GET,2026-08-15T19:31:23.303Z,public GET; no authentication; archive user-agent,"{""date"":""Sat, 15 Aug 2026 19:31:22 GMT"",""content_type"":""text/html;charset=UTF-8"",""content_length"":"""",""last_modified"":"""",""etag"":"""",""content_disposition"":"""",""cache_control"":""""}",2026-08-16,政府/国际组织公开资料，按原站署名与条款使用,,shared,,,,使用本地原件；引用时保留发布机构、原URL、访问日期和许可。
WEB-0426,web,每日行情,上海黄金交易所,,06_黄金美元与储备配置,B,比较美元、短债、黄金、人民币资产与套保工具的周期性作用。,最终数据/最终数据/outputs/019f56e7-91fe-7a43-b1d0-ae50e45c9d0c/黄金价格传导链因素与时序数据_20260724.xlsx；最终数据/最终数据/outputs/019f56e7-91fe-7a43-b1d0-ae50e45c9d0c/黄金价格传导链因素与时序数据_20260724.xlsx.inspect.ndjson；最终数据/最终数据/outputs/019f56e7-91fe-7a43-b1d0-ae50e45c9d0c/金银价格波动影响因素与时序数据_20260726.xlsx；最终数据/最终数据/outputs/019f56e7-91fe-7a43-b1d0-ae50e45c9d0c/金银价格波动影响因素与时序数据_20260726.xlsx.inspect.ndjson；最终数据/最终数据/outputs/019f56e7-91fe-7a43-b1d0-ae50e45c9d0c/金银价格波动影响因素与时序数据_中文字段版_20260726.xlsx；最终数据/最终数据/outputs/019f56e7-91fe-7a43-b1d0-ae50e45c9d0c/金银价格波动影响因素与时序数据_中文字段版_20260726.xlsx.inspect.ndjson,须以原文、数据口径、发布时间和适用许可为准；媒体或行业资料不得替代核心A级证据。,https://www.sge.com.cn/sjzx/quotation_daily_new?start_date=2025-04-01&end_date=2025-04-30&inst_ids=Ag%28T%2BD%29&p=,https://www.sge.com.cn/sjzx/quotation_daily_new?start_date=2025-04-01&end_date=2025-04-30&inst_ids=Ag%28T%2BD%29&p=,https://www.sge.com.cn/sjzx/quotation_daily_new?start_date=2025-04-01&end_date=2025-04-30&inst_ids=Ag%28T%2BD%29&p=,最终数据/最终数据/outputs/019f56e7-91fe-7a43-b1d0-ae50e45c9d0c/黄金价格传导链因素与时序数据_20260724.xlsx | 最终数据/最终数据/outputs/019f56e7-91fe-7a43-b1d0-ae50e45c9d0c/黄金价格传导链因素与时序数据_20260724.xlsx.inspect.ndjson | 最终数据/最终数据/outputs/019f56e7-91fe-7a43-b1d0-ae50e45c9d0c/金银价格波动影响因素与时序数据_20260726.xlsx | 最终数据/最终数据/outputs/019f56e7-91fe-7a43-b1d0-ae50e45c9d0c/金银价格波动影响因素与时序数据_20260726.xlsx.inspect.ndjson | 最终数据/最终数据/outputs/019f56e7-91fe-7a43-b1d0-ae50e45c9d0c/金银价格波动影响因素与时序数据_中文字段版_20260726.xlsx | 最终数据/最终数据/outputs/019f56e7-91fe-7a43-b1d0-ae50e45c9d0c/金银价格波动影响因素与时序数据_中文字段版_20260726.xlsx.inspect.ndjson,最终数据/最终数据/outputs/019f56e7-91fe-7a43-b1d0-ae50e45c9d0c/黄金价格传导链因素与时序数据_20260724.xlsx:xl/worksheets/sheet6.xml | 最终数据/最终数据/outputs/019f56e7-91fe-7a43-b1d0-ae50e45c9d0c/黄金价格传导链因素与时序数据_20260724.xlsx.inspect.ndjson:20945 | 最终数据/最终数据/outputs/019f56e7-91fe-7a43-b1d0-ae50e45c9d0c/金银价格波动影响因素与时序数据_20260726.xlsx:xl/worksheets/sheet6.xml | 最终数据/最终数据/outputs/019f56e7-91fe-7a43-b1d0-ae50e45c9d0c/金银价格波动影响因素与时序数据_20260726.xlsx.inspect.ndjson:31180 | 最终数据/最终数据/outputs/019f56e7-91fe-7a43-b1d0-ae50e45c9d0c/金银价格波动影响因素与时序数据_中文字段版_20260726.xlsx:xl/worksheets/sheet7.xml | 最终数据/最终数据/outputs/019f56e7-91fe-7a43-b1d0-ae50e45c9d0c/金银价格波动影响因素与时序数据_中文字段版_20260726.xlsx.inspect.ndjson:31472,,06_黄金美元与储备配置/外部原件/WEB-0426_XLSX_entry_xl_worksheets_sheet6.xml/original.html,text/html;charset=UTF-8,.html,93869,210aa22a69c16ef529958404b450c7eab9786e6e89626f39bc893bb017d254fc,,,,,,,source,DOWNLOADED_VERIFIED,200,GET,2026-08-15T19:31:23.304Z,public GET; no authentication; archive user-agent,"{""date"":""Sat, 15 Aug 2026 19:31:22 GMT"",""content_type"":""text/html;charset=UTF-8"",""content_length"":"""",""last_modified"":"""",""etag"":"""",""content_disposition"":"""",""cache_control"":""""}",2026-08-16,政府/国际组织公开资料，按原站署名与条款使用,,shared,,,,使用本地原件；引用时保留发布机构、原URL、访问日期和许可。
WEB-0427,web,每日行情,上海黄金交易所,,06_黄金美元与储备配置,B,比较美元、短债、黄金、人民币资产与套保工具的周期性作用。,最终数据/最终数据/outputs/019f56e7-91fe-7a43-b1d0-ae50e45c9d0c/黄金价格传导链因素与时序数据_20260724.xlsx；最终数据/最终数据/outputs/019f56e7-91fe-7a43-b1d0-ae50e45c9d0c/黄金价格传导链因素与时序数据_20260724.xlsx.inspect.ndjson；最终数据/最终数据/outputs/019f56e7-91fe-7a43-b1d0-ae50e45c9d0c/金银价格波动影响因素与时序数据_20260726.xlsx；最终数据/最终数据/outputs/019f56e7-91fe-7a43-b1d0-ae50e45c9d0c/金银价格波动影响因素与时序数据_20260726.xlsx.inspect.ndjson；最终数据/最终数据/outputs/019f56e7-91fe-7a43-b1d0-ae50e45c9d0c/金银价格波动影响因素与时序数据_中文字段版_20260726.xlsx；最终数据/最终数据/outputs/019f56e7-91fe-7a43-b1d0-ae50e45c9d0c/金银价格波动影响因素与时序数据_中文字段版_20260726.xlsx.inspect.ndjson,须以原文、数据口径、发布时间和适用许可为准；媒体或行业资料不得替代核心A级证据。,https://www.sge.com.cn/sjzx/quotation_daily_new?start_date=2025-04-01&end_date=2025-04-30&inst_ids=Au99.99&p=,https://www.sge.com.cn/sjzx/quotation_daily_new?start_date=2025-04-01&end_date=2025-04-30&inst_ids=Au99.99&p=,https://www.sge.com.cn/sjzx/quotation_daily_new?start_date=2025-04-01&end_date=2025-04-30&inst_ids=Au99.99&p=,最终数据/最终数据/outputs/019f56e7-91fe-7a43-b1d0-ae50e45c9d0c/黄金价格传导链因素与时序数据_20260724.xlsx | 最终数据/最终数据/outputs/019f56e7-91fe-7a43-b1d0-ae50e45c9d0c/黄金价格传导链因素与时序数据_20260724.xlsx.inspect.ndjson | 最终数据/最终数据/outputs/019f56e7-91fe-7a43-b1d0-ae50e45c9d0c/金银价格波动影响因素与时序数据_20260726.xlsx | 最终数据/最终数据/outputs/019f56e7-91fe-7a43-b1d0-ae50e45c9d0c/金银价格波动影响因素与时序数据_20260726.xlsx.inspect.ndjson | 最终数据/最终数据/outputs/019f56e7-91fe-7a43-b1d0-ae50e45c9d0c/金银价格波动影响因素与时序数据_中文字段版_20260726.xlsx | 最终数据/最终数据/outputs/019f56e7-91fe-7a43-b1d0-ae50e45c9d0c/金银价格波动影响因素与时序数据_中文字段版_20260726.xlsx.inspect.ndjson,最终数据/最终数据/outputs/019f56e7-91fe-7a43-b1d0-ae50e45c9d0c/黄金价格传导链因素与时序数据_20260724.xlsx:xl/worksheets/sheet6.xml | 最终数据/最终数据/outputs/019f56e7-91fe-7a43-b1d0-ae50e45c9d0c/黄金价格传导链因素与时序数据_20260724.xlsx.inspect.ndjson:20945 | 最终数据/最终数据/outputs/019f56e7-91fe-7a43-b1d0-ae50e45c9d0c/金银价格波动影响因素与时序数据_20260726.xlsx:xl/worksheets/sheet6.xml | 最终数据/最终数据/outputs/019f56e7-91fe-7a43-b1d0-ae50e45c9d0c/金银价格波动影响因素与时序数据_20260726.xlsx.inspect.ndjson:31180 | 最终数据/最终数据/outputs/019f56e7-91fe-7a43-b1d0-ae50e45c9d0c/金银价格波动影响因素与时序数据_中文字段版_20260726.xlsx:xl/worksheets/sheet7.xml | 最终数据/最终数据/outputs/019f56e7-91fe-7a43-b1d0-ae50e45c9d0c/金银价格波动影响因素与时序数据_中文字段版_20260726.xlsx.inspect.ndjson:31472,,06_黄金美元与储备配置/外部原件/WEB-0427_XLSX_entry_xl_worksheets_sheet6.xml/original.html,text/html;charset=UTF-8,.html,93358,e981201d774c870e7516386a0a19bcad96d938802a427de888bd1cf072ca9095,,,,,,,source,DOWNLOADED_VERIFIED,200,GET,2026-08-15T19:31:23.966Z,public GET; no authentication; archive user-agent,"{""date"":""Sat, 15 Aug 2026 19:31:23 GMT"",""content_type"":""text/html;charset=UTF-8"",""content_length"":"""",""last_modified"":"""",""etag"":"""",""content_disposition"":"""",""cache_control"":""""}",2026-08-16,政府/国际组织公开资料，按原站署名与条款使用,,shared,,,,使用本地原件；引用时保留发布机构、原URL、访问日期和许可。
WEB-0428,web,每日行情,上海黄金交易所,,06_黄金美元与储备配置,B,比较美元、短债、黄金、人民币资产与套保工具的周期性作用。,最终数据/最终数据/outputs/019f56e7-91fe-7a43-b1d0-ae50e45c9d0c/黄金价格传导链因素与时序数据_20260724.xlsx；最终数据/最终数据/outputs/019f56e7-91fe-7a43-b1d0-ae50e45c9d0c/黄金价格传导链因素与时序数据_20260724.xlsx.inspect.ndjson；最终数据/最终数据/outputs/019f56e7-91fe-7a43-b1d0-ae50e45c9d0c/金银价格波动影响因素与时序数据_20260726.xlsx；最终数据/最终数据/outputs/019f56e7-91fe-7a43-b1d0-ae50e45c9d0c/金银价格波动影响因素与时序数据_20260726.xlsx.inspect.ndjson；最终数据/最终数据/outputs/019f56e7-91fe-7a43-b1d0-ae50e45c9d0c/金银价格波动影响因素与时序数据_中文字段版_20260726.xlsx；最终数据/最终数据/outputs/019f56e7-91fe-7a43-b1d0-ae50e45c9d0c/金银价格波动影响因素与时序数据_中文字段版_20260726.xlsx.inspect.ndjson,须以原文、数据口径、发布时间和适用许可为准；媒体或行业资料不得替代核心A级证据。,https://www.sge.com.cn/sjzx/quotation_daily_new?start_date=2025-05-01&end_date=2025-05-31&inst_ids=Ag%28T%2BD%29&p=,https://www.sge.com.cn/sjzx/quotation_daily_new?start_date=2025-05-01&end_date=2025-05-31&inst_ids=Ag%28T%2BD%29&p=,https://www.sge.com.cn/sjzx/quotation_daily_new?start_date=2025-05-01&end_date=2025-05-31&inst_ids=Ag%28T%2BD%29&p=,最终数据/最终数据/outputs/019f56e7-91fe-7a43-b1d0-ae50e45c9d0c/黄金价格传导链因素与时序数据_20260724.xlsx | 最终数据/最终数据/outputs/019f56e7-91fe-7a43-b1d0-ae50e45c9d0c/黄金价格传导链因素与时序数据_20260724.xlsx.inspect.ndjson | 最终数据/最终数据/outputs/019f56e7-91fe-7a43-b1d0-ae50e45c9d0c/金银价格波动影响因素与时序数据_20260726.xlsx | 最终数据/最终数据/outputs/019f56e7-91fe-7a43-b1d0-ae50e45c9d0c/金银价格波动影响因素与时序数据_20260726.xlsx.inspect.ndjson | 最终数据/最终数据/outputs/019f56e7-91fe-7a43-b1d0-ae50e45c9d0c/金银价格波动影响因素与时序数据_中文字段版_20260726.xlsx | 最终数据/最终数据/outputs/019f56e7-91fe-7a43-b1d0-ae50e45c9d0c/金银价格波动影响因素与时序数据_中文字段版_20260726.xlsx.inspect.ndjson,最终数据/最终数据/outputs/019f56e7-91fe-7a43-b1d0-ae50e45c9d0c/黄金价格传导链因素与时序数据_20260724.xlsx:xl/worksheets/sheet6.xml | 最终数据/最终数据/outputs/019f56e7-91fe-7a43-b1d0-ae50e45c9d0c/黄金价格传导链因素与时序数据_20260724.xlsx.inspect.ndjson:20945 | 最终数据/最终数据/outputs/019f56e7-91fe-7a43-b1d0-ae50e45c9d0c/金银价格波动影响因素与时序数据_20260726.xlsx:xl/worksheets/sheet6.xml | 最终数据/最终数据/outputs/019f56e7-91fe-7a43-b1d0-ae50e45c9d0c/金银价格波动影响因素与时序数据_20260726.xlsx.inspect.ndjson:31180 | 最终数据/最终数据/outputs/019f56e7-91fe-7a43-b1d0-ae50e45c9d0c/金银价格波动影响因素与时序数据_中文字段版_20260726.xlsx:xl/worksheets/sheet7.xml | 最终数据/最终数据/outputs/019f56e7-91fe-7a43-b1d0-ae50e45c9d0c/金银价格波动影响因素与时序数据_中文字段版_20260726.xlsx.inspect.ndjson:31472,,06_黄金美元与储备配置/外部原件/WEB-0428_XLSX_entry_xl_worksheets_sheet6.xml/original.html,text/html;charset=UTF-8,.html,92597,fef212979bf2e2c32040eed73a50d6a3ca6de57eba7aeae8003b956fe879d156,,,,,,,source,DOWNLOADED_VERIFIED,200,GET,2026-08-15T19:31:23.967Z,public GET; no authentication; archive user-agent,"{""date"":""Sat, 15 Aug 2026 19:31:23 GMT"",""content_type"":""text/html;charset=UTF-8"",""content_length"":"""",""last_modified"":"""",""etag"":"""",""content_disposition"":"""",""cache_control"":""""}",2026-08-16,政府/国际组织公开资料，按原站署名与条款使用,,shared,,,,使用本地原件；引用时保留发布机构、原URL、访问日期和许可。
WEB-0429,web,每日行情,上海黄金交易所,,06_黄金美元与储备配置,B,比较美元、短债、黄金、人民币资产与套保工具的周期性作用。,最终数据/最终数据/outputs/019f56e7-91fe-7a43-b1d0-ae50e45c9d0c/黄金价格传导链因素与时序数据_20260724.xlsx；最终数据/最终数据/outputs/019f56e7-91fe-7a43-b1d0-ae50e45c9d0c/黄金价格传导链因素与时序数据_20260724.xlsx.inspect.ndjson；最终数据/最终数据/outputs/019f56e7-91fe-7a43-b1d0-ae50e45c9d0c/金银价格波动影响因素与时序数据_20260726.xlsx；最终数据/最终数据/outputs/019f56e7-91fe-7a43-b1d0-ae50e45c9d0c/金银价格波动影响因素与时序数据_20260726.xlsx.inspect.ndjson；最终数据/最终数据/outputs/019f56e7-91fe-7a43-b1d0-ae50e45c9d0c/金银价格波动影响因素与时序数据_中文字段版_20260726.xlsx；最终数据/最终数据/outputs/019f56e7-91fe-7a43-b1d0-ae50e45c9d0c/金银价格波动影响因素与时序数据_中文字段版_20260726.xlsx.inspect.ndjson,须以原文、数据口径、发布时间和适用许可为准；媒体或行业资料不得替代核心A级证据。,https://www.sge.com.cn/sjzx/quotation_daily_new?start_date=2025-05-01&end_date=2025-05-31&inst_ids=Au99.99&p=,https://www.sge.com.cn/sjzx/quotation_daily_new?start_date=2025-05-01&end_date=2025-05-31&inst_ids=Au99.99&p=,https://www.sge.com.cn/sjzx/quotation_daily_new?start_date=2025-05-01&end_date=2025-05-31&inst_ids=Au99.99&p=,最终数据/最终数据/outputs/019f56e7-91fe-7a43-b1d0-ae50e45c9d0c/黄金价格传导链因素与时序数据_20260724.xlsx | 最终数据/最终数据/outputs/019f56e7-91fe-7a43-b1d0-ae50e45c9d0c/黄金价格传导链因素与时序数据_20260724.xlsx.inspect.ndjson | 最终数据/最终数据/outputs/019f56e7-91fe-7a43-b1d0-ae50e45c9d0c/金银价格波动影响因素与时序数据_20260726.xlsx | 最终数据/最终数据/outputs/019f56e7-91fe-7a43-b1d0-ae50e45c9d0c/金银价格波动影响因素与时序数据_20260726.xlsx.inspect.ndjson | 最终数据/最终数据/outputs/019f56e7-91fe-7a43-b1d0-ae50e45c9d0c/金银价格波动影响因素与时序数据_中文字段版_20260726.xlsx | 最终数据/最终数据/outputs/019f56e7-91fe-7a43-b1d0-ae50e45c9d0c/金银价格波动影响因素与时序数据_中文字段版_20260726.xlsx.inspect.ndjson,最终数据/最终数据/outputs/019f56e7-91fe-7a43-b1d0-ae50e45c9d0c/黄金价格传导链因素与时序数据_20260724.xlsx:xl/worksheets/sheet6.xml | 最终数据/最终数据/outputs/019f56e7-91fe-7a43-b1d0-ae50e45c9d0c/黄金价格传导链因素与时序数据_20260724.xlsx.inspect.ndjson:20945 | 最终数据/最终数据/outputs/019f56e7-91fe-7a43-b1d0-ae50e45c9d0c/金银价格波动影响因素与时序数据_20260726.xlsx:xl/worksheets/sheet6.xml | 最终数据/最终数据/outputs/019f56e7-91fe-7a43-b1d0-ae50e45c9d0c/金银价格波动影响因素与时序数据_20260726.xlsx.inspect.ndjson:31180 | 最终数据/最终数据/outputs/019f56e7-91fe-7a43-b1d0-ae50e45c9d0c/金银价格波动影响因素与时序数据_中文字段版_20260726.xlsx:xl/worksheets/sheet7.xml | 最终数据/最终数据/outputs/019f56e7-91fe-7a43-b1d0-ae50e45c9d0c/金银价格波动影响因素与时序数据_中文字段版_20260726.xlsx.inspect.ndjson:31472,,06_黄金美元与储备配置/外部原件/WEB-0429_XLSX_entry_xl_worksheets_sheet6.xml/original.html,text/html;charset=UTF-8,.html,92103,197edf1d64e885969c679d2daf7bf0400fa15dc3a4d5c3177aeeb183f9d3b854,,,,,,,source,DOWNLOADED_VERIFIED,200,GET,2026-08-15T19:31:23.967Z,public GET; no authentication; archive user-agent,"{""date"":""Sat, 15 Aug 2026 19:31:23 GMT"",""content_type"":""text/html;charset=UTF-8"",""content_length"":"""",""last_modified"":"""",""etag"":"""",""content_disposition"":"""",""cache_control"":""""}",2026-08-16,政府/国际组织公开资料，按原站署名与条款使用,,shared,,,,使用本地原件；引用时保留发布机构、原URL、访问日期和许可。
WEB-0430,web,每日行情,上海黄金交易所,,06_黄金美元与储备配置,B,比较美元、短债、黄金、人民币资产与套保工具的周期性作用。,最终数据/最终数据/outputs/019f56e7-91fe-7a43-b1d0-ae50e45c9d0c/黄金价格传导链因素与时序数据_20260724.xlsx；最终数据/最终数据/outputs/019f56e7-91fe-7a43-b1d0-ae50e45c9d0c/黄金价格传导链因素与时序数据_20260724.xlsx.inspect.ndjson；最终数据/最终数据/outputs/019f56e7-91fe-7a43-b1d0-ae50e45c9d0c/金银价格波动影响因素与时序数据_20260726.xlsx；最终数据/最终数据/outputs/019f56e7-91fe-7a43-b1d0-ae50e45c9d0c/金银价格波动影响因素与时序数据_20260726.xlsx.inspect.ndjson；最终数据/最终数据/outputs/019f56e7-91fe-7a43-b1d0-ae50e45c9d0c/金银价格波动影响因素与时序数据_中文字段版_20260726.xlsx；最终数据/最终数据/outputs/019f56e7-91fe-7a43-b1d0-ae50e45c9d0c/金银价格波动影响因素与时序数据_中文字段版_20260726.xlsx.inspect.ndjson,须以原文、数据口径、发布时间和适用许可为准；媒体或行业资料不得替代核心A级证据。,https://www.sge.com.cn/sjzx/quotation_daily_new?start_date=2025-06-01&end_date=2025-06-30&inst_ids=Ag%28T%2BD%29&p=,https://www.sge.com.cn/sjzx/quotation_daily_new?start_date=2025-06-01&end_date=2025-06-30&inst_ids=Ag%28T%2BD%29&p=,https://www.sge.com.cn/sjzx/quotation_daily_new?start_date=2025-06-01&end_date=2025-06-30&inst_ids=Ag%28T%2BD%29&p=,最终数据/最终数据/outputs/019f56e7-91fe-7a43-b1d0-ae50e45c9d0c/黄金价格传导链因素与时序数据_20260724.xlsx | 最终数据/最终数据/outputs/019f56e7-91fe-7a43-b1d0-ae50e45c9d0c/黄金价格传导链因素与时序数据_20260724.xlsx.inspect.ndjson | 最终数据/最终数据/outputs/019f56e7-91fe-7a43-b1d0-ae50e45c9d0c/金银价格波动影响因素与时序数据_20260726.xlsx | 最终数据/最终数据/outputs/019f56e7-91fe-7a43-b1d0-ae50e45c9d0c/金银价格波动影响因素与时序数据_20260726.xlsx.inspect.ndjson | 最终数据/最终数据/outputs/019f56e7-91fe-7a43-b1d0-ae50e45c9d0c/金银价格波动影响因素与时序数据_中文字段版_20260726.xlsx | 最终数据/最终数据/outputs/019f56e7-91fe-7a43-b1d0-ae50e45c9d0c/金银价格波动影响因素与时序数据_中文字段版_20260726.xlsx.inspect.ndjson,最终数据/最终数据/outputs/019f56e7-91fe-7a43-b1d0-ae50e45c9d0c/黄金价格传导链因素与时序数据_20260724.xlsx:xl/worksheets/sheet6.xml | 最终数据/最终数据/outputs/019f56e7-91fe-7a43-b1d0-ae50e45c9d0c/黄金价格传导链因素与时序数据_20260724.xlsx.inspect.ndjson:20945 | 最终数据/最终数据/outputs/019f56e7-91fe-7a43-b1d0-ae50e45c9d0c/金银价格波动影响因素与时序数据_20260726.xlsx:xl/worksheets/sheet6.xml | 最终数据/最终数据/outputs/019f56e7-91fe-7a43-b1d0-ae50e45c9d0c/金银价格波动影响因素与时序数据_20260726.xlsx.inspect.ndjson:31180 | 最终数据/最终数据/outputs/019f56e7-91fe-7a43-b1d0-ae50e45c9d0c/金银价格波动影响因素与时序数据_中文字段版_20260726.xlsx:xl/worksheets/sheet7.xml | 最终数据/最终数据/outputs/019f56e7-91fe-7a43-b1d0-ae50e45c9d0c/金银价格波动影响因素与时序数据_中文字段版_20260726.xlsx.inspect.ndjson:31472,,06_黄金美元与储备配置/外部原件/WEB-0430_XLSX_entry_xl_worksheets_sheet6.xml/original.html,text/html;charset=UTF-8,.html,93600,e162e6f68516e61a78fb53ca88d847f4add7ac8c1604ac82ae7a2ecd514351fe,,,,,,,source,DOWNLOADED_VERIFIED,200,GET,2026-08-15T19:31:23.966Z,public GET; no authentication; archive user-agent,"{""date"":""Sat, 15 Aug 2026 19:31:23 GMT"",""content_type"":""text/html;charset=UTF-8"",""content_length"":"""",""last_modified"":"""",""etag"":"""",""content_disposition"":"""",""cache_control"":""""}",2026-08-16,政府/国际组织公开资料，按原站署名与条款使用,,shared,,,,使用本地原件；引用时保留发布机构、原URL、访问日期和许可。
WEB-0431,web,每日行情,上海黄金交易所,,06_黄金美元与储备配置,B,比较美元、短债、黄金、人民币资产与套保工具的周期性作用。,最终数据/最终数据/outputs/019f56e7-91fe-7a43-b1d0-ae50e45c9d0c/黄金价格传导链因素与时序数据_20260724.xlsx；最终数据/最终数据/outputs/019f56e7-91fe-7a43-b1d0-ae50e45c9d0c/黄金价格传导链因素与时序数据_20260724.xlsx.inspect.ndjson；最终数据/最终数据/outputs/019f56e7-91fe-7a43-b1d0-ae50e45c9d0c/金银价格波动影响因素与时序数据_20260726.xlsx；最终数据/最终数据/outputs/019f56e7-91fe-7a43-b1d0-ae50e45c9d0c/金银价格波动影响因素与时序数据_20260726.xlsx.inspect.ndjson；最终数据/最终数据/outputs/019f56e7-91fe-7a43-b1d0-ae50e45c9d0c/金银价格波动影响因素与时序数据_中文字段版_20260726.xlsx；最终数据/最终数据/outputs/019f56e7-91fe-7a43-b1d0-ae50e45c9d0c/金银价格波动影响因素与时序数据_中文字段版_20260726.xlsx.inspect.ndjson,须以原文、数据口径、发布时间和适用许可为准；媒体或行业资料不得替代核心A级证据。,https://www.sge.com.cn/sjzx/quotation_daily_new?start_date=2025-06-01&end_date=2025-06-30&inst_ids=Au99.99&p=,https://www.sge.com.cn/sjzx/quotation_daily_new?start_date=2025-06-01&end_date=2025-06-30&inst_ids=Au99.99&p=,https://www.sge.com.cn/sjzx/quotation_daily_new?start_date=2025-06-01&end_date=2025-06-30&inst_ids=Au99.99&p=,最终数据/最终数据/outputs/019f56e7-91fe-7a43-b1d0-ae50e45c9d0c/黄金价格传导链因素与时序数据_20260724.xlsx | 最终数据/最终数据/outputs/019f56e7-91fe-7a43-b1d0-ae50e45c9d0c/黄金价格传导链因素与时序数据_20260724.xlsx.inspect.ndjson | 最终数据/最终数据/outputs/019f56e7-91fe-7a43-b1d0-ae50e45c9d0c/金银价格波动影响因素与时序数据_20260726.xlsx | 最终数据/最终数据/outputs/019f56e7-91fe-7a43-b1d0-ae50e45c9d0c/金银价格波动影响因素与时序数据_20260726.xlsx.inspect.ndjson | 最终数据/最终数据/outputs/019f56e7-91fe-7a43-b1d0-ae50e45c9d0c/金银价格波动影响因素与时序数据_中文字段版_20260726.xlsx | 最终数据/最终数据/outputs/019f56e7-91fe-7a43-b1d0-ae50e45c9d0c/金银价格波动影响因素与时序数据_中文字段版_20260726.xlsx.inspect.ndjson,最终数据/最终数据/outputs/019f56e7-91fe-7a43-b1d0-ae50e45c9d0c/黄金价格传导链因素与时序数据_20260724.xlsx:xl/worksheets/sheet6.xml | 最终数据/最终数据/outputs/019f56e7-91fe-7a43-b1d0-ae50e45c9d0c/黄金价格传导链因素与时序数据_20260724.xlsx.inspect.ndjson:20945 | 最终数据/最终数据/outputs/019f56e7-91fe-7a43-b1d0-ae50e45c9d0c/金银价格波动影响因素与时序数据_20260726.xlsx:xl/worksheets/sheet6.xml | 最终数据/最终数据/outputs/019f56e7-91fe-7a43-b1d0-ae50e45c9d0c/金银价格波动影响因素与时序数据_20260726.xlsx.inspect.ndjson:31180 | 最终数据/最终数据/outputs/019f56e7-91fe-7a43-b1d0-ae50e45c9d0c/金银价格波动影响因素与时序数据_中文字段版_20260726.xlsx:xl/worksheets/sheet7.xml | 最终数据/最终数据/outputs/019f56e7-91fe-7a43-b1d0-ae50e45c9d0c/金银价格波动影响因素与时序数据_中文字段版_20260726.xlsx.inspect.ndjson:31472,,06_黄金美元与储备配置/外部原件/WEB-0431_XLSX_entry_xl_worksheets_sheet6.xml/original.html,text/html;charset=UTF-8,.html,93063,a480d87204f6e0fc3b0fbcb728ece6a956265800dde682f639640b8b4ceb8522,,,,,,,source,DOWNLOADED_VERIFIED,200,GET,2026-08-15T19:31:24.631Z,public GET; no authentication; archive user-agent,"{""date"":""Sat, 15 Aug 2026 19:31:24 GMT"",""content_type"":""text/html;charset=UTF-8"",""content_length"":"""",""last_modified"":"""",""etag"":"""",""content_disposition"":"""",""cache_control"":""""}",2026-08-16,政府/国际组织公开资料，按原站署名与条款使用,,shared,,,,使用本地原件；引用时保留发布机构、原URL、访问日期和许可。
WEB-0432,web,每日行情,上海黄金交易所,,06_黄金美元与储备配置,B,比较美元、短债、黄金、人民币资产与套保工具的周期性作用。,最终数据/最终数据/outputs/019f56e7-91fe-7a43-b1d0-ae50e45c9d0c/黄金价格传导链因素与时序数据_20260724.xlsx；最终数据/最终数据/outputs/019f56e7-91fe-7a43-b1d0-ae50e45c9d0c/黄金价格传导链因素与时序数据_20260724.xlsx.inspect.ndjson；最终数据/最终数据/outputs/019f56e7-91fe-7a43-b1d0-ae50e45c9d0c/金银价格波动影响因素与时序数据_20260726.xlsx；最终数据/最终数据/outputs/019f56e7-91fe-7a43-b1d0-ae50e45c9d0c/金银价格波动影响因素与时序数据_20260726.xlsx.inspect.ndjson；最终数据/最终数据/outputs/019f56e7-91fe-7a43-b1d0-ae50e45c9d0c/金银价格波动影响因素与时序数据_中文字段版_20260726.xlsx；最终数据/最终数据/outputs/019f56e7-91fe-7a43-b1d0-ae50e45c9d0c/金银价格波动影响因素与时序数据_中文字段版_20260726.xlsx.inspect.ndjson,须以原文、数据口径、发布时间和适用许可为准；媒体或行业资料不得替代核心A级证据。,https://www.sge.com.cn/sjzx/quotation_daily_new?start_date=2025-07-01&end_date=2025-07-31&inst_ids=Ag%28T%2BD%29&p=,https://www.sge.com.cn/sjzx/quotation_daily_new?start_date=2025-07-01&end_date=2025-07-31&inst_ids=Ag%28T%2BD%29&p=,https://www.sge.com.cn/sjzx/quotation_daily_new?start_date=2025-07-01&end_date=2025-07-31&inst_ids=Ag%28T%2BD%29&p=,最终数据/最终数据/outputs/019f56e7-91fe-7a43-b1d0-ae50e45c9d0c/黄金价格传导链因素与时序数据_20260724.xlsx | 最终数据/最终数据/outputs/019f56e7-91fe-7a43-b1d0-ae50e45c9d0c/黄金价格传导链因素与时序数据_20260724.xlsx.inspect.ndjson | 最终数据/最终数据/outputs/019f56e7-91fe-7a43-b1d0-ae50e45c9d0c/金银价格波动影响因素与时序数据_20260726.xlsx | 最终数据/最终数据/outputs/019f56e7-91fe-7a43-b1d0-ae50e45c9d0c/金银价格波动影响因素与时序数据_20260726.xlsx.inspect.ndjson | 最终数据/最终数据/outputs/019f56e7-91fe-7a43-b1d0-ae50e45c9d0c/金银价格波动影响因素与时序数据_中文字段版_20260726.xlsx | 最终数据/最终数据/outputs/019f56e7-91fe-7a43-b1d0-ae50e45c9d0c/金银价格波动影响因素与时序数据_中文字段版_20260726.xlsx.inspect.ndjson,最终数据/最终数据/outputs/019f56e7-91fe-7a43-b1d0-ae50e45c9d0c/黄金价格传导链因素与时序数据_20260724.xlsx:xl/worksheets/sheet6.xml | 最终数据/最终数据/outputs/019f56e7-91fe-7a43-b1d0-ae50e45c9d0c/黄金价格传导链因素与时序数据_20260724.xlsx.inspect.ndjson:20945 | 最终数据/最终数据/outputs/019f56e7-91fe-7a43-b1d0-ae50e45c9d0c/金银价格波动影响因素与时序数据_20260726.xlsx:xl/worksheets/sheet6.xml | 最终数据/最终数据/outputs/019f56e7-91fe-7a43-b1d0-ae50e45c9d0c/金银价格波动影响因素与时序数据_20260726.xlsx.inspect.ndjson:31180 | 最终数据/最终数据/outputs/019f56e7-91fe-7a43-b1d0-ae50e45c9d0c/金银价格波动影响因素与时序数据_中文字段版_20260726.xlsx:xl/worksheets/sheet7.xml | 最终数据/最终数据/outputs/019f56e7-91fe-7a43-b1d0-ae50e45c9d0c/金银价格波动影响因素与时序数据_中文字段版_20260726.xlsx.inspect.ndjson:31472,,06_黄金美元与储备配置/外部原件/WEB-0432_XLSX_entry_xl_worksheets_sheet6.xml/original.html,text/html;charset=UTF-8,.html,93856,239a2b96175fd07b0843a9bdf5cb77526d1ae6263bbb0da15866ddd071d89d6c,,,,,,,source,DOWNLOADED_VERIFIED,200,GET,2026-08-15T19:31:24.631Z,public GET; no authentication; archive user-agent,"{""date"":""Sat, 15 Aug 2026 19:31:23 GMT"",""content_type"":""text/html;charset=UTF-8"",""content_length"":"""",""last_modified"":"""",""etag"":"""",""content_disposition"":"""",""cache_control"":""""}",2026-08-16,政府/国际组织公开资料，按原站署名与条款使用,,shared,,,,使用本地原件；引用时保留发布机构、原URL、访问日期和许可。
WEB-0433,web,每日行情,上海黄金交易所,,06_黄金美元与储备配置,B,比较美元、短债、黄金、人民币资产与套保工具的周期性作用。,最终数据/最终数据/outputs/019f56e7-91fe-7a43-b1d0-ae50e45c9d0c/黄金价格传导链因素与时序数据_20260724.xlsx；最终数据/最终数据/outputs/019f56e7-91fe-7a43-b1d0-ae50e45c9d0c/黄金价格传导链因素与时序数据_20260724.xlsx.inspect.ndjson；最终数据/最终数据/outputs/019f56e7-91fe-7a43-b1d0-ae50e45c9d0c/金银价格波动影响因素与时序数据_20260726.xlsx；最终数据/最终数据/outputs/019f56e7-91fe-7a43-b1d0-ae50e45c9d0c/金银价格波动影响因素与时序数据_20260726.xlsx.inspect.ndjson；最终数据/最终数据/outputs/019f56e7-91fe-7a43-b1d0-ae50e45c9d0c/金银价格波动影响因素与时序数据_中文字段版_20260726.xlsx；最终数据/最终数据/outputs/019f56e7-91fe-7a43-b1d0-ae50e45c9d0c/金银价格波动影响因素与时序数据_中文字段版_20260726.xlsx.inspect.ndjson,须以原文、数据口径、发布时间和适用许可为准；媒体或行业资料不得替代核心A级证据。,https://www.sge.com.cn/sjzx/quotation_daily_new?start_date=2025-07-01&end_date=2025-07-31&inst_ids=Au99.99&p=,https://www.sge.com.cn/sjzx/quotation_daily_new?start_date=2025-07-01&end_date=2025-07-31&inst_ids=Au99.99&p=,https://www.sge.com.cn/sjzx/quotation_daily_new?start_date=2025-07-01&end_date=2025-07-31&inst_ids=Au99.99&p=,最终数据/最终数据/outputs/019f56e7-91fe-7a43-b1d0-ae50e45c9d0c/黄金价格传导链因素与时序数据_20260724.xlsx | 最终数据/最终数据/outputs/019f56e7-91fe-7a43-b1d0-ae50e45c9d0c/黄金价格传导链因素与时序数据_20260724.xlsx.inspect.ndjson | 最终数据/最终数据/outputs/019f56e7-91fe-7a43-b1d0-ae50e45c9d0c/金银价格波动影响因素与时序数据_20260726.xlsx | 最终数据/最终数据/outputs/019f56e7-91fe-7a43-b1d0-ae50e45c9d0c/金银价格波动影响因素与时序数据_20260726.xlsx.inspect.ndjson | 最终数据/最终数据/outputs/019f56e7-91fe-7a43-b1d0-ae50e45c9d0c/金银价格波动影响因素与时序数据_中文字段版_20260726.xlsx | 最终数据/最终数据/outputs/019f56e7-91fe-7a43-b1d0-ae50e45c9d0c/金银价格波动影响因素与时序数据_中文字段版_20260726.xlsx.inspect.ndjson,最终数据/最终数据/outputs/019f56e7-91fe-7a43-b1d0-ae50e45c9d0c/黄金价格传导链因素与时序数据_20260724.xlsx:xl/worksheets/sheet6.xml | 最终数据/最终数据/outputs/019f56e7-91fe-7a43-b1d0-ae50e45c9d0c/黄金价格传导链因素与时序数据_20260724.xlsx.inspect.ndjson:20945 | 最终数据/最终数据/outputs/019f56e7-91fe-7a43-b1d0-ae50e45c9d0c/金银价格波动影响因素与时序数据_20260726.xlsx:xl/worksheets/sheet6.xml | 最终数据/最终数据/outputs/019f56e7-91fe-7a43-b1d0-ae50e45c9d0c/金银价格波动影响因素与时序数据_20260726.xlsx.inspect.ndjson:31180 | 最终数据/最终数据/outputs/019f56e7-91fe-7a43-b1d0-ae50e45c9d0c/金银价格波动影响因素与时序数据_中文字段版_20260726.xlsx:xl/worksheets/sheet7.xml | 最终数据/最终数据/outputs/019f56e7-91fe-7a43-b1d0-ae50e45c9d0c/金银价格波动影响因素与时序数据_中文字段版_20260726.xlsx.inspect.ndjson:31472,,06_黄金美元与储备配置/外部原件/WEB-0433_XLSX_entry_xl_worksheets_sheet6.xml/original.html,text/html;charset=UTF-8,.html,93335,e9b99c4175880b9cdfa077cde8228482d85c233515f138b8795da19eac14e74e,,,,,,,source,DOWNLOADED_VERIFIED,200,GET,2026-08-15T19:31:24.632Z,public GET; no authentication; archive user-agent,"{""date"":""Sat, 15 Aug 2026 19:31:24 GMT"",""content_type"":""text/html;charset=UTF-8"",""content_length"":"""",""last_modified"":"""",""etag"":"""",""content_disposition"":"""",""cache_control"":""""}",2026-08-16,政府/国际组织公开资料，按原站署名与条款使用,,shared,,,,使用本地原件；引用时保留发布机构、原URL、访问日期和许可。
WEB-0434,web,每日行情,上海黄金交易所,,06_黄金美元与储备配置,B,比较美元、短债、黄金、人民币资产与套保工具的周期性作用。,最终数据/最终数据/outputs/019f56e7-91fe-7a43-b1d0-ae50e45c9d0c/黄金价格传导链因素与时序数据_20260724.xlsx；最终数据/最终数据/outputs/019f56e7-91fe-7a43-b1d0-ae50e45c9d0c/黄金价格传导链因素与时序数据_20260724.xlsx.inspect.ndjson；最终数据/最终数据/outputs/019f56e7-91fe-7a43-b1d0-ae50e45c9d0c/金银价格波动影响因素与时序数据_20260726.xlsx；最终数据/最终数据/outputs/019f56e7-91fe-7a43-b1d0-ae50e45c9d0c/金银价格波动影响因素与时序数据_20260726.xlsx.inspect.ndjson；最终数据/最终数据/outputs/019f56e7-91fe-7a43-b1d0-ae50e45c9d0c/金银价格波动影响因素与时序数据_中文字段版_20260726.xlsx；最终数据/最终数据/outputs/019f56e7-91fe-7a43-b1d0-ae50e45c9d0c/金银价格波动影响因素与时序数据_中文字段版_20260726.xlsx.inspect.ndjson,须以原文、数据口径、发布时间和适用许可为准；媒体或行业资料不得替代核心A级证据。,https://www.sge.com.cn/sjzx/quotation_daily_new?start_date=2025-08-01&end_date=2025-08-31&inst_ids=Ag%28T%2BD%29&p=,https://www.sge.com.cn/sjzx/quotation_daily_new?start_date=2025-08-01&end_date=2025-08-31&inst_ids=Ag%28T%2BD%29&p=,https://www.sge.com.cn/sjzx/quotation_daily_new?start_date=2025-08-01&end_date=2025-08-31&inst_ids=Ag%28T%2BD%29&p=,最终数据/最终数据/outputs/019f56e7-91fe-7a43-b1d0-ae50e45c9d0c/黄金价格传导链因素与时序数据_20260724.xlsx | 最终数据/最终数据/outputs/019f56e7-91fe-7a43-b1d0-ae50e45c9d0c/黄金价格传导链因素与时序数据_20260724.xlsx.inspect.ndjson | 最终数据/最终数据/outputs/019f56e7-91fe-7a43-b1d0-ae50e45c9d0c/金银价格波动影响因素与时序数据_20260726.xlsx | 最终数据/最终数据/outputs/019f56e7-91fe-7a43-b1d0-ae50e45c9d0c/金银价格波动影响因素与时序数据_20260726.xlsx.inspect.ndjson | 最终数据/最终数据/outputs/019f56e7-91fe-7a43-b1d0-ae50e45c9d0c/金银价格波动影响因素与时序数据_中文字段版_20260726.xlsx | 最终数据/最终数据/outputs/019f56e7-91fe-7a43-b1d0-ae50e45c9d0c/金银价格波动影响因素与时序数据_中文字段版_20260726.xlsx.inspect.ndjson,最终数据/最终数据/outputs/019f56e7-91fe-7a43-b1d0-ae50e45c9d0c/黄金价格传导链因素与时序数据_20260724.xlsx:xl/worksheets/sheet6.xml | 最终数据/最终数据/outputs/019f56e7-91fe-7a43-b1d0-ae50e45c9d0c/黄金价格传导链因素与时序数据_20260724.xlsx.inspect.ndjson:20945 | 最终数据/最终数据/outputs/019f56e7-91fe-7a43-b1d0-ae50e45c9d0c/金银价格波动影响因素与时序数据_20260726.xlsx:xl/worksheets/sheet6.xml | 最终数据/最终数据/outputs/019f56e7-91fe-7a43-b1d0-ae50e45c9d0c/金银价格波动影响因素与时序数据_20260726.xlsx.inspect.ndjson:31180 | 最终数据/最终数据/outputs/019f56e7-91fe-7a43-b1d0-ae50e45c9d0c/金银价格波动影响因素与时序数据_中文字段版_20260726.xlsx:xl/worksheets/sheet7.xml | 最终数据/最终数据/outputs/019f56e7-91fe-7a43-b1d0-ae50e45c9d0c/金银价格波动影响因素与时序数据_中文字段版_20260726.xlsx.inspect.ndjson:31472,,06_黄金美元与储备配置/外部原件/WEB-0434_XLSX_entry_xl_worksheets_sheet6.xml/original.html,text/html;charset=UTF-8,.html,93850,e7ddc428d21bbf797239a0de398906bb460bae14e898d592b3ae045b313b17b9,,,,,,,source,DOWNLOADED_VERIFIED,200,GET,2026-08-15T19:31:24.632Z,public GET; no authentication; archive user-agent,"{""date"":""Sat, 15 Aug 2026 19:31:23 GMT"",""content_type"":""text/html;charset=UTF-8"",""content_length"":"""",""last_modified"":"""",""etag"":"""",""content_disposition"":"""",""cache_control"":""""}",2026-08-16,政府/国际组织公开资料，按原站署名与条款使用,,shared,,,,使用本地原件；引用时保留发布机构、原URL、访问日期和许可。
WEB-0435,web,每日行情,上海黄金交易所,,06_黄金美元与储备配置,B,比较美元、短债、黄金、人民币资产与套保工具的周期性作用。,最终数据/最终数据/outputs/019f56e7-91fe-7a43-b1d0-ae50e45c9d0c/黄金价格传导链因素与时序数据_20260724.xlsx；最终数据/最终数据/outputs/019f56e7-91fe-7a43-b1d0-ae50e45c9d0c/黄金价格传导链因素与时序数据_20260724.xlsx.inspect.ndjson；最终数据/最终数据/outputs/019f56e7-91fe-7a43-b1d0-ae50e45c9d0c/金银价格波动影响因素与时序数据_20260726.xlsx；最终数据/最终数据/outputs/019f56e7-91fe-7a43-b1d0-ae50e45c9d0c/金银价格波动影响因素与时序数据_20260726.xlsx.inspect.ndjson；最终数据/最终数据/outputs/019f56e7-91fe-7a43-b1d0-ae50e45c9d0c/金银价格波动影响因素与时序数据_中文字段版_20260726.xlsx；最终数据/最终数据/outputs/019f56e7-91fe-7a43-b1d0-ae50e45c9d0c/金银价格波动影响因素与时序数据_中文字段版_20260726.xlsx.inspect.ndjson,须以原文、数据口径、发布时间和适用许可为准；媒体或行业资料不得替代核心A级证据。,https://www.sge.com.cn/sjzx/quotation_daily_new?start_date=2025-08-01&end_date=2025-08-31&inst_ids=Au99.99&p=,https://www.sge.com.cn/sjzx/quotation_daily_new?start_date=2025-08-01&end_date=2025-08-31&inst_ids=Au99.99&p=,https://www.sge.com.cn/sjzx/quotation_daily_new?start_date=2025-08-01&end_date=2025-08-31&inst_ids=Au99.99&p=,最终数据/最终数据/outputs/019f56e7-91fe-7a43-b1d0-ae50e45c9d0c/黄金价格传导链因素与时序数据_20260724.xlsx | 最终数据/最终数据/outputs/019f56e7-91fe-7a43-b1d0-ae50e45c9d0c/黄金价格传导链因素与时序数据_20260724.xlsx.inspect.ndjson | 最终数据/最终数据/outputs/019f56e7-91fe-7a43-b1d0-ae50e45c9d0c/金银价格波动影响因素与时序数据_20260726.xlsx | 最终数据/最终数据/outputs/019f56e7-91fe-7a43-b1d0-ae50e45c9d0c/金银价格波动影响因素与时序数据_20260726.xlsx.inspect.ndjson | 最终数据/最终数据/outputs/019f56e7-91fe-7a43-b1d0-ae50e45c9d0c/金银价格波动影响因素与时序数据_中文字段版_20260726.xlsx | 最终数据/最终数据/outputs/019f56e7-91fe-7a43-b1d0-ae50e45c9d0c/金银价格波动影响因素与时序数据_中文字段版_20260726.xlsx.inspect.ndjson,最终数据/最终数据/outputs/019f56e7-91fe-7a43-b1d0-ae50e45c9d0c/黄金价格传导链因素与时序数据_20260724.xlsx:xl/worksheets/sheet6.xml | 最终数据/最终数据/outputs/019f56e7-91fe-7a43-b1d0-ae50e45c9d0c/黄金价格传导链因素与时序数据_20260724.xlsx.inspect.ndjson:20945 | 最终数据/最终数据/outputs/019f56e7-91fe-7a43-b1d0-ae50e45c9d0c/金银价格波动影响因素与时序数据_20260726.xlsx:xl/worksheets/sheet6.xml | 最终数据/最终数据/outputs/019f56e7-91fe-7a43-b1d0-ae50e45c9d0c/金银价格波动影响因素与时序数据_20260726.xlsx.inspect.ndjson:31180 | 最终数据/最终数据/outputs/019f56e7-91fe-7a43-b1d0-ae50e45c9d0c/金银价格波动影响因素与时序数据_中文字段版_20260726.xlsx:xl/worksheets/sheet7.xml | 最终数据/最终数据/outputs/019f56e7-91fe-7a43-b1d0-ae50e45c9d0c/金银价格波动影响因素与时序数据_中文字段版_20260726.xlsx.inspect.ndjson:31472,,06_黄金美元与储备配置/外部原件/WEB-0435_XLSX_entry_xl_worksheets_sheet6.xml/original.html,text/html;charset=UTF-8,.html,93319,be215e3987aab66bc03c7e8e75df4831a5676930d310c757cb50bc4e9cb7ba2d,,,,,,,source,DOWNLOADED_VERIFIED,200,GET,2026-08-15T19:31:25.286Z,public GET; no authentication; archive user-agent,"{""date"":""Sat, 15 Aug 2026 19:31:24 GMT"",""content_type"":""text/html;charset=UTF-8"",""content_length"":"""",""last_modified"":"""",""etag"":"""",""content_disposition"":"""",""cache_control"":""""}",2026-08-16,政府/国际组织公开资料，按原站署名与条款使用,,shared,,,,使用本地原件；引用时保留发布机构、原URL、访问日期和许可。
WEB-0436,web,每日行情,上海黄金交易所,,06_黄金美元与储备配置,B,比较美元、短债、黄金、人民币资产与套保工具的周期性作用。,最终数据/最终数据/outputs/019f56e7-91fe-7a43-b1d0-ae50e45c9d0c/黄金价格传导链因素与时序数据_20260724.xlsx；最终数据/最终数据/outputs/019f56e7-91fe-7a43-b1d0-ae50e45c9d0c/黄金价格传导链因素与时序数据_20260724.xlsx.inspect.ndjson；最终数据/最终数据/outputs/019f56e7-91fe-7a43-b1d0-ae50e45c9d0c/金银价格波动影响因素与时序数据_20260726.xlsx；最终数据/最终数据/outputs/019f56e7-91fe-7a43-b1d0-ae50e45c9d0c/金银价格波动影响因素与时序数据_20260726.xlsx.inspect.ndjson；最终数据/最终数据/outputs/019f56e7-91fe-7a43-b1d0-ae50e45c9d0c/金银价格波动影响因素与时序数据_中文字段版_20260726.xlsx；最终数据/最终数据/outputs/019f56e7-91fe-7a43-b1d0-ae50e45c9d0c/金银价格波动影响因素与时序数据_中文字段版_20260726.xlsx.inspect.ndjson,须以原文、数据口径、发布时间和适用许可为准；媒体或行业资料不得替代核心A级证据。,https://www.sge.com.cn/sjzx/quotation_daily_new?start_date=2025-09-01&end_date=2025-09-30&inst_ids=Ag%28T%2BD%29&p=,https://www.sge.com.cn/sjzx/quotation_daily_new?start_date=2025-09-01&end_date=2025-09-30&inst_ids=Ag%28T%2BD%29&p=,https://www.sge.com.cn/sjzx/quotation_daily_new?start_date=2025-09-01&end_date=2025-09-30&inst_ids=Ag%28T%2BD%29&p=,最终数据/最终数据/outputs/019f56e7-91fe-7a43-b1d0-ae50e45c9d0c/黄金价格传导链因素与时序数据_20260724.xlsx | 最终数据/最终数据/outputs/019f56e7-91fe-7a43-b1d0-ae50e45c9d0c/黄金价格传导链因素与时序数据_20260724.xlsx.inspect.ndjson | 最终数据/最终数据/outputs/019f56e7-91fe-7a43-b1d0-ae50e45c9d0c/金银价格波动影响因素与时序数据_20260726.xlsx | 最终数据/最终数据/outputs/019f56e7-91fe-7a43-b1d0-ae50e45c9d0c/金银价格波动影响因素与时序数据_20260726.xlsx.inspect.ndjson | 最终数据/最终数据/outputs/019f56e7-91fe-7a43-b1d0-ae50e45c9d0c/金银价格波动影响因素与时序数据_中文字段版_20260726.xlsx | 最终数据/最终数据/outputs/019f56e7-91fe-7a43-b1d0-ae50e45c9d0c/金银价格波动影响因素与时序数据_中文字段版_20260726.xlsx.inspect.ndjson,最终数据/最终数据/outputs/019f56e7-91fe-7a43-b1d0-ae50e45c9d0c/黄金价格传导链因素与时序数据_20260724.xlsx:xl/worksheets/sheet6.xml | 最终数据/最终数据/outputs/019f56e7-91fe-7a43-b1d0-ae50e45c9d0c/黄金价格传导链因素与时序数据_20260724.xlsx.inspect.ndjson:20945 | 最终数据/最终数据/outputs/019f56e7-91fe-7a43-b1d0-ae50e45c9d0c/金银价格波动影响因素与时序数据_20260726.xlsx:xl/worksheets/sheet6.xml | 最终数据/最终数据/outputs/019f56e7-91fe-7a43-b1d0-ae50e45c9d0c/金银价格波动影响因素与时序数据_20260726.xlsx.inspect.ndjson:31180 | 最终数据/最终数据/outputs/019f56e7-91fe-7a43-b1d0-ae50e45c9d0c/金银价格波动影响因素与时序数据_中文字段版_20260726.xlsx:xl/worksheets/sheet7.xml | 最终数据/最终数据/outputs/019f56e7-91fe-7a43-b1d0-ae50e45c9d0c/金银价格波动影响因素与时序数据_中文字段版_20260726.xlsx.inspect.ndjson:31472,,06_黄金美元与储备配置/外部原件/WEB-0436_XLSX_entry_xl_worksheets_sheet6.xml/original.html,text/html;charset=UTF-8,.html,93895,9b9be57f907ec2ffe3e260657140a214859f22acb369552941df7d231aad8344,,,,,,,source,DOWNLOADED_VERIFIED,200,GET,2026-08-15T19:31:25.285Z,public GET; no authentication; archive user-agent,"{""date"":""Sat, 15 Aug 2026 19:31:24 GMT"",""content_type"":""text/html;charset=UTF-8"",""content_length"":"""",""last_modified"":"""",""etag"":"""",""content_disposition"":"""",""cache_control"":""""}",2026-08-16,政府/国际组织公开资料，按原站署名与条款使用,,shared,,,,使用本地原件；引用时保留发布机构、原URL、访问日期和许可。
WEB-0437,web,每日行情,上海黄金交易所,,06_黄金美元与储备配置,B,比较美元、短债、黄金、人民币资产与套保工具的周期性作用。,最终数据/最终数据/outputs/019f56e7-91fe-7a43-b1d0-ae50e45c9d0c/黄金价格传导链因素与时序数据_20260724.xlsx；最终数据/最终数据/outputs/019f56e7-91fe-7a43-b1d0-ae50e45c9d0c/黄金价格传导链因素与时序数据_20260724.xlsx.inspect.ndjson；最终数据/最终数据/outputs/019f56e7-91fe-7a43-b1d0-ae50e45c9d0c/金银价格波动影响因素与时序数据_20260726.xlsx；最终数据/最终数据/outputs/019f56e7-91fe-7a43-b1d0-ae50e45c9d0c/金银价格波动影响因素与时序数据_20260726.xlsx.inspect.ndjson；最终数据/最终数据/outputs/019f56e7-91fe-7a43-b1d0-ae50e45c9d0c/金银价格波动影响因素与时序数据_中文字段版_20260726.xlsx；最终数据/最终数据/outputs/019f56e7-91fe-7a43-b1d0-ae50e45c9d0c/金银价格波动影响因素与时序数据_中文字段版_20260726.xlsx.inspect.ndjson,须以原文、数据口径、发布时间和适用许可为准；媒体或行业资料不得替代核心A级证据。,https://www.sge.com.cn/sjzx/quotation_daily_new?start_date=2025-09-01&end_date=2025-09-30&inst_ids=Au99.99&p=,https://www.sge.com.cn/sjzx/quotation_daily_new?start_date=2025-09-01&end_date=2025-09-30&inst_ids=Au99.99&p=,https://www.sge.com.cn/sjzx/quotation_daily_new?start_date=2025-09-01&end_date=2025-09-30&inst_ids=Au99.99&p=,最终数据/最终数据/outputs/019f56e7-91fe-7a43-b1d0-ae50e45c9d0c/黄金价格传导链因素与时序数据_20260724.xlsx | 最终数据/最终数据/outputs/019f56e7-91fe-7a43-b1d0-ae50e45c9d0c/黄金价格传导链因素与时序数据_20260724.xlsx.inspect.ndjson | 最终数据/最终数据/outputs/019f56e7-91fe-7a43-b1d0-ae50e45c9d0c/金银价格波动影响因素与时序数据_20260726.xlsx | 最终数据/最终数据/outputs/019f56e7-91fe-7a43-b1d0-ae50e45c9d0c/金银价格波动影响因素与时序数据_20260726.xlsx.inspect.ndjson | 最终数据/最终数据/outputs/019f56e7-91fe-7a43-b1d0-ae50e45c9d0c/金银价格波动影响因素与时序数据_中文字段版_20260726.xlsx | 最终数据/最终数据/outputs/019f56e7-91fe-7a43-b1d0-ae50e45c9d0c/金银价格波动影响因素与时序数据_中文字段版_20260726.xlsx.inspect.ndjson,最终数据/最终数据/outputs/019f56e7-91fe-7a43-b1d0-ae50e45c9d0c/黄金价格传导链因素与时序数据_20260724.xlsx:xl/worksheets/sheet6.xml | 最终数据/最终数据/outputs/019f56e7-91fe-7a43-b1d0-ae50e45c9d0c/黄金价格传导链因素与时序数据_20260724.xlsx.inspect.ndjson:20945 | 最终数据/最终数据/outputs/019f56e7-91fe-7a43-b1d0-ae50e45c9d0c/金银价格波动影响因素与时序数据_20260726.xlsx:xl/worksheets/sheet6.xml | 最终数据/最终数据/outputs/019f56e7-91fe-7a43-b1d0-ae50e45c9d0c/金银价格波动影响因素与时序数据_20260726.xlsx.inspect.ndjson:31180 | 最终数据/最终数据/outputs/019f56e7-91fe-7a43-b1d0-ae50e45c9d0c/金银价格波动影响因素与时序数据_中文字段版_20260726.xlsx:xl/worksheets/sheet7.xml | 最终数据/最终数据/outputs/019f56e7-91fe-7a43-b1d0-ae50e45c9d0c/金银价格波动影响因素与时序数据_中文字段版_20260726.xlsx.inspect.ndjson:31472,,06_黄金美元与储备配置/外部原件/WEB-0437_XLSX_entry_xl_worksheets_sheet6.xml/original.html,text/html;charset=UTF-8,.html,93330,c644de421a1ea263a778479afae70f53872b1c9a52f32d2dea6f6b6ddee0d837,,,,,,,source,DOWNLOADED_VERIFIED,200,GET,2026-08-15T19:31:25.286Z,public GET; no authentication; archive user-agent,"{""date"":""Sat, 15 Aug 2026 19:31:24 GMT"",""content_type"":""text/html;charset=UTF-8"",""content_length"":"""",""last_modified"":"""",""etag"":"""",""content_disposition"":"""",""cache_control"":""""}",2026-08-16,政府/国际组织公开资料，按原站署名与条款使用,,shared,,,,使用本地原件；引用时保留发布机构、原URL、访问日期和许可。
WEB-0438,web,每日行情,上海黄金交易所,,06_黄金美元与储备配置,B,比较美元、短债、黄金、人民币资产与套保工具的周期性作用。,最终数据/最终数据/outputs/019f56e7-91fe-7a43-b1d0-ae50e45c9d0c/黄金价格传导链因素与时序数据_20260724.xlsx；最终数据/最终数据/outputs/019f56e7-91fe-7a43-b1d0-ae50e45c9d0c/黄金价格传导链因素与时序数据_20260724.xlsx.inspect.ndjson；最终数据/最终数据/outputs/019f56e7-91fe-7a43-b1d0-ae50e45c9d0c/金银价格波动影响因素与时序数据_20260726.xlsx；最终数据/最终数据/outputs/019f56e7-91fe-7a43-b1d0-ae50e45c9d0c/金银价格波动影响因素与时序数据_20260726.xlsx.inspect.ndjson；最终数据/最终数据/outputs/019f56e7-91fe-7a43-b1d0-ae50e45c9d0c/金银价格波动影响因素与时序数据_中文字段版_20260726.xlsx；最终数据/最终数据/outputs/019f56e7-91fe-7a43-b1d0-ae50e45c9d0c/金银价格波动影响因素与时序数据_中文字段版_20260726.xlsx.inspect.ndjson,须以原文、数据口径、发布时间和适用许可为准；媒体或行业资料不得替代核心A级证据。,https://www.sge.com.cn/sjzx/quotation_daily_new?start_date=2025-10-01&end_date=2025-10-31&inst_ids=Ag%28T%2BD%29&p=,https://www.sge.com.cn/sjzx/quotation_daily_new?start_date=2025-10-01&end_date=2025-10-31&inst_ids=Ag%28T%2BD%29&p=,https://www.sge.com.cn/sjzx/quotation_daily_new?start_date=2025-10-01&end_date=2025-10-31&inst_ids=Ag%28T%2BD%29&p=,最终数据/最终数据/outputs/019f56e7-91fe-7a43-b1d0-ae50e45c9d0c/黄金价格传导链因素与时序数据_20260724.xlsx | 最终数据/最终数据/outputs/019f56e7-91fe-7a43-b1d0-ae50e45c9d0c/黄金价格传导链因素与时序数据_20260724.xlsx.inspect.ndjson | 最终数据/最终数据/outputs/019f56e7-91fe-7a43-b1d0-ae50e45c9d0c/金银价格波动影响因素与时序数据_20260726.xlsx | 最终数据/最终数据/outputs/019f56e7-91fe-7a43-b1d0-ae50e45c9d0c/金银价格波动影响因素与时序数据_20260726.xlsx.inspect.ndjson | 最终数据/最终数据/outputs/019f56e7-91fe-7a43-b1d0-ae50e45c9d0c/金银价格波动影响因素与时序数据_中文字段版_20260726.xlsx | 最终数据/最终数据/outputs/019f56e7-91fe-7a43-b1d0-ae50e45c9d0c/金银价格波动影响因素与时序数据_中文字段版_20260726.xlsx.inspect.ndjson,最终数据/最终数据/outputs/019f56e7-91fe-7a43-b1d0-ae50e45c9d0c/黄金价格传导链因素与时序数据_20260724.xlsx:xl/worksheets/sheet6.xml | 最终数据/最终数据/outputs/019f56e7-91fe-7a43-b1d0-ae50e45c9d0c/黄金价格传导链因素与时序数据_20260724.xlsx.inspect.ndjson:20945 | 最终数据/最终数据/outputs/019f56e7-91fe-7a43-b1d0-ae50e45c9d0c/金银价格波动影响因素与时序数据_20260726.xlsx:xl/worksheets/sheet6.xml | 最终数据/最终数据/outputs/019f56e7-91fe-7a43-b1d0-ae50e45c9d0c/金银价格波动影响因素与时序数据_20260726.xlsx.inspect.ndjson:31180 | 最终数据/最终数据/outputs/019f56e7-91fe-7a43-b1d0-ae50e45c9d0c/金银价格波动影响因素与时序数据_中文字段版_20260726.xlsx:xl/worksheets/sheet7.xml | 最终数据/最终数据/outputs/019f56e7-91fe-7a43-b1d0-ae50e45c9d0c/金银价格波动影响因素与时序数据_中文字段版_20260726.xlsx.inspect.ndjson:31472,,06_黄金美元与储备配置/外部原件/WEB-0438_XLSX_entry_xl_worksheets_sheet6.xml/original.html,text/html;charset=UTF-8,.html,90697,061cf6cf0aad645bfef08cb38bc97bf88acb6d9cb54d2ac0ea3e777f1d4f82eb,,,,,,,source,DOWNLOADED_VERIFIED,200,GET,2026-08-15T19:31:25.287Z,public GET; no authentication; archive user-agent,"{""date"":""Sat, 15 Aug 2026 19:31:24 GMT"",""content_type"":""text/html;charset=UTF-8"",""content_length"":"""",""last_modified"":"""",""etag"":"""",""content_disposition"":"""",""cache_control"":""""}",2026-08-16,政府/国际组织公开资料，按原站署名与条款使用,,shared,,,,使用本地原件；引用时保留发布机构、原URL、访问日期和许可。
WEB-0439,web,每日行情,上海黄金交易所,,06_黄金美元与储备配置,B,比较美元、短债、黄金、人民币资产与套保工具的周期性作用。,最终数据/最终数据/outputs/019f56e7-91fe-7a43-b1d0-ae50e45c9d0c/黄金价格传导链因素与时序数据_20260724.xlsx；最终数据/最终数据/outputs/019f56e7-91fe-7a43-b1d0-ae50e45c9d0c/黄金价格传导链因素与时序数据_20260724.xlsx.inspect.ndjson；最终数据/最终数据/outputs/019f56e7-91fe-7a43-b1d0-ae50e45c9d0c/金银价格波动影响因素与时序数据_20260726.xlsx；最终数据/最终数据/outputs/019f56e7-91fe-7a43-b1d0-ae50e45c9d0c/金银价格波动影响因素与时序数据_20260726.xlsx.inspect.ndjson；最终数据/最终数据/outputs/019f56e7-91fe-7a43-b1d0-ae50e45c9d0c/金银价格波动影响因素与时序数据_中文字段版_20260726.xlsx；最终数据/最终数据/outputs/019f56e7-91fe-7a43-b1d0-ae50e45c9d0c/金银价格波动影响因素与时序数据_中文字段版_20260726.xlsx.inspect.ndjson,须以原文、数据口径、发布时间和适用许可为准；媒体或行业资料不得替代核心A级证据。,https://www.sge.com.cn/sjzx/quotation_daily_new?start_date=2025-10-01&end_date=2025-10-31&inst_ids=Au99.99&p=,https://www.sge.com.cn/sjzx/quotation_daily_new?start_date=2025-10-01&end_date=2025-10-31&inst_ids=Au99.99&p=,https://www.sge.com.cn/sjzx/quotation_daily_new?start_date=2025-10-01&end_date=2025-10-31&inst_ids=Au99.99&p=,最终数据/最终数据/outputs/019f56e7-91fe-7a43-b1d0-ae50e45c9d0c/黄金价格传导链因素与时序数据_20260724.xlsx | 最终数据/最终数据/outputs/019f56e7-91fe-7a43-b1d0-ae50e45c9d0c/黄金价格传导链因素与时序数据_20260724.xlsx.inspect.ndjson | 最终数据/最终数据/outputs/019f56e7-91fe-7a43-b1d0-ae50e45c9d0c/金银价格波动影响因素与时序数据_20260726.xlsx | 最终数据/最终数据/outputs/019f56e7-91fe-7a43-b1d0-ae50e45c9d0c/金银价格波动影响因素与时序数据_20260726.xlsx.inspect.ndjson | 最终数据/最终数据/outputs/019f56e7-91fe-7a43-b1d0-ae50e45c9d0c/金银价格波动影响因素与时序数据_中文字段版_20260726.xlsx | 最终数据/最终数据/outputs/019f56e7-91fe-7a43-b1d0-ae50e45c9d0c/金银价格波动影响因素与时序数据_中文字段版_20260726.xlsx.inspect.ndjson,最终数据/最终数据/outputs/019f56e7-91fe-7a43-b1d0-ae50e45c9d0c/黄金价格传导链因素与时序数据_20260724.xlsx:xl/worksheets/sheet6.xml | 最终数据/最终数据/outputs/019f56e7-91fe-7a43-b1d0-ae50e45c9d0c/黄金价格传导链因素与时序数据_20260724.xlsx.inspect.ndjson:20945 | 最终数据/最终数据/outputs/019f56e7-91fe-7a43-b1d0-ae50e45c9d0c/金银价格波动影响因素与时序数据_20260726.xlsx:xl/worksheets/sheet6.xml | 最终数据/最终数据/outputs/019f56e7-91fe-7a43-b1d0-ae50e45c9d0c/金银价格波动影响因素与时序数据_20260726.xlsx.inspect.ndjson:31180 | 最终数据/最终数据/outputs/019f56e7-91fe-7a43-b1d0-ae50e45c9d0c/金银价格波动影响因素与时序数据_中文字段版_20260726.xlsx:xl/worksheets/sheet7.xml | 最终数据/最终数据/outputs/019f56e7-91fe-7a43-b1d0-ae50e45c9d0c/金银价格波动影响因素与时序数据_中文字段版_20260726.xlsx.inspect.ndjson:31472,,06_黄金美元与储备配置/外部原件/WEB-0439_XLSX_entry_xl_worksheets_sheet6.xml/original.html,text/html;charset=UTF-8,.html,90197,77aa397d58d88ad76ca8125c54f1be13b724ad03d4af08b6f19cc27c666556ec,,,,,,,source,DOWNLOADED_VERIFIED,200,GET,2026-08-15T19:31:25.948Z,public GET; no authentication; archive user-agent,"{""date"":""Sat, 15 Aug 2026 19:31:25 GMT"",""content_type"":""text/html;charset=UTF-8"",""content_length"":"""",""last_modified"":"""",""etag"":"""",""content_disposition"":"""",""cache_control"":""""}",2026-08-16,政府/国际组织公开资料，按原站署名与条款使用,,shared,,,,使用本地原件；引用时保留发布机构、原URL、访问日期和许可。
WEB-0440,web,每日行情,上海黄金交易所,,06_黄金美元与储备配置,B,比较美元、短债、黄金、人民币资产与套保工具的周期性作用。,最终数据/最终数据/outputs/019f56e7-91fe-7a43-b1d0-ae50e45c9d0c/黄金价格传导链因素与时序数据_20260724.xlsx；最终数据/最终数据/outputs/019f56e7-91fe-7a43-b1d0-ae50e45c9d0c/黄金价格传导链因素与时序数据_20260724.xlsx.inspect.ndjson；最终数据/最终数据/outputs/019f56e7-91fe-7a43-b1d0-ae50e45c9d0c/金银价格波动影响因素与时序数据_20260726.xlsx；最终数据/最终数据/outputs/019f56e7-91fe-7a43-b1d0-ae50e45c9d0c/金银价格波动影响因素与时序数据_20260726.xlsx.inspect.ndjson；最终数据/最终数据/outputs/019f56e7-91fe-7a43-b1d0-ae50e45c9d0c/金银价格波动影响因素与时序数据_中文字段版_20260726.xlsx；最终数据/最终数据/outputs/019f56e7-91fe-7a43-b1d0-ae50e45c9d0c/金银价格波动影响因素与时序数据_中文字段版_20260726.xlsx.inspect.ndjson,须以原文、数据口径、发布时间和适用许可为准；媒体或行业资料不得替代核心A级证据。,https://www.sge.com.cn/sjzx/quotation_daily_new?start_date=2025-11-01&end_date=2025-11-30&inst_ids=Ag%28T%2BD%29&p=,https://www.sge.com.cn/sjzx/quotation_daily_new?start_date=2025-11-01&end_date=2025-11-30&inst_ids=Ag%28T%2BD%29&p=,https://www.sge.com.cn/sjzx/quotation_daily_new?start_date=2025-11-01&end_date=2025-11-30&inst_ids=Ag%28T%2BD%29&p=,最终数据/最终数据/outputs/019f56e7-91fe-7a43-b1d0-ae50e45c9d0c/黄金价格传导链因素与时序数据_20260724.xlsx | 最终数据/最终数据/outputs/019f56e7-91fe-7a43-b1d0-ae50e45c9d0c/黄金价格传导链因素与时序数据_20260724.xlsx.inspect.ndjson | 最终数据/最终数据/outputs/019f56e7-91fe-7a43-b1d0-ae50e45c9d0c/金银价格波动影响因素与时序数据_20260726.xlsx | 最终数据/最终数据/outputs/019f56e7-91fe-7a43-b1d0-ae50e45c9d0c/金银价格波动影响因素与时序数据_20260726.xlsx.inspect.ndjson | 最终数据/最终数据/outputs/019f56e7-91fe-7a43-b1d0-ae50e45c9d0c/金银价格波动影响因素与时序数据_中文字段版_20260726.xlsx | 最终数据/最终数据/outputs/019f56e7-91fe-7a43-b1d0-ae50e45c9d0c/金银价格波动影响因素与时序数据_中文字段版_20260726.xlsx.inspect.ndjson,最终数据/最终数据/outputs/019f56e7-91fe-7a43-b1d0-ae50e45c9d0c/黄金价格传导链因素与时序数据_20260724.xlsx:xl/worksheets/sheet6.xml | 最终数据/最终数据/outputs/019f56e7-91fe-7a43-b1d0-ae50e45c9d0c/黄金价格传导链因素与时序数据_20260724.xlsx.inspect.ndjson:20945 | 最终数据/最终数据/outputs/019f56e7-91fe-7a43-b1d0-ae50e45c9d0c/金银价格波动影响因素与时序数据_20260726.xlsx:xl/worksheets/sheet6.xml | 最终数据/最终数据/outputs/019f56e7-91fe-7a43-b1d0-ae50e45c9d0c/金银价格波动影响因素与时序数据_20260726.xlsx.inspect.ndjson:31180 | 最终数据/最终数据/outputs/019f56e7-91fe-7a43-b1d0-ae50e45c9d0c/金银价格波动影响因素与时序数据_中文字段版_20260726.xlsx:xl/worksheets/sheet7.xml | 最终数据/最终数据/outputs/019f56e7-91fe-7a43-b1d0-ae50e45c9d0c/金银价格波动影响因素与时序数据_中文字段版_20260726.xlsx.inspect.ndjson:31472,,06_黄金美元与储备配置/外部原件/WEB-0440_XLSX_entry_xl_worksheets_sheet6.xml/original.html,text/html;charset=UTF-8,.html,93663,453ab396e601a41dc002ddb94f2106edecfe63681eed7f7461f0e37c1a3b5272,,,,,,,source,DOWNLOADED_VERIFIED,200,GET,2026-08-15T19:31:25.949Z,public GET; no authentication; archive user-agent,"{""date"":""Sat, 15 Aug 2026 19:31:25 GMT"",""content_type"":""text/html;charset=UTF-8"",""content_length"":"""",""last_modified"":"""",""etag"":"""",""content_disposition"":"""",""cache_control"":""""}",2026-08-16,政府/国际组织公开资料，按原站署名与条款使用,,shared,,,,使用本地原件；引用时保留发布机构、原URL、访问日期和许可。
WEB-0441,web,每日行情,上海黄金交易所,,06_黄金美元与储备配置,B,比较美元、短债、黄金、人民币资产与套保工具的周期性作用。,最终数据/最终数据/outputs/019f56e7-91fe-7a43-b1d0-ae50e45c9d0c/黄金价格传导链因素与时序数据_20260724.xlsx；最终数据/最终数据/outputs/019f56e7-91fe-7a43-b1d0-ae50e45c9d0c/黄金价格传导链因素与时序数据_20260724.xlsx.inspect.ndjson；最终数据/最终数据/outputs/019f56e7-91fe-7a43-b1d0-ae50e45c9d0c/金银价格波动影响因素与时序数据_20260726.xlsx；最终数据/最终数据/outputs/019f56e7-91fe-7a43-b1d0-ae50e45c9d0c/金银价格波动影响因素与时序数据_20260726.xlsx.inspect.ndjson；最终数据/最终数据/outputs/019f56e7-91fe-7a43-b1d0-ae50e45c9d0c/金银价格波动影响因素与时序数据_中文字段版_20260726.xlsx；最终数据/最终数据/outputs/019f56e7-91fe-7a43-b1d0-ae50e45c9d0c/金银价格波动影响因素与时序数据_中文字段版_20260726.xlsx.inspect.ndjson,须以原文、数据口径、发布时间和适用许可为准；媒体或行业资料不得替代核心A级证据。,https://www.sge.com.cn/sjzx/quotation_daily_new?start_date=2025-11-01&end_date=2025-11-30&inst_ids=Au99.99&p=,https://www.sge.com.cn/sjzx/quotation_daily_new?start_date=2025-11-01&end_date=2025-11-30&inst_ids=Au99.99&p=,https://www.sge.com.cn/sjzx/quotation_daily_new?start_date=2025-11-01&end_date=2025-11-30&inst_ids=Au99.99&p=,最终数据/最终数据/outputs/019f56e7-91fe-7a43-b1d0-ae50e45c9d0c/黄金价格传导链因素与时序数据_20260724.xlsx | 最终数据/最终数据/outputs/019f56e7-91fe-7a43-b1d0-ae50e45c9d0c/黄金价格传导链因素与时序数据_20260724.xlsx.inspect.ndjson | 最终数据/最终数据/outputs/019f56e7-91fe-7a43-b1d0-ae50e45c9d0c/金银价格波动影响因素与时序数据_20260726.xlsx | 最终数据/最终数据/outputs/019f56e7-91fe-7a43-b1d0-ae50e45c9d0c/金银价格波动影响因素与时序数据_20260726.xlsx.inspect.ndjson | 最终数据/最终数据/outputs/019f56e7-91fe-7a43-b1d0-ae50e45c9d0c/金银价格波动影响因素与时序数据_中文字段版_20260726.xlsx | 最终数据/最终数据/outputs/019f56e7-91fe-7a43-b1d0-ae50e45c9d0c/金银价格波动影响因素与时序数据_中文字段版_20260726.xlsx.inspect.ndjson,最终数据/最终数据/outputs/019f56e7-91fe-7a43-b1d0-ae50e45c9d0c/黄金价格传导链因素与时序数据_20260724.xlsx:xl/worksheets/sheet6.xml | 最终数据/最终数据/outputs/019f56e7-91fe-7a43-b1d0-ae50e45c9d0c/黄金价格传导链因素与时序数据_20260724.xlsx.inspect.ndjson:20945 | 最终数据/最终数据/outputs/019f56e7-91fe-7a43-b1d0-ae50e45c9d0c/金银价格波动影响因素与时序数据_20260726.xlsx:xl/worksheets/sheet6.xml | 最终数据/最终数据/outputs/019f56e7-91fe-7a43-b1d0-ae50e45c9d0c/金银价格波动影响因素与时序数据_20260726.xlsx.inspect.ndjson:31180 | 最终数据/最终数据/outputs/019f56e7-91fe-7a43-b1d0-ae50e45c9d0c/金银价格波动影响因素与时序数据_中文字段版_20260726.xlsx:xl/worksheets/sheet7.xml | 最终数据/最终数据/outputs/019f56e7-91fe-7a43-b1d0-ae50e45c9d0c/金银价格波动影响因素与时序数据_中文字段版_20260726.xlsx.inspect.ndjson:31472,,06_黄金美元与储备配置/外部原件/WEB-0441_XLSX_entry_xl_worksheets_sheet6.xml/original.html,text/html;charset=UTF-8,.html,93068,3d5409c15e6df18781ec1ab955d7e8b8f245073b70e288eb93506ad899a3cadd,,,,,,,source,DOWNLOADED_VERIFIED,200,GET,2026-08-15T19:31:25.949Z,public GET; no authentication; archive user-agent,"{""date"":""Sat, 15 Aug 2026 19:31:25 GMT"",""content_type"":""text/html;charset=UTF-8"",""content_length"":"""",""last_modified"":"""",""etag"":"""",""content_disposition"":"""",""cache_control"":""""}",2026-08-16,政府/国际组织公开资料，按原站署名与条款使用,,shared,,,,使用本地原件；引用时保留发布机构、原URL、访问日期和许可。
WEB-0442,web,每日行情,上海黄金交易所,,06_黄金美元与储备配置,B,比较美元、短债、黄金、人民币资产与套保工具的周期性作用。,最终数据/最终数据/outputs/019f56e7-91fe-7a43-b1d0-ae50e45c9d0c/黄金价格传导链因素与时序数据_20260724.xlsx；最终数据/最终数据/outputs/019f56e7-91fe-7a43-b1d0-ae50e45c9d0c/黄金价格传导链因素与时序数据_20260724.xlsx.inspect.ndjson；最终数据/最终数据/outputs/019f56e7-91fe-7a43-b1d0-ae50e45c9d0c/金银价格波动影响因素与时序数据_20260726.xlsx；最终数据/最终数据/outputs/019f56e7-91fe-7a43-b1d0-ae50e45c9d0c/金银价格波动影响因素与时序数据_20260726.xlsx.inspect.ndjson；最终数据/最终数据/outputs/019f56e7-91fe-7a43-b1d0-ae50e45c9d0c/金银价格波动影响因素与时序数据_中文字段版_20260726.xlsx；最终数据/最终数据/outputs/019f56e7-91fe-7a43-b1d0-ae50e45c9d0c/金银价格波动影响因素与时序数据_中文字段版_20260726.xlsx.inspect.ndjson,须以原文、数据口径、发布时间和适用许可为准；媒体或行业资料不得替代核心A级证据。,https://www.sge.com.cn/sjzx/quotation_daily_new?start_date=2025-12-01&end_date=2025-12-31&inst_ids=Ag%28T%2BD%29&p=,https://www.sge.com.cn/sjzx/quotation_daily_new?start_date=2025-12-01&end_date=2025-12-31&inst_ids=Ag%28T%2BD%29&p=,https://www.sge.com.cn/sjzx/quotation_daily_new?start_date=2025-12-01&end_date=2025-12-31&inst_ids=Ag%28T%2BD%29&p=,最终数据/最终数据/outputs/019f56e7-91fe-7a43-b1d0-ae50e45c9d0c/黄金价格传导链因素与时序数据_20260724.xlsx | 最终数据/最终数据/outputs/019f56e7-91fe-7a43-b1d0-ae50e45c9d0c/黄金价格传导链因素与时序数据_20260724.xlsx.inspect.ndjson | 最终数据/最终数据/outputs/019f56e7-91fe-7a43-b1d0-ae50e45c9d0c/金银价格波动影响因素与时序数据_20260726.xlsx | 最终数据/最终数据/outputs/019f56e7-91fe-7a43-b1d0-ae50e45c9d0c/金银价格波动影响因素与时序数据_20260726.xlsx.inspect.ndjson | 最终数据/最终数据/outputs/019f56e7-91fe-7a43-b1d0-ae50e45c9d0c/金银价格波动影响因素与时序数据_中文字段版_20260726.xlsx | 最终数据/最终数据/outputs/019f56e7-91fe-7a43-b1d0-ae50e45c9d0c/金银价格波动影响因素与时序数据_中文字段版_20260726.xlsx.inspect.ndjson,最终数据/最终数据/outputs/019f56e7-91fe-7a43-b1d0-ae50e45c9d0c/黄金价格传导链因素与时序数据_20260724.xlsx:xl/worksheets/sheet6.xml | 最终数据/最终数据/outputs/019f56e7-91fe-7a43-b1d0-ae50e45c9d0c/黄金价格传导链因素与时序数据_20260724.xlsx.inspect.ndjson:20945 | 最终数据/最终数据/outputs/019f56e7-91fe-7a43-b1d0-ae50e45c9d0c/金银价格波动影响因素与时序数据_20260726.xlsx:xl/worksheets/sheet6.xml | 最终数据/最终数据/outputs/019f56e7-91fe-7a43-b1d0-ae50e45c9d0c/金银价格波动影响因素与时序数据_20260726.xlsx.inspect.ndjson:31180 | 最终数据/最终数据/outputs/019f56e7-91fe-7a43-b1d0-ae50e45c9d0c/金银价格波动影响因素与时序数据_中文字段版_20260726.xlsx:xl/worksheets/sheet7.xml | 最终数据/最终数据/outputs/019f56e7-91fe-7a43-b1d0-ae50e45c9d0c/金银价格波动影响因素与时序数据_中文字段版_20260726.xlsx.inspect.ndjson:31472,,06_黄金美元与储备配置/外部原件/WEB-0442_XLSX_entry_xl_worksheets_sheet6.xml/original.html,text/html;charset=UTF-8,.html,93981,cae1df34a49fe84e7534d62cdbde95a8b234afd8e0261f58b70188c39d6bf5be,,,,,,,source,DOWNLOADED_VERIFIED,200,GET,2026-08-15T19:31:25.949Z,public GET; no authentication; archive user-agent,"{""date"":""Sat, 15 Aug 2026 19:31:25 GMT"",""content_type"":""text/html;charset=UTF-8"",""content_length"":"""",""last_modified"":"""",""etag"":"""",""content_disposition"":"""",""cache_control"":""""}",2026-08-16,政府/国际组织公开资料，按原站署名与条款使用,,shared,,,,使用本地原件；引用时保留发布机构、原URL、访问日期和许可。
WEB-0443,web,每日行情,上海黄金交易所,,06_黄金美元与储备配置,B,比较美元、短债、黄金、人民币资产与套保工具的周期性作用。,最终数据/最终数据/outputs/019f56e7-91fe-7a43-b1d0-ae50e45c9d0c/黄金价格传导链因素与时序数据_20260724.xlsx；最终数据/最终数据/outputs/019f56e7-91fe-7a43-b1d0-ae50e45c9d0c/黄金价格传导链因素与时序数据_20260724.xlsx.inspect.ndjson；最终数据/最终数据/outputs/019f56e7-91fe-7a43-b1d0-ae50e45c9d0c/金银价格波动影响因素与时序数据_20260726.xlsx；最终数据/最终数据/outputs/019f56e7-91fe-7a43-b1d0-ae50e45c9d0c/金银价格波动影响因素与时序数据_20260726.xlsx.inspect.ndjson；最终数据/最终数据/outputs/019f56e7-91fe-7a43-b1d0-ae50e45c9d0c/金银价格波动影响因素与时序数据_中文字段版_20260726.xlsx；最终数据/最终数据/outputs/019f56e7-91fe-7a43-b1d0-ae50e45c9d0c/金银价格波动影响因素与时序数据_中文字段版_20260726.xlsx.inspect.ndjson,须以原文、数据口径、发布时间和适用许可为准；媒体或行业资料不得替代核心A级证据。,https://www.sge.com.cn/sjzx/quotation_daily_new?start_date=2025-12-01&end_date=2025-12-31&inst_ids=Au99.99&p=,https://www.sge.com.cn/sjzx/quotation_daily_new?start_date=2025-12-01&end_date=2025-12-31&inst_ids=Au99.99&p=,https://www.sge.com.cn/sjzx/quotation_daily_new?start_date=2025-12-01&end_date=2025-12-31&inst_ids=Au99.99&p=,最终数据/最终数据/outputs/019f56e7-91fe-7a43-b1d0-ae50e45c9d0c/黄金价格传导链因素与时序数据_20260724.xlsx | 最终数据/最终数据/outputs/019f56e7-91fe-7a43-b1d0-ae50e45c9d0c/黄金价格传导链因素与时序数据_20260724.xlsx.inspect.ndjson | 最终数据/最终数据/outputs/019f56e7-91fe-7a43-b1d0-ae50e45c9d0c/金银价格波动影响因素与时序数据_20260726.xlsx | 最终数据/最终数据/outputs/019f56e7-91fe-7a43-b1d0-ae50e45c9d0c/金银价格波动影响因素与时序数据_20260726.xlsx.inspect.ndjson | 最终数据/最终数据/outputs/019f56e7-91fe-7a43-b1d0-ae50e45c9d0c/金银价格波动影响因素与时序数据_中文字段版_20260726.xlsx | 最终数据/最终数据/outputs/019f56e7-91fe-7a43-b1d0-ae50e45c9d0c/金银价格波动影响因素与时序数据_中文字段版_20260726.xlsx.inspect.ndjson,最终数据/最终数据/outputs/019f56e7-91fe-7a43-b1d0-ae50e45c9d0c/黄金价格传导链因素与时序数据_20260724.xlsx:xl/worksheets/sheet6.xml | 最终数据/最终数据/outputs/019f56e7-91fe-7a43-b1d0-ae50e45c9d0c/黄金价格传导链因素与时序数据_20260724.xlsx.inspect.ndjson:20945 | 最终数据/最终数据/outputs/019f56e7-91fe-7a43-b1d0-ae50e45c9d0c/金银价格波动影响因素与时序数据_20260726.xlsx:xl/worksheets/sheet6.xml | 最终数据/最终数据/outputs/019f56e7-91fe-7a43-b1d0-ae50e45c9d0c/金银价格波动影响因素与时序数据_20260726.xlsx.inspect.ndjson:31180 | 最终数据/最终数据/outputs/019f56e7-91fe-7a43-b1d0-ae50e45c9d0c/金银价格波动影响因素与时序数据_中文字段版_20260726.xlsx:xl/worksheets/sheet7.xml | 最终数据/最终数据/outputs/019f56e7-91fe-7a43-b1d0-ae50e45c9d0c/金银价格波动影响因素与时序数据_中文字段版_20260726.xlsx.inspect.ndjson:31472,,06_黄金美元与储备配置/外部原件/WEB-0443_XLSX_entry_xl_worksheets_sheet6.xml/original.html,text/html;charset=UTF-8,.html,93362,4bf55b3e0dbfb0e6861a73f22658ce8b9a63512d1af993cb0e51ccd5d8a34f01,,,,,,,source,DOWNLOADED_VERIFIED,200,GET,2026-08-15T19:31:26.609Z,public GET; no authentication; archive user-agent,"{""date"":""Sat, 15 Aug 2026 19:31:25 GMT"",""content_type"":""text/html;charset=UTF-8"",""content_length"":"""",""last_modified"":"""",""etag"":"""",""content_disposition"":"""",""cache_control"":""""}",2026-08-16,政府/国际组织公开资料，按原站署名与条款使用,,shared,,,,使用本地原件；引用时保留发布机构、原URL、访问日期和许可。
WEB-0444,web,每日行情,上海黄金交易所,,06_黄金美元与储备配置,B,比较美元、短债、黄金、人民币资产与套保工具的周期性作用。,最终数据/最终数据/outputs/019f56e7-91fe-7a43-b1d0-ae50e45c9d0c/黄金价格传导链因素与时序数据_20260724.xlsx；最终数据/最终数据/outputs/019f56e7-91fe-7a43-b1d0-ae50e45c9d0c/黄金价格传导链因素与时序数据_20260724.xlsx.inspect.ndjson；最终数据/最终数据/outputs/019f56e7-91fe-7a43-b1d0-ae50e45c9d0c/金银价格波动影响因素与时序数据_20260726.xlsx；最终数据/最终数据/outputs/019f56e7-91fe-7a43-b1d0-ae50e45c9d0c/金银价格波动影响因素与时序数据_20260726.xlsx.inspect.ndjson；最终数据/最终数据/outputs/019f56e7-91fe-7a43-b1d0-ae50e45c9d0c/金银价格波动影响因素与时序数据_中文字段版_20260726.xlsx；最终数据/最终数据/outputs/019f56e7-91fe-7a43-b1d0-ae50e45c9d0c/金银价格波动影响因素与时序数据_中文字段版_20260726.xlsx.inspect.ndjson,须以原文、数据口径、发布时间和适用许可为准；媒体或行业资料不得替代核心A级证据。,https://www.sge.com.cn/sjzx/quotation_daily_new?start_date=2026-01-01&end_date=2026-01-31&inst_ids=Ag%28T%2BD%29&p=,https://www.sge.com.cn/sjzx/quotation_daily_new?start_date=2026-01-01&end_date=2026-01-31&inst_ids=Ag%28T%2BD%29&p=,https://www.sge.com.cn/sjzx/quotation_daily_new?start_date=2026-01-01&end_date=2026-01-31&inst_ids=Ag%28T%2BD%29&p=,最终数据/最终数据/outputs/019f56e7-91fe-7a43-b1d0-ae50e45c9d0c/黄金价格传导链因素与时序数据_20260724.xlsx | 最终数据/最终数据/outputs/019f56e7-91fe-7a43-b1d0-ae50e45c9d0c/黄金价格传导链因素与时序数据_20260724.xlsx.inspect.ndjson | 最终数据/最终数据/outputs/019f56e7-91fe-7a43-b1d0-ae50e45c9d0c/金银价格波动影响因素与时序数据_20260726.xlsx | 最终数据/最终数据/outputs/019f56e7-91fe-7a43-b1d0-ae50e45c9d0c/金银价格波动影响因素与时序数据_20260726.xlsx.inspect.ndjson | 最终数据/最终数据/outputs/019f56e7-91fe-7a43-b1d0-ae50e45c9d0c/金银价格波动影响因素与时序数据_中文字段版_20260726.xlsx | 最终数据/最终数据/outputs/019f56e7-91fe-7a43-b1d0-ae50e45c9d0c/金银价格波动影响因素与时序数据_中文字段版_20260726.xlsx.inspect.ndjson,最终数据/最终数据/outputs/019f56e7-91fe-7a43-b1d0-ae50e45c9d0c/黄金价格传导链因素与时序数据_20260724.xlsx:xl/worksheets/sheet6.xml | 最终数据/最终数据/outputs/019f56e7-91fe-7a43-b1d0-ae50e45c9d0c/黄金价格传导链因素与时序数据_20260724.xlsx.inspect.ndjson:20945 | 最终数据/最终数据/outputs/019f56e7-91fe-7a43-b1d0-ae50e45c9d0c/金银价格波动影响因素与时序数据_20260726.xlsx:xl/worksheets/sheet6.xml | 最终数据/最终数据/outputs/019f56e7-91fe-7a43-b1d0-ae50e45c9d0c/金银价格波动影响因素与时序数据_20260726.xlsx.inspect.ndjson:31180 | 最终数据/最终数据/outputs/019f56e7-91fe-7a43-b1d0-ae50e45c9d0c/金银价格波动影响因素与时序数据_中文字段版_20260726.xlsx:xl/worksheets/sheet7.xml | 最终数据/最终数据/outputs/019f56e7-91fe-7a43-b1d0-ae50e45c9d0c/金银价格波动影响因素与时序数据_中文字段版_20260726.xlsx.inspect.ndjson:31472,,06_黄金美元与储备配置/外部原件/WEB-0444_XLSX_entry_xl_worksheets_sheet6.xml/original.html,text/html;charset=UTF-8,.html,93670,b79eb64050180ea4453882bc91e1f560b91b82fbad9c1753d668fa9e0bed1fd6,,,,,,,source,DOWNLOADED_VERIFIED,200,GET,2026-08-15T19:31:26.610Z,public GET; no authentication; archive user-agent,"{""date"":""Sat, 15 Aug 2026 19:31:25 GMT"",""content_type"":""text/html;charset=UTF-8"",""content_length"":"""",""last_modified"":"""",""etag"":"""",""content_disposition"":"""",""cache_control"":""""}",2026-08-16,政府/国际组织公开资料，按原站署名与条款使用,,shared,,,,使用本地原件；引用时保留发布机构、原URL、访问日期和许可。
WEB-0445,web,每日行情,上海黄金交易所,,06_黄金美元与储备配置,B,比较美元、短债、黄金、人民币资产与套保工具的周期性作用。,最终数据/最终数据/outputs/019f56e7-91fe-7a43-b1d0-ae50e45c9d0c/黄金价格传导链因素与时序数据_20260724.xlsx；最终数据/最终数据/outputs/019f56e7-91fe-7a43-b1d0-ae50e45c9d0c/黄金价格传导链因素与时序数据_20260724.xlsx.inspect.ndjson；最终数据/最终数据/outputs/019f56e7-91fe-7a43-b1d0-ae50e45c9d0c/金银价格波动影响因素与时序数据_20260726.xlsx；最终数据/最终数据/outputs/019f56e7-91fe-7a43-b1d0-ae50e45c9d0c/金银价格波动影响因素与时序数据_20260726.xlsx.inspect.ndjson；最终数据/最终数据/outputs/019f56e7-91fe-7a43-b1d0-ae50e45c9d0c/金银价格波动影响因素与时序数据_中文字段版_20260726.xlsx；最终数据/最终数据/outputs/019f56e7-91fe-7a43-b1d0-ae50e45c9d0c/金银价格波动影响因素与时序数据_中文字段版_20260726.xlsx.inspect.ndjson,须以原文、数据口径、发布时间和适用许可为准；媒体或行业资料不得替代核心A级证据。,https://www.sge.com.cn/sjzx/quotation_daily_new?start_date=2026-01-01&end_date=2026-01-31&inst_ids=Au99.99&p=,https://www.sge.com.cn/sjzx/quotation_daily_new?start_date=2026-01-01&end_date=2026-01-31&inst_ids=Au99.99&p=,https://www.sge.com.cn/sjzx/quotation_daily_new?start_date=2026-01-01&end_date=2026-01-31&inst_ids=Au99.99&p=,最终数据/最终数据/outputs/019f56e7-91fe-7a43-b1d0-ae50e45c9d0c/黄金价格传导链因素与时序数据_20260724.xlsx | 最终数据/最终数据/outputs/019f56e7-91fe-7a43-b1d0-ae50e45c9d0c/黄金价格传导链因素与时序数据_20260724.xlsx.inspect.ndjson | 最终数据/最终数据/outputs/019f56e7-91fe-7a43-b1d0-ae50e45c9d0c/金银价格波动影响因素与时序数据_20260726.xlsx | 最终数据/最终数据/outputs/019f56e7-91fe-7a43-b1d0-ae50e45c9d0c/金银价格波动影响因素与时序数据_20260726.xlsx.inspect.ndjson | 最终数据/最终数据/outputs/019f56e7-91fe-7a43-b1d0-ae50e45c9d0c/金银价格波动影响因素与时序数据_中文字段版_20260726.xlsx | 最终数据/最终数据/outputs/019f56e7-91fe-7a43-b1d0-ae50e45c9d0c/金银价格波动影响因素与时序数据_中文字段版_20260726.xlsx.inspect.ndjson,最终数据/最终数据/outputs/019f56e7-91fe-7a43-b1d0-ae50e45c9d0c/黄金价格传导链因素与时序数据_20260724.xlsx:xl/worksheets/sheet6.xml | 最终数据/最终数据/outputs/019f56e7-91fe-7a43-b1d0-ae50e45c9d0c/黄金价格传导链因素与时序数据_20260724.xlsx.inspect.ndjson:20945 | 最终数据/最终数据/outputs/019f56e7-91fe-7a43-b1d0-ae50e45c9d0c/金银价格波动影响因素与时序数据_20260726.xlsx:xl/worksheets/sheet6.xml | 最终数据/最终数据/outputs/019f56e7-91fe-7a43-b1d0-ae50e45c9d0c/金银价格波动影响因素与时序数据_20260726.xlsx.inspect.ndjson:31180 | 最终数据/最终数据/outputs/019f56e7-91fe-7a43-b1d0-ae50e45c9d0c/金银价格波动影响因素与时序数据_中文字段版_20260726.xlsx:xl/worksheets/sheet7.xml | 最终数据/最终数据/outputs/019f56e7-91fe-7a43-b1d0-ae50e45c9d0c/金银价格波动影响因素与时序数据_中文字段版_20260726.xlsx.inspect.ndjson:31472,,06_黄金美元与储备配置/外部原件/WEB-0445_XLSX_entry_xl_worksheets_sheet6.xml/original.html,text/html;charset=UTF-8,.html,93177,964344aa3add837e8a1db3b264b57d082df85a02ff58f11fde5c86d89f7628be,,,,,,,source,DOWNLOADED_VERIFIED,200,GET,2026-08-15T19:31:26.610Z,public GET; no authentication; archive user-agent,"{""date"":""Sat, 15 Aug 2026 19:31:25 GMT"",""content_type"":""text/html;charset=UTF-8"",""content_length"":"""",""last_modified"":"""",""etag"":"""",""content_disposition"":"""",""cache_control"":""""}",2026-08-16,政府/国际组织公开资料，按原站署名与条款使用,,shared,,,,使用本地原件；引用时保留发布机构、原URL、访问日期和许可。
WEB-0446,web,每日行情,上海黄金交易所,,06_黄金美元与储备配置,B,比较美元、短债、黄金、人民币资产与套保工具的周期性作用。,最终数据/最终数据/outputs/019f56e7-91fe-7a43-b1d0-ae50e45c9d0c/黄金价格传导链因素与时序数据_20260724.xlsx；最终数据/最终数据/outputs/019f56e7-91fe-7a43-b1d0-ae50e45c9d0c/黄金价格传导链因素与时序数据_20260724.xlsx.inspect.ndjson；最终数据/最终数据/outputs/019f56e7-91fe-7a43-b1d0-ae50e45c9d0c/金银价格波动影响因素与时序数据_20260726.xlsx；最终数据/最终数据/outputs/019f56e7-91fe-7a43-b1d0-ae50e45c9d0c/金银价格波动影响因素与时序数据_20260726.xlsx.inspect.ndjson；最终数据/最终数据/outputs/019f56e7-91fe-7a43-b1d0-ae50e45c9d0c/金银价格波动影响因素与时序数据_中文字段版_20260726.xlsx；最终数据/最终数据/outputs/019f56e7-91fe-7a43-b1d0-ae50e45c9d0c/金银价格波动影响因素与时序数据_中文字段版_20260726.xlsx.inspect.ndjson,须以原文、数据口径、发布时间和适用许可为准；媒体或行业资料不得替代核心A级证据。,https://www.sge.com.cn/sjzx/quotation_daily_new?start_date=2026-02-01&end_date=2026-02-28&inst_ids=Ag%28T%2BD%29&p=,https://www.sge.com.cn/sjzx/quotation_daily_new?start_date=2026-02-01&end_date=2026-02-28&inst_ids=Ag%28T%2BD%29&p=,https://www.sge.com.cn/sjzx/quotation_daily_new?start_date=2026-02-01&end_date=2026-02-28&inst_ids=Ag%28T%2BD%29&p=,最终数据/最终数据/outputs/019f56e7-91fe-7a43-b1d0-ae50e45c9d0c/黄金价格传导链因素与时序数据_20260724.xlsx | 最终数据/最终数据/outputs/019f56e7-91fe-7a43-b1d0-ae50e45c9d0c/黄金价格传导链因素与时序数据_20260724.xlsx.inspect.ndjson | 最终数据/最终数据/outputs/019f56e7-91fe-7a43-b1d0-ae50e45c9d0c/金银价格波动影响因素与时序数据_20260726.xlsx | 最终数据/最终数据/outputs/019f56e7-91fe-7a43-b1d0-ae50e45c9d0c/金银价格波动影响因素与时序数据_20260726.xlsx.inspect.ndjson | 最终数据/最终数据/outputs/019f56e7-91fe-7a43-b1d0-ae50e45c9d0c/金银价格波动影响因素与时序数据_中文字段版_20260726.xlsx | 最终数据/最终数据/outputs/019f56e7-91fe-7a43-b1d0-ae50e45c9d0c/金银价格波动影响因素与时序数据_中文字段版_20260726.xlsx.inspect.ndjson,最终数据/最终数据/outputs/019f56e7-91fe-7a43-b1d0-ae50e45c9d0c/黄金价格传导链因素与时序数据_20260724.xlsx:xl/worksheets/sheet6.xml | 最终数据/最终数据/outputs/019f56e7-91fe-7a43-b1d0-ae50e45c9d0c/黄金价格传导链因素与时序数据_20260724.xlsx.inspect.ndjson:20945 | 最终数据/最终数据/outputs/019f56e7-91fe-7a43-b1d0-ae50e45c9d0c/金银价格波动影响因素与时序数据_20260726.xlsx:xl/worksheets/sheet6.xml | 最终数据/最终数据/outputs/019f56e7-91fe-7a43-b1d0-ae50e45c9d0c/金银价格波动影响因素与时序数据_20260726.xlsx.inspect.ndjson:31180 | 最终数据/最终数据/outputs/019f56e7-91fe-7a43-b1d0-ae50e45c9d0c/金银价格波动影响因素与时序数据_中文字段版_20260726.xlsx:xl/worksheets/sheet7.xml | 最终数据/最终数据/outputs/019f56e7-91fe-7a43-b1d0-ae50e45c9d0c/金银价格波动影响因素与时序数据_中文字段版_20260726.xlsx.inspect.ndjson:31472,,06_黄金美元与储备配置/外部原件/WEB-0446_XLSX_entry_xl_worksheets_sheet6.xml/original.html,text/html;charset=UTF-8,.html,87652,56c31e1afec20db4692afdeaac492cd58035ee143fda31581b15ca47d8a01f1f,,,,,,,source,DOWNLOADED_VERIFIED,200,GET,2026-08-15T19:31:26.610Z,public GET; no authentication; archive user-agent,"{""date"":""Sat, 15 Aug 2026 19:31:25 GMT"",""content_type"":""text/html;charset=UTF-8"",""content_length"":"""",""last_modified"":"""",""etag"":"""",""content_disposition"":"""",""cache_control"":""""}",2026-08-16,政府/国际组织公开资料，按原站署名与条款使用,,shared,,,,使用本地原件；引用时保留发布机构、原URL、访问日期和许可。
WEB-0447,web,每日行情,上海黄金交易所,,06_黄金美元与储备配置,B,比较美元、短债、黄金、人民币资产与套保工具的周期性作用。,最终数据/最终数据/outputs/019f56e7-91fe-7a43-b1d0-ae50e45c9d0c/黄金价格传导链因素与时序数据_20260724.xlsx；最终数据/最终数据/outputs/019f56e7-91fe-7a43-b1d0-ae50e45c9d0c/黄金价格传导链因素与时序数据_20260724.xlsx.inspect.ndjson；最终数据/最终数据/outputs/019f56e7-91fe-7a43-b1d0-ae50e45c9d0c/金银价格波动影响因素与时序数据_20260726.xlsx；最终数据/最终数据/outputs/019f56e7-91fe-7a43-b1d0-ae50e45c9d0c/金银价格波动影响因素与时序数据_20260726.xlsx.inspect.ndjson；最终数据/最终数据/outputs/019f56e7-91fe-7a43-b1d0-ae50e45c9d0c/金银价格波动影响因素与时序数据_中文字段版_20260726.xlsx；最终数据/最终数据/outputs/019f56e7-91fe-7a43-b1d0-ae50e45c9d0c/金银价格波动影响因素与时序数据_中文字段版_20260726.xlsx.inspect.ndjson,须以原文、数据口径、发布时间和适用许可为准；媒体或行业资料不得替代核心A级证据。,https://www.sge.com.cn/sjzx/quotation_daily_new?start_date=2026-02-01&end_date=2026-02-28&inst_ids=Au99.99&p=,https://www.sge.com.cn/sjzx/quotation_daily_new?start_date=2026-02-01&end_date=2026-02-28&inst_ids=Au99.99&p=,https://www.sge.com.cn/sjzx/quotation_daily_new?start_date=2026-02-01&end_date=2026-02-28&inst_ids=Au99.99&p=,最终数据/最终数据/outputs/019f56e7-91fe-7a43-b1d0-ae50e45c9d0c/黄金价格传导链因素与时序数据_20260724.xlsx | 最终数据/最终数据/outputs/019f56e7-91fe-7a43-b1d0-ae50e45c9d0c/黄金价格传导链因素与时序数据_20260724.xlsx.inspect.ndjson | 最终数据/最终数据/outputs/019f56e7-91fe-7a43-b1d0-ae50e45c9d0c/金银价格波动影响因素与时序数据_20260726.xlsx | 最终数据/最终数据/outputs/019f56e7-91fe-7a43-b1d0-ae50e45c9d0c/金银价格波动影响因素与时序数据_20260726.xlsx.inspect.ndjson | 最终数据/最终数据/outputs/019f56e7-91fe-7a43-b1d0-ae50e45c9d0c/金银价格波动影响因素与时序数据_中文字段版_20260726.xlsx | 最终数据/最终数据/outputs/019f56e7-91fe-7a43-b1d0-ae50e45c9d0c/金银价格波动影响因素与时序数据_中文字段版_20260726.xlsx.inspect.ndjson,最终数据/最终数据/outputs/019f56e7-91fe-7a43-b1d0-ae50e45c9d0c/黄金价格传导链因素与时序数据_20260724.xlsx:xl/worksheets/sheet6.xml | 最终数据/最终数据/outputs/019f56e7-91fe-7a43-b1d0-ae50e45c9d0c/黄金价格传导链因素与时序数据_20260724.xlsx.inspect.ndjson:20945 | 最终数据/最终数据/outputs/019f56e7-91fe-7a43-b1d0-ae50e45c9d0c/金银价格波动影响因素与时序数据_20260726.xlsx:xl/worksheets/sheet6.xml | 最终数据/最终数据/outputs/019f56e7-91fe-7a43-b1d0-ae50e45c9d0c/金银价格波动影响因素与时序数据_20260726.xlsx.inspect.ndjson:31180 | 最终数据/最终数据/outputs/019f56e7-91fe-7a43-b1d0-ae50e45c9d0c/金银价格波动影响因素与时序数据_中文字段版_20260726.xlsx:xl/worksheets/sheet7.xml | 最终数据/最终数据/outputs/019f56e7-91fe-7a43-b1d0-ae50e45c9d0c/金银价格波动影响因素与时序数据_中文字段版_20260726.xlsx.inspect.ndjson:31472,,06_黄金美元与储备配置/外部原件/WEB-0447_XLSX_entry_xl_worksheets_sheet6.xml/original.html,text/html;charset=UTF-8,.html,87344,84c4e8195561e7f345c0a0de91bc6deb4f0eb4a245a343f8bc169c8688d2f4ba,,,,,,,source,DOWNLOADED_VERIFIED,200,GET,2026-08-15T19:31:27.272Z,public GET; no authentication; archive user-agent,"{""date"":""Sat, 15 Aug 2026 19:31:26 GMT"",""content_type"":""text/html;charset=UTF-8"",""content_length"":"""",""last_modified"":"""",""etag"":"""",""content_disposition"":"""",""cache_control"":""""}",2026-08-16,政府/国际组织公开资料，按原站署名与条款使用,,shared,,,,使用本地原件；引用时保留发布机构、原URL、访问日期和许可。
WEB-0448,web,每日行情,上海黄金交易所,,06_黄金美元与储备配置,B,比较美元、短债、黄金、人民币资产与套保工具的周期性作用。,最终数据/最终数据/outputs/019f56e7-91fe-7a43-b1d0-ae50e45c9d0c/黄金价格传导链因素与时序数据_20260724.xlsx；最终数据/最终数据/outputs/019f56e7-91fe-7a43-b1d0-ae50e45c9d0c/黄金价格传导链因素与时序数据_20260724.xlsx.inspect.ndjson；最终数据/最终数据/outputs/019f56e7-91fe-7a43-b1d0-ae50e45c9d0c/金银价格波动影响因素与时序数据_20260726.xlsx；最终数据/最终数据/outputs/019f56e7-91fe-7a43-b1d0-ae50e45c9d0c/金银价格波动影响因素与时序数据_20260726.xlsx.inspect.ndjson；最终数据/最终数据/outputs/019f56e7-91fe-7a43-b1d0-ae50e45c9d0c/金银价格波动影响因素与时序数据_中文字段版_20260726.xlsx；最终数据/最终数据/outputs/019f56e7-91fe-7a43-b1d0-ae50e45c9d0c/金银价格波动影响因素与时序数据_中文字段版_20260726.xlsx.inspect.ndjson,须以原文、数据口径、发布时间和适用许可为准；媒体或行业资料不得替代核心A级证据。,https://www.sge.com.cn/sjzx/quotation_daily_new?start_date=2026-03-01&end_date=2026-03-31&inst_ids=Ag%28T%2BD%29&p=,https://www.sge.com.cn/sjzx/quotation_daily_new?start_date=2026-03-01&end_date=2026-03-31&inst_ids=Ag%28T%2BD%29&p=,https://www.sge.com.cn/sjzx/quotation_daily_new?start_date=2026-03-01&end_date=2026-03-31&inst_ids=Ag%28T%2BD%29&p=,最终数据/最终数据/outputs/019f56e7-91fe-7a43-b1d0-ae50e45c9d0c/黄金价格传导链因素与时序数据_20260724.xlsx | 最终数据/最终数据/outputs/019f56e7-91fe-7a43-b1d0-ae50e45c9d0c/黄金价格传导链因素与时序数据_20260724.xlsx.inspect.ndjson | 最终数据/最终数据/outputs/019f56e7-91fe-7a43-b1d0-ae50e45c9d0c/金银价格波动影响因素与时序数据_20260726.xlsx | 最终数据/最终数据/outputs/019f56e7-91fe-7a43-b1d0-ae50e45c9d0c/金银价格波动影响因素与时序数据_20260726.xlsx.inspect.ndjson | 最终数据/最终数据/outputs/019f56e7-91fe-7a43-b1d0-ae50e45c9d0c/金银价格波动影响因素与时序数据_中文字段版_20260726.xlsx | 最终数据/最终数据/outputs/019f56e7-91fe-7a43-b1d0-ae50e45c9d0c/金银价格波动影响因素与时序数据_中文字段版_20260726.xlsx.inspect.ndjson,最终数据/最终数据/outputs/019f56e7-91fe-7a43-b1d0-ae50e45c9d0c/黄金价格传导链因素与时序数据_20260724.xlsx:xl/worksheets/sheet6.xml | 最终数据/最终数据/outputs/019f56e7-91fe-7a43-b1d0-ae50e45c9d0c/黄金价格传导链因素与时序数据_20260724.xlsx.inspect.ndjson:20945 | 最终数据/最终数据/outputs/019f56e7-91fe-7a43-b1d0-ae50e45c9d0c/金银价格波动影响因素与时序数据_20260726.xlsx:xl/worksheets/sheet6.xml | 最终数据/最终数据/outputs/019f56e7-91fe-7a43-b1d0-ae50e45c9d0c/金银价格波动影响因素与时序数据_20260726.xlsx.inspect.ndjson:31180 | 最终数据/最终数据/outputs/019f56e7-91fe-7a43-b1d0-ae50e45c9d0c/金银价格波动影响因素与时序数据_中文字段版_20260726.xlsx:xl/worksheets/sheet7.xml | 最终数据/最终数据/outputs/019f56e7-91fe-7a43-b1d0-ae50e45c9d0c/金银价格波动影响因素与时序数据_中文字段版_20260726.xlsx.inspect.ndjson:31472,,06_黄金美元与储备配置/外部原件/WEB-0448_XLSX_entry_xl_worksheets_sheet6.xml/original.html,text/html;charset=UTF-8,.html,93893,f930f397812741fa2da818231bcb7a1e8039e6a5f3df27bbbe060448488f6494,,,,,,,source,DOWNLOADED_VERIFIED,200,GET,2026-08-15T19:31:27.273Z,public GET; no authentication; archive user-agent,"{""date"":""Sat, 15 Aug 2026 19:31:26 GMT"",""content_type"":""text/html;charset=UTF-8"",""content_length"":"""",""last_modified"":"""",""etag"":"""",""content_disposition"":"""",""cache_control"":""""}",2026-08-16,政府/国际组织公开资料，按原站署名与条款使用,,shared,,,,使用本地原件；引用时保留发布机构、原URL、访问日期和许可。
WEB-0449,web,每日行情,上海黄金交易所,,06_黄金美元与储备配置,B,比较美元、短债、黄金、人民币资产与套保工具的周期性作用。,最终数据/最终数据/outputs/019f56e7-91fe-7a43-b1d0-ae50e45c9d0c/黄金价格传导链因素与时序数据_20260724.xlsx；最终数据/最终数据/outputs/019f56e7-91fe-7a43-b1d0-ae50e45c9d0c/黄金价格传导链因素与时序数据_20260724.xlsx.inspect.ndjson；最终数据/最终数据/outputs/019f56e7-91fe-7a43-b1d0-ae50e45c9d0c/金银价格波动影响因素与时序数据_20260726.xlsx；最终数据/最终数据/outputs/019f56e7-91fe-7a43-b1d0-ae50e45c9d0c/金银价格波动影响因素与时序数据_20260726.xlsx.inspect.ndjson；最终数据/最终数据/outputs/019f56e7-91fe-7a43-b1d0-ae50e45c9d0c/金银价格波动影响因素与时序数据_中文字段版_20260726.xlsx；最终数据/最终数据/outputs/019f56e7-91fe-7a43-b1d0-ae50e45c9d0c/金银价格波动影响因素与时序数据_中文字段版_20260726.xlsx.inspect.ndjson,须以原文、数据口径、发布时间和适用许可为准；媒体或行业资料不得替代核心A级证据。,https://www.sge.com.cn/sjzx/quotation_daily_new?start_date=2026-03-01&end_date=2026-03-31&inst_ids=Au99.99&p=,https://www.sge.com.cn/sjzx/quotation_daily_new?start_date=2026-03-01&end_date=2026-03-31&inst_ids=Au99.99&p=,https://www.sge.com.cn/sjzx/quotation_daily_new?start_date=2026-03-01&end_date=2026-03-31&inst_ids=Au99.99&p=,最终数据/最终数据/outputs/019f56e7-91fe-7a43-b1d0-ae50e45c9d0c/黄金价格传导链因素与时序数据_20260724.xlsx | 最终数据/最终数据/outputs/019f56e7-91fe-7a43-b1d0-ae50e45c9d0c/黄金价格传导链因素与时序数据_20260724.xlsx.inspect.ndjson | 最终数据/最终数据/outputs/019f56e7-91fe-7a43-b1d0-ae50e45c9d0c/金银价格波动影响因素与时序数据_20260726.xlsx | 最终数据/最终数据/outputs/019f56e7-91fe-7a43-b1d0-ae50e45c9d0c/金银价格波动影响因素与时序数据_20260726.xlsx.inspect.ndjson | 最终数据/最终数据/outputs/019f56e7-91fe-7a43-b1d0-ae50e45c9d0c/金银价格波动影响因素与时序数据_中文字段版_20260726.xlsx | 最终数据/最终数据/outputs/019f56e7-91fe-7a43-b1d0-ae50e45c9d0c/金银价格波动影响因素与时序数据_中文字段版_20260726.xlsx.inspect.ndjson,最终数据/最终数据/outputs/019f56e7-91fe-7a43-b1d0-ae50e45c9d0c/黄金价格传导链因素与时序数据_20260724.xlsx:xl/worksheets/sheet6.xml | 最终数据/最终数据/outputs/019f56e7-91fe-7a43-b1d0-ae50e45c9d0c/黄金价格传导链因素与时序数据_20260724.xlsx.inspect.ndjson:20945 | 最终数据/最终数据/outputs/019f56e7-91fe-7a43-b1d0-ae50e45c9d0c/金银价格波动影响因素与时序数据_20260726.xlsx:xl/worksheets/sheet6.xml | 最终数据/最终数据/outputs/019f56e7-91fe-7a43-b1d0-ae50e45c9d0c/金银价格波动影响因素与时序数据_20260726.xlsx.inspect.ndjson:31180 | 最终数据/最终数据/outputs/019f56e7-91fe-7a43-b1d0-ae50e45c9d0c/金银价格波动影响因素与时序数据_中文字段版_20260726.xlsx:xl/worksheets/sheet7.xml | 最终数据/最终数据/outputs/019f56e7-91fe-7a43-b1d0-ae50e45c9d0c/金银价格波动影响因素与时序数据_中文字段版_20260726.xlsx.inspect.ndjson:31472,,06_黄金美元与储备配置/外部原件/WEB-0449_XLSX_entry_xl_worksheets_sheet6.xml/original.html,text/html;charset=UTF-8,.html,93442,3b03b31eb4f02f7e2859097c04a1e1415ed93076dcb57bbc69ca7ec588c8989b,,,,,,,source,DOWNLOADED_VERIFIED,200,GET,2026-08-15T19:31:27.274Z,public GET; no authentication; archive user-agent,"{""date"":""Sat, 15 Aug 2026 19:31:26 GMT"",""content_type"":""text/html;charset=UTF-8"",""content_length"":"""",""last_modified"":"""",""etag"":"""",""content_disposition"":"""",""cache_control"":""""}",2026-08-16,政府/国际组织公开资料，按原站署名与条款使用,,shared,,,,使用本地原件；引用时保留发布机构、原URL、访问日期和许可。
WEB-0450,web,每日行情,上海黄金交易所,,06_黄金美元与储备配置,B,比较美元、短债、黄金、人民币资产与套保工具的周期性作用。,最终数据/最终数据/outputs/019f56e7-91fe-7a43-b1d0-ae50e45c9d0c/黄金价格传导链因素与时序数据_20260724.xlsx；最终数据/最终数据/outputs/019f56e7-91fe-7a43-b1d0-ae50e45c9d0c/黄金价格传导链因素与时序数据_20260724.xlsx.inspect.ndjson；最终数据/最终数据/outputs/019f56e7-91fe-7a43-b1d0-ae50e45c9d0c/金银价格波动影响因素与时序数据_20260726.xlsx；最终数据/最终数据/outputs/019f56e7-91fe-7a43-b1d0-ae50e45c9d0c/金银价格波动影响因素与时序数据_20260726.xlsx.inspect.ndjson；最终数据/最终数据/outputs/019f56e7-91fe-7a43-b1d0-ae50e45c9d0c/金银价格波动影响因素与时序数据_中文字段版_20260726.xlsx；最终数据/最终数据/outputs/019f56e7-91fe-7a43-b1d0-ae50e45c9d0c/金银价格波动影响因素与时序数据_中文字段版_20260726.xlsx.inspect.ndjson,须以原文、数据口径、发布时间和适用许可为准；媒体或行业资料不得替代核心A级证据。,https://www.sge.com.cn/sjzx/quotation_daily_new?start_date=2026-04-01&end_date=2026-04-30&inst_ids=Ag%28T%2BD%29&p=,https://www.sge.com.cn/sjzx/quotation_daily_new?start_date=2026-04-01&end_date=2026-04-30&inst_ids=Ag%28T%2BD%29&p=,https://www.sge.com.cn/sjzx/quotation_daily_new?start_date=2026-04-01&end_date=2026-04-30&inst_ids=Ag%28T%2BD%29&p=,最终数据/最终数据/outputs/019f56e7-91fe-7a43-b1d0-ae50e45c9d0c/黄金价格传导链因素与时序数据_20260724.xlsx | 最终数据/最终数据/outputs/019f56e7-91fe-7a43-b1d0-ae50e45c9d0c/黄金价格传导链因素与时序数据_20260724.xlsx.inspect.ndjson | 最终数据/最终数据/outputs/019f56e7-91fe-7a43-b1d0-ae50e45c9d0c/金银价格波动影响因素与时序数据_20260726.xlsx | 最终数据/最终数据/outputs/019f56e7-91fe-7a43-b1d0-ae50e45c9d0c/金银价格波动影响因素与时序数据_20260726.xlsx.inspect.ndjson | 最终数据/最终数据/outputs/019f56e7-91fe-7a43-b1d0-ae50e45c9d0c/金银价格波动影响因素与时序数据_中文字段版_20260726.xlsx | 最终数据/最终数据/outputs/019f56e7-91fe-7a43-b1d0-ae50e45c9d0c/金银价格波动影响因素与时序数据_中文字段版_20260726.xlsx.inspect.ndjson,最终数据/最终数据/outputs/019f56e7-91fe-7a43-b1d0-ae50e45c9d0c/黄金价格传导链因素与时序数据_20260724.xlsx:xl/worksheets/sheet6.xml | 最终数据/最终数据/outputs/019f56e7-91fe-7a43-b1d0-ae50e45c9d0c/黄金价格传导链因素与时序数据_20260724.xlsx.inspect.ndjson:20945 | 最终数据/最终数据/outputs/019f56e7-91fe-7a43-b1d0-ae50e45c9d0c/金银价格波动影响因素与时序数据_20260726.xlsx:xl/worksheets/sheet6.xml | 最终数据/最终数据/outputs/019f56e7-91fe-7a43-b1d0-ae50e45c9d0c/金银价格波动影响因素与时序数据_20260726.xlsx.inspect.ndjson:31180 | 最终数据/最终数据/outputs/019f56e7-91fe-7a43-b1d0-ae50e45c9d0c/金银价格波动影响因素与时序数据_中文字段版_20260726.xlsx:xl/worksheets/sheet7.xml | 最终数据/最终数据/outputs/019f56e7-91fe-7a43-b1d0-ae50e45c9d0c/金银价格波动影响因素与时序数据_中文字段版_20260726.xlsx.inspect.ndjson:31472,,06_黄金美元与储备配置/外部原件/WEB-0450_XLSX_entry_xl_worksheets_sheet6.xml/original.html,text/html;charset=UTF-8,.html,93958,18fb4d1bdddcd8707d3e74aade1eeff5c93f256f498b0611340908a85db158a5,,,,,,,source,DOWNLOADED_VERIFIED,200,GET,2026-08-15T19:31:27.274Z,public GET; no authentication; archive user-agent,"{""date"":""Sat, 15 Aug 2026 19:31:26 GMT"",""content_type"":""text/html;charset=UTF-8"",""content_length"":"""",""last_modified"":"""",""etag"":"""",""content_disposition"":"""",""cache_control"":""""}",2026-08-16,政府/国际组织公开资料，按原站署名与条款使用,,shared,,,,使用本地原件；引用时保留发布机构、原URL、访问日期和许可。
WEB-0451,web,每日行情,上海黄金交易所,,06_黄金美元与储备配置,B,比较美元、短债、黄金、人民币资产与套保工具的周期性作用。,最终数据/最终数据/outputs/019f56e7-91fe-7a43-b1d0-ae50e45c9d0c/黄金价格传导链因素与时序数据_20260724.xlsx；最终数据/最终数据/outputs/019f56e7-91fe-7a43-b1d0-ae50e45c9d0c/黄金价格传导链因素与时序数据_20260724.xlsx.inspect.ndjson；最终数据/最终数据/outputs/019f56e7-91fe-7a43-b1d0-ae50e45c9d0c/金银价格波动影响因素与时序数据_20260726.xlsx；最终数据/最终数据/outputs/019f56e7-91fe-7a43-b1d0-ae50e45c9d0c/金银价格波动影响因素与时序数据_20260726.xlsx.inspect.ndjson；最终数据/最终数据/outputs/019f56e7-91fe-7a43-b1d0-ae50e45c9d0c/金银价格波动影响因素与时序数据_中文字段版_20260726.xlsx；最终数据/最终数据/outputs/019f56e7-91fe-7a43-b1d0-ae50e45c9d0c/金银价格波动影响因素与时序数据_中文字段版_20260726.xlsx.inspect.ndjson,须以原文、数据口径、发布时间和适用许可为准；媒体或行业资料不得替代核心A级证据。,https://www.sge.com.cn/sjzx/quotation_daily_new?start_date=2026-04-01&end_date=2026-04-30&inst_ids=Au99.99&p=,https://www.sge.com.cn/sjzx/quotation_daily_new?start_date=2026-04-01&end_date=2026-04-30&inst_ids=Au99.99&p=,https://www.sge.com.cn/sjzx/quotation_daily_new?start_date=2026-04-01&end_date=2026-04-30&inst_ids=Au99.99&p=,最终数据/最终数据/outputs/019f56e7-91fe-7a43-b1d0-ae50e45c9d0c/黄金价格传导链因素与时序数据_20260724.xlsx | 最终数据/最终数据/outputs/019f56e7-91fe-7a43-b1d0-ae50e45c9d0c/黄金价格传导链因素与时序数据_20260724.xlsx.inspect.ndjson | 最终数据/最终数据/outputs/019f56e7-91fe-7a43-b1d0-ae50e45c9d0c/金银价格波动影响因素与时序数据_20260726.xlsx | 最终数据/最终数据/outputs/019f56e7-91fe-7a43-b1d0-ae50e45c9d0c/金银价格波动影响因素与时序数据_20260726.xlsx.inspect.ndjson | 最终数据/最终数据/outputs/019f56e7-91fe-7a43-b1d0-ae50e45c9d0c/金银价格波动影响因素与时序数据_中文字段版_20260726.xlsx | 最终数据/最终数据/outputs/019f56e7-91fe-7a43-b1d0-ae50e45c9d0c/金银价格波动影响因素与时序数据_中文字段版_20260726.xlsx.inspect.ndjson,最终数据/最终数据/outputs/019f56e7-91fe-7a43-b1d0-ae50e45c9d0c/黄金价格传导链因素与时序数据_20260724.xlsx:xl/worksheets/sheet6.xml | 最终数据/最终数据/outputs/019f56e7-91fe-7a43-b1d0-ae50e45c9d0c/黄金价格传导链因素与时序数据_20260724.xlsx.inspect.ndjson:20945 | 最终数据/最终数据/outputs/019f56e7-91fe-7a43-b1d0-ae50e45c9d0c/金银价格波动影响因素与时序数据_20260726.xlsx:xl/worksheets/sheet6.xml | 最终数据/最终数据/outputs/019f56e7-91fe-7a43-b1d0-ae50e45c9d0c/金银价格波动影响因素与时序数据_20260726.xlsx.inspect.ndjson:31180 | 最终数据/最终数据/outputs/019f56e7-91fe-7a43-b1d0-ae50e45c9d0c/金银价格波动影响因素与时序数据_中文字段版_20260726.xlsx:xl/worksheets/sheet7.xml | 最终数据/最终数据/outputs/019f56e7-91fe-7a43-b1d0-ae50e45c9d0c/金银价格波动影响因素与时序数据_中文字段版_20260726.xlsx.inspect.ndjson:31472,,06_黄金美元与储备配置/外部原件/WEB-0451_XLSX_entry_xl_worksheets_sheet6.xml/original.html,text/html;charset=UTF-8,.html,93429,b930bcbdf4dff6b32008959640ed3018714ddfde05721c52e67f1c5b5b412d61,,,,,,,source,DOWNLOADED_VERIFIED,200,GET,2026-08-15T19:31:27.936Z,public GET; no authentication; archive user-agent,"{""date"":""Sat, 15 Aug 2026 19:31:27 GMT"",""content_type"":""text/html;charset=UTF-8"",""content_length"":"""",""last_modified"":"""",""etag"":"""",""content_disposition"":"""",""cache_control"":""""}",2026-08-16,政府/国际组织公开资料，按原站署名与条款使用,,shared,,,,使用本地原件；引用时保留发布机构、原URL、访问日期和许可。
WEB-0452,web,每日行情,上海黄金交易所,,06_黄金美元与储备配置,B,比较美元、短债、黄金、人民币资产与套保工具的周期性作用。,最终数据/最终数据/outputs/019f56e7-91fe-7a43-b1d0-ae50e45c9d0c/黄金价格传导链因素与时序数据_20260724.xlsx；最终数据/最终数据/outputs/019f56e7-91fe-7a43-b1d0-ae50e45c9d0c/黄金价格传导链因素与时序数据_20260724.xlsx.inspect.ndjson；最终数据/最终数据/outputs/019f56e7-91fe-7a43-b1d0-ae50e45c9d0c/金银价格波动影响因素与时序数据_20260726.xlsx；最终数据/最终数据/outputs/019f56e7-91fe-7a43-b1d0-ae50e45c9d0c/金银价格波动影响因素与时序数据_20260726.xlsx.inspect.ndjson；最终数据/最终数据/outputs/019f56e7-91fe-7a43-b1d0-ae50e45c9d0c/金银价格波动影响因素与时序数据_中文字段版_20260726.xlsx；最终数据/最终数据/outputs/019f56e7-91fe-7a43-b1d0-ae50e45c9d0c/金银价格波动影响因素与时序数据_中文字段版_20260726.xlsx.inspect.ndjson,须以原文、数据口径、发布时间和适用许可为准；媒体或行业资料不得替代核心A级证据。,https://www.sge.com.cn/sjzx/quotation_daily_new?start_date=2026-05-01&end_date=2026-05-31&inst_ids=Ag%28T%2BD%29&p=,https://www.sge.com.cn/sjzx/quotation_daily_new?start_date=2026-05-01&end_date=2026-05-31&inst_ids=Ag%28T%2BD%29&p=,https://www.sge.com.cn/sjzx/quotation_daily_new?start_date=2026-05-01&end_date=2026-05-31&inst_ids=Ag%28T%2BD%29&p=,最终数据/最终数据/outputs/019f56e7-91fe-7a43-b1d0-ae50e45c9d0c/黄金价格传导链因素与时序数据_20260724.xlsx | 最终数据/最终数据/outputs/019f56e7-91fe-7a43-b1d0-ae50e45c9d0c/黄金价格传导链因素与时序数据_20260724.xlsx.inspect.ndjson | 最终数据/最终数据/outputs/019f56e7-91fe-7a43-b1d0-ae50e45c9d0c/金银价格波动影响因素与时序数据_20260726.xlsx | 最终数据/最终数据/outputs/019f56e7-91fe-7a43-b1d0-ae50e45c9d0c/金银价格波动影响因素与时序数据_20260726.xlsx.inspect.ndjson | 最终数据/最终数据/outputs/019f56e7-91fe-7a43-b1d0-ae50e45c9d0c/金银价格波动影响因素与时序数据_中文字段版_20260726.xlsx | 最终数据/最终数据/outputs/019f56e7-91fe-7a43-b1d0-ae50e45c9d0c/金银价格波动影响因素与时序数据_中文字段版_20260726.xlsx.inspect.ndjson,最终数据/最终数据/outputs/019f56e7-91fe-7a43-b1d0-ae50e45c9d0c/黄金价格传导链因素与时序数据_20260724.xlsx:xl/worksheets/sheet6.xml | 最终数据/最终数据/outputs/019f56e7-91fe-7a43-b1d0-ae50e45c9d0c/黄金价格传导链因素与时序数据_20260724.xlsx.inspect.ndjson:20945 | 最终数据/最终数据/outputs/019f56e7-91fe-7a43-b1d0-ae50e45c9d0c/金银价格波动影响因素与时序数据_20260726.xlsx:xl/worksheets/sheet6.xml | 最终数据/最终数据/outputs/019f56e7-91fe-7a43-b1d0-ae50e45c9d0c/金银价格波动影响因素与时序数据_20260726.xlsx.inspect.ndjson:31180 | 最终数据/最终数据/outputs/019f56e7-91fe-7a43-b1d0-ae50e45c9d0c/金银价格波动影响因素与时序数据_中文字段版_20260726.xlsx:xl/worksheets/sheet7.xml | 最终数据/最终数据/outputs/019f56e7-91fe-7a43-b1d0-ae50e45c9d0c/金银价格波动影响因素与时序数据_中文字段版_20260726.xlsx.inspect.ndjson:31472,,06_黄金美元与储备配置/外部原件/WEB-0452_XLSX_entry_xl_worksheets_sheet6.xml/original.html,text/html;charset=UTF-8,.html,91710,7f15319fb38fae04bc60b40d9191e60bbf89090f12338768ab34f97e8693fef7,,,,,,,source,DOWNLOADED_VERIFIED,200,GET,2026-08-15T19:31:27.937Z,public GET; no authentication; archive user-agent,"{""date"":""Sat, 15 Aug 2026 19:31:27 GMT"",""content_type"":""text/html;charset=UTF-8"",""content_length"":"""",""last_modified"":"""",""etag"":"""",""content_disposition"":"""",""cache_control"":""""}",2026-08-16,政府/国际组织公开资料，按原站署名与条款使用,,shared,,,,使用本地原件；引用时保留发布机构、原URL、访问日期和许可。
WEB-0453,web,每日行情,上海黄金交易所,,06_黄金美元与储备配置,B,比较美元、短债、黄金、人民币资产与套保工具的周期性作用。,最终数据/最终数据/outputs/019f56e7-91fe-7a43-b1d0-ae50e45c9d0c/黄金价格传导链因素与时序数据_20260724.xlsx；最终数据/最终数据/outputs/019f56e7-91fe-7a43-b1d0-ae50e45c9d0c/黄金价格传导链因素与时序数据_20260724.xlsx.inspect.ndjson；最终数据/最终数据/outputs/019f56e7-91fe-7a43-b1d0-ae50e45c9d0c/金银价格波动影响因素与时序数据_20260726.xlsx；最终数据/最终数据/outputs/019f56e7-91fe-7a43-b1d0-ae50e45c9d0c/金银价格波动影响因素与时序数据_20260726.xlsx.inspect.ndjson；最终数据/最终数据/outputs/019f56e7-91fe-7a43-b1d0-ae50e45c9d0c/金银价格波动影响因素与时序数据_中文字段版_20260726.xlsx；最终数据/最终数据/outputs/019f56e7-91fe-7a43-b1d0-ae50e45c9d0c/金银价格波动影响因素与时序数据_中文字段版_20260726.xlsx.inspect.ndjson,须以原文、数据口径、发布时间和适用许可为准；媒体或行业资料不得替代核心A级证据。,https://www.sge.com.cn/sjzx/quotation_daily_new?start_date=2026-05-01&end_date=2026-05-31&inst_ids=Au99.99&p=,https://www.sge.com.cn/sjzx/quotation_daily_new?start_date=2026-05-01&end_date=2026-05-31&inst_ids=Au99.99&p=,https://www.sge.com.cn/sjzx/quotation_daily_new?start_date=2026-05-01&end_date=2026-05-31&inst_ids=Au99.99&p=,最终数据/最终数据/outputs/019f56e7-91fe-7a43-b1d0-ae50e45c9d0c/黄金价格传导链因素与时序数据_20260724.xlsx | 最终数据/最终数据/outputs/019f56e7-91fe-7a43-b1d0-ae50e45c9d0c/黄金价格传导链因素与时序数据_20260724.xlsx.inspect.ndjson | 最终数据/最终数据/outputs/019f56e7-91fe-7a43-b1d0-ae50e45c9d0c/金银价格波动影响因素与时序数据_20260726.xlsx | 最终数据/最终数据/outputs/019f56e7-91fe-7a43-b1d0-ae50e45c9d0c/金银价格波动影响因素与时序数据_20260726.xlsx.inspect.ndjson | 最终数据/最终数据/outputs/019f56e7-91fe-7a43-b1d0-ae50e45c9d0c/金银价格波动影响因素与时序数据_中文字段版_20260726.xlsx | 最终数据/最终数据/outputs/019f56e7-91fe-7a43-b1d0-ae50e45c9d0c/金银价格波动影响因素与时序数据_中文字段版_20260726.xlsx.inspect.ndjson,最终数据/最终数据/outputs/019f56e7-91fe-7a43-b1d0-ae50e45c9d0c/黄金价格传导链因素与时序数据_20260724.xlsx:xl/worksheets/sheet6.xml | 最终数据/最终数据/outputs/019f56e7-91fe-7a43-b1d0-ae50e45c9d0c/黄金价格传导链因素与时序数据_20260724.xlsx.inspect.ndjson:20945 | 最终数据/最终数据/outputs/019f56e7-91fe-7a43-b1d0-ae50e45c9d0c/金银价格波动影响因素与时序数据_20260726.xlsx:xl/worksheets/sheet6.xml | 最终数据/最终数据/outputs/019f56e7-91fe-7a43-b1d0-ae50e45c9d0c/金银价格波动影响因素与时序数据_20260726.xlsx.inspect.ndjson:31180 | 最终数据/最终数据/outputs/019f56e7-91fe-7a43-b1d0-ae50e45c9d0c/金银价格波动影响因素与时序数据_中文字段版_20260726.xlsx:xl/worksheets/sheet7.xml | 最终数据/最终数据/outputs/019f56e7-91fe-7a43-b1d0-ae50e45c9d0c/金银价格波动影响因素与时序数据_中文字段版_20260726.xlsx.inspect.ndjson:31472,,06_黄金美元与储备配置/外部原件/WEB-0453_XLSX_entry_xl_worksheets_sheet6.xml/original.html,text/html;charset=UTF-8,.html,91174,6008b0f871fe6246d2e2af2c00e56edb79808af06e371a5d13ce616d0e609350,,,,,,,source,DOWNLOADED_VERIFIED,200,GET,2026-08-15T19:31:27.937Z,public GET; no authentication; archive user-agent,"{""date"":""Sat, 15 Aug 2026 19:31:27 GMT"",""content_type"":""text/html;charset=UTF-8"",""content_length"":"""",""last_modified"":"""",""etag"":"""",""content_disposition"":"""",""cache_control"":""""}",2026-08-16,政府/国际组织公开资料，按原站署名与条款使用,,shared,,,,使用本地原件；引用时保留发布机构、原URL、访问日期和许可。
WEB-0454,web,每日行情,上海黄金交易所,,06_黄金美元与储备配置,B,比较美元、短债、黄金、人民币资产与套保工具的周期性作用。,最终数据/最终数据/outputs/019f56e7-91fe-7a43-b1d0-ae50e45c9d0c/黄金价格传导链因素与时序数据_20260724.xlsx；最终数据/最终数据/outputs/019f56e7-91fe-7a43-b1d0-ae50e45c9d0c/黄金价格传导链因素与时序数据_20260724.xlsx.inspect.ndjson；最终数据/最终数据/outputs/019f56e7-91fe-7a43-b1d0-ae50e45c9d0c/金银价格波动影响因素与时序数据_20260726.xlsx；最终数据/最终数据/outputs/019f56e7-91fe-7a43-b1d0-ae50e45c9d0c/金银价格波动影响因素与时序数据_20260726.xlsx.inspect.ndjson；最终数据/最终数据/outputs/019f56e7-91fe-7a43-b1d0-ae50e45c9d0c/金银价格波动影响因素与时序数据_中文字段版_20260726.xlsx；最终数据/最终数据/outputs/019f56e7-91fe-7a43-b1d0-ae50e45c9d0c/金银价格波动影响因素与时序数据_中文字段版_20260726.xlsx.inspect.ndjson,须以原文、数据口径、发布时间和适用许可为准；媒体或行业资料不得替代核心A级证据。,https://www.sge.com.cn/sjzx/quotation_daily_new?start_date=2026-06-01&end_date=2026-06-30&inst_ids=Ag%28T%2BD%29&p=,https://www.sge.com.cn/sjzx/quotation_daily_new?start_date=2026-06-01&end_date=2026-06-30&inst_ids=Ag%28T%2BD%29&p=,https://www.sge.com.cn/sjzx/quotation_daily_new?start_date=2026-06-01&end_date=2026-06-30&inst_ids=Ag%28T%2BD%29&p=,最终数据/最终数据/outputs/019f56e7-91fe-7a43-b1d0-ae50e45c9d0c/黄金价格传导链因素与时序数据_20260724.xlsx | 最终数据/最终数据/outputs/019f56e7-91fe-7a43-b1d0-ae50e45c9d0c/黄金价格传导链因素与时序数据_20260724.xlsx.inspect.ndjson | 最终数据/最终数据/outputs/019f56e7-91fe-7a43-b1d0-ae50e45c9d0c/金银价格波动影响因素与时序数据_20260726.xlsx | 最终数据/最终数据/outputs/019f56e7-91fe-7a43-b1d0-ae50e45c9d0c/金银价格波动影响因素与时序数据_20260726.xlsx.inspect.ndjson | 最终数据/最终数据/outputs/019f56e7-91fe-7a43-b1d0-ae50e45c9d0c/金银价格波动影响因素与时序数据_中文字段版_20260726.xlsx | 最终数据/最终数据/outputs/019f56e7-91fe-7a43-b1d0-ae50e45c9d0c/金银价格波动影响因素与时序数据_中文字段版_20260726.xlsx.inspect.ndjson,最终数据/最终数据/outputs/019f56e7-91fe-7a43-b1d0-ae50e45c9d0c/黄金价格传导链因素与时序数据_20260724.xlsx:xl/worksheets/sheet6.xml | 最终数据/最终数据/outputs/019f56e7-91fe-7a43-b1d0-ae50e45c9d0c/黄金价格传导链因素与时序数据_20260724.xlsx.inspect.ndjson:20945 | 最终数据/最终数据/outputs/019f56e7-91fe-7a43-b1d0-ae50e45c9d0c/金银价格波动影响因素与时序数据_20260726.xlsx:xl/worksheets/sheet6.xml | 最终数据/最终数据/outputs/019f56e7-91fe-7a43-b1d0-ae50e45c9d0c/金银价格波动影响因素与时序数据_20260726.xlsx.inspect.ndjson:31180 | 最终数据/最终数据/outputs/019f56e7-91fe-7a43-b1d0-ae50e45c9d0c/金银价格波动影响因素与时序数据_中文字段版_20260726.xlsx:xl/worksheets/sheet7.xml | 最终数据/最终数据/outputs/019f56e7-91fe-7a43-b1d0-ae50e45c9d0c/金银价格波动影响因素与时序数据_中文字段版_20260726.xlsx.inspect.ndjson:31472,,06_黄金美元与储备配置/外部原件/WEB-0454_XLSX_entry_xl_worksheets_sheet6.xml/original.html,text/html;charset=UTF-8,.html,93977,7618db92fd1e6c5c63f08dc78c84f1f67e61b7e7f84af8998457b65016e8d1d3,,,,,,,source,DOWNLOADED_VERIFIED,200,GET,2026-08-15T19:31:27.937Z,public GET; no authentication; archive user-agent,"{""date"":""Sat, 15 Aug 2026 19:31:27 GMT"",""content_type"":""text/html;charset=UTF-8"",""content_length"":"""",""last_modified"":"""",""etag"":"""",""content_disposition"":"""",""cache_control"":""""}",2026-08-16,政府/国际组织公开资料，按原站署名与条款使用,,shared,,,,使用本地原件；引用时保留发布机构、原URL、访问日期和许可。
WEB-0455,web,每日行情,上海黄金交易所,,06_黄金美元与储备配置,B,比较美元、短债、黄金、人民币资产与套保工具的周期性作用。,最终数据/最终数据/outputs/019f56e7-91fe-7a43-b1d0-ae50e45c9d0c/黄金价格传导链因素与时序数据_20260724.xlsx；最终数据/最终数据/outputs/019f56e7-91fe-7a43-b1d0-ae50e45c9d0c/黄金价格传导链因素与时序数据_20260724.xlsx.inspect.ndjson；最终数据/最终数据/outputs/019f56e7-91fe-7a43-b1d0-ae50e45c9d0c/金银价格波动影响因素与时序数据_20260726.xlsx；最终数据/最终数据/outputs/019f56e7-91fe-7a43-b1d0-ae50e45c9d0c/金银价格波动影响因素与时序数据_20260726.xlsx.inspect.ndjson；最终数据/最终数据/outputs/019f56e7-91fe-7a43-b1d0-ae50e45c9d0c/金银价格波动影响因素与时序数据_中文字段版_20260726.xlsx；最终数据/最终数据/outputs/019f56e7-91fe-7a43-b1d0-ae50e45c9d0c/金银价格波动影响因素与时序数据_中文字段版_20260726.xlsx.inspect.ndjson,须以原文、数据口径、发布时间和适用许可为准；媒体或行业资料不得替代核心A级证据。,https://www.sge.com.cn/sjzx/quotation_daily_new?start_date=2026-06-01&end_date=2026-06-30&inst_ids=Au99.99&p=,https://www.sge.com.cn/sjzx/quotation_daily_new?start_date=2026-06-01&end_date=2026-06-30&inst_ids=Au99.99&p=,https://www.sge.com.cn/sjzx/quotation_daily_new?start_date=2026-06-01&end_date=2026-06-30&inst_ids=Au99.99&p=,最终数据/最终数据/outputs/019f56e7-91fe-7a43-b1d0-ae50e45c9d0c/黄金价格传导链因素与时序数据_20260724.xlsx | 最终数据/最终数据/outputs/019f56e7-91fe-7a43-b1d0-ae50e45c9d0c/黄金价格传导链因素与时序数据_20260724.xlsx.inspect.ndjson | 最终数据/最终数据/outputs/019f56e7-91fe-7a43-b1d0-ae50e45c9d0c/金银价格波动影响因素与时序数据_20260726.xlsx | 最终数据/最终数据/outputs/019f56e7-91fe-7a43-b1d0-ae50e45c9d0c/金银价格波动影响因素与时序数据_20260726.xlsx.inspect.ndjson | 最终数据/最终数据/outputs/019f56e7-91fe-7a43-b1d0-ae50e45c9d0c/金银价格波动影响因素与时序数据_中文字段版_20260726.xlsx | 最终数据/最终数据/outputs/019f56e7-91fe-7a43-b1d0-ae50e45c9d0c/金银价格波动影响因素与时序数据_中文字段版_20260726.xlsx.inspect.ndjson,最终数据/最终数据/outputs/019f56e7-91fe-7a43-b1d0-ae50e45c9d0c/黄金价格传导链因素与时序数据_20260724.xlsx:xl/worksheets/sheet6.xml | 最终数据/最终数据/outputs/019f56e7-91fe-7a43-b1d0-ae50e45c9d0c/黄金价格传导链因素与时序数据_20260724.xlsx.inspect.ndjson:20945 | 最终数据/最终数据/outputs/019f56e7-91fe-7a43-b1d0-ae50e45c9d0c/金银价格波动影响因素与时序数据_20260726.xlsx:xl/worksheets/sheet6.xml | 最终数据/最终数据/outputs/019f56e7-91fe-7a43-b1d0-ae50e45c9d0c/金银价格波动影响因素与时序数据_20260726.xlsx.inspect.ndjson:31180 | 最终数据/最终数据/outputs/019f56e7-91fe-7a43-b1d0-ae50e45c9d0c/金银价格波动影响因素与时序数据_中文字段版_20260726.xlsx:xl/worksheets/sheet7.xml | 最终数据/最终数据/outputs/019f56e7-91fe-7a43-b1d0-ae50e45c9d0c/金银价格波动影响因素与时序数据_中文字段版_20260726.xlsx.inspect.ndjson:31472,,06_黄金美元与储备配置/外部原件/WEB-0455_XLSX_entry_xl_worksheets_sheet6.xml/original.html,text/html;charset=UTF-8,.html,93345,d22e93504985c4c9ca58a595c7fc36643f0acc28999db17b5536d92d8efd597a,,,,,,,source,DOWNLOADED_VERIFIED,200,GET,2026-08-15T19:31:28.588Z,public GET; no authentication; archive user-agent,"{""date"":""Sat, 15 Aug 2026 19:31:27 GMT"",""content_type"":""text/html;charset=UTF-8"",""content_length"":"""",""last_modified"":"""",""etag"":"""",""content_disposition"":"""",""cache_control"":""""}",2026-08-16,政府/国际组织公开资料，按原站署名与条款使用,,shared,,,,使用本地原件；引用时保留发布机构、原URL、访问日期和许可。
WEB-0456,web,每日行情,上海黄金交易所,,06_黄金美元与储备配置,B,比较美元、短债、黄金、人民币资产与套保工具的周期性作用。,最终数据/最终数据/outputs/019f56e7-91fe-7a43-b1d0-ae50e45c9d0c/黄金价格传导链因素与时序数据_20260724.xlsx；最终数据/最终数据/outputs/019f56e7-91fe-7a43-b1d0-ae50e45c9d0c/黄金价格传导链因素与时序数据_20260724.xlsx.inspect.ndjson；最终数据/最终数据/outputs/019f56e7-91fe-7a43-b1d0-ae50e45c9d0c/金银价格波动影响因素与时序数据_20260726.xlsx；最终数据/最终数据/outputs/019f56e7-91fe-7a43-b1d0-ae50e45c9d0c/金银价格波动影响因素与时序数据_20260726.xlsx.inspect.ndjson；最终数据/最终数据/outputs/019f56e7-91fe-7a43-b1d0-ae50e45c9d0c/金银价格波动影响因素与时序数据_中文字段版_20260726.xlsx；最终数据/最终数据/outputs/019f56e7-91fe-7a43-b1d0-ae50e45c9d0c/金银价格波动影响因素与时序数据_中文字段版_20260726.xlsx.inspect.ndjson,须以原文、数据口径、发布时间和适用许可为准；媒体或行业资料不得替代核心A级证据。,https://www.sge.com.cn/sjzx/quotation_daily_new?start_date=2026-07-01&end_date=2026-07-24&inst_ids=Ag%28T%2BD%29&p=,https://www.sge.com.cn/sjzx/quotation_daily_new?start_date=2026-07-01&end_date=2026-07-24&inst_ids=Ag%28T%2BD%29&p=,https://www.sge.com.cn/sjzx/quotation_daily_new?start_date=2026-07-01&end_date=2026-07-24&inst_ids=Ag%28T%2BD%29&p=,最终数据/最终数据/outputs/019f56e7-91fe-7a43-b1d0-ae50e45c9d0c/黄金价格传导链因素与时序数据_20260724.xlsx | 最终数据/最终数据/outputs/019f56e7-91fe-7a43-b1d0-ae50e45c9d0c/黄金价格传导链因素与时序数据_20260724.xlsx.inspect.ndjson | 最终数据/最终数据/outputs/019f56e7-91fe-7a43-b1d0-ae50e45c9d0c/金银价格波动影响因素与时序数据_20260726.xlsx | 最终数据/最终数据/outputs/019f56e7-91fe-7a43-b1d0-ae50e45c9d0c/金银价格波动影响因素与时序数据_20260726.xlsx.inspect.ndjson | 最终数据/最终数据/outputs/019f56e7-91fe-7a43-b1d0-ae50e45c9d0c/金银价格波动影响因素与时序数据_中文字段版_20260726.xlsx | 最终数据/最终数据/outputs/019f56e7-91fe-7a43-b1d0-ae50e45c9d0c/金银价格波动影响因素与时序数据_中文字段版_20260726.xlsx.inspect.ndjson,最终数据/最终数据/outputs/019f56e7-91fe-7a43-b1d0-ae50e45c9d0c/黄金价格传导链因素与时序数据_20260724.xlsx:xl/worksheets/sheet6.xml | 最终数据/最终数据/outputs/019f56e7-91fe-7a43-b1d0-ae50e45c9d0c/黄金价格传导链因素与时序数据_20260724.xlsx.inspect.ndjson:20945 | 最终数据/最终数据/outputs/019f56e7-91fe-7a43-b1d0-ae50e45c9d0c/金银价格波动影响因素与时序数据_20260726.xlsx:xl/worksheets/sheet6.xml | 最终数据/最终数据/outputs/019f56e7-91fe-7a43-b1d0-ae50e45c9d0c/金银价格波动影响因素与时序数据_20260726.xlsx.inspect.ndjson:31180 | 最终数据/最终数据/outputs/019f56e7-91fe-7a43-b1d0-ae50e45c9d0c/金银价格波动影响因素与时序数据_中文字段版_20260726.xlsx:xl/worksheets/sheet7.xml | 最终数据/最终数据/outputs/019f56e7-91fe-7a43-b1d0-ae50e45c9d0c/金银价格波动影响因素与时序数据_中文字段版_20260726.xlsx.inspect.ndjson:31472,,06_黄金美元与储备配置/外部原件/WEB-0456_XLSX_entry_xl_worksheets_sheet6.xml/original.html,text/html;charset=UTF-8,.html,91702,d1b4a85a65d2e9415d3ce623007e79c66233d56824411416dc60800718092585,,,,,,,source,DOWNLOADED_VERIFIED,200,GET,2026-08-15T19:31:28.589Z,public GET; no authentication; archive user-agent,"{""date"":""Sat, 15 Aug 2026 19:31:27 GMT"",""content_type"":""text/html;charset=UTF-8"",""content_length"":"""",""last_modified"":"""",""etag"":"""",""content_disposition"":"""",""cache_control"":""""}",2026-08-16,政府/国际组织公开资料，按原站署名与条款使用,,shared,,,,使用本地原件；引用时保留发布机构、原URL、访问日期和许可。
WEB-0457,web,每日行情,上海黄金交易所,,06_黄金美元与储备配置,B,比较美元、短债、黄金、人民币资产与套保工具的周期性作用。,最终数据/最终数据/outputs/019f56e7-91fe-7a43-b1d0-ae50e45c9d0c/黄金价格传导链因素与时序数据_20260724.xlsx；最终数据/最终数据/outputs/019f56e7-91fe-7a43-b1d0-ae50e45c9d0c/黄金价格传导链因素与时序数据_20260724.xlsx.inspect.ndjson；最终数据/最终数据/outputs/019f56e7-91fe-7a43-b1d0-ae50e45c9d0c/金银价格波动影响因素与时序数据_20260726.xlsx；最终数据/最终数据/outputs/019f56e7-91fe-7a43-b1d0-ae50e45c9d0c/金银价格波动影响因素与时序数据_20260726.xlsx.inspect.ndjson；最终数据/最终数据/outputs/019f56e7-91fe-7a43-b1d0-ae50e45c9d0c/金银价格波动影响因素与时序数据_中文字段版_20260726.xlsx；最终数据/最终数据/outputs/019f56e7-91fe-7a43-b1d0-ae50e45c9d0c/金银价格波动影响因素与时序数据_中文字段版_20260726.xlsx.inspect.ndjson,须以原文、数据口径、发布时间和适用许可为准；媒体或行业资料不得替代核心A级证据。,https://www.sge.com.cn/sjzx/quotation_daily_new?start_date=2026-07-01&end_date=2026-07-24&inst_ids=Au99.99&p=,https://www.sge.com.cn/sjzx/quotation_daily_new?start_date=2026-07-01&end_date=2026-07-24&inst_ids=Au99.99&p=,https://www.sge.com.cn/sjzx/quotation_daily_new?start_date=2026-07-01&end_date=2026-07-24&inst_ids=Au99.99&p=,最终数据/最终数据/outputs/019f56e7-91fe-7a43-b1d0-ae50e45c9d0c/黄金价格传导链因素与时序数据_20260724.xlsx | 最终数据/最终数据/outputs/019f56e7-91fe-7a43-b1d0-ae50e45c9d0c/黄金价格传导链因素与时序数据_20260724.xlsx.inspect.ndjson | 最终数据/最终数据/outputs/019f56e7-91fe-7a43-b1d0-ae50e45c9d0c/金银价格波动影响因素与时序数据_20260726.xlsx | 最终数据/最终数据/outputs/019f56e7-91fe-7a43-b1d0-ae50e45c9d0c/金银价格波动影响因素与时序数据_20260726.xlsx.inspect.ndjson | 最终数据/最终数据/outputs/019f56e7-91fe-7a43-b1d0-ae50e45c9d0c/金银价格波动影响因素与时序数据_中文字段版_20260726.xlsx | 最终数据/最终数据/outputs/019f56e7-91fe-7a43-b1d0-ae50e45c9d0c/金银价格波动影响因素与时序数据_中文字段版_20260726.xlsx.inspect.ndjson,最终数据/最终数据/outputs/019f56e7-91fe-7a43-b1d0-ae50e45c9d0c/黄金价格传导链因素与时序数据_20260724.xlsx:xl/worksheets/sheet6.xml | 最终数据/最终数据/outputs/019f56e7-91fe-7a43-b1d0-ae50e45c9d0c/黄金价格传导链因素与时序数据_20260724.xlsx.inspect.ndjson:20945 | 最终数据/最终数据/outputs/019f56e7-91fe-7a43-b1d0-ae50e45c9d0c/金银价格波动影响因素与时序数据_20260726.xlsx:xl/worksheets/sheet6.xml | 最终数据/最终数据/outputs/019f56e7-91fe-7a43-b1d0-ae50e45c9d0c/金银价格波动影响因素与时序数据_20260726.xlsx.inspect.ndjson:31180 | 最终数据/最终数据/outputs/019f56e7-91fe-7a43-b1d0-ae50e45c9d0c/金银价格波动影响因素与时序数据_中文字段版_20260726.xlsx:xl/worksheets/sheet7.xml | 最终数据/最终数据/outputs/019f56e7-91fe-7a43-b1d0-ae50e45c9d0c/金银价格波动影响因素与时序数据_中文字段版_20260726.xlsx.inspect.ndjson:31472,,06_黄金美元与储备配置/外部原件/WEB-0457_XLSX_entry_xl_worksheets_sheet6.xml/original.html,text/html;charset=UTF-8,.html,91137,213d49101de98d19cc271ae1a3a8af41347089fd2494679b940cae8d4298949a,,,,,,,source,DOWNLOADED_VERIFIED,200,GET,2026-08-15T19:31:28.589Z,public GET; no authentication; archive user-agent,"{""date"":""Sat, 15 Aug 2026 19:31:27 GMT"",""content_type"":""text/html;charset=UTF-8"",""content_length"":"""",""last_modified"":"""",""etag"":"""",""content_disposition"":"""",""cache_control"":""""}",2026-08-16,政府/国际组织公开资料，按原站署名与条款使用,,shared,,,,使用本地原件；引用时保留发布机构、原URL、访问日期和许可。
WEB-0458,web,6. 上海期货交易所，2013年12月，《美联储QE决策的时间纵向分析及对金价的影响》——2013年12月18日美联储宣布缩减购债,www.shfe.com.cn,,05_全球周期与历史危机,D,识别全球经济周期、资产泡沫、信用危机、衰退与历史制度差异。,案例库/宏观危机篇/11_2013黄金暴跌（反面案例）/案例档案.md,须以原文、数据口径、发布时间和适用许可为准；媒体或行业资料不得替代核心A级证据。,https://www.shfe.com.cn/upload/20140423/1398233496388.pdf,https://www.shfe.com.cn/upload/20140423/1398233496388.pdf,https://www.shfe.com.cn/upload/20140423/1398233496388.pdf,案例库/宏观危机篇/11_2013黄金暴跌（反面案例）/案例档案.md,案例库/宏观危机篇/11_2013黄金暴跌（反面案例）/案例档案.md:59,,05_全球周期与历史危机/外部原件/WEB-0458_6._上海期货交易所，2013年12月，《美联储QE决策的时间纵向分析及对金价的影响》——2013年12月18日美联储宣布缩减购债：_/original.pdf,application/pdf,.pdf,3641317,913186f80d341193151f7fce9ec5bcb1cfca7f5d33a8ba2727893c1cdecd46d0,,,,,,,source,DOWNLOADED_VERIFIED,200,GET,2026-08-15T19:31:28.225Z,public GET; no authentication; archive user-agent,"{""date"":""Sat, 15 Aug 2026 19:31:28 GMT"",""content_type"":""application/pdf"",""content_length"":""3641317"",""last_modified"":""Fri, 10 May 2024 08:38:04 GMT"",""etag"":""\""663ddcec-378fe5\"""",""content_disposition"":"""",""cache_control"":""max-age=30""}",2026-08-16,公开可访问但再分发范围未完全确认，仅本机归档,,private_only,,,,使用本地原件；引用时保留发布机构、原URL、访问日期和许可。
WEB-0459,web,上期所研究报告,www.shfe.com.cn,,08_企业案例与公开披露,D,核验企业海外收入、汇兑损益、冻结、退出和储备配置事实。,企业资产配置调研报告.md,须以原文、数据口径、发布时间和适用许可为准；媒体或行业资料不得替代核心A级证据。,https://www.shfe.com.cn/upload/20201104/1604460652453.pdf,https://www.shfe.com.cn/upload/20201104/1604460652453.pdf,https://www.shfe.com.cn/upload/20201104/1604460652453.pdf,企业资产配置调研报告.md,企业资产配置调研报告.md:135 | 企业资产配置调研报告.md:135,,08_企业案例与公开披露/外部原件/WEB-0459_上期所研究报告/original.pdf,application/pdf,.pdf,891891,80df079acee53af8299567c0f59b914626b95d6aefd639b2cdd2cf68ea91ce63,,,,,,,source,DOWNLOADED_VERIFIED,200,GET,2026-08-15T19:31:28.875Z,public GET; no authentication; archive user-agent,"{""date"":""Sat, 15 Aug 2026 19:31:29 GMT"",""content_type"":""application/pdf"",""content_length"":""891891"",""last_modified"":""Wed, 04 Nov 2020 03:30:52 GMT"",""etag"":""\""5fa2206c-d9bf3\"""",""content_disposition"":"""",""cache_control"":""max-age=30""}",2026-08-16,公开可访问但再分发范围未完全确认，仅本机归档,,private_only,,,,使用本地原件；引用时保留发布机构、原URL、访问日期和许可。
WEB-0460,web,新浪财经，2025-10,www.sina.cn,,08_企业案例与公开披露,C,核验企业海外收入、汇兑损益、冻结、退出和储备配置事实。,企业资产配置调研报告.md,须以原文、数据口径、发布时间和适用许可为准；媒体或行业资料不得替代核心A级证据。,https://www.sina.cn/news/detail/5218620311077476.html,https://www.sina.cn/news/detail/5218620311077476.html,,企业资产配置调研报告.md,企业资产配置调研报告.md:141 | 企业资产配置调研报告.md:141,,,,.html,,,,,,,,,source,METADATA_ONLY_LICENSE,,NOT_REQUESTED,,public GET; no authentication; archive user-agent,,2026-08-16,新闻/媒体版权，默认仅保存元数据,,metadata_only,,,,保留元数据和原链接，不抓取或再分发正文。
WEB-0461,web,4. SlickCharts 据标普官方数据——标普 500 含股息年度总回报（2000：-9.10%；2001：-11.89%；2002：-22.10%）。,www.slickcharts.com,,05_全球周期与历史危机,D,识别全球经济周期、资产泡沫、信用危机、衰退与历史制度差异。,案例库/宏观危机篇/08_2000互联网泡沫/案例档案.md,须以原文、数据口径、发布时间和适用许可为准；媒体或行业资料不得替代核心A级证据。,https://www.slickcharts.com/sp500/returns,https://www.slickcharts.com/sp500/returns,,案例库/宏观危机篇/08_2000互联网泡沫/案例档案.md,案例库/宏观危机篇/08_2000互联网泡沫/案例档案.md:79,,,,,,,,,,,,,source,METADATA_ONLY_LICENSE,,NOT_REQUESTED,,public GET; no authentication; archive user-agent,,2026-08-16,许可未明确，默认仅保存元数据,,metadata_only,,,,保留元数据和原链接，不抓取或再分发正文。
WEB-0462,web,3 Smartbi：AIChat，,Smartbi,,09_Smartbi与比赛平台,D,说明Smartbi数据导入、模型、看板、AIChat和资源恢复能力。,计划书/04_亚非拉国别风险与多币种储备智能决策平台总计划书.pdf；计划书/04_亚非拉国别风险与多币种储备智能决策平台总计划书.tex；计划书/05_全球经济周期与亚非拉国别风险多币种储备智能决策平台总计划书.pdf；计划书/05_全球经济周期与亚非拉国别风险多币种储备智能决策平台总计划书.tex,须以原文、数据口径、发布时间和适用许可为准；媒体或行业资料不得替代核心A级证据。,https://www.smartbi.com.cn/aichat,https://www.smartbi.com.cn/aichat,,计划书/04_亚非拉国别风险与多币种储备智能决策平台总计划书.pdf | 计划书/04_亚非拉国别风险与多币种储备智能决策平台总计划书.tex | 计划书/05_全球经济周期与亚非拉国别风险多币种储备智能决策平台总计划书.pdf | 计划书/05_全球经济周期与亚非拉国别风险多币种储备智能决策平台总计划书.tex,计划书/04_亚非拉国别风险与多币种储备智能决策平台总计划书.pdf:4331 | 计划书/04_亚非拉国别风险与多币种储备智能决策平台总计划书.pdf:annotation-4 | 计划书/04_亚非拉国别风险与多币种储备智能决策平台总计划书.pdf:annotation-5 | 计划书/04_亚非拉国别风险与多币种储备智能决策平台总计划书.pdf:annotation-6 | 计划书/04_亚非拉国别风险与多币种储备智能决策平台总计划书.tex:2051 | 计划书/05_全球经济周期与亚非拉国别风险多币种储备智能决策平台总计划书.pdf:5387 | 计划书/05_全球经济周期与亚非拉国别风险多币种储备智能决策平台总计划书.pdf:annotation-4 | 计划书/05_全球经济周期与亚非拉国别风险多币种储备智能决策平台总计划书.pdf:annotation-5 | 计划书/05_全球经济周期与亚非拉国别风险多币种储备智能决策平台总计划书.pdf:annotation-6 | 计划书/05_全球经济周期与亚非拉国别风险多币种储备智能决策平台总计划书.tex:2408,,,,,,,,,,,,,source,METADATA_ONLY_LICENSE,,NOT_REQUESTED,,public GET; no authentication; archive user-agent,,2026-08-16,许可未明确，默认仅保存元数据,,metadata_only,,,,保留元数据和原链接，不抓取或再分发正文。
WEB-0463,web,4 Smartbi：V11 最新版本与能力说明，,Smartbi,,09_Smartbi与比赛平台,D,说明Smartbi数据导入、模型、看板、AIChat和资源恢复能力。,计划书/04_亚非拉国别风险与多币种储备智能决策平台总计划书.pdf；计划书/04_亚非拉国别风险与多币种储备智能决策平台总计划书.tex；计划书/05_全球经济周期与亚非拉国别风险多币种储备智能决策平台总计划书.pdf；计划书/05_全球经济周期与亚非拉国别风险多币种储备智能决策平台总计划书.tex,须以原文、数据口径、发布时间和适用许可为准；媒体或行业资料不得替代核心A级证据。,https://www.smartbi.com.cn/newversion,https://www.smartbi.com.cn/newversion,,计划书/04_亚非拉国别风险与多币种储备智能决策平台总计划书.pdf | 计划书/04_亚非拉国别风险与多币种储备智能决策平台总计划书.tex | 计划书/05_全球经济周期与亚非拉国别风险多币种储备智能决策平台总计划书.pdf | 计划书/05_全球经济周期与亚非拉国别风险多币种储备智能决策平台总计划书.tex,计划书/04_亚非拉国别风险与多币种储备智能决策平台总计划书.pdf:4333 | 计划书/04_亚非拉国别风险与多币种储备智能决策平台总计划书.pdf:annotation-7 | 计划书/04_亚非拉国别风险与多币种储备智能决策平台总计划书.pdf:annotation-8 | 计划书/04_亚非拉国别风险与多币种储备智能决策平台总计划书.pdf:annotation-9 | 计划书/04_亚非拉国别风险与多币种储备智能决策平台总计划书.tex:2054 | 计划书/05_全球经济周期与亚非拉国别风险多币种储备智能决策平台总计划书.pdf:5389 | 计划书/05_全球经济周期与亚非拉国别风险多币种储备智能决策平台总计划书.pdf:annotation-7 | 计划书/05_全球经济周期与亚非拉国别风险多币种储备智能决策平台总计划书.pdf:annotation-8 | 计划书/05_全球经济周期与亚非拉国别风险多币种储备智能决策平台总计划书.pdf:annotation-9 | 计划书/05_全球经济周期与亚非拉国别风险多币种储备智能决策平台总计划书.tex:2411,,,,,,,,,,,,,source,METADATA_ONLY_LICENSE,,NOT_REQUESTED,,public GET; no authentication; archive user-agent,,2026-08-16,许可未明确，默认仅保存元数据,,metadata_only,,,,保留元数据和原链接，不抓取或再分发正文。
WEB-0464,web,2 Smartbi：数据连接与准备，,Smartbi,,09_Smartbi与比赛平台,D,说明Smartbi数据导入、模型、看板、AIChat和资源恢复能力。,计划书/04_亚非拉国别风险与多币种储备智能决策平台总计划书.pdf；计划书/04_亚非拉国别风险与多币种储备智能决策平台总计划书.tex；计划书/05_全球经济周期与亚非拉国别风险多币种储备智能决策平台总计划书.pdf；计划书/05_全球经济周期与亚非拉国别风险多币种储备智能决策平台总计划书.tex,须以原文、数据口径、发布时间和适用许可为准；媒体或行业资料不得替代核心A级证据。,https://www.smartbi.com.cn/prepare,https://www.smartbi.com.cn/prepare,,计划书/04_亚非拉国别风险与多币种储备智能决策平台总计划书.pdf | 计划书/04_亚非拉国别风险与多币种储备智能决策平台总计划书.tex | 计划书/05_全球经济周期与亚非拉国别风险多币种储备智能决策平台总计划书.pdf | 计划书/05_全球经济周期与亚非拉国别风险多币种储备智能决策平台总计划书.tex,计划书/04_亚非拉国别风险与多币种储备智能决策平台总计划书.pdf:4328 | 计划书/04_亚非拉国别风险与多币种储备智能决策平台总计划书.pdf:annotation-1 | 计划书/04_亚非拉国别风险与多币种储备智能决策平台总计划书.pdf:annotation-2 | 计划书/04_亚非拉国别风险与多币种储备智能决策平台总计划书.pdf:annotation-3 | 计划书/04_亚非拉国别风险与多币种储备智能决策平台总计划书.tex:2048 | 计划书/05_全球经济周期与亚非拉国别风险多币种储备智能决策平台总计划书.pdf:5384 | 计划书/05_全球经济周期与亚非拉国别风险多币种储备智能决策平台总计划书.pdf:annotation-1 | 计划书/05_全球经济周期与亚非拉国别风险多币种储备智能决策平台总计划书.pdf:annotation-2 | 计划书/05_全球经济周期与亚非拉国别风险多币种储备智能决策平台总计划书.pdf:annotation-3 | 计划书/05_全球经济周期与亚非拉国别风险多币种储备智能决策平台总计划书.tex:2405,,,,,,,,,,,,,source,METADATA_ONLY_LICENSE,,NOT_REQUESTED,,public GET; no authentication; archive user-agent,,2026-08-16,许可未明确，默认仅保存元数据,,metadata_only,,,,保留元数据和原链接，不抓取或再分发正文。
WEB-0465,web,2. 法兴出售罗斯银行（1 欧元）与累计损失（约 31 亿欧元）：法兴 2022–2023 年报,www.societegenerale.com,,08_企业案例与公开披露,D,核验企业海外收入、汇兑损益、冻结、退出和储备配置事实。,案例库/微观企业篇/06_雷诺法兴俄罗斯退出/案例档案.md,须以原文、数据口径、发布时间和适用许可为准；媒体或行业资料不得替代核心A级证据。,https://www.societegenerale.com/,https://www.societegenerale.com/,,案例库/微观企业篇/06_雷诺法兴俄罗斯退出/案例档案.md,案例库/微观企业篇/06_雷诺法兴俄罗斯退出/案例档案.md:76,,,,,,,,,,,,,source,METADATA_ONLY_LICENSE,,NOT_REQUESTED,,public GET; no authentication; archive user-agent,,2026-08-16,许可未明确，默认仅保存元数据,,metadata_only,,,,保留元数据和原链接，不抓取或再分发正文。
WEB-0466,web,搜狐财经引 Wind，2025-04,www.sohu.com,,08_企业案例与公开披露,D,核验企业海外收入、汇兑损益、冻结、退出和储备配置事实。,企业资产配置调研报告.md,须以原文、数据口径、发布时间和适用许可为准；媒体或行业资料不得替代核心A级证据。,https://www.sohu.com/a/890104126_121976698,https://www.sohu.com/a/890104126_121976698,,企业资产配置调研报告.md,企业资产配置调研报告.md:61 | 企业资产配置调研报告.md:61,,,,,,,,,,,,,source,METADATA_ONLY_LICENSE,,NOT_REQUESTED,,public GET; no authentication; archive user-agent,,2026-08-16,许可未明确，默认仅保存元数据,,metadata_only,,,,保留元数据和原链接，不抓取或再分发正文。
WEB-0467,web,搜狐·承兑逾期查询，2024,www.sohu.com,,08_企业案例与公开披露,D,核验企业海外收入、汇兑损益、冻结、退出和储备配置事实。,企业资产配置调研报告.md,须以原文、数据口径、发布时间和适用许可为准；媒体或行业资料不得替代核心A级证据。,https://www.sohu.com/a/969711762_789488,https://www.sohu.com/a/969711762_789488,,企业资产配置调研报告.md,企业资产配置调研报告.md:116 | 企业资产配置调研报告.md:116,,,,,,,,,,,,,source,METADATA_ONLY_LICENSE,,NOT_REQUESTED,,public GET; no authentication; archive user-agent,,2026-08-16,许可未明确，默认仅保存元数据,,metadata_only,,,,保留元数据和原链接，不抓取或再分发正文。
WEB-0468,web,3. 标普 500 历史指数（1980–2000）：Yahoo Finance/S&P 历史数据,www.spglobal.com,,05_全球周期与历史危机,D,识别全球经济周期、资产泡沫、信用危机、衰退与历史制度差异。,案例库/宏观危机篇/17_1980-2000黄金熊市_反面案例/案例档案.md,须以原文、数据口径、发布时间和适用许可为准；媒体或行业资料不得替代核心A级证据。,https://www.spglobal.com/spdji/en/,https://www.spglobal.com/spdji/en,,案例库/宏观危机篇/17_1980-2000黄金熊市_反面案例/案例档案.md,案例库/宏观危机篇/17_1980-2000黄金熊市_反面案例/案例档案.md:86,,,,,,,,,,,,,source,METADATA_ONLY_LICENSE,,NOT_REQUESTED,,public GET; no authentication; archive user-agent,,2026-08-16,许可未明确，默认仅保存元数据,,metadata_only,,,,保留元数据和原链接，不抓取或再分发正文。
WEB-0469,web,首页 | 上海证券交易所,www.sse.com.cn,,07_会计合规与制裁,D,限定会计分类、托管、制裁、外汇管制和合法可用性边界。,案例库/微观企业篇/04_传音控股/案例档案.md；案例库/微观企业篇/10_中国黄金会计错配_反面/案例档案.md,须以原文、数据口径、发布时间和适用许可为准；媒体或行业资料不得替代核心A级证据。,https://www.sse.com.cn/,https://www.sse.com.cn/,https://www.sse.com.cn/,案例库/微观企业篇/04_传音控股/案例档案.md | 案例库/微观企业篇/10_中国黄金会计错配_反面/案例档案.md,案例库/微观企业篇/04_传音控股/案例档案.md:74 | 案例库/微观企业篇/10_中国黄金会计错配_反面/案例档案.md:72,,07_会计合规与制裁/外部原件/WEB-0469_1._传音控股_2023_2024_年报与三季报（人民币营收、非洲占比、汇率损失）：上交所披露：_/original.html,text/html,.html,65612,17fdad65a93aaa230dcc2204d6ce941c869285328f4924c05e0ebb03fbc50512,,,,,,,source,DOWNLOADED_VERIFIED,200,GET,2026-08-15T19:31:28.864Z,public GET; no authentication; archive user-agent,"{""date"":""Sat, 15 Aug 2026 19:31:28 GMT"",""content_type"":""text/html"",""content_length"":"""",""last_modified"":"""",""etag"":"""",""content_disposition"":"""",""cache_control"":""""}",2026-08-16,公开可访问但再分发范围未完全确认，仅本机归档,,private_only,,,,使用本地原件；引用时保留发布机构、原URL、访问日期和许可。
WEB-0470,web,2. 希腊统计局（ELSTAT）GDP/失业率历史数据,www.statistics.gr,,05_全球周期与历史危机,D,识别全球经济周期、资产泡沫、信用危机、衰退与历史制度差异。,案例库/宏观危机篇/14_2010欧洲主权债务危机/案例档案.md,须以原文、数据口径、发布时间和适用许可为准；媒体或行业资料不得替代核心A级证据。,https://www.statistics.gr/en/home/,https://www.statistics.gr/en/home,,案例库/宏观危机篇/14_2010欧洲主权债务危机/案例档案.md,案例库/宏观危机篇/14_2010欧洲主权债务危机/案例档案.md:92,,,,,,,,,,,,,source,METADATA_ONLY_LICENSE,,NOT_REQUESTED,,public GET; no authentication; archive user-agent,,2026-08-16,许可未明确，默认仅保存元数据,,metadata_only,,,,保留元数据和原链接，不抓取或再分发正文。
WEB-0471,web,2024年全国规模以上工业企业利润下降3.3% - 国家统计局,www.stats.gov.cn,,08_企业案例与公开披露,A,核验企业海外收入、汇兑损益、冻结、退出和储备配置事实。,企业资产配置调研报告.md,须以原文、数据口径、发布时间和适用许可为准；媒体或行业资料不得替代核心A级证据。,https://www.stats.gov.cn/sj/zxfb/202501/t20250127_1958485.html,https://www.stats.gov.cn/sj/zxfb/202501/t20250127_1958485.html,https://www.stats.gov.cn/sj/zxfb/202501/t20250127_1958485.html,企业资产配置调研报告.md,企业资产配置调研报告.md:24 | 企业资产配置调研报告.md:24,,08_企业案例与公开披露/外部原件/WEB-0471_国家统计局，2025-01/original.html,text/html,.html,591116,edfb07d005ead65212fd55a4d9cf6ebd3eff49f203cd1b14682f841b0f814da2,,,,,,,source,DOWNLOADED_VERIFIED,200,GET,2026-08-15T19:31:28.897Z,public GET; no authentication; archive user-agent,"{""date"":""Sat, 15 Aug 2026 19:31:30 GMT"",""content_type"":""text/html"",""content_length"":""591116"",""last_modified"":"""",""etag"":"""",""content_disposition"":"""",""cache_control"":""""}",2026-08-16,政府/国际组织公开资料，按原站署名与条款使用,,shared,,,,使用本地原件；引用时保留发布机构、原URL、访问日期和许可。
WEB-0472,web,国家统计局信息公开,www.stats.gov.cn,,08_企业案例与公开披露,A,核验企业海外收入、汇兑损益、冻结、退出和储备配置事实。,企业资产配置调研报告.md,须以原文、数据口径、发布时间和适用许可为准；媒体或行业资料不得替代核心A级证据。,https://www.stats.gov.cn/xxgk/sjfb/zxfb2020/202412/t20241227_1957913.html,https://www.stats.gov.cn/xxgk/sjfb/zxfb2020/202412/t20241227_1957913.html,https://www.stats.gov.cn/xxgk/sjfb/zxfb2020/202412/t20241227_1957913.html,企业资产配置调研报告.md,企业资产配置调研报告.md:24 | 企业资产配置调研报告.md:24,,08_企业案例与公开披露/外部原件/WEB-0472_2024-12/original.html,text/html,.html,272046,c9fe941b8fc12b25ae9af33ed8db02711fc6b6bfbe4a7147396141f9bcc96754,,,,,,,source,DOWNLOADED_VERIFIED,200,GET,2026-08-15T19:31:30.141Z,public GET; no authentication; archive user-agent,"{""date"":""Sat, 15 Aug 2026 19:31:31 GMT"",""content_type"":""text/html"",""content_length"":""272046"",""last_modified"":"""",""etag"":"""",""content_disposition"":"""",""cache_control"":""""}",2026-08-16,政府/国际组织公开资料，按原站署名与条款使用,,shared,,,,使用本地原件；引用时保留发布机构、原URL、访问日期和许可。
WEB-0473,web,8. 圣路易斯联储经济评论《The Tequila Effect: Mexico's 1994-95 Financial Crisis》（危机传染与跨国影响综述）,www.stlouisfed.org,,05_全球周期与历史危机,D,识别全球经济周期、资产泡沫、信用危机、衰退与历史制度差异。,案例库/宏观危机篇/11_1994墨西哥龙舌兰危机/案例档案.md,须以原文、数据口径、发布时间和适用许可为准；媒体或行业资料不得替代核心A级证据。,https://www.stlouisfed.org/publications/regional-economist/,https://www.stlouisfed.org/publications/regional-economist,,案例库/宏观危机篇/11_1994墨西哥龙舌兰危机/案例档案.md,案例库/宏观危机篇/11_1994墨西哥龙舌兰危机/案例档案.md:96,,,,,,,,,,,,,source,METADATA_ONLY_LICENSE,,NOT_REQUESTED,,public GET; no authentication; archive user-agent,,2026-08-16,许可未明确，默认仅保存元数据,,metadata_only,,,,保留元数据和原链接，不抓取或再分发正文。
WEB-0474,web,6. 苏伊士运河收入下降（红海危机）：苏伊士运河管理局（SCA）年度数据,www.suezcanal.gov.eg,,04_国别货币与中国出海,A,支持亚非拉国别风险、汇率、通胀、资本管制和中国投资暴露研究。,案例库/货币崩溃篇/07_2022-2024埃及镑贬值/案例档案.md,须以原文、数据口径、发布时间和适用许可为准；媒体或行业资料不得替代核心A级证据。,https://www.suezcanal.gov.eg/,https://www.suezcanal.gov.eg/,,案例库/货币崩溃篇/07_2022-2024埃及镑贬值/案例档案.md,案例库/货币崩溃篇/07_2022-2024埃及镑贬值/案例档案.md:94,,,,,,,,,,,,,source,METADATA_ONLY_LICENSE,,NOT_REQUESTED,,public GET; no authentication; archive user-agent,,2026-08-16,许可未明确，默认仅保存元数据,,metadata_only,,,,保留元数据和原链接，不抓取或再分发正文。
WEB-0475,web,英国最高法院 UKSC 2020/0195,www.supremecourt.uk,,07_会计合规与制裁,D,限定会计分类、托管、制裁、外汇管制和合法可用性边界。,案例库/地缘冲突与制裁篇/05_2019委内瑞拉伦敦黄金冻结/案例档案.md；案例库/货币崩溃篇/03_2015-2021委内瑞拉玻利瓦尔/案例档案.md；跨国公司黄金硬通货需求调研报告.md,须以原文、数据口径、发布时间和适用许可为准；媒体或行业资料不得替代核心A级证据。,https://www.supremecourt.uk/cases/uksc-2020-0195,https://www.supremecourt.uk/cases/uksc-2020-0195,,案例库/地缘冲突与制裁篇/05_2019委内瑞拉伦敦黄金冻结/案例档案.md | 案例库/货币崩溃篇/03_2015-2021委内瑞拉玻利瓦尔/案例档案.md | 跨国公司黄金硬通货需求调研报告.md,案例库/地缘冲突与制裁篇/05_2019委内瑞拉伦敦黄金冻结/案例档案.md:87 | 案例库/货币崩溃篇/03_2015-2021委内瑞拉玻利瓦尔/案例档案.md:93 | 跨国公司黄金硬通货需求调研报告.md:45 | 跨国公司黄金硬通货需求调研报告.md:45,,,,,,,,,,,,,source,METADATA_ONLY_LICENSE,,NOT_REQUESTED,,public GET; no authentication; archive user-agent,,2026-08-16,许可未明确，默认仅保存元数据,,metadata_only,,,,保留元数据和原链接，不抓取或再分发正文。
WEB-0476,web,3. 土耳其央行利率决策（2018 加息、2021 降息、2023–24 再加息）：土耳其央行（CBRT）,www.tcmb.gov.tr,,04_国别货币与中国出海,A,支持亚非拉国别风险、汇率、通胀、资本管制和中国投资暴露研究。,案例库/货币崩溃篇/04_2018土耳其里拉危机/案例档案.md,须以原文、数据口径、发布时间和适用许可为准；媒体或行业资料不得替代核心A级证据。,https://www.tcmb.gov.tr/wps/wcm/connect/en/tcmb+en,https://www.tcmb.gov.tr/wps/wcm/connect/en/tcmb+en,,案例库/货币崩溃篇/04_2018土耳其里拉危机/案例档案.md,案例库/货币崩溃篇/04_2018土耳其里拉危机/案例档案.md:92,,,,,,,,,,,,,source,METADATA_ONLY_LICENSE,,NOT_REQUESTED,,public GET; no authentication; archive user-agent,,2026-08-16,许可未明确，默认仅保存元数据,,metadata_only,,,,保留元数据和原链接，不抓取或再分发正文。
WEB-0477,web,TheCable，2024,www.thecable.ng,,08_企业案例与公开披露,D,核验企业海外收入、汇兑损益、冻结、退出和储备配置事实。,跨国公司黄金硬通货需求调研报告.md,须以原文、数据口径、发布时间和适用许可为准；媒体或行业资料不得替代核心A级证据。,https://www.thecable.ng/mtn-nigeria-recorded-n740bn-fx-losses-in-2023/,https://www.thecable.ng/mtn-nigeria-recorded-n740bn-fx-losses-in-2023,,跨国公司黄金硬通货需求调研报告.md,跨国公司黄金硬通货需求调研报告.md:55 | 跨国公司黄金硬通货需求调研报告.md:55,,,,,,,,,,,,,source,METADATA_ONLY_LICENSE,,NOT_REQUESTED,,public GET; no authentication; archive user-agent,,2026-08-16,许可未明确，默认仅保存元数据,,metadata_only,,,,保留元数据和原链接，不抓取或再分发正文。
WEB-0478,web,The National，2023,www.thenationalnews.com,,08_企业案例与公开披露,D,核验企业海外收入、汇兑损益、冻结、退出和储备配置事实。,跨国公司黄金硬通货需求调研报告.md,须以原文、数据口径、发布时间和适用许可为准；媒体或行业资料不得替代核心A级证据。,https://www.thenationalnews.com/business/economy/2023/01/31/lebanon-to-devalue-the-pound-by-90-central-bank-governor-says/,https://www.thenationalnews.com/business/economy/2023/01/31/lebanon-to-devalue-the-pound-by-90-central-bank-governor-says,,跨国公司黄金硬通货需求调研报告.md,跨国公司黄金硬通货需求调研报告.md:60 | 跨国公司黄金硬通货需求调研报告.md:60,,,,,,,,,,,,,source,METADATA_ONLY_LICENSE,,NOT_REQUESTED,,public GET; no authentication; archive user-agent,,2026-08-16,许可未明确，默认仅保存元数据,,metadata_only,,,,保留元数据和原链接，不抓取或再分发正文。
WEB-0479,web,"5. ""7 家企业 2024 财年汇兑损失 2.06 万亿奈拉""：THISDAY 2025-03 报道",www.thisdaylive.com,,08_企业案例与公开披露,C,核验企业海外收入、汇兑损益、冻结、退出和储备配置事实。,案例库/货币崩溃篇/06_2022-2024尼日利亚奈拉崩溃/案例档案.md；案例库/微观企业篇/01_MTN尼日利亚/案例档案.md；案例库/微观企业篇/02_雀巢尼日利亚/案例档案.md,须以原文、数据口径、发布时间和适用许可为准；媒体或行业资料不得替代核心A级证据。,https://www.thisdaylive.com/,https://www.thisdaylive.com/,,案例库/货币崩溃篇/06_2022-2024尼日利亚奈拉崩溃/案例档案.md | 案例库/微观企业篇/01_MTN尼日利亚/案例档案.md | 案例库/微观企业篇/02_雀巢尼日利亚/案例档案.md,案例库/货币崩溃篇/06_2022-2024尼日利亚奈拉崩溃/案例档案.md:96 | 案例库/微观企业篇/01_MTN尼日利亚/案例档案.md:78 | 案例库/微观企业篇/02_雀巢尼日利亚/案例档案.md:80,,,,,,,,,,,,,source,METADATA_ONLY_LICENSE,,NOT_REQUESTED,,public GET; no authentication; archive user-agent,,2026-08-16,新闻/媒体版权，默认仅保存元数据,,metadata_only,,,,保留元数据和原链接，不抓取或再分发正文。
WEB-0480,web,THISDAY，2025,www.thisdaylive.com,,08_企业案例与公开披露,C,核验企业海外收入、汇兑损益、冻结、退出和储备配置事实。,跨国公司黄金硬通货需求调研报告.md,须以原文、数据口径、发布时间和适用许可为准；媒体或行业资料不得替代核心A级证据。,https://www.thisdaylive.com/2025/03/10/naira-devaluation-mtn-nestle-dangote-cement-others-suffer-n2-06trn-fx-losses/,https://www.thisdaylive.com/2025/03/10/naira-devaluation-mtn-nestle-dangote-cement-others-suffer-n2-06trn-fx-losses,,跨国公司黄金硬通货需求调研报告.md,跨国公司黄金硬通货需求调研报告.md:57 | 跨国公司黄金硬通货需求调研报告.md:57,,,,,,,,,,,,,source,METADATA_ONLY_LICENSE,,NOT_REQUESTED,,public GET; no authentication; archive user-agent,,2026-08-16,新闻/媒体版权，默认仅保存元数据,,metadata_only,,,,保留元数据和原链接，不抓取或再分发正文。
WEB-0481,web,2. 土耳其 CPI（2018-10 峰值 25.2%、2022-10 峰值 85.5%）：土耳其统计局（TURKSTAT）,www.tuik.gov.tr,,04_国别货币与中国出海,A,支持亚非拉国别风险、汇率、通胀、资本管制和中国投资暴露研究。,案例库/货币崩溃篇/04_2018土耳其里拉危机/案例档案.md,须以原文、数据口径、发布时间和适用许可为准；媒体或行业资料不得替代核心A级证据。,https://www.tuik.gov.tr/,https://www.tuik.gov.tr/,,案例库/货币崩溃篇/04_2018土耳其里拉危机/案例档案.md,案例库/货币崩溃篇/04_2018土耳其里拉危机/案例档案.md:91,,,,,,,,,,,,,source,METADATA_ONLY_LICENSE,,NOT_REQUESTED,,public GET; no authentication; archive user-agent,,2026-08-16,许可未明确，默认仅保存元数据,,metadata_only,,,,保留元数据和原链接，不抓取或再分发正文。
WEB-0482,web,4. 苏丹黄金产量（非洲第三、约 50–70 吨/年）：美国地质调查局（USGS）矿物年鉴,www.usgs.gov,,07_会计合规与制裁,A,限定会计分类、托管、制裁、外汇管制和合法可用性边界。,案例库/地缘冲突与制裁篇/08_2023苏丹内战黄金经济/案例档案.md,须以原文、数据口径、发布时间和适用许可为准；媒体或行业资料不得替代核心A级证据。,https://www.usgs.gov/centers/national-minerals-information-center,https://www.usgs.gov/centers/national-minerals-information-center,,案例库/地缘冲突与制裁篇/08_2023苏丹内战黄金经济/案例档案.md,案例库/地缘冲突与制裁篇/08_2023苏丹内战黄金经济/案例档案.md:86,,,,,,,,,,,,,source,METADATA_ONLY_LICENSE,,NOT_REQUESTED,,public GET; no authentication; archive user-agent,,2026-08-16,许可未明确，默认仅保存元数据,,metadata_only,,,,保留元数据和原链接，不抓取或再分发正文。
WEB-0483,web,5. U.S. Money Reserve，《How Does Silver Perform in a Recession?》，2024年（白银2008年2月末19.24美元→10月末9.09美元），,www.usmoneyreserve.com,,05_全球周期与历史危机,D,识别全球经济周期、资产泡沫、信用危机、衰退与历史制度差异。,案例库/宏观危机篇/09_2008全球金融危机/案例档案.md,须以原文、数据口径、发布时间和适用许可为准；媒体或行业资料不得替代核心A级证据。,https://www.usmoneyreserve.com/news/executive-insights/how-silver-performs-recession/,https://www.usmoneyreserve.com/news/executive-insights/how-silver-performs-recession,,案例库/宏观危机篇/09_2008全球金融危机/案例档案.md,案例库/宏观危机篇/09_2008全球金融危机/案例档案.md:47,,,,,,,,,,,,,source,METADATA_ONLY_LICENSE,,NOT_REQUESTED,,public GET; no authentication; archive user-agent,,2026-08-16,许可未明确，默认仅保存元数据,,metadata_only,,,,保留元数据和原链接，不抓取或再分发正文。
WEB-0484,web,路透社 Factbox，2023,www.usnews.com,,07_会计合规与制裁,D,限定会计分类、托管、制裁、外汇管制和合法可用性边界。,跨国公司黄金硬通货需求调研报告.md,须以原文、数据口径、发布时间和适用许可为准；媒体或行业资料不得替代核心A级证据。,https://www.usnews.com/news/world/articles/2023-12-28/factbox-what-and-where-are-russias-300-billion-in-reserves-frozen-in-the-west,https://www.usnews.com/news/world/articles/2023-12-28/factbox-what-and-where-are-russias-300-billion-in-reserves-frozen-in-the-west,,跨国公司黄金硬通货需求调研报告.md,跨国公司黄金硬通货需求调研报告.md:27 | 跨国公司黄金硬通货需求调研报告.md:27,,,,,,,,,,,,,source,METADATA_ONLY_LICENSE,,NOT_REQUESTED,,public GET; no authentication; archive user-agent,,2026-08-16,许可未明确，默认仅保存元数据,,metadata_only,,,,保留元数据和原链接，不抓取或再分发正文。
WEB-0485,web,www.whitehouse.gov 来源资料（WEB-0485）,www.whitehouse.gov,,06_黄金美元与储备配置,A,比较美元、短债、黄金、人民币资产与套保工具的周期性作用。,最终数据/最终数据/outputs/019f56e7-91fe-7a43-b1d0-ae50e45c9d0c/金银价格预测_官方数据与因素台账_20260713.xlsx；最终数据/最终数据/outputs/019f56e7-91fe-7a43-b1d0-ae50e45c9d0c/金银价格预测_官方数据与因素台账_20260713.xlsx.inspect.ndjson,须以原文、数据口径、发布时间和适用许可为准；媒体或行业资料不得替代核心A级证据。,https://www.whitehouse.gov/presidential-actions/2025/04/regulating-imports-with-a-reciprocal-tariff-to-rectify-trade-practices-that-contribute-to-large-and-persistent-annual-united-states-goods-trade-deficits/,https://www.whitehouse.gov/presidential-actions/2025/04/regulating-imports-with-a-reciprocal-tariff-to-rectify-trade-practices-that-contribute-to-large-and-persistent-annual-united-states-goods-trade-deficits,,最终数据/最终数据/outputs/019f56e7-91fe-7a43-b1d0-ae50e45c9d0c/金银价格预测_官方数据与因素台账_20260713.xlsx | 最终数据/最终数据/outputs/019f56e7-91fe-7a43-b1d0-ae50e45c9d0c/金银价格预测_官方数据与因素台账_20260713.xlsx.inspect.ndjson,最终数据/最终数据/outputs/019f56e7-91fe-7a43-b1d0-ae50e45c9d0c/金银价格预测_官方数据与因素台账_20260713.xlsx:xl/worksheets/sheet4.xml | 最终数据/最终数据/outputs/019f56e7-91fe-7a43-b1d0-ae50e45c9d0c/金银价格预测_官方数据与因素台账_20260713.xlsx.inspect.ndjson:978,,,,,,,,,,,,,source,METADATA_ONLY_LICENSE,,NOT_REQUESTED,,public GET; no authentication; archive user-agent,,2026-08-16,许可未明确，默认仅保存元数据,,metadata_only,,,,保留元数据和原链接，不抓取或再分发正文。
WEB-0486,web,www.whitehouse.gov 来源资料（WEB-0486）,www.whitehouse.gov,,06_黄金美元与储备配置,A,比较美元、短债、黄金、人民币资产与套保工具的周期性作用。,最终数据/最终数据/outputs/019f56e7-91fe-7a43-b1d0-ae50e45c9d0c/金银价格预测_官方数据与因素台账_20260713.xlsx；最终数据/最终数据/outputs/019f56e7-91fe-7a43-b1d0-ae50e45c9d0c/金银价格预测_官方数据与因素台账_20260713.xlsx.inspect.ndjson,须以原文、数据口径、发布时间和适用许可为准；媒体或行业资料不得替代核心A级证据。,https://www.whitehouse.gov/releases/2026/01/wide-acclaim-for-president-trumps-nomination-of-kevin-warsh-as-fed-chair/,https://www.whitehouse.gov/releases/2026/01/wide-acclaim-for-president-trumps-nomination-of-kevin-warsh-as-fed-chair,,最终数据/最终数据/outputs/019f56e7-91fe-7a43-b1d0-ae50e45c9d0c/金银价格预测_官方数据与因素台账_20260713.xlsx | 最终数据/最终数据/outputs/019f56e7-91fe-7a43-b1d0-ae50e45c9d0c/金银价格预测_官方数据与因素台账_20260713.xlsx.inspect.ndjson,最终数据/最终数据/outputs/019f56e7-91fe-7a43-b1d0-ae50e45c9d0c/金银价格预测_官方数据与因素台账_20260713.xlsx:xl/worksheets/sheet4.xml | 最终数据/最终数据/outputs/019f56e7-91fe-7a43-b1d0-ae50e45c9d0c/金银价格预测_官方数据与因素台账_20260713.xlsx.inspect.ndjson:978,,,,,,,,,,,,,source,METADATA_ONLY_LICENSE,,NOT_REQUESTED,,public GET; no authentication; archive user-agent,,2026-08-16,许可未明确，默认仅保存元数据,,metadata_only,,,,保留元数据和原链接，不抓取或再分发正文。
WEB-0487,web,www.whitehouse.gov 来源资料（WEB-0487）,www.whitehouse.gov,,06_黄金美元与储备配置,A,比较美元、短债、黄金、人民币资产与套保工具的周期性作用。,最终数据/最终数据/outputs/019f56e7-91fe-7a43-b1d0-ae50e45c9d0c/金银价格预测_官方数据与因素台账_20260713.xlsx；最终数据/最终数据/outputs/019f56e7-91fe-7a43-b1d0-ae50e45c9d0c/金银价格预测_官方数据与因素台账_20260713.xlsx.inspect.ndjson,须以原文、数据口径、发布时间和适用许可为准；媒体或行业资料不得替代核心A级证据。,https://www.whitehouse.gov/releases/2026/04/peace-through-strength-operation-epic-fury-crushes-iranian-threat-as-ceasefire-takes-hold/,https://www.whitehouse.gov/releases/2026/04/peace-through-strength-operation-epic-fury-crushes-iranian-threat-as-ceasefire-takes-hold,,最终数据/最终数据/outputs/019f56e7-91fe-7a43-b1d0-ae50e45c9d0c/金银价格预测_官方数据与因素台账_20260713.xlsx | 最终数据/最终数据/outputs/019f56e7-91fe-7a43-b1d0-ae50e45c9d0c/金银价格预测_官方数据与因素台账_20260713.xlsx.inspect.ndjson,最终数据/最终数据/outputs/019f56e7-91fe-7a43-b1d0-ae50e45c9d0c/金银价格预测_官方数据与因素台账_20260713.xlsx:xl/worksheets/sheet4.xml | 最终数据/最终数据/outputs/019f56e7-91fe-7a43-b1d0-ae50e45c9d0c/金银价格预测_官方数据与因素台账_20260713.xlsx.inspect.ndjson:978,,,,,,,,,,,,,source,METADATA_ONLY_LICENSE,,NOT_REQUESTED,,public GET; no authentication; archive user-agent,,2026-08-16,许可未明确，默认仅保存元数据,,metadata_only,,,,保留元数据和原链接，不抓取或再分发正文。
WEB-0488,web,www.who.int 来源资料（WEB-0488）,www.who.int,,06_黄金美元与储备配置,D,比较美元、短债、黄金、人民币资产与套保工具的周期性作用。,最终数据/最终数据/outputs/019f56e7-91fe-7a43-b1d0-ae50e45c9d0c/黄金价格传导链因素与时序数据_20260724.xlsx.inspect.ndjson；最终数据/最终数据/outputs/019f56e7-91fe-7a43-b1d0-ae50e45c9d0c/金银价格波动影响因素与时序数据_20260726.xlsx.inspect.ndjson；最终数据/最终数据/outputs/019f56e7-91fe-7a43-b1d0-ae50e45c9d0c/金银价格波动影响因素与时序数据_中文字段版_20260726.xlsx.inspect.ndjson,须以原文、数据口径、发布时间和适用许可为准；媒体或行业资料不得替代核心A级证据。,https://www.who.int/director-general/speeches/detail/who-director-general-s-o...,https://www.who.int/director-general/speeches/detail/who-director-general-s-o,,最终数据/最终数据/outputs/019f56e7-91fe-7a43-b1d0-ae50e45c9d0c/黄金价格传导链因素与时序数据_20260724.xlsx.inspect.ndjson | 最终数据/最终数据/outputs/019f56e7-91fe-7a43-b1d0-ae50e45c9d0c/金银价格波动影响因素与时序数据_20260726.xlsx.inspect.ndjson | 最终数据/最终数据/outputs/019f56e7-91fe-7a43-b1d0-ae50e45c9d0c/金银价格波动影响因素与时序数据_中文字段版_20260726.xlsx.inspect.ndjson,最终数据/最终数据/outputs/019f56e7-91fe-7a43-b1d0-ae50e45c9d0c/黄金价格传导链因素与时序数据_20260724.xlsx.inspect.ndjson:631 | 最终数据/最终数据/outputs/019f56e7-91fe-7a43-b1d0-ae50e45c9d0c/金银价格波动影响因素与时序数据_20260726.xlsx.inspect.ndjson:721 | 最终数据/最终数据/outputs/019f56e7-91fe-7a43-b1d0-ae50e45c9d0c/金银价格波动影响因素与时序数据_中文字段版_20260726.xlsx.inspect.ndjson:721,,,,,,,,,,,,,source,METADATA_ONLY_LICENSE,,NOT_REQUESTED,,public GET; no authentication; archive user-agent,,2026-08-16,许可未明确，默认仅保存元数据,,metadata_only,,,,保留元数据和原链接，不抓取或再分发正文。
WEB-0489,web,www.who.int 来源资料（WEB-0489）,www.who.int,,06_黄金美元与储备配置,D,比较美元、短债、黄金、人民币资产与套保工具的周期性作用。,最终数据/最终数据/outputs/019f56e7-91fe-7a43-b1d0-ae50e45c9d0c/黄金价格传导链因素与时序数据_20260724.xlsx；最终数据/最终数据/outputs/019f56e7-91fe-7a43-b1d0-ae50e45c9d0c/黄金价格传导链因素与时序数据_20260724.xlsx.inspect.ndjson；最终数据/最终数据/outputs/019f56e7-91fe-7a43-b1d0-ae50e45c9d0c/金银价格波动影响因素与时序数据_20260726.xlsx；最终数据/最终数据/outputs/019f56e7-91fe-7a43-b1d0-ae50e45c9d0c/金银价格波动影响因素与时序数据_20260726.xlsx.inspect.ndjson；最终数据/最终数据/outputs/019f56e7-91fe-7a43-b1d0-ae50e45c9d0c/金银价格波动影响因素与时序数据_中文字段版_20260726.xlsx；最终数据/最终数据/outputs/019f56e7-91fe-7a43-b1d0-ae50e45c9d0c/金银价格波动影响因素与时序数据_中文字段版_20260726.xlsx.inspect.ndjson,须以原文、数据口径、发布时间和适用许可为准；媒体或行业资料不得替代核心A级证据。,https://www.who.int/director-general/speeches/detail/who-director-general-s-opening-remarks-at-the-media-briefing-on-covid-19---11-march-2020,https://www.who.int/director-general/speeches/detail/who-director-general-s-opening-remarks-at-the-media-briefing-on-covid-19---11-march-2020,,最终数据/最终数据/outputs/019f56e7-91fe-7a43-b1d0-ae50e45c9d0c/黄金价格传导链因素与时序数据_20260724.xlsx | 最终数据/最终数据/outputs/019f56e7-91fe-7a43-b1d0-ae50e45c9d0c/黄金价格传导链因素与时序数据_20260724.xlsx.inspect.ndjson | 最终数据/最终数据/outputs/019f56e7-91fe-7a43-b1d0-ae50e45c9d0c/金银价格波动影响因素与时序数据_20260726.xlsx | 最终数据/最终数据/outputs/019f56e7-91fe-7a43-b1d0-ae50e45c9d0c/金银价格波动影响因素与时序数据_20260726.xlsx.inspect.ndjson | 最终数据/最终数据/outputs/019f56e7-91fe-7a43-b1d0-ae50e45c9d0c/金银价格波动影响因素与时序数据_中文字段版_20260726.xlsx | 最终数据/最终数据/outputs/019f56e7-91fe-7a43-b1d0-ae50e45c9d0c/金银价格波动影响因素与时序数据_中文字段版_20260726.xlsx.inspect.ndjson,最终数据/最终数据/outputs/019f56e7-91fe-7a43-b1d0-ae50e45c9d0c/黄金价格传导链因素与时序数据_20260724.xlsx:xl/worksheets/sheet4.xml | 最终数据/最终数据/outputs/019f56e7-91fe-7a43-b1d0-ae50e45c9d0c/黄金价格传导链因素与时序数据_20260724.xlsx.inspect.ndjson:630 | 最终数据/最终数据/outputs/019f56e7-91fe-7a43-b1d0-ae50e45c9d0c/金银价格波动影响因素与时序数据_20260726.xlsx:xl/worksheets/sheet4.xml | 最终数据/最终数据/outputs/019f56e7-91fe-7a43-b1d0-ae50e45c9d0c/金银价格波动影响因素与时序数据_20260726.xlsx.inspect.ndjson:720 | 最终数据/最终数据/outputs/019f56e7-91fe-7a43-b1d0-ae50e45c9d0c/金银价格波动影响因素与时序数据_中文字段版_20260726.xlsx:xl/worksheets/sheet4.xml | 最终数据/最终数据/outputs/019f56e7-91fe-7a43-b1d0-ae50e45c9d0c/金银价格波动影响因素与时序数据_中文字段版_20260726.xlsx.inspect.ndjson:720,,,,,,,,,,,,,source,METADATA_ONLY_LICENSE,,NOT_REQUESTED,,public GET; no authentication; archive user-agent,,2026-08-16,许可未明确，默认仅保存元数据,,metadata_only,,,,保留元数据和原链接，不抓取或再分发正文。
WEB-0490,web,www.who.int 来源资料（WEB-0490）,www.who.int,,06_黄金美元与储备配置,D,比较美元、短债、黄金、人民币资产与套保工具的周期性作用。,最终数据/最终数据/outputs/019f56e7-91fe-7a43-b1d0-ae50e45c9d0c/金银价格预测_官方数据与因素台账_20260713.xlsx；最终数据/最终数据/outputs/019f56e7-91fe-7a43-b1d0-ae50e45c9d0c/金银价格预测_官方数据与因素台账_20260713.xlsx.inspect.ndjson,须以原文、数据口径、发布时间和适用许可为准；媒体或行业资料不得替代核心A级证据。,https://www.who.int/news-room/speeches/item/who-director-general-s-opening-remarks-at-the-media-briefing-on-covid-19---11-march-2020,https://www.who.int/news-room/speeches/item/who-director-general-s-opening-remarks-at-the-media-briefing-on-covid-19---11-march-2020,,最终数据/最终数据/outputs/019f56e7-91fe-7a43-b1d0-ae50e45c9d0c/金银价格预测_官方数据与因素台账_20260713.xlsx | 最终数据/最终数据/outputs/019f56e7-91fe-7a43-b1d0-ae50e45c9d0c/金银价格预测_官方数据与因素台账_20260713.xlsx.inspect.ndjson,最终数据/最终数据/outputs/019f56e7-91fe-7a43-b1d0-ae50e45c9d0c/金银价格预测_官方数据与因素台账_20260713.xlsx:xl/worksheets/sheet4.xml | 最终数据/最终数据/outputs/019f56e7-91fe-7a43-b1d0-ae50e45c9d0c/金银价格预测_官方数据与因素台账_20260713.xlsx.inspect.ndjson:978,,,,,,,,,,,,,source,METADATA_ONLY_LICENSE,,NOT_REQUESTED,,public GET; no authentication; archive user-agent,,2026-08-16,许可未明确，默认仅保存元数据,,metadata_only,,,,保留元数据和原链接，不抓取或再分发正文。
WEB-0491,web,Wisconsin Project，2025,www.wisconsinproject.org,,07_会计合规与制裁,D,限定会计分类、托管、制裁、外汇管制和合法可用性边界。,案例库/地缘冲突与制裁篇/04_2012-2013土耳其-伊朗黄金换天然气/案例档案.md；案例库/货币崩溃篇/08_2010-2025伊朗里亚尔/案例档案.md；跨国公司黄金硬通货需求调研报告.md,须以原文、数据口径、发布时间和适用许可为准；媒体或行业资料不得替代核心A级证据。,https://www.wisconsinproject.org/major-turkish-bank-prosecuted-in-unprecedented-iran-sanctions-evasion-case/,https://www.wisconsinproject.org/major-turkish-bank-prosecuted-in-unprecedented-iran-sanctions-evasion-case,,案例库/地缘冲突与制裁篇/04_2012-2013土耳其-伊朗黄金换天然气/案例档案.md | 案例库/货币崩溃篇/08_2010-2025伊朗里亚尔/案例档案.md | 跨国公司黄金硬通货需求调研报告.md,案例库/地缘冲突与制裁篇/04_2012-2013土耳其-伊朗黄金换天然气/案例档案.md:81 | 案例库/货币崩溃篇/08_2010-2025伊朗里亚尔/案例档案.md:96 | 跨国公司黄金硬通货需求调研报告.md:26 | 跨国公司黄金硬通货需求调研报告.md:26,,,,,,,,,,,,,source,METADATA_ONLY_LICENSE,,NOT_REQUESTED,,public GET; no authentication; archive user-agent,,2026-08-16,许可未明确，默认仅保存元数据,,metadata_only,,,,保留元数据和原链接，不抓取或再分发正文。
WEB-0492,web,"World Bank Group - International Development, Poverty and Sustainability",World Bank,,06_黄金美元与储备配置,B,比较美元、短债、黄金、人民币资产与套保工具的周期性作用。,计划书/03_多币种流动性与黄金战略储备周期配置计划书.pdf,须以原文、数据口径、发布时间和适用许可为准；媒体或行业资料不得替代核心A级证据。,https://www.worldbank.org/en/,https://www.worldbank.org/en,https://www.worldbank.org/ext/en/home,计划书/03_多币种流动性与黄金战略储备周期配置计划书.pdf,计划书/03_多币种流动性与黄金战略储备周期配置计划书.pdf:1279,,"06_黄金美元与储备配置/外部原件/WEB-0492_17_World_Bank,_Commodity_Markets_Pink_Sheet,/original.html",text/html; charset=utf-8,.html,59707,3e96c0a8a4d1bab86d77b1a265a36c3128a9de8b18f5bd4c6bdcc05d7ce7b5a1,,,,,,,source,DOWNLOADED_VERIFIED,200,GET,2026-08-15T19:31:35.008Z,public GET; no authentication; archive user-agent,"{""date"":""Sat, 15 Aug 2026 19:31:34 GMT"",""content_type"":""text/html; charset=utf-8"",""content_length"":"""",""last_modified"":""Wed, 12 Aug 2026 15:47:37 GMT"",""etag"":"""",""content_disposition"":"""",""cache_control"":""max-age=7200, must-revalidate""}",2026-08-16,World Bank数据条款/CC BY 4.0，第三方内容例外,https://data.worldbank.org/summary-terms-of-use,shared,,,,使用本地原件；引用时保留发布机构、原URL、访问日期和许可。
WEB-0493,web,Sudan | World Bank Group,World Bank,,07_会计合规与制裁,B,限定会计分类、托管、制裁、外汇管制和合法可用性边界。,案例库/地缘冲突与制裁篇/08_2023苏丹内战黄金经济/案例档案.md,须以原文、数据口径、发布时间和适用许可为准；媒体或行业资料不得替代核心A级证据。,https://www.worldbank.org/en/country/sudan,https://www.worldbank.org/en/country/sudan,https://www.worldbank.org/ext/en/country/sudan,案例库/地缘冲突与制裁篇/08_2023苏丹内战黄金经济/案例档案.md,案例库/地缘冲突与制裁篇/08_2023苏丹内战黄金经济/案例档案.md:85,,07_会计合规与制裁/外部原件/WEB-0493_3._苏丹_GDP（2023_年_-12%～-18%）：世界银行《Sudan_Economic_Update》：_/original.html,text/html; charset=utf-8,.html,60302,86043ce3cdb8fa93c2c4fc966b59cfa6ddf2a6e167b9ee6e1cff3465ea4122ee,,,,,,,source,DOWNLOADED_VERIFIED,200,GET,2026-08-15T19:31:35.663Z,public GET; no authentication; archive user-agent,"{""date"":""Sat, 15 Aug 2026 19:31:35 GMT"",""content_type"":""text/html; charset=utf-8"",""content_length"":"""",""last_modified"":""Tue, 11 Aug 2026 09:11:03 GMT"",""etag"":"""",""content_disposition"":"""",""cache_control"":""max-age=7200, must-revalidate""}",2026-08-16,World Bank数据条款/CC BY 4.0，第三方内容例外,https://data.worldbank.org/summary-terms-of-use,shared,,,,使用本地原件；引用时保留发布机构、原URL、访问日期和许可。
WEB-0494,web,Lebanon’s Crisis: Great Denial in the Deliberate Depression,World Bank,,06_黄金美元与储备配置,B,比较美元、短债、黄金、人民币资产与套保工具的周期性作用。,案例库/货币崩溃篇/05_2019-2023黎巴嫩镑崩溃/案例档案.md,须以原文、数据口径、发布时间和适用许可为准；媒体或行业资料不得替代核心A级证据。,https://www.worldbank.org/en/news/press-release/2022/01/24/lebanon-s-crisis-great-denial-in-the-deliberate-depression,https://www.worldbank.org/en/news/press-release/2022/01/24/lebanon-s-crisis-great-denial-in-the-deliberate-depression,https://www.worldbank.org/en/news/press-release/2022/01/24/lebanon-s-crisis-great-denial-in-the-deliberate-depression,案例库/货币崩溃篇/05_2019-2023黎巴嫩镑崩溃/案例档案.md,案例库/货币崩溃篇/05_2019-2023黎巴嫩镑崩溃/案例档案.md:56,,06_黄金美元与储备配置/外部原件/WEB-0494_2._世界银行（World_Bank），2022，《Lebanon's_Crisis_Great_Denial_in_the_Deliberat/original.html,text/html; charset=utf-8,.html,29047,f2ba93d76663b51c7f6fd6c4985f85b0dd6f6e0a3b4cd31d4e5031f169a84605,,,,,,,source,DOWNLOADED_VERIFIED,200,GET,2026-08-15T19:31:36.315Z,public GET; no authentication; archive user-agent,"{""date"":""Sat, 15 Aug 2026 19:31:35 GMT"",""content_type"":""text/html; charset=utf-8"",""content_length"":"""",""last_modified"":""Tue, 11 Aug 2026 09:11:03 GMT"",""etag"":"""",""content_disposition"":"""",""cache_control"":""max-age=7200, must-revalidate""}",2026-08-16,World Bank数据条款/CC BY 4.0，第三方内容例外,https://data.worldbank.org/summary-terms-of-use,shared,,,,使用本地原件；引用时保留发布机构、原URL、访问日期和许可。
WEB-0495,web,Lebanon: Normalization of Crisis is No Road to Stabilization,World Bank,,04_国别货币与中国出海,B,支持亚非拉国别风险、汇率、通胀、资本管制和中国投资暴露研究。,案例库/货币崩溃篇/05_2019-2023黎巴嫩镑崩溃/案例档案.md,须以原文、数据口径、发布时间和适用许可为准；媒体或行业资料不得替代核心A级证据。,https://www.worldbank.org/en/news/press-release/2023/05/16/lebanon-normalization-of-crisis-is-no-road-to-stabilization,https://www.worldbank.org/en/news/press-release/2023/05/16/lebanon-normalization-of-crisis-is-no-road-to-stabilization,https://www.worldbank.org/en/news/press-release/2023/05/16/lebanon-normalization-of-crisis-is-no-road-to-stabilization,案例库/货币崩溃篇/05_2019-2023黎巴嫩镑崩溃/案例档案.md,案例库/货币崩溃篇/05_2019-2023黎巴嫩镑崩溃/案例档案.md:55,,"04_国别货币与中国出海/外部原件/WEB-0495_1._世界银行（World_Bank），2023，《Lebanon_Economic_Monitor,_Spring_2023_Normaliz/original.html",text/html; charset=utf-8,.html,28749,a5adde4eb82b9472d2529770a5b235bb4778ed2aa4f6e50d0f7b1f4db04cff9d,,,,,,,source,DOWNLOADED_VERIFIED,200,GET,2026-08-15T19:31:36.967Z,public GET; no authentication; archive user-agent,"{""date"":""Sat, 15 Aug 2026 19:31:36 GMT"",""content_type"":""text/html; charset=utf-8"",""content_length"":"""",""last_modified"":""Tue, 11 Aug 2026 09:11:03 GMT"",""etag"":"""",""content_disposition"":"""",""cache_control"":""max-age=7200, must-revalidate""}",2026-08-16,World Bank数据条款/CC BY 4.0，第三方内容例外,https://data.worldbank.org/summary-terms-of-use,shared,,,,使用本地原件；引用时保留发布机构、原URL、访问日期和许可。
WEB-0496,web,Conflict in Middle East Could Bring ‘Dual Shock’ to Global Commodity Markets,World Bank,,06_黄金美元与储备配置,B,比较美元、短债、黄金、人民币资产与套保工具的周期性作用。,最终数据/最终数据/outputs/019f56e7-91fe-7a43-b1d0-ae50e45c9d0c/黄金价格传导链因素与时序数据_20260724.xlsx；最终数据/最终数据/outputs/019f56e7-91fe-7a43-b1d0-ae50e45c9d0c/黄金价格传导链因素与时序数据_20260724.xlsx.inspect.ndjson；最终数据/最终数据/outputs/019f56e7-91fe-7a43-b1d0-ae50e45c9d0c/金银价格波动影响因素与时序数据_20260726.xlsx；最终数据/最终数据/outputs/019f56e7-91fe-7a43-b1d0-ae50e45c9d0c/金银价格波动影响因素与时序数据_20260726.xlsx.inspect.ndjson；最终数据/最终数据/outputs/019f56e7-91fe-7a43-b1d0-ae50e45c9d0c/金银价格波动影响因素与时序数据_中文字段版_20260726.xlsx；最终数据/最终数据/outputs/019f56e7-91fe-7a43-b1d0-ae50e45c9d0c/金银价格波动影响因素与时序数据_中文字段版_20260726.xlsx.inspect.ndjson；最终数据/最终数据/outputs/019f56e7-91fe-7a43-b1d0-ae50e45c9d0c/金银价格预测_官方数据与因素台账_20260713.xlsx；最终数据/最终数据/outputs/019f56e7-91fe-7a43-b1d0-ae50e45c9d0c/金银价格预测_官方数据与因素台账_20260713.xlsx.inspect.ndjson,须以原文、数据口径、发布时间和适用许可为准；媒体或行业资料不得替代核心A级证据。,https://www.worldbank.org/en/news/press-release/2023/10/26/commodity-markets-outlook-october-2023-press-release,https://www.worldbank.org/en/news/press-release/2023/10/26/commodity-markets-outlook-october-2023-press-release,https://www.worldbank.org/en/news/press-release/2023/10/26/commodity-markets-outlook-october-2023-press-release,最终数据/最终数据/outputs/019f56e7-91fe-7a43-b1d0-ae50e45c9d0c/黄金价格传导链因素与时序数据_20260724.xlsx | 最终数据/最终数据/outputs/019f56e7-91fe-7a43-b1d0-ae50e45c9d0c/黄金价格传导链因素与时序数据_20260724.xlsx.inspect.ndjson | 最终数据/最终数据/outputs/019f56e7-91fe-7a43-b1d0-ae50e45c9d0c/金银价格波动影响因素与时序数据_20260726.xlsx | 最终数据/最终数据/outputs/019f56e7-91fe-7a43-b1d0-ae50e45c9d0c/金银价格波动影响因素与时序数据_20260726.xlsx.inspect.ndjson | 最终数据/最终数据/outputs/019f56e7-91fe-7a43-b1d0-ae50e45c9d0c/金银价格波动影响因素与时序数据_中文字段版_20260726.xlsx | 最终数据/最终数据/outputs/019f56e7-91fe-7a43-b1d0-ae50e45c9d0c/金银价格波动影响因素与时序数据_中文字段版_20260726.xlsx.inspect.ndjson | 最终数据/最终数据/outputs/019f56e7-91fe-7a43-b1d0-ae50e45c9d0c/金银价格预测_官方数据与因素台账_20260713.xlsx | 最终数据/最终数据/outputs/019f56e7-91fe-7a43-b1d0-ae50e45c9d0c/金银价格预测_官方数据与因素台账_20260713.xlsx.inspect.ndjson,最终数据/最终数据/outputs/019f56e7-91fe-7a43-b1d0-ae50e45c9d0c/黄金价格传导链因素与时序数据_20260724.xlsx:xl/worksheets/sheet4.xml | 最终数据/最终数据/outputs/019f56e7-91fe-7a43-b1d0-ae50e45c9d0c/黄金价格传导链因素与时序数据_20260724.xlsx.inspect.ndjson:630 | 最终数据/最终数据/outputs/019f56e7-91fe-7a43-b1d0-ae50e45c9d0c/金银价格波动影响因素与时序数据_20260726.xlsx:xl/worksheets/sheet4.xml | 最终数据/最终数据/outputs/019f56e7-91fe-7a43-b1d0-ae50e45c9d0c/金银价格波动影响因素与时序数据_20260726.xlsx.inspect.ndjson:720 | 最终数据/最终数据/outputs/019f56e7-91fe-7a43-b1d0-ae50e45c9d0c/金银价格波动影响因素与时序数据_中文字段版_20260726.xlsx:xl/worksheets/sheet4.xml | 最终数据/最终数据/outputs/019f56e7-91fe-7a43-b1d0-ae50e45c9d0c/金银价格波动影响因素与时序数据_中文字段版_20260726.xlsx.inspect.ndjson:720 | 最终数据/最终数据/outputs/019f56e7-91fe-7a43-b1d0-ae50e45c9d0c/金银价格预测_官方数据与因素台账_20260713.xlsx:xl/worksheets/sheet4.xml | 最终数据/最终数据/outputs/019f56e7-91fe-7a43-b1d0-ae50e45c9d0c/金银价格预测_官方数据与因素台账_20260713.xlsx.inspect.ndjson:978,,06_黄金美元与储备配置/外部原件/WEB-0496_XLSX_entry_xl_worksheets_sheet4.xml/original.html,text/html; charset=utf-8,.html,33074,eba5d8d969f0783a17fd8df87a62a2f7ce5f8e127531dd2b39e83f3c67e5aa74,,,,,,,source,DOWNLOADED_VERIFIED,200,GET,2026-08-15T19:31:36.968Z,public GET; no authentication; archive user-agent,"{""date"":""Sat, 15 Aug 2026 19:31:36 GMT"",""content_type"":""text/html; charset=utf-8"",""content_length"":"""",""last_modified"":""Tue, 11 Aug 2026 09:11:03 GMT"",""etag"":"""",""content_disposition"":"""",""cache_control"":""max-age=7200, must-revalidate""}",2026-08-16,World Bank数据条款/CC BY 4.0，第三方内容例外,https://data.worldbank.org/summary-terms-of-use,shared,,,,使用本地原件；引用时保留发布机构、原URL、访问日期和许可。
WEB-0497,web,Global Economic Prospects,World Bank,,05_全球周期与历史危机,B,识别全球经济周期、资产泡沫、信用危机、衰退与历史制度差异。,案例库/宏观危机篇/11_1994墨西哥龙舌兰危机/案例档案.md,须以原文、数据口径、发布时间和适用许可为准；媒体或行业资料不得替代核心A级证据。,https://www.worldbank.org/en/publication/global-economic-prospects,https://www.worldbank.org/en/publication/global-economic-prospects,https://www.worldbank.org/en/publication/global-economic-prospects,案例库/宏观危机篇/11_1994墨西哥龙舌兰危机/案例档案.md,案例库/宏观危机篇/11_1994墨西哥龙舌兰危机/案例档案.md:93,,05_全球周期与历史危机/外部原件/WEB-0497_5._世界银行《Global_Economic_Prospects》1995_年墨西哥_GDP_数据（-6.2%）：_/original.html,text/html;charset=utf-8,.html,167419,8fb8778bcc71249d0468150580d6b15e49192bc688a7731aaa686e04979eb8fc,,,,,,,source,DOWNLOADED_VERIFIED,200,GET,2026-08-15T19:31:37.620Z,public GET; no authentication; archive user-agent,"{""date"":""Sat, 15 Aug 2026 19:31:36 GMT"",""content_type"":""text/html;charset=utf-8"",""content_length"":"""",""last_modified"":""Mon, 10 Aug 2026 17:36:47 GMT"",""etag"":"""",""content_disposition"":"""",""cache_control"":""public, max-age=1""}",2026-08-16,World Bank数据条款/CC BY 4.0，第三方内容例外,https://data.worldbank.org/summary-terms-of-use,shared,,,,使用本地原件；引用时保留发布机构、原URL、访问日期和许可。
WEB-0498,web,Commodity Markets,World Bank,,07_会计合规与制裁,B,限定会计分类、托管、制裁、外汇管制和合法可用性边界。,案例库/地缘冲突与制裁篇/03_2024以色列-伊朗冲突/案例档案.md；案例库/地缘冲突与制裁篇/06_2014克里米亚危机-卢布暴跌/案例档案.md；案例库/宏观危机篇/12_1998俄罗斯金融危机/案例档案.md；计划书/03_多币种流动性与黄金战略储备周期配置计划书.pdf；计划书/03_多币种流动性与黄金战略储备周期配置计划书.tex；最终数据/最终数据/outputs/019f56e7-91fe-7a43-b1d0-ae50e45c9d0c/黄金价格传导链因素与时序数据_20260724.xlsx；最终数据/最终数据/outputs/019f56e7-91fe-7a43-b1d0-ae50e45c9d0c/黄金价格传导链因素与时序数据_20260724.xlsx.inspect.ndjson；最终数据/最终数据/outputs/019f56e7-91fe-7a43-b1d0-ae50e45c9d0c/金银价格波动影响因素与时序数据_20260726.xlsx,须以原文、数据口径、发布时间和适用许可为准；媒体或行业资料不得替代核心A级证据。,https://www.worldbank.org/en/research/commodity-markets,https://www.worldbank.org/en/research/commodity-markets,https://www.worldbank.org/en/research/commodity-markets,案例库/地缘冲突与制裁篇/03_2024以色列-伊朗冲突/案例档案.md | 案例库/地缘冲突与制裁篇/06_2014克里米亚危机-卢布暴跌/案例档案.md | 案例库/宏观危机篇/12_1998俄罗斯金融危机/案例档案.md | 计划书/03_多币种流动性与黄金战略储备周期配置计划书.pdf | 计划书/03_多币种流动性与黄金战略储备周期配置计划书.tex | 最终数据/最终数据/outputs/019f56e7-91fe-7a43-b1d0-ae50e45c9d0c/黄金价格传导链因素与时序数据_20260724.xlsx | 最终数据/最终数据/outputs/019f56e7-91fe-7a43-b1d0-ae50e45c9d0c/黄金价格传导链因素与时序数据_20260724.xlsx.inspect.ndjson | 最终数据/最终数据/outputs/019f56e7-91fe-7a43-b1d0-ae50e45c9d0c/金银价格波动影响因素与时序数据_20260726.xlsx | 最终数据/最终数据/outputs/019f56e7-91fe-7a43-b1d0-ae50e45c9d0c/金银价格波动影响因素与时序数据_20260726.xlsx.inspect.ndjson | 最终数据/最终数据/outputs/019f56e7-91fe-7a43-b1d0-ae50e45c9d0c/金银价格波动影响因素与时序数据_中文字段版_20260726.xlsx | 最终数据/最终数据/outputs/019f56e7-91fe-7a43-b1d0-ae50e45c9d0c/金银价格波动影响因素与时序数据_中文字段版_20260726.xlsx.inspect.ndjson | 最终数据/最终数据/research/media_sentiment_gold_paper/metadata/dataset_manifest.csv | 最终数据/最终数据/research/media_sentiment_gold_paper/outputs/019f56e7-91fe-7a43-b1d0-ae50e45c9d0c/论文数据来源与复现清单.xlsx | 最终数据/最终数据/research/media_sentiment_gold_paper/outputs/019f56e7-91fe-7a43-b1d0-ae50e45c9d0c/论文数据来源与复现清单.xlsx.inspect.ndjson | 最终数据/最终数据/research/media_sentiment_gold_paper/outputs/019f56e7-91fe-7a43-b1d0-ae50e45c9d0c/workbook_inspect.ndjson | 最终数据/最终数据/research/media_sentiment_gold_paper/README_论文学习与数据说明.md | 最终数据/最终数据/research/media_sentiment_gold_paper/scripts/build_reproducibility_package.mjs,案例库/地缘冲突与制裁篇/03_2024以色列-伊朗冲突/案例档案.md:95 | 案例库/地缘冲突与制裁篇/06_2014克里米亚危机-卢布暴跌/案例档案.md:84 | 案例库/宏观危机篇/12_1998俄罗斯金融危机/案例档案.md:97 | 计划书/03_多币种流动性与黄金战略储备周期配置计划书.pdf:annotation-36 | 计划书/03_多币种流动性与黄金战略储备周期配置计划书.pdf:annotation-37 | 计划书/03_多币种流动性与黄金战略储备周期配置计划书.pdf:annotation-38 | 计划书/03_多币种流动性与黄金战略储备周期配置计划书.tex:823 | 最终数据/最终数据/outputs/019f56e7-91fe-7a43-b1d0-ae50e45c9d0c/黄金价格传导链因素与时序数据_20260724.xlsx:xl/worksheets/sheet11.xml | 最终数据/最终数据/outputs/019f56e7-91fe-7a43-b1d0-ae50e45c9d0c/黄金价格传导链因素与时序数据_20260724.xlsx.inspect.ndjson:80405 | 最终数据/最终数据/outputs/019f56e7-91fe-7a43-b1d0-ae50e45c9d0c/金银价格波动影响因素与时序数据_20260726.xlsx:xl/worksheets/sheet12.xml | 最终数据/最终数据/outputs/019f56e7-91fe-7a43-b1d0-ae50e45c9d0c/金银价格波动影响因素与时序数据_20260726.xlsx.inspect.ndjson:91397 | 最终数据/最终数据/outputs/019f56e7-91fe-7a43-b1d0-ae50e45c9d0c/金银价格波动影响因素与时序数据_中文字段版_20260726.xlsx:xl/worksheets/sheet13.xml | 最终数据/最终数据/outputs/019f56e7-91fe-7a43-b1d0-ae50e45c9d0c/金银价格波动影响因素与时序数据_中文字段版_20260726.xlsx.inspect.ndjson:91689 | 最终数据/最终数据/research/media_sentiment_gold_paper/metadata/dataset_manifest.csv:19 | 最终数据/最终数据/research/media_sentiment_gold_paper/outputs/019f56e7-91fe-7a43-b1d0-ae50e45c9d0c/论文数据来源与复现清单.xlsx:xl/worksheets/sheet2.xml | 最终数据/最终数据/research/media_sentiment_gold_paper/outputs/019f56e7-91fe-7a43-b1d0-ae50e45c9d0c/论文数据来源与复现清单.xlsx.inspect.ndjson:79 | 最终数据/最终数据/research/media_sentiment_gold_paper/outputs/019f56e7-91fe-7a43-b1d0-ae50e45c9d0c/workbook_inspect.ndjson:5 | 最终数据/最终数据/research/media_sentiment_gold_paper/README_论文学习与数据说明.md:91 | 最终数据/最终数据/research/media_sentiment_gold_paper/scripts/build_reproducibility_package.mjs:110,,07_会计合规与制裁/外部原件/WEB-0498_8._布伦特_2024_年走势：世界银行_Pink_Sheet：_/original.html,text/html;charset=utf-8,.html,56306,784446daf44a99707abc5fa3b059233ba6ea7b6b80d0352a75825e9ee4287d17,,,,,,,source,DOWNLOADED_VERIFIED,200,GET,2026-08-15T19:31:37.621Z,public GET; no authentication; archive user-agent,"{""date"":""Sat, 15 Aug 2026 19:31:36 GMT"",""content_type"":""text/html;charset=utf-8"",""content_length"":"""",""last_modified"":""Mon, 10 Aug 2026 23:19:54 GMT"",""etag"":"""",""content_disposition"":"""",""cache_control"":""public, max-age=1""}",2026-08-16,World Bank数据条款/CC BY 4.0，第三方内容例外,https://data.worldbank.org/summary-terms-of-use,shared,,,,使用本地原件；引用时保留发布机构、原URL、访问日期和许可。
WEB-0499,web,盈科律所贷后风控要点,www.yingkelvshi.net,,08_企业案例与公开披露,D,核验企业海外收入、汇兑损益、冻结、退出和储备配置事实。,企业资产配置调研报告.md,须以原文、数据口径、发布时间和适用许可为准；媒体或行业资料不得替代核心A级证据。,https://www.yingkelvshi.net/show-m.asp?id=2947,https://www.yingkelvshi.net/show-m.asp?id=2947,,企业资产配置调研报告.md,企业资产配置调研报告.md:111 | 企业资产配置调研报告.md:111,,,,.asp,,,,,,,,,source,METADATA_ONLY_LICENSE,,NOT_REQUESTED,,public GET; no authentication; archive user-agent,,2026-08-16,许可未明确，默认仅保存元数据,,metadata_only,,,,保留元数据和原链接，不抓取或再分发正文。
WEB-0500,web,中国清算网典型案例，2021,www.yunqingsuan.com,,08_企业案例与公开披露,D,核验企业海外收入、汇兑损益、冻结、退出和储备配置事实。,企业资产配置调研报告.md,须以原文、数据口径、发布时间和适用许可为准；媒体或行业资料不得替代核心A级证据。,https://www.yunqingsuan.com/html/yqs/news/63/87563.html,https://www.yunqingsuan.com/html/yqs/news/63/87563.html,,企业资产配置调研报告.md,企业资产配置调研报告.md:54 | 企业资产配置调研报告.md:54,,,,.html,,,,,,,,,source,METADATA_ONLY_LICENSE,,NOT_REQUESTED,,public GET; no authentication; archive user-agent,,2026-08-16,许可未明确，默认仅保存元数据,,metadata_only,,,,保留元数据和原链接，不抓取或再分发正文。
WEB-0501,web,Research Affiliates，2021,www.zhitongcaijing.com,,08_企业案例与公开披露,D,核验企业海外收入、汇兑损益、冻结、退出和储备配置事实。,企业资产配置调研报告.md,须以原文、数据口径、发布时间和适用许可为准；媒体或行业资料不得替代核心A级证据。,https://www.zhitongcaijing.com/content/detail/491607.html,https://www.zhitongcaijing.com/content/detail/491607.html,,企业资产配置调研报告.md,企业资产配置调研报告.md:141 | 企业资产配置调研报告.md:141,,,,.html,,,,,,,,,source,METADATA_ONLY_LICENSE,,NOT_REQUESTED,,public GET; no authentication; archive user-agent,,2026-08-16,许可未明确，默认仅保存元数据,,metadata_only,,,,保留元数据和原链接，不抓取或再分发正文。
WEB-0502,web,北京日报，2025-02,xinwen.bjd.com.cn,,08_企业案例与公开披露,D,核验企业海外收入、汇兑损益、冻结、退出和储备配置事实。,企业资产配置调研报告.md,须以原文、数据口径、发布时间和适用许可为准；媒体或行业资料不得替代核心A级证据。,https://xinwen.bjd.com.cn/content/s67a5ceb2e4b08edd28f4c180.html,https://xinwen.bjd.com.cn/content/s67a5ceb2e4b08edd28f4c180.html,,企业资产配置调研报告.md,企业资产配置调研报告.md:71 | 企业资产配置调研报告.md:71,,,,.html,,,,,,,,,source,METADATA_ONLY_LICENSE,,NOT_REQUESTED,,public GET; no authentication; archive user-agent,,2026-08-16,许可未明确，默认仅保存元数据,,metadata_only,,,,保留元数据和原链接，不抓取或再分发正文。
WEB-0503,web,雪球研究，2025,xueqiu.com,,08_企业案例与公开披露,D,核验企业海外收入、汇兑损益、冻结、退出和储备配置事实。,企业资产配置调研报告.md,须以原文、数据口径、发布时间和适用许可为准；媒体或行业资料不得替代核心A级证据。,https://xueqiu.com/1859186301/332846795,https://xueqiu.com/1859186301/332846795,,企业资产配置调研报告.md,企业资产配置调研报告.md:158 | 企业资产配置调研报告.md:158,,,,,,,,,,,,,source,METADATA_ONLY_LICENSE,,NOT_REQUESTED,,public GET; no authentication; archive user-agent,,2026-08-16,新闻/媒体版权，默认仅保存元数据,,metadata_only,,,,保留元数据和原链接，不抓取或再分发正文。
WEB-0504,web,金融监管总局数据，2026,xueqiu.com,,08_企业案例与公开披露,D,核验企业海外收入、汇兑损益、冻结、退出和储备配置事实。,企业资产配置调研报告.md,须以原文、数据口径、发布时间和适用许可为准；媒体或行业资料不得替代核心A级证据。,https://xueqiu.com/3145432369/377457302,https://xueqiu.com/3145432369/377457302,,企业资产配置调研报告.md,企业资产配置调研报告.md:70 | 企业资产配置调研报告.md:70,,,,,,,,,,,,,source,METADATA_ONLY_LICENSE,,NOT_REQUESTED,,public GET; no authentication; archive user-agent,,2026-08-16,新闻/媒体版权，默认仅保存元数据,,metadata_only,,,,保留元数据和原链接，不抓取或再分发正文。
WEB-0505,web,监管指引整理,xueqiu.com,,08_企业案例与公开披露,D,核验企业海外收入、汇兑损益、冻结、退出和储备配置事实。,企业资产配置调研报告.md,须以原文、数据口径、发布时间和适用许可为准；媒体或行业资料不得替代核心A级证据。,https://xueqiu.com/3410678413/223931252,https://xueqiu.com/3410678413/223931252,,企业资产配置调研报告.md,企业资产配置调研报告.md:146 | 企业资产配置调研报告.md:146,,,,,,,,,,,,,source,METADATA_ONLY_LICENSE,,NOT_REQUESTED,,public GET; no authentication; archive user-agent,,2026-08-16,新闻/媒体版权，默认仅保存元数据,,metadata_only,,,,保留元数据和原链接，不抓取或再分发正文。
WEB-0506,web,证券时报·数据宝，2021,xueqiu.com,,08_企业案例与公开披露,D,核验企业海外收入、汇兑损益、冻结、退出和储备配置事实。,企业资产配置调研报告.md,须以原文、数据口径、发布时间和适用许可为准；媒体或行业资料不得替代核心A级证据。,https://xueqiu.com/6089013236/178955965,https://xueqiu.com/6089013236/178955965,,企业资产配置调研报告.md,企业资产配置调研报告.md:32 | 企业资产配置调研报告.md:32 | 企业资产配置调研报告.md:36 | 企业资产配置调研报告.md:36,,,,,,,,,,,,,source,METADATA_ONLY_LICENSE,,NOT_REQUESTED,,public GET; no authentication; archive user-agent,,2026-08-16,新闻/媒体版权，默认仅保存元数据,,metadata_only,,,,保留元数据和原链接，不抓取或再分发正文。
WEB-0507,web,xueshu.baidu.com 来源资料（WEB-0507）,xueshu.baidu.com,,06_黄金美元与储备配置,D,比较美元、短债、黄金、人民币资产与套保工具的周期性作用。,最终数据/最终数据/research/media_sentiment_gold_paper/metadata/europepmc_fulltext.xml,须以原文、数据口径、发布时间和适用许可为准；媒体或行业资料不得替代核心A级证据。,https://xueshu.baidu.com/ndscholar/browse/detail?paperid=a3f467ded7447d54b618d2c3335d37f3&amp;site=xueshu_se,https://xueshu.baidu.com/ndscholar/browse/detail?paperid=a3f467ded7447d54b618d2c3335d37f3&site=xueshu_se,,最终数据/最终数据/research/media_sentiment_gold_paper/metadata/europepmc_fulltext.xml,最终数据/最终数据/research/media_sentiment_gold_paper/metadata/europepmc_fulltext.xml:112,,,,,,,,,,,,,source,METADATA_ONLY_LICENSE,,NOT_REQUESTED,,public GET; no authentication; archive user-agent,,2026-08-16,许可未明确，默认仅保存元数据,,metadata_only,,,,保留元数据和原链接，不抓取或再分发正文。
REF-0001,bibliographic_reference,40国候选样本数据接口预审记录,题录发布者待核验,,07_会计合规与制裁,D,限定会计分类、托管、制裁、外汇管制和合法可用性边界。,计划书/references.bib,历史文件只留下题录而没有可验证URL或DOI；取得原件前只能作为检索线索。,,,,计划书/references.bib,计划书/references.bib:186,,,,,,,,,,,,,bibliographic_metadata,MANUAL_ACTION_REQUIRED,,NOT_REQUESTED,,,,2026-08-16,许可与公开状态待定位原件后确认,,metadata_only,,,无URL/DOI题录，未自动下载。,按题名、作者和年份检索权威原文；取得后登记URL、许可、文件哈希和证据等级。
