asset_id,archive_run_id_v10,old_download_status,title,publisher,category,evidence_grade,redistribution_scope,content_type,required_fields,data_usage,preferred_endpoint,request_parameters,extraction_method,raw_local_path,extracted_local_path,target_table,smartbi_page,acceptance_rule,replacement_source,acquisition_state,content_state,extraction_state,formal_use_state,failure_reason,owner,next_action,final_status,reviewed_at
LCL-0001,20260816_research_archive_v1,EXCLUDED_SECRET,~$XH-202612比赛硬性要求与评分标准_含技术方案.xlsx,项目已有资料,01_比赛与项目基线,内部,metadata_only,NOT_ACQUIRED,source_registry: 平台版本、导入能力、ETL、模型、AIChat、XML、评分条款；case_evidence: 案例ID、事件簇、命题角色、关键事实、来源等级、页码、复核状态,确认赛题约束、评分规则、项目边界和原始需求。,,公开GET；具体API查询参数在正式source_registry冻结；禁止认证信息落盘。,表头、工作表、单位、日期、主键和来源字段解析,,,source_registry | case_evidence,通用交付与评分证据 | DB05 决策、约束与证据中心,取得状态、内容可用性、提取状态和正式用途四态齐全；不得单独支撑核心结论。,,NOT_APPLICABLE,NOT_ACQUIRED,FAILED,EXCLUDED,Cookie、认证痕迹或Office锁文件不属于研究资料，禁止封装。,B,仅保留元数据；正式分析改用许可允许的权威替代源。,NOT_APPLICABLE|NOT_ACQUIRED|FAILED|EXCLUDED,2026-08-16T09:22:23.174Z
LCL-0081,20260816_research_archive_v1,ALREADY_LOCAL_VERIFIED,最终数据.zip,项目已有资料,01_比赛与项目基线,内部,metadata_only,NOT_ACQUIRED,source_registry: 平台版本、导入能力、ETL、模型、AIChat、XML、评分条款；case_evidence: 案例ID、事件簇、命题角色、关键事实、来源等级、页码、复核状态,确认赛题约束、评分规则、项目边界和原始需求。,,公开GET；具体API查询参数在正式source_registry冻结；禁止认证信息落盘。,按MIME与用途读取,,,source_registry | case_evidence,通用交付与评分证据 | DB05 决策、约束与证据中心,取得状态、内容可用性、提取状态和正式用途四态齐全；不得单独支撑核心结论。,,NOT_ACQUIRED,NOT_ACQUIRED,FAILED,EXCLUDED,,B,仅保留元数据；正式分析改用许可允许的权威替代源。,NOT_ACQUIRED|NOT_ACQUIRED|FAILED|EXCLUDED,2026-08-16T09:22:23.182Z
LCL-0119,20260816_research_archive_v1,DUPLICATE_CONTENT,01_金银传导链.png,项目已有资料,10_数据集原件与说明,内部,shared,LOCAL_ASSET,case_evidence: 案例ID、事件簇、命题角色、关键事实、来源等级、页码、复核状态,保存既有原始数据、代理数据、质量检查、字段说明和复现记录。,,公开GET；具体API查询参数在正式source_registry冻结；禁止认证信息落盘。,按MIME与用途读取,10_数据集原件与说明/本地原件/最终数据/最终数据/outputs/019f56e7-91fe-7a43-b1d0-ae50e45c9d0c/gold_silver_chinese_previews/01_金银传导链.png,,case_evidence,DB05 决策、约束与证据中心,取得状态、内容可用性、提取状态和正式用途四态齐全；不得单独支撑核心结论。,LCL-0105,ACQUIRED,LOCAL_ASSET,NOT_REQUIRED,REPLACED,,B,使用替代来源：LCL-0105,ACQUIRED|LOCAL_ASSET|NOT_REQUIRED|REPLACED,2026-08-16T09:22:23.185Z
LCL-0120,20260816_research_archive_v1,DUPLICATE_CONTENT,02_金银因素表.png,项目已有资料,10_数据集原件与说明,内部,shared,LOCAL_ASSET,case_evidence: 案例ID、事件簇、命题角色、关键事实、来源等级、页码、复核状态,保存既有原始数据、代理数据、质量检查、字段说明和复现记录。,,公开GET；具体API查询参数在正式source_registry冻结；禁止认证信息落盘。,按MIME与用途读取,10_数据集原件与说明/本地原件/最终数据/最终数据/outputs/019f56e7-91fe-7a43-b1d0-ae50e45c9d0c/gold_silver_chinese_previews/02_金银因素表.png,,case_evidence,DB05 决策、约束与证据中心,取得状态、内容可用性、提取状态和正式用途四态齐全；不得单独支撑核心结论。,LCL-0106,ACQUIRED,LOCAL_ASSET,NOT_REQUIRED,REPLACED,,B,使用替代来源：LCL-0106,ACQUIRED|LOCAL_ASSET|NOT_REQUIRED|REPLACED,2026-08-16T09:22:23.186Z
LCL-0123,20260816_research_archive_v1,DUPLICATE_CONTENT,06_SGE原始日行情.png,项目已有资料,10_数据集原件与说明,内部,shared,LOCAL_ASSET,asset_monthly_return: 月份、资产、计价口径、价格、收益、成本、来源版本；case_evidence: 案例ID、事件簇、命题角色、关键事实、来源等级、页码、复核状态,保存既有原始数据、代理数据、质量检查、字段说明和复现记录。,,公开GET；具体API查询参数在正式source_registry冻结；禁止认证信息落盘。,按MIME与用途读取,10_数据集原件与说明/本地原件/最终数据/最终数据/outputs/019f56e7-91fe-7a43-b1d0-ae50e45c9d0c/gold_factor_previews/06_SGE原始日行情.png,,asset_monthly_return | case_evidence,DB04 多币种—黄金周期实验室 | DB05 决策、约束与证据中心,取得状态、内容可用性、提取状态和正式用途四态齐全；不得单独支撑核心结论。,LCL-0095,ACQUIRED,LOCAL_ASSET,NOT_REQUIRED,REPLACED,,B,使用替代来源：LCL-0095,ACQUIRED|LOCAL_ASSET|NOT_REQUIRED|REPLACED,2026-08-16T09:22:23.186Z
LCL-0124,20260816_research_archive_v1,DUPLICATE_CONTENT,07_FRED日度原始.png,项目已有资料,10_数据集原件与说明,内部,shared,LOCAL_ASSET,asset_monthly_return: 月份、资产、计价口径、价格、收益、成本、来源版本；case_evidence: 案例ID、事件簇、命题角色、关键事实、来源等级、页码、复核状态,保存既有原始数据、代理数据、质量检查、字段说明和复现记录。,,公开GET；具体API查询参数在正式source_registry冻结；禁止认证信息落盘。,按MIME与用途读取,10_数据集原件与说明/本地原件/最终数据/最终数据/outputs/019f56e7-91fe-7a43-b1d0-ae50e45c9d0c/gold_factor_previews/07_FRED日度原始.png,,asset_monthly_return | case_evidence,DB04 多币种—黄金周期实验室 | DB05 决策、约束与证据中心,取得状态、内容可用性、提取状态和正式用途四态齐全；不得单独支撑核心结论。,LCL-0096,ACQUIRED,LOCAL_ASSET,NOT_REQUIRED,REPLACED,,B,使用替代来源：LCL-0096,ACQUIRED|LOCAL_ASSET|NOT_REQUIRED|REPLACED,2026-08-16T09:22:23.186Z
LCL-0125,20260816_research_archive_v1,DUPLICATE_CONTENT,08_CFTC周度持仓.png,项目已有资料,10_数据集原件与说明,内部,shared,LOCAL_ASSET,case_evidence: 案例ID、事件簇、命题角色、关键事实、来源等级、页码、复核状态,保存既有原始数据、代理数据、质量检查、字段说明和复现记录。,,公开GET；具体API查询参数在正式source_registry冻结；禁止认证信息落盘。,按MIME与用途读取,10_数据集原件与说明/本地原件/最终数据/最终数据/outputs/019f56e7-91fe-7a43-b1d0-ae50e45c9d0c/gold_factor_previews/08_CFTC周度持仓.png,,case_evidence,DB05 决策、约束与证据中心,取得状态、内容可用性、提取状态和正式用途四态齐全；不得单独支撑核心结论。,LCL-0097,ACQUIRED,LOCAL_ASSET,NOT_REQUIRED,REPLACED,,B,使用替代来源：LCL-0097,ACQUIRED|LOCAL_ASSET|NOT_REQUIRED|REPLACED,2026-08-16T09:22:23.186Z
LCL-0126,20260816_research_archive_v1,DUPLICATE_CONTENT,09_金银月度主表.png,项目已有资料,10_数据集原件与说明,内部,shared,LOCAL_ASSET,case_evidence: 案例ID、事件簇、命题角色、关键事实、来源等级、页码、复核状态,保存既有原始数据、代理数据、质量检查、字段说明和复现记录。,,公开GET；具体API查询参数在正式source_registry冻结；禁止认证信息落盘。,按MIME与用途读取,10_数据集原件与说明/本地原件/最终数据/最终数据/outputs/019f56e7-91fe-7a43-b1d0-ae50e45c9d0c/gold_factor_previews/09_月度研究主表.png,,case_evidence,DB05 决策、约束与证据中心,取得状态、内容可用性、提取状态和正式用途四态齐全；不得单独支撑核心结论。,LCL-0098,ACQUIRED,LOCAL_ASSET,NOT_REQUIRED,REPLACED,,B,使用替代来源：LCL-0098,ACQUIRED|LOCAL_ASSET|NOT_REQUIRED|REPLACED,2026-08-16T09:22:23.186Z
LCL-0127,20260816_research_archive_v1,DUPLICATE_CONTENT,10_GPR月度.png,项目已有资料,10_数据集原件与说明,内部,shared,LOCAL_ASSET,case_evidence: 案例ID、事件簇、命题角色、关键事实、来源等级、页码、复核状态,保存既有原始数据、代理数据、质量检查、字段说明和复现记录。,,公开GET；具体API查询参数在正式source_registry冻结；禁止认证信息落盘。,按MIME与用途读取,10_数据集原件与说明/本地原件/最终数据/最终数据/outputs/019f56e7-91fe-7a43-b1d0-ae50e45c9d0c/gold_factor_previews/10_GPR月度.png,,case_evidence,DB05 决策、约束与证据中心,取得状态、内容可用性、提取状态和正式用途四态齐全；不得单独支撑核心结论。,LCL-0099,ACQUIRED,LOCAL_ASSET,NOT_REQUIRED,REPLACED,,B,使用替代来源：LCL-0099,ACQUIRED|LOCAL_ASSET|NOT_REQUIRED|REPLACED,2026-08-16T09:22:23.186Z
LCL-0129,20260816_research_archive_v1,DUPLICATE_CONTENT,12_来源与口径.png,项目已有资料,10_数据集原件与说明,内部,shared,LOCAL_ASSET,case_evidence: 案例ID、事件簇、命题角色、关键事实、来源等级、页码、复核状态,保存既有原始数据、代理数据、质量检查、字段说明和复现记录。,,公开GET；具体API查询参数在正式source_registry冻结；禁止认证信息落盘。,按MIME与用途读取,10_数据集原件与说明/本地原件/最终数据/最终数据/outputs/019f56e7-91fe-7a43-b1d0-ae50e45c9d0c/gold_silver_chinese_previews/12_来源与口径.png,,case_evidence,DB05 决策、约束与证据中心,取得状态、内容可用性、提取状态和正式用途四态齐全；不得单独支撑核心结论。,LCL-0116,ACQUIRED,LOCAL_ASSET,NOT_REQUIRED,REPLACED,,B,使用替代来源：LCL-0116,ACQUIRED|LOCAL_ASSET|NOT_REQUIRED|REPLACED,2026-08-16T09:22:23.187Z
LCL-0148,20260816_research_archive_v1,EXCLUDED_SECRET,~$China_Mainland_Paper_EPU.xlsx,项目已有资料,10_数据集原件与说明,内部,metadata_only,NOT_ACQUIRED,case_evidence: 案例ID、事件簇、命题角色、关键事实、来源等级、页码、复核状态,保存既有原始数据、代理数据、质量检查、字段说明和复现记录。,,公开GET；具体API查询参数在正式source_registry冻结；禁止认证信息落盘。,表头、工作表、单位、日期、主键和来源字段解析,,,case_evidence,DB05 决策、约束与证据中心,取得状态、内容可用性、提取状态和正式用途四态齐全；不得单独支撑核心结论。,,NOT_APPLICABLE,NOT_ACQUIRED,FAILED,EXCLUDED,Cookie、认证痕迹或Office锁文件不属于研究资料，禁止封装。,B,仅保留元数据；正式分析改用许可允许的权威替代源。,NOT_APPLICABLE|NOT_ACQUIRED|FAILED|EXCLUDED,2026-08-16T09:22:23.188Z
LCL-0156,20260816_research_archive_v1,ALREADY_LOCAL_VERIFIED,heywhale_dataset_page.html,项目已有资料,10_数据集原件与说明,内部,private_only,EMPTY_SHELL,case_evidence: 案例ID、事件簇、命题角色、关键事实、来源等级、页码、复核状态,保存既有原始数据、代理数据、质量检查、字段说明和复现记录。,,公开GET；具体API查询参数在正式source_registry冻结；禁止认证信息落盘。,HTML表格: cheerio；正文: Readability+Markdown；动态页: 公开API/人工任务卡,10_数据集原件与说明/本地原件/最终数据/最终数据/research/media_sentiment_gold_paper/metadata/heywhale_dataset_page.html,,case_evidence,DB05 决策、约束与证据中心,取得状态、内容可用性、提取状态和正式用途四态齐全；不得单独支撑核心结论。,,ACQUIRED,EMPTY_SHELL,FAILED,EXCLUDED,EMPTY_SHELL,B,补充权威替代来源；无法取得时删除相应字段和结论承诺。,ACQUIRED|EMPTY_SHELL|FAILED|EXCLUDED,2026-08-16T09:22:23.189Z
LCL-0162,20260816_research_archive_v1,EXCLUDED_SECRET,weebly_cookies.txt,项目已有资料,10_数据集原件与说明,内部,metadata_only,NOT_ACQUIRED,case_evidence: 案例ID、事件簇、命题角色、关键事实、来源等级、页码、复核状态,保存既有原始数据、代理数据、质量检查、字段说明和复现记录。,,公开GET；具体API查询参数在正式source_registry冻结；禁止认证信息落盘。,按MIME与用途读取,,,case_evidence,DB05 决策、约束与证据中心,取得状态、内容可用性、提取状态和正式用途四态齐全；不得单独支撑核心结论。,,NOT_APPLICABLE,NOT_ACQUIRED,FAILED,EXCLUDED,Cookie、认证痕迹或Office锁文件不属于研究资料，禁止封装。,B,仅保留元数据；正式分析改用许可允许的权威替代源。,NOT_APPLICABLE|NOT_ACQUIRED|FAILED|EXCLUDED,2026-08-16T09:22:23.189Z
LCL-0163,20260816_research_archive_v1,EXCLUDED_SECRET,~$论文数据来源与复现清单.xlsx,项目已有资料,10_数据集原件与说明,内部,metadata_only,NOT_ACQUIRED,case_evidence: 案例ID、事件簇、命题角色、关键事实、来源等级、页码、复核状态,保存既有原始数据、代理数据、质量检查、字段说明和复现记录。,,公开GET；具体API查询参数在正式source_registry冻结；禁止认证信息落盘。,表头、工作表、单位、日期、主键和来源字段解析,,,case_evidence,DB05 决策、约束与证据中心,取得状态、内容可用性、提取状态和正式用途四态齐全；不得单独支撑核心结论。,,NOT_APPLICABLE,NOT_ACQUIRED,FAILED,EXCLUDED,Cookie、认证痕迹或Office锁文件不属于研究资料，禁止封装。,B,仅保留元数据；正式分析改用许可允许的权威替代源。,NOT_APPLICABLE|NOT_ACQUIRED|FAILED|EXCLUDED,2026-08-16T09:22:23.189Z
WEB-0001,20260816_research_archive_v1,METADATA_ONLY_LICENSE,5. 中国建设银行，2013年8月，《2013年上半年黄金市场回顾与预判》——6月20日美联储声明后金价单日跌5%,ccb.com,05_全球周期与历史危机,D,metadata_only,NOT_ACQUIRED,asset_monthly_return: 月份、资产、计价口径、价格、收益、成本、来源版本；case_evidence: 案例ID、事件簇、命题角色、关键事实、来源等级、页码、复核状态；historical_crisis_event: 历史事件、制度环境、政策节点、起止期、可比性、黄金与美元表现；global_cycle_month: 月份、工业生产、失业、CPI、利率、利差、美元、金融条件、市场回撤、周期标签,识别全球经济周期、资产泡沫、信用危机、衰退与历史制度差异。,http://ccb.com/cn/ccbtoday/jhbkhb/20130813_1376363753.html,公开GET；具体API查询参数在正式source_registry冻结；禁止认证信息落盘。,HTML表格: cheerio；正文: Readability+Markdown；动态页: 公开API/人工任务卡,,,asset_monthly_return | case_evidence | historical_crisis_event | global_cycle_month,DB04 多币种—黄金周期实验室 | DB05 决策、约束与证据中心 | DB06 全球周期与历史危机,取得状态、内容可用性、提取状态和正式用途四态齐全；不得单独支撑核心结论。,,NOT_APPLICABLE,NOT_ACQUIRED,FAILED,EXCLUDED,NOT_ACQUIRED,B,仅保留元数据；正式分析改用许可允许的权威替代源。,NOT_APPLICABLE|NOT_ACQUIRED|FAILED|EXCLUDED,2026-08-16T09:22:23.191Z
WEB-0003,20260816_research_archive_v1,METADATA_ONLY_LICENSE,"4. 人民网财经，2013年4月22日，""黄金暴跌美联储和高盛难逃操纵嫌疑""——4月12日-5.03%、4月15日-9.09%为30年最大单日跌幅",finance.people.com.cn,05_全球周期与历史危机,D,metadata_only,NOT_ACQUIRED,asset_monthly_return: 月份、资产、计价口径、价格、收益、成本、来源版本；case_evidence: 案例ID、事件簇、命题角色、关键事实、来源等级、页码、复核状态；historical_crisis_event: 历史事件、制度环境、政策节点、起止期、可比性、黄金与美元表现；global_cycle_month: 月份、工业生产、失业、CPI、利率、利差、美元、金融条件、市场回撤、周期标签,识别全球经济周期、资产泡沫、信用危机、衰退与历史制度差异。,http://finance.people.com.cn/stock/n/2013/0422/c67815-21224610.html,公开GET；具体API查询参数在正式source_registry冻结；禁止认证信息落盘。,HTML表格: cheerio；正文: Readability+Markdown；动态页: 公开API/人工任务卡,,,asset_monthly_return | case_evidence | historical_crisis_event | global_cycle_month,DB04 多币种—黄金周期实验室 | DB05 决策、约束与证据中心 | DB06 全球周期与历史危机,取得状态、内容可用性、提取状态和正式用途四态齐全；不得单独支撑核心结论。,,NOT_APPLICABLE,NOT_ACQUIRED,FAILED,EXCLUDED,NOT_ACQUIRED,B,仅保留元数据；正式分析改用许可允许的权威替代源。,NOT_APPLICABLE|NOT_ACQUIRED|FAILED|EXCLUDED,2026-08-16T09:22:23.191Z
WEB-0004,20260816_research_archive_v1,METADATA_ONLY_LICENSE,贷后预警信号清单（120 项）,mp.weixin.qq.com,08_企业案例与公开披露,D,metadata_only,NOT_ACQUIRED,company_overseas_exposure: 企业、财年、海外收入、披露地区、汇兑损益、外币资产负债、套保、现金、授信、页码；country_event: 事件ID、国家、类型、起止月、触发值、证据等级、决策时可知性；asset_monthly_return: 月份、资产、计价口径、价格、收益、成本、来源版本；portfolio_scenario: 情景、周期、权重、成本、流动性、CVaR、回撤、合法可用比例,核验企业海外收入、汇兑损益、冻结、退出和储备配置事实。,http://mp.weixin.qq.com/s?__biz=MzA5MzEwODIxMQ%3D%3D&mid=2247576958&idx=1&sn=05edc03f5edfd6117c09ff9d91fdf54b,公开GET；具体API查询参数在正式source_registry冻结；禁止认证信息落盘。,按MIME与用途读取,,,company_overseas_exposure | country_event | asset_monthly_return | portfolio_scenario,DB03 中国企业海外风险 | DB02 国别与危机下钻 | DB04 多币种—黄金周期实验室 | DB04/DB05 配置与约束,取得状态、内容可用性、提取状态和正式用途四态齐全；不得单独支撑核心结论。,,NOT_APPLICABLE,NOT_ACQUIRED,FAILED,EXCLUDED,,D,仅保留元数据；正式分析改用许可允许的权威替代源。,NOT_APPLICABLE|NOT_ACQUIRED|FAILED|EXCLUDED,2026-08-16T09:22:23.191Z
WEB-0005,20260816_research_archive_v1,METADATA_ONLY_LICENSE,purl.org 来源资料（WEB-0005）,purl.org,06_黄金美元与储备配置,D,metadata_only,NOT_ACQUIRED,asset_monthly_return: 月份、资产、计价口径、价格、收益、成本、来源版本；portfolio_scenario: 情景、周期、权重、成本、流动性、CVaR、回撤、合法可用比例,比较美元、短债、黄金、人民币资产与套保工具的周期性作用。,http://purl.org/dc/dcmitype,公开GET；具体API查询参数在正式source_registry冻结；禁止认证信息落盘。,按MIME与用途读取,,,asset_monthly_return | portfolio_scenario,DB04 多币种—黄金周期实验室 | DB04/DB05 配置与约束,取得状态、内容可用性、提取状态和正式用途四态齐全；不得单独支撑核心结论。,,NOT_APPLICABLE,NOT_ACQUIRED,FAILED,EXCLUDED,,B,仅保留元数据；正式分析改用许可允许的权威替代源。,NOT_APPLICABLE|NOT_ACQUIRED|FAILED|EXCLUDED,2026-08-16T09:22:23.191Z
WEB-0006,20260816_research_archive_v1,METADATA_ONLY_LICENSE,purl.org 来源资料（WEB-0006）,purl.org,06_黄金美元与储备配置,D,metadata_only,NOT_ACQUIRED,asset_monthly_return: 月份、资产、计价口径、价格、收益、成本、来源版本；portfolio_scenario: 情景、周期、权重、成本、流动性、CVaR、回撤、合法可用比例,比较美元、短债、黄金、人民币资产与套保工具的周期性作用。,http://purl.org/dc/elements/1.1,公开GET；具体API查询参数在正式source_registry冻结；禁止认证信息落盘。,按MIME与用途读取,,,asset_monthly_return | portfolio_scenario,DB04 多币种—黄金周期实验室 | DB04/DB05 配置与约束,取得状态、内容可用性、提取状态和正式用途四态齐全；不得单独支撑核心结论。,,NOT_APPLICABLE,NOT_ACQUIRED,FAILED,EXCLUDED,,B,仅保留元数据；正式分析改用许可允许的权威替代源。,NOT_APPLICABLE|NOT_ACQUIRED|FAILED|EXCLUDED,2026-08-16T09:22:23.191Z
WEB-0007,20260816_research_archive_v1,METADATA_ONLY_LICENSE,purl.org 来源资料（WEB-0007）,purl.org,06_黄金美元与储备配置,D,metadata_only,NOT_ACQUIRED,asset_monthly_return: 月份、资产、计价口径、价格、收益、成本、来源版本；portfolio_scenario: 情景、周期、权重、成本、流动性、CVaR、回撤、合法可用比例,比较美元、短债、黄金、人民币资产与套保工具的周期性作用。,http://purl.org/dc/terms,公开GET；具体API查询参数在正式source_registry冻结；禁止认证信息落盘。,按MIME与用途读取,,,asset_monthly_return | portfolio_scenario,DB04 多币种—黄金周期实验室 | DB04/DB05 配置与约束,取得状态、内容可用性、提取状态和正式用途四态齐全；不得单独支撑核心结论。,,NOT_APPLICABLE,NOT_ACQUIRED,FAILED,EXCLUDED,,B,仅保留元数据；正式分析改用许可允许的权威替代源。,NOT_APPLICABLE|NOT_ACQUIRED|FAILED|EXCLUDED,2026-08-16T09:22:23.191Z
WEB-0008,20260816_research_archive_v1,DOWNLOADED_VERIFIED,中国期货业协会分析框架，2022,www.cfachina.org,08_企业案例与公开披露,D,private_only,DOCUMENT_LOCAL,company_overseas_exposure: 企业、财年、海外收入、披露地区、汇兑损益、外币资产负债、套保、现金、授信、页码；country_event: 事件ID、国家、类型、起止月、触发值、证据等级、决策时可知性；asset_monthly_return: 月份、资产、计价口径、价格、收益、成本、来源版本；portfolio_scenario: 情景、周期、权重、成本、流动性、CVaR、回撤、合法可用比例,核验企业海外收入、汇兑损益、冻结、退出和储备配置事实。,http://www.cfachina.org/servicesupport/analygarden/jrl/fxszh6/202207/P020220713595644967146.pdf,公开GET；具体API查询参数在正式source_registry冻结；禁止认证信息落盘。,pdftotext/OCR候选+页码双人复核,08_企业案例与公开披露/外部原件/WEB-0008_中国期货业协会分析框架，2022/original.pdf,,company_overseas_exposure | country_event | asset_monthly_return | portfolio_scenario,DB03 中国企业海外风险 | DB02 国别与危机下钻 | DB04 多币种—黄金周期实验室 | DB04/DB05 配置与约束,取得状态、内容可用性、提取状态和正式用途四态齐全；不得单独支撑核心结论。,,ACQUIRED,DOCUMENT_LOCAL,NOT_REQUIRED,EXCLUDED,,D,补充权威替代来源；无法取得时删除相应字段和结论承诺。,ACQUIRED|DOCUMENT_LOCAL|NOT_REQUIRED|EXCLUDED,2026-08-16T09:22:23.191Z
WEB-0009,20260816_research_archive_v1,METADATA_ONLY_LICENSE,经济观察网，2021,www.eeo.com.cn,08_企业案例与公开披露,D,metadata_only,NOT_ACQUIRED,company_overseas_exposure: 企业、财年、海外收入、披露地区、汇兑损益、外币资产负债、套保、现金、授信、页码；country_event: 事件ID、国家、类型、起止月、触发值、证据等级、决策时可知性；asset_monthly_return: 月份、资产、计价口径、价格、收益、成本、来源版本；portfolio_scenario: 情景、周期、权重、成本、流动性、CVaR、回撤、合法可用比例,核验企业海外收入、汇兑损益、冻结、退出和储备配置事实。,http://www.eeo.com.cn/2021/0927/506013.shtml,公开GET；具体API查询参数在正式source_registry冻结；禁止认证信息落盘。,按MIME与用途读取,,,company_overseas_exposure | country_event | asset_monthly_return | portfolio_scenario,DB03 中国企业海外风险 | DB02 国别与危机下钻 | DB04 多币种—黄金周期实验室 | DB04/DB05 配置与约束,取得状态、内容可用性、提取状态和正式用途四态齐全；不得单独支撑核心结论。,,NOT_APPLICABLE,NOT_ACQUIRED,FAILED,EXCLUDED,,D,仅保留元数据；正式分析改用许可允许的权威替代源。,NOT_APPLICABLE|NOT_ACQUIRED|FAILED|EXCLUDED,2026-08-16T09:22:23.191Z
WEB-0010,20260816_research_archive_v1,METADATA_ONLY_LICENSE,《金融研究》论文,www.jryj.org.cn,08_企业案例与公开披露,D,metadata_only,NOT_ACQUIRED,company_overseas_exposure: 企业、财年、海外收入、披露地区、汇兑损益、外币资产负债、套保、现金、授信、页码；country_event: 事件ID、国家、类型、起止月、触发值、证据等级、决策时可知性；asset_monthly_return: 月份、资产、计价口径、价格、收益、成本、来源版本；portfolio_scenario: 情景、周期、权重、成本、流动性、CVaR、回撤、合法可用比例,核验企业海外收入、汇兑损益、冻结、退出和储备配置事实。,http://www.jryj.org.cn/CN/article/downloadArticleFile.do?attachType=PDF&id=1090,公开GET；具体API查询参数在正式source_registry冻结；禁止认证信息落盘。,按MIME与用途读取,,,company_overseas_exposure | country_event | asset_monthly_return | portfolio_scenario,DB03 中国企业海外风险 | DB02 国别与危机下钻 | DB04 多币种—黄金周期实验室 | DB04/DB05 配置与约束,取得状态、内容可用性、提取状态和正式用途四态齐全；不得单独支撑核心结论。,,NOT_APPLICABLE,NOT_ACQUIRED,FAILED,EXCLUDED,,D,仅保留元数据；正式分析改用许可允许的权威替代源。,NOT_APPLICABLE|NOT_ACQUIRED|FAILED|EXCLUDED,2026-08-16T09:22:23.191Z
WEB-0012,20260816_research_archive_v1,METADATA_ONLY_LICENSE,票据承兑资讯，2022,www.piaofengzixun.com,08_企业案例与公开披露,D,metadata_only,NOT_ACQUIRED,company_overseas_exposure: 企业、财年、海外收入、披露地区、汇兑损益、外币资产负债、套保、现金、授信、页码；country_event: 事件ID、国家、类型、起止月、触发值、证据等级、决策时可知性；asset_monthly_return: 月份、资产、计价口径、价格、收益、成本、来源版本；portfolio_scenario: 情景、周期、权重、成本、流动性、CVaR、回撤、合法可用比例,核验企业海外收入、汇兑损益、冻结、退出和储备配置事实。,http://www.piaofengzixun.com/2022/02/23/hdspyqfromsupplier,公开GET；具体API查询参数在正式source_registry冻结；禁止认证信息落盘。,按MIME与用途读取,,,company_overseas_exposure | country_event | asset_monthly_return | portfolio_scenario,DB03 中国企业海外风险 | DB02 国别与危机下钻 | DB04 多币种—黄金周期实验室 | DB04/DB05 配置与约束,取得状态、内容可用性、提取状态和正式用途四态齐全；不得单独支撑核心结论。,,NOT_APPLICABLE,NOT_ACQUIRED,FAILED,EXCLUDED,,D,仅保留元数据；正式分析改用许可允许的权威替代源。,NOT_APPLICABLE|NOT_ACQUIRED|FAILED|EXCLUDED,2026-08-16T09:22:23.191Z
WEB-0014,20260816_research_archive_v1,METADATA_ONLY_LICENSE,o4509683932790784.ingest.us.sentry.io 来源资料（WEB-0014）,o4509683932790784.ingest.us.sentry.io,06_黄金美元与储备配置,D,metadata_only,NOT_ACQUIRED,asset_monthly_return: 月份、资产、计价口径、价格、收益、成本、来源版本；portfolio_scenario: 情景、周期、权重、成本、流动性、CVaR、回撤、合法可用比例,比较美元、短债、黄金、人民币资产与套保工具的周期性作用。,https://a2c411febe86730926faad4b2d1c901d@o4509683932790784.ingest.us.sentry.io/4509709887864832,公开GET；具体API查询参数在正式source_registry冻结；禁止认证信息落盘。,按MIME与用途读取,,,asset_monthly_return | portfolio_scenario,DB04 多币种—黄金周期实验室 | DB04/DB05 配置与约束,取得状态、内容可用性、提取状态和正式用途四态齐全；不得单独支撑核心结论。,,NOT_APPLICABLE,NOT_ACQUIRED,FAILED,EXCLUDED,,B,仅保留元数据；正式分析改用许可允许的权威替代源。,NOT_APPLICABLE|NOT_ACQUIRED|FAILED|EXCLUDED,2026-08-16T09:22:23.191Z
WEB-0015,20260816_research_archive_v1,MANUAL_ACTION_REQUIRED,"解释变量,ACI,Actuaries Climate Index，区域/季节聚合规则未说明,2022-02-01至2025-02-28,图示阶梯,Actuaries Climate Index,",actuariesclimateindex.org,07_会计合规与制裁,D,metadata_only,NOT_ACQUIRED,country_policy_year: ISO3、年份、汇率制度、资本限制、汇出限制、制裁主体、有效期、原文定位,限定会计分类、托管、制裁、外汇管制和合法可用性边界。,https://actuariesclimateindex.org/data,公开GET；具体API查询参数在正式source_registry冻结；禁止认证信息落盘。,按MIME与用途读取,,,country_policy_year,DB02/DB05 政策与约束,取得状态、内容可用性、提取状态和正式用途四态齐全；不得单独支撑核心结论。,,NOT_APPLICABLE,NOT_ACQUIRED,FAILED,EXCLUDED,,A/D,按人工任务卡接受条款或完成机构授权后重新验收。,NOT_APPLICABLE|NOT_ACQUIRED|FAILED|EXCLUDED,2026-08-16T09:22:23.191Z
WEB-0016,20260816_research_archive_v1,DOWNLOADED_VERIFIED,UBS GFOR 2025,advisors.ubs.com,08_企业案例与公开披露,D,private_only,DOCUMENT_LOCAL,company_overseas_exposure: 企业、财年、海外收入、披露地区、汇兑损益、外币资产负债、套保、现金、授信、页码；country_event: 事件ID、国家、类型、起止月、触发值、证据等级、决策时可知性；asset_monthly_return: 月份、资产、计价口径、价格、收益、成本、来源版本；portfolio_scenario: 情景、周期、权重、成本、流动性、CVaR、回撤、合法可用比例,核验企业海外收入、汇兑损益、冻结、退出和储备配置事实。,https://advisors.ubs.com/mediahandler/media/708880/UBS-Global-Family-Office-Report-2025-Final-Single-Pages.pdf,公开GET；具体API查询参数在正式source_registry冻结；禁止认证信息落盘。,pdftotext/OCR候选+页码双人复核,08_企业案例与公开披露/外部原件/WEB-0016_UBS_GFOR_2025/original.pdf,,company_overseas_exposure | country_event | asset_monthly_return | portfolio_scenario,DB03 中国企业海外风险 | DB02 国别与危机下钻 | DB04 多币种—黄金周期实验室 | DB04/DB05 配置与约束,取得状态、内容可用性、提取状态和正式用途四态齐全；不得单独支撑核心结论。,,ACQUIRED,DOCUMENT_LOCAL,NOT_REQUIRED,EXCLUDED,,D,补充权威替代来源；无法取得时删除相应字段和结论承诺。,ACQUIRED|DOCUMENT_LOCAL|NOT_REQUIRED|EXCLUDED,2026-08-16T09:22:23.191Z
WEB-0017,20260816_research_archive_v1,METADATA_ONLY_LICENSE,2. 尼日利亚 8.1–8.5 亿美元与阿联酋航空停飞拉各斯（2023-06）：Reuters/African Business 2023 年报道,african.business,08_企业案例与公开披露,D,metadata_only,NOT_ACQUIRED,company_overseas_exposure: 企业、财年、海外收入、披露地区、汇兑损益、外币资产负债、套保、现金、授信、页码；country_event: 事件ID、国家、类型、起止月、触发值、证据等级、决策时可知性；asset_monthly_return: 月份、资产、计价口径、价格、收益、成本、来源版本；portfolio_scenario: 情景、周期、权重、成本、流动性、CVaR、回撤、合法可用比例；case_evidence: 案例ID、事件簇、命题角色、关键事实、来源等级、页码、复核状态,核验企业海外收入、汇兑损益、冻结、退出和储备配置事实。,https://african.business/,公开GET；具体API查询参数在正式source_registry冻结；禁止认证信息落盘。,按MIME与用途读取,,,company_overseas_exposure | country_event | asset_monthly_return | portfolio_scenario | case_evidence,DB03 中国企业海外风险 | DB02 国别与危机下钻 | DB04 多币种—黄金周期实验室 | DB04/DB05 配置与约束 | DB05 决策、约束与证据中心,取得状态、内容可用性、提取状态和正式用途四态齐全；不得单独支撑核心结论。,,NOT_APPLICABLE,NOT_ACQUIRED,FAILED,EXCLUDED,,D,仅保留元数据；正式分析改用许可允许的权威替代源。,NOT_APPLICABLE|NOT_ACQUIRED|FAILED|EXCLUDED,2026-08-16T09:22:23.191Z
WEB-0018,20260816_research_archive_v1,METADATA_ONLY_LICENSE,African Business，2024,african.business,08_企业案例与公开披露,D,metadata_only,NOT_ACQUIRED,company_overseas_exposure: 企业、财年、海外收入、披露地区、汇兑损益、外币资产负债、套保、现金、授信、页码；country_event: 事件ID、国家、类型、起止月、触发值、证据等级、决策时可知性；asset_monthly_return: 月份、资产、计价口径、价格、收益、成本、来源版本；portfolio_scenario: 情景、周期、权重、成本、流动性、CVaR、回撤、合法可用比例,核验企业海外收入、汇兑损益、冻结、退出和储备配置事实。,https://african.business/2024/06/trade-investment/nigeria-clears-98-of-blocked-airline-funds-says-iata,公开GET；具体API查询参数在正式source_registry冻结；禁止认证信息落盘。,按MIME与用途读取,,,company_overseas_exposure | country_event | asset_monthly_return | portfolio_scenario,DB03 中国企业海外风险 | DB02 国别与危机下钻 | DB04 多币种—黄金周期实验室 | DB04/DB05 配置与约束,取得状态、内容可用性、提取状态和正式用途四态齐全；不得单独支撑核心结论。,,NOT_APPLICABLE,NOT_ACQUIRED,FAILED,EXCLUDED,,D,仅保留元数据；正式分析改用许可允许的权威替代源。,NOT_APPLICABLE|NOT_ACQUIRED|FAILED|EXCLUDED,2026-08-16T09:22:23.191Z
WEB-0019,20260816_research_archive_v1,MANUAL_ACTION_REQUIRED,ai.heywhale.com 来源资料（WEB-0019）,ai.heywhale.com,06_黄金美元与储备配置,D,metadata_only,NOT_ACQUIRED,asset_monthly_return: 月份、资产、计价口径、价格、收益、成本、来源版本；portfolio_scenario: 情景、周期、权重、成本、流动性、CVaR、回撤、合法可用比例,比较美元、短债、黄金、人民币资产与套保工具的周期性作用。,https://ai.heywhale.com/,公开GET；具体API查询参数在正式source_registry冻结；禁止认证信息落盘。,按MIME与用途读取,,,asset_monthly_return | portfolio_scenario,DB04 多币种—黄金周期实验室 | DB04/DB05 配置与约束,取得状态、内容可用性、提取状态和正式用途四态齐全；不得单独支撑核心结论。,,NOT_APPLICABLE,NOT_ACQUIRED,FAILED,EXCLUDED,,B,按人工任务卡接受条款或完成机构授权后重新验收。,NOT_APPLICABLE|NOT_ACQUIRED|FAILED|EXCLUDED,2026-08-16T09:22:23.191Z
WEB-0020,20260816_research_archive_v1,DOWNLOADED_VERIFIED,"5. American Institute for Economic Research（AIER），《The Federal Reserve Board and the Rise of the Corporate State, 1931-1934》（含59.06%含金量数据），",aier.org,05_全球周期与历史危机,D,private_only,DOCUMENT_LOCAL,asset_monthly_return: 月份、资产、计价口径、价格、收益、成本、来源版本；case_evidence: 案例ID、事件簇、命题角色、关键事实、来源等级、页码、复核状态；historical_crisis_event: 历史事件、制度环境、政策节点、起止期、可比性、黄金与美元表现；global_cycle_month: 月份、工业生产、失业、CPI、利率、利差、美元、金融条件、市场回撤、周期标签,识别全球经济周期、资产泡沫、信用危机、衰退与历史制度差异。,https://aier.org/wp-content/uploads/2013/11/EEB199509.pdf,公开GET；具体API查询参数在正式source_registry冻结；禁止认证信息落盘。,pdftotext/OCR候选+页码双人复核,05_全球周期与历史危机/外部原件/WEB-0020_5._American_Institute_for_Economic_Research（AIER），《The_Federal_Reserve_B/original.pdf,,asset_monthly_return | case_evidence | historical_crisis_event | global_cycle_month,DB04 多币种—黄金周期实验室 | DB05 决策、约束与证据中心 | DB06 全球周期与历史危机,取得状态、内容可用性、提取状态和正式用途四态齐全；不得单独支撑核心结论。,,ACQUIRED,DOCUMENT_LOCAL,NOT_REQUIRED,EXCLUDED,,B,补充权威替代来源；无法取得时删除相应字段和结论承诺。,ACQUIRED|DOCUMENT_LOCAL|NOT_REQUIRED|EXCLUDED,2026-08-16T09:22:23.192Z
WEB-0021,20260816_research_archive_v1,METADATA_ONLY_LICENSE,5. 美联社（AP News），2026，《Lebanon's economic crisis: Gold reserves as a lifeline?》——央行 286.8 吨黄金储备及 1986 年禁售法。,apnews.com,06_黄金美元与储备配置,D,metadata_only,NOT_ACQUIRED,country_monthly_risk: ISO3、月份、官方汇率、CPI、储备、平行汇率、发布日期、质量标记；country_event: 事件ID、国家、类型、起止月、触发值、证据等级、决策时可知性；asset_monthly_return: 月份、资产、计价口径、价格、收益、成本、来源版本；portfolio_scenario: 情景、周期、权重、成本、流动性、CVaR、回撤、合法可用比例；case_evidence: 案例ID、事件簇、命题角色、关键事实、来源等级、页码、复核状态,比较美元、短债、黄金、人民币资产与套保工具的周期性作用。,https://apnews.com/article/lebanon-gold-economy-banking-crisis-reserves-hedge-630f1da3b391d83aa1124be22c1de9fd,公开GET；具体API查询参数在正式source_registry冻结；禁止认证信息落盘。,按MIME与用途读取,,,country_monthly_risk | country_event | asset_monthly_return | portfolio_scenario | case_evidence,DB01/DB02 国别风险与危机下钻 | DB02 国别与危机下钻 | DB04 多币种—黄金周期实验室 | DB04/DB05 配置与约束 | DB05 决策、约束与证据中心,取得状态、内容可用性、提取状态和正式用途四态齐全；不得单独支撑核心结论。,,NOT_APPLICABLE,NOT_ACQUIRED,FAILED,EXCLUDED,,B,仅保留元数据；正式分析改用许可允许的权威替代源。,NOT_APPLICABLE|NOT_ACQUIRED|FAILED|EXCLUDED,2026-08-16T09:22:23.192Z
WEB-0022,20260816_research_archive_v1,METADATA_ONLY_LICENSE,财务分析通行标准,baike.baidu.com,08_企业案例与公开披露,D,metadata_only,NOT_ACQUIRED,company_overseas_exposure: 企业、财年、海外收入、披露地区、汇兑损益、外币资产负债、套保、现金、授信、页码；country_event: 事件ID、国家、类型、起止月、触发值、证据等级、决策时可知性；asset_monthly_return: 月份、资产、计价口径、价格、收益、成本、来源版本；portfolio_scenario: 情景、周期、权重、成本、流动性、CVaR、回撤、合法可用比例,核验企业海外收入、汇兑损益、冻结、退出和储备配置事实。,https://baike.baidu.com/item/%E8%B5%84%E4%BA%A7%E8%B4%9F%E5%80%BA%E7%8E%87/2429745,公开GET；具体API查询参数在正式source_registry冻结；禁止认证信息落盘。,按MIME与用途读取,,,company_overseas_exposure | country_event | asset_monthly_return | portfolio_scenario,DB03 中国企业海外风险 | DB02 国别与危机下钻 | DB04 多币种—黄金周期实验室 | DB04/DB05 配置与约束,取得状态、内容可用性、提取状态和正式用途四态齐全；不得单独支撑核心结论。,,NOT_APPLICABLE,NOT_ACQUIRED,FAILED,EXCLUDED,,D,仅保留元数据；正式分析改用许可允许的权威替代源。,NOT_APPLICABLE|NOT_ACQUIRED|FAILED|EXCLUDED,2026-08-16T09:22:23.192Z
WEB-0023,20260816_research_archive_v1,METADATA_ONLY_LICENSE,百度百科·Z值预警,baike.baidu.com,08_企业案例与公开披露,D,metadata_only,NOT_ACQUIRED,company_overseas_exposure: 企业、财年、海外收入、披露地区、汇兑损益、外币资产负债、套保、现金、授信、页码；country_event: 事件ID、国家、类型、起止月、触发值、证据等级、决策时可知性；asset_monthly_return: 月份、资产、计价口径、价格、收益、成本、来源版本；portfolio_scenario: 情景、周期、权重、成本、流动性、CVaR、回撤、合法可用比例,核验企业海外收入、汇兑损益、冻结、退出和储备配置事实。,https://baike.baidu.com/item/Z%E5%80%BC%E9%A2%84%E8%AD%A6/10007705,公开GET；具体API查询参数在正式source_registry冻结；禁止认证信息落盘。,按MIME与用途读取,,,company_overseas_exposure | country_event | asset_monthly_return | portfolio_scenario,DB03 中国企业海外风险 | DB02 国别与危机下钻 | DB04 多币种—黄金周期实验室 | DB04/DB05 配置与约束,取得状态、内容可用性、提取状态和正式用途四态齐全；不得单独支撑核心结论。,,NOT_APPLICABLE,NOT_ACQUIRED,FAILED,EXCLUDED,,D,仅保留元数据；正式分析改用许可允许的权威替代源。,NOT_APPLICABLE|NOT_ACQUIRED|FAILED|EXCLUDED,2026-08-16T09:22:23.192Z
WEB-0024,20260816_research_archive_v1,METADATA_ONLY_LICENSE,6. BestFolio / Cresset Capital（2026）：1970 年代滞胀期美股复盘（标普 500 1973–74 下跌约 48%、实际回报至 1993 年才收复 1968 年高点），,bestfolio.app,05_全球周期与历史危机,D,metadata_only,NOT_ACQUIRED,case_evidence: 案例ID、事件簇、命题角色、关键事实、来源等级、页码、复核状态；historical_crisis_event: 历史事件、制度环境、政策节点、起止期、可比性、黄金与美元表现；global_cycle_month: 月份、工业生产、失业、CPI、利率、利差、美元、金融条件、市场回撤、周期标签,识别全球经济周期、资产泡沫、信用危机、衰退与历史制度差异。,https://bestfolio.app/blog/taa-market-crises-protection,公开GET；具体API查询参数在正式source_registry冻结；禁止认证信息落盘。,按MIME与用途读取,,,case_evidence | historical_crisis_event | global_cycle_month,DB05 决策、约束与证据中心 | DB06 全球周期与历史危机,取得状态、内容可用性、提取状态和正式用途四态齐全；不得单独支撑核心结论。,,NOT_APPLICABLE,NOT_ACQUIRED,FAILED,EXCLUDED,,B,仅保留元数据；正式分析改用许可允许的权威替代源。,NOT_APPLICABLE|NOT_ACQUIRED|FAILED|EXCLUDED,2026-08-16T09:22:23.192Z
WEB-0025,20260816_research_archive_v1,METADATA_ONLY_LICENSE,Blockworks，2021,blockworks.com,08_企业案例与公开披露,D,metadata_only,NOT_ACQUIRED,company_overseas_exposure: 企业、财年、海外收入、披露地区、汇兑损益、外币资产负债、套保、现金、授信、页码；country_event: 事件ID、国家、类型、起止月、触发值、证据等级、决策时可知性；asset_monthly_return: 月份、资产、计价口径、价格、收益、成本、来源版本；portfolio_scenario: 情景、周期、权重、成本、流动性、CVaR、回撤、合法可用比例；case_evidence: 案例ID、事件簇、命题角色、关键事实、来源等级、页码、复核状态,核验企业海外收入、汇兑损益、冻结、退出和储备配置事实。,https://blockworks.com/news/palantir-buys-50-7-million-in-gold-bars-to-hedge-black-swan-event,公开GET；具体API查询参数在正式source_registry冻结；禁止认证信息落盘。,按MIME与用途读取,,,company_overseas_exposure | country_event | asset_monthly_return | portfolio_scenario | case_evidence,DB03 中国企业海外风险 | DB02 国别与危机下钻 | DB04 多币种—黄金周期实验室 | DB04/DB05 配置与约束 | DB05 决策、约束与证据中心,取得状态、内容可用性、提取状态和正式用途四态齐全；不得单独支撑核心结论。,,NOT_APPLICABLE,NOT_ACQUIRED,FAILED,EXCLUDED,,D,仅保留元数据；正式分析改用许可允许的权威替代源。,NOT_APPLICABLE|NOT_ACQUIRED|FAILED|EXCLUDED,2026-08-16T09:22:23.192Z
WEB-0027,20260816_research_archive_v1,METADATA_ONLY_LICENSE,"4. Bullion Exchanges，《Gold Crisis 2008 Explained: Drop, Recovery, and Rally Path》，2026年，",bullionexchanges.com,05_全球周期与历史危机,D,metadata_only,NOT_ACQUIRED,case_evidence: 案例ID、事件簇、命题角色、关键事实、来源等级、页码、复核状态；historical_crisis_event: 历史事件、制度环境、政策节点、起止期、可比性、黄金与美元表现；global_cycle_month: 月份、工业生产、失业、CPI、利率、利差、美元、金融条件、市场回撤、周期标签,识别全球经济周期、资产泡沫、信用危机、衰退与历史制度差异。,https://bullionexchanges.com/blog/gold-2008-crisis-explained-from-selloff-to-historic-rally,公开GET；具体API查询参数在正式source_registry冻结；禁止认证信息落盘。,按MIME与用途读取,,,case_evidence | historical_crisis_event | global_cycle_month,DB05 决策、约束与证据中心 | DB06 全球周期与历史危机,取得状态、内容可用性、提取状态和正式用途四态齐全；不得单独支撑核心结论。,,NOT_APPLICABLE,NOT_ACQUIRED,FAILED,EXCLUDED,,B,仅保留元数据；正式分析改用许可允许的权威替代源。,NOT_APPLICABLE|NOT_ACQUIRED|FAILED|EXCLUDED,2026-08-16T09:22:23.192Z
WEB-0028,20260816_research_archive_v1,METADATA_ONLY_LICENSE,清晖智库，2018,business.sohu.com,08_企业案例与公开披露,D,metadata_only,NOT_ACQUIRED,company_overseas_exposure: 企业、财年、海外收入、披露地区、汇兑损益、外币资产负债、套保、现金、授信、页码；country_event: 事件ID、国家、类型、起止月、触发值、证据等级、决策时可知性；asset_monthly_return: 月份、资产、计价口径、价格、收益、成本、来源版本；portfolio_scenario: 情景、周期、权重、成本、流动性、CVaR、回撤、合法可用比例,核验企业海外收入、汇兑损益、冻结、退出和储备配置事实。,https://business.sohu.com/20181029/n553647212.shtml,公开GET；具体API查询参数在正式source_registry冻结；禁止认证信息落盘。,按MIME与用途读取,,,company_overseas_exposure | country_event | asset_monthly_return | portfolio_scenario,DB03 中国企业海外风险 | DB02 国别与危机下钻 | DB04 多币种—黄金周期实验室 | DB04/DB05 配置与约束,取得状态、内容可用性、提取状态和正式用途四态齐全；不得单独支撑核心结论。,,NOT_APPLICABLE,NOT_ACQUIRED,FAILED,EXCLUDED,,D,仅保留元数据；正式分析改用许可允许的权威替代源。,NOT_APPLICABLE|NOT_ACQUIRED|FAILED|EXCLUDED,2026-08-16T09:22:23.192Z
WEB-0029,20260816_research_archive_v1,METADATA_ONLY_LICENSE,Business Insider NG，2025,businessinsiderng.com,08_企业案例与公开披露,D,metadata_only,NOT_ACQUIRED,company_overseas_exposure: 企业、财年、海外收入、披露地区、汇兑损益、外币资产负债、套保、现金、授信、页码；country_event: 事件ID、国家、类型、起止月、触发值、证据等级、决策时可知性；asset_monthly_return: 月份、资产、计价口径、价格、收益、成本、来源版本；portfolio_scenario: 情景、周期、权重、成本、流动性、CVaR、回撤、合法可用比例,核验企业海外收入、汇兑损益、冻结、退出和储备配置事实。,https://businessinsiderng.com/mtn-in-a-fix-records-n400-4bn-loss-in-2024,公开GET；具体API查询参数在正式source_registry冻结；禁止认证信息落盘。,按MIME与用途读取,,,company_overseas_exposure | country_event | asset_monthly_return | portfolio_scenario,DB03 中国企业海外风险 | DB02 国别与危机下钻 | DB04 多币种—黄金周期实验室 | DB04/DB05 配置与约束,取得状态、内容可用性、提取状态和正式用途四态齐全；不得单独支撑核心结论。,,NOT_APPLICABLE,NOT_ACQUIRED,FAILED,EXCLUDED,,D,仅保留元数据；正式分析改用许可允许的权威替代源。,NOT_APPLICABLE|NOT_ACQUIRED|FAILED|EXCLUDED,2026-08-16T09:22:23.192Z
WEB-0030,20260816_research_archive_v1,METADATA_ONLY_LICENSE,cdn.kesci.com 来源资料（WEB-0030）,cdn.kesci.com,06_黄金美元与储备配置,D,metadata_only,NOT_ACQUIRED,asset_monthly_return: 月份、资产、计价口径、价格、收益、成本、来源版本；portfolio_scenario: 情景、周期、权重、成本、流动性、CVaR、回撤、合法可用比例,比较美元、短债、黄金、人民币资产与套保工具的周期性作用。,https://cdn.kesci.com/default_img_lib,公开GET；具体API查询参数在正式source_registry冻结；禁止认证信息落盘。,按MIME与用途读取,,,asset_monthly_return | portfolio_scenario,DB04 多币种—黄金周期实验室 | DB04/DB05 配置与约束,取得状态、内容可用性、提取状态和正式用途四态齐全；不得单独支撑核心结论。,,NOT_APPLICABLE,NOT_ACQUIRED,FAILED,EXCLUDED,,B,仅保留元数据；正式分析改用许可允许的权威替代源。,NOT_APPLICABLE|NOT_ACQUIRED|FAILED|EXCLUDED,2026-08-16T09:22:23.192Z
WEB-0031,20260816_research_archive_v1,METADATA_ONLY_LICENSE,8. 被困资金（blocked funds）数据：IATA/CAPA 尼日利亚 8.5 亿美元报道,centreforaviation.com,06_黄金美元与储备配置,D,metadata_only,NOT_ACQUIRED,country_monthly_risk: ISO3、月份、官方汇率、CPI、储备、平行汇率、发布日期、质量标记；country_event: 事件ID、国家、类型、起止月、触发值、证据等级、决策时可知性；asset_monthly_return: 月份、资产、计价口径、价格、收益、成本、来源版本；portfolio_scenario: 情景、周期、权重、成本、流动性、CVaR、回撤、合法可用比例；case_evidence: 案例ID、事件簇、命题角色、关键事实、来源等级、页码、复核状态,比较美元、短债、黄金、人民币资产与套保工具的周期性作用。,https://centreforaviation.com/news,公开GET；具体API查询参数在正式source_registry冻结；禁止认证信息落盘。,按MIME与用途读取,,,country_monthly_risk | country_event | asset_monthly_return | portfolio_scenario | case_evidence,DB01/DB02 国别风险与危机下钻 | DB02 国别与危机下钻 | DB04 多币种—黄金周期实验室 | DB04/DB05 配置与约束 | DB05 决策、约束与证据中心,取得状态、内容可用性、提取状态和正式用途四态齐全；不得单独支撑核心结论。,,NOT_APPLICABLE,NOT_ACQUIRED,FAILED,EXCLUDED,,B,仅保留元数据；正式分析改用许可允许的权威替代源。,NOT_APPLICABLE|NOT_ACQUIRED|FAILED|EXCLUDED,2026-08-16T09:22:23.192Z
WEB-0032,20260816_research_archive_v1,METADATA_ONLY_LICENSE,IATA/CAPA，2024,centreforaviation.com,08_企业案例与公开披露,D,metadata_only,NOT_ACQUIRED,company_overseas_exposure: 企业、财年、海外收入、披露地区、汇兑损益、外币资产负债、套保、现金、授信、页码；country_event: 事件ID、国家、类型、起止月、触发值、证据等级、决策时可知性；asset_monthly_return: 月份、资产、计价口径、价格、收益、成本、来源版本；portfolio_scenario: 情景、周期、权重、成本、流动性、CVaR、回撤、合法可用比例,核验企业海外收入、汇兑损益、冻结、退出和储备配置事实。,https://centreforaviation.com/news/iata-blocked-airline-funds-drop-28-since-dec-2023-situation-severe-in-pakistan-and-bangladesh-1266064,公开GET；具体API查询参数在正式source_registry冻结；禁止认证信息落盘。,按MIME与用途读取,,,company_overseas_exposure | country_event | asset_monthly_return | portfolio_scenario,DB03 中国企业海外风险 | DB02 国别与危机下钻 | DB04 多币种—黄金周期实验室 | DB04/DB05 配置与约束,取得状态、内容可用性、提取状态和正式用途四态齐全；不得单独支撑核心结论。,,NOT_APPLICABLE,NOT_ACQUIRED,FAILED,EXCLUDED,,D,仅保留元数据；正式分析改用许可允许的权威替代源。,NOT_APPLICABLE|NOT_ACQUIRED|FAILED|EXCLUDED,2026-08-16T09:22:23.192Z
WEB-0033,20260816_research_archive_v1,METADATA_ONLY_LICENSE,"目标价格,WGC/Global黄金价格,论文所谓WGC或Global市场金价，具体定盘价/时点未给出,2022-02-01至2025-02-28,日频/含非交易日,World Gold Council/Goldhub,",World Gold Council,06_黄金美元与储备配置,D,metadata_only,NOT_ACQUIRED,asset_monthly_return: 月份、资产、计价口径、价格、收益、成本、来源版本；portfolio_scenario: 情景、周期、权重、成本、流动性、CVaR、回撤、合法可用比例,比较美元、短债、黄金、人民币资产与套保工具的周期性作用。,https://china.gold.org/goldhub/data/gold-prices,公开GET；具体API查询参数在正式source_registry冻结；禁止认证信息落盘。,按MIME与用途读取,,,asset_monthly_return | portfolio_scenario,DB04 多币种—黄金周期实验室 | DB04/DB05 配置与约束,取得状态、内容可用性、提取状态和正式用途四态齐全；不得单独支撑核心结论。,,NOT_APPLICABLE,NOT_ACQUIRED,FAILED,EXCLUDED,,B,仅保留元数据；正式分析改用许可允许的权威替代源。,NOT_APPLICABLE|NOT_ACQUIRED|FAILED|EXCLUDED,2026-08-16T09:22:23.192Z
WEB-0034,20260816_research_archive_v1,METADATA_ONLY_LICENSE,8. 比特币 2022 年 -65%：CoinMarketCap 年度数据,coinmarketcap.com,05_全球周期与历史危机,D,metadata_only,NOT_ACQUIRED,case_evidence: 案例ID、事件簇、命题角色、关键事实、来源等级、页码、复核状态；historical_crisis_event: 历史事件、制度环境、政策节点、起止期、可比性、黄金与美元表现；global_cycle_month: 月份、工业生产、失业、CPI、利率、利差、美元、金融条件、市场回撤、周期标签,识别全球经济周期、资产泡沫、信用危机、衰退与历史制度差异。,https://coinmarketcap.com/currencies/bitcoin,公开GET；具体API查询参数在正式source_registry冻结；禁止认证信息落盘。,按MIME与用途读取,,,case_evidence | historical_crisis_event | global_cycle_month,DB05 决策、约束与证据中心 | DB06 全球周期与历史危机,取得状态、内容可用性、提取状态和正式用途四态齐全；不得单独支撑核心结论。,,NOT_APPLICABLE,NOT_ACQUIRED,FAILED,EXCLUDED,,B,仅保留元数据；正式分析改用许可允许的权威替代源。,NOT_APPLICABLE|NOT_ACQUIRED|FAILED|EXCLUDED,2026-08-16T09:22:23.192Z
WEB-0035,20260816_research_archive_v1,METADATA_ONLY_LICENSE,7. 比特币 2020-03-12 单日 -40%：CoinMarketCap 历史数据,coinmarketcap.com,05_全球周期与历史危机,D,metadata_only,NOT_ACQUIRED,case_evidence: 案例ID、事件簇、命题角色、关键事实、来源等级、页码、复核状态；historical_crisis_event: 历史事件、制度环境、政策节点、起止期、可比性、黄金与美元表现；global_cycle_month: 月份、工业生产、失业、CPI、利率、利差、美元、金融条件、市场回撤、周期标签,识别全球经济周期、资产泡沫、信用危机、衰退与历史制度差异。,https://coinmarketcap.com/currencies/bitcoin/historical-data,公开GET；具体API查询参数在正式source_registry冻结；禁止认证信息落盘。,按MIME与用途读取,,,case_evidence | historical_crisis_event | global_cycle_month,DB05 决策、约束与证据中心 | DB06 全球周期与历史危机,取得状态、内容可用性、提取状态和正式用途四态齐全；不得单独支撑核心结论。,,NOT_APPLICABLE,NOT_ACQUIRED,FAILED,EXCLUDED,,B,仅保留元数据；正式分析改用许可允许的权威替代源。,NOT_APPLICABLE|NOT_ACQUIRED|FAILED|EXCLUDED,2026-08-16T09:22:23.192Z
WEB-0036,20260816_research_archive_v1,METADATA_ONLY_LICENSE,3. 阿联酋（约 96.4 吨）与香港（约 88 吨）承接俄金：贸易数据（UN Comtrade / 港府统计处）及 Reuters 报道,comtradeplus.un.org,07_会计合规与制裁,D,metadata_only,NOT_ACQUIRED,country_policy_year: ISO3、年份、汇率制度、资本限制、汇出限制、制裁主体、有效期、原文定位；asset_monthly_return: 月份、资产、计价口径、价格、收益、成本、来源版本；case_evidence: 案例ID、事件簇、命题角色、关键事实、来源等级、页码、复核状态,限定会计分类、托管、制裁、外汇管制和合法可用性边界。,https://comtradeplus.un.org/,公开GET；具体API查询参数在正式source_registry冻结；禁止认证信息落盘。,按MIME与用途读取,,,country_policy_year | asset_monthly_return | case_evidence,DB02/DB05 政策与约束 | DB04 多币种—黄金周期实验室 | DB05 决策、约束与证据中心,取得状态、内容可用性、提取状态和正式用途四态齐全；不得单独支撑核心结论。,,NOT_APPLICABLE,NOT_ACQUIRED,FAILED,EXCLUDED,,A/D,仅保留元数据；正式分析改用许可允许的权威替代源。,NOT_APPLICABLE|NOT_ACQUIRED|FAILED|EXCLUDED,2026-08-16T09:22:23.192Z
WEB-0037,20260816_research_archive_v1,METADATA_ONLY_LICENSE,ropy (Basel)</abbrev-journal-title </journal-title-group <publisher <publisher-name Multidisciplinary Digital Publishing Institute (MDPI)</publishe...,creativecommons.org,06_黄金美元与储备配置,D,metadata_only,NOT_ACQUIRED,asset_monthly_return: 月份、资产、计价口径、价格、收益、成本、来源版本；portfolio_scenario: 情景、周期、权重、成本、流动性、CVaR、回撤、合法可用比例,比较美元、短债、黄金、人民币资产与套保工具的周期性作用。,https://creativecommons.org/licenses/by/4.0,公开GET；具体API查询参数在正式source_registry冻结；禁止认证信息落盘。,按MIME与用途读取,,,asset_monthly_return | portfolio_scenario,DB04 多币种—黄金周期实验室 | DB04/DB05 配置与约束,取得状态、内容可用性、提取状态和正式用途四态齐全；不得单独支撑核心结论。,,NOT_APPLICABLE,NOT_ACQUIRED,FAILED,EXCLUDED,,B,仅保留元数据；正式分析改用许可允许的权威替代源。,NOT_APPLICABLE|NOT_ACQUIRED|FAILED|EXCLUDED,2026-08-16T09:22:23.192Z
WEB-0038,20260816_research_archive_v1,METADATA_ONLY_LICENSE,http cookies,curl.se,06_黄金美元与储备配置,D,metadata_only,NOT_ACQUIRED,asset_monthly_return: 月份、资产、计价口径、价格、收益、成本、来源版本；portfolio_scenario: 情景、周期、权重、成本、流动性、CVaR、回撤、合法可用比例,比较美元、短债、黄金、人民币资产与套保工具的周期性作用。,https://curl.se/docs/http-cookies.html,公开GET；具体API查询参数在正式source_registry冻结；禁止认证信息落盘。,HTML表格: cheerio；正文: Readability+Markdown；动态页: 公开API/人工任务卡,,,asset_monthly_return | portfolio_scenario,DB04 多币种—黄金周期实验室 | DB04/DB05 配置与约束,取得状态、内容可用性、提取状态和正式用途四态齐全；不得单独支撑核心结论。,,NOT_APPLICABLE,NOT_ACQUIRED,FAILED,EXCLUDED,NOT_ACQUIRED,B,仅保留元数据；正式分析改用许可允许的权威替代源。,NOT_APPLICABLE|NOT_ACQUIRED|FAILED|EXCLUDED,2026-08-16T09:22:23.192Z
WEB-0041,20260816_research_archive_v1,METADATA_ONLY_LICENSE,7. 移民人数：联合国难民署（UNHCR）,data.unhcr.org,04_国别货币与中国出海,D,metadata_only,NOT_ACQUIRED,country_monthly_risk: ISO3、月份、官方汇率、CPI、储备、平行汇率、发布日期、质量标记；country_policy_year: ISO3、年份、汇率制度、资本限制、汇出限制、制裁主体、有效期、原文定位；country_event: 事件ID、国家、类型、起止月、触发值、证据等级、决策时可知性；case_evidence: 案例ID、事件簇、命题角色、关键事实、来源等级、页码、复核状态,支持亚非拉国别风险、汇率、通胀、资本管制和中国投资暴露研究。,https://data.unhcr.org/en/situations/vensitu,公开GET；具体API查询参数在正式source_registry冻结；禁止认证信息落盘。,按MIME与用途读取,,,country_monthly_risk | country_policy_year | country_event | case_evidence,DB01/DB02 国别风险与危机下钻 | DB02/DB05 政策与约束 | DB02 国别与危机下钻 | DB05 决策、约束与证据中心,取得状态、内容可用性、提取状态和正式用途四态齐全；不得单独支撑核心结论。,,NOT_APPLICABLE,NOT_ACQUIRED,FAILED,EXCLUDED,,B,仅保留元数据；正式分析改用许可允许的权威替代源。,NOT_APPLICABLE|NOT_ACQUIRED|FAILED|EXCLUDED,2026-08-16T09:22:23.192Z
WEB-0047,20260816_research_archive_v1,BROKEN_OR_UNREACHABLE,逐指标核验. 2026. url:,World Bank,04_国别货币与中国出海,B,shared,NOT_ACQUIRED,country_monthly_risk: ISO3、月份、官方汇率、CPI、储备、平行汇率、发布日期、质量标记；country_policy_year: ISO3、年份、汇率制度、资本限制、汇出限制、制裁主体、有效期、原文定位,支持亚非拉国别风险、汇率、通胀、资本管制和中国投资暴露研究。,https://datacatalog.worldbank.org/search/dataset,公开GET；具体API查询参数在正式source_registry冻结；禁止认证信息落盘。,按MIME与用途读取,,,country_monthly_risk | country_policy_year,DB01/DB02 国别风险与危机下钻 | DB02/DB05 政策与约束,取得状态、内容可用性、提取状态和正式用途四态齐全；不得单独支撑核心结论。,WEB-0048,NOT_ACQUIRED,NOT_ACQUIRED,FAILED,SUPPLEMENT,HTTP 404,B,补充权威替代来源；无法取得时删除相应字段和结论承诺。,NOT_ACQUIRED|NOT_ACQUIRED|FAILED|SUPPLEMENT,2026-08-16T09:22:23.193Z
WEB-0051,20260816_research_archive_v1,METADATA_ONLY_LICENSE,"2. Statista（汇编帝国银行数据），""金马克对纸马克价值1922–1923""，2024。",de.statista.com,04_国别货币与中国出海,D,metadata_only,NOT_ACQUIRED,country_monthly_risk: ISO3、月份、官方汇率、CPI、储备、平行汇率、发布日期、质量标记；country_policy_year: ISO3、年份、汇率制度、资本限制、汇出限制、制裁主体、有效期、原文定位；country_event: 事件ID、国家、类型、起止月、触发值、证据等级、决策时可知性；case_evidence: 案例ID、事件簇、命题角色、关键事实、来源等级、页码、复核状态,支持亚非拉国别风险、汇率、通胀、资本管制和中国投资暴露研究。,https://de.statista.com/statistik/daten/studie/281794/umfrage/hyperinflation-in-der-weimarer-republik,公开GET；具体API查询参数在正式source_registry冻结；禁止认证信息落盘。,按MIME与用途读取,,,country_monthly_risk | country_policy_year | country_event | case_evidence,DB01/DB02 国别风险与危机下钻 | DB02/DB05 政策与约束 | DB02 国别与危机下钻 | DB05 决策、约束与证据中心,取得状态、内容可用性、提取状态和正式用途四态齐全；不得单独支撑核心结论。,,NOT_APPLICABLE,NOT_ACQUIRED,FAILED,EXCLUDED,,B,仅保留元数据；正式分析改用许可允许的权威替代源。,NOT_APPLICABLE|NOT_ACQUIRED|FAILED|EXCLUDED,2026-08-16T09:22:23.193Z
WEB-0052,20260816_research_archive_v1,METADATA_ONLY_LICENSE,Discovery Alert，2026,discoveryalert.com.au,08_企业案例与公开披露,D,metadata_only,NOT_ACQUIRED,company_overseas_exposure: 企业、财年、海外收入、披露地区、汇兑损益、外币资产负债、套保、现金、授信、页码；country_event: 事件ID、国家、类型、起止月、触发值、证据等级、决策时可知性；asset_monthly_return: 月份、资产、计价口径、价格、收益、成本、来源版本；portfolio_scenario: 情景、周期、权重、成本、流动性、CVaR、回撤、合法可用比例,核验企业海外收入、汇兑损益、冻结、退出和储备配置事实。,https://discoveryalert.com.au/currency-crises-central-bank-gold-liquidation-2026,公开GET；具体API查询参数在正式source_registry冻结；禁止认证信息落盘。,按MIME与用途读取,,,company_overseas_exposure | country_event | asset_monthly_return | portfolio_scenario,DB03 中国企业海外风险 | DB02 国别与危机下钻 | DB04 多币种—黄金周期实验室 | DB04/DB05 配置与约束,取得状态、内容可用性、提取状态和正式用途四态齐全；不得单独支撑核心结论。,,NOT_APPLICABLE,NOT_ACQUIRED,FAILED,EXCLUDED,,D,仅保留元数据；正式分析改用许可允许的权威替代源。,NOT_APPLICABLE|NOT_ACQUIRED|FAILED|EXCLUDED,2026-08-16T09:22:23.193Z
WEB-0053,20260816_research_archive_v1,METADATA_ONLY_LICENSE,"6. Discovery Alert，""Gold & Oil Embargo: Historic and Modern Impact on Gold Prices""（2026，引用 CPI 峰值 14.8% 来自 Federal Reserve History），",discoveryalert.com.au,05_全球周期与历史危机,D,metadata_only,NOT_ACQUIRED,country_monthly_risk: ISO3、月份、官方汇率、CPI、储备、平行汇率、发布日期、质量标记；case_evidence: 案例ID、事件簇、命题角色、关键事实、来源等级、页码、复核状态；historical_crisis_event: 历史事件、制度环境、政策节点、起止期、可比性、黄金与美元表现；global_cycle_month: 月份、工业生产、失业、CPI、利率、利差、美元、金融条件、市场回撤、周期标签,识别全球经济周期、资产泡沫、信用危机、衰退与历史制度差异。,https://discoveryalert.com.au/gold-oil-embargo-impact-gold-prices-inflation-fed,公开GET；具体API查询参数在正式source_registry冻结；禁止认证信息落盘。,按MIME与用途读取,,,country_monthly_risk | case_evidence | historical_crisis_event | global_cycle_month,DB01/DB02 国别风险与危机下钻 | DB05 决策、约束与证据中心 | DB06 全球周期与历史危机,取得状态、内容可用性、提取状态和正式用途四态齐全；不得单独支撑核心结论。,,NOT_APPLICABLE,NOT_ACQUIRED,FAILED,EXCLUDED,,B,仅保留元数据；正式分析改用许可允许的权威替代源。,NOT_APPLICABLE|NOT_ACQUIRED|FAILED|EXCLUDED,2026-08-16T09:22:23.193Z
WEB-0054,20260816_research_archive_v1,FETCH_FAILED,10.16511/j.cnki.qhdxxb.2023.21.008.pdf),doi.org,08_企业案例与公开披露,D,private_only,NOT_ACQUIRED,company_overseas_exposure: 企业、财年、海外收入、披露地区、汇兑损益、外币资产负债、套保、现金、授信、页码；country_event: 事件ID、国家、类型、起止月、触发值、证据等级、决策时可知性；asset_monthly_return: 月份、资产、计价口径、价格、收益、成本、来源版本；portfolio_scenario: 情景、周期、权重、成本、流动性、CVaR、回撤、合法可用比例,核验企业海外收入、汇兑损益、冻结、退出和储备配置事实。,https://doi.org/10.16511/j.cnki.qhdxxb.2023.21.008.pdf,公开GET；具体API查询参数在正式source_registry冻结；禁止认证信息落盘。,pdftotext/OCR候选+页码双人复核,,,company_overseas_exposure | country_event | asset_monthly_return | portfolio_scenario,DB03 中国企业海外风险 | DB02 国别与危机下钻 | DB04 多币种—黄金周期实验室 | DB04/DB05 配置与约束,取得状态、内容可用性、提取状态和正式用途四态齐全；不得单独支撑核心结论。,WEB-0384,NOT_ACQUIRED,NOT_ACQUIRED,FAILED,EXCLUDED,HTTP_500,D,补充权威替代来源；无法取得时删除相应字段和结论承诺。,NOT_ACQUIRED|NOT_ACQUIRED|FAILED|EXCLUDED,2026-08-16T09:22:23.193Z
WEB-0055,20260816_research_archive_v1,METADATA_ONLY_LICENSE,10.3386/w18706.,doi.org,04_国别货币与中国出海,D,metadata_only,NOT_ACQUIRED,country_monthly_risk: ISO3、月份、官方汇率、CPI、储备、平行汇率、发布日期、质量标记；country_policy_year: ISO3、年份、汇率制度、资本限制、汇出限制、制裁主体、有效期、原文定位,支持亚非拉国别风险、汇率、通胀、资本管制和中国投资暴露研究。,https://doi.org/10.3386/w18706,公开GET；具体API查询参数在正式source_registry冻结；禁止认证信息落盘。,按MIME与用途读取,,,country_monthly_risk | country_policy_year,DB01/DB02 国别风险与危机下钻 | DB02/DB05 政策与约束,取得状态、内容可用性、提取状态和正式用途四态齐全；不得单独支撑核心结论。,,NOT_APPLICABLE,NOT_ACQUIRED,FAILED,EXCLUDED,,B,仅保留元数据；正式分析改用许可允许的权威替代源。,NOT_APPLICABLE|NOT_ACQUIRED|FAILED|EXCLUDED,2026-08-16T09:22:23.193Z
WEB-0056,20260816_research_archive_v1,METADATA_ONLY_LICENSE,10.3390/e28030271,doi.org,06_黄金美元与储备配置,D,metadata_only,NOT_ACQUIRED,asset_monthly_return: 月份、资产、计价口径、价格、收益、成本、来源版本；portfolio_scenario: 情景、周期、权重、成本、流动性、CVaR、回撤、合法可用比例,比较美元、短债、黄金、人民币资产与套保工具的周期性作用。,https://doi.org/10.3390/e28030271,公开GET；具体API查询参数在正式source_registry冻结；禁止认证信息落盘。,按MIME与用途读取,,,asset_monthly_return | portfolio_scenario,DB04 多币种—黄金周期实验室 | DB04/DB05 配置与约束,取得状态、内容可用性、提取状态和正式用途四态齐全；不得单独支撑核心结论。,,NOT_APPLICABLE,NOT_ACQUIRED,FAILED,EXCLUDED,,B,仅保留元数据；正式分析改用许可允许的权威替代源。,NOT_APPLICABLE|NOT_ACQUIRED|FAILED|EXCLUDED,2026-08-16T09:22:23.193Z
WEB-0057,20260816_research_archive_v1,METADATA_ONLY_LICENSE,9. 美元化程度：Ecoanalítica,ecoanalitica.com,06_黄金美元与储备配置,D,metadata_only,NOT_ACQUIRED,country_monthly_risk: ISO3、月份、官方汇率、CPI、储备、平行汇率、发布日期、质量标记；country_event: 事件ID、国家、类型、起止月、触发值、证据等级、决策时可知性；asset_monthly_return: 月份、资产、计价口径、价格、收益、成本、来源版本；portfolio_scenario: 情景、周期、权重、成本、流动性、CVaR、回撤、合法可用比例；case_evidence: 案例ID、事件簇、命题角色、关键事实、来源等级、页码、复核状态,比较美元、短债、黄金、人民币资产与套保工具的周期性作用。,https://ecoanalitica.com/,公开GET；具体API查询参数在正式source_registry冻结；禁止认证信息落盘。,按MIME与用途读取,,,country_monthly_risk | country_event | asset_monthly_return | portfolio_scenario | case_evidence,DB01/DB02 国别风险与危机下钻 | DB02 国别与危机下钻 | DB04 多币种—黄金周期实验室 | DB04/DB05 配置与约束 | DB05 决策、约束与证据中心,取得状态、内容可用性、提取状态和正式用途四态齐全；不得单独支撑核心结论。,,NOT_APPLICABLE,NOT_ACQUIRED,FAILED,EXCLUDED,,B,仅保留元数据；正式分析改用许可允许的权威替代源。,NOT_APPLICABLE|NOT_ACQUIRED|FAILED|EXCLUDED,2026-08-16T09:22:23.193Z
WEB-0058,20260816_research_archive_v1,METADATA_ONLY_LICENSE,"7. ""三驾马车""救助规模：欧盟委员会财政事务文件",economy-finance.ec.europa.eu,05_全球周期与历史危机,D,metadata_only,NOT_ACQUIRED,case_evidence: 案例ID、事件簇、命题角色、关键事实、来源等级、页码、复核状态；historical_crisis_event: 历史事件、制度环境、政策节点、起止期、可比性、黄金与美元表现；global_cycle_month: 月份、工业生产、失业、CPI、利率、利差、美元、金融条件、市场回撤、周期标签,识别全球经济周期、资产泡沫、信用危机、衰退与历史制度差异。,https://economy-finance.ec.europa.eu/,公开GET；具体API查询参数在正式source_registry冻结；禁止认证信息落盘。,按MIME与用途读取,,,case_evidence | historical_crisis_event | global_cycle_month,DB05 决策、约束与证据中心 | DB06 全球周期与历史危机,取得状态、内容可用性、提取状态和正式用途四态齐全；不得单独支撑核心结论。,,NOT_APPLICABLE,NOT_ACQUIRED,FAILED,EXCLUDED,,B,仅保留元数据；正式分析改用许可允许的权威替代源。,NOT_APPLICABLE|NOT_ACQUIRED|FAILED|EXCLUDED,2026-08-16T09:22:23.193Z
WEB-0059,20260816_research_archive_v1,METADATA_ONLY_LICENSE,"3. Yale Program on Financial Stability, K. Nygaard, ""The Federal Reserve's Response to the 1987 Market Crash""（2020）：美联储四项应对措施与流动性注入。",elischolar.library.yale.edu,05_全球周期与历史危机,D,metadata_only,NOT_ACQUIRED,case_evidence: 案例ID、事件簇、命题角色、关键事实、来源等级、页码、复核状态；historical_crisis_event: 历史事件、制度环境、政策节点、起止期、可比性、黄金与美元表现；global_cycle_month: 月份、工业生产、失业、CPI、利率、利差、美元、金融条件、市场回撤、周期标签,识别全球经济周期、资产泡沫、信用危机、衰退与历史制度差异。,https://elischolar.library.yale.edu/cgi/viewcontent.cgi?article=1109&context=journal-of-financial-crises,公开GET；具体API查询参数在正式source_registry冻结；禁止认证信息落盘。,按MIME与用途读取,,,case_evidence | historical_crisis_event | global_cycle_month,DB05 决策、约束与证据中心 | DB06 全球周期与历史危机,取得状态、内容可用性、提取状态和正式用途四态齐全；不得单独支撑核心结论。,,NOT_APPLICABLE,NOT_ACQUIRED,FAILED,EXCLUDED,,B,仅保留元数据；正式分析改用许可允许的权威替代源。,NOT_APPLICABLE|NOT_ACQUIRED|FAILED|EXCLUDED,2026-08-16T09:22:23.193Z
WEB-0061,20260816_research_archive_v1,METADATA_ONLY_LICENSE,"14 Shanghai Gold Exchange, Shanghai Gold Benchmark Price,",en.sge.com,06_黄金美元与储备配置,B,metadata_only,NOT_ACQUIRED,asset_monthly_return: 月份、资产、计价口径、价格、收益、成本、来源版本；portfolio_scenario: 情景、周期、权重、成本、流动性、CVaR、回撤、合法可用比例,比较美元、短债、黄金、人民币资产与套保工具的周期性作用。,https://en.sge.com/,公开GET；具体API查询参数在正式source_registry冻结；禁止认证信息落盘。,按MIME与用途读取,,,asset_monthly_return | portfolio_scenario,DB04 多币种—黄金周期实验室 | DB04/DB05 配置与约束,取得状态、内容可用性、提取状态和正式用途四态齐全；不得单独支撑核心结论。,,NOT_APPLICABLE,NOT_ACQUIRED,FAILED,EXCLUDED,,B,仅保留元数据；正式分析改用许可允许的权威替代源。,NOT_APPLICABLE|NOT_ACQUIRED|FAILED|EXCLUDED,2026-08-16T09:22:23.193Z
WEB-0062,20260816_research_archive_v1,METADATA_ONLY_LICENSE,同花顺财经，2025-11,field.10jqka.com.cn,08_企业案例与公开披露,D,metadata_only,NOT_ACQUIRED,company_overseas_exposure: 企业、财年、海外收入、披露地区、汇兑损益、外币资产负债、套保、现金、授信、页码；country_event: 事件ID、国家、类型、起止月、触发值、证据等级、决策时可知性；asset_monthly_return: 月份、资产、计价口径、价格、收益、成本、来源版本；portfolio_scenario: 情景、周期、权重、成本、流动性、CVaR、回撤、合法可用比例,核验企业海外收入、汇兑损益、冻结、退出和储备配置事实。,https://field.10jqka.com.cn/20251105/c672268440.shtml,公开GET；具体API查询参数在正式source_registry冻结；禁止认证信息落盘。,按MIME与用途读取,,,company_overseas_exposure | country_event | asset_monthly_return | portfolio_scenario,DB03 中国企业海外风险 | DB02 国别与危机下钻 | DB04 多币种—黄金周期实验室 | DB04/DB05 配置与约束,取得状态、内容可用性、提取状态和正式用途四态齐全；不得单独支撑核心结论。,,NOT_APPLICABLE,NOT_ACQUIRED,FAILED,EXCLUDED,,D,仅保留元数据；正式分析改用许可允许的权威替代源。,NOT_APPLICABLE|NOT_ACQUIRED|FAILED|EXCLUDED,2026-08-16T09:22:23.193Z
WEB-0063,20260816_research_archive_v1,METADATA_ONLY_LICENSE,财新报道，2019,finance.caixin.com,08_企业案例与公开披露,C,metadata_only,NOT_ACQUIRED,company_overseas_exposure: 企业、财年、海外收入、披露地区、汇兑损益、外币资产负债、套保、现金、授信、页码；country_event: 事件ID、国家、类型、起止月、触发值、证据等级、决策时可知性；asset_monthly_return: 月份、资产、计价口径、价格、收益、成本、来源版本；portfolio_scenario: 情景、周期、权重、成本、流动性、CVaR、回撤、合法可用比例,核验企业海外收入、汇兑损益、冻结、退出和储备配置事实。,https://finance.caixin.com/2019-06-25/101431232.html,公开GET；具体API查询参数在正式source_registry冻结；禁止认证信息落盘。,HTML表格: cheerio；正文: Readability+Markdown；动态页: 公开API/人工任务卡,,,company_overseas_exposure | country_event | asset_monthly_return | portfolio_scenario,DB03 中国企业海外风险 | DB02 国别与危机下钻 | DB04 多币种—黄金周期实验室 | DB04/DB05 配置与约束,取得状态、内容可用性、提取状态和正式用途四态齐全；不得单独支撑核心结论。,,NOT_APPLICABLE,NOT_ACQUIRED,FAILED,EXCLUDED,NOT_ACQUIRED,D,仅保留元数据；正式分析改用许可允许的权威替代源。,NOT_APPLICABLE|NOT_ACQUIRED|FAILED|EXCLUDED,2026-08-16T09:22:23.193Z
WEB-0064,20260816_research_archive_v1,METADATA_ONLY_LICENSE,世界黄金协会，2026-01,finance.eastmoney.com,08_企业案例与公开披露,D,metadata_only,NOT_ACQUIRED,company_overseas_exposure: 企业、财年、海外收入、披露地区、汇兑损益、外币资产负债、套保、现金、授信、页码；country_event: 事件ID、国家、类型、起止月、触发值、证据等级、决策时可知性；asset_monthly_return: 月份、资产、计价口径、价格、收益、成本、来源版本；portfolio_scenario: 情景、周期、权重、成本、流动性、CVaR、回撤、合法可用比例,核验企业海外收入、汇兑损益、冻结、退出和储备配置事实。,https://finance.eastmoney.com/a/202601293635229941.html,公开GET；具体API查询参数在正式source_registry冻结；禁止认证信息落盘。,HTML表格: cheerio；正文: Readability+Markdown；动态页: 公开API/人工任务卡,,,company_overseas_exposure | country_event | asset_monthly_return | portfolio_scenario,DB03 中国企业海外风险 | DB02 国别与危机下钻 | DB04 多币种—黄金周期实验室 | DB04/DB05 配置与约束,取得状态、内容可用性、提取状态和正式用途四态齐全；不得单独支撑核心结论。,,NOT_APPLICABLE,NOT_ACQUIRED,FAILED,EXCLUDED,NOT_ACQUIRED,D,仅保留元数据；正式分析改用许可允许的权威替代源。,NOT_APPLICABLE|NOT_ACQUIRED|FAILED|EXCLUDED,2026-08-16T09:22:23.193Z
WEB-0065,20260816_research_archive_v1,METADATA_ONLY_LICENSE,世界黄金协会，2026-01,finance.eastmoney.com,08_企业案例与公开披露,D,metadata_only,NOT_ACQUIRED,company_overseas_exposure: 企业、财年、海外收入、披露地区、汇兑损益、外币资产负债、套保、现金、授信、页码；country_event: 事件ID、国家、类型、起止月、触发值、证据等级、决策时可知性；asset_monthly_return: 月份、资产、计价口径、价格、收益、成本、来源版本；portfolio_scenario: 情景、周期、权重、成本、流动性、CVaR、回撤、合法可用比例,核验企业海外收入、汇兑损益、冻结、退出和储备配置事实。,https://finance.eastmoney.com/a/202601293635238166.html,公开GET；具体API查询参数在正式source_registry冻结；禁止认证信息落盘。,HTML表格: cheerio；正文: Readability+Markdown；动态页: 公开API/人工任务卡,,,company_overseas_exposure | country_event | asset_monthly_return | portfolio_scenario,DB03 中国企业海外风险 | DB02 国别与危机下钻 | DB04 多币种—黄金周期实验室 | DB04/DB05 配置与约束,取得状态、内容可用性、提取状态和正式用途四态齐全；不得单独支撑核心结论。,,NOT_APPLICABLE,NOT_ACQUIRED,FAILED,EXCLUDED,NOT_ACQUIRED,D,仅保留元数据；正式分析改用许可允许的权威替代源。,NOT_APPLICABLE|NOT_ACQUIRED|FAILED|EXCLUDED,2026-08-16T09:22:23.193Z
WEB-0066,20260816_research_archive_v1,METADATA_ONLY_LICENSE,证券时报·数据宝,finance.sina.cn,08_企业案例与公开披露,C,metadata_only,NOT_ACQUIRED,company_overseas_exposure: 企业、财年、海外收入、披露地区、汇兑损益、外币资产负债、套保、现金、授信、页码；country_event: 事件ID、国家、类型、起止月、触发值、证据等级、决策时可知性；asset_monthly_return: 月份、资产、计价口径、价格、收益、成本、来源版本；portfolio_scenario: 情景、周期、权重、成本、流动性、CVaR、回撤、合法可用比例,核验企业海外收入、汇兑损益、冻结、退出和储备配置事实。,https://finance.sina.cn/2019-11-01/detail-iicezuev6448497.d.html,公开GET；具体API查询参数在正式source_registry冻结；禁止认证信息落盘。,HTML表格: cheerio；正文: Readability+Markdown；动态页: 公开API/人工任务卡,,,company_overseas_exposure | country_event | asset_monthly_return | portfolio_scenario,DB03 中国企业海外风险 | DB02 国别与危机下钻 | DB04 多币种—黄金周期实验室 | DB04/DB05 配置与约束,取得状态、内容可用性、提取状态和正式用途四态齐全；不得单独支撑核心结论。,,NOT_APPLICABLE,NOT_ACQUIRED,FAILED,EXCLUDED,NOT_ACQUIRED,D,仅保留元数据；正式分析改用许可允许的权威替代源。,NOT_APPLICABLE|NOT_ACQUIRED|FAILED|EXCLUDED,2026-08-16T09:22:23.193Z
WEB-0067,20260816_research_archive_v1,METADATA_ONLY_LICENSE,"3. 新浪财经（2022）：""对1970年代滞涨期的回顾和对比""（美元指数 1971 年 120.4→1980 年 84.7），",finance.sina.cn,05_全球周期与历史危机,C,metadata_only,NOT_ACQUIRED,asset_monthly_return: 月份、资产、计价口径、价格、收益、成本、来源版本；case_evidence: 案例ID、事件簇、命题角色、关键事实、来源等级、页码、复核状态；historical_crisis_event: 历史事件、制度环境、政策节点、起止期、可比性、黄金与美元表现；global_cycle_month: 月份、工业生产、失业、CPI、利率、利差、美元、金融条件、市场回撤、周期标签,识别全球经济周期、资产泡沫、信用危机、衰退与历史制度差异。,https://finance.sina.cn/futuremarket/qsyw/2022-07-06/detail-imizirav2178461.d.html,公开GET；具体API查询参数在正式source_registry冻结；禁止认证信息落盘。,HTML表格: cheerio；正文: Readability+Markdown；动态页: 公开API/人工任务卡,,,asset_monthly_return | case_evidence | historical_crisis_event | global_cycle_month,DB04 多币种—黄金周期实验室 | DB05 决策、约束与证据中心 | DB06 全球周期与历史危机,取得状态、内容可用性、提取状态和正式用途四态齐全；不得单独支撑核心结论。,,NOT_APPLICABLE,NOT_ACQUIRED,FAILED,EXCLUDED,NOT_ACQUIRED,B,仅保留元数据；正式分析改用许可允许的权威替代源。,NOT_APPLICABLE|NOT_ACQUIRED|FAILED|EXCLUDED,2026-08-16T09:22:23.193Z
WEB-0068,20260816_research_archive_v1,METADATA_ONLY_LICENSE,新浪财经引外汇局，2026-01,finance.sina.cn,08_企业案例与公开披露,C,metadata_only,NOT_ACQUIRED,company_overseas_exposure: 企业、财年、海外收入、披露地区、汇兑损益、外币资产负债、套保、现金、授信、页码；country_event: 事件ID、国家、类型、起止月、触发值、证据等级、决策时可知性；asset_monthly_return: 月份、资产、计价口径、价格、收益、成本、来源版本；portfolio_scenario: 情景、周期、权重、成本、流动性、CVaR、回撤、合法可用比例,核验企业海外收入、汇兑损益、冻结、退出和储备配置事实。,https://finance.sina.cn/stock/ggyj/2026-01-21/detail-inhiaktt8097986.d.html?vt=4,公开GET；具体API查询参数在正式source_registry冻结；禁止认证信息落盘。,HTML表格: cheerio；正文: Readability+Markdown；动态页: 公开API/人工任务卡,,,company_overseas_exposure | country_event | asset_monthly_return | portfolio_scenario,DB03 中国企业海外风险 | DB02 国别与危机下钻 | DB04 多币种—黄金周期实验室 | DB04/DB05 配置与约束,取得状态、内容可用性、提取状态和正式用途四态齐全；不得单独支撑核心结论。,,NOT_APPLICABLE,NOT_ACQUIRED,FAILED,EXCLUDED,NOT_ACQUIRED,D,仅保留元数据；正式分析改用许可允许的权威替代源。,NOT_APPLICABLE|NOT_ACQUIRED|FAILED|EXCLUDED,2026-08-16T09:22:23.193Z
WEB-0069,20260816_research_archive_v1,METADATA_ONLY_LICENSE,粤开证券李奇霖，2019,finance.sina.cn,08_企业案例与公开披露,C,metadata_only,NOT_ACQUIRED,company_overseas_exposure: 企业、财年、海外收入、披露地区、汇兑损益、外币资产负债、套保、现金、授信、页码；country_event: 事件ID、国家、类型、起止月、触发值、证据等级、决策时可知性；asset_monthly_return: 月份、资产、计价口径、价格、收益、成本、来源版本；portfolio_scenario: 情景、周期、权重、成本、流动性、CVaR、回撤、合法可用比例,核验企业海外收入、汇兑损益、冻结、退出和储备配置事实。,https://finance.sina.cn/zl/2019-04-03/zl-ihvhiewr2875426.d.html,公开GET；具体API查询参数在正式source_registry冻结；禁止认证信息落盘。,HTML表格: cheerio；正文: Readability+Markdown；动态页: 公开API/人工任务卡,,,company_overseas_exposure | country_event | asset_monthly_return | portfolio_scenario,DB03 中国企业海外风险 | DB02 国别与危机下钻 | DB04 多币种—黄金周期实验室 | DB04/DB05 配置与约束,取得状态、内容可用性、提取状态和正式用途四态齐全；不得单独支撑核心结论。,,NOT_APPLICABLE,NOT_ACQUIRED,FAILED,EXCLUDED,NOT_ACQUIRED,D,仅保留元数据；正式分析改用许可允许的权威替代源。,NOT_APPLICABLE|NOT_ACQUIRED|FAILED|EXCLUDED,2026-08-16T09:22:23.193Z
WEB-0070,20260816_research_archive_v1,METADATA_ONLY_LICENSE,人民银行，2018,finance.sina.com.cn,08_企业案例与公开披露,C,metadata_only,NOT_ACQUIRED,company_overseas_exposure: 企业、财年、海外收入、披露地区、汇兑损益、外币资产负债、套保、现金、授信、页码；country_event: 事件ID、国家、类型、起止月、触发值、证据等级、决策时可知性；asset_monthly_return: 月份、资产、计价口径、价格、收益、成本、来源版本；portfolio_scenario: 情景、周期、权重、成本、流动性、CVaR、回撤、合法可用比例,核验企业海外收入、汇兑损益、冻结、退出和储备配置事实。,https://finance.sina.com.cn/money/nmetal/roll/2018-12-14/doc-ihmutuec9237941.shtml,公开GET；具体API查询参数在正式source_registry冻结；禁止认证信息落盘。,按MIME与用途读取,,,company_overseas_exposure | country_event | asset_monthly_return | portfolio_scenario,DB03 中国企业海外风险 | DB02 国别与危机下钻 | DB04 多币种—黄金周期实验室 | DB04/DB05 配置与约束,取得状态、内容可用性、提取状态和正式用途四态齐全；不得单独支撑核心结论。,,NOT_APPLICABLE,NOT_ACQUIRED,FAILED,EXCLUDED,,D,仅保留元数据；正式分析改用许可允许的权威替代源。,NOT_APPLICABLE|NOT_ACQUIRED|FAILED|EXCLUDED,2026-08-16T09:22:23.193Z
WEB-0071,20260816_research_archive_v1,METADATA_ONLY_LICENSE,1. 标普 500 历史数据（2020 峰值/谷底/全年）：Yahoo Finance/Refinitiv 历史行情,finance.yahoo.com,05_全球周期与历史危机,D,metadata_only,NOT_ACQUIRED,case_evidence: 案例ID、事件簇、命题角色、关键事实、来源等级、页码、复核状态；historical_crisis_event: 历史事件、制度环境、政策节点、起止期、可比性、黄金与美元表现；global_cycle_month: 月份、工业生产、失业、CPI、利率、利差、美元、金融条件、市场回撤、周期标签,识别全球经济周期、资产泡沫、信用危机、衰退与历史制度差异。,https://finance.yahoo.com/quote/%5EGSPC/history,公开GET；具体API查询参数在正式source_registry冻结；禁止认证信息落盘。,按MIME与用途读取,,,case_evidence | historical_crisis_event | global_cycle_month,DB05 决策、约束与证据中心 | DB06 全球周期与历史危机,取得状态、内容可用性、提取状态和正式用途四态齐全；不得单独支撑核心结论。,,NOT_APPLICABLE,NOT_ACQUIRED,FAILED,EXCLUDED,,B,仅保留元数据；正式分析改用许可允许的权威替代源。,NOT_APPLICABLE|NOT_ACQUIRED|FAILED|EXCLUDED,2026-08-16T09:22:23.193Z
WEB-0072,20260816_research_archive_v1,METADATA_ONLY_LICENSE,6. Financial Gravity（引标普500 2007年10月—2009年3月回撤56.8%数据），2024年，,financialgravityfamilyofficeservices.com,05_全球周期与历史危机,D,metadata_only,NOT_ACQUIRED,portfolio_scenario: 情景、周期、权重、成本、流动性、CVaR、回撤、合法可用比例；case_evidence: 案例ID、事件簇、命题角色、关键事实、来源等级、页码、复核状态；historical_crisis_event: 历史事件、制度环境、政策节点、起止期、可比性、黄金与美元表现；global_cycle_month: 月份、工业生产、失业、CPI、利率、利差、美元、金融条件、市场回撤、周期标签,识别全球经济周期、资产泡沫、信用危机、衰退与历史制度差异。,https://financialgravityfamilyofficeservices.com/walters/newsletter/cautionary-tale,公开GET；具体API查询参数在正式source_registry冻结；禁止认证信息落盘。,按MIME与用途读取,,,portfolio_scenario | case_evidence | historical_crisis_event | global_cycle_month,DB04/DB05 配置与约束 | DB05 决策、约束与证据中心 | DB06 全球周期与历史危机,取得状态、内容可用性、提取状态和正式用途四态齐全；不得单独支撑核心结论。,,NOT_APPLICABLE,NOT_ACQUIRED,FAILED,EXCLUDED,,B,仅保留元数据；正式分析改用许可允许的权威替代源。,NOT_APPLICABLE|NOT_ACQUIRED|FAILED|EXCLUDED,2026-08-16T09:22:23.194Z
WEB-0073,20260816_research_archive_v1,DOWNLOADED_VERIFIED,3. 美国财政部年报（1940，圣路易斯联储 FRASER 档案）：1911–1932 年白银年均价格表，1929 年 53.3 美分、1932 年 28.2 美分、1932 年 12 月低点 24.6 美分。,fraser.stlouisfed.org,08_企业案例与公开披露,D,private_only,DOCUMENT_LOCAL,company_overseas_exposure: 企业、财年、海外收入、披露地区、汇兑损益、外币资产负债、套保、现金、授信、页码；country_event: 事件ID、国家、类型、起止月、触发值、证据等级、决策时可知性；portfolio_scenario: 情景、周期、权重、成本、流动性、CVaR、回撤、合法可用比例；case_evidence: 案例ID、事件簇、命题角色、关键事实、来源等级、页码、复核状态；historical_crisis_event: 历史事件、制度环境、政策节点、起止期、可比性、黄金与美元表现,核验企业海外收入、汇兑损益、冻结、退出和储备配置事实。,https://fraser.stlouisfed.org/files/docs/publications/treasar/AR_TREASURY_1940.pdf,公开GET；具体API查询参数在正式source_registry冻结；禁止认证信息落盘。,pdftotext/OCR候选+页码双人复核,08_企业案例与公开披露/外部原件/WEB-0073_3._美国财政部年报（1940，圣路易斯联储_FRASER_档案）：1911–1932_年白银年均价格表，1929_年_53.3_美分、1932/original.pdf,,company_overseas_exposure | country_event | portfolio_scenario | case_evidence | historical_crisis_event,DB03 中国企业海外风险 | DB02 国别与危机下钻 | DB04/DB05 配置与约束 | DB05 决策、约束与证据中心 | DB06 全球周期与历史危机,取得状态、内容可用性、提取状态和正式用途四态齐全；不得单独支撑核心结论。,,ACQUIRED,DOCUMENT_LOCAL,NOT_REQUIRED,EXCLUDED,,D,补充权威替代来源；无法取得时删除相应字段和结论承诺。,ACQUIRED|DOCUMENT_LOCAL|NOT_REQUIRED|EXCLUDED,2026-08-16T09:22:23.194Z
WEB-0074,20260816_research_archive_v1,METADATA_ONLY_LICENSE,Federal Reserve Bank of St. Louis 来源资料（WEB-0074）,Federal Reserve Bank of St. Louis,06_黄金美元与储备配置,D,metadata_only,NOT_ACQUIRED,source_registry: 平台版本、导入能力、ETL、模型、AIChat、XML、评分条款；asset_monthly_return: 月份、资产、计价口径、价格、收益、成本、来源版本；portfolio_scenario: 情景、周期、权重、成本、流动性、CVaR、回撤、合法可用比例,比较美元、短债、黄金、人民币资产与套保工具的周期性作用。,https://fred.stlouisfed.org/,公开GET；具体API查询参数在正式source_registry冻结；禁止认证信息落盘。,按MIME与用途读取,,,source_registry | asset_monthly_return | portfolio_scenario,通用交付与评分证据 | DB04 多币种—黄金周期实验室 | DB04/DB05 配置与约束,取得状态、内容可用性、提取状态和正式用途四态齐全；不得单独支撑核心结论。,,NOT_APPLICABLE,NOT_ACQUIRED,FAILED,EXCLUDED,,B,仅保留元数据；正式分析改用许可允许的权威替代源。,NOT_APPLICABLE|NOT_ACQUIRED|FAILED|EXCLUDED,2026-08-16T09:22:23.194Z
WEB-0075,20260816_research_archive_v1,METADATA_ONLY_LICENSE,FRED法律条款,Federal Reserve Bank of St. Louis,06_黄金美元与储备配置,D,metadata_only,NOT_ACQUIRED,country_policy_year: ISO3、年份、汇率制度、资本限制、汇出限制、制裁主体、有效期、原文定位；asset_monthly_return: 月份、资产、计价口径、价格、收益、成本、来源版本；portfolio_scenario: 情景、周期、权重、成本、流动性、CVaR、回撤、合法可用比例,比较美元、短债、黄金、人民币资产与套保工具的周期性作用。,https://fred.stlouisfed.org/legal,公开GET；具体API查询参数在正式source_registry冻结；禁止认证信息落盘。,按MIME与用途读取,,,country_policy_year | asset_monthly_return | portfolio_scenario,DB02/DB05 政策与约束 | DB04 多币种—黄金周期实验室 | DB04/DB05 配置与约束,取得状态、内容可用性、提取状态和正式用途四态齐全；不得单独支撑核心结论。,,NOT_APPLICABLE,NOT_ACQUIRED,FAILED,EXCLUDED,,B,仅保留元数据；正式分析改用许可允许的权威替代源。,NOT_APPLICABLE|NOT_ACQUIRED|FAILED|EXCLUDED,2026-08-16T09:22:23.194Z
WEB-0076,20260816_research_archive_v1,METADATA_ONLY_LICENSE,1. 埃镑汇率数据（15.7 → 48–50）：美联储圣路易斯分部（FRED）EGP/USD,Federal Reserve Bank of St. Louis,06_黄金美元与储备配置,D,metadata_only,NOT_ACQUIRED,country_monthly_risk: ISO3、月份、官方汇率、CPI、储备、平行汇率、发布日期、质量标记；country_event: 事件ID、国家、类型、起止月、触发值、证据等级、决策时可知性；asset_monthly_return: 月份、资产、计价口径、价格、收益、成本、来源版本；portfolio_scenario: 情景、周期、权重、成本、流动性、CVaR、回撤、合法可用比例；case_evidence: 案例ID、事件簇、命题角色、关键事实、来源等级、页码、复核状态,比较美元、短债、黄金、人民币资产与套保工具的周期性作用。,https://fred.stlouisfed.org/series/AEXEGUS,公开GET；具体API查询参数在正式source_registry冻结；禁止认证信息落盘。,按MIME与用途读取,,,country_monthly_risk | country_event | asset_monthly_return | portfolio_scenario | case_evidence,DB01/DB02 国别风险与危机下钻 | DB02 国别与危机下钻 | DB04 多币种—黄金周期实验室 | DB04/DB05 配置与约束 | DB05 决策、约束与证据中心,取得状态、内容可用性、提取状态和正式用途四态齐全；不得单独支撑核心结论。,,NOT_APPLICABLE,NOT_ACQUIRED,FAILED,EXCLUDED,,B,仅保留元数据；正式分析改用许可允许的权威替代源。,NOT_APPLICABLE|NOT_ACQUIRED|FAILED|EXCLUDED,2026-08-16T09:22:23.194Z
WEB-0077,20260816_research_archive_v1,METADATA_ONLY_LICENSE,1. 里亚尔汇率数据（2011–2025）：IMF IFS / Bonbast（伊朗黑市汇率跟踪）/美联储 FRED（IRR/USD）,Federal Reserve Bank of St. Louis,06_黄金美元与储备配置,D,metadata_only,NOT_ACQUIRED,country_monthly_risk: ISO3、月份、官方汇率、CPI、储备、平行汇率、发布日期、质量标记；country_event: 事件ID、国家、类型、起止月、触发值、证据等级、决策时可知性；asset_monthly_return: 月份、资产、计价口径、价格、收益、成本、来源版本；portfolio_scenario: 情景、周期、权重、成本、流动性、CVaR、回撤、合法可用比例；case_evidence: 案例ID、事件簇、命题角色、关键事实、来源等级、页码、复核状态,比较美元、短债、黄金、人民币资产与套保工具的周期性作用。,https://fred.stlouisfed.org/series/AEXIRUS,公开GET；具体API查询参数在正式source_registry冻结；禁止认证信息落盘。,按MIME与用途读取,,,country_monthly_risk | country_event | asset_monthly_return | portfolio_scenario | case_evidence,DB01/DB02 国别风险与危机下钻 | DB02 国别与危机下钻 | DB04 多币种—黄金周期实验室 | DB04/DB05 配置与约束 | DB05 决策、约束与证据中心,取得状态、内容可用性、提取状态和正式用途四态齐全；不得单独支撑核心结论。,,NOT_APPLICABLE,NOT_ACQUIRED,FAILED,EXCLUDED,,B,仅保留元数据；正式分析改用许可允许的权威替代源。,NOT_APPLICABLE|NOT_ACQUIRED|FAILED|EXCLUDED,2026-08-16T09:22:23.194Z
WEB-0078,20260816_research_archive_v1,METADATA_ONLY_LICENSE,"1. 奈拉汇率数据（N461 → N1,535）：美联储圣路易斯分部（FRED）NGN/USD",Federal Reserve Bank of St. Louis,08_企业案例与公开披露,D,metadata_only,NOT_ACQUIRED,company_overseas_exposure: 企业、财年、海外收入、披露地区、汇兑损益、外币资产负债、套保、现金、授信、页码；country_monthly_risk: ISO3、月份、官方汇率、CPI、储备、平行汇率、发布日期、质量标记；country_event: 事件ID、国家、类型、起止月、触发值、证据等级、决策时可知性；asset_monthly_return: 月份、资产、计价口径、价格、收益、成本、来源版本；portfolio_scenario: 情景、周期、权重、成本、流动性、CVaR、回撤、合法可用比例；case_evidence: 案例ID、事件簇、命题角色、关键事实、来源等级、页码、复核状态,核验企业海外收入、汇兑损益、冻结、退出和储备配置事实。,https://fred.stlouisfed.org/series/AEXNUS,公开GET；具体API查询参数在正式source_registry冻结；禁止认证信息落盘。,按MIME与用途读取,,,company_overseas_exposure | country_monthly_risk | country_event | asset_monthly_return | portfolio_scenario | case_evidence,DB03 中国企业海外风险 | DB01/DB02 国别风险与危机下钻 | DB02 国别与危机下钻 | DB04 多币种—黄金周期实验室 | DB04/DB05 配置与约束 | DB05 决策、约束与证据中心,取得状态、内容可用性、提取状态和正式用途四态齐全；不得单独支撑核心结论。,,NOT_APPLICABLE,NOT_ACQUIRED,FAILED,EXCLUDED,,D,仅保留元数据；正式分析改用许可允许的权威替代源。,NOT_APPLICABLE|NOT_ACQUIRED|FAILED|EXCLUDED,2026-08-16T09:22:23.194Z
WEB-0079,20260816_research_archive_v1,METADATA_ONLY_LICENSE,"Adjusted Spread,",Federal Reserve Bank of St. Louis,06_黄金美元与储备配置,D,metadata_only,NOT_ACQUIRED,source_registry: 平台版本、导入能力、ETL、模型、AIChat、XML、评分条款；asset_monthly_return: 月份、资产、计价口径、价格、收益、成本、来源版本；portfolio_scenario: 情景、周期、权重、成本、流动性、CVaR、回撤、合法可用比例,比较美元、短债、黄金、人民币资产与套保工具的周期性作用。,https://fred.stlouisfed.org/series/BAMLH0A0HYM2,公开GET；具体API查询参数在正式source_registry冻结；禁止认证信息落盘。,按MIME与用途读取,,,source_registry | asset_monthly_return | portfolio_scenario,通用交付与评分证据 | DB04 多币种—黄金周期实验室 | DB04/DB05 配置与约束,取得状态、内容可用性、提取状态和正式用途四态齐全；不得单独支撑核心结论。,,NOT_APPLICABLE,NOT_ACQUIRED,FAILED,EXCLUDED,,B,仅保留元数据；正式分析改用许可允许的权威替代源。,NOT_APPLICABLE|NOT_ACQUIRED|FAILED|EXCLUDED,2026-08-16T09:22:23.194Z
WEB-0080,20260816_research_archive_v1,METADATA_ONLY_LICENSE,1. 卢布 2014 年汇率（33 → 68，-72%）：美联储圣路易斯分部（FRED）RUB/USD,Federal Reserve Bank of St. Louis,07_会计合规与制裁,D,metadata_only,NOT_ACQUIRED,country_monthly_risk: ISO3、月份、官方汇率、CPI、储备、平行汇率、发布日期、质量标记；country_policy_year: ISO3、年份、汇率制度、资本限制、汇出限制、制裁主体、有效期、原文定位；country_event: 事件ID、国家、类型、起止月、触发值、证据等级、决策时可知性；asset_monthly_return: 月份、资产、计价口径、价格、收益、成本、来源版本；case_evidence: 案例ID、事件簇、命题角色、关键事实、来源等级、页码、复核状态,限定会计分类、托管、制裁、外汇管制和合法可用性边界。,https://fred.stlouisfed.org/series/CCUSMA02RUM618N,公开GET；具体API查询参数在正式source_registry冻结；禁止认证信息落盘。,按MIME与用途读取,,,country_monthly_risk | country_policy_year | country_event | asset_monthly_return | case_evidence,DB01/DB02 国别风险与危机下钻 | DB02/DB05 政策与约束 | DB02 国别与危机下钻 | DB04 多币种—黄金周期实验室 | DB05 决策、约束与证据中心,取得状态、内容可用性、提取状态和正式用途四态齐全；不得单独支撑核心结论。,,NOT_APPLICABLE,NOT_ACQUIRED,FAILED,EXCLUDED,,A/D,仅保留元数据；正式分析改用许可允许的权威替代源。,NOT_APPLICABLE|NOT_ACQUIRED|FAILED|EXCLUDED,2026-08-16T09:22:23.194Z
WEB-0081,20260816_research_archive_v1,METADATA_ONLY_LICENSE,2. 美联储圣路易斯分部（FRED）比索/美元汇率数据,Federal Reserve Bank of St. Louis,05_全球周期与历史危机,D,metadata_only,NOT_ACQUIRED,country_monthly_risk: ISO3、月份、官方汇率、CPI、储备、平行汇率、发布日期、质量标记；asset_monthly_return: 月份、资产、计价口径、价格、收益、成本、来源版本；case_evidence: 案例ID、事件簇、命题角色、关键事实、来源等级、页码、复核状态；historical_crisis_event: 历史事件、制度环境、政策节点、起止期、可比性、黄金与美元表现；global_cycle_month: 月份、工业生产、失业、CPI、利率、利差、美元、金融条件、市场回撤、周期标签,识别全球经济周期、资产泡沫、信用危机、衰退与历史制度差异。,https://fred.stlouisfed.org/series/DEXMXUS,公开GET；具体API查询参数在正式source_registry冻结；禁止认证信息落盘。,按MIME与用途读取,,,country_monthly_risk | asset_monthly_return | case_evidence | historical_crisis_event | global_cycle_month,DB01/DB02 国别风险与危机下钻 | DB04 多币种—黄金周期实验室 | DB05 决策、约束与证据中心 | DB06 全球周期与历史危机,取得状态、内容可用性、提取状态和正式用途四态齐全；不得单独支撑核心结论。,,NOT_APPLICABLE,NOT_ACQUIRED,FAILED,EXCLUDED,,B,仅保留元数据；正式分析改用许可允许的权威替代源。,NOT_APPLICABLE|NOT_ACQUIRED|FAILED|EXCLUDED,2026-08-16T09:22:23.194Z
WEB-0082,20260816_research_archive_v1,METADATA_ONLY_LICENSE,2. 美联储圣路易斯分部（FRED）阿根廷比索/美元汇率,Federal Reserve Bank of St. Louis,08_企业案例与公开披露,D,metadata_only,NOT_ACQUIRED,company_overseas_exposure: 企业、财年、海外收入、披露地区、汇兑损益、外币资产负债、套保、现金、授信、页码；country_monthly_risk: ISO3、月份、官方汇率、CPI、储备、平行汇率、发布日期、质量标记；country_event: 事件ID、国家、类型、起止月、触发值、证据等级、决策时可知性；asset_monthly_return: 月份、资产、计价口径、价格、收益、成本、来源版本；portfolio_scenario: 情景、周期、权重、成本、流动性、CVaR、回撤、合法可用比例；case_evidence: 案例ID、事件簇、命题角色、关键事实、来源等级、页码、复核状态,核验企业海外收入、汇兑损益、冻结、退出和储备配置事实。,https://fred.stlouisfed.org/series/DEXRARL,公开GET；具体API查询参数在正式source_registry冻结；禁止认证信息落盘。,按MIME与用途读取,,,company_overseas_exposure | country_monthly_risk | country_event | asset_monthly_return | portfolio_scenario | case_evidence,DB03 中国企业海外风险 | DB01/DB02 国别风险与危机下钻 | DB02 国别与危机下钻 | DB04 多币种—黄金周期实验室 | DB04/DB05 配置与约束 | DB05 决策、约束与证据中心,取得状态、内容可用性、提取状态和正式用途四态齐全；不得单独支撑核心结论。,,NOT_APPLICABLE,NOT_ACQUIRED,FAILED,EXCLUDED,,D,仅保留元数据；正式分析改用许可允许的权威替代源。,NOT_APPLICABLE|NOT_ACQUIRED|FAILED|EXCLUDED,2026-08-16T09:22:23.194Z
WEB-0083,20260816_research_archive_v1,METADATA_ONLY_LICENSE,1. 土耳其里拉汇率数据（2018–2025）：美联储圣路易斯分部（FRED）TRY/USD,Federal Reserve Bank of St. Louis,06_黄金美元与储备配置,D,metadata_only,NOT_ACQUIRED,country_monthly_risk: ISO3、月份、官方汇率、CPI、储备、平行汇率、发布日期、质量标记；country_event: 事件ID、国家、类型、起止月、触发值、证据等级、决策时可知性；asset_monthly_return: 月份、资产、计价口径、价格、收益、成本、来源版本；portfolio_scenario: 情景、周期、权重、成本、流动性、CVaR、回撤、合法可用比例；case_evidence: 案例ID、事件簇、命题角色、关键事实、来源等级、页码、复核状态,比较美元、短债、黄金、人民币资产与套保工具的周期性作用。,https://fred.stlouisfed.org/series/DEXTAUS,公开GET；具体API查询参数在正式source_registry冻结；禁止认证信息落盘。,按MIME与用途读取,,,country_monthly_risk | country_event | asset_monthly_return | portfolio_scenario | case_evidence,DB01/DB02 国别风险与危机下钻 | DB02 国别与危机下钻 | DB04 多币种—黄金周期实验室 | DB04/DB05 配置与约束 | DB05 决策、约束与证据中心,取得状态、内容可用性、提取状态和正式用途四态齐全；不得单独支撑核心结论。,,NOT_APPLICABLE,NOT_ACQUIRED,FAILED,EXCLUDED,,B,仅保留元数据；正式分析改用许可允许的权威替代源。,NOT_APPLICABLE|NOT_ACQUIRED|FAILED|EXCLUDED,2026-08-16T09:22:23.194Z
WEB-0084,20260816_research_archive_v1,METADATA_ONLY_LICENSE,5. 联邦基金利率（沃尔克 20% 峰值，1981-06）：美联储圣路易斯分部,Federal Reserve Bank of St. Louis,05_全球周期与历史危机,D,metadata_only,NOT_ACQUIRED,asset_monthly_return: 月份、资产、计价口径、价格、收益、成本、来源版本；case_evidence: 案例ID、事件簇、命题角色、关键事实、来源等级、页码、复核状态；historical_crisis_event: 历史事件、制度环境、政策节点、起止期、可比性、黄金与美元表现；global_cycle_month: 月份、工业生产、失业、CPI、利率、利差、美元、金融条件、市场回撤、周期标签,识别全球经济周期、资产泡沫、信用危机、衰退与历史制度差异。,https://fred.stlouisfed.org/series/DFF,公开GET；具体API查询参数在正式source_registry冻结；禁止认证信息落盘。,按MIME与用途读取,,,asset_monthly_return | case_evidence | historical_crisis_event | global_cycle_month,DB04 多币种—黄金周期实验室 | DB05 决策、约束与证据中心 | DB06 全球周期与历史危机,取得状态、内容可用性、提取状态和正式用途四态齐全；不得单独支撑核心结论。,,NOT_APPLICABLE,NOT_ACQUIRED,FAILED,EXCLUDED,,B,仅保留元数据；正式分析改用许可允许的权威替代源。,NOT_APPLICABLE|NOT_ACQUIRED|FAILED|EXCLUDED,2026-08-16T09:22:23.194Z
WEB-0085,20260816_research_archive_v1,METADATA_ONLY_LICENSE,5. 以色列谢克尔汇率：FRED ILS/USD,Federal Reserve Bank of St. Louis,07_会计合规与制裁,D,metadata_only,NOT_ACQUIRED,country_monthly_risk: ISO3、月份、官方汇率、CPI、储备、平行汇率、发布日期、质量标记；country_policy_year: ISO3、年份、汇率制度、资本限制、汇出限制、制裁主体、有效期、原文定位；asset_monthly_return: 月份、资产、计价口径、价格、收益、成本、来源版本；case_evidence: 案例ID、事件簇、命题角色、关键事实、来源等级、页码、复核状态,限定会计分类、托管、制裁、外汇管制和合法可用性边界。,https://fred.stlouisfed.org/series/EXILUS,公开GET；具体API查询参数在正式source_registry冻结；禁止认证信息落盘。,按MIME与用途读取,,,country_monthly_risk | country_policy_year | asset_monthly_return | case_evidence,DB01/DB02 国别风险与危机下钻 | DB02/DB05 政策与约束 | DB04 多币种—黄金周期实验室 | DB05 决策、约束与证据中心,取得状态、内容可用性、提取状态和正式用途四态齐全；不得单独支撑核心结论。,,NOT_APPLICABLE,NOT_ACQUIRED,FAILED,EXCLUDED,,A/D,仅保留元数据；正式分析改用许可允许的权威替代源。,NOT_APPLICABLE|NOT_ACQUIRED|FAILED|EXCLUDED,2026-08-16T09:22:23.194Z
WEB-0086,20260816_research_archive_v1,METADATA_ONLY_LICENSE,3. 希腊 10 年期国债收益率历史,Federal Reserve Bank of St. Louis,05_全球周期与历史危机,D,metadata_only,NOT_ACQUIRED,asset_monthly_return: 月份、资产、计价口径、价格、收益、成本、来源版本；case_evidence: 案例ID、事件簇、命题角色、关键事实、来源等级、页码、复核状态；historical_crisis_event: 历史事件、制度环境、政策节点、起止期、可比性、黄金与美元表现；global_cycle_month: 月份、工业生产、失业、CPI、利率、利差、美元、金融条件、市场回撤、周期标签,识别全球经济周期、资产泡沫、信用危机、衰退与历史制度差异。,https://fred.stlouisfed.org/series/IRLTLT01GRM156N,公开GET；具体API查询参数在正式source_registry冻结；禁止认证信息落盘。,按MIME与用途读取,,,asset_monthly_return | case_evidence | historical_crisis_event | global_cycle_month,DB04 多币种—黄金周期实验室 | DB05 决策、约束与证据中心 | DB06 全球周期与历史危机,取得状态、内容可用性、提取状态和正式用途四态齐全；不得单独支撑核心结论。,,NOT_APPLICABLE,NOT_ACQUIRED,FAILED,EXCLUDED,,B,仅保留元数据；正式分析改用许可允许的权威替代源。,NOT_APPLICABLE|NOT_ACQUIRED|FAILED|EXCLUDED,2026-08-16T09:22:23.194Z
WEB-0087,20260816_research_archive_v1,METADATA_ONLY_LICENSE,Federal Reserve Bank of St. Louis 来源资料（WEB-0087）,Federal Reserve Bank of St. Louis,06_黄金美元与储备配置,D,metadata_only,NOT_ACQUIRED,source_registry: 平台版本、导入能力、ETL、模型、AIChat、XML、评分条款；asset_monthly_return: 月份、资产、计价口径、价格、收益、成本、来源版本；portfolio_scenario: 情景、周期、权重、成本、流动性、CVaR、回撤、合法可用比例,比较美元、短债、黄金、人民币资产与套保工具的周期性作用。,https://fred.stlouisfed.org/series/NFCI,公开GET；具体API查询参数在正式source_registry冻结；禁止认证信息落盘。,按MIME与用途读取,,,source_registry | asset_monthly_return | portfolio_scenario,通用交付与评分证据 | DB04 多币种—黄金周期实验室 | DB04/DB05 配置与约束,取得状态、内容可用性、提取状态和正式用途四态齐全；不得单独支撑核心结论。,,NOT_APPLICABLE,NOT_ACQUIRED,FAILED,EXCLUDED,,B,仅保留元数据；正式分析改用许可允许的权威替代源。,NOT_APPLICABLE|NOT_ACQUIRED|FAILED|EXCLUDED,2026-08-16T09:22:23.194Z
WEB-0088,20260816_research_archive_v1,METADATA_ONLY_LICENSE,2. 美联储圣路易斯分部（FRED）卢布/美元汇率,Federal Reserve Bank of St. Louis,05_全球周期与历史危机,D,metadata_only,NOT_ACQUIRED,country_monthly_risk: ISO3、月份、官方汇率、CPI、储备、平行汇率、发布日期、质量标记；asset_monthly_return: 月份、资产、计价口径、价格、收益、成本、来源版本；case_evidence: 案例ID、事件簇、命题角色、关键事实、来源等级、页码、复核状态；historical_crisis_event: 历史事件、制度环境、政策节点、起止期、可比性、黄金与美元表现；global_cycle_month: 月份、工业生产、失业、CPI、利率、利差、美元、金融条件、市场回撤、周期标签,识别全球经济周期、资产泡沫、信用危机、衰退与历史制度差异。,https://fred.stlouisfed.org/series/RBIBIS,公开GET；具体API查询参数在正式source_registry冻结；禁止认证信息落盘。,按MIME与用途读取,,,country_monthly_risk | asset_monthly_return | case_evidence | historical_crisis_event | global_cycle_month,DB01/DB02 国别风险与危机下钻 | DB04 多币种—黄金周期实验室 | DB05 决策、约束与证据中心 | DB06 全球周期与历史危机,取得状态、内容可用性、提取状态和正式用途四态齐全；不得单独支撑核心结论。,,NOT_APPLICABLE,NOT_ACQUIRED,FAILED,EXCLUDED,,B,仅保留元数据；正式分析改用许可允许的权威替代源。,NOT_APPLICABLE|NOT_ACQUIRED|FAILED|EXCLUDED,2026-08-16T09:22:23.194Z
WEB-0089,20260816_research_archive_v1,METADATA_ONLY_LICENSE,Federal Reserve Bank of St. Louis 来源资料（WEB-0089）,Federal Reserve Bank of St. Louis,06_黄金美元与储备配置,D,metadata_only,NOT_ACQUIRED,source_registry: 平台版本、导入能力、ETL、模型、AIChat、XML、评分条款；asset_monthly_return: 月份、资产、计价口径、价格、收益、成本、来源版本；portfolio_scenario: 情景、周期、权重、成本、流动性、CVaR、回撤、合法可用比例,比较美元、短债、黄金、人民币资产与套保工具的周期性作用。,https://fred.stlouisfed.org/series/SAHMREALTIME,公开GET；具体API查询参数在正式source_registry冻结；禁止认证信息落盘。,按MIME与用途读取,,,source_registry | asset_monthly_return | portfolio_scenario,通用交付与评分证据 | DB04 多币种—黄金周期实验室 | DB04/DB05 配置与约束,取得状态、内容可用性、提取状态和正式用途四态齐全；不得单独支撑核心结论。,,NOT_APPLICABLE,NOT_ACQUIRED,FAILED,EXCLUDED,,B,仅保留元数据；正式分析改用许可允许的权威替代源。,NOT_APPLICABLE|NOT_ACQUIRED|FAILED|EXCLUDED,2026-08-16T09:22:23.194Z
WEB-0090,20260816_research_archive_v1,METADATA_ONLY_LICENSE,"13 Federal Reserve Bank of St. Louis, FRED economic data,",fred.stlouisfed,06_黄金美元与储备配置,D,metadata_only,NOT_ACQUIRED,source_registry: 平台版本、导入能力、ETL、模型、AIChat、XML、评分条款；asset_monthly_return: 月份、资产、计价口径、价格、收益、成本、来源版本；portfolio_scenario: 情景、周期、权重、成本、流动性、CVaR、回撤、合法可用比例,比较美元、短债、黄金、人民币资产与套保工具的周期性作用。,https://fred.stlouisfed/,公开GET；具体API查询参数在正式source_registry冻结；禁止认证信息落盘。,按MIME与用途读取,,,source_registry | asset_monthly_return | portfolio_scenario,通用交付与评分证据 | DB04 多币种—黄金周期实验室 | DB04/DB05 配置与约束,取得状态、内容可用性、提取状态和正式用途四态齐全；不得单独支撑核心结论。,,NOT_APPLICABLE,NOT_ACQUIRED,FAILED,EXCLUDED,,B,仅保留元数据；正式分析改用许可允许的权威替代源。,NOT_APPLICABLE|NOT_ACQUIRED|FAILED|EXCLUDED,2026-08-16T09:22:23.194Z
WEB-0091,20260816_research_archive_v1,METADATA_ONLY_LICENSE,WGC 报告，2023,fund.eastmoney.com,08_企业案例与公开披露,D,metadata_only,NOT_ACQUIRED,company_overseas_exposure: 企业、财年、海外收入、披露地区、汇兑损益、外币资产负债、套保、现金、授信、页码；country_event: 事件ID、国家、类型、起止月、触发值、证据等级、决策时可知性；asset_monthly_return: 月份、资产、计价口径、价格、收益、成本、来源版本；portfolio_scenario: 情景、周期、权重、成本、流动性、CVaR、回撤、合法可用比例,核验企业海外收入、汇兑损益、冻结、退出和储备配置事实。,https://fund.eastmoney.com/a/202303312678415644.html,公开GET；具体API查询参数在正式source_registry冻结；禁止认证信息落盘。,HTML表格: cheerio；正文: Readability+Markdown；动态页: 公开API/人工任务卡,,,company_overseas_exposure | country_event | asset_monthly_return | portfolio_scenario,DB03 中国企业海外风险 | DB02 国别与危机下钻 | DB04 多币种—黄金周期实验室 | DB04/DB05 配置与约束,取得状态、内容可用性、提取状态和正式用途四态齐全；不得单独支撑核心结论。,,NOT_APPLICABLE,NOT_ACQUIRED,FAILED,EXCLUDED,NOT_ACQUIRED,D,仅保留元数据；正式分析改用许可允许的权威替代源。,NOT_APPLICABLE|NOT_ACQUIRED|FAILED|EXCLUDED,2026-08-16T09:22:23.194Z
WEB-0092,20260816_research_archive_v1,PAYWALL_OR_AUTH,"文本词典,THUOCL财经词表,论文参考文献32所列清华财经类词汇词库,更新于2016-12-24,3830词条,THUNLP/Heywhale,",github.com,06_黄金美元与储备配置,D,shared,NOT_ACQUIRED,asset_monthly_return: 月份、资产、计价口径、价格、收益、成本、来源版本；portfolio_scenario: 情景、周期、权重、成本、流动性、CVaR、回撤、合法可用比例,比较美元、短债、黄金、人民币资产与套保工具的周期性作用。,https://github.com/thunlp/THUOCL,公开GET；具体API查询参数在正式source_registry冻结；禁止认证信息落盘。,按MIME与用途读取,,,asset_monthly_return | portfolio_scenario,DB04 多币种—黄金周期实验室 | DB04/DB05 配置与约束,取得状态、内容可用性、提取状态和正式用途四态齐全；不得单独支撑核心结论。,,NOT_APPLICABLE,NOT_ACQUIRED,FAILED,EXCLUDED,AUTH_OR_BOT_CHALLENGE,B,由资料负责人合法登录、采购或申请授权；不得自动绕过。,NOT_APPLICABLE|NOT_ACQUIRED|FAILED|EXCLUDED,2026-08-16T09:22:23.194Z
WEB-0093,20260816_research_archive_v1,METADATA_ONLY_LICENSE,5. Tether XAUt（黄金计价稳定币，约 7.66 吨实物支持）：Tether 官方产品页面,gold.tether.to,08_企业案例与公开披露,D,metadata_only,NOT_ACQUIRED,company_overseas_exposure: 企业、财年、海外收入、披露地区、汇兑损益、外币资产负债、套保、现金、授信、页码；country_event: 事件ID、国家、类型、起止月、触发值、证据等级、决策时可知性；asset_monthly_return: 月份、资产、计价口径、价格、收益、成本、来源版本；portfolio_scenario: 情景、周期、权重、成本、流动性、CVaR、回撤、合法可用比例；case_evidence: 案例ID、事件簇、命题角色、关键事实、来源等级、页码、复核状态,核验企业海外收入、汇兑损益、冻结、退出和储备配置事实。,https://gold.tether.to/,公开GET；具体API查询参数在正式source_registry冻结；禁止认证信息落盘。,按MIME与用途读取,,,company_overseas_exposure | country_event | asset_monthly_return | portfolio_scenario | case_evidence,DB03 中国企业海外风险 | DB02 国别与危机下钻 | DB04 多币种—黄金周期实验室 | DB04/DB05 配置与约束 | DB05 决策、约束与证据中心,取得状态、内容可用性、提取状态和正式用途四态齐全；不得单独支撑核心结论。,,NOT_APPLICABLE,NOT_ACQUIRED,FAILED,EXCLUDED,,D,仅保留元数据；正式分析改用许可允许的权威替代源。,NOT_APPLICABLE|NOT_ACQUIRED|FAILED|EXCLUDED,2026-08-16T09:22:23.194Z
WEB-0094,20260816_research_archive_v1,METADATA_ONLY_LICENSE,"5. GoldSilver.com（引 LBMA 与 Macrotrends 数据）：""The 1971 Nixon Shock""（金价 35→850 美元、+2,300%），",goldsilver.com,05_全球周期与历史危机,D,metadata_only,NOT_ACQUIRED,asset_monthly_return: 月份、资产、计价口径、价格、收益、成本、来源版本；case_evidence: 案例ID、事件簇、命题角色、关键事实、来源等级、页码、复核状态；historical_crisis_event: 历史事件、制度环境、政策节点、起止期、可比性、黄金与美元表现；global_cycle_month: 月份、工业生产、失业、CPI、利率、利差、美元、金融条件、市场回撤、周期标签,识别全球经济周期、资产泡沫、信用危机、衰退与历史制度差异。,https://goldsilver.com/learn/how-money-works/the-1971-nixon-shock,公开GET；具体API查询参数在正式source_registry冻结；禁止认证信息落盘。,按MIME与用途读取,,,asset_monthly_return | case_evidence | historical_crisis_event | global_cycle_month,DB04 多币种—黄金周期实验室 | DB05 决策、约束与证据中心 | DB06 全球周期与历史危机,取得状态、内容可用性、提取状态和正式用途四态齐全；不得单独支撑核心结论。,,NOT_APPLICABLE,NOT_ACQUIRED,FAILED,EXCLUDED,,B,仅保留元数据；正式分析改用许可允许的权威替代源。,NOT_APPLICABLE|NOT_ACQUIRED|FAILED|EXCLUDED,2026-08-16T09:22:23.194Z
WEB-0095,20260816_research_archive_v1,METADATA_ONLY_LICENSE,"2. GoldSilver.com（引用 Macrotrends 百年金价图、LBMA 历史数据、World Gold Council），""Gold Price Cycles: What History's Patterns Tell Us""（2026），",goldsilver.com,05_全球周期与历史危机,D,metadata_only,NOT_ACQUIRED,case_evidence: 案例ID、事件簇、命题角色、关键事实、来源等级、页码、复核状态；historical_crisis_event: 历史事件、制度环境、政策节点、起止期、可比性、黄金与美元表现；global_cycle_month: 月份、工业生产、失业、CPI、利率、利差、美元、金融条件、市场回撤、周期标签,识别全球经济周期、资产泡沫、信用危机、衰退与历史制度差异。,https://goldsilver.com/learn/investing-in-gold/gold-price-cycles-market-trends,公开GET；具体API查询参数在正式source_registry冻结；禁止认证信息落盘。,按MIME与用途读取,,,case_evidence | historical_crisis_event | global_cycle_month,DB05 决策、约束与证据中心 | DB06 全球周期与历史危机,取得状态、内容可用性、提取状态和正式用途四态齐全；不得单独支撑核心结论。,,NOT_APPLICABLE,NOT_ACQUIRED,FAILED,EXCLUDED,,B,仅保留元数据；正式分析改用许可允许的权威替代源。,NOT_APPLICABLE|NOT_ACQUIRED|FAILED|EXCLUDED,2026-08-16T09:22:23.194Z
WEB-0096,20260816_research_archive_v1,METADATA_ONLY_LICENSE,"hm.src = """,hm.baidu.com,06_黄金美元与储备配置,D,metadata_only,NOT_ACQUIRED,asset_monthly_return: 月份、资产、计价口径、价格、收益、成本、来源版本；portfolio_scenario: 情景、周期、权重、成本、流动性、CVaR、回撤、合法可用比例,比较美元、短债、黄金、人民币资产与套保工具的周期性作用。,https://hm.baidu.com/hm.js?62fa33f77aa3ca59592c24364d3c42eb=,公开GET；具体API查询参数在正式source_registry冻结；禁止认证信息落盘。,按MIME与用途读取,,,asset_monthly_return | portfolio_scenario,DB04 多币种—黄金周期实验室 | DB04/DB05 配置与约束,取得状态、内容可用性、提取状态和正式用途四态齐全；不得单独支撑核心结论。,,NOT_APPLICABLE,NOT_ACQUIRED,FAILED,EXCLUDED,,B,仅保留元数据；正式分析改用许可允许的权威替代源。,NOT_APPLICABLE|NOT_ACQUIRED|FAILED|EXCLUDED,2026-08-16T09:22:23.194Z
WEB-0097,20260816_research_archive_v1,METADATA_ONLY_LICENSE,"hm.src = """,hm.baidu.com,06_黄金美元与储备配置,D,metadata_only,NOT_ACQUIRED,asset_monthly_return: 月份、资产、计价口径、价格、收益、成本、来源版本；portfolio_scenario: 情景、周期、权重、成本、流动性、CVaR、回撤、合法可用比例,比较美元、短债、黄金、人民币资产与套保工具的周期性作用。,https://hm.baidu.com/hm.js?9165e30c92968eb1baa5e3eb5f34dc60=,公开GET；具体API查询参数在正式source_registry冻结；禁止认证信息落盘。,按MIME与用途读取,,,asset_monthly_return | portfolio_scenario,DB04 多币种—黄金周期实验室 | DB04/DB05 配置与约束,取得状态、内容可用性、提取状态和正式用途四态齐全；不得单独支撑核心结论。,,NOT_APPLICABLE,NOT_ACQUIRED,FAILED,EXCLUDED,,B,仅保留元数据；正式分析改用许可允许的权威替代源。,NOT_APPLICABLE|NOT_ACQUIRED|FAILED|EXCLUDED,2026-08-16T09:22:23.194Z
WEB-0100,20260816_research_archive_v1,FETCH_FAILED,4. 美国 10 年期国债收益率：美国财政部利率历史,U.S. Department of the Treasury,05_全球周期与历史危机,A,shared,NOT_ACQUIRED,asset_monthly_return: 月份、资产、计价口径、价格、收益、成本、来源版本；case_evidence: 案例ID、事件簇、命题角色、关键事实、来源等级、页码、复核状态；historical_crisis_event: 历史事件、制度环境、政策节点、起止期、可比性、黄金与美元表现；global_cycle_month: 月份、工业生产、失业、CPI、利率、利差、美元、金融条件、市场回撤、周期标签,识别全球经济周期、资产泡沫、信用危机、衰退与历史制度差异。,https://home.treasury.gov/resource-center/data-chart-center/interest-rates,公开GET；具体API查询参数在正式source_registry冻结；禁止认证信息落盘。,按MIME与用途读取,,,asset_monthly_return | case_evidence | historical_crisis_event | global_cycle_month,DB04 多币种—黄金周期实验室 | DB05 决策、约束与证据中心 | DB06 全球周期与历史危机,取得状态、内容可用性、提取状态和正式用途四态齐全；核心数字须A级或双B级并有人审。,WEB-0101,NOT_ACQUIRED,NOT_ACQUIRED,FAILED,CORE,HTTP_503,B,补充权威替代来源；无法取得时删除相应字段和结论承诺。,NOT_ACQUIRED|NOT_ACQUIRED|FAILED|CORE,2026-08-16T09:22:23.194Z
WEB-0102,20260816_research_archive_v1,METADATA_ONLY_LICENSE,6. HowMuch.net（2020）：百年金银价格比图，1933 年金银比 132.4 的极值记录。,howmuch.net,05_全球周期与历史危机,D,metadata_only,NOT_ACQUIRED,case_evidence: 案例ID、事件簇、命题角色、关键事实、来源等级、页码、复核状态；historical_crisis_event: 历史事件、制度环境、政策节点、起止期、可比性、黄金与美元表现；global_cycle_month: 月份、工业生产、失业、CPI、利率、利差、美元、金融条件、市场回撤、周期标签,识别全球经济周期、资产泡沫、信用危机、衰退与历史制度差异。,https://howmuch.net/articles/gold-silver-ratio-timeline,公开GET；具体API查询参数在正式source_registry冻结；禁止认证信息落盘。,按MIME与用途读取,,,case_evidence | historical_crisis_event | global_cycle_month,DB05 决策、约束与证据中心 | DB06 全球周期与历史危机,取得状态、内容可用性、提取状态和正式用途四态齐全；不得单独支撑核心结论。,,NOT_APPLICABLE,NOT_ACQUIRED,FAILED,EXCLUDED,,B,仅保留元数据；正式分析改用许可允许的权威替代源。,NOT_APPLICABLE|NOT_ACQUIRED|FAILED|EXCLUDED,2026-08-16T09:22:23.194Z
WEB-0103,20260816_research_archive_v1,DOWNLOADED_VERIFIED,公开年报,imgs.h2o-china.com,08_企业案例与公开披露,D,private_only,DOCUMENT_LOCAL,company_overseas_exposure: 企业、财年、海外收入、披露地区、汇兑损益、外币资产负债、套保、现金、授信、页码；country_event: 事件ID、国家、类型、起止月、触发值、证据等级、决策时可知性；asset_monthly_return: 月份、资产、计价口径、价格、收益、成本、来源版本；portfolio_scenario: 情景、周期、权重、成本、流动性、CVaR、回撤、合法可用比例,核验企业海外收入、汇兑损益、冻结、退出和储备配置事实。,https://imgs.h2o-china.com/4d/fb/1016/883980422335d7f88721e49.PDF,公开GET；具体API查询参数在正式source_registry冻结；禁止认证信息落盘。,pdftotext/OCR候选+页码双人复核,08_企业案例与公开披露/外部原件/WEB-0103_公开年报/original.pdf,,company_overseas_exposure | country_event | asset_monthly_return | portfolio_scenario,DB03 中国企业海外风险 | DB02 国别与危机下钻 | DB04 多币种—黄金周期实验室 | DB04/DB05 配置与约束,取得状态、内容可用性、提取状态和正式用途四态齐全；不得单独支撑核心结论。,,ACQUIRED,DOCUMENT_LOCAL,NOT_REQUIRED,EXCLUDED,,D,补充权威替代来源；无法取得时删除相应字段和结论承诺。,ACQUIRED|DOCUMENT_LOCAL|NOT_REQUIRED|EXCLUDED,2026-08-16T09:22:23.194Z
WEB-0104,20260816_research_archive_v1,METADATA_ONLY_LICENSE,"1. 日经指数历史数据（峰值 38,957 点、谷底 7,607 点）：日经平均指数官方历史数据，<",indexes.nikkei.co.jp,05_全球周期与历史危机,D,metadata_only,NOT_ACQUIRED,case_evidence: 案例ID、事件簇、命题角色、关键事实、来源等级、页码、复核状态；historical_crisis_event: 历史事件、制度环境、政策节点、起止期、可比性、黄金与美元表现；global_cycle_month: 月份、工业生产、失业、CPI、利率、利差、美元、金融条件、市场回撤、周期标签,识别全球经济周期、资产泡沫、信用危机、衰退与历史制度差异。,https://indexes.nikkei.co.jp/nkave/historical/en/nikkei_stock_average_daily_en.html,公开GET；具体API查询参数在正式source_registry冻结；禁止认证信息落盘。,HTML表格: cheerio；正文: Readability+Markdown；动态页: 公开API/人工任务卡,,,case_evidence | historical_crisis_event | global_cycle_month,DB05 决策、约束与证据中心 | DB06 全球周期与历史危机,取得状态、内容可用性、提取状态和正式用途四态齐全；不得单独支撑核心结论。,,NOT_APPLICABLE,NOT_ACQUIRED,FAILED,EXCLUDED,NOT_ACQUIRED,B,仅保留元数据；正式分析改用许可允许的权威替代源。,NOT_APPLICABLE|NOT_ACQUIRED|FAILED|EXCLUDED,2026-08-16T09:22:23.194Z
WEB-0105,20260816_research_archive_v1,METADATA_ONLY_LICENSE,彭博社转引，2020,international.sindonews.com,08_企业案例与公开披露,D,metadata_only,NOT_ACQUIRED,company_overseas_exposure: 企业、财年、海外收入、披露地区、汇兑损益、外币资产负债、套保、现金、授信、页码；country_event: 事件ID、国家、类型、起止月、触发值、证据等级、决策时可知性；asset_monthly_return: 月份、资产、计价口径、价格、收益、成本、来源版本；portfolio_scenario: 情景、周期、权重、成本、流动性、CVaR、回撤、合法可用比例,核验企业海外收入、汇兑损益、冻结、退出和储备配置事实。,https://international.sindonews.com/read/88912/41/akui-guaido-presiden-venezuela-bank-inggris-tolak-maduro-tarik-emas-rp143-t-1593709649,公开GET；具体API查询参数在正式source_registry冻结；禁止认证信息落盘。,按MIME与用途读取,,,company_overseas_exposure | country_event | asset_monthly_return | portfolio_scenario,DB03 中国企业海外风险 | DB02 国别与危机下钻 | DB04 多币种—黄金周期实验室 | DB04/DB05 配置与约束,取得状态、内容可用性、提取状态和正式用途四态齐全；不得单独支撑核心结论。,,NOT_APPLICABLE,NOT_ACQUIRED,FAILED,EXCLUDED,,D,仅保留元数据；正式分析改用许可允许的权威替代源。,NOT_APPLICABLE|NOT_ACQUIRED|FAILED|EXCLUDED,2026-08-16T09:22:23.194Z
WEB-0106,20260816_research_archive_v1,METADATA_ONLY_LICENSE,1. International Banker（2021）：《The Dotcom Bubble Burst (2000)》——纳斯达克跌幅与 5 万亿美元市值蒸发数据。,internationalbanker.com,05_全球周期与历史危机,D,metadata_only,NOT_ACQUIRED,asset_monthly_return: 月份、资产、计价口径、价格、收益、成本、来源版本；case_evidence: 案例ID、事件簇、命题角色、关键事实、来源等级、页码、复核状态；historical_crisis_event: 历史事件、制度环境、政策节点、起止期、可比性、黄金与美元表现；global_cycle_month: 月份、工业生产、失业、CPI、利率、利差、美元、金融条件、市场回撤、周期标签,识别全球经济周期、资产泡沫、信用危机、衰退与历史制度差异。,https://internationalbanker.com/history-of-financial-crises/the-dotcom-bubble-burst-2000,公开GET；具体API查询参数在正式source_registry冻结；禁止认证信息落盘。,按MIME与用途读取,,,asset_monthly_return | case_evidence | historical_crisis_event | global_cycle_month,DB04 多币种—黄金周期实验室 | DB05 决策、约束与证据中心 | DB06 全球周期与历史危机,取得状态、内容可用性、提取状态和正式用途四态齐全；不得单独支撑核心结论。,,NOT_APPLICABLE,NOT_ACQUIRED,FAILED,EXCLUDED,,B,仅保留元数据；正式分析改用许可允许的权威替代源。,NOT_APPLICABLE|NOT_ACQUIRED|FAILED|EXCLUDED,2026-08-16T09:22:23.194Z
WEB-0107,20260816_research_archive_v1,METADATA_ONLY_LICENSE,"1. Palantir 2021Q2 财报与致股东信（购入 5,070 万美元金条、对冲黑天鹅表述）",investors.palantir.com,08_企业案例与公开披露,D,metadata_only,NOT_ACQUIRED,company_overseas_exposure: 企业、财年、海外收入、披露地区、汇兑损益、外币资产负债、套保、现金、授信、页码；country_event: 事件ID、国家、类型、起止月、触发值、证据等级、决策时可知性；asset_monthly_return: 月份、资产、计价口径、价格、收益、成本、来源版本；portfolio_scenario: 情景、周期、权重、成本、流动性、CVaR、回撤、合法可用比例；case_evidence: 案例ID、事件簇、命题角色、关键事实、来源等级、页码、复核状态,核验企业海外收入、汇兑损益、冻结、退出和储备配置事实。,https://investors.palantir.com/,公开GET；具体API查询参数在正式source_registry冻结；禁止认证信息落盘。,按MIME与用途读取,,,company_overseas_exposure | country_event | asset_monthly_return | portfolio_scenario | case_evidence,DB03 中国企业海外风险 | DB02 国别与危机下钻 | DB04 多币种—黄金周期实验室 | DB04/DB05 配置与约束 | DB05 决策、约束与证据中心,取得状态、内容可用性、提取状态和正式用途四态齐全；不得单独支撑核心结论。,,NOT_APPLICABLE,NOT_ACQUIRED,FAILED,EXCLUDED,,D,仅保留元数据；正式分析改用许可允许的权威替代源。,NOT_APPLICABLE|NOT_ACQUIRED|FAILED|EXCLUDED,2026-08-16T09:22:23.194Z
WEB-0110,20260816_research_archive_v1,METADATA_ONLY_LICENSE,7. KSE（基辅经济学院）《Direct losses of Russian assets and companies》2025,kse.ua,07_会计合规与制裁,D,metadata_only,NOT_ACQUIRED,company_overseas_exposure: 企业、财年、海外收入、披露地区、汇兑损益、外币资产负债、套保、现金、授信、页码；country_policy_year: ISO3、年份、汇率制度、资本限制、汇出限制、制裁主体、有效期、原文定位；country_event: 事件ID、国家、类型、起止月、触发值、证据等级、决策时可知性；case_evidence: 案例ID、事件簇、命题角色、关键事实、来源等级、页码、复核状态,限定会计分类、托管、制裁、外汇管制和合法可用性边界。,https://kse.ua/,公开GET；具体API查询参数在正式source_registry冻结；禁止认证信息落盘。,按MIME与用途读取,,,company_overseas_exposure | country_policy_year | country_event | case_evidence,DB03 中国企业海外风险 | DB02/DB05 政策与约束 | DB02 国别与危机下钻 | DB05 决策、约束与证据中心,取得状态、内容可用性、提取状态和正式用途四态齐全；不得单独支撑核心结论。,,NOT_APPLICABLE,NOT_ACQUIRED,FAILED,EXCLUDED,,A/D,仅保留元数据；正式分析改用许可允许的权威替代源。,NOT_APPLICABLE|NOT_ACQUIRED|FAILED|EXCLUDED,2026-08-16T09:22:23.194Z
WEB-0111,20260816_research_archive_v1,METADATA_ONLY_LICENSE,财联社，2025-01,m.cls.cn,08_企业案例与公开披露,C,metadata_only,NOT_ACQUIRED,company_overseas_exposure: 企业、财年、海外收入、披露地区、汇兑损益、外币资产负债、套保、现金、授信、页码；country_event: 事件ID、国家、类型、起止月、触发值、证据等级、决策时可知性；asset_monthly_return: 月份、资产、计价口径、价格、收益、成本、来源版本；portfolio_scenario: 情景、周期、权重、成本、流动性、CVaR、回撤、合法可用比例,核验企业海外收入、汇兑损益、冻结、退出和储备配置事实。,https://m.cls.cn/detail/1913267,公开GET；具体API查询参数在正式source_registry冻结；禁止认证信息落盘。,按MIME与用途读取,,,company_overseas_exposure | country_event | asset_monthly_return | portfolio_scenario,DB03 中国企业海外风险 | DB02 国别与危机下钻 | DB04 多币种—黄金周期实验室 | DB04/DB05 配置与约束,取得状态、内容可用性、提取状态和正式用途四态齐全；不得单独支撑核心结论。,,NOT_APPLICABLE,NOT_ACQUIRED,FAILED,EXCLUDED,,D,仅保留元数据；正式分析改用许可允许的权威替代源。,NOT_APPLICABLE|NOT_ACQUIRED|FAILED|EXCLUDED,2026-08-16T09:22:23.194Z
WEB-0112,20260816_research_archive_v1,METADATA_ONLY_LICENSE,财联社，2025-10,m.cls.cn,08_企业案例与公开披露,C,metadata_only,NOT_ACQUIRED,company_overseas_exposure: 企业、财年、海外收入、披露地区、汇兑损益、外币资产负债、套保、现金、授信、页码；country_event: 事件ID、国家、类型、起止月、触发值、证据等级、决策时可知性；asset_monthly_return: 月份、资产、计价口径、价格、收益、成本、来源版本；portfolio_scenario: 情景、周期、权重、成本、流动性、CVaR、回撤、合法可用比例,核验企业海外收入、汇兑损益、冻结、退出和储备配置事实。,https://m.cls.cn/detail/2176533,公开GET；具体API查询参数在正式source_registry冻结；禁止认证信息落盘。,按MIME与用途读取,,,company_overseas_exposure | country_event | asset_monthly_return | portfolio_scenario,DB03 中国企业海外风险 | DB02 国别与危机下钻 | DB04 多币种—黄金周期实验室 | DB04/DB05 配置与约束,取得状态、内容可用性、提取状态和正式用途四态齐全；不得单独支撑核心结论。,,NOT_APPLICABLE,NOT_ACQUIRED,FAILED,EXCLUDED,,D,仅保留元数据；正式分析改用许可允许的权威替代源。,NOT_APPLICABLE|NOT_ACQUIRED|FAILED|EXCLUDED,2026-08-16T09:22:23.194Z
WEB-0113,20260816_research_archive_v1,METADATA_ONLY_LICENSE,搜狐财经，2026-05,m.sohu.com,08_企业案例与公开披露,D,metadata_only,NOT_ACQUIRED,company_overseas_exposure: 企业、财年、海外收入、披露地区、汇兑损益、外币资产负债、套保、现金、授信、页码；country_event: 事件ID、国家、类型、起止月、触发值、证据等级、决策时可知性；asset_monthly_return: 月份、资产、计价口径、价格、收益、成本、来源版本；portfolio_scenario: 情景、周期、权重、成本、流动性、CVaR、回撤、合法可用比例,核验企业海外收入、汇兑损益、冻结、退出和储备配置事实。,https://m.sohu.com/a/1026660896_465408,公开GET；具体API查询参数在正式source_registry冻结；禁止认证信息落盘。,按MIME与用途读取,,,company_overseas_exposure | country_event | asset_monthly_return | portfolio_scenario,DB03 中国企业海外风险 | DB02 国别与危机下钻 | DB04 多币种—黄金周期实验室 | DB04/DB05 配置与约束,取得状态、内容可用性、提取状态和正式用途四态齐全；不得单独支撑核心结论。,,NOT_APPLICABLE,NOT_ACQUIRED,FAILED,EXCLUDED,,D,仅保留元数据；正式分析改用许可允许的权威替代源。,NOT_APPLICABLE|NOT_ACQUIRED|FAILED|EXCLUDED,2026-08-16T09:22:23.194Z
WEB-0114,20260816_research_archive_v1,METADATA_ONLY_LICENSE,"3. Federal Reserve History / maseconomics 综述——印尼盾贬值约 80%、韩元约 50%、IMF 超 1,100 亿美元救助、雅加达指数跌 81%：",maseconomics.com,05_全球周期与历史危机,D,metadata_only,NOT_ACQUIRED,asset_monthly_return: 月份、资产、计价口径、价格、收益、成本、来源版本；case_evidence: 案例ID、事件簇、命题角色、关键事实、来源等级、页码、复核状态；historical_crisis_event: 历史事件、制度环境、政策节点、起止期、可比性、黄金与美元表现；global_cycle_month: 月份、工业生产、失业、CPI、利率、利差、美元、金融条件、市场回撤、周期标签,识别全球经济周期、资产泡沫、信用危机、衰退与历史制度差异。,https://maseconomics.com/1997-asian-financial-crisis-explained-how-contagion-spread-across-borders,公开GET；具体API查询参数在正式source_registry冻结；禁止认证信息落盘。,按MIME与用途读取,,,asset_monthly_return | case_evidence | historical_crisis_event | global_cycle_month,DB04 多币种—黄金周期实验室 | DB05 决策、约束与证据中心 | DB06 全球周期与历史危机,取得状态、内容可用性、提取状态和正式用途四态齐全；不得单独支撑核心结论。,,NOT_APPLICABLE,NOT_ACQUIRED,FAILED,EXCLUDED,,B,仅保留元数据；正式分析改用许可允许的权威替代源。,NOT_APPLICABLE|NOT_ACQUIRED|FAILED|EXCLUDED,2026-08-16T09:22:23.194Z
WEB-0116,20260816_research_archive_v1,METADATA_ONLY_LICENSE,4. MetalCharts / National Mining Association 历史金价数据：1987年LBMA均价447美元、年涨约21.5%。,metalcharts.org,05_全球周期与历史危机,D,metadata_only,NOT_ACQUIRED,asset_monthly_return: 月份、资产、计价口径、价格、收益、成本、来源版本；case_evidence: 案例ID、事件簇、命题角色、关键事实、来源等级、页码、复核状态；historical_crisis_event: 历史事件、制度环境、政策节点、起止期、可比性、黄金与美元表现；global_cycle_month: 月份、工业生产、失业、CPI、利率、利差、美元、金融条件、市场回撤、周期标签,识别全球经济周期、资产泡沫、信用危机、衰退与历史制度差异。,https://metalcharts.org/gold-price-history,公开GET；具体API查询参数在正式source_registry冻结；禁止认证信息落盘。,按MIME与用途读取,,,asset_monthly_return | case_evidence | historical_crisis_event | global_cycle_month,DB04 多币种—黄金周期实验室 | DB05 决策、约束与证据中心 | DB06 全球周期与历史危机,取得状态、内容可用性、提取状态和正式用途四态齐全；不得单独支撑核心结论。,,NOT_APPLICABLE,NOT_ACQUIRED,FAILED,EXCLUDED,,B,仅保留元数据；正式分析改用许可允许的权威替代源。,NOT_APPLICABLE|NOT_ACQUIRED|FAILED|EXCLUDED,2026-08-16T09:22:23.195Z
WEB-0117,20260816_research_archive_v1,METADATA_ONLY_LICENSE,"4. Mises Institute, ""Understanding Money Mechanics""（货币供应膨胀70亿倍等数据），2024。",mises.org,04_国别货币与中国出海,D,metadata_only,NOT_ACQUIRED,country_monthly_risk: ISO3、月份、官方汇率、CPI、储备、平行汇率、发布日期、质量标记；country_policy_year: ISO3、年份、汇率制度、资本限制、汇出限制、制裁主体、有效期、原文定位；country_event: 事件ID、国家、类型、起止月、触发值、证据等级、决策时可知性；case_evidence: 案例ID、事件簇、命题角色、关键事实、来源等级、页码、复核状态,支持亚非拉国别风险、汇率、通胀、资本管制和中国投资暴露研究。,https://mises.org/understanding-money-mechanics/monetary-inflation-and-price-inflation,公开GET；具体API查询参数在正式source_registry冻结；禁止认证信息落盘。,按MIME与用途读取,,,country_monthly_risk | country_policy_year | country_event | case_evidence,DB01/DB02 国别风险与危机下钻 | DB02/DB05 政策与约束 | DB02 国别与危机下钻 | DB05 决策、约束与证据中心,取得状态、内容可用性、提取状态和正式用途四态齐全；不得单独支撑核心结论。,,NOT_APPLICABLE,NOT_ACQUIRED,FAILED,EXCLUDED,,B,仅保留元数据；正式分析改用许可允许的权威替代源。,NOT_APPLICABLE|NOT_ACQUIRED|FAILED|EXCLUDED,2026-08-16T09:22:23.195Z
WEB-0118,20260816_research_archive_v1,METADATA_ONLY_LICENSE,modelwhale.com 来源资料（WEB-0118）,modelwhale.com,06_黄金美元与储备配置,D,metadata_only,NOT_ACQUIRED,asset_monthly_return: 月份、资产、计价口径、价格、收益、成本、来源版本；portfolio_scenario: 情景、周期、权重、成本、流动性、CVaR、回撤、合法可用比例,比较美元、短债、黄金、人民币资产与套保工具的周期性作用。,https://modelwhale.com/client,公开GET；具体API查询参数在正式source_registry冻结；禁止认证信息落盘。,按MIME与用途读取,,,asset_monthly_return | portfolio_scenario,DB04 多币种—黄金周期实验室 | DB04/DB05 配置与约束,取得状态、内容可用性、提取状态和正式用途四态齐全；不得单独支撑核心结论。,,NOT_APPLICABLE,NOT_ACQUIRED,FAILED,EXCLUDED,,B,仅保留元数据；正式分析改用许可允许的权威替代源。,NOT_APPLICABLE|NOT_ACQUIRED|FAILED|EXCLUDED,2026-08-16T09:22:23.195Z
WEB-0119,20260816_research_archive_v1,METADATA_ONLY_LICENSE,中国黄金公告，2026,money.finance.sina.com.cn,08_企业案例与公开披露,C,metadata_only,NOT_ACQUIRED,company_overseas_exposure: 企业、财年、海外收入、披露地区、汇兑损益、外币资产负债、套保、现金、授信、页码；country_event: 事件ID、国家、类型、起止月、触发值、证据等级、决策时可知性；asset_monthly_return: 月份、资产、计价口径、价格、收益、成本、来源版本；portfolio_scenario: 情景、周期、权重、成本、流动性、CVaR、回撤、合法可用比例,核验企业海外收入、汇兑损益、冻结、退出和储备配置事实。,https://money.finance.sina.com.cn/corp/view/vCB_AllBulletinDetail.php?stockid=600916&id=12268449,公开GET；具体API查询参数在正式source_registry冻结；禁止认证信息落盘。,按MIME与用途读取,,,company_overseas_exposure | country_event | asset_monthly_return | portfolio_scenario,DB03 中国企业海外风险 | DB02 国别与危机下钻 | DB04 多币种—黄金周期实验室 | DB04/DB05 配置与约束,取得状态、内容可用性、提取状态和正式用途四态齐全；不得单独支撑核心结论。,,NOT_APPLICABLE,NOT_ACQUIRED,FAILED,EXCLUDED,,D,仅保留元数据；正式分析改用许可允许的权威替代源。,NOT_APPLICABLE|NOT_ACQUIRED|FAILED|EXCLUDED,2026-08-16T09:22:23.195Z
WEB-0120,20260816_research_archive_v1,METADATA_ONLY_LICENSE,mp.weixin.qq.com 来源资料（WEB-0120）,mp.weixin.qq.com,06_黄金美元与储备配置,D,metadata_only,NOT_ACQUIRED,asset_monthly_return: 月份、资产、计价口径、价格、收益、成本、来源版本；portfolio_scenario: 情景、周期、权重、成本、流动性、CVaR、回撤、合法可用比例,比较美元、短债、黄金、人民币资产与套保工具的周期性作用。,https://mp.weixin.qq.com/mp/appmsgalbum?__biz=Mzk0OTM0NDY2NQ%3D%3D&action=getalbum&album_id=2973375948618498052&scene=126,公开GET；具体API查询参数在正式source_registry冻结；禁止认证信息落盘。,按MIME与用途读取,,,asset_monthly_return | portfolio_scenario,DB04 多币种—黄金周期实验室 | DB04/DB05 配置与约束,取得状态、内容可用性、提取状态和正式用途四态齐全；不得单独支撑核心结论。,,NOT_APPLICABLE,NOT_ACQUIRED,FAILED,EXCLUDED,,B,仅保留元数据；正式分析改用许可允许的权威替代源。,NOT_APPLICABLE|NOT_ACQUIRED|FAILED|EXCLUDED,2026-08-16T09:22:23.195Z
WEB-0121,20260816_research_archive_v1,METADATA_ONLY_LICENSE,mw-ds-ng-parsed-meta-1254542291.cos.ap-nanjing.myqcloud.com 来源资料（WEB-0121）,mw-ds-ng-parsed-meta-1254542291.cos.ap-nanjing.myqcloud.com,06_黄金美元与储备配置,D,metadata_only,NOT_ACQUIRED,asset_monthly_return: 月份、资产、计价口径、价格、收益、成本、来源版本；portfolio_scenario: 情景、周期、权重、成本、流动性、CVaR、回撤、合法可用比例,比较美元、短债、黄金、人民币资产与套保工具的周期性作用。,https://mw-ds-ng-parsed-meta-1254542291.cos.ap-nanjing.myqcloud.com/$,公开GET；具体API查询参数在正式source_registry冻结；禁止认证信息落盘。,按MIME与用途读取,,,asset_monthly_return | portfolio_scenario,DB04 多币种—黄金周期实验室 | DB04/DB05 配置与约束,取得状态、内容可用性、提取状态和正式用途四态齐全；不得单独支撑核心结论。,,NOT_APPLICABLE,NOT_ACQUIRED,FAILED,EXCLUDED,,B,仅保留元数据；正式分析改用许可允许的权威替代源。,NOT_APPLICABLE|NOT_ACQUIRED|FAILED|EXCLUDED,2026-08-16T09:22:23.195Z
WEB-0122,20260816_research_archive_v1,METADATA_ONLY_LICENSE,mw-workspace-parsed-1254542291.cos.ap-nanjing.myqcloud.com 来源资料（WEB-0122）,mw-workspace-parsed-1254542291.cos.ap-nanjing.myqcloud.com,06_黄金美元与储备配置,D,metadata_only,NOT_ACQUIRED,asset_monthly_return: 月份、资产、计价口径、价格、收益、成本、来源版本；portfolio_scenario: 情景、周期、权重、成本、流动性、CVaR、回撤、合法可用比例,比较美元、短债、黄金、人民币资产与套保工具的周期性作用。,https://mw-workspace-parsed-1254542291.cos.ap-nanjing.myqcloud.com/$,公开GET；具体API查询参数在正式source_registry冻结；禁止认证信息落盘。,按MIME与用途读取,,,asset_monthly_return | portfolio_scenario,DB04 多币种—黄金周期实验室 | DB04/DB05 配置与约束,取得状态、内容可用性、提取状态和正式用途四态齐全；不得单独支撑核心结论。,,NOT_APPLICABLE,NOT_ACQUIRED,FAILED,EXCLUDED,,B,仅保留元数据；正式分析改用许可允许的权威替代源。,NOT_APPLICABLE|NOT_ACQUIRED|FAILED|EXCLUDED,2026-08-16T09:22:23.195Z
WEB-0123,20260816_research_archive_v1,METADATA_ONLY_LICENSE,"8. New Business Age（TC Correspondent），2014年，""Investors Run Away From Gold In 2013""——GLD全年减持546吨、两日自1525跌至1321美元",newbusinessage.com,05_全球周期与历史危机,D,metadata_only,NOT_ACQUIRED,asset_monthly_return: 月份、资产、计价口径、价格、收益、成本、来源版本；case_evidence: 案例ID、事件簇、命题角色、关键事实、来源等级、页码、复核状态；historical_crisis_event: 历史事件、制度环境、政策节点、起止期、可比性、黄金与美元表现；global_cycle_month: 月份、工业生产、失业、CPI、利率、利差、美元、金融条件、市场回撤、周期标签,识别全球经济周期、资产泡沫、信用危机、衰退与历史制度差异。,https://newbusinessage.com/news/2361/investors-run-away-from-gold-in-2013,公开GET；具体API查询参数在正式source_registry冻结；禁止认证信息落盘。,按MIME与用途读取,,,asset_monthly_return | case_evidence | historical_crisis_event | global_cycle_month,DB04 多币种—黄金周期实验室 | DB05 决策、约束与证据中心 | DB06 全球周期与历史危机,取得状态、内容可用性、提取状态和正式用途四态齐全；不得单独支撑核心结论。,,NOT_APPLICABLE,NOT_ACQUIRED,FAILED,EXCLUDED,,B,仅保留元数据；正式分析改用许可允许的权威替代源。,NOT_APPLICABLE|NOT_ACQUIRED|FAILED|EXCLUDED,2026-08-16T09:22:23.195Z
WEB-0124,20260816_research_archive_v1,METADATA_ONLY_LICENSE,New Lines Magazine，2026,newlinesmag.com,08_企业案例与公开披露,D,metadata_only,NOT_ACQUIRED,company_overseas_exposure: 企业、财年、海外收入、披露地区、汇兑损益、外币资产负债、套保、现金、授信、页码；country_event: 事件ID、国家、类型、起止月、触发值、证据等级、决策时可知性；asset_monthly_return: 月份、资产、计价口径、价格、收益、成本、来源版本；portfolio_scenario: 情景、周期、权重、成本、流动性、CVaR、回撤、合法可用比例,核验企业海外收入、汇兑损益、冻结、退出和储备配置事实。,https://newlinesmag.com/reportage/why-iran-is-witnessing-a-gold-rush,公开GET；具体API查询参数在正式source_registry冻结；禁止认证信息落盘。,按MIME与用途读取,,,company_overseas_exposure | country_event | asset_monthly_return | portfolio_scenario,DB03 中国企业海外风险 | DB02 国别与危机下钻 | DB04 多币种—黄金周期实验室 | DB04/DB05 配置与约束,取得状态、内容可用性、提取状态和正式用途四态齐全；不得单独支撑核心结论。,,NOT_APPLICABLE,NOT_ACQUIRED,FAILED,EXCLUDED,,D,仅保留元数据；正式分析改用许可允许的权威替代源。,NOT_APPLICABLE|NOT_ACQUIRED|FAILED|EXCLUDED,2026-08-16T09:22:23.195Z
WEB-0125,20260816_research_archive_v1,METADATA_ONLY_LICENSE,世界黄金协会，2026,news.10jqka.com.cn,08_企业案例与公开披露,D,metadata_only,NOT_ACQUIRED,company_overseas_exposure: 企业、财年、海外收入、披露地区、汇兑损益、外币资产负债、套保、现金、授信、页码；country_event: 事件ID、国家、类型、起止月、触发值、证据等级、决策时可知性；asset_monthly_return: 月份、资产、计价口径、价格、收益、成本、来源版本；portfolio_scenario: 情景、周期、权重、成本、流动性、CVaR、回撤、合法可用比例,核验企业海外收入、汇兑损益、冻结、退出和储备配置事实。,https://news.10jqka.com.cn/20260806/c678732646.shtml,公开GET；具体API查询参数在正式source_registry冻结；禁止认证信息落盘。,按MIME与用途读取,,,company_overseas_exposure | country_event | asset_monthly_return | portfolio_scenario,DB03 中国企业海外风险 | DB02 国别与危机下钻 | DB04 多币种—黄金周期实验室 | DB04/DB05 配置与约束,取得状态、内容可用性、提取状态和正式用途四态齐全；不得单独支撑核心结论。,,NOT_APPLICABLE,NOT_ACQUIRED,FAILED,EXCLUDED,,D,仅保留元数据；正式分析改用许可允许的权威替代源。,NOT_APPLICABLE|NOT_ACQUIRED|FAILED|EXCLUDED,2026-08-16T09:22:23.195Z
WEB-0126,20260816_research_archive_v1,METADATA_ONLY_LICENSE,新浪新闻引中国新闻周刊，2021,news.sina.cn,08_企业案例与公开披露,C,metadata_only,NOT_ACQUIRED,company_overseas_exposure: 企业、财年、海外收入、披露地区、汇兑损益、外币资产负债、套保、现金、授信、页码；country_event: 事件ID、国家、类型、起止月、触发值、证据等级、决策时可知性；asset_monthly_return: 月份、资产、计价口径、价格、收益、成本、来源版本；portfolio_scenario: 情景、周期、权重、成本、流动性、CVaR、回撤、合法可用比例,核验企业海外收入、汇兑损益、冻结、退出和储备配置事实。,https://news.sina.cn/gn/2021-11-20/detail-iktzscyy6640228.d.html?vt=4,公开GET；具体API查询参数在正式source_registry冻结；禁止认证信息落盘。,HTML表格: cheerio；正文: Readability+Markdown；动态页: 公开API/人工任务卡,,,company_overseas_exposure | country_event | asset_monthly_return | portfolio_scenario,DB03 中国企业海外风险 | DB02 国别与危机下钻 | DB04 多币种—黄金周期实验室 | DB04/DB05 配置与约束,取得状态、内容可用性、提取状态和正式用途四态齐全；不得单独支撑核心结论。,,NOT_APPLICABLE,NOT_ACQUIRED,FAILED,EXCLUDED,NOT_ACQUIRED,D,仅保留元数据；正式分析改用许可允许的权威替代源。,NOT_APPLICABLE|NOT_ACQUIRED|FAILED|EXCLUDED,2026-08-16T09:22:23.195Z
WEB-0127,20260816_research_archive_v1,METADATA_ONLY_LICENSE,4. MetalCharts / National Mining Association 历史金价数据：1987年LBMA均价447美元、年涨约21.5%。,nma.org,05_全球周期与历史危机,D,metadata_only,NOT_ACQUIRED,asset_monthly_return: 月份、资产、计价口径、价格、收益、成本、来源版本；case_evidence: 案例ID、事件簇、命题角色、关键事实、来源等级、页码、复核状态；historical_crisis_event: 历史事件、制度环境、政策节点、起止期、可比性、黄金与美元表现；global_cycle_month: 月份、工业生产、失业、CPI、利率、利差、美元、金融条件、市场回撤、周期标签,识别全球经济周期、资产泡沫、信用危机、衰退与历史制度差异。,https://nma.org/resources/historical-gold-prices-1833-to-present,公开GET；具体API查询参数在正式source_registry冻结；禁止认证信息落盘。,按MIME与用途读取,,,asset_monthly_return | case_evidence | historical_crisis_event | global_cycle_month,DB04 多币种—黄金周期实验室 | DB05 决策、约束与证据中心 | DB06 全球周期与历史危机,取得状态、内容可用性、提取状态和正式用途四态齐全；不得单独支撑核心结论。,,NOT_APPLICABLE,NOT_ACQUIRED,FAILED,EXCLUDED,,B,仅保留元数据；正式分析改用许可允许的权威替代源。,NOT_APPLICABLE|NOT_ACQUIRED|FAILED|EXCLUDED,2026-08-16T09:22:23.195Z
WEB-0130,20260816_research_archive_v1,METADATA_ONLY_LICENSE,"related Sanctions and Gold-related Transactions, 2022,",ofac.treasury,07_会计合规与制裁,A,metadata_only,NOT_ACQUIRED,country_policy_year: ISO3、年份、汇率制度、资本限制、汇出限制、制裁主体、有效期、原文定位；asset_monthly_return: 月份、资产、计价口径、价格、收益、成本、来源版本,限定会计分类、托管、制裁、外汇管制和合法可用性边界。,https://ofac.treasury/,公开GET；具体API查询参数在正式source_registry冻结；禁止认证信息落盘。,按MIME与用途读取,,,country_policy_year | asset_monthly_return,DB02/DB05 政策与约束 | DB04 多币种—黄金周期实验室,取得状态、内容可用性、提取状态和正式用途四态齐全；不得单独支撑核心结论。,,NOT_APPLICABLE,NOT_ACQUIRED,FAILED,EXCLUDED,,A/D,仅保留元数据；正式分析改用许可允许的权威替代源。,NOT_APPLICABLE|NOT_ACQUIRED|FAILED|EXCLUDED,2026-08-16T09:22:23.195Z
WEB-0131,20260816_research_archive_v1,METADATA_ONLY_LICENSE,5. OnlyGold 历史金价：1986年末390.9美元、1987年末486.5美元。,onlygold.com,05_全球周期与历史危机,D,metadata_only,NOT_ACQUIRED,asset_monthly_return: 月份、资产、计价口径、价格、收益、成本、来源版本；case_evidence: 案例ID、事件簇、命题角色、关键事实、来源等级、页码、复核状态；historical_crisis_event: 历史事件、制度环境、政策节点、起止期、可比性、黄金与美元表现；global_cycle_month: 月份、工业生产、失业、CPI、利率、利差、美元、金融条件、市场回撤、周期标签,识别全球经济周期、资产泡沫、信用危机、衰退与历史制度差异。,https://onlygold.com/gold-prices/historical-gold-prices,公开GET；具体API查询参数在正式source_registry冻结；禁止认证信息落盘。,按MIME与用途读取,,,asset_monthly_return | case_evidence | historical_crisis_event | global_cycle_month,DB04 多币种—黄金周期实验室 | DB05 决策、约束与证据中心 | DB06 全球周期与历史危机,取得状态、内容可用性、提取状态和正式用途四态齐全；不得单独支撑核心结论。,,NOT_APPLICABLE,NOT_ACQUIRED,FAILED,EXCLUDED,,B,仅保留元数据；正式分析改用许可允许的权威替代源。,NOT_APPLICABLE|NOT_ACQUIRED|FAILED|EXCLUDED,2026-08-16T09:22:23.195Z
WEB-0133,20260816_research_archive_v1,METADATA_ONLY_LICENSE,"3. 财新网，《""直升机撒钱""：赤字货币化是魔鬼吗》，2016。",opinion.caixin.com,04_国别货币与中国出海,C,metadata_only,NOT_ACQUIRED,country_monthly_risk: ISO3、月份、官方汇率、CPI、储备、平行汇率、发布日期、质量标记；country_policy_year: ISO3、年份、汇率制度、资本限制、汇出限制、制裁主体、有效期、原文定位；country_event: 事件ID、国家、类型、起止月、触发值、证据等级、决策时可知性；case_evidence: 案例ID、事件簇、命题角色、关键事实、来源等级、页码、复核状态,支持亚非拉国别风险、汇率、通胀、资本管制和中国投资暴露研究。,https://opinion.caixin.com/2016-08-24/100981080.html,公开GET；具体API查询参数在正式source_registry冻结；禁止认证信息落盘。,HTML表格: cheerio；正文: Readability+Markdown；动态页: 公开API/人工任务卡,,,country_monthly_risk | country_policy_year | country_event | case_evidence,DB01/DB02 国别风险与危机下钻 | DB02/DB05 政策与约束 | DB02 国别与危机下钻 | DB05 决策、约束与证据中心,取得状态、内容可用性、提取状态和正式用途四态齐全；不得单独支撑核心结论。,,NOT_APPLICABLE,NOT_ACQUIRED,FAILED,EXCLUDED,NOT_ACQUIRED,B,仅保留元数据；正式分析改用许可允许的权威替代源。,NOT_APPLICABLE|NOT_ACQUIRED|FAILED|EXCLUDED,2026-08-16T09:22:23.195Z
WEB-0134,20260816_research_archive_v1,METADATA_ONLY_LICENSE,财新网专栏，2023,opinion.caixin.com,08_企业案例与公开披露,C,metadata_only,NOT_ACQUIRED,company_overseas_exposure: 企业、财年、海外收入、披露地区、汇兑损益、外币资产负债、套保、现金、授信、页码；country_event: 事件ID、国家、类型、起止月、触发值、证据等级、决策时可知性；asset_monthly_return: 月份、资产、计价口径、价格、收益、成本、来源版本；portfolio_scenario: 情景、周期、权重、成本、流动性、CVaR、回撤、合法可用比例,核验企业海外收入、汇兑损益、冻结、退出和储备配置事实。,https://opinion.caixin.com/2023-08-09/102091459.html,公开GET；具体API查询参数在正式source_registry冻结；禁止认证信息落盘。,HTML表格: cheerio；正文: Readability+Markdown；动态页: 公开API/人工任务卡,,,company_overseas_exposure | country_event | asset_monthly_return | portfolio_scenario,DB03 中国企业海外风险 | DB02 国别与危机下钻 | DB04 多币种—黄金周期实验室 | DB04/DB05 配置与约束,取得状态、内容可用性、提取状态和正式用途四态齐全；不得单独支撑核心结论。,,NOT_APPLICABLE,NOT_ACQUIRED,FAILED,EXCLUDED,NOT_ACQUIRED,D,仅保留元数据；正式分析改用许可允许的权威替代源。,NOT_APPLICABLE|NOT_ACQUIRED|FAILED|EXCLUDED,2026-08-16T09:22:23.195Z
WEB-0135,20260816_research_archive_v1,DOWNLOADED_VERIFIED,东方财富研报，2021,pdf.dfcfw.com,08_企业案例与公开披露,D,private_only,DOCUMENT_LOCAL,company_overseas_exposure: 企业、财年、海外收入、披露地区、汇兑损益、外币资产负债、套保、现金、授信、页码；country_event: 事件ID、国家、类型、起止月、触发值、证据等级、决策时可知性；asset_monthly_return: 月份、资产、计价口径、价格、收益、成本、来源版本；portfolio_scenario: 情景、周期、权重、成本、流动性、CVaR、回撤、合法可用比例,核验企业海外收入、汇兑损益、冻结、退出和储备配置事实。,https://pdf.dfcfw.com/pdf/H3_AP202109261518619160_1.pdf,公开GET；具体API查询参数在正式source_registry冻结；禁止认证信息落盘。,pdftotext/OCR候选+页码双人复核,08_企业案例与公开披露/外部原件/WEB-0135_东方财富研报，2021/original.pdf,,company_overseas_exposure | country_event | asset_monthly_return | portfolio_scenario,DB03 中国企业海外风险 | DB02 国别与危机下钻 | DB04 多币种—黄金周期实验室 | DB04/DB05 配置与约束,取得状态、内容可用性、提取状态和正式用途四态齐全；不得单独支撑核心结论。,,ACQUIRED,DOCUMENT_LOCAL,NOT_REQUIRED,EXCLUDED,,D,补充权威替代来源；无法取得时删除相应字段和结论承诺。,ACQUIRED|DOCUMENT_LOCAL|NOT_REQUIRED|EXCLUDED,2026-08-16T09:22:23.195Z
WEB-0136,20260816_research_archive_v1,DOWNLOADED_VERIFIED,开源证券，2025-02,pdf.dfcfw.com,08_企业案例与公开披露,D,private_only,DOCUMENT_LOCAL,company_overseas_exposure: 企业、财年、海外收入、披露地区、汇兑损益、外币资产负债、套保、现金、授信、页码；country_event: 事件ID、国家、类型、起止月、触发值、证据等级、决策时可知性；asset_monthly_return: 月份、资产、计价口径、价格、收益、成本、来源版本；portfolio_scenario: 情景、周期、权重、成本、流动性、CVaR、回撤、合法可用比例,核验企业海外收入、汇兑损益、冻结、退出和储备配置事实。,https://pdf.dfcfw.com/pdf/H3_AP202502131643043350_1.pdf,公开GET；具体API查询参数在正式source_registry冻结；禁止认证信息落盘。,pdftotext/OCR候选+页码双人复核,08_企业案例与公开披露/外部原件/WEB-0136_开源证券，2025-02/original.pdf,,company_overseas_exposure | country_event | asset_monthly_return | portfolio_scenario,DB03 中国企业海外风险 | DB02 国别与危机下钻 | DB04 多币种—黄金周期实验室 | DB04/DB05 配置与约束,取得状态、内容可用性、提取状态和正式用途四态齐全；不得单独支撑核心结论。,,ACQUIRED,DOCUMENT_LOCAL,NOT_REQUIRED,EXCLUDED,,D,补充权威替代来源；无法取得时删除相应字段和结论承诺。,ACQUIRED|DOCUMENT_LOCAL|NOT_REQUIRED|EXCLUDED,2026-08-16T09:22:23.196Z
WEB-0137,20260816_research_archive_v1,DOWNLOADED_VERIFIED,开源证券，2025-01,pdf.dfcfw.com,08_企业案例与公开披露,D,private_only,DOCUMENT_LOCAL,company_overseas_exposure: 企业、财年、海外收入、披露地区、汇兑损益、外币资产负债、套保、现金、授信、页码；country_event: 事件ID、国家、类型、起止月、触发值、证据等级、决策时可知性；asset_monthly_return: 月份、资产、计价口径、价格、收益、成本、来源版本；portfolio_scenario: 情景、周期、权重、成本、流动性、CVaR、回撤、合法可用比例,核验企业海外收入、汇兑损益、冻结、退出和储备配置事实。,https://pdf.dfcfw.com/pdf/H301_AP202501231642482948_1.pdf,公开GET；具体API查询参数在正式source_registry冻结；禁止认证信息落盘。,pdftotext/OCR候选+页码双人复核,08_企业案例与公开披露/外部原件/WEB-0137_开源证券，2025-01/original.pdf,,company_overseas_exposure | country_event | asset_monthly_return | portfolio_scenario,DB03 中国企业海外风险 | DB02 国别与危机下钻 | DB04 多币种—黄金周期实验室 | DB04/DB05 配置与约束,取得状态、内容可用性、提取状态和正式用途四态齐全；不得单独支撑核心结论。,,ACQUIRED,DOCUMENT_LOCAL,NOT_REQUIRED,EXCLUDED,,D,补充权威替代来源；无法取得时删除相应字段和结论承诺。,ACQUIRED|DOCUMENT_LOCAL|NOT_REQUIRED|EXCLUDED,2026-08-16T09:22:23.196Z
WEB-0138,20260816_research_archive_v1,DOWNLOADED_VERIFIED,建筑业实证，2024,pdf.hanspub.org,08_企业案例与公开披露,D,private_only,DOCUMENT_LOCAL,company_overseas_exposure: 企业、财年、海外收入、披露地区、汇兑损益、外币资产负债、套保、现金、授信、页码；country_event: 事件ID、国家、类型、起止月、触发值、证据等级、决策时可知性；asset_monthly_return: 月份、资产、计价口径、价格、收益、成本、来源版本；portfolio_scenario: 情景、周期、权重、成本、流动性、CVaR、回撤、合法可用比例,核验企业海外收入、汇兑损益、冻结、退出和储备配置事实。,https://pdf.hanspub.org/ecl2024134_6332312079.pdf,公开GET；具体API查询参数在正式source_registry冻结；禁止认证信息落盘。,pdftotext/OCR候选+页码双人复核,08_企业案例与公开披露/外部原件/WEB-0138_建筑业实证，2024/original.pdf,,company_overseas_exposure | country_event | asset_monthly_return | portfolio_scenario,DB03 中国企业海外风险 | DB02 国别与危机下钻 | DB04 多币种—黄金周期实验室 | DB04/DB05 配置与约束,取得状态、内容可用性、提取状态和正式用途四态齐全；不得单独支撑核心结论。,,ACQUIRED,DOCUMENT_LOCAL,NOT_REQUIRED,EXCLUDED,,D,补充权威替代来源；无法取得时删除相应字段和结论承诺。,ACQUIRED|DOCUMENT_LOCAL|NOT_REQUIRED|EXCLUDED,2026-08-16T09:22:23.196Z
WEB-0140,20260816_research_archive_v1,FETCH_FAILED,缺失论文PDF恢复候选,NCBI/PMC,06_黄金美元与储备配置,A,shared,NOT_ACQUIRED,asset_monthly_return: 月份、资产、计价口径、价格、收益、成本、来源版本；portfolio_scenario: 情景、周期、权重、成本、流动性、CVaR、回撤、合法可用比例,比较美元、短债、黄金、人民币资产与套保工具的周期性作用。,https://pmc.ncbi.nlm.nih.gov/articles/PMC13025532/pdf/entropy-28-00271.pdf,公开GET；具体API查询参数在正式source_registry冻结；禁止认证信息落盘。,pdftotext/OCR候选+页码双人复核,,,asset_monthly_return | portfolio_scenario,DB04 多币种—黄金周期实验室 | DB04/DB05 配置与约束,取得状态、内容可用性、提取状态和正式用途四态齐全；核心数字须A级或双B级并有人审。,WEB-0115,NOT_ACQUIRED,NOT_ACQUIRED,FAILED,CORE,PDF_SIGNATURE_MISMATCH,B,补充权威替代来源；无法取得时删除相应字段和结论承诺。,NOT_ACQUIRED|NOT_ACQUIRED|FAILED|CORE,2026-08-16T09:22:23.196Z
WEB-0141,20260816_research_archive_v1,METADATA_ONLY_LICENSE,press.un.org 来源资料（WEB-0141）,press.un.org,06_黄金美元与储备配置,D,metadata_only,NOT_ACQUIRED,asset_monthly_return: 月份、资产、计价口径、价格、收益、成本、来源版本；portfolio_scenario: 情景、周期、权重、成本、流动性、CVaR、回撤、合法可用比例,比较美元、短债、黄金、人民币资产与套保工具的周期性作用。,https://press.un.org/en/2022/sgsm21132.doc.htm,公开GET；具体API查询参数在正式source_registry冻结；禁止认证信息落盘。,按MIME与用途读取,,,asset_monthly_return | portfolio_scenario,DB04 多币种—黄金周期实验室 | DB04/DB05 配置与约束,取得状态、内容可用性、提取状态和正式用途四态齐全；不得单独支撑核心结论。,,NOT_APPLICABLE,NOT_ACQUIRED,FAILED,EXCLUDED,,B,仅保留元数据；正式分析改用许可允许的权威替代源。,NOT_APPLICABLE|NOT_ACQUIRED|FAILED|EXCLUDED,2026-08-16T09:22:23.196Z
WEB-0142,20260816_research_archive_v1,METADATA_ONLY_LICENSE,res.wx.qq.com 来源资料（WEB-0142）,res.wx.qq.com,06_黄金美元与储备配置,D,metadata_only,NOT_ACQUIRED,asset_monthly_return: 月份、资产、计价口径、价格、收益、成本、来源版本；portfolio_scenario: 情景、周期、权重、成本、流动性、CVaR、回撤、合法可用比例,比较美元、短债、黄金、人民币资产与套保工具的周期性作用。,https://res.wx.qq.com/open/js/jweixin-1.3.2.js,公开GET；具体API查询参数在正式source_registry冻结；禁止认证信息落盘。,按MIME与用途读取,,,asset_monthly_return | portfolio_scenario,DB04 多币种—黄金周期实验室 | DB04/DB05 配置与约束,取得状态、内容可用性、提取状态和正式用途四态齐全；不得单独支撑核心结论。,,NOT_APPLICABLE,NOT_ACQUIRED,FAILED,EXCLUDED,,B,仅保留元数据；正式分析改用许可允许的权威替代源。,NOT_APPLICABLE|NOT_ACQUIRED|FAILED|EXCLUDED,2026-08-16T09:22:23.196Z
WEB-0143,20260816_research_archive_v1,DOWNLOADED_VERIFIED,《台大管理论丛》,review.management.ntu.edu.tw,08_企业案例与公开披露,D,private_only,DOCUMENT_LOCAL,company_overseas_exposure: 企业、财年、海外收入、披露地区、汇兑损益、外币资产负债、套保、现金、授信、页码；country_event: 事件ID、国家、类型、起止月、触发值、证据等级、决策时可知性；asset_monthly_return: 月份、资产、计价口径、价格、收益、成本、来源版本；portfolio_scenario: 情景、周期、权重、成本、流动性、CVaR、回撤、合法可用比例,核验企业海外收入、汇兑损益、冻结、退出和储备配置事实。,https://review.management.ntu.edu.tw/paper/4165-P.pdf,公开GET；具体API查询参数在正式source_registry冻结；禁止认证信息落盘。,pdftotext/OCR候选+页码双人复核,08_企业案例与公开披露/外部原件/WEB-0143_《台大管理论丛》/original.pdf,,company_overseas_exposure | country_event | asset_monthly_return | portfolio_scenario,DB03 中国企业海外风险 | DB02 国别与危机下钻 | DB04 多币种—黄金周期实验室 | DB04/DB05 配置与约束,取得状态、内容可用性、提取状态和正式用途四态齐全；不得单独支撑核心结论。,,ACQUIRED,DOCUMENT_LOCAL,NOT_REQUIRED,EXCLUDED,,D,补充权威替代来源；无法取得时删除相应字段和结论承诺。,ACQUIRED|DOCUMENT_LOCAL|NOT_REQUIRED|EXCLUDED,2026-08-16T09:22:23.196Z
WEB-0144,20260816_research_archive_v1,METADATA_ONLY_LICENSE,2. 俄罗斯 CPI（1998-12 同比 84%）：俄罗斯联邦统计局（Rosstat）,rosstat.gov.ru,04_国别货币与中国出海,A,metadata_only,NOT_ACQUIRED,country_monthly_risk: ISO3、月份、官方汇率、CPI、储备、平行汇率、发布日期、质量标记；country_policy_year: ISO3、年份、汇率制度、资本限制、汇出限制、制裁主体、有效期、原文定位；country_event: 事件ID、国家、类型、起止月、触发值、证据等级、决策时可知性；case_evidence: 案例ID、事件簇、命题角色、关键事实、来源等级、页码、复核状态,支持亚非拉国别风险、汇率、通胀、资本管制和中国投资暴露研究。,https://rosstat.gov.ru/,公开GET；具体API查询参数在正式source_registry冻结；禁止认证信息落盘。,按MIME与用途读取,,,country_monthly_risk | country_policy_year | country_event | case_evidence,DB01/DB02 国别风险与危机下钻 | DB02/DB05 政策与约束 | DB02 国别与危机下钻 | DB05 决策、约束与证据中心,取得状态、内容可用性、提取状态和正式用途四态齐全；不得单独支撑核心结论。,,NOT_APPLICABLE,NOT_ACQUIRED,FAILED,EXCLUDED,,B,仅保留元数据；正式分析改用许可允许的权威替代源。,NOT_APPLICABLE|NOT_ACQUIRED|FAILED|EXCLUDED,2026-08-16T09:22:23.196Z
WEB-0145,20260816_research_archive_v1,FETCH_FAILED,"a href=""",上海黄金交易所,06_黄金美元与储备配置,B,shared,NOT_ACQUIRED,asset_monthly_return: 月份、资产、计价口径、价格、收益、成本、来源版本；portfolio_scenario: 情景、周期、权重、成本、流动性、CVaR、回撤、合法可用比例,比较美元、短债、黄金、人民币资产与套保工具的周期性作用。,https://service.sge.com.cn:8443/financialinquiry/initAuth.htm,公开GET；具体API查询参数在正式source_registry冻结；禁止认证信息落盘。,按MIME与用途读取,,,asset_monthly_return | portfolio_scenario,DB04 多币种—黄金周期实验室 | DB04/DB05 配置与约束,取得状态、内容可用性、提取状态和正式用途四态齐全；不得单独支撑核心结论。,WEB-0395,NOT_ACQUIRED,NOT_ACQUIRED,FAILED,SUPPLEMENT,fetch failed,B,补充权威替代来源；无法取得时删除相应字段和结论承诺。,NOT_ACQUIRED|NOT_ACQUIRED|FAILED|SUPPLEMENT,2026-08-16T09:22:23.196Z
WEB-0146,20260816_research_archive_v1,DOWNLOADED_VERIFIED,BBVA 公告，2022,shareholdersandinvestors.bbva.com,07_会计合规与制裁,D,private_only,DOCUMENT_LOCAL,country_policy_year: ISO3、年份、汇率制度、资本限制、汇出限制、制裁主体、有效期、原文定位；asset_monthly_return: 月份、资产、计价口径、价格、收益、成本、来源版本,限定会计分类、托管、制裁、外汇管制和合法可用性边界。,https://shareholdersandinvestors.bbva.com/wp-content/uploads/2022/06/20220628-Implementation-of-IAS-29-to-BBVA-Turkey-Financial-Statements_ENG.pdf,公开GET；具体API查询参数在正式source_registry冻结；禁止认证信息落盘。,pdftotext/OCR候选+页码双人复核,07_会计合规与制裁/外部原件/WEB-0146_BBVA_公告，2022/original.pdf,,country_policy_year | asset_monthly_return,DB02/DB05 政策与约束 | DB04 多币种—黄金周期实验室,取得状态、内容可用性、提取状态和正式用途四态齐全；不得单独支撑核心结论。,,ACQUIRED,DOCUMENT_LOCAL,NOT_REQUIRED,EXCLUDED,,A/D,补充权威替代来源；无法取得时删除相应字段和结论承诺。,ACQUIRED|DOCUMENT_LOCAL|NOT_REQUIRED|EXCLUDED,2026-08-16T09:22:23.196Z
WEB-0147,20260816_research_archive_v1,METADATA_ONLY_LICENSE,silverinstitute.org 来源资料（WEB-0147）,silverinstitute.org,06_黄金美元与储备配置,D,metadata_only,NOT_ACQUIRED,asset_monthly_return: 月份、资产、计价口径、价格、收益、成本、来源版本；portfolio_scenario: 情景、周期、权重、成本、流动性、CVaR、回撤、合法可用比例,比较美元、短债、黄金、人民币资产与套保工具的周期性作用。,https://silverinstitute.org/all-world-silver-surveys,公开GET；具体API查询参数在正式source_registry冻结；禁止认证信息落盘。,按MIME与用途读取,,,asset_monthly_return | portfolio_scenario,DB04 多币种—黄金周期实验室 | DB04/DB05 配置与约束,取得状态、内容可用性、提取状态和正式用途四态齐全；不得单独支撑核心结论。,,NOT_APPLICABLE,NOT_ACQUIRED,FAILED,EXCLUDED,,B,仅保留元数据；正式分析改用许可允许的权威替代源。,NOT_APPLICABLE|NOT_ACQUIRED|FAILED|EXCLUDED,2026-08-16T09:22:23.196Z
WEB-0148,20260816_research_archive_v1,METADATA_ONLY_LICENSE,silverinstitute.org 来源资料（WEB-0148）,silverinstitute.org,06_黄金美元与储备配置,D,metadata_only,NOT_ACQUIRED,asset_monthly_return: 月份、资产、计价口径、价格、收益、成本、来源版本；portfolio_scenario: 情景、周期、权重、成本、流动性、CVaR、回撤、合法可用比例,比较美元、短债、黄金、人民币资产与套保工具的周期性作用。,https://silverinstitute.org/elevated-lease-rates-regional-liquidity-tightness-and-robust-investor-interest-resulted-in-record-silver-prices-in-2025,公开GET；具体API查询参数在正式source_registry冻结；禁止认证信息落盘。,按MIME与用途读取,,,asset_monthly_return | portfolio_scenario,DB04 多币种—黄金周期实验室 | DB04/DB05 配置与约束,取得状态、内容可用性、提取状态和正式用途四态齐全；不得单独支撑核心结论。,,NOT_APPLICABLE,NOT_ACQUIRED,FAILED,EXCLUDED,,B,仅保留元数据；正式分析改用许可允许的权威替代源。,NOT_APPLICABLE|NOT_ACQUIRED|FAILED|EXCLUDED,2026-08-16T09:22:23.196Z
WEB-0149,20260816_research_archive_v1,DOWNLOADED_VERIFIED,3. The Silver Institute（2026）：《World Silver Survey》——白银年度均价（2000：4.95；2001：4.37；2002：4.60 美元/盎司）。,silverinstitute.org,05_全球周期与历史危机,D,private_only,DOCUMENT_LOCAL,asset_monthly_return: 月份、资产、计价口径、价格、收益、成本、来源版本；case_evidence: 案例ID、事件簇、命题角色、关键事实、来源等级、页码、复核状态；historical_crisis_event: 历史事件、制度环境、政策节点、起止期、可比性、黄金与美元表现；global_cycle_month: 月份、工业生产、失业、CPI、利率、利差、美元、金融条件、市场回撤、周期标签,识别全球经济周期、资产泡沫、信用危机、衰退与历史制度差异。,https://silverinstitute.org/wp-content/uploads/2026/04/World-Silver-Survey-2026.pdf,公开GET；具体API查询参数在正式source_registry冻结；禁止认证信息落盘。,pdftotext/OCR候选+页码双人复核,05_全球周期与历史危机/外部原件/WEB-0149_3._The_Silver_Institute（2026）：《World_Silver_Survey》——白银年度均价（2000：4.95；20/original.pdf,,asset_monthly_return | case_evidence | historical_crisis_event | global_cycle_month,DB04 多币种—黄金周期实验室 | DB05 决策、约束与证据中心 | DB06 全球周期与历史危机,取得状态、内容可用性、提取状态和正式用途四态齐全；不得单独支撑核心结论。,,ACQUIRED,DOCUMENT_LOCAL,NOT_REQUIRED,EXCLUDED,,B,补充权威替代来源；无法取得时删除相应字段和结论承诺。,ACQUIRED|DOCUMENT_LOCAL|NOT_REQUIRED|EXCLUDED,2026-08-16T09:22:23.196Z
WEB-0150,20260816_research_archive_v1,METADATA_ONLY_LICENSE,4. Small Caps（2020）：《What history teaches us about gold in economic crises》，Homestake 股价 80→495 美元、1932 年全球黄金产量纪录、6102 号行政令细节。,smallcaps.com.au,05_全球周期与历史危机,D,metadata_only,NOT_ACQUIRED,asset_monthly_return: 月份、资产、计价口径、价格、收益、成本、来源版本；case_evidence: 案例ID、事件簇、命题角色、关键事实、来源等级、页码、复核状态；historical_crisis_event: 历史事件、制度环境、政策节点、起止期、可比性、黄金与美元表现；global_cycle_month: 月份、工业生产、失业、CPI、利率、利差、美元、金融条件、市场回撤、周期标签,识别全球经济周期、资产泡沫、信用危机、衰退与历史制度差异。,https://smallcaps.com.au/article/what-history-teaches-about-gold-economic-crises,公开GET；具体API查询参数在正式source_registry冻结；禁止认证信息落盘。,按MIME与用途读取,,,asset_monthly_return | case_evidence | historical_crisis_event | global_cycle_month,DB04 多币种—黄金周期实验室 | DB05 决策、约束与证据中心 | DB06 全球周期与历史危机,取得状态、内容可用性、提取状态和正式用途四态齐全；不得单独支撑核心结论。,,NOT_APPLICABLE,NOT_ACQUIRED,FAILED,EXCLUDED,,B,仅保留元数据；正式分析改用许可允许的权威替代源。,NOT_APPLICABLE|NOT_ACQUIRED|FAILED|EXCLUDED,2026-08-16T09:22:23.196Z
WEB-0151,20260816_research_archive_v1,MANUAL_ACTION_REQUIRED,static.heywhale.com 来源资料（WEB-0151）,static.heywhale.com,06_黄金美元与储备配置,D,metadata_only,NOT_ACQUIRED,asset_monthly_return: 月份、资产、计价口径、价格、收益、成本、来源版本；portfolio_scenario: 情景、周期、权重、成本、流动性、CVaR、回撤、合法可用比例,比较美元、短债、黄金、人民币资产与套保工具的周期性作用。,https://static.heywhale.com/bundle/workbench,公开GET；具体API查询参数在正式source_registry冻结；禁止认证信息落盘。,按MIME与用途读取,,,asset_monthly_return | portfolio_scenario,DB04 多币种—黄金周期实验室 | DB04/DB05 配置与约束,取得状态、内容可用性、提取状态和正式用途四态齐全；不得单独支撑核心结论。,,NOT_APPLICABLE,NOT_ACQUIRED,FAILED,EXCLUDED,,B,按人工任务卡接受条款或完成机构授权后重新验收。,NOT_APPLICABLE|NOT_ACQUIRED|FAILED|EXCLUDED,2026-08-16T09:22:23.196Z
WEB-0152,20260816_research_archive_v1,MANUAL_ACTION_REQUIRED,static.heywhale.com 来源资料（WEB-0152）,static.heywhale.com,06_黄金美元与储备配置,D,metadata_only,NOT_ACQUIRED,asset_monthly_return: 月份、资产、计价口径、价格、收益、成本、来源版本；portfolio_scenario: 情景、周期、权重、成本、流动性、CVaR、回撤、合法可用比例,比较美元、短债、黄金、人民币资产与套保工具的周期性作用。,https://static.heywhale.com/bundle/workbench/static/css/app.184341d4.css,公开GET；具体API查询参数在正式source_registry冻结；禁止认证信息落盘。,按MIME与用途读取,,,asset_monthly_return | portfolio_scenario,DB04 多币种—黄金周期实验室 | DB04/DB05 配置与约束,取得状态、内容可用性、提取状态和正式用途四态齐全；不得单独支撑核心结论。,,NOT_APPLICABLE,NOT_ACQUIRED,FAILED,EXCLUDED,,B,按人工任务卡接受条款或完成机构授权后重新验收。,NOT_APPLICABLE|NOT_ACQUIRED|FAILED|EXCLUDED,2026-08-16T09:22:23.196Z
WEB-0153,20260816_research_archive_v1,MANUAL_ACTION_REQUIRED,static.heywhale.com 来源资料（WEB-0153）,static.heywhale.com,06_黄金美元与储备配置,D,metadata_only,NOT_ACQUIRED,asset_monthly_return: 月份、资产、计价口径、价格、收益、成本、来源版本；portfolio_scenario: 情景、周期、权重、成本、流动性、CVaR、回撤、合法可用比例,比较美元、短债、黄金、人民币资产与套保工具的周期性作用。,https://static.heywhale.com/bundle/workbench/static/css/chunk-vendors.c32cdedd.css,公开GET；具体API查询参数在正式source_registry冻结；禁止认证信息落盘。,按MIME与用途读取,,,asset_monthly_return | portfolio_scenario,DB04 多币种—黄金周期实验室 | DB04/DB05 配置与约束,取得状态、内容可用性、提取状态和正式用途四态齐全；不得单独支撑核心结论。,,NOT_APPLICABLE,NOT_ACQUIRED,FAILED,EXCLUDED,,B,按人工任务卡接受条款或完成机构授权后重新验收。,NOT_APPLICABLE|NOT_ACQUIRED|FAILED|EXCLUDED,2026-08-16T09:22:23.196Z
WEB-0154,20260816_research_archive_v1,MANUAL_ACTION_REQUIRED,static.heywhale.com 来源资料（WEB-0154）,static.heywhale.com,06_黄金美元与储备配置,D,metadata_only,NOT_ACQUIRED,asset_monthly_return: 月份、资产、计价口径、价格、收益、成本、来源版本；portfolio_scenario: 情景、周期、权重、成本、流动性、CVaR、回撤、合法可用比例,比较美元、短债、黄金、人民币资产与套保工具的周期性作用。,https://static.heywhale.com/bundle/workbench/static/js/app.25414c0c.js,公开GET；具体API查询参数在正式source_registry冻结；禁止认证信息落盘。,按MIME与用途读取,,,asset_monthly_return | portfolio_scenario,DB04 多币种—黄金周期实验室 | DB04/DB05 配置与约束,取得状态、内容可用性、提取状态和正式用途四态齐全；不得单独支撑核心结论。,,NOT_APPLICABLE,NOT_ACQUIRED,FAILED,EXCLUDED,,B,按人工任务卡接受条款或完成机构授权后重新验收。,NOT_APPLICABLE|NOT_ACQUIRED|FAILED|EXCLUDED,2026-08-16T09:22:23.196Z
WEB-0155,20260816_research_archive_v1,MANUAL_ACTION_REQUIRED,static.heywhale.com 来源资料（WEB-0155）,static.heywhale.com,06_黄金美元与储备配置,D,metadata_only,NOT_ACQUIRED,asset_monthly_return: 月份、资产、计价口径、价格、收益、成本、来源版本；portfolio_scenario: 情景、周期、权重、成本、流动性、CVaR、回撤、合法可用比例,比较美元、短债、黄金、人民币资产与套保工具的周期性作用。,https://static.heywhale.com/bundle/workbench/static/js/chunk-vendors.11f65d5b.js,公开GET；具体API查询参数在正式source_registry冻结；禁止认证信息落盘。,按MIME与用途读取,,,asset_monthly_return | portfolio_scenario,DB04 多币种—黄金周期实验室 | DB04/DB05 配置与约束,取得状态、内容可用性、提取状态和正式用途四态齐全；不得单独支撑核心结论。,,NOT_APPLICABLE,NOT_ACQUIRED,FAILED,EXCLUDED,,B,按人工任务卡接受条款或完成机构授权后重新验收。,NOT_APPLICABLE|NOT_ACQUIRED|FAILED|EXCLUDED,2026-08-16T09:22:23.196Z
WEB-0156,20260816_research_archive_v1,DOWNLOADED_VERIFIED,上交所重组报告书，2025,static.sse.com.cn,08_企业案例与公开披露,D,private_only,DOCUMENT_LOCAL,company_overseas_exposure: 企业、财年、海外收入、披露地区、汇兑损益、外币资产负债、套保、现金、授信、页码；country_event: 事件ID、国家、类型、起止月、触发值、证据等级、决策时可知性；asset_monthly_return: 月份、资产、计价口径、价格、收益、成本、来源版本；portfolio_scenario: 情景、周期、权重、成本、流动性、CVaR、回撤、合法可用比例,核验企业海外收入、汇兑损益、冻结、退出和储备配置事实。,https://static.sse.com.cn/stock/disclosure/announcement/c/202506/600356_20250627_46FQ.pdf,公开GET；具体API查询参数在正式source_registry冻结；禁止认证信息落盘。,pdftotext/OCR候选+页码双人复核,08_企业案例与公开披露/外部原件/WEB-0156_上交所重组报告书，2025/original.pdf,,company_overseas_exposure | country_event | asset_monthly_return | portfolio_scenario,DB03 中国企业海外风险 | DB02 国别与危机下钻 | DB04 多币种—黄金周期实验室 | DB04/DB05 配置与约束,取得状态、内容可用性、提取状态和正式用途四态齐全；不得单独支撑核心结论。,,ACQUIRED,DOCUMENT_LOCAL,NOT_REQUIRED,EXCLUDED,,D,补充权威替代来源；无法取得时删除相应字段和结论承诺。,ACQUIRED|DOCUMENT_LOCAL|NOT_REQUIRED|EXCLUDED,2026-08-16T09:22:23.196Z
WEB-0157,20260816_research_archive_v1,METADATA_ONLY_LICENSE,1. Tether《Tether Attestation Reports》（储备构成与黄金持仓）,tether.to,08_企业案例与公开披露,D,metadata_only,NOT_ACQUIRED,company_overseas_exposure: 企业、财年、海外收入、披露地区、汇兑损益、外币资产负债、套保、现金、授信、页码；country_event: 事件ID、国家、类型、起止月、触发值、证据等级、决策时可知性；asset_monthly_return: 月份、资产、计价口径、价格、收益、成本、来源版本；portfolio_scenario: 情景、周期、权重、成本、流动性、CVaR、回撤、合法可用比例；case_evidence: 案例ID、事件簇、命题角色、关键事实、来源等级、页码、复核状态,核验企业海外收入、汇兑损益、冻结、退出和储备配置事实。,https://tether.to/en/transparency,公开GET；具体API查询参数在正式source_registry冻结；禁止认证信息落盘。,按MIME与用途读取,,,company_overseas_exposure | country_event | asset_monthly_return | portfolio_scenario | case_evidence,DB03 中国企业海外风险 | DB02 国别与危机下钻 | DB04 多币种—黄金周期实验室 | DB04/DB05 配置与约束 | DB05 决策、约束与证据中心,取得状态、内容可用性、提取状态和正式用途四态齐全；不得单独支撑核心结论。,,NOT_APPLICABLE,NOT_ACQUIRED,FAILED,EXCLUDED,,D,仅保留元数据；正式分析改用许可允许的权威替代源。,NOT_APPLICABLE|NOT_ACQUIRED|FAILED|EXCLUDED,2026-08-16T09:22:23.196Z
WEB-0160,20260816_research_archive_v1,PAYWALL_OR_AUTH,核验记录，,Smartbi,09_Smartbi与比赛平台,D,metadata_only,NOT_ACQUIRED,source_registry: 平台版本、导入能力、ETL、模型、AIChat、XML、评分条款,说明Smartbi数据导入、模型、看板、AIChat和资源恢复能力。,https://tiaozhanbei.cloud.smartbi.com.cn/smartbi/vision/index,公开GET；具体API查询参数在正式source_registry冻结；禁止认证信息落盘。,按MIME与用途读取,,,source_registry,通用交付与评分证据,取得状态、内容可用性、提取状态和正式用途四态齐全；不得单独支撑核心结论。,,NOT_APPLICABLE,NOT_ACQUIRED,FAILED,EXCLUDED,,B,由资料负责人合法登录、采购或申请授权；不得自动绕过。,NOT_APPLICABLE|NOT_ACQUIRED|FAILED|EXCLUDED,2026-08-16T09:22:23.197Z
WEB-0161,20260816_research_archive_v1,PAYWALL_OR_AUTH,Smartbi 来源资料（WEB-0161）,Smartbi,09_Smartbi与比赛平台,D,metadata_only,NOT_ACQUIRED,source_registry: 平台版本、导入能力、ETL、模型、AIChat、XML、评分条款,说明Smartbi数据导入、模型、看板、AIChat和资源恢复能力。,https://tiaozhanbei.cloud.smartbi.com.cn/smartbi/vision/index.jsp,公开GET；具体API查询参数在正式source_registry冻结；禁止认证信息落盘。,按MIME与用途读取,,,source_registry,通用交付与评分证据,取得状态、内容可用性、提取状态和正式用途四态齐全；不得单独支撑核心结论。,,NOT_APPLICABLE,NOT_ACQUIRED,FAILED,EXCLUDED,,B,由资料负责人合法登录、采购或申请授权；不得自动绕过。,NOT_APPLICABLE|NOT_ACQUIRED|FAILED|EXCLUDED,2026-08-16T09:22:23.197Z
WEB-0163,20260816_research_archive_v1,METADATA_ONLY_LICENSE,"5. US Gold and Coin Research，""Gold vs S&P 500 by Decade (1970s–2020s)""（2026 年 2 月更新，数据源：National Mining Association / Slickcharts），",usgoldandcoin.com,05_全球周期与历史危机,D,metadata_only,NOT_ACQUIRED,case_evidence: 案例ID、事件簇、命题角色、关键事实、来源等级、页码、复核状态；historical_crisis_event: 历史事件、制度环境、政策节点、起止期、可比性、黄金与美元表现；global_cycle_month: 月份、工业生产、失业、CPI、利率、利差、美元、金融条件、市场回撤、周期标签,识别全球经济周期、资产泡沫、信用危机、衰退与历史制度差异。,https://usgoldandcoin.com/research/gold-vs-sp500,公开GET；具体API查询参数在正式source_registry冻结；禁止认证信息落盘。,按MIME与用途读取,,,case_evidence | historical_crisis_event | global_cycle_month,DB05 决策、约束与证据中心 | DB06 全球周期与历史危机,取得状态、内容可用性、提取状态和正式用途四态齐全；不得单独支撑核心结论。,,NOT_APPLICABLE,NOT_ACQUIRED,FAILED,EXCLUDED,,B,仅保留元数据；正式分析改用许可允许的权威替代源。,NOT_APPLICABLE|NOT_ACQUIRED|FAILED|EXCLUDED,2026-08-16T09:22:23.197Z
WEB-0164,20260816_research_archive_v1,METADATA_ONLY_LICENSE,中国经营报，2025-12,view.inews.qq.com,08_企业案例与公开披露,D,metadata_only,NOT_ACQUIRED,company_overseas_exposure: 企业、财年、海外收入、披露地区、汇兑损益、外币资产负债、套保、现金、授信、页码；country_event: 事件ID、国家、类型、起止月、触发值、证据等级、决策时可知性；asset_monthly_return: 月份、资产、计价口径、价格、收益、成本、来源版本；portfolio_scenario: 情景、周期、权重、成本、流动性、CVaR、回撤、合法可用比例,核验企业海外收入、汇兑损益、冻结、退出和储备配置事实。,https://view.inews.qq.com/a/20251226A08F0300,公开GET；具体API查询参数在正式source_registry冻结；禁止认证信息落盘。,按MIME与用途读取,,,company_overseas_exposure | country_event | asset_monthly_return | portfolio_scenario,DB03 中国企业海外风险 | DB02 国别与危机下钻 | DB04 多币种—黄金周期实验室 | DB04/DB05 配置与约束,取得状态、内容可用性、提取状态和正式用途四态齐全；不得单独支撑核心结论。,,NOT_APPLICABLE,NOT_ACQUIRED,FAILED,EXCLUDED,,D,仅保留元数据；正式分析改用许可允许的权威替代源。,NOT_APPLICABLE|NOT_ACQUIRED|FAILED|EXCLUDED,2026-08-16T09:22:23.197Z
WEB-0165,20260816_research_archive_v1,DOWNLOADED_VERIFIED,web.pdx.edu 来源资料（WEB-0165）,web.pdx.edu,06_黄金美元与储备配置,D,private_only,DOCUMENT_LOCAL,source_registry: 平台版本、导入能力、ETL、模型、AIChat、XML、评分条款；asset_monthly_return: 月份、资产、计价口径、价格、收益、成本、来源版本；portfolio_scenario: 情景、周期、权重、成本、流动性、CVaR、回撤、合法可用比例,比较美元、短债、黄金、人民币资产与套保工具的周期性作用。,https://web.pdx.edu/~ito/Readme_kaopen2023.pdf,公开GET；具体API查询参数在正式source_registry冻结；禁止认证信息落盘。,pdftotext/OCR候选+页码双人复核,06_黄金美元与储备配置/外部原件/WEB-0165_PDF_link_annotation_/original.pdf,,source_registry | asset_monthly_return | portfolio_scenario,通用交付与评分证据 | DB04 多币种—黄金周期实验室 | DB04/DB05 配置与约束,取得状态、内容可用性、提取状态和正式用途四态齐全；不得单独支撑核心结论。,,ACQUIRED,DOCUMENT_LOCAL,NOT_REQUIRED,EXCLUDED,,B,补充权威替代来源；无法取得时删除相应字段和结论承诺。,ACQUIRED|DOCUMENT_LOCAL|NOT_REQUIRED|EXCLUDED,2026-08-16T09:22:23.197Z
WEB-0166,20260816_research_archive_v1,DOWNLOADED_VERIFIED,www.afponline.org 来源资料（WEB-0166）,www.afponline.org,06_黄金美元与储备配置,D,private_only,DOCUMENT_LOCAL,asset_monthly_return: 月份、资产、计价口径、价格、收益、成本、来源版本；portfolio_scenario: 情景、周期、权重、成本、流动性、CVaR、回撤、合法可用比例,比较美元、短债、黄金、人民币资产与套保工具的周期性作用。,https://www.financialprofessionals.org/docs/default-source/default-document-library/pub/gtnews-guide-to-investing-operating-cash.pdf,公开GET；具体API查询参数在正式source_registry冻结；禁止认证信息落盘。,pdftotext/OCR候选+页码双人复核,06_黄金美元与储备配置/外部原件/WEB-0166_PDF_link_annotation_/original.pdf,,asset_monthly_return | portfolio_scenario,DB04 多币种—黄金周期实验室 | DB04/DB05 配置与约束,取得状态、内容可用性、提取状态和正式用途四态齐全；不得单独支撑核心结论。,,ACQUIRED,DOCUMENT_LOCAL,NOT_REQUIRED,EXCLUDED,,B,补充权威替代来源；无法取得时删除相应字段和结论承诺。,ACQUIRED|DOCUMENT_LOCAL|NOT_REQUIRED|EXCLUDED,2026-08-16T09:22:23.197Z
WEB-0167,20260816_research_archive_v1,METADATA_ONLY_LICENSE,"vesting Operating Cash, 2014,",www.afponline,06_黄金美元与储备配置,D,metadata_only,NOT_ACQUIRED,asset_monthly_return: 月份、资产、计价口径、价格、收益、成本、来源版本；portfolio_scenario: 情景、周期、权重、成本、流动性、CVaR、回撤、合法可用比例,比较美元、短债、黄金、人民币资产与套保工具的周期性作用。,https://www.afponline/,公开GET；具体API查询参数在正式source_registry冻结；禁止认证信息落盘。,按MIME与用途读取,,,asset_monthly_return | portfolio_scenario,DB04 多币种—黄金周期实验室 | DB04/DB05 配置与约束,取得状态、内容可用性、提取状态和正式用途四态齐全；不得单独支撑核心结论。,,NOT_APPLICABLE,NOT_ACQUIRED,FAILED,EXCLUDED,,B,仅保留元数据；正式分析改用许可允许的权威替代源。,NOT_APPLICABLE|NOT_ACQUIRED|FAILED|EXCLUDED,2026-08-16T09:22:23.197Z
WEB-0168,20260816_research_archive_v1,METADATA_ONLY_LICENSE,4. Arabian Gulf Business Insight（AGBI），2023，《Lebanon's new bank rules offer 'lollar' accounts respite》——存款从 1160 亿降至 890 亿美元、折损 70%–83%。,www.agbi.com,06_黄金美元与储备配置,D,metadata_only,NOT_ACQUIRED,country_monthly_risk: ISO3、月份、官方汇率、CPI、储备、平行汇率、发布日期、质量标记；country_event: 事件ID、国家、类型、起止月、触发值、证据等级、决策时可知性；asset_monthly_return: 月份、资产、计价口径、价格、收益、成本、来源版本；portfolio_scenario: 情景、周期、权重、成本、流动性、CVaR、回撤、合法可用比例；case_evidence: 案例ID、事件簇、命题角色、关键事实、来源等级、页码、复核状态,比较美元、短债、黄金、人民币资产与套保工具的周期性作用。,https://www.agbi.com/analysis/banking-finance/2023/10/lebanons-new-bank-rules-offer-lollar-accounts-respite,公开GET；具体API查询参数在正式source_registry冻结；禁止认证信息落盘。,按MIME与用途读取,,,country_monthly_risk | country_event | asset_monthly_return | portfolio_scenario | case_evidence,DB01/DB02 国别风险与危机下钻 | DB02 国别与危机下钻 | DB04 多币种—黄金周期实验室 | DB04/DB05 配置与约束 | DB05 决策、约束与证据中心,取得状态、内容可用性、提取状态和正式用途四态齐全；不得单独支撑核心结论。,,NOT_APPLICABLE,NOT_ACQUIRED,FAILED,EXCLUDED,,B,仅保留元数据；正式分析改用许可允许的权威替代源。,NOT_APPLICABLE|NOT_ACQUIRED|FAILED|EXCLUDED,2026-08-16T09:22:23.197Z
WEB-0169,20260816_research_archive_v1,PAYWALL_OR_AUTH,3. 世界黄金协会（WGC），2013年《Gold Demand Trends Q2 2013》——ETF流出为需求下滑主因,www.agloc.org,05_全球周期与历史危机,D,private_only,NOT_ACQUIRED,asset_monthly_return: 月份、资产、计价口径、价格、收益、成本、来源版本；case_evidence: 案例ID、事件簇、命题角色、关键事实、来源等级、页码、复核状态；historical_crisis_event: 历史事件、制度环境、政策节点、起止期、可比性、黄金与美元表现；global_cycle_month: 月份、工业生产、失业、CPI、利率、利差、美元、金融条件、市场回撤、周期标签,识别全球经济周期、资产泡沫、信用危机、衰退与历史制度差异。,https://www.agloc.org/pdf/GDT_Q2_2013.pdf,公开GET；具体API查询参数在正式source_registry冻结；禁止认证信息落盘。,pdftotext/OCR候选+页码双人复核,,,asset_monthly_return | case_evidence | historical_crisis_event | global_cycle_month,DB04 多币种—黄金周期实验室 | DB05 决策、约束与证据中心 | DB06 全球周期与历史危机,取得状态、内容可用性、提取状态和正式用途四态齐全；不得单独支撑核心结论。,,NOT_APPLICABLE,NOT_ACQUIRED,FAILED,EXCLUDED,HTTP 403,B,由资料负责人合法登录、采购或申请授权；不得自动绕过。,NOT_APPLICABLE|NOT_ACQUIRED|FAILED|EXCLUDED,2026-08-16T09:22:23.197Z
WEB-0170,20260816_research_archive_v1,METADATA_ONLY_LICENSE,AInvest，2026,www.ainvest.com,08_企业案例与公开披露,D,metadata_only,NOT_ACQUIRED,company_overseas_exposure: 企业、财年、海外收入、披露地区、汇兑损益、外币资产负债、套保、现金、授信、页码；country_event: 事件ID、国家、类型、起止月、触发值、证据等级、决策时可知性；asset_monthly_return: 月份、资产、计价口径、价格、收益、成本、来源版本；portfolio_scenario: 情景、周期、权重、成本、流动性、CVaR、回撤、合法可用比例,核验企业海外收入、汇兑损益、冻结、退出和储备配置事实。,https://www.ainvest.com/news/tether-buys-27-tons-gold-q4-2025-xaut-stablecoin-2601,公开GET；具体API查询参数在正式source_registry冻结；禁止认证信息落盘。,按MIME与用途读取,,,company_overseas_exposure | country_event | asset_monthly_return | portfolio_scenario,DB03 中国企业海外风险 | DB02 国别与危机下钻 | DB04 多币种—黄金周期实验室 | DB04/DB05 配置与约束,取得状态、内容可用性、提取状态和正式用途四态齐全；不得单独支撑核心结论。,,NOT_APPLICABLE,NOT_ACQUIRED,FAILED,EXCLUDED,,D,仅保留元数据；正式分析改用许可允许的权威替代源。,NOT_APPLICABLE|NOT_ACQUIRED|FAILED|EXCLUDED,2026-08-16T09:22:23.197Z
WEB-0171,20260816_research_archive_v1,METADATA_ONLY_LICENSE,2. 伊朗 CPI 数据（2018–2025 30%–50%）：伊朗统计中心（SCI）,www.amar.org.ir,04_国别货币与中国出海,D,metadata_only,NOT_ACQUIRED,country_monthly_risk: ISO3、月份、官方汇率、CPI、储备、平行汇率、发布日期、质量标记；country_policy_year: ISO3、年份、汇率制度、资本限制、汇出限制、制裁主体、有效期、原文定位；country_event: 事件ID、国家、类型、起止月、触发值、证据等级、决策时可知性；case_evidence: 案例ID、事件簇、命题角色、关键事实、来源等级、页码、复核状态,支持亚非拉国别风险、汇率、通胀、资本管制和中国投资暴露研究。,https://www.amar.org.ir/,公开GET；具体API查询参数在正式source_registry冻结；禁止认证信息落盘。,按MIME与用途读取,,,country_monthly_risk | country_policy_year | country_event | case_evidence,DB01/DB02 国别风险与危机下钻 | DB02/DB05 政策与约束 | DB02 国别与危机下钻 | DB05 决策、约束与证据中心,取得状态、内容可用性、提取状态和正式用途四态齐全；不得单独支撑核心结论。,,NOT_APPLICABLE,NOT_ACQUIRED,FAILED,EXCLUDED,,B,仅保留元数据；正式分析改用许可允许的权威替代源。,NOT_APPLICABLE|NOT_ACQUIRED|FAILED|EXCLUDED,2026-08-16T09:22:23.197Z
WEB-0172,20260816_research_archive_v1,METADATA_ONLY_LICENSE,9. 希腊雅典综合指数历史,www.athexgroup.gr,05_全球周期与历史危机,D,metadata_only,NOT_ACQUIRED,case_evidence: 案例ID、事件簇、命题角色、关键事实、来源等级、页码、复核状态；historical_crisis_event: 历史事件、制度环境、政策节点、起止期、可比性、黄金与美元表现；global_cycle_month: 月份、工业生产、失业、CPI、利率、利差、美元、金融条件、市场回撤、周期标签,识别全球经济周期、资产泡沫、信用危机、衰退与历史制度差异。,https://www.athexgroup.gr/,公开GET；具体API查询参数在正式source_registry冻结；禁止认证信息落盘。,按MIME与用途读取,,,case_evidence | historical_crisis_event | global_cycle_month,DB05 决策、约束与证据中心 | DB06 全球周期与历史危机,取得状态、内容可用性、提取状态和正式用途四态齐全；不得单独支撑核心结论。,,NOT_APPLICABLE,NOT_ACQUIRED,FAILED,EXCLUDED,,B,仅保留元数据；正式分析改用许可允许的权威替代源。,NOT_APPLICABLE|NOT_ACQUIRED|FAILED|EXCLUDED,2026-08-16T09:22:23.197Z
WEB-0173,20260816_research_archive_v1,METADATA_ONLY_LICENSE,AzerNews，2013,www.azernews.az,07_会计合规与制裁,D,metadata_only,NOT_ACQUIRED,country_policy_year: ISO3、年份、汇率制度、资本限制、汇出限制、制裁主体、有效期、原文定位；asset_monthly_return: 月份、资产、计价口径、价格、收益、成本、来源版本,限定会计分类、托管、制裁、外汇管制和合法可用性边界。,https://www.azernews.az/business/62020.html,公开GET；具体API查询参数在正式source_registry冻结；禁止认证信息落盘。,HTML表格: cheerio；正文: Readability+Markdown；动态页: 公开API/人工任务卡,,,country_policy_year | asset_monthly_return,DB02/DB05 政策与约束 | DB04 多币种—黄金周期实验室,取得状态、内容可用性、提取状态和正式用途四态齐全；不得单独支撑核心结论。,,NOT_APPLICABLE,NOT_ACQUIRED,FAILED,EXCLUDED,NOT_ACQUIRED,A/D,仅保留元数据；正式分析改用许可允许的权威替代源。,NOT_APPLICABLE|NOT_ACQUIRED|FAILED|EXCLUDED,2026-08-16T09:22:23.197Z
WEB-0174,20260816_research_archive_v1,METADATA_ONLY_LICENSE,3. 墨西哥央行（Banxico）历史汇率与利率数据,www.banxico.org.mx,05_全球周期与历史危机,D,metadata_only,NOT_ACQUIRED,country_monthly_risk: ISO3、月份、官方汇率、CPI、储备、平行汇率、发布日期、质量标记；asset_monthly_return: 月份、资产、计价口径、价格、收益、成本、来源版本；case_evidence: 案例ID、事件簇、命题角色、关键事实、来源等级、页码、复核状态；historical_crisis_event: 历史事件、制度环境、政策节点、起止期、可比性、黄金与美元表现；global_cycle_month: 月份、工业生产、失业、CPI、利率、利差、美元、金融条件、市场回撤、周期标签,识别全球经济周期、资产泡沫、信用危机、衰退与历史制度差异。,https://www.banxico.org.mx/SieInternet/consultarDirectorioInternetAction.do?locale=en,公开GET；具体API查询参数在正式source_registry冻结；禁止认证信息落盘。,按MIME与用途读取,,,country_monthly_risk | asset_monthly_return | case_evidence | historical_crisis_event | global_cycle_month,DB01/DB02 国别风险与危机下钻 | DB04 多币种—黄金周期实验室 | DB05 决策、约束与证据中心 | DB06 全球周期与历史危机,取得状态、内容可用性、提取状态和正式用途四态齐全；不得单独支撑核心结论。,,NOT_APPLICABLE,NOT_ACQUIRED,FAILED,EXCLUDED,,B,仅保留元数据；正式分析改用许可允许的权威替代源。,NOT_APPLICABLE|NOT_ACQUIRED|FAILED|EXCLUDED,2026-08-16T09:22:23.197Z
WEB-0175,20260816_research_archive_v1,METADATA_ONLY_LICENSE,"2. 2014-12""黑色星期二""与央行加息 650 基点：Reuters/BBC 2014 年 12 月报道",BBC,07_会计合规与制裁,C,metadata_only,NOT_ACQUIRED,country_monthly_risk: ISO3、月份、官方汇率、CPI、储备、平行汇率、发布日期、质量标记；country_policy_year: ISO3、年份、汇率制度、资本限制、汇出限制、制裁主体、有效期、原文定位；country_event: 事件ID、国家、类型、起止月、触发值、证据等级、决策时可知性；case_evidence: 案例ID、事件簇、命题角色、关键事实、来源等级、页码、复核状态,限定会计分类、托管、制裁、外汇管制和合法可用性边界。,https://www.bbc.com/news/business,公开GET；具体API查询参数在正式source_registry冻结；禁止认证信息落盘。,按MIME与用途读取,,,country_monthly_risk | country_policy_year | country_event | case_evidence,DB01/DB02 国别风险与危机下钻 | DB02/DB05 政策与约束 | DB02 国别与危机下钻 | DB05 决策、约束与证据中心,取得状态、内容可用性、提取状态和正式用途四态齐全；不得单独支撑核心结论。,,NOT_APPLICABLE,NOT_ACQUIRED,FAILED,EXCLUDED,,A/D,仅保留元数据；正式分析改用许可允许的权威替代源。,NOT_APPLICABLE|NOT_ACQUIRED|FAILED|EXCLUDED,2026-08-16T09:22:23.197Z
WEB-0176,20260816_research_archive_v1,METADATA_ONLY_LICENSE,"8. 2021 年""低利率政策""与里拉 -44%：BBC/Reuters 2021 年 12 月报道",BBC,04_国别货币与中国出海,C,metadata_only,NOT_ACQUIRED,country_monthly_risk: ISO3、月份、官方汇率、CPI、储备、平行汇率、发布日期、质量标记；country_policy_year: ISO3、年份、汇率制度、资本限制、汇出限制、制裁主体、有效期、原文定位；country_event: 事件ID、国家、类型、起止月、触发值、证据等级、决策时可知性；asset_monthly_return: 月份、资产、计价口径、价格、收益、成本、来源版本；case_evidence: 案例ID、事件簇、命题角色、关键事实、来源等级、页码、复核状态,支持亚非拉国别风险、汇率、通胀、资本管制和中国投资暴露研究。,https://www.bbc.com/news/business-59514816,公开GET；具体API查询参数在正式source_registry冻结；禁止认证信息落盘。,按MIME与用途读取,,,country_monthly_risk | country_policy_year | country_event | asset_monthly_return | case_evidence,DB01/DB02 国别风险与危机下钻 | DB02/DB05 政策与约束 | DB02 国别与危机下钻 | DB04 多币种—黄金周期实验室 | DB05 决策、约束与证据中心,取得状态、内容可用性、提取状态和正式用途四态齐全；不得单独支撑核心结论。,,NOT_APPLICABLE,NOT_ACQUIRED,FAILED,EXCLUDED,,B,仅保留元数据；正式分析改用许可允许的权威替代源。,NOT_APPLICABLE|NOT_ACQUIRED|FAILED|EXCLUDED,2026-08-16T09:22:23.197Z
WEB-0177,20260816_research_archive_v1,METADATA_ONLY_LICENSE,4. 废钞与美元化（2009-02）：Reuters/BBC 2009 年报道,BBC,08_企业案例与公开披露,C,metadata_only,NOT_ACQUIRED,company_overseas_exposure: 企业、财年、海外收入、披露地区、汇兑损益、外币资产负债、套保、现金、授信、页码；country_monthly_risk: ISO3、月份、官方汇率、CPI、储备、平行汇率、发布日期、质量标记；country_event: 事件ID、国家、类型、起止月、触发值、证据等级、决策时可知性；asset_monthly_return: 月份、资产、计价口径、价格、收益、成本、来源版本；portfolio_scenario: 情景、周期、权重、成本、流动性、CVaR、回撤、合法可用比例；case_evidence: 案例ID、事件簇、命题角色、关键事实、来源等级、页码、复核状态,核验企业海外收入、汇兑损益、冻结、退出和储备配置事实。,https://www.bbc.com/news/world-africa-14180904,公开GET；具体API查询参数在正式source_registry冻结；禁止认证信息落盘。,按MIME与用途读取,,,company_overseas_exposure | country_monthly_risk | country_event | asset_monthly_return | portfolio_scenario | case_evidence,DB03 中国企业海外风险 | DB01/DB02 国别风险与危机下钻 | DB02 国别与危机下钻 | DB04 多币种—黄金周期实验室 | DB04/DB05 配置与约束 | DB05 决策、约束与证据中心,取得状态、内容可用性、提取状态和正式用途四态齐全；不得单独支撑核心结论。,,NOT_APPLICABLE,NOT_ACQUIRED,FAILED,EXCLUDED,,D,仅保留元数据；正式分析改用许可允许的权威替代源。,NOT_APPLICABLE|NOT_ACQUIRED|FAILED|EXCLUDED,2026-08-16T09:22:23.197Z
WEB-0178,20260816_research_archive_v1,METADATA_ONLY_LICENSE,1. 委内瑞拉伦敦黄金（31 吨/约 10 亿美元）被冻结：Reuters/BBC 2019–2020 年报道,BBC,07_会计合规与制裁,C,metadata_only,NOT_ACQUIRED,company_overseas_exposure: 企业、财年、海外收入、披露地区、汇兑损益、外币资产负债、套保、现金、授信、页码；country_monthly_risk: ISO3、月份、官方汇率、CPI、储备、平行汇率、发布日期、质量标记；country_policy_year: ISO3、年份、汇率制度、资本限制、汇出限制、制裁主体、有效期、原文定位；country_event: 事件ID、国家、类型、起止月、触发值、证据等级、决策时可知性；asset_monthly_return: 月份、资产、计价口径、价格、收益、成本、来源版本；case_evidence: 案例ID、事件簇、命题角色、关键事实、来源等级、页码、复核状态,限定会计分类、托管、制裁、外汇管制和合法可用性边界。,https://www.bbc.com/news/world-latin-america,公开GET；具体API查询参数在正式source_registry冻结；禁止认证信息落盘。,按MIME与用途读取,,,company_overseas_exposure | country_monthly_risk | country_policy_year | country_event | asset_monthly_return | case_evidence,DB03 中国企业海外风险 | DB01/DB02 国别风险与危机下钻 | DB02/DB05 政策与约束 | DB02 国别与危机下钻 | DB04 多币种—黄金周期实验室 | DB05 决策、约束与证据中心,取得状态、内容可用性、提取状态和正式用途四态齐全；不得单独支撑核心结论。,,NOT_APPLICABLE,NOT_ACQUIRED,FAILED,EXCLUDED,,A/D,仅保留元数据；正式分析改用许可允许的权威替代源。,NOT_APPLICABLE|NOT_ACQUIRED|FAILED|EXCLUDED,2026-08-16T09:22:23.197Z
WEB-0179,20260816_research_archive_v1,METADATA_ONLY_LICENSE,3. 2018 年向俄销售黄金与德银抵押被没收：Reuters/BBC,BBC,06_黄金美元与储备配置,C,metadata_only,NOT_ACQUIRED,country_monthly_risk: ISO3、月份、官方汇率、CPI、储备、平行汇率、发布日期、质量标记；country_event: 事件ID、国家、类型、起止月、触发值、证据等级、决策时可知性；asset_monthly_return: 月份、资产、计价口径、价格、收益、成本、来源版本；portfolio_scenario: 情景、周期、权重、成本、流动性、CVaR、回撤、合法可用比例；case_evidence: 案例ID、事件簇、命题角色、关键事实、来源等级、页码、复核状态,比较美元、短债、黄金、人民币资产与套保工具的周期性作用。,https://www.bbc.com/news/world-latin-america-47844418,公开GET；具体API查询参数在正式source_registry冻结；禁止认证信息落盘。,按MIME与用途读取,,,country_monthly_risk | country_event | asset_monthly_return | portfolio_scenario | case_evidence,DB01/DB02 国别风险与危机下钻 | DB02 国别与危机下钻 | DB04 多币种—黄金周期实验室 | DB04/DB05 配置与约束 | DB05 决策、约束与证据中心,取得状态、内容可用性、提取状态和正式用途四态齐全；不得单独支撑核心结论。,,NOT_APPLICABLE,NOT_ACQUIRED,FAILED,EXCLUDED,,B,仅保留元数据；正式分析改用许可允许的权威替代源。,NOT_APPLICABLE|NOT_ACQUIRED|FAILED|EXCLUDED,2026-08-16T09:22:23.197Z
WEB-0180,20260816_research_archive_v1,METADATA_ONLY_LICENSE,6. 伊朗央行金本位/黄金担保数字货币（2025）：Reuters/BBC Persian 报道,BBC,06_黄金美元与储备配置,C,metadata_only,NOT_ACQUIRED,country_monthly_risk: ISO3、月份、官方汇率、CPI、储备、平行汇率、发布日期、质量标记；country_event: 事件ID、国家、类型、起止月、触发值、证据等级、决策时可知性；asset_monthly_return: 月份、资产、计价口径、价格、收益、成本、来源版本；portfolio_scenario: 情景、周期、权重、成本、流动性、CVaR、回撤、合法可用比例；case_evidence: 案例ID、事件簇、命题角色、关键事实、来源等级、页码、复核状态,比较美元、短债、黄金、人民币资产与套保工具的周期性作用。,https://www.bbc.com/persian,公开GET；具体API查询参数在正式source_registry冻结；禁止认证信息落盘。,按MIME与用途读取,,,country_monthly_risk | country_event | asset_monthly_return | portfolio_scenario | case_evidence,DB01/DB02 国别风险与危机下钻 | DB02 国别与危机下钻 | DB04 多币种—黄金周期实验室 | DB04/DB05 配置与约束 | DB05 决策、约束与证据中心,取得状态、内容可用性、提取状态和正式用途四态齐全；不得单独支撑核心结论。,,NOT_APPLICABLE,NOT_ACQUIRED,FAILED,EXCLUDED,,B,仅保留元数据；正式分析改用许可允许的权威替代源。,NOT_APPLICABLE|NOT_ACQUIRED|FAILED|EXCLUDED,2026-08-16T09:22:23.197Z
WEB-0181,20260816_research_archive_v1,METADATA_ONLY_LICENSE,4. 阿根廷央行（BCRA）历史汇率与通胀数据,www.bcra.gob.ar,05_全球周期与历史危机,A,metadata_only,NOT_ACQUIRED,country_monthly_risk: ISO3、月份、官方汇率、CPI、储备、平行汇率、发布日期、质量标记；country_event: 事件ID、国家、类型、起止月、触发值、证据等级、决策时可知性；case_evidence: 案例ID、事件簇、命题角色、关键事实、来源等级、页码、复核状态；historical_crisis_event: 历史事件、制度环境、政策节点、起止期、可比性、黄金与美元表现；global_cycle_month: 月份、工业生产、失业、CPI、利率、利差、美元、金融条件、市场回撤、周期标签,识别全球经济周期、资产泡沫、信用危机、衰退与历史制度差异。,https://www.bcra.gob.ar/en,公开GET；具体API查询参数在正式source_registry冻结；禁止认证信息落盘。,按MIME与用途读取,,,country_monthly_risk | country_event | case_evidence | historical_crisis_event | global_cycle_month,DB01/DB02 国别风险与危机下钻 | DB02 国别与危机下钻 | DB05 决策、约束与证据中心 | DB06 全球周期与历史危机,取得状态、内容可用性、提取状态和正式用途四态齐全；不得单独支撑核心结论。,,NOT_APPLICABLE,NOT_ACQUIRED,FAILED,EXCLUDED,,B,仅保留元数据；正式分析改用许可允许的权威替代源。,NOT_APPLICABLE|NOT_ACQUIRED|FAILED|EXCLUDED,2026-08-16T09:22:23.197Z
WEB-0182,20260816_research_archive_v1,METADATA_ONLY_LICENSE,analisis e investigacion,www.bde.es,04_国别货币与中国出海,D,metadata_only,NOT_ACQUIRED,country_monthly_risk: ISO3、月份、官方汇率、CPI、储备、平行汇率、发布日期、质量标记；country_policy_year: ISO3、年份、汇率制度、资本限制、汇出限制、制裁主体、有效期、原文定位,支持亚非拉国别风险、汇率、通胀、资本管制和中国投资暴露研究。,https://www.bde.es/wbe/en/areas-actuacion/analisis-e-investigacion,公开GET；具体API查询参数在正式source_registry冻结；禁止认证信息落盘。,按MIME与用途读取,,,country_monthly_risk | country_policy_year,DB01/DB02 国别风险与危机下钻 | DB02/DB05 政策与约束,取得状态、内容可用性、提取状态和正式用途四态齐全；不得单独支撑核心结论。,,NOT_APPLICABLE,NOT_ACQUIRED,FAILED,EXCLUDED,,B,仅保留元数据；正式分析改用许可允许的权威替代源。,NOT_APPLICABLE|NOT_ACQUIRED|FAILED|EXCLUDED,2026-08-16T09:22:23.197Z
WEB-0183,20260816_research_archive_v1,METADATA_ONLY_LICENSE,www.bde.es 来源资料（WEB-0183）,www.bde.es,06_黄金美元与储备配置,D,metadata_only,NOT_ACQUIRED,source_registry: 平台版本、导入能力、ETL、模型、AIChat、XML、评分条款；asset_monthly_return: 月份、资产、计价口径、价格、收益、成本、来源版本；portfolio_scenario: 情景、周期、权重、成本、流动性、CVaR、回撤、合法可用比例,比较美元、短债、黄金、人民币资产与套保工具的周期性作用。,https://www.bde.es/wbe/en/areas-actuacion/analisis-e-investigacion/recursos/indices-de-riesgo-geopolitico-generales-y-bilaterales-para-34-economias-6075d2451c9da91.html,公开GET；具体API查询参数在正式source_registry冻结；禁止认证信息落盘。,HTML表格: cheerio；正文: Readability+Markdown；动态页: 公开API/人工任务卡,,,source_registry | asset_monthly_return | portfolio_scenario,通用交付与评分证据 | DB04 多币种—黄金周期实验室 | DB04/DB05 配置与约束,取得状态、内容可用性、提取状态和正式用途四态齐全；不得单独支撑核心结论。,,NOT_APPLICABLE,NOT_ACQUIRED,FAILED,EXCLUDED,NOT_ACQUIRED,B,仅保留元数据；正式分析改用许可允许的权威替代源。,NOT_APPLICABLE|NOT_ACQUIRED|FAILED|EXCLUDED,2026-08-16T09:22:23.197Z
WEB-0184,20260816_research_archive_v1,METADATA_ONLY_LICENSE,BDO，2018,www.bdo.ae,07_会计合规与制裁,D,metadata_only,NOT_ACQUIRED,country_policy_year: ISO3、年份、汇率制度、资本限制、汇出限制、制裁主体、有效期、原文定位；asset_monthly_return: 月份、资产、计价口径、价格、收益、成本、来源版本,限定会计分类、托管、制裁、外汇管制和合法可用性边界。,https://www.bdo.ae/getattachment/Services/Audit-Assurance/IFRS-Advisory-Services/IFRS-PUBLICATIONS/IFRB-2018-02-Argentina-and-IAS-29.pdf.aspx?lang=,公开GET；具体API查询参数在正式source_registry冻结；禁止认证信息落盘。,按MIME与用途读取,,,country_policy_year | asset_monthly_return,DB02/DB05 政策与约束 | DB04 多币种—黄金周期实验室,取得状态、内容可用性、提取状态和正式用途四态齐全；不得单独支撑核心结论。,,NOT_APPLICABLE,NOT_ACQUIRED,FAILED,EXCLUDED,,A/D,仅保留元数据；正式分析改用许可允许的权威替代源。,NOT_APPLICABLE|NOT_ACQUIRED|FAILED|EXCLUDED,2026-08-16T09:22:23.197Z
WEB-0185,20260816_research_archive_v1,METADATA_ONLY_LICENSE,8. BDO《IAS 29 应用指引》,www.bdo.global,08_企业案例与公开披露,D,metadata_only,NOT_ACQUIRED,company_overseas_exposure: 企业、财年、海外收入、披露地区、汇兑损益、外币资产负债、套保、现金、授信、页码；country_event: 事件ID、国家、类型、起止月、触发值、证据等级、决策时可知性；portfolio_scenario: 情景、周期、权重、成本、流动性、CVaR、回撤、合法可用比例；case_evidence: 案例ID、事件簇、命题角色、关键事实、来源等级、页码、复核状态,核验企业海外收入、汇兑损益、冻结、退出和储备配置事实。,https://www.bdo.global/,公开GET；具体API查询参数在正式source_registry冻结；禁止认证信息落盘。,按MIME与用途读取,,,company_overseas_exposure | country_event | portfolio_scenario | case_evidence,DB03 中国企业海外风险 | DB02 国别与危机下钻 | DB04/DB05 配置与约束 | DB05 决策、约束与证据中心,取得状态、内容可用性、提取状态和正式用途四态齐全；不得单独支撑核心结论。,,NOT_APPLICABLE,NOT_ACQUIRED,FAILED,EXCLUDED,,D,仅保留元数据；正式分析改用许可允许的权威替代源。,NOT_APPLICABLE|NOT_ACQUIRED|FAILED|EXCLUDED,2026-08-16T09:22:23.197Z
WEB-0186,20260816_research_archive_v1,DOWNLOADED_VERIFIED,Berkshire 2011 股东信,www.berkshirehathaway.com,08_企业案例与公开披露,D,private_only,DOCUMENT_LOCAL,company_overseas_exposure: 企业、财年、海外收入、披露地区、汇兑损益、外币资产负债、套保、现金、授信、页码；country_event: 事件ID、国家、类型、起止月、触发值、证据等级、决策时可知性；asset_monthly_return: 月份、资产、计价口径、价格、收益、成本、来源版本；portfolio_scenario: 情景、周期、权重、成本、流动性、CVaR、回撤、合法可用比例,核验企业海外收入、汇兑损益、冻结、退出和储备配置事实。,https://www.berkshirehathaway.com/letters/2011ltr.pdf,公开GET；具体API查询参数在正式source_registry冻结；禁止认证信息落盘。,pdftotext/OCR候选+页码双人复核,08_企业案例与公开披露/外部原件/WEB-0186_Berkshire_2011_股东信/original.pdf,,company_overseas_exposure | country_event | asset_monthly_return | portfolio_scenario,DB03 中国企业海外风险 | DB02 国别与危机下钻 | DB04 多币种—黄金周期实验室 | DB04/DB05 配置与约束,取得状态、内容可用性、提取状态和正式用途四态齐全；不得单独支撑核心结论。,,ACQUIRED,DOCUMENT_LOCAL,NOT_REQUIRED,EXCLUDED,,D,补充权威替代来源；无法取得时删除相应字段和结论承诺。,ACQUIRED|DOCUMENT_LOCAL|NOT_REQUIRED|EXCLUDED,2026-08-16T09:22:23.197Z
WEB-0193,20260816_research_archive_v1,METADATA_ONLY_LICENSE,"黄金. Bank for International Settlements, 2013, pp. 1–75. url:",www.bis,06_黄金美元与储备配置,D,metadata_only,NOT_ACQUIRED,asset_monthly_return: 月份、资产、计价口径、价格、收益、成本、来源版本；portfolio_scenario: 情景、周期、权重、成本、流动性、CVaR、回撤、合法可用比例,比较美元、短债、黄金、人民币资产与套保工具的周期性作用。,https://www.bis/,公开GET；具体API查询参数在正式source_registry冻结；禁止认证信息落盘。,按MIME与用途读取,,,asset_monthly_return | portfolio_scenario,DB04 多币种—黄金周期实验室 | DB04/DB05 配置与约束,取得状态、内容可用性、提取状态和正式用途四态齐全；不得单独支撑核心结论。,,NOT_APPLICABLE,NOT_ACQUIRED,FAILED,EXCLUDED,,B,仅保留元数据；正式分析改用许可允许的权威替代源。,NOT_APPLICABLE|NOT_ACQUIRED|FAILED|EXCLUDED,2026-08-16T09:22:23.198Z
WEB-0196,20260816_research_archive_v1,METADATA_ONLY_LICENSE,4. 墨西哥股市 IPC 指数历史数据,www.bmv.com.mx,05_全球周期与历史危机,D,metadata_only,NOT_ACQUIRED,case_evidence: 案例ID、事件簇、命题角色、关键事实、来源等级、页码、复核状态；historical_crisis_event: 历史事件、制度环境、政策节点、起止期、可比性、黄金与美元表现；global_cycle_month: 月份、工业生产、失业、CPI、利率、利差、美元、金融条件、市场回撤、周期标签,识别全球经济周期、资产泡沫、信用危机、衰退与历史制度差异。,https://www.bmv.com.mx/en/indices/indice-de-precios-y-cotizaciones-ipc,公开GET；具体API查询参数在正式source_registry冻结；禁止认证信息落盘。,按MIME与用途读取,,,case_evidence | historical_crisis_event | global_cycle_month,DB05 决策、约束与证据中心 | DB06 全球周期与历史危机,取得状态、内容可用性、提取状态和正式用途四态齐全；不得单独支撑核心结论。,,NOT_APPLICABLE,NOT_ACQUIRED,FAILED,EXCLUDED,,B,仅保留元数据；正式分析改用许可允许的权威替代源。,NOT_APPLICABLE|NOT_ACQUIRED|FAILED|EXCLUDED,2026-08-16T09:22:23.198Z
WEB-0201,20260816_research_archive_v1,METADATA_ONLY_LICENSE,"5. Britannica, ""Hyperinflation in the Weimar Republic (1922–23)""。",www.britannica.com,04_国别货币与中国出海,D,metadata_only,NOT_ACQUIRED,country_monthly_risk: ISO3、月份、官方汇率、CPI、储备、平行汇率、发布日期、质量标记；country_policy_year: ISO3、年份、汇率制度、资本限制、汇出限制、制裁主体、有效期、原文定位；country_event: 事件ID、国家、类型、起止月、触发值、证据等级、决策时可知性；case_evidence: 案例ID、事件簇、命题角色、关键事实、来源等级、页码、复核状态,支持亚非拉国别风险、汇率、通胀、资本管制和中国投资暴露研究。,https://www.britannica.com/event/hyperinflation-in-the-Weimar-Republic,公开GET；具体API查询参数在正式source_registry冻结；禁止认证信息落盘。,按MIME与用途读取,,,country_monthly_risk | country_policy_year | country_event | case_evidence,DB01/DB02 国别风险与危机下钻 | DB02/DB05 政策与约束 | DB02 国别与危机下钻 | DB05 决策、约束与证据中心,取得状态、内容可用性、提取状态和正式用途四态齐全；不得单独支撑核心结论。,,NOT_APPLICABLE,NOT_ACQUIRED,FAILED,EXCLUDED,,B,仅保留元数据；正式分析改用许可允许的权威替代源。,NOT_APPLICABLE|NOT_ACQUIRED|FAILED|EXCLUDED,2026-08-16T09:22:23.199Z
WEB-0202,20260816_research_archive_v1,METADATA_ONLY_LICENSE,"4. Britannica（大英百科全书）：""Silver Thursday""（亨特兄弟持仓与 1980 年银价崩盘），",www.britannica.com,05_全球周期与历史危机,D,metadata_only,NOT_ACQUIRED,case_evidence: 案例ID、事件簇、命题角色、关键事实、来源等级、页码、复核状态；historical_crisis_event: 历史事件、制度环境、政策节点、起止期、可比性、黄金与美元表现；global_cycle_month: 月份、工业生产、失业、CPI、利率、利差、美元、金融条件、市场回撤、周期标签,识别全球经济周期、资产泡沫、信用危机、衰退与历史制度差异。,https://www.britannica.com/topic/Silver-Thursday,公开GET；具体API查询参数在正式source_registry冻结；禁止认证信息落盘。,按MIME与用途读取,,,case_evidence | historical_crisis_event | global_cycle_month,DB05 决策、约束与证据中心 | DB06 全球周期与历史危机,取得状态、内容可用性、提取状态和正式用途四态齐全；不得单独支撑核心结论。,,NOT_APPLICABLE,NOT_ACQUIRED,FAILED,EXCLUDED,,B,仅保留元数据；正式分析改用许可允许的权威替代源。,NOT_APPLICABLE|NOT_ACQUIRED|FAILED|EXCLUDED,2026-08-16T09:22:23.199Z
WEB-0203,20260816_research_archive_v1,METADATA_ONLY_LICENSE,2. BullionVault（2009）：《Gold in the Depression》，Homestake EPS、股息数据及里士满联储 John Walter（2005）银行倒闭统计。,www.bullionvault.com,05_全球周期与历史危机,D,metadata_only,NOT_ACQUIRED,case_evidence: 案例ID、事件簇、命题角色、关键事实、来源等级、页码、复核状态；historical_crisis_event: 历史事件、制度环境、政策节点、起止期、可比性、黄金与美元表现；global_cycle_month: 月份、工业生产、失业、CPI、利率、利差、美元、金融条件、市场回撤、周期标签,识别全球经济周期、资产泡沫、信用危机、衰退与历史制度差异。,https://www.bullionvault.com/gold-news/history/gold-depression-06082009,公开GET；具体API查询参数在正式source_registry冻结；禁止认证信息落盘。,按MIME与用途读取,,,case_evidence | historical_crisis_event | global_cycle_month,DB05 决策、约束与证据中心 | DB06 全球周期与历史危机,取得状态、内容可用性、提取状态和正式用途四态齐全；不得单独支撑核心结论。,,NOT_APPLICABLE,NOT_ACQUIRED,FAILED,EXCLUDED,,B,仅保留元数据；正式分析改用许可允许的权威替代源。,NOT_APPLICABLE|NOT_ACQUIRED|FAILED|EXCLUDED,2026-08-16T09:22:23.199Z
WEB-0204,20260816_research_archive_v1,METADATA_ONLY_LICENSE,"1. BullionVault（Adrian Ash），2023年，""Gold's Big Price Crash, 10 Year On""——两日跌幅、季度-25.4%、TIPS相关性、GLD流出等细节",www.bullionvault.com,05_全球周期与历史危机,D,metadata_only,NOT_ACQUIRED,asset_monthly_return: 月份、资产、计价口径、价格、收益、成本、来源版本；case_evidence: 案例ID、事件簇、命题角色、关键事实、来源等级、页码、复核状态；historical_crisis_event: 历史事件、制度环境、政策节点、起止期、可比性、黄金与美元表现；global_cycle_month: 月份、工业生产、失业、CPI、利率、利差、美元、金融条件、市场回撤、周期标签,识别全球经济周期、资产泡沫、信用危机、衰退与历史制度差异。,https://www.bullionvault.com/gold-news/opinion-analysis/golds-big-price-crash-10-year-07072023,公开GET；具体API查询参数在正式source_registry冻结；禁止认证信息落盘。,按MIME与用途读取,,,asset_monthly_return | case_evidence | historical_crisis_event | global_cycle_month,DB04 多币种—黄金周期实验室 | DB05 决策、约束与证据中心 | DB06 全球周期与历史危机,取得状态、内容可用性、提取状态和正式用途四态齐全；不得单独支撑核心结论。,,NOT_APPLICABLE,NOT_ACQUIRED,FAILED,EXCLUDED,,B,仅保留元数据；正式分析改用许可允许的权威替代源。,NOT_APPLICABLE|NOT_ACQUIRED|FAILED|EXCLUDED,2026-08-16T09:22:23.199Z
WEB-0205,20260816_research_archive_v1,METADATA_ONLY_LICENSE,"2. BullionVault, Adrian Ash, ""How Does Gold Perform When Stock Markets Crash?""（2024）：黑色星期一当日金价 +3.2%。",www.bullionvault.com,05_全球周期与历史危机,D,metadata_only,NOT_ACQUIRED,case_evidence: 案例ID、事件簇、命题角色、关键事实、来源等级、页码、复核状态；historical_crisis_event: 历史事件、制度环境、政策节点、起止期、可比性、黄金与美元表现；global_cycle_month: 月份、工业生产、失业、CPI、利率、利差、美元、金融条件、市场回撤、周期标签,识别全球经济周期、资产泡沫、信用危机、衰退与历史制度差异。,https://www.bullionvault.com/gold-news/opinion-analysis/how-does-gold-price-perform-stock-market-crash-080720241,公开GET；具体API查询参数在正式source_registry冻结；禁止认证信息落盘。,按MIME与用途读取,,,case_evidence | historical_crisis_event | global_cycle_month,DB05 决策、约束与证据中心 | DB06 全球周期与历史危机,取得状态、内容可用性、提取状态和正式用途四态齐全；不得单独支撑核心结论。,,NOT_APPLICABLE,NOT_ACQUIRED,FAILED,EXCLUDED,,B,仅保留元数据；正式分析改用许可允许的权威替代源。,NOT_APPLICABLE|NOT_ACQUIRED|FAILED|EXCLUDED,2026-08-16T09:22:23.199Z
WEB-0206,20260816_research_archive_v1,METADATA_ONLY_LICENSE,3. Merval 指数历史数据,www.byma.com.ar,05_全球周期与历史危机,D,metadata_only,NOT_ACQUIRED,case_evidence: 案例ID、事件簇、命题角色、关键事实、来源等级、页码、复核状态；historical_crisis_event: 历史事件、制度环境、政策节点、起止期、可比性、黄金与美元表现；global_cycle_month: 月份、工业生产、失业、CPI、利率、利差、美元、金融条件、市场回撤、周期标签,识别全球经济周期、资产泡沫、信用危机、衰退与历史制度差异。,https://www.byma.com.ar/en/indices/indice-merval,公开GET；具体API查询参数在正式source_registry冻结；禁止认证信息落盘。,按MIME与用途读取,,,case_evidence | historical_crisis_event | global_cycle_month,DB05 决策、约束与证据中心 | DB06 全球周期与历史危机,取得状态、内容可用性、提取状态和正式用途四态齐全；不得单独支撑核心结论。,,NOT_APPLICABLE,NOT_ACQUIRED,FAILED,EXCLUDED,,B,仅保留元数据；正式分析改用许可允许的权威替代源。,NOT_APPLICABLE|NOT_ACQUIRED|FAILED|EXCLUDED,2026-08-16T09:22:23.199Z
WEB-0207,20260816_research_archive_v1,DOWNLOADED_VERIFIED,CAFI 报告 PDF,www.cafi.org.cn,08_企业案例与公开披露,D,private_only,DOCUMENT_LOCAL,company_overseas_exposure: 企业、财年、海外收入、披露地区、汇兑损益、外币资产负债、套保、现金、授信、页码；country_event: 事件ID、国家、类型、起止月、触发值、证据等级、决策时可知性；asset_monthly_return: 月份、资产、计价口径、价格、收益、成本、来源版本；portfolio_scenario: 情景、周期、权重、成本、流动性、CVaR、回撤、合法可用比例,核验企业海外收入、汇兑损益、冻结、退出和储备配置事实。,https://www.cafi.org.cn/upload/portal/20250217/eedd01c8680e2444e0bedf31c5f12d56.pdf,公开GET；具体API查询参数在正式source_registry冻结；禁止认证信息落盘。,pdftotext/OCR候选+页码双人复核,08_企业案例与公开披露/外部原件/WEB-0207_CAFI_报告_PDF/original.pdf,,company_overseas_exposure | country_event | asset_monthly_return | portfolio_scenario,DB03 中国企业海外风险 | DB02 国别与危机下钻 | DB04 多币种—黄金周期实验室 | DB04/DB05 配置与约束,取得状态、内容可用性、提取状态和正式用途四态齐全；不得单独支撑核心结论。,,ACQUIRED,DOCUMENT_LOCAL,NOT_REQUIRED,EXCLUDED,,D,补充权威替代来源；无法取得时删除相应字段和结论承诺。,ACQUIRED|DOCUMENT_LOCAL|NOT_REQUIRED|EXCLUDED,2026-08-16T09:22:23.199Z
WEB-0208,20260816_research_archive_v1,METADATA_ONLY_LICENSE,2. 埃及 CPI（2023-09 峰值 38.0%）：埃及中央公共动员与统计局（CAPMAS）,www.capmas.gov.eg,04_国别货币与中国出海,A,metadata_only,NOT_ACQUIRED,country_monthly_risk: ISO3、月份、官方汇率、CPI、储备、平行汇率、发布日期、质量标记；country_policy_year: ISO3、年份、汇率制度、资本限制、汇出限制、制裁主体、有效期、原文定位；country_event: 事件ID、国家、类型、起止月、触发值、证据等级、决策时可知性；case_evidence: 案例ID、事件簇、命题角色、关键事实、来源等级、页码、复核状态,支持亚非拉国别风险、汇率、通胀、资本管制和中国投资暴露研究。,https://www.capmas.gov.eg/,公开GET；具体API查询参数在正式source_registry冻结；禁止认证信息落盘。,按MIME与用途读取,,,country_monthly_risk | country_policy_year | country_event | case_evidence,DB01/DB02 国别风险与危机下钻 | DB02/DB05 政策与约束 | DB02 国别与危机下钻 | DB05 决策、约束与证据中心,取得状态、内容可用性、提取状态和正式用途四态齐全；不得单独支撑核心结论。,,NOT_APPLICABLE,NOT_ACQUIRED,FAILED,EXCLUDED,,B,仅保留元数据；正式分析改用许可允许的权威替代源。,NOT_APPLICABLE|NOT_ACQUIRED|FAILED|EXCLUDED,2026-08-16T09:22:23.199Z
WEB-0209,20260816_research_archive_v1,PAYWALL_OR_AUTH,"1. 德意志联邦银行（Deutsche Bundesbank）历史统计档案，转引自 Cato Institute：Hanke & Krus, ""World Hyperinflations"", Cato Working Paper No. 8, 2012。",www.cato.org,04_国别货币与中国出海,D,private_only,NOT_ACQUIRED,country_monthly_risk: ISO3、月份、官方汇率、CPI、储备、平行汇率、发布日期、质量标记；country_policy_year: ISO3、年份、汇率制度、资本限制、汇出限制、制裁主体、有效期、原文定位；country_event: 事件ID、国家、类型、起止月、触发值、证据等级、决策时可知性；case_evidence: 案例ID、事件簇、命题角色、关键事实、来源等级、页码、复核状态,支持亚非拉国别风险、汇率、通胀、资本管制和中国投资暴露研究。,https://www.cato.org/sites/cato.org/files/pubs/pdf/workingpaper-8.pdf,公开GET；具体API查询参数在正式source_registry冻结；禁止认证信息落盘。,pdftotext/OCR候选+页码双人复核,,,country_monthly_risk | country_policy_year | country_event | case_evidence,DB01/DB02 国别风险与危机下钻 | DB02/DB05 政策与约束 | DB02 国别与危机下钻 | DB05 决策、约束与证据中心,取得状态、内容可用性、提取状态和正式用途四态齐全；不得单独支撑核心结论。,,NOT_APPLICABLE,NOT_ACQUIRED,FAILED,EXCLUDED,HTTP 403,B,由资料负责人合法登录、采购或申请授权；不得自动绕过。,NOT_APPLICABLE|NOT_ACQUIRED|FAILED|EXCLUDED,2026-08-16T09:22:23.199Z
WEB-0210,20260816_research_archive_v1,METADATA_ONLY_LICENSE,3. 2022–2024 年三次贬值时间线：Reuters/Bloomberg 报道及埃及央行（CBE）公告,www.cbe.org.eg,04_国别货币与中国出海,D,metadata_only,NOT_ACQUIRED,country_monthly_risk: ISO3、月份、官方汇率、CPI、储备、平行汇率、发布日期、质量标记；country_policy_year: ISO3、年份、汇率制度、资本限制、汇出限制、制裁主体、有效期、原文定位；country_event: 事件ID、国家、类型、起止月、触发值、证据等级、决策时可知性；case_evidence: 案例ID、事件簇、命题角色、关键事实、来源等级、页码、复核状态,支持亚非拉国别风险、汇率、通胀、资本管制和中国投资暴露研究。,https://www.cbe.org.eg/,公开GET；具体API查询参数在正式source_registry冻结；禁止认证信息落盘。,按MIME与用途读取,,,country_monthly_risk | country_policy_year | country_event | case_evidence,DB01/DB02 国别风险与危机下钻 | DB02/DB05 政策与约束 | DB02 国别与危机下钻 | DB05 决策、约束与证据中心,取得状态、内容可用性、提取状态和正式用途四态齐全；不得单独支撑核心结论。,,NOT_APPLICABLE,NOT_ACQUIRED,FAILED,EXCLUDED,,B,仅保留元数据；正式分析改用许可允许的权威替代源。,NOT_APPLICABLE|NOT_ACQUIRED|FAILED|EXCLUDED,2026-08-16T09:22:23.199Z
WEB-0211,20260816_research_archive_v1,METADATA_ONLY_LICENSE,7. 尼日利亚央行（CBN）外汇改革声明（2023-06 统一汇率）,www.cbn.gov.ng,08_企业案例与公开披露,A,metadata_only,NOT_ACQUIRED,company_overseas_exposure: 企业、财年、海外收入、披露地区、汇兑损益、外币资产负债、套保、现金、授信、页码；country_monthly_risk: ISO3、月份、官方汇率、CPI、储备、平行汇率、发布日期、质量标记；country_event: 事件ID、国家、类型、起止月、触发值、证据等级、决策时可知性；portfolio_scenario: 情景、周期、权重、成本、流动性、CVaR、回撤、合法可用比例；case_evidence: 案例ID、事件簇、命题角色、关键事实、来源等级、页码、复核状态,核验企业海外收入、汇兑损益、冻结、退出和储备配置事实。,https://www.cbn.gov.ng/,公开GET；具体API查询参数在正式source_registry冻结；禁止认证信息落盘。,按MIME与用途读取,,,company_overseas_exposure | country_monthly_risk | country_event | portfolio_scenario | case_evidence,DB03 中国企业海外风险 | DB01/DB02 国别风险与危机下钻 | DB02 国别与危机下钻 | DB04/DB05 配置与约束 | DB05 决策、约束与证据中心,取得状态、内容可用性、提取状态和正式用途四态齐全；不得单独支撑核心结论。,,NOT_APPLICABLE,NOT_ACQUIRED,FAILED,EXCLUDED,,D,仅保留元数据；正式分析改用许可允许的权威替代源。,NOT_APPLICABLE|NOT_ACQUIRED|FAILED|EXCLUDED,2026-08-16T09:22:23.199Z
WEB-0212,20260816_research_archive_v1,METADATA_ONLY_LICENSE,www.cboe.com 来源资料（WEB-0212）,www.cboe.com,06_黄金美元与储备配置,D,metadata_only,NOT_ACQUIRED,asset_monthly_return: 月份、资产、计价口径、价格、收益、成本、来源版本；portfolio_scenario: 情景、周期、权重、成本、流动性、CVaR、回撤、合法可用比例,比较美元、短债、黄金、人民币资产与套保工具的周期性作用。,https://www.cboe.com/tradable_products/vix,公开GET；具体API查询参数在正式source_registry冻结；禁止认证信息落盘。,按MIME与用途读取,,,asset_monthly_return | portfolio_scenario,DB04 多币种—黄金周期实验室 | DB04/DB05 配置与约束,取得状态、内容可用性、提取状态和正式用途四态齐全；不得单独支撑核心结论。,,NOT_APPLICABLE,NOT_ACQUIRED,FAILED,EXCLUDED,,B,仅保留元数据；正式分析改用许可允许的权威替代源。,NOT_APPLICABLE|NOT_ACQUIRED|FAILED|EXCLUDED,2026-08-16T09:22:23.199Z
WEB-0213,20260816_research_archive_v1,METADATA_ONLY_LICENSE,"4. 俄央行固定价 5,000 卢布/克购金：俄罗斯央行（CBR）公告",www.cbr.ru,07_会计合规与制裁,D,metadata_only,NOT_ACQUIRED,country_policy_year: ISO3、年份、汇率制度、资本限制、汇出限制、制裁主体、有效期、原文定位；asset_monthly_return: 月份、资产、计价口径、价格、收益、成本、来源版本；case_evidence: 案例ID、事件簇、命题角色、关键事实、来源等级、页码、复核状态,限定会计分类、托管、制裁、外汇管制和合法可用性边界。,https://www.cbr.ru/eng,公开GET；具体API查询参数在正式source_registry冻结；禁止认证信息落盘。,按MIME与用途读取,,,country_policy_year | asset_monthly_return | case_evidence,DB02/DB05 政策与约束 | DB04 多币种—黄金周期实验室 | DB05 决策、约束与证据中心,取得状态、内容可用性、提取状态和正式用途四态齐全；不得单独支撑核心结论。,,NOT_APPLICABLE,NOT_ACQUIRED,FAILED,EXCLUDED,,A/D,仅保留元数据；正式分析改用许可允许的权威替代源。,NOT_APPLICABLE|NOT_ACQUIRED|FAILED|EXCLUDED,2026-08-16T09:22:23.199Z
WEB-0214,20260816_research_archive_v1,METADATA_ONLY_LICENSE,www.cftc.gov 来源资料（WEB-0214）,www.cftc.gov,06_黄金美元与储备配置,A,metadata_only,NOT_ACQUIRED,asset_monthly_return: 月份、资产、计价口径、价格、收益、成本、来源版本；portfolio_scenario: 情景、周期、权重、成本、流动性、CVaR、回撤、合法可用比例,比较美元、短债、黄金、人民币资产与套保工具的周期性作用。,https://www.cftc.gov/MarketReports/CommitmentsofTraders/HistoricalCompressed/index.htm,公开GET；具体API查询参数在正式source_registry冻结；禁止认证信息落盘。,按MIME与用途读取,,,asset_monthly_return | portfolio_scenario,DB04 多币种—黄金周期实验室 | DB04/DB05 配置与约束,取得状态、内容可用性、提取状态和正式用途四态齐全；不得单独支撑核心结论。,,NOT_APPLICABLE,NOT_ACQUIRED,FAILED,EXCLUDED,,B,仅保留元数据；正式分析改用许可允许的权威替代源。,NOT_APPLICABLE|NOT_ACQUIRED|FAILED|EXCLUDED,2026-08-16T09:22:23.199Z
WEB-0215,20260816_research_archive_v1,METADATA_ONLY_LICENSE,Channels TV，2024,www.channelstv.com,08_企业案例与公开披露,D,metadata_only,NOT_ACQUIRED,company_overseas_exposure: 企业、财年、海外收入、披露地区、汇兑损益、外币资产负债、套保、现金、授信、页码；country_event: 事件ID、国家、类型、起止月、触发值、证据等级、决策时可知性；asset_monthly_return: 月份、资产、计价口径、价格、收益、成本、来源版本；portfolio_scenario: 情景、周期、权重、成本、流动性、CVaR、回撤、合法可用比例；case_evidence: 案例ID、事件簇、命题角色、关键事实、来源等级、页码、复核状态,核验企业海外收入、汇兑损益、冻结、退出和储备配置事实。,https://www.channelstv.com/2024/02/28/nestle-nigeria-posts-n104bn-loss-for-2023,公开GET；具体API查询参数在正式source_registry冻结；禁止认证信息落盘。,按MIME与用途读取,,,company_overseas_exposure | country_event | asset_monthly_return | portfolio_scenario | case_evidence,DB03 中国企业海外风险 | DB02 国别与危机下钻 | DB04 多币种—黄金周期实验室 | DB04/DB05 配置与约束 | DB05 决策、约束与证据中心,取得状态、内容可用性、提取状态和正式用途四态齐全；不得单独支撑核心结论。,,NOT_APPLICABLE,NOT_ACQUIRED,FAILED,EXCLUDED,,D,仅保留元数据；正式分析改用许可允许的权威替代源。,NOT_APPLICABLE|NOT_ACQUIRED|FAILED|EXCLUDED,2026-08-16T09:22:23.199Z
WEB-0217,20260816_research_archive_v1,METADATA_ONLY_LICENSE,正保会计网校，2025,www.chinaacc.com,07_会计合规与制裁,D,metadata_only,NOT_ACQUIRED,company_overseas_exposure: 企业、财年、海外收入、披露地区、汇兑损益、外币资产负债、套保、现金、授信、页码；country_policy_year: ISO3、年份、汇率制度、资本限制、汇出限制、制裁主体、有效期、原文定位；asset_monthly_return: 月份、资产、计价口径、价格、收益、成本、来源版本,限定会计分类、托管、制裁、外汇管制和合法可用性边界。,https://www.chinaacc.com/zhuceshuiwushi/jhwd/zy20250626114216.shtml,公开GET；具体API查询参数在正式source_registry冻结；禁止认证信息落盘。,按MIME与用途读取,,,company_overseas_exposure | country_policy_year | asset_monthly_return,DB03 中国企业海外风险 | DB02/DB05 政策与约束 | DB04 多币种—黄金周期实验室,取得状态、内容可用性、提取状态和正式用途四态齐全；不得单独支撑核心结论。,,NOT_APPLICABLE,NOT_ACQUIRED,FAILED,EXCLUDED,,A/D,仅保留元数据；正式分析改用许可允许的权威替代源。,NOT_APPLICABLE|NOT_ACQUIRED|FAILED|EXCLUDED,2026-08-16T09:22:23.199Z
WEB-0218,20260816_research_archive_v1,METADATA_ONLY_LICENSE,2. 中国黄金集团黄金珠宝股份有限公司官网/公告,www.chinagoldsh.com,07_会计合规与制裁,D,metadata_only,NOT_ACQUIRED,company_overseas_exposure: 企业、财年、海外收入、披露地区、汇兑损益、外币资产负债、套保、现金、授信、页码；country_policy_year: ISO3、年份、汇率制度、资本限制、汇出限制、制裁主体、有效期、原文定位；asset_monthly_return: 月份、资产、计价口径、价格、收益、成本、来源版本；case_evidence: 案例ID、事件簇、命题角色、关键事实、来源等级、页码、复核状态,限定会计分类、托管、制裁、外汇管制和合法可用性边界。,https://www.chinagoldsh.com/portal/cn/index.html,公开GET；具体API查询参数在正式source_registry冻结；禁止认证信息落盘。,HTML表格: cheerio；正文: Readability+Markdown；动态页: 公开API/人工任务卡,,,company_overseas_exposure | country_policy_year | asset_monthly_return | case_evidence,DB03 中国企业海外风险 | DB02/DB05 政策与约束 | DB04 多币种—黄金周期实验室 | DB05 决策、约束与证据中心,取得状态、内容可用性、提取状态和正式用途四态齐全；不得单独支撑核心结论。,,NOT_APPLICABLE,NOT_ACQUIRED,FAILED,EXCLUDED,NOT_ACQUIRED,A/D,仅保留元数据；正式分析改用许可允许的权威替代源。,NOT_APPLICABLE|NOT_ACQUIRED|FAILED|EXCLUDED,2026-08-16T09:22:23.199Z
WEB-0219,20260816_research_archive_v1,DOWNLOADED_VERIFIED,CICPA 刊载研究，2017,www.cicpa.org.cn,08_企业案例与公开披露,D,private_only,DOCUMENT_LOCAL,company_overseas_exposure: 企业、财年、海外收入、披露地区、汇兑损益、外币资产负债、套保、现金、授信、页码；country_event: 事件ID、国家、类型、起止月、触发值、证据等级、决策时可知性；asset_monthly_return: 月份、资产、计价口径、价格、收益、成本、来源版本；portfolio_scenario: 情景、周期、权重、成本、流动性、CVaR、回撤、合法可用比例,核验企业海外收入、汇兑损益、冻结、退出和储备配置事实。,https://www.cicpa.org.cn/ztzl1/zgzckjs/zazhi2017/202012/P020230523520286146501.pdf,公开GET；具体API查询参数在正式source_registry冻结；禁止认证信息落盘。,pdftotext/OCR候选+页码双人复核,08_企业案例与公开披露/外部原件/WEB-0219_CICPA_刊载研究，2017/original.pdf,,company_overseas_exposure | country_event | asset_monthly_return | portfolio_scenario,DB03 中国企业海外风险 | DB02 国别与危机下钻 | DB04 多币种—黄金周期实验室 | DB04/DB05 配置与约束,取得状态、内容可用性、提取状态和正式用途四态齐全；不得单独支撑核心结论。,,ACQUIRED,DOCUMENT_LOCAL,NOT_REQUIRED,EXCLUDED,,D,补充权威替代来源；无法取得时删除相应字段和结论承诺。,ACQUIRED|DOCUMENT_LOCAL|NOT_REQUIRED|EXCLUDED,2026-08-16T09:22:23.199Z
WEB-0220,20260816_research_archive_v1,METADATA_ONLY_LICENSE,2. 传音 2024-10 三季报（2024Q3 净利润同比 -44%，归因埃塞俄比亚币贬值汇兑损失）：公司公告/财联社 2024-10 报道,www.cls.cn,08_企业案例与公开披露,C,metadata_only,NOT_ACQUIRED,company_overseas_exposure: 企业、财年、海外收入、披露地区、汇兑损益、外币资产负债、套保、现金、授信、页码；country_event: 事件ID、国家、类型、起止月、触发值、证据等级、决策时可知性；portfolio_scenario: 情景、周期、权重、成本、流动性、CVaR、回撤、合法可用比例；case_evidence: 案例ID、事件簇、命题角色、关键事实、来源等级、页码、复核状态,核验企业海外收入、汇兑损益、冻结、退出和储备配置事实。,https://www.cls.cn/,公开GET；具体API查询参数在正式source_registry冻结；禁止认证信息落盘。,按MIME与用途读取,,,company_overseas_exposure | country_event | portfolio_scenario | case_evidence,DB03 中国企业海外风险 | DB02 国别与危机下钻 | DB04/DB05 配置与约束 | DB05 决策、约束与证据中心,取得状态、内容可用性、提取状态和正式用途四态齐全；不得单独支撑核心结论。,,NOT_APPLICABLE,NOT_ACQUIRED,FAILED,EXCLUDED,,D,仅保留元数据；正式分析改用许可允许的权威替代源。,NOT_APPLICABLE|NOT_ACQUIRED|FAILED|EXCLUDED,2026-08-16T09:22:23.199Z
WEB-0221,20260816_research_archive_v1,METADATA_ONLY_LICENSE,财联社，2025-04,www.cls.cn,08_企业案例与公开披露,C,metadata_only,NOT_ACQUIRED,company_overseas_exposure: 企业、财年、海外收入、披露地区、汇兑损益、外币资产负债、套保、现金、授信、页码；country_event: 事件ID、国家、类型、起止月、触发值、证据等级、决策时可知性；asset_monthly_return: 月份、资产、计价口径、价格、收益、成本、来源版本；portfolio_scenario: 情景、周期、权重、成本、流动性、CVaR、回撤、合法可用比例,核验企业海外收入、汇兑损益、冻结、退出和储备配置事实。,https://www.cls.cn/detail/1997358,公开GET；具体API查询参数在正式source_registry冻结；禁止认证信息落盘。,按MIME与用途读取,,,company_overseas_exposure | country_event | asset_monthly_return | portfolio_scenario,DB03 中国企业海外风险 | DB02 国别与危机下钻 | DB04 多币种—黄金周期实验室 | DB04/DB05 配置与约束,取得状态、内容可用性、提取状态和正式用途四态齐全；不得单独支撑核心结论。,,NOT_APPLICABLE,NOT_ACQUIRED,FAILED,EXCLUDED,,D,仅保留元数据；正式分析改用许可允许的权威替代源。,NOT_APPLICABLE|NOT_ACQUIRED|FAILED|EXCLUDED,2026-08-16T09:22:23.199Z
WEB-0222,20260816_research_archive_v1,METADATA_ONLY_LICENSE,财联社，2026-01,www.cls.cn,08_企业案例与公开披露,C,metadata_only,NOT_ACQUIRED,company_overseas_exposure: 企业、财年、海外收入、披露地区、汇兑损益、外币资产负债、套保、现金、授信、页码；country_event: 事件ID、国家、类型、起止月、触发值、证据等级、决策时可知性；asset_monthly_return: 月份、资产、计价口径、价格、收益、成本、来源版本；portfolio_scenario: 情景、周期、权重、成本、流动性、CVaR、回撤、合法可用比例,核验企业海外收入、汇兑损益、冻结、退出和储备配置事实。,https://www.cls.cn/detail/2272392,公开GET；具体API查询参数在正式source_registry冻结；禁止认证信息落盘。,按MIME与用途读取,,,company_overseas_exposure | country_event | asset_monthly_return | portfolio_scenario,DB03 中国企业海外风险 | DB02 国别与危机下钻 | DB04 多币种—黄金周期实验室 | DB04/DB05 配置与约束,取得状态、内容可用性、提取状态和正式用途四态齐全；不得单独支撑核心结论。,,NOT_APPLICABLE,NOT_ACQUIRED,FAILED,EXCLUDED,,D,仅保留元数据；正式分析改用许可允许的权威替代源。,NOT_APPLICABLE|NOT_ACQUIRED|FAILED|EXCLUDED,2026-08-16T09:22:23.199Z
WEB-0223,20260816_research_archive_v1,METADATA_ONLY_LICENSE,"2. 财联社（2024/2026）：""以史为鉴：70年代的黄金牛市是如何开始、如何结束的""（1970–74、1977–80 黄金年化收益 32.5%/45.2%），",www.cls.cn,05_全球周期与历史危机,C,metadata_only,NOT_ACQUIRED,asset_monthly_return: 月份、资产、计价口径、价格、收益、成本、来源版本；case_evidence: 案例ID、事件簇、命题角色、关键事实、来源等级、页码、复核状态；historical_crisis_event: 历史事件、制度环境、政策节点、起止期、可比性、黄金与美元表现；global_cycle_month: 月份、工业生产、失业、CPI、利率、利差、美元、金融条件、市场回撤、周期标签,识别全球经济周期、资产泡沫、信用危机、衰退与历史制度差异。,https://www.cls.cn/detail/2341263,公开GET；具体API查询参数在正式source_registry冻结；禁止认证信息落盘。,按MIME与用途读取,,,asset_monthly_return | case_evidence | historical_crisis_event | global_cycle_month,DB04 多币种—黄金周期实验室 | DB05 决策、约束与证据中心 | DB06 全球周期与历史危机,取得状态、内容可用性、提取状态和正式用途四态齐全；不得单独支撑核心结论。,,NOT_APPLICABLE,NOT_ACQUIRED,FAILED,EXCLUDED,,B,仅保留元数据；正式分析改用许可允许的权威替代源。,NOT_APPLICABLE|NOT_ACQUIRED|FAILED|EXCLUDED,2026-08-16T09:22:23.199Z
WEB-0224,20260816_research_archive_v1,METADATA_ONLY_LICENSE,5. WTI 原油负值事件（2020-04-20）：CME Group 与媒体记录,www.cmegroup.com,05_全球周期与历史危机,D,metadata_only,NOT_ACQUIRED,case_evidence: 案例ID、事件簇、命题角色、关键事实、来源等级、页码、复核状态；historical_crisis_event: 历史事件、制度环境、政策节点、起止期、可比性、黄金与美元表现；global_cycle_month: 月份、工业生产、失业、CPI、利率、利差、美元、金融条件、市场回撤、周期标签,识别全球经济周期、资产泡沫、信用危机、衰退与历史制度差异。,https://www.cmegroup.com/,公开GET；具体API查询参数在正式source_registry冻结；禁止认证信息落盘。,按MIME与用途读取,,,case_evidence | historical_crisis_event | global_cycle_month,DB05 决策、约束与证据中心 | DB06 全球周期与历史危机,取得状态、内容可用性、提取状态和正式用途四态齐全；不得单独支撑核心结论。,,NOT_APPLICABLE,NOT_ACQUIRED,FAILED,EXCLUDED,,B,仅保留元数据；正式分析改用许可允许的权威替代源。,NOT_APPLICABLE|NOT_ACQUIRED|FAILED|EXCLUDED,2026-08-16T09:22:23.199Z
WEB-0225,20260816_research_archive_v1,METADATA_ONLY_LICENSE,www.cmegroup.com 来源资料（WEB-0225）,www.cmegroup.com,06_黄金美元与储备配置,D,metadata_only,NOT_ACQUIRED,asset_monthly_return: 月份、资产、计价口径、价格、收益、成本、来源版本；portfolio_scenario: 情景、周期、权重、成本、流动性、CVaR、回撤、合法可用比例,比较美元、短债、黄金、人民币资产与套保工具的周期性作用。,https://www.cmegroup.com/markets/metals/precious.html,公开GET；具体API查询参数在正式source_registry冻结；禁止认证信息落盘。,HTML表格: cheerio；正文: Readability+Markdown；动态页: 公开API/人工任务卡,,,asset_monthly_return | portfolio_scenario,DB04 多币种—黄金周期实验室 | DB04/DB05 配置与约束,取得状态、内容可用性、提取状态和正式用途四态齐全；不得单独支撑核心结论。,,NOT_APPLICABLE,NOT_ACQUIRED,FAILED,EXCLUDED,NOT_ACQUIRED,B,仅保留元数据；正式分析改用许可允许的权威替代源。,NOT_APPLICABLE|NOT_ACQUIRED|FAILED|EXCLUDED,2026-08-16T09:22:23.199Z
WEB-0226,20260816_research_archive_v1,METADATA_ONLY_LICENSE,"4. CNBC Indonesia，《Rupiah Nelangsa, Krisis 1997/1998 Terulang?》，2024——印尼盾金价 40,000→73,125 印尼盾/克、通胀 77.63%、GDP -13.7%：",www.cnbcindonesia.com,05_全球周期与历史危机,D,metadata_only,NOT_ACQUIRED,country_monthly_risk: ISO3、月份、官方汇率、CPI、储备、平行汇率、发布日期、质量标记；case_evidence: 案例ID、事件簇、命题角色、关键事实、来源等级、页码、复核状态；historical_crisis_event: 历史事件、制度环境、政策节点、起止期、可比性、黄金与美元表现；global_cycle_month: 月份、工业生产、失业、CPI、利率、利差、美元、金融条件、市场回撤、周期标签,识别全球经济周期、资产泡沫、信用危机、衰退与历史制度差异。,https://www.cnbcindonesia.com/research/20240418153237-128-531396/rupiah-nelangsa-krisis-1997-1998-terulang,公开GET；具体API查询参数在正式source_registry冻结；禁止认证信息落盘。,按MIME与用途读取,,,country_monthly_risk | case_evidence | historical_crisis_event | global_cycle_month,DB01/DB02 国别风险与危机下钻 | DB05 决策、约束与证据中心 | DB06 全球周期与历史危机,取得状态、内容可用性、提取状态和正式用途四态齐全；不得单独支撑核心结论。,,NOT_APPLICABLE,NOT_ACQUIRED,FAILED,EXCLUDED,,B,仅保留元数据；正式分析改用许可允许的权威替代源。,NOT_APPLICABLE|NOT_ACQUIRED|FAILED|EXCLUDED,2026-08-16T09:22:23.199Z
WEB-0227,20260816_research_archive_v1,METADATA_ONLY_LICENSE,7. 新华网/新华财经，2023，《黎巴嫩本币兑美元汇率跌破 100000 比 1 大关》——黑市破 10 万、累计贬值超 98%。,www.cnfin.com,06_黄金美元与储备配置,D,metadata_only,NOT_ACQUIRED,country_monthly_risk: ISO3、月份、官方汇率、CPI、储备、平行汇率、发布日期、质量标记；country_event: 事件ID、国家、类型、起止月、触发值、证据等级、决策时可知性；asset_monthly_return: 月份、资产、计价口径、价格、收益、成本、来源版本；portfolio_scenario: 情景、周期、权重、成本、流动性、CVaR、回撤、合法可用比例；case_evidence: 案例ID、事件簇、命题角色、关键事实、来源等级、页码、复核状态,比较美元、短债、黄金、人民币资产与套保工具的周期性作用。,https://www.cnfin.com/hs-lb/detail/20230314/3822485_1.html,公开GET；具体API查询参数在正式source_registry冻结；禁止认证信息落盘。,HTML表格: cheerio；正文: Readability+Markdown；动态页: 公开API/人工任务卡,,,country_monthly_risk | country_event | asset_monthly_return | portfolio_scenario | case_evidence,DB01/DB02 国别风险与危机下钻 | DB02 国别与危机下钻 | DB04 多币种—黄金周期实验室 | DB04/DB05 配置与约束 | DB05 决策、约束与证据中心,取得状态、内容可用性、提取状态和正式用途四态齐全；不得单独支撑核心结论。,,NOT_APPLICABLE,NOT_ACQUIRED,FAILED,EXCLUDED,NOT_ACQUIRED,B,仅保留元数据；正式分析改用许可允许的权威替代源。,NOT_APPLICABLE|NOT_ACQUIRED|FAILED|EXCLUDED,2026-08-16T09:22:23.199Z
WEB-0228,20260816_research_archive_v1,METADATA_ONLY_LICENSE,"文本语料,金投网黄金新闻,标题与正文共1303篇,2022-02-01至2025-02-28,文章级→日聚合,金投网,",World Gold Council,06_黄金美元与储备配置,D,metadata_only,NOT_ACQUIRED,asset_monthly_return: 月份、资产、计价口径、价格、收益、成本、来源版本；portfolio_scenario: 情景、周期、权重、成本、流动性、CVaR、回撤、合法可用比例,比较美元、短债、黄金、人民币资产与套保工具的周期性作用。,https://www.cngold.org/,公开GET；具体API查询参数在正式source_registry冻结；禁止认证信息落盘。,按MIME与用途读取,,,asset_monthly_return | portfolio_scenario,DB04 多币种—黄金周期实验室 | DB04/DB05 配置与约束,取得状态、内容可用性、提取状态和正式用途四态齐全；不得单独支撑核心结论。,,NOT_APPLICABLE,NOT_ACQUIRED,FAILED,EXCLUDED,,B,仅保留元数据；正式分析改用许可允许的权威替代源。,NOT_APPLICABLE|NOT_ACQUIRED|FAILED|EXCLUDED,2026-08-16T09:22:23.199Z
WEB-0229,20260816_research_archive_v1,METADATA_ONLY_LICENSE,3. 美国财政部 OFAC 对伊朗制裁与 IFCA（2013）条文：美国国会立法《Iran Freedom and Counter-Proliferation Act》,www.congress.gov,07_会计合规与制裁,A,metadata_only,NOT_ACQUIRED,country_policy_year: ISO3、年份、汇率制度、资本限制、汇出限制、制裁主体、有效期、原文定位；asset_monthly_return: 月份、资产、计价口径、价格、收益、成本、来源版本；case_evidence: 案例ID、事件簇、命题角色、关键事实、来源等级、页码、复核状态,限定会计分类、托管、制裁、外汇管制和合法可用性边界。,https://www.congress.gov/,公开GET；具体API查询参数在正式source_registry冻结；禁止认证信息落盘。,按MIME与用途读取,,,country_policy_year | asset_monthly_return | case_evidence,DB02/DB05 政策与约束 | DB04 多币种—黄金周期实验室 | DB05 决策、约束与证据中心,取得状态、内容可用性、提取状态和正式用途四态齐全；不得单独支撑核心结论。,,NOT_APPLICABLE,NOT_ACQUIRED,FAILED,EXCLUDED,,A/D,仅保留元数据；正式分析改用许可允许的权威替代源。,NOT_APPLICABLE|NOT_ACQUIRED|FAILED|EXCLUDED,2026-08-16T09:22:23.199Z
WEB-0230,20260816_research_archive_v1,METADATA_ONLY_LICENSE,Cornerstone Research,www.cornerstone.com,08_企业案例与公开披露,D,metadata_only,NOT_ACQUIRED,company_overseas_exposure: 企业、财年、海外收入、披露地区、汇兑损益、外币资产负债、套保、现金、授信、页码；country_event: 事件ID、国家、类型、起止月、触发值、证据等级、决策时可知性；asset_monthly_return: 月份、资产、计价口径、价格、收益、成本、来源版本；portfolio_scenario: 情景、周期、权重、成本、流动性、CVaR、回撤、合法可用比例,核验企业海外收入、汇兑损益、冻结、退出和储备配置事实。,https://www.cornerstone.com/insights/cases/ashanti-goldfields-securities-litigation,公开GET；具体API查询参数在正式source_registry冻结；禁止认证信息落盘。,按MIME与用途读取,,,company_overseas_exposure | country_event | asset_monthly_return | portfolio_scenario,DB03 中国企业海外风险 | DB02 国别与危机下钻 | DB04 多币种—黄金周期实验室 | DB04/DB05 配置与约束,取得状态、内容可用性、提取状态和正式用途四态齐全；不得单独支撑核心结论。,,NOT_APPLICABLE,NOT_ACQUIRED,FAILED,EXCLUDED,,D,仅保留元数据；正式分析改用许可允许的权威替代源。,NOT_APPLICABLE|NOT_ACQUIRED|FAILED|EXCLUDED,2026-08-16T09:22:23.199Z
WEB-0231,20260816_research_archive_v1,METADATA_ONLY_LICENSE,CPDbox，2024,www.cpdbox.com,07_会计合规与制裁,D,metadata_only,NOT_ACQUIRED,country_policy_year: ISO3、年份、汇率制度、资本限制、汇出限制、制裁主体、有效期、原文定位；asset_monthly_return: 月份、资产、计价口径、价格、收益、成本、来源版本,限定会计分类、托管、制裁、外汇管制和合法可用性边界。,https://www.cpdbox.com/040-investment-gold-ifrs,公开GET；具体API查询参数在正式source_registry冻结；禁止认证信息落盘。,按MIME与用途读取,,,country_policy_year | asset_monthly_return,DB02/DB05 政策与约束 | DB04 多币种—黄金周期实验室,取得状态、内容可用性、提取状态和正式用途四态齐全；不得单独支撑核心结论。,,NOT_APPLICABLE,NOT_ACQUIRED,FAILED,EXCLUDED,,A/D,仅保留元数据；正式分析改用许可允许的权威替代源。,NOT_APPLICABLE|NOT_ACQUIRED|FAILED|EXCLUDED,2026-08-16T09:22:23.199Z
WEB-0232,20260816_research_archive_v1,METADATA_ONLY_LICENSE,1. Crescat Capital（2024）：《The Countercyclicality of Gold Mining Stocks》，Homestake 与道指 1929–1932 对比数据。,www.crescat.net,05_全球周期与历史危机,D,metadata_only,NOT_ACQUIRED,asset_monthly_return: 月份、资产、计价口径、价格、收益、成本、来源版本；case_evidence: 案例ID、事件簇、命题角色、关键事实、来源等级、页码、复核状态；historical_crisis_event: 历史事件、制度环境、政策节点、起止期、可比性、黄金与美元表现；global_cycle_month: 月份、工业生产、失业、CPI、利率、利差、美元、金融条件、市场回撤、周期标签,识别全球经济周期、资产泡沫、信用危机、衰退与历史制度差异。,https://www.crescat.net/the-countercyclicality-of-gold-mining-stocks,公开GET；具体API查询参数在正式source_registry冻结；禁止认证信息落盘。,按MIME与用途读取,,,asset_monthly_return | case_evidence | historical_crisis_event | global_cycle_month,DB04 多币种—黄金周期实验室 | DB05 决策、约束与证据中心 | DB06 全球周期与历史危机,取得状态、内容可用性、提取状态和正式用途四态齐全；不得单独支撑核心结论。,,NOT_APPLICABLE,NOT_ACQUIRED,FAILED,EXCLUDED,,B,仅保留元数据；正式分析改用许可允许的权威替代源。,NOT_APPLICABLE|NOT_ACQUIRED|FAILED|EXCLUDED,2026-08-16T09:22:23.199Z
WEB-0233,20260816_research_archive_v1,METADATA_ONLY_LICENSE,4. 银行不良债权处置（100 万亿日元级）：日本金融厅/存款保险机构披露，<,www.dic.go.jp,05_全球周期与历史危机,D,metadata_only,NOT_ACQUIRED,case_evidence: 案例ID、事件簇、命题角色、关键事实、来源等级、页码、复核状态；historical_crisis_event: 历史事件、制度环境、政策节点、起止期、可比性、黄金与美元表现；global_cycle_month: 月份、工业生产、失业、CPI、利率、利差、美元、金融条件、市场回撤、周期标签,识别全球经济周期、资产泡沫、信用危机、衰退与历史制度差异。,https://www.dic.go.jp/english,公开GET；具体API查询参数在正式source_registry冻结；禁止认证信息落盘。,按MIME与用途读取,,,case_evidence | historical_crisis_event | global_cycle_month,DB05 决策、约束与证据中心 | DB06 全球周期与历史危机,取得状态、内容可用性、提取状态和正式用途四态齐全；不得单独支撑核心结论。,,NOT_APPLICABLE,NOT_ACQUIRED,FAILED,EXCLUDED,,B,仅保留元数据；正式分析改用许可允许的权威替代源。,NOT_APPLICABLE|NOT_ACQUIRED|FAILED|EXCLUDED,2026-08-16T09:22:23.199Z
WEB-0234,20260816_research_archive_v1,METADATA_ONLY_LICENSE,6. 迪拜黄金贸易枢纽角色：迪拜多种商品交易中心（DMCC）黄金贸易报告,www.dmcc.ae,07_会计合规与制裁,D,metadata_only,NOT_ACQUIRED,country_policy_year: ISO3、年份、汇率制度、资本限制、汇出限制、制裁主体、有效期、原文定位；asset_monthly_return: 月份、资产、计价口径、价格、收益、成本、来源版本；case_evidence: 案例ID、事件簇、命题角色、关键事实、来源等级、页码、复核状态,限定会计分类、托管、制裁、外汇管制和合法可用性边界。,https://www.dmcc.ae/,公开GET；具体API查询参数在正式source_registry冻结；禁止认证信息落盘。,按MIME与用途读取,,,country_policy_year | asset_monthly_return | case_evidence,DB02/DB05 政策与约束 | DB04 多币种—黄金周期实验室 | DB05 决策、约束与证据中心,取得状态、内容可用性、提取状态和正式用途四态齐全；不得单独支撑核心结论。,,NOT_APPLICABLE,NOT_ACQUIRED,FAILED,EXCLUDED,,A/D,仅保留元数据；正式分析改用许可允许的权威替代源。,NOT_APPLICABLE|NOT_ACQUIRED|FAILED|EXCLUDED,2026-08-16T09:22:23.199Z
WEB-0236,20260816_research_archive_v1,DUPLICATE_CONTENT,"论文,全文XML,结构化全文与参考文献,2026-02-28,一次性,Europe PMC,",www.ebi.ac.uk,06_黄金美元与储备配置,D,shared,LOCAL_ASSET,asset_monthly_return: 月份、资产、计价口径、价格、收益、成本、来源版本；portfolio_scenario: 情景、周期、权重、成本、流动性、CVaR、回撤、合法可用比例,比较美元、短债、黄金、人民币资产与套保工具的周期性作用。,https://www.ebi.ac.uk/europepmc/webservices/rest/PMC13025532/fullTextXML,公开GET；具体API查询参数在正式source_registry冻结；禁止认证信息落盘。,按MIME与用途读取,10_数据集原件与说明/本地原件/最终数据/最终数据/research/media_sentiment_gold_paper/metadata/europepmc_fulltext.xml,,asset_monthly_return | portfolio_scenario,DB04 多币种—黄金周期实验室 | DB04/DB05 配置与约束,取得状态、内容可用性、提取状态和正式用途四态齐全；不得单独支撑核心结论。,LCL-0154,ACQUIRED,LOCAL_ASSET,NOT_REQUIRED,REPLACED,,B,使用替代来源：LCL-0154,ACQUIRED|LOCAL_ASSET|NOT_REQUIRED|REPLACED,2026-08-16T09:22:23.200Z
WEB-0239,20260816_research_archive_v1,DOWNLOADED_VERIFIED,"5. Burdekin, R.C.K.（2005，EconStor 学术档案）：《US pressure on China's currency: Milton Friedman and the silver purchase program》，1933–1935 年白银价格反弹至 81 美分数据。",www.econstor.eu,05_全球周期与历史危机,D,private_only,DOCUMENT_LOCAL,case_evidence: 案例ID、事件簇、命题角色、关键事实、来源等级、页码、复核状态；historical_crisis_event: 历史事件、制度环境、政策节点、起止期、可比性、黄金与美元表现；global_cycle_month: 月份、工业生产、失业、CPI、利率、利差、美元、金融条件、市场回撤、周期标签,识别全球经济周期、资产泡沫、信用危机、衰退与历史制度差异。,https://www.econstor.eu/bitstream/10419/31418/1/508648971.pdf,公开GET；具体API查询参数在正式source_registry冻结；禁止认证信息落盘。,pdftotext/OCR候选+页码双人复核,"05_全球周期与历史危机/外部原件/WEB-0239_5._Burdekin,_R.C.K.（2005，EconStor_学术档案）：《US_pressure_on_China's_currency/original.pdf",,case_evidence | historical_crisis_event | global_cycle_month,DB05 决策、约束与证据中心 | DB06 全球周期与历史危机,取得状态、内容可用性、提取状态和正式用途四态齐全；不得单独支撑核心结论。,,ACQUIRED,DOCUMENT_LOCAL,NOT_REQUIRED,EXCLUDED,,B,补充权威替代来源；无法取得时删除相应字段和结论承诺。,ACQUIRED|DOCUMENT_LOCAL|NOT_REQUIRED|EXCLUDED,2026-08-16T09:22:23.200Z
WEB-0240,20260816_research_archive_v1,METADATA_ONLY_LICENSE,4. 土耳其天然气进口数据：EIA《Turkey》国别分析,www.eia.gov,07_会计合规与制裁,A,metadata_only,NOT_ACQUIRED,country_policy_year: ISO3、年份、汇率制度、资本限制、汇出限制、制裁主体、有效期、原文定位；asset_monthly_return: 月份、资产、计价口径、价格、收益、成本、来源版本；case_evidence: 案例ID、事件簇、命题角色、关键事实、来源等级、页码、复核状态,限定会计分类、托管、制裁、外汇管制和合法可用性边界。,https://www.eia.gov/,公开GET；具体API查询参数在正式source_registry冻结；禁止认证信息落盘。,按MIME与用途读取,,,country_policy_year | asset_monthly_return | case_evidence,DB02/DB05 政策与约束 | DB04 多币种—黄金周期实验室 | DB05 决策、约束与证据中心,取得状态、内容可用性、提取状态和正式用途四态齐全；不得单独支撑核心结论。,,NOT_APPLICABLE,NOT_ACQUIRED,FAILED,EXCLUDED,,A/D,仅保留元数据；正式分析改用许可允许的权威替代源。,NOT_APPLICABLE|NOT_ACQUIRED|FAILED|EXCLUDED,2026-08-16T09:22:23.200Z
WEB-0241,20260816_research_archive_v1,METADATA_ONLY_LICENSE,10. 委内瑞拉石油产量与制裁：EIA,www.eia.gov,07_会计合规与制裁,A,metadata_only,NOT_ACQUIRED,country_monthly_risk: ISO3、月份、官方汇率、CPI、储备、平行汇率、发布日期、质量标记；country_policy_year: ISO3、年份、汇率制度、资本限制、汇出限制、制裁主体、有效期、原文定位；country_event: 事件ID、国家、类型、起止月、触发值、证据等级、决策时可知性；case_evidence: 案例ID、事件簇、命题角色、关键事实、来源等级、页码、复核状态,限定会计分类、托管、制裁、外汇管制和合法可用性边界。,https://www.eia.gov/international/analysis/country/VEN,公开GET；具体API查询参数在正式source_registry冻结；禁止认证信息落盘。,按MIME与用途读取,,,country_monthly_risk | country_policy_year | country_event | case_evidence,DB01/DB02 国别风险与危机下钻 | DB02/DB05 政策与约束 | DB02 国别与危机下钻 | DB05 决策、约束与证据中心,取得状态、内容可用性、提取状态和正式用途四态齐全；不得单独支撑核心结论。,,NOT_APPLICABLE,NOT_ACQUIRED,FAILED,EXCLUDED,,A/D,仅保留元数据；正式分析改用许可允许的权威替代源。,NOT_APPLICABLE|NOT_ACQUIRED|FAILED|EXCLUDED,2026-08-16T09:22:23.200Z
WEB-0242,20260816_research_archive_v1,MANUAL_ACTION_REQUIRED,change Restrictions. 2026. url:,International Monetary Fund,08_企业案例与公开披露,B,metadata_only,NOT_ACQUIRED,source_registry: 平台版本、导入能力、ETL、模型、AIChat、XML、评分条款；company_overseas_exposure: 企业、财年、海外收入、披露地区、汇兑损益、外币资产负债、套保、现金、授信、页码；country_event: 事件ID、国家、类型、起止月、触发值、证据等级、决策时可知性；asset_monthly_return: 月份、资产、计价口径、价格、收益、成本、来源版本；portfolio_scenario: 情景、周期、权重、成本、流动性、CVaR、回撤、合法可用比例,核验企业海外收入、汇兑损益、冻结、退出和储备配置事实。,https://www.elibrary.imf.org/subject/012,公开GET；具体API查询参数在正式source_registry冻结；禁止认证信息落盘。,按MIME与用途读取,,,source_registry | company_overseas_exposure | country_event | asset_monthly_return | portfolio_scenario,通用交付与评分证据 | DB03 中国企业海外风险 | DB02 国别与危机下钻 | DB04 多币种—黄金周期实验室 | DB04/DB05 配置与约束,取得状态、内容可用性、提取状态和正式用途四态齐全；不得单独支撑核心结论。,,NOT_APPLICABLE,NOT_ACQUIRED,FAILED,EXCLUDED,,D,按人工任务卡接受条款或完成机构授权后重新验收。,NOT_APPLICABLE|NOT_ACQUIRED|FAILED|EXCLUDED,2026-08-16T09:22:23.200Z
WEB-0243,20260816_research_archive_v1,MANUAL_ACTION_REQUIRED,IMF WP，2020,International Monetary Fund,08_企业案例与公开披露,B,metadata_only,NOT_ACQUIRED,company_overseas_exposure: 企业、财年、海外收入、披露地区、汇兑损益、外币资产负债、套保、现金、授信、页码；country_event: 事件ID、国家、类型、起止月、触发值、证据等级、决策时可知性；asset_monthly_return: 月份、资产、计价口径、价格、收益、成本、来源版本；portfolio_scenario: 情景、周期、权重、成本、流动性、CVaR、回撤、合法可用比例,核验企业海外收入、汇兑损益、冻结、退出和储备配置事实。,https://www.elibrary.imf.org/view/journals/001/2020/179/article-A001-en.xml,公开GET；具体API查询参数在正式source_registry冻结；禁止认证信息落盘。,按MIME与用途读取,,,company_overseas_exposure | country_event | asset_monthly_return | portfolio_scenario,DB03 中国企业海外风险 | DB02 国别与危机下钻 | DB04 多币种—黄金周期实验室 | DB04/DB05 配置与约束,取得状态、内容可用性、提取状态和正式用途四态齐全；不得单独支撑核心结论。,,NOT_APPLICABLE,NOT_ACQUIRED,FAILED,EXCLUDED,,D,按人工任务卡接受条款或完成机构授权后重新验收。,NOT_APPLICABLE|NOT_ACQUIRED|FAILED|EXCLUDED,2026-08-16T09:22:23.200Z
WEB-0244,20260816_research_archive_v1,MANUAL_ACTION_REQUIRED,"3. IMF，2023，《Lebanon: 2023 Article IV Consultation》——黑市汇率 2023 年 3 月中旬达 140,000/美元。",International Monetary Fund,06_黄金美元与储备配置,B,metadata_only,NOT_ACQUIRED,country_monthly_risk: ISO3、月份、官方汇率、CPI、储备、平行汇率、发布日期、质量标记；country_event: 事件ID、国家、类型、起止月、触发值、证据等级、决策时可知性；asset_monthly_return: 月份、资产、计价口径、价格、收益、成本、来源版本；portfolio_scenario: 情景、周期、权重、成本、流动性、CVaR、回撤、合法可用比例；case_evidence: 案例ID、事件簇、命题角色、关键事实、来源等级、页码、复核状态,比较美元、短债、黄金、人民币资产与套保工具的周期性作用。,https://www.elibrary.imf.org/view/journals/002/2023/237/article-A001-en.xml,公开GET；具体API查询参数在正式source_registry冻结；禁止认证信息落盘。,按MIME与用途读取,,,country_monthly_risk | country_event | asset_monthly_return | portfolio_scenario | case_evidence,DB01/DB02 国别风险与危机下钻 | DB02 国别与危机下钻 | DB04 多币种—黄金周期实验室 | DB04/DB05 配置与约束 | DB05 决策、约束与证据中心,取得状态、内容可用性、提取状态和正式用途四态齐全；不得单独支撑核心结论。,,NOT_APPLICABLE,NOT_ACQUIRED,FAILED,EXCLUDED,,B,按人工任务卡接受条款或完成机构授权后重新验收。,NOT_APPLICABLE|NOT_ACQUIRED|FAILED|EXCLUDED,2026-08-16T09:22:23.200Z
WEB-0245,20260816_research_archive_v1,MANUAL_ACTION_REQUIRED,"2026/007, 2026,",International Monetary Fund,06_黄金美元与储备配置,B,metadata_only,NOT_ACQUIRED,asset_monthly_return: 月份、资产、计价口径、价格、收益、成本、来源版本；portfolio_scenario: 情景、周期、权重、成本、流动性、CVaR、回撤、合法可用比例,比较美元、短债、黄金、人民币资产与套保工具的周期性作用。,https://www.elibrary.imf.org/view/journals/068/2026/007,公开GET；具体API查询参数在正式source_registry冻结；禁止认证信息落盘。,按MIME与用途读取,,,asset_monthly_return | portfolio_scenario,DB04 多币种—黄金周期实验室 | DB04/DB05 配置与约束,取得状态、内容可用性、提取状态和正式用途四态齐全；不得单独支撑核心结论。,,NOT_APPLICABLE,NOT_ACQUIRED,FAILED,EXCLUDED,,B,按人工任务卡接受条款或完成机构授权后重新验收。,NOT_APPLICABLE|NOT_ACQUIRED|FAILED|EXCLUDED,2026-08-16T09:22:23.200Z
WEB-0246,20260816_research_archive_v1,MANUAL_ACTION_REQUIRED,International Monetary Fund 来源资料（WEB-0246）,International Monetary Fund,06_黄金美元与储备配置,B,metadata_only,NOT_ACQUIRED,asset_monthly_return: 月份、资产、计价口径、价格、收益、成本、来源版本；portfolio_scenario: 情景、周期、权重、成本、流动性、CVaR、回撤、合法可用比例,比较美元、短债、黄金、人民币资产与套保工具的周期性作用。,https://www.elibrary.imf.org/view/journals/068/2026/007/article-A001-en.xml,公开GET；具体API查询参数在正式source_registry冻结；禁止认证信息落盘。,按MIME与用途读取,,,asset_monthly_return | portfolio_scenario,DB04 多币种—黄金周期实验室 | DB04/DB05 配置与约束,取得状态、内容可用性、提取状态和正式用途四态齐全；不得单独支撑核心结论。,,NOT_APPLICABLE,NOT_ACQUIRED,FAILED,EXCLUDED,,B,按人工任务卡接受条款或完成机构授权后重新验收。,NOT_APPLICABLE|NOT_ACQUIRED|FAILED|EXCLUDED,2026-08-16T09:22:23.200Z
WEB-0247,20260816_research_archive_v1,METADATA_ONLY_LICENSE,3. 名义 GDP 停滞数据：日本内阁府国民经济核算，<,www.esri.cao.go.jp,05_全球周期与历史危机,D,metadata_only,NOT_ACQUIRED,case_evidence: 案例ID、事件簇、命题角色、关键事实、来源等级、页码、复核状态；historical_crisis_event: 历史事件、制度环境、政策节点、起止期、可比性、黄金与美元表现；global_cycle_month: 月份、工业生产、失业、CPI、利率、利差、美元、金融条件、市场回撤、周期标签,识别全球经济周期、资产泡沫、信用危机、衰退与历史制度差异。,https://www.esri.cao.go.jp/en/sna/menu.html,公开GET；具体API查询参数在正式source_registry冻结；禁止认证信息落盘。,HTML表格: cheerio；正文: Readability+Markdown；动态页: 公开API/人工任务卡,,,case_evidence | historical_crisis_event | global_cycle_month,DB05 决策、约束与证据中心 | DB06 全球周期与历史危机,取得状态、内容可用性、提取状态和正式用途四态齐全；不得单独支撑核心结论。,,NOT_APPLICABLE,NOT_ACQUIRED,FAILED,EXCLUDED,NOT_ACQUIRED,B,仅保留元数据；正式分析改用许可允许的权威替代源。,NOT_APPLICABLE|NOT_ACQUIRED|FAILED|EXCLUDED,2026-08-16T09:22:23.200Z
WEB-0248,20260816_research_archive_v1,METADATA_ONLY_LICENSE,EuroFinance，2022,www.eurofinance.com,08_企业案例与公开披露,D,metadata_only,NOT_ACQUIRED,company_overseas_exposure: 企业、财年、海外收入、披露地区、汇兑损益、外币资产负债、套保、现金、授信、页码；country_event: 事件ID、国家、类型、起止月、触发值、证据等级、决策时可知性；asset_monthly_return: 月份、资产、计价口径、价格、收益、成本、来源版本；portfolio_scenario: 情景、周期、权重、成本、流动性、CVaR、回撤、合法可用比例,核验企业海外收入、汇兑损益、冻结、退出和储备配置事实。,https://www.eurofinance.com/news/walking-the-fx-tightrope-in-latin-america,公开GET；具体API查询参数在正式source_registry冻结；禁止认证信息落盘。,按MIME与用途读取,,,company_overseas_exposure | country_event | asset_monthly_return | portfolio_scenario,DB03 中国企业海外风险 | DB02 国别与危机下钻 | DB04 多币种—黄金周期实验室 | DB04/DB05 配置与约束,取得状态、内容可用性、提取状态和正式用途四态齐全；不得单独支撑核心结论。,,NOT_APPLICABLE,NOT_ACQUIRED,FAILED,EXCLUDED,,D,仅保留元数据；正式分析改用许可允许的权威替代源。,NOT_APPLICABLE|NOT_ACQUIRED|FAILED|EXCLUDED,2026-08-16T09:22:23.200Z
WEB-0249,20260816_research_archive_v1,DOWNLOADED_VERIFIED,CRS，2018,www.everycrsreport.com,08_企业案例与公开披露,D,private_only,DOCUMENT_LOCAL,company_overseas_exposure: 企业、财年、海外收入、披露地区、汇兑损益、外币资产负债、套保、现金、授信、页码；country_event: 事件ID、国家、类型、起止月、触发值、证据等级、决策时可知性；asset_monthly_return: 月份、资产、计价口径、价格、收益、成本、来源版本；portfolio_scenario: 情景、周期、权重、成本、流动性、CVaR、回撤、合法可用比例,核验企业海外收入、汇兑损益、冻结、退出和储备配置事实。,https://www.everycrsreport.com/files/2018-08-30_IF10957_5c486c6e983d7552ec639826ca42ad92b0876596.pdf,公开GET；具体API查询参数在正式source_registry冻结；禁止认证信息落盘。,pdftotext/OCR候选+页码双人复核,08_企业案例与公开披露/外部原件/WEB-0249_CRS，2018/original.pdf,,company_overseas_exposure | country_event | asset_monthly_return | portfolio_scenario,DB03 中国企业海外风险 | DB02 国别与危机下钻 | DB04 多币种—黄金周期实验室 | DB04/DB05 配置与约束,取得状态、内容可用性、提取状态和正式用途四态齐全；不得单独支撑核心结论。,,ACQUIRED,DOCUMENT_LOCAL,NOT_REQUIRED,EXCLUDED,,D,补充权威替代来源；无法取得时删除相应字段和结论承诺。,ACQUIRED|DOCUMENT_LOCAL|NOT_REQUIRED|EXCLUDED,2026-08-16T09:22:23.200Z
WEB-0250,20260816_research_archive_v1,METADATA_ONLY_LICENSE,EY，2025,www.ey.com,08_企业案例与公开披露,D,metadata_only,NOT_ACQUIRED,company_overseas_exposure: 企业、财年、海外收入、披露地区、汇兑损益、外币资产负债、套保、现金、授信、页码；country_event: 事件ID、国家、类型、起止月、触发值、证据等级、决策时可知性；asset_monthly_return: 月份、资产、计价口径、价格、收益、成本、来源版本；portfolio_scenario: 情景、周期、权重、成本、流动性、CVaR、回撤、合法可用比例,核验企业海外收入、汇兑损益、冻结、退出和储备配置事实。,https://www.ey.com/en_gl/technical/tax-alerts/argentina-eliminates-most-remaining-foreign-exchange-controls,公开GET；具体API查询参数在正式source_registry冻结；禁止认证信息落盘。,按MIME与用途读取,,,company_overseas_exposure | country_event | asset_monthly_return | portfolio_scenario,DB03 中国企业海外风险 | DB02 国别与危机下钻 | DB04 多币种—黄金周期实验室 | DB04/DB05 配置与约束,取得状态、内容可用性、提取状态和正式用途四态齐全；不得单独支撑核心结论。,,NOT_APPLICABLE,NOT_ACQUIRED,FAILED,EXCLUDED,,D,仅保留元数据；正式分析改用许可允许的权威替代源。,NOT_APPLICABLE|NOT_ACQUIRED|FAILED|EXCLUDED,2026-08-16T09:22:23.200Z
WEB-0251,20260816_research_archive_v1,METADATA_ONLY_LICENSE,方达律所速评,www.fangdalaw.com,08_企业案例与公开披露,D,metadata_only,NOT_ACQUIRED,company_overseas_exposure: 企业、财年、海外收入、披露地区、汇兑损益、外币资产负债、套保、现金、授信、页码；country_event: 事件ID、国家、类型、起止月、触发值、证据等级、决策时可知性；asset_monthly_return: 月份、资产、计价口径、价格、收益、成本、来源版本；portfolio_scenario: 情景、周期、权重、成本、流动性、CVaR、回撤、合法可用比例,核验企业海外收入、汇兑损益、冻结、退出和储备配置事实。,https://www.fangdalaw.com/content/details32_8567.html,公开GET；具体API查询参数在正式source_registry冻结；禁止认证信息落盘。,HTML表格: cheerio；正文: Readability+Markdown；动态页: 公开API/人工任务卡,,,company_overseas_exposure | country_event | asset_monthly_return | portfolio_scenario,DB03 中国企业海外风险 | DB02 国别与危机下钻 | DB04 多币种—黄金周期实验室 | DB04/DB05 配置与约束,取得状态、内容可用性、提取状态和正式用途四态齐全；不得单独支撑核心结论。,,NOT_APPLICABLE,NOT_ACQUIRED,FAILED,EXCLUDED,NOT_ACQUIRED,D,仅保留元数据；正式分析改用许可允许的权威替代源。,NOT_APPLICABLE|NOT_ACQUIRED|FAILED|EXCLUDED,2026-08-16T09:22:23.200Z
WEB-0252,20260816_research_archive_v1,METADATA_ONLY_LICENSE,www.fdic.gov 来源资料（WEB-0252）,www.fdic.gov,06_黄金美元与储备配置,A,metadata_only,NOT_ACQUIRED,asset_monthly_return: 月份、资产、计价口径、价格、收益、成本、来源版本；portfolio_scenario: 情景、周期、权重、成本、流动性、CVaR、回撤、合法可用比例,比较美元、短债、黄金、人民币资产与套保工具的周期性作用。,https://www.fdic.gov/news/press-releases/2023/pr23016.html,公开GET；具体API查询参数在正式source_registry冻结；禁止认证信息落盘。,HTML表格: cheerio；正文: Readability+Markdown；动态页: 公开API/人工任务卡,,,asset_monthly_return | portfolio_scenario,DB04 多币种—黄金周期实验室 | DB04/DB05 配置与约束,取得状态、内容可用性、提取状态和正式用途四态齐全；不得单独支撑核心结论。,,NOT_APPLICABLE,NOT_ACQUIRED,FAILED,EXCLUDED,NOT_ACQUIRED,B,仅保留元数据；正式分析改用许可允许的权威替代源。,NOT_APPLICABLE|NOT_ACQUIRED|FAILED|EXCLUDED,2026-08-16T09:22:23.200Z
WEB-0255,20260816_research_archive_v1,BROKEN_OR_UNREACHABLE,4. 美联储 2020 年 3 月紧急行动（降息至 0–0.25% + 无限量 QE）：美联储官网新闻稿,Federal Reserve Board,05_全球周期与历史危机,A,shared,NOT_ACQUIRED,case_evidence: 案例ID、事件簇、命题角色、关键事实、来源等级、页码、复核状态；historical_crisis_event: 历史事件、制度环境、政策节点、起止期、可比性、黄金与美元表现；global_cycle_month: 月份、工业生产、失业、CPI、利率、利差、美元、金融条件、市场回撤、周期标签,识别全球经济周期、资产泡沫、信用危机、衰退与历史制度差异。,https://www.federalreserve.gov/newsevents/pressreleases/2020-monetary.htm,公开GET；具体API查询参数在正式source_registry冻结；禁止认证信息落盘。,按MIME与用途读取,,,case_evidence | historical_crisis_event | global_cycle_month,DB05 决策、约束与证据中心 | DB06 全球周期与历史危机,取得状态、内容可用性、提取状态和正式用途四态齐全；核心数字须A级或双B级并有人审。,WEB-0256,NOT_ACQUIRED,NOT_ACQUIRED,FAILED,CORE,HTTP 404,B,补充权威替代来源；无法取得时删除相应字段和结论承诺。,NOT_ACQUIRED|NOT_ACQUIRED|FAILED|CORE,2026-08-16T09:22:23.200Z
WEB-0267,20260816_research_archive_v1,METADATA_ONLY_LICENSE,"1. Federal Reserve History（美联储官方历史项目，2013）：""Nixon Ends Convertibility of U.S. Dollars to Gold and Announces Wage/Price Controls""，",www.federalreservehistory.org,05_全球周期与历史危机,B,metadata_only,NOT_ACQUIRED,case_evidence: 案例ID、事件簇、命题角色、关键事实、来源等级、页码、复核状态；historical_crisis_event: 历史事件、制度环境、政策节点、起止期、可比性、黄金与美元表现；global_cycle_month: 月份、工业生产、失业、CPI、利率、利差、美元、金融条件、市场回撤、周期标签,识别全球经济周期、资产泡沫、信用危机、衰退与历史制度差异。,https://www.federalreservehistory.org/essays/gold-convertibility-ends,公开GET；具体API查询参数在正式source_registry冻结；禁止认证信息落盘。,按MIME与用途读取,,,case_evidence | historical_crisis_event | global_cycle_month,DB05 决策、约束与证据中心 | DB06 全球周期与历史危机,取得状态、内容可用性、提取状态和正式用途四态齐全；不得单独支撑核心结论。,,NOT_APPLICABLE,NOT_ACQUIRED,FAILED,EXCLUDED,,B,仅保留元数据；正式分析改用许可允许的权威替代源。,NOT_APPLICABLE|NOT_ACQUIRED|FAILED|EXCLUDED,2026-08-16T09:22:23.201Z
WEB-0268,20260816_research_archive_v1,METADATA_ONLY_LICENSE,1. Federal Reserve History（美联储官方历史网站），《Gold Reserve Act of 1934》，,www.federalreservehistory.org,05_全球周期与历史危机,B,metadata_only,NOT_ACQUIRED,asset_monthly_return: 月份、资产、计价口径、价格、收益、成本、来源版本；case_evidence: 案例ID、事件簇、命题角色、关键事实、来源等级、页码、复核状态；historical_crisis_event: 历史事件、制度环境、政策节点、起止期、可比性、黄金与美元表现；global_cycle_month: 月份、工业生产、失业、CPI、利率、利差、美元、金融条件、市场回撤、周期标签,识别全球经济周期、资产泡沫、信用危机、衰退与历史制度差异。,https://www.federalreservehistory.org/essays/gold-reserve-act,公开GET；具体API查询参数在正式source_registry冻结；禁止认证信息落盘。,按MIME与用途读取,,,asset_monthly_return | case_evidence | historical_crisis_event | global_cycle_month,DB04 多币种—黄金周期实验室 | DB05 决策、约束与证据中心 | DB06 全球周期与历史危机,取得状态、内容可用性、提取状态和正式用途四态齐全；不得单独支撑核心结论。,,NOT_APPLICABLE,NOT_ACQUIRED,FAILED,EXCLUDED,,B,仅保留元数据；正式分析改用许可允许的权威替代源。,NOT_APPLICABLE|NOT_ACQUIRED|FAILED|EXCLUDED,2026-08-16T09:22:23.201Z
WEB-0269,20260816_research_archive_v1,METADATA_ONLY_LICENSE,中国金融新闻网，2025-02,www.financialnews.com.cn,08_企业案例与公开披露,D,metadata_only,NOT_ACQUIRED,company_overseas_exposure: 企业、财年、海外收入、披露地区、汇兑损益、外币资产负债、套保、现金、授信、页码；country_event: 事件ID、国家、类型、起止月、触发值、证据等级、决策时可知性；asset_monthly_return: 月份、资产、计价口径、价格、收益、成本、来源版本；portfolio_scenario: 情景、周期、权重、成本、流动性、CVaR、回撤、合法可用比例,核验企业海外收入、汇兑损益、冻结、退出和储备配置事实。,https://www.financialnews.com.cn/2025-02/05/content_417794.html,公开GET；具体API查询参数在正式source_registry冻结；禁止认证信息落盘。,HTML表格: cheerio；正文: Readability+Markdown；动态页: 公开API/人工任务卡,,,company_overseas_exposure | country_event | asset_monthly_return | portfolio_scenario,DB03 中国企业海外风险 | DB02 国别与危机下钻 | DB04 多币种—黄金周期实验室 | DB04/DB05 配置与约束,取得状态、内容可用性、提取状态和正式用途四态齐全；不得单独支撑核心结论。,,NOT_APPLICABLE,NOT_ACQUIRED,FAILED,EXCLUDED,NOT_ACQUIRED,D,仅保留元数据；正式分析改用许可允许的权威替代源。,NOT_APPLICABLE|NOT_ACQUIRED|FAILED|EXCLUDED,2026-08-16T09:22:23.201Z
WEB-0270,20260816_research_archive_v1,METADATA_ONLY_LICENSE,中国金融新闻网，2024-02,www.financialnews.com.cn,08_企业案例与公开披露,D,metadata_only,NOT_ACQUIRED,company_overseas_exposure: 企业、财年、海外收入、披露地区、汇兑损益、外币资产负债、套保、现金、授信、页码；country_event: 事件ID、国家、类型、起止月、触发值、证据等级、决策时可知性；asset_monthly_return: 月份、资产、计价口径、价格、收益、成本、来源版本；portfolio_scenario: 情景、周期、权重、成本、流动性、CVaR、回撤、合法可用比例,核验企业海外收入、汇兑损益、冻结、退出和储备配置事实。,https://www.financialnews.com.cn/jg/zc/202402/t20240202_286986.html,公开GET；具体API查询参数在正式source_registry冻结；禁止认证信息落盘。,HTML表格: cheerio；正文: Readability+Markdown；动态页: 公开API/人工任务卡,,,company_overseas_exposure | country_event | asset_monthly_return | portfolio_scenario,DB03 中国企业海外风险 | DB02 国别与危机下钻 | DB04 多币种—黄金周期实验室 | DB04/DB05 配置与约束,取得状态、内容可用性、提取状态和正式用途四态齐全；不得单独支撑核心结论。,,NOT_APPLICABLE,NOT_ACQUIRED,FAILED,EXCLUDED,NOT_ACQUIRED,D,仅保留元数据；正式分析改用许可允许的权威替代源。,NOT_APPLICABLE|NOT_ACQUIRED|FAILED|EXCLUDED,2026-08-16T09:22:23.201Z
WEB-0271,20260816_research_archive_v1,METADATA_ONLY_LICENSE,中国黄金协会，2026-02,www.fx678.com,08_企业案例与公开披露,D,metadata_only,NOT_ACQUIRED,company_overseas_exposure: 企业、财年、海外收入、披露地区、汇兑损益、外币资产负债、套保、现金、授信、页码；country_event: 事件ID、国家、类型、起止月、触发值、证据等级、决策时可知性；asset_monthly_return: 月份、资产、计价口径、价格、收益、成本、来源版本；portfolio_scenario: 情景、周期、权重、成本、流动性、CVaR、回撤、合法可用比例,核验企业海外收入、汇兑损益、冻结、退出和储备配置事实。,https://www.fx678.com/C/20260205/202602051010132463.html,公开GET；具体API查询参数在正式source_registry冻结；禁止认证信息落盘。,HTML表格: cheerio；正文: Readability+Markdown；动态页: 公开API/人工任务卡,,,company_overseas_exposure | country_event | asset_monthly_return | portfolio_scenario,DB03 中国企业海外风险 | DB02 国别与危机下钻 | DB04 多币种—黄金周期实验室 | DB04/DB05 配置与约束,取得状态、内容可用性、提取状态和正式用途四态齐全；不得单独支撑核心结论。,,NOT_APPLICABLE,NOT_ACQUIRED,FAILED,EXCLUDED,NOT_ACQUIRED,D,仅保留元数据；正式分析改用许可允许的权威替代源。,NOT_APPLICABLE|NOT_ACQUIRED|FAILED|EXCLUDED,2026-08-16T09:22:23.201Z
WEB-0272,20260816_research_archive_v1,METADATA_ONLY_LICENSE,WGC《黄金作为战略资产（2025 年版）》,www.fxbaogao.com,08_企业案例与公开披露,D,metadata_only,NOT_ACQUIRED,company_overseas_exposure: 企业、财年、海外收入、披露地区、汇兑损益、外币资产负债、套保、现金、授信、页码；country_event: 事件ID、国家、类型、起止月、触发值、证据等级、决策时可知性；asset_monthly_return: 月份、资产、计价口径、价格、收益、成本、来源版本；portfolio_scenario: 情景、周期、权重、成本、流动性、CVaR、回撤、合法可用比例,核验企业海外收入、汇兑损益、冻结、退出和储备配置事实。,https://www.fxbaogao.com/detail/4680353,公开GET；具体API查询参数在正式source_registry冻结；禁止认证信息落盘。,按MIME与用途读取,,,company_overseas_exposure | country_event | asset_monthly_return | portfolio_scenario,DB03 中国企业海外风险 | DB02 国别与危机下钻 | DB04 多币种—黄金周期实验室 | DB04/DB05 配置与约束,取得状态、内容可用性、提取状态和正式用途四态齐全；不得单独支撑核心结论。,,NOT_APPLICABLE,NOT_ACQUIRED,FAILED,EXCLUDED,,D,仅保留元数据；正式分析改用许可允许的权威替代源。,NOT_APPLICABLE|NOT_ACQUIRED|FAILED|EXCLUDED,2026-08-16T09:22:23.201Z
WEB-0273,20260816_research_archive_v1,METADATA_ONLY_LICENSE,2. Gainesville Coins，《Gold Price History: Why Did Gold Fall In 2008?》，2025年（引LBMA历史定盘价），,www.gainesvillecoins.com,05_全球周期与历史危机,D,metadata_only,NOT_ACQUIRED,case_evidence: 案例ID、事件簇、命题角色、关键事实、来源等级、页码、复核状态；historical_crisis_event: 历史事件、制度环境、政策节点、起止期、可比性、黄金与美元表现；global_cycle_month: 月份、工业生产、失业、CPI、利率、利差、美元、金融条件、市场回撤、周期标签,识别全球经济周期、资产泡沫、信用危机、衰退与历史制度差异。,https://www.gainesvillecoins.com/blog/gold-price-2008-what-we-can-learn,公开GET；具体API查询参数在正式source_registry冻结；禁止认证信息落盘。,按MIME与用途读取,,,case_evidence | historical_crisis_event | global_cycle_month,DB05 决策、约束与证据中心 | DB06 全球周期与历史危机,取得状态、内容可用性、提取状态和正式用途四态齐全；不得单独支撑核心结论。,,NOT_APPLICABLE,NOT_ACQUIRED,FAILED,EXCLUDED,,B,仅保留元数据；正式分析改用许可允许的权威替代源。,NOT_APPLICABLE|NOT_ACQUIRED|FAILED|EXCLUDED,2026-08-16T09:22:23.201Z
WEB-0274,20260816_research_archive_v1,METADATA_ONLY_LICENSE,www.gdeltproject.org 来源资料（WEB-0274）,www.gdeltproject.org,06_黄金美元与储备配置,D,metadata_only,NOT_ACQUIRED,asset_monthly_return: 月份、资产、计价口径、价格、收益、成本、来源版本；portfolio_scenario: 情景、周期、权重、成本、流动性、CVaR、回撤、合法可用比例,比较美元、短债、黄金、人民币资产与套保工具的周期性作用。,https://www.gdeltproject.org/data.html,公开GET；具体API查询参数在正式source_registry冻结；禁止认证信息落盘。,HTML表格: cheerio；正文: Readability+Markdown；动态页: 公开API/人工任务卡,,,asset_monthly_return | portfolio_scenario,DB04 多币种—黄金周期实验室 | DB04/DB05 配置与约束,取得状态、内容可用性、提取状态和正式用途四态齐全；不得单独支撑核心结论。,,NOT_APPLICABLE,NOT_ACQUIRED,FAILED,EXCLUDED,NOT_ACQUIRED,B,仅保留元数据；正式分析改用许可允许的权威替代源。,NOT_APPLICABLE|NOT_ACQUIRED|FAILED|EXCLUDED,2026-08-16T09:22:23.201Z
WEB-0275,20260816_research_archive_v1,METADATA_ONLY_LICENSE,WGC，2018,World Gold Council,07_会计合规与制裁,D,metadata_only,NOT_ACQUIRED,company_overseas_exposure: 企业、财年、海外收入、披露地区、汇兑损益、外币资产负债、套保、现金、授信、页码；country_policy_year: ISO3、年份、汇率制度、资本限制、汇出限制、制裁主体、有效期、原文定位；asset_monthly_return: 月份、资产、计价口径、价格、收益、成本、来源版本；case_evidence: 案例ID、事件簇、命题角色、关键事实、来源等级、页码、复核状态,限定会计分类、托管、制裁、外汇管制和合法可用性边界。,https://www.gold.org/download/file/8208/Working_towards_a%20common_accounting_framework_for_gold_updated_Jan2018.pdf,公开GET；具体API查询参数在正式source_registry冻结；禁止认证信息落盘。,pdftotext/OCR候选+页码双人复核,,,company_overseas_exposure | country_policy_year | asset_monthly_return | case_evidence,DB03 中国企业海外风险 | DB02/DB05 政策与约束 | DB04 多币种—黄金周期实验室 | DB05 决策、约束与证据中心,取得状态、内容可用性、提取状态和正式用途四态齐全；不得单独支撑核心结论。,,NOT_APPLICABLE,NOT_ACQUIRED,FAILED,EXCLUDED,,A/D,仅保留元数据；正式分析改用许可允许的权威替代源。,NOT_APPLICABLE|NOT_ACQUIRED|FAILED|EXCLUDED,2026-08-16T09:22:23.201Z
WEB-0276,20260816_research_archive_v1,METADATA_ONLY_LICENSE,World Gold Council 来源资料（WEB-0276）,World Gold Council,06_黄金美元与储备配置,D,metadata_only,NOT_ACQUIRED,asset_monthly_return: 月份、资产、计价口径、价格、收益、成本、来源版本；portfolio_scenario: 情景、周期、权重、成本、流动性、CVaR、回撤、合法可用比例,比较美元、短债、黄金、人民币资产与套保工具的周期性作用。,https://www.gold.org/goldhub/data,公开GET；具体API查询参数在正式source_registry冻结；禁止认证信息落盘。,按MIME与用途读取,,,asset_monthly_return | portfolio_scenario,DB04 多币种—黄金周期实验室 | DB04/DB05 配置与约束,取得状态、内容可用性、提取状态和正式用途四态齐全；不得单独支撑核心结论。,,NOT_APPLICABLE,NOT_ACQUIRED,FAILED,EXCLUDED,,B,仅保留元数据；正式分析改用许可允许的权威替代源。,NOT_APPLICABLE|NOT_ACQUIRED|FAILED|EXCLUDED,2026-08-16T09:22:23.201Z
WEB-0277,20260816_research_archive_v1,METADATA_ONLY_LICENSE,"5. 2022-03-08 金价冲至 2,078 美元：LBMA 金价历史数据/世界黄金协会",World Gold Council,07_会计合规与制裁,D,metadata_only,NOT_ACQUIRED,country_policy_year: ISO3、年份、汇率制度、资本限制、汇出限制、制裁主体、有效期、原文定位；country_event: 事件ID、国家、类型、起止月、触发值、证据等级、决策时可知性；asset_monthly_return: 月份、资产、计价口径、价格、收益、成本、来源版本；case_evidence: 案例ID、事件簇、命题角色、关键事实、来源等级、页码、复核状态,限定会计分类、托管、制裁、外汇管制和合法可用性边界。,https://www.gold.org/goldhub/data/gold-prices,公开GET；具体API查询参数在正式source_registry冻结；禁止认证信息落盘。,按MIME与用途读取,,,country_policy_year | country_event | asset_monthly_return | case_evidence,DB02/DB05 政策与约束 | DB02 国别与危机下钻 | DB04 多币种—黄金周期实验室 | DB05 决策、约束与证据中心,取得状态、内容可用性、提取状态和正式用途四态齐全；不得单独支撑核心结论。,,NOT_APPLICABLE,NOT_ACQUIRED,FAILED,EXCLUDED,,A/D,仅保留元数据；正式分析改用许可允许的权威替代源。,NOT_APPLICABLE|NOT_ACQUIRED|FAILED|EXCLUDED,2026-08-16T09:22:23.201Z
WEB-0278,20260816_research_archive_v1,METADATA_ONLY_LICENSE,"2. 俄罗斯境内黄金储备（约 2,300 吨）与""制裁免疫""：世界黄金协会黄金储备数据库",World Gold Council,07_会计合规与制裁,D,metadata_only,NOT_ACQUIRED,country_monthly_risk: ISO3、月份、官方汇率、CPI、储备、平行汇率、发布日期、质量标记；country_policy_year: ISO3、年份、汇率制度、资本限制、汇出限制、制裁主体、有效期、原文定位；country_event: 事件ID、国家、类型、起止月、触发值、证据等级、决策时可知性；asset_monthly_return: 月份、资产、计价口径、价格、收益、成本、来源版本；case_evidence: 案例ID、事件簇、命题角色、关键事实、来源等级、页码、复核状态,限定会计分类、托管、制裁、外汇管制和合法可用性边界。,https://www.gold.org/goldhub/data/gold-reserves-by-country,公开GET；具体API查询参数在正式source_registry冻结；禁止认证信息落盘。,按MIME与用途读取,,,country_monthly_risk | country_policy_year | country_event | asset_monthly_return | case_evidence,DB01/DB02 国别风险与危机下钻 | DB02/DB05 政策与约束 | DB02 国别与危机下钻 | DB04 多币种—黄金周期实验室 | DB05 决策、约束与证据中心,取得状态、内容可用性、提取状态和正式用途四态齐全；不得单独支撑核心结论。,,NOT_APPLICABLE,NOT_ACQUIRED,FAILED,EXCLUDED,,A/D,仅保留元数据；正式分析改用许可允许的权威替代源。,NOT_APPLICABLE|NOT_ACQUIRED|FAILED|EXCLUDED,2026-08-16T09:22:23.201Z
WEB-0279,20260816_research_archive_v1,METADATA_ONLY_LICENSE,9. 世界黄金协会《Gold as a Strategic Asset》地缘风险研究,World Gold Council,07_会计合规与制裁,D,metadata_only,NOT_ACQUIRED,company_overseas_exposure: 企业、财年、海外收入、披露地区、汇兑损益、外币资产负债、套保、现金、授信、页码；country_monthly_risk: ISO3、月份、官方汇率、CPI、储备、平行汇率、发布日期、质量标记；country_policy_year: ISO3、年份、汇率制度、资本限制、汇出限制、制裁主体、有效期、原文定位；country_event: 事件ID、国家、类型、起止月、触发值、证据等级、决策时可知性；asset_monthly_return: 月份、资产、计价口径、价格、收益、成本、来源版本；case_evidence: 案例ID、事件簇、命题角色、关键事实、来源等级、页码、复核状态,限定会计分类、托管、制裁、外汇管制和合法可用性边界。,https://www.gold.org/goldhub/research,公开GET；具体API查询参数在正式source_registry冻结；禁止认证信息落盘。,按MIME与用途读取,,,company_overseas_exposure | country_monthly_risk | country_policy_year | country_event | asset_monthly_return | case_evidence,DB03 中国企业海外风险 | DB01/DB02 国别风险与危机下钻 | DB02/DB05 政策与约束 | DB02 国别与危机下钻 | DB04 多币种—黄金周期实验室 | DB05 决策、约束与证据中心,取得状态、内容可用性、提取状态和正式用途四态齐全；不得单独支撑核心结论。,,NOT_APPLICABLE,NOT_ACQUIRED,FAILED,EXCLUDED,,A/D,仅保留元数据；正式分析改用许可允许的权威替代源。,NOT_APPLICABLE|NOT_ACQUIRED|FAILED|EXCLUDED,2026-08-16T09:22:23.201Z
WEB-0280,20260816_research_archive_v1,METADATA_ONLY_LICENSE,"4. 2022 年全球央行购金 1,136 吨：世界黄金协会《Gold Demand Trends Full Year 2022》",World Gold Council,07_会计合规与制裁,D,metadata_only,NOT_ACQUIRED,company_overseas_exposure: 企业、财年、海外收入、披露地区、汇兑损益、外币资产负债、套保、现金、授信、页码；country_policy_year: ISO3、年份、汇率制度、资本限制、汇出限制、制裁主体、有效期、原文定位；country_event: 事件ID、国家、类型、起止月、触发值、证据等级、决策时可知性；asset_monthly_return: 月份、资产、计价口径、价格、收益、成本、来源版本；case_evidence: 案例ID、事件簇、命题角色、关键事实、来源等级、页码、复核状态,限定会计分类、托管、制裁、外汇管制和合法可用性边界。,https://www.gold.org/goldhub/research/gold-demand-trends,公开GET；具体API查询参数在正式source_registry冻结；禁止认证信息落盘。,按MIME与用途读取,,,company_overseas_exposure | country_policy_year | country_event | asset_monthly_return | case_evidence,DB03 中国企业海外风险 | DB02/DB05 政策与约束 | DB02 国别与危机下钻 | DB04 多币种—黄金周期实验室 | DB05 决策、约束与证据中心,取得状态、内容可用性、提取状态和正式用途四态齐全；不得单独支撑核心结论。,,NOT_APPLICABLE,NOT_ACQUIRED,FAILED,EXCLUDED,,A/D,仅保留元数据；正式分析改用许可允许的权威替代源。,NOT_APPLICABLE|NOT_ACQUIRED|FAILED|EXCLUDED,2026-08-16T09:22:23.201Z
WEB-0281,20260816_research_archive_v1,METADATA_ONLY_LICENSE,World Gold Council 来源资料（WEB-0281）,World Gold Council,06_黄金美元与储备配置,D,metadata_only,NOT_ACQUIRED,asset_monthly_return: 月份、资产、计价口径、价格、收益、成本、来源版本；portfolio_scenario: 情景、周期、权重、成本、流动性、CVaR、回撤、合法可用比例,比较美元、短债、黄金、人民币资产与套保工具的周期性作用。,https://www.gold.org/goldhub/research/gold-demand-trends/gold-demand-trends-full-year-2024/central-banks,公开GET；具体API查询参数在正式source_registry冻结；禁止认证信息落盘。,按MIME与用途读取,,,asset_monthly_return | portfolio_scenario,DB04 多币种—黄金周期实验室 | DB04/DB05 配置与约束,取得状态、内容可用性、提取状态和正式用途四态齐全；不得单独支撑核心结论。,,NOT_APPLICABLE,NOT_ACQUIRED,FAILED,EXCLUDED,,B,仅保留元数据；正式分析改用许可允许的权威替代源。,NOT_APPLICABLE|NOT_ACQUIRED|FAILED|EXCLUDED,2026-08-16T09:22:23.201Z
WEB-0282,20260816_research_archive_v1,METADATA_ONLY_LICENSE,2. World Gold Council（世界黄金协会），《The Asian financial crisis – 20 years later》，2017——危机成因、黄金无信用风险属性的分析：,World Gold Council,05_全球周期与历史危机,D,metadata_only,NOT_ACQUIRED,asset_monthly_return: 月份、资产、计价口径、价格、收益、成本、来源版本；case_evidence: 案例ID、事件簇、命题角色、关键事实、来源等级、页码、复核状态；historical_crisis_event: 历史事件、制度环境、政策节点、起止期、可比性、黄金与美元表现；global_cycle_month: 月份、工业生产、失业、CPI、利率、利差、美元、金融条件、市场回撤、周期标签,识别全球经济周期、资产泡沫、信用危机、衰退与历史制度差异。,https://www.gold.org/goldhub/research/gold-investor/gold-investor-december-2017/13216,公开GET；具体API查询参数在正式source_registry冻结；禁止认证信息落盘。,按MIME与用途读取,,,asset_monthly_return | case_evidence | historical_crisis_event | global_cycle_month,DB04 多币种—黄金周期实验室 | DB05 决策、约束与证据中心 | DB06 全球周期与历史危机,取得状态、内容可用性、提取状态和正式用途四态齐全；不得单独支撑核心结论。,,NOT_APPLICABLE,NOT_ACQUIRED,FAILED,EXCLUDED,,B,仅保留元数据；正式分析改用许可允许的权威替代源。,NOT_APPLICABLE|NOT_ACQUIRED|FAILED|EXCLUDED,2026-08-16T09:22:23.201Z
WEB-0283,20260816_research_archive_v1,METADATA_ONLY_LICENSE,1. 世界黄金协会（WGC），《The gold perspective – 10 years after Lehman Brothers failed》，2019年，,World Gold Council,05_全球周期与历史危机,D,metadata_only,NOT_ACQUIRED,asset_monthly_return: 月份、资产、计价口径、价格、收益、成本、来源版本；case_evidence: 案例ID、事件簇、命题角色、关键事实、来源等级、页码、复核状态；historical_crisis_event: 历史事件、制度环境、政策节点、起止期、可比性、黄金与美元表现；global_cycle_month: 月份、工业生产、失业、CPI、利率、利差、美元、金融条件、市场回撤、周期标签,识别全球经济周期、资产泡沫、信用危机、衰退与历史制度差异。,https://www.gold.org/goldhub/research/gold-investor/gold-investor-february-2019/13643,公开GET；具体API查询参数在正式source_registry冻结；禁止认证信息落盘。,按MIME与用途读取,,,asset_monthly_return | case_evidence | historical_crisis_event | global_cycle_month,DB04 多币种—黄金周期实验室 | DB05 决策、约束与证据中心 | DB06 全球周期与历史危机,取得状态、内容可用性、提取状态和正式用途四态齐全；不得单独支撑核心结论。,,NOT_APPLICABLE,NOT_ACQUIRED,FAILED,EXCLUDED,,B,仅保留元数据；正式分析改用许可允许的权威替代源。,NOT_APPLICABLE|NOT_ACQUIRED|FAILED|EXCLUDED,2026-08-16T09:22:23.201Z
WEB-0284,20260816_research_archive_v1,METADATA_ONLY_LICENSE,10. 世界黄金协会《Gold Outlook》：2022 年黄金组合分散价值研究报告,World Gold Council,05_全球周期与历史危机,D,metadata_only,NOT_ACQUIRED,asset_monthly_return: 月份、资产、计价口径、价格、收益、成本、来源版本；portfolio_scenario: 情景、周期、权重、成本、流动性、CVaR、回撤、合法可用比例；case_evidence: 案例ID、事件簇、命题角色、关键事实、来源等级、页码、复核状态；historical_crisis_event: 历史事件、制度环境、政策节点、起止期、可比性、黄金与美元表现；global_cycle_month: 月份、工业生产、失业、CPI、利率、利差、美元、金融条件、市场回撤、周期标签,识别全球经济周期、资产泡沫、信用危机、衰退与历史制度差异。,https://www.gold.org/goldhub/research/outlook,公开GET；具体API查询参数在正式source_registry冻结；禁止认证信息落盘。,按MIME与用途读取,,,asset_monthly_return | portfolio_scenario | case_evidence | historical_crisis_event | global_cycle_month,DB04 多币种—黄金周期实验室 | DB04/DB05 配置与约束 | DB05 决策、约束与证据中心 | DB06 全球周期与历史危机,取得状态、内容可用性、提取状态和正式用途四态齐全；不得单独支撑核心结论。,,NOT_APPLICABLE,NOT_ACQUIRED,FAILED,EXCLUDED,,B,仅保留元数据；正式分析改用许可允许的权威替代源。,NOT_APPLICABLE|NOT_ACQUIRED|FAILED|EXCLUDED,2026-08-16T09:22:23.201Z
WEB-0285,20260816_research_archive_v1,METADATA_ONLY_LICENSE,World Gold Council 来源资料（WEB-0285）,World Gold Council,06_黄金美元与储备配置,D,metadata_only,NOT_ACQUIRED,asset_monthly_return: 月份、资产、计价口径、价格、收益、成本、来源版本；portfolio_scenario: 情景、周期、权重、成本、流动性、CVaR、回撤、合法可用比例,比较美元、短债、黄金、人民币资产与套保工具的周期性作用。,https://www.gold.org/goldhub/research/relevance-of-gold-as-a-strategic-asset/portfolio-impact,公开GET；具体API查询参数在正式source_registry冻结；禁止认证信息落盘。,按MIME与用途读取,,,asset_monthly_return | portfolio_scenario,DB04 多币种—黄金周期实验室 | DB04/DB05 配置与约束,取得状态、内容可用性、提取状态和正式用途四态齐全；不得单独支撑核心结论。,,NOT_APPLICABLE,NOT_ACQUIRED,FAILED,EXCLUDED,,B,仅保留元数据；正式分析改用许可允许的权威替代源。,NOT_APPLICABLE|NOT_ACQUIRED|FAILED|EXCLUDED,2026-08-16T09:22:23.201Z
WEB-0286,20260816_research_archive_v1,METADATA_ONLY_LICENSE,WGC条款,World Gold Council,06_黄金美元与储备配置,D,metadata_only,NOT_ACQUIRED,asset_monthly_return: 月份、资产、计价口径、价格、收益、成本、来源版本；portfolio_scenario: 情景、周期、权重、成本、流动性、CVaR、回撤、合法可用比例,比较美元、短债、黄金、人民币资产与套保工具的周期性作用。,https://www.gold.org/terms-and-conditions,公开GET；具体API查询参数在正式source_registry冻结；禁止认证信息落盘。,按MIME与用途读取,,,asset_monthly_return | portfolio_scenario,DB04 多币种—黄金周期实验室 | DB04/DB05 配置与约束,取得状态、内容可用性、提取状态和正式用途四态齐全；不得单独支撑核心结论。,,NOT_APPLICABLE,NOT_ACQUIRED,FAILED,EXCLUDED,,B,仅保留元数据；正式分析改用许可允许的权威替代源。,NOT_APPLICABLE|NOT_ACQUIRED|FAILED|EXCLUDED,2026-08-16T09:22:23.201Z
WEB-0287,20260816_research_archive_v1,METADATA_ONLY_LICENSE,"1. Goldman Sachs, ""Global Financial Markets Crash on Black Monday""（2019）：道指单日 -22.61%、508.32点。",www.goldmansachs.com,05_全球周期与历史危机,D,metadata_only,NOT_ACQUIRED,case_evidence: 案例ID、事件簇、命题角色、关键事实、来源等级、页码、复核状态；historical_crisis_event: 历史事件、制度环境、政策节点、起止期、可比性、黄金与美元表现；global_cycle_month: 月份、工业生产、失业、CPI、利率、利差、美元、金融条件、市场回撤、周期标签,识别全球经济周期、资产泡沫、信用危机、衰退与历史制度差异。,https://www.goldmansachs.com/our-firm/history/moments/1987-black-monday,公开GET；具体API查询参数在正式source_registry冻结；禁止认证信息落盘。,按MIME与用途读取,,,case_evidence | historical_crisis_event | global_cycle_month,DB05 决策、约束与证据中心 | DB06 全球周期与历史危机,取得状态、内容可用性、提取状态和正式用途四态齐全；不得单独支撑核心结论。,,NOT_APPLICABLE,NOT_ACQUIRED,FAILED,EXCLUDED,,B,仅保留元数据；正式分析改用许可允许的权威替代源。,NOT_APPLICABLE|NOT_ACQUIRED|FAILED|EXCLUDED,2026-08-16T09:22:23.201Z
WEB-0288,20260816_research_archive_v1,METADATA_ONLY_LICENSE,5. Gold Price Forecast（2024）：《Dot-com Bubble and Gold》——纳斯达克 1994—2000 年约 600% 涨幅及同期黄金走势背景。,www.goldpriceforecast.com,05_全球周期与历史危机,D,metadata_only,NOT_ACQUIRED,asset_monthly_return: 月份、资产、计价口径、价格、收益、成本、来源版本；case_evidence: 案例ID、事件簇、命题角色、关键事实、来源等级、页码、复核状态；historical_crisis_event: 历史事件、制度环境、政策节点、起止期、可比性、黄金与美元表现；global_cycle_month: 月份、工业生产、失业、CPI、利率、利差、美元、金融条件、市场回撤、周期标签,识别全球经济周期、资产泡沫、信用危机、衰退与历史制度差异。,https://www.goldpriceforecast.com/explanations/dot-com-bubble-gold,公开GET；具体API查询参数在正式source_registry冻结；禁止认证信息落盘。,按MIME与用途读取,,,asset_monthly_return | case_evidence | historical_crisis_event | global_cycle_month,DB04 多币种—黄金周期实验室 | DB05 决策、约束与证据中心 | DB06 全球周期与历史危机,取得状态、内容可用性、提取状态和正式用途四态齐全；不得单独支撑核心结论。,,NOT_APPLICABLE,NOT_ACQUIRED,FAILED,EXCLUDED,,B,仅保留元数据；正式分析改用许可允许的权威替代源。,NOT_APPLICABLE|NOT_ACQUIRED|FAILED|EXCLUDED,2026-08-16T09:22:23.201Z
WEB-0290,20260816_research_archive_v1,METADATA_ONLY_LICENSE,6. 英国 1999–2000 年出售黄金储备（415 吨）：英国财政部/英格兰银行公开记录,www.gov.uk,05_全球周期与历史危机,A,metadata_only,NOT_ACQUIRED,asset_monthly_return: 月份、资产、计价口径、价格、收益、成本、来源版本；case_evidence: 案例ID、事件簇、命题角色、关键事实、来源等级、页码、复核状态；historical_crisis_event: 历史事件、制度环境、政策节点、起止期、可比性、黄金与美元表现；global_cycle_month: 月份、工业生产、失业、CPI、利率、利差、美元、金融条件、市场回撤、周期标签,识别全球经济周期、资产泡沫、信用危机、衰退与历史制度差异。,https://www.gov.uk/,公开GET；具体API查询参数在正式source_registry冻结；禁止认证信息落盘。,按MIME与用途读取,,,asset_monthly_return | case_evidence | historical_crisis_event | global_cycle_month,DB04 多币种—黄金周期实验室 | DB05 决策、约束与证据中心 | DB06 全球周期与历史危机,取得状态、内容可用性、提取状态和正式用途四态齐全；不得单独支撑核心结论。,,NOT_APPLICABLE,NOT_ACQUIRED,FAILED,EXCLUDED,,B,仅保留元数据；正式分析改用许可允许的权威替代源。,NOT_APPLICABLE|NOT_ACQUIRED|FAILED|EXCLUDED,2026-08-16T09:22:23.201Z
WEB-0291,20260816_research_archive_v1,METADATA_ONLY_LICENSE,Z 值模型应用研究，2021,www.gwyoo.com,08_企业案例与公开披露,D,metadata_only,NOT_ACQUIRED,company_overseas_exposure: 企业、财年、海外收入、披露地区、汇兑损益、外币资产负债、套保、现金、授信、页码；country_event: 事件ID、国家、类型、起止月、触发值、证据等级、决策时可知性；asset_monthly_return: 月份、资产、计价口径、价格、收益、成本、来源版本；portfolio_scenario: 情景、周期、权重、成本、流动性、CVaR、回撤、合法可用比例,核验企业海外收入、汇兑损益、冻结、退出和储备配置事实。,https://www.gwyoo.com/lunwen/cwlw/cwyjlw/202105/740664.html,公开GET；具体API查询参数在正式source_registry冻结；禁止认证信息落盘。,HTML表格: cheerio；正文: Readability+Markdown；动态页: 公开API/人工任务卡,,,company_overseas_exposure | country_event | asset_monthly_return | portfolio_scenario,DB03 中国企业海外风险 | DB02 国别与危机下钻 | DB04 多币种—黄金周期实验室 | DB04/DB05 配置与约束,取得状态、内容可用性、提取状态和正式用途四态齐全；不得单独支撑核心结论。,,NOT_APPLICABLE,NOT_ACQUIRED,FAILED,EXCLUDED,NOT_ACQUIRED,D,仅保留元数据；正式分析改用许可允许的权威替代源。,NOT_APPLICABLE|NOT_ACQUIRED|FAILED|EXCLUDED,2026-08-16T09:22:23.201Z
WEB-0292,20260816_research_archive_v1,METADATA_ONLY_LICENSE,汉坤律所解读,www.hankunlaw.com,08_企业案例与公开披露,D,metadata_only,NOT_ACQUIRED,company_overseas_exposure: 企业、财年、海外收入、披露地区、汇兑损益、外币资产负债、套保、现金、授信、页码；country_event: 事件ID、国家、类型、起止月、触发值、证据等级、决策时可知性；asset_monthly_return: 月份、资产、计价口径、价格、收益、成本、来源版本；portfolio_scenario: 情景、周期、权重、成本、流动性、CVaR、回撤、合法可用比例,核验企业海外收入、汇兑损益、冻结、退出和储备配置事实。,https://www.hankunlaw.com/portal/article/index/cid/8/id/13961.html,公开GET；具体API查询参数在正式source_registry冻结；禁止认证信息落盘。,HTML表格: cheerio；正文: Readability+Markdown；动态页: 公开API/人工任务卡,,,company_overseas_exposure | country_event | asset_monthly_return | portfolio_scenario,DB03 中国企业海外风险 | DB02 国别与危机下钻 | DB04 多币种—黄金周期实验室 | DB04/DB05 配置与约束,取得状态、内容可用性、提取状态和正式用途四态齐全；不得单独支撑核心结论。,,NOT_APPLICABLE,NOT_ACQUIRED,FAILED,EXCLUDED,NOT_ACQUIRED,D,仅保留元数据；正式分析改用许可允许的权威替代源。,NOT_APPLICABLE|NOT_ACQUIRED|FAILED|EXCLUDED,2026-08-16T09:22:23.201Z
WEB-0293,20260816_research_archive_v1,MANUAL_ACTION_REQUIRED,www.heywhale.com 来源资料（WEB-0293）,www.heywhale.com,06_黄金美元与储备配置,D,metadata_only,NOT_ACQUIRED,asset_monthly_return: 月份、资产、计价口径、价格、收益、成本、来源版本；portfolio_scenario: 情景、周期、权重、成本、流动性、CVaR、回撤、合法可用比例,比较美元、短债、黄金、人民币资产与套保工具的周期性作用。,https://www.heywhale.com/,公开GET；具体API查询参数在正式source_registry冻结；禁止认证信息落盘。,按MIME与用途读取,,,asset_monthly_return | portfolio_scenario,DB04 多币种—黄金周期实验室 | DB04/DB05 配置与约束,取得状态、内容可用性、提取状态和正式用途四态齐全；不得单独支撑核心结论。,,NOT_APPLICABLE,NOT_ACQUIRED,FAILED,EXCLUDED,,B,按人工任务卡接受条款或完成机构授权后重新验收。,NOT_APPLICABLE|NOT_ACQUIRED|FAILED|EXCLUDED,2026-08-16T09:22:23.202Z
WEB-0294,20260816_research_archive_v1,MANUAL_ACTION_REQUIRED,www.heywhale.com 来源资料（WEB-0294）,www.heywhale.com,06_黄金美元与储备配置,D,metadata_only,NOT_ACQUIRED,asset_monthly_return: 月份、资产、计价口径、价格、收益、成本、来源版本；portfolio_scenario: 情景、周期、权重、成本、流动性、CVaR、回撤、合法可用比例,比较美元、短债、黄金、人民币资产与套保工具的周期性作用。,https://www.heywhale.com/about,公开GET；具体API查询参数在正式source_registry冻结；禁止认证信息落盘。,按MIME与用途读取,,,asset_monthly_return | portfolio_scenario,DB04 多币种—黄金周期实验室 | DB04/DB05 配置与约束,取得状态、内容可用性、提取状态和正式用途四态齐全；不得单独支撑核心结论。,,NOT_APPLICABLE,NOT_ACQUIRED,FAILED,EXCLUDED,,B,按人工任务卡接受条款或完成机构授权后重新验收。,NOT_APPLICABLE|NOT_ACQUIRED|FAILED|EXCLUDED,2026-08-16T09:22:23.202Z
WEB-0295,20260816_research_archive_v1,MANUAL_ACTION_REQUIRED,www.heywhale.com 来源资料（WEB-0295）,www.heywhale.com,06_黄金美元与储备配置,D,metadata_only,NOT_ACQUIRED,asset_monthly_return: 月份、资产、计价口径、价格、收益、成本、来源版本；portfolio_scenario: 情景、周期、权重、成本、流动性、CVaR、回撤、合法可用比例,比较美元、短债、黄金、人民币资产与套保工具的周期性作用。,https://www.heywhale.com/mw/dataset/611a163b911b3300174a19f2,公开GET；具体API查询参数在正式source_registry冻结；禁止认证信息落盘。,按MIME与用途读取,,,asset_monthly_return | portfolio_scenario,DB04 多币种—黄金周期实验室 | DB04/DB05 配置与约束,取得状态、内容可用性、提取状态和正式用途四态齐全；不得单独支撑核心结论。,,NOT_APPLICABLE,NOT_ACQUIRED,FAILED,EXCLUDED,,B,按人工任务卡接受条款或完成机构授权后重新验收。,NOT_APPLICABLE|NOT_ACQUIRED|FAILED|EXCLUDED,2026-08-16T09:22:23.202Z
WEB-0296,20260816_research_archive_v1,METADATA_ONLY_LICENSE,1. 华为 2025 年年度报告（净汇兑损失 12.68 亿元、财务费用构成）：华为投资控股有限公司官网（企业社会责任/年度报告栏目）,www.huawei.com,08_企业案例与公开披露,D,metadata_only,NOT_ACQUIRED,company_overseas_exposure: 企业、财年、海外收入、披露地区、汇兑损益、外币资产负债、套保、现金、授信、页码；country_event: 事件ID、国家、类型、起止月、触发值、证据等级、决策时可知性；portfolio_scenario: 情景、周期、权重、成本、流动性、CVaR、回撤、合法可用比例；case_evidence: 案例ID、事件簇、命题角色、关键事实、来源等级、页码、复核状态,核验企业海外收入、汇兑损益、冻结、退出和储备配置事实。,https://www.huawei.com/cn/annual-report,公开GET；具体API查询参数在正式source_registry冻结；禁止认证信息落盘。,按MIME与用途读取,,,company_overseas_exposure | country_event | portfolio_scenario | case_evidence,DB03 中国企业海外风险 | DB02 国别与危机下钻 | DB04/DB05 配置与约束 | DB05 决策、约束与证据中心,取得状态、内容可用性、提取状态和正式用途四态齐全；不得单独支撑核心结论。,,NOT_APPLICABLE,NOT_ACQUIRED,FAILED,EXCLUDED,,D,仅保留元数据；正式分析改用许可允许的权威替代源。,NOT_APPLICABLE|NOT_ACQUIRED|FAILED|EXCLUDED,2026-08-16T09:22:23.202Z
WEB-0297,20260816_research_archive_v1,DOWNLOADED_VERIFIED,www.iaea.org 来源资料（WEB-0297）,www.iaea.org,06_黄金美元与储备配置,D,private_only,DOCUMENT_LOCAL,asset_monthly_return: 月份、资产、计价口径、价格、收益、成本、来源版本；portfolio_scenario: 情景、周期、权重、成本、流动性、CVaR、回撤、合法可用比例,比较美元、短债、黄金、人民币资产与套保工具的周期性作用。,https://www.iaea.org/sites/default/files/documents/gov2025-50.pdf,公开GET；具体API查询参数在正式source_registry冻结；禁止认证信息落盘。,pdftotext/OCR候选+页码双人复核,06_黄金美元与储备配置/外部原件/WEB-0297_XLSX_entry_xl_worksheets_sheet4.xml/original.pdf,,asset_monthly_return | portfolio_scenario,DB04 多币种—黄金周期实验室 | DB04/DB05 配置与约束,取得状态、内容可用性、提取状态和正式用途四态齐全；不得单独支撑核心结论。,,ACQUIRED,DOCUMENT_LOCAL,NOT_REQUIRED,EXCLUDED,,B,补充权威替代来源；无法取得时删除相应字段和结论承诺。,ACQUIRED|DOCUMENT_LOCAL|NOT_REQUIRED|EXCLUDED,2026-08-16T09:22:23.202Z
WEB-0302,20260816_research_archive_v1,METADATA_ONLY_LICENSE,"Dollars with Major Clearance in Nigeria. June 2, 2024. url:",www.iata,04_国别货币与中国出海,B,metadata_only,NOT_ACQUIRED,country_monthly_risk: ISO3、月份、官方汇率、CPI、储备、平行汇率、发布日期、质量标记；country_policy_year: ISO3、年份、汇率制度、资本限制、汇出限制、制裁主体、有效期、原文定位,支持亚非拉国别风险、汇率、通胀、资本管制和中国投资暴露研究。,https://www.iata/,公开GET；具体API查询参数在正式source_registry冻结；禁止认证信息落盘。,按MIME与用途读取,,,country_monthly_risk | country_policy_year,DB01/DB02 国别风险与危机下钻 | DB02/DB05 政策与约束,取得状态、内容可用性、提取状态和正式用途四态齐全；不得单独支撑核心结论。,,NOT_APPLICABLE,NOT_ACQUIRED,FAILED,EXCLUDED,,B,仅保留元数据；正式分析改用许可允许的权威替代源。,NOT_APPLICABLE|NOT_ACQUIRED|FAILED|EXCLUDED,2026-08-16T09:22:23.202Z
WEB-0304,20260816_research_archive_v1,BROKEN_OR_UNREACHABLE,"Paper AP10, 2016,",IFRS Foundation,07_会计合规与制裁,B,private_only,NOT_ACQUIRED,country_policy_year: ISO3、年份、汇率制度、资本限制、汇出限制、制裁主体、有效期、原文定位；asset_monthly_return: 月份、资产、计价口径、价格、收益、成本、来源版本,限定会计分类、托管、制裁、外汇管制和合法可用性边界。,https://www.ifrs.org/content/dam/ifrs/meetings/2016,公开GET；具体API查询参数在正式source_registry冻结；禁止认证信息落盘。,按MIME与用途读取,,,country_policy_year | asset_monthly_return,DB02/DB05 政策与约束 | DB04 多币种—黄金周期实验室,取得状态、内容可用性、提取状态和正式用途四态齐全；不得单独支撑核心结论。,WEB-0306,NOT_ACQUIRED,NOT_ACQUIRED,FAILED,SUPPLEMENT,HTTP 404,A/D,补充权威替代来源；无法取得时删除相应字段和结论承诺。,NOT_ACQUIRED|NOT_ACQUIRED|FAILED|SUPPLEMENT,2026-08-16T09:22:23.202Z
WEB-0305,20260816_research_archive_v1,BROKEN_OR_UNREACHABLE,25. url:,IFRS Foundation,07_会计合规与制裁,B,private_only,NOT_ACQUIRED,country_policy_year: ISO3、年份、汇率制度、资本限制、汇出限制、制裁主体、有效期、原文定位,限定会计分类、托管、制裁、外汇管制和合法可用性边界。,https://www.ifrs.org/content/dam/ifrs/meetings/2016/november,公开GET；具体API查询参数在正式source_registry冻结；禁止认证信息落盘。,按MIME与用途读取,,,country_policy_year,DB02/DB05 政策与约束,取得状态、内容可用性、提取状态和正式用途四态齐全；不得单独支撑核心结论。,WEB-0306,NOT_ACQUIRED,NOT_ACQUIRED,FAILED,SUPPLEMENT,HTTP 404,A/D,补充权威替代来源；无法取得时删除相应字段和结论承诺。,NOT_ACQUIRED|NOT_ACQUIRED|FAILED|SUPPLEMENT,2026-08-16T09:22:23.202Z
WEB-0308,20260816_research_archive_v1,BROKEN_OR_UNREACHABLE,2026. url:,IFRS Foundation,07_会计合规与制裁,B,private_only,NOT_ACQUIRED,country_policy_year: ISO3、年份、汇率制度、资本限制、汇出限制、制裁主体、有效期、原文定位,限定会计分类、托管、制裁、外汇管制和合法可用性边界。,https://www.ifrs.org/issued-/,公开GET；具体API查询参数在正式source_registry冻结；禁止认证信息落盘。,按MIME与用途读取,,,country_policy_year,DB02/DB05 政策与约束,取得状态、内容可用性、提取状态和正式用途四态齐全；不得单独支撑核心结论。,WEB-0306,NOT_ACQUIRED,NOT_ACQUIRED,FAILED,SUPPLEMENT,HTTP 404,A/D,补充权威替代来源；无法取得时删除相应字段和结论承诺。,NOT_ACQUIRED|NOT_ACQUIRED|FAILED|SUPPLEMENT,2026-08-16T09:22:23.202Z
WEB-0311,20260816_research_archive_v1,PAYWALL_OR_AUTH,5. IMF《Blocked Funds and Currency Convertibility》研究（危机期对冲成本高企）,International Monetary Fund,08_企业案例与公开披露,B,private_only,NOT_ACQUIRED,company_overseas_exposure: 企业、财年、海外收入、披露地区、汇兑损益、外币资产负债、套保、现金、授信、页码；country_event: 事件ID、国家、类型、起止月、触发值、证据等级、决策时可知性；portfolio_scenario: 情景、周期、权重、成本、流动性、CVaR、回撤、合法可用比例；case_evidence: 案例ID、事件簇、命题角色、关键事实、来源等级、页码、复核状态,核验企业海外收入、汇兑损益、冻结、退出和储备配置事实。,https://www.imf.org/en/home,公开GET；具体API查询参数在正式source_registry冻结；禁止认证信息落盘。,按MIME与用途读取,,,company_overseas_exposure | country_event | portfolio_scenario | case_evidence,DB03 中国企业海外风险 | DB02 国别与危机下钻 | DB04/DB05 配置与约束 | DB05 决策、约束与证据中心,取得状态、内容可用性、提取状态和正式用途四态齐全；不得单独支撑核心结论。,,NOT_APPLICABLE,NOT_ACQUIRED,FAILED,SUPPLEMENT,HTTP 403,D,由资料负责人合法登录、采购或申请授权；不得自动绕过。,NOT_APPLICABLE|NOT_ACQUIRED|FAILED|SUPPLEMENT,2026-08-16T09:22:23.202Z
WEB-0312,20260816_research_archive_v1,PAYWALL_OR_AUTH,1. IMF《Argentina: Selected Issues》与 2001 年救助文件,International Monetary Fund,05_全球周期与历史危机,B,private_only,NOT_ACQUIRED,country_monthly_risk: ISO3、月份、官方汇率、CPI、储备、平行汇率、发布日期、质量标记；country_event: 事件ID、国家、类型、起止月、触发值、证据等级、决策时可知性；case_evidence: 案例ID、事件簇、命题角色、关键事实、来源等级、页码、复核状态；historical_crisis_event: 历史事件、制度环境、政策节点、起止期、可比性、黄金与美元表现；global_cycle_month: 月份、工业生产、失业、CPI、利率、利差、美元、金融条件、市场回撤、周期标签,识别全球经济周期、资产泡沫、信用危机、衰退与历史制度差异。,https://www.imf.org/en/Countries/ARG,公开GET；具体API查询参数在正式source_registry冻结；禁止认证信息落盘。,按MIME与用途读取,,,country_monthly_risk | country_event | case_evidence | historical_crisis_event | global_cycle_month,DB01/DB02 国别风险与危机下钻 | DB02 国别与危机下钻 | DB05 决策、约束与证据中心 | DB06 全球周期与历史危机,取得状态、内容可用性、提取状态和正式用途四态齐全；不得单独支撑核心结论。,,NOT_APPLICABLE,NOT_ACQUIRED,FAILED,SUPPLEMENT,HTTP 403,B,由资料负责人合法登录、采购或申请授权；不得自动绕过。,NOT_APPLICABLE|NOT_ACQUIRED|FAILED|SUPPLEMENT,2026-08-16T09:22:23.203Z
WEB-0313,20260816_research_archive_v1,PAYWALL_OR_AUTH,4. IMF 救助（2022-12 30 亿美元 → 2024-03 80 亿美元）：IMF《Egypt Article IV Consultation》与新闻稿,International Monetary Fund,06_黄金美元与储备配置,B,private_only,NOT_ACQUIRED,country_monthly_risk: ISO3、月份、官方汇率、CPI、储备、平行汇率、发布日期、质量标记；country_event: 事件ID、国家、类型、起止月、触发值、证据等级、决策时可知性；asset_monthly_return: 月份、资产、计价口径、价格、收益、成本、来源版本；portfolio_scenario: 情景、周期、权重、成本、流动性、CVaR、回撤、合法可用比例；case_evidence: 案例ID、事件簇、命题角色、关键事实、来源等级、页码、复核状态,比较美元、短债、黄金、人民币资产与套保工具的周期性作用。,https://www.imf.org/en/Countries/EGY,公开GET；具体API查询参数在正式source_registry冻结；禁止认证信息落盘。,按MIME与用途读取,,,country_monthly_risk | country_event | asset_monthly_return | portfolio_scenario | case_evidence,DB01/DB02 国别风险与危机下钻 | DB02 国别与危机下钻 | DB04 多币种—黄金周期实验室 | DB04/DB05 配置与约束 | DB05 决策、约束与证据中心,取得状态、内容可用性、提取状态和正式用途四态齐全；不得单独支撑核心结论。,,NOT_APPLICABLE,NOT_ACQUIRED,FAILED,SUPPLEMENT,HTTP 403,B,由资料负责人合法登录、采购或申请授权；不得自动绕过。,NOT_APPLICABLE|NOT_ACQUIRED|FAILED|SUPPLEMENT,2026-08-16T09:22:23.203Z
WEB-0314,20260816_research_archive_v1,PAYWALL_OR_AUTH,1. IMF《Russian Federation: Selected Issues》与 1998 年救助文件,International Monetary Fund,05_全球周期与历史危机,B,private_only,NOT_ACQUIRED,country_monthly_risk: ISO3、月份、官方汇率、CPI、储备、平行汇率、发布日期、质量标记；country_event: 事件ID、国家、类型、起止月、触发值、证据等级、决策时可知性；case_evidence: 案例ID、事件簇、命题角色、关键事实、来源等级、页码、复核状态；historical_crisis_event: 历史事件、制度环境、政策节点、起止期、可比性、黄金与美元表现；global_cycle_month: 月份、工业生产、失业、CPI、利率、利差、美元、金融条件、市场回撤、周期标签,识别全球经济周期、资产泡沫、信用危机、衰退与历史制度差异。,https://www.imf.org/en/Countries/RUS,公开GET；具体API查询参数在正式source_registry冻结；禁止认证信息落盘。,按MIME与用途读取,,,country_monthly_risk | country_event | case_evidence | historical_crisis_event | global_cycle_month,DB01/DB02 国别风险与危机下钻 | DB02 国别与危机下钻 | DB05 决策、约束与证据中心 | DB06 全球周期与历史危机,取得状态、内容可用性、提取状态和正式用途四态齐全；不得单独支撑核心结论。,,NOT_APPLICABLE,NOT_ACQUIRED,FAILED,SUPPLEMENT,HTTP 403,B,由资料负责人合法登录、采购或申请授权；不得自动绕过。,NOT_APPLICABLE|NOT_ACQUIRED|FAILED|SUPPLEMENT,2026-08-16T09:22:23.203Z
WEB-0315,20260816_research_archive_v1,PAYWALL_OR_AUTH,6. 2021 年 IMF/世行暂停对苏援助：IMF 新闻稿,International Monetary Fund,07_会计合规与制裁,B,private_only,NOT_ACQUIRED,country_policy_year: ISO3、年份、汇率制度、资本限制、汇出限制、制裁主体、有效期、原文定位；asset_monthly_return: 月份、资产、计价口径、价格、收益、成本、来源版本；case_evidence: 案例ID、事件簇、命题角色、关键事实、来源等级、页码、复核状态,限定会计分类、托管、制裁、外汇管制和合法可用性边界。,https://www.imf.org/en/Countries/SDN,公开GET；具体API查询参数在正式source_registry冻结；禁止认证信息落盘。,按MIME与用途读取,,,country_policy_year | asset_monthly_return | case_evidence,DB02/DB05 政策与约束 | DB04 多币种—黄金周期实验室 | DB05 决策、约束与证据中心,取得状态、内容可用性、提取状态和正式用途四态齐全；不得单独支撑核心结论。,,NOT_APPLICABLE,NOT_ACQUIRED,FAILED,SUPPLEMENT,HTTP 403,A/D,由资料负责人合法登录、采购或申请授权；不得自动绕过。,NOT_APPLICABLE|NOT_ACQUIRED|FAILED|SUPPLEMENT,2026-08-16T09:22:23.203Z
WEB-0316,20260816_research_archive_v1,PAYWALL_OR_AUTH,"2023,",International Monetary Fund,06_黄金美元与储备配置,B,private_only,NOT_ACQUIRED,asset_monthly_return: 月份、资产、计价口径、价格、收益、成本、来源版本；portfolio_scenario: 情景、周期、权重、成本、流动性、CVaR、回撤、合法可用比例,比较美元、短债、黄金、人民币资产与套保工具的周期性作用。,https://www.imf.org/en/publications/wp/issues/2023/01/27,公开GET；具体API查询参数在正式source_registry冻结；禁止认证信息落盘。,按MIME与用途读取,,,asset_monthly_return | portfolio_scenario,DB04 多币种—黄金周期实验室 | DB04/DB05 配置与约束,取得状态、内容可用性、提取状态和正式用途四态齐全；不得单独支撑核心结论。,,NOT_APPLICABLE,NOT_ACQUIRED,FAILED,SUPPLEMENT,HTTP 403,B,由资料负责人合法登录、采购或申请授权；不得自动绕过。,NOT_APPLICABLE|NOT_ACQUIRED|FAILED|SUPPLEMENT,2026-08-16T09:22:23.203Z
WEB-0317,20260816_research_archive_v1,PAYWALL_OR_AUTH,International Monetary Fund 来源资料（WEB-0317）,International Monetary Fund,06_黄金美元与储备配置,B,private_only,NOT_ACQUIRED,asset_monthly_return: 月份、资产、计价口径、价格、收益、成本、来源版本；portfolio_scenario: 情景、周期、权重、成本、流动性、CVaR、回撤、合法可用比例,比较美元、短债、黄金、人民币资产与套保工具的周期性作用。,https://www.imf.org/en/publications/wp/issues/2023/01/27/gold-as-international-reserves-a-barbarous-relic-no-more-528089,公开GET；具体API查询参数在正式source_registry冻结；禁止认证信息落盘。,按MIME与用途读取,,,asset_monthly_return | portfolio_scenario,DB04 多币种—黄金周期实验室 | DB04/DB05 配置与约束,取得状态、内容可用性、提取状态和正式用途四态齐全；不得单独支撑核心结论。,,NOT_APPLICABLE,NOT_ACQUIRED,FAILED,SUPPLEMENT,HTTP 403,B,由资料负责人合法登录、采购或申请授权；不得自动绕过。,NOT_APPLICABLE|NOT_ACQUIRED|FAILED|SUPPLEMENT,2026-08-16T09:22:23.203Z
WEB-0319,20260816_research_archive_v1,METADATA_ONLY_LICENSE,2. 阿根廷 CPI（2023-12 单月 25.5%、2024-05 同比 289.4%）：阿根廷国家统计局（INDEC）,www.indec.gob.ar,08_企业案例与公开披露,A,metadata_only,NOT_ACQUIRED,company_overseas_exposure: 企业、财年、海外收入、披露地区、汇兑损益、外币资产负债、套保、现金、授信、页码；country_monthly_risk: ISO3、月份、官方汇率、CPI、储备、平行汇率、发布日期、质量标记；country_event: 事件ID、国家、类型、起止月、触发值、证据等级、决策时可知性；portfolio_scenario: 情景、周期、权重、成本、流动性、CVaR、回撤、合法可用比例；case_evidence: 案例ID、事件簇、命题角色、关键事实、来源等级、页码、复核状态,核验企业海外收入、汇兑损益、冻结、退出和储备配置事实。,https://www.indec.gob.ar/,公开GET；具体API查询参数在正式source_registry冻结；禁止认证信息落盘。,按MIME与用途读取,,,company_overseas_exposure | country_monthly_risk | country_event | portfolio_scenario | case_evidence,DB03 中国企业海外风险 | DB01/DB02 国别风险与危机下钻 | DB02 国别与危机下钻 | DB04/DB05 配置与约束 | DB05 决策、约束与证据中心,取得状态、内容可用性、提取状态和正式用途四态齐全；不得单独支撑核心结论。,,NOT_APPLICABLE,NOT_ACQUIRED,FAILED,EXCLUDED,,D,仅保留元数据；正式分析改用许可允许的权威替代源。,NOT_APPLICABLE|NOT_ACQUIRED|FAILED|EXCLUDED,2026-08-16T09:22:23.203Z
WEB-0320,20260816_research_archive_v1,METADATA_ONLY_LICENSE,"4. Investopedia，""Silver Thursday: What It Means, How It Works""，",www.investopedia.com,05_全球周期与历史危机,D,metadata_only,NOT_ACQUIRED,case_evidence: 案例ID、事件簇、命题角色、关键事实、来源等级、页码、复核状态；historical_crisis_event: 历史事件、制度环境、政策节点、起止期、可比性、黄金与美元表现；global_cycle_month: 月份、工业生产、失业、CPI、利率、利差、美元、金融条件、市场回撤、周期标签,识别全球经济周期、资产泡沫、信用危机、衰退与历史制度差异。,https://www.investopedia.com/terms/s/silver_thursday.asp,公开GET；具体API查询参数在正式source_registry冻结；禁止认证信息落盘。,按MIME与用途读取,,,case_evidence | historical_crisis_event | global_cycle_month,DB05 决策、约束与证据中心 | DB06 全球周期与历史危机,取得状态、内容可用性、提取状态和正式用途四态齐全；不得单独支撑核心结论。,,NOT_APPLICABLE,NOT_ACQUIRED,FAILED,EXCLUDED,,B,仅保留元数据；正式分析改用许可允许的权威替代源。,NOT_APPLICABLE|NOT_ACQUIRED|FAILED|EXCLUDED,2026-08-16T09:22:23.203Z
WEB-0321,20260816_research_archive_v1,METADATA_ONLY_LICENSE,4. 2024–2025 年以色列打击后伊朗金价飙升报道：Iran International、Reuters 2024–2025 年报道,www.iranintl.com,08_企业案例与公开披露,D,metadata_only,NOT_ACQUIRED,company_overseas_exposure: 企业、财年、海外收入、披露地区、汇兑损益、外币资产负债、套保、现金、授信、页码；country_monthly_risk: ISO3、月份、官方汇率、CPI、储备、平行汇率、发布日期、质量标记；country_event: 事件ID、国家、类型、起止月、触发值、证据等级、决策时可知性；portfolio_scenario: 情景、周期、权重、成本、流动性、CVaR、回撤、合法可用比例；case_evidence: 案例ID、事件簇、命题角色、关键事实、来源等级、页码、复核状态,核验企业海外收入、汇兑损益、冻结、退出和储备配置事实。,https://www.iranintl.com/,公开GET；具体API查询参数在正式source_registry冻结；禁止认证信息落盘。,按MIME与用途读取,,,company_overseas_exposure | country_monthly_risk | country_event | portfolio_scenario | case_evidence,DB03 中国企业海外风险 | DB01/DB02 国别风险与危机下钻 | DB02 国别与危机下钻 | DB04/DB05 配置与约束 | DB05 决策、约束与证据中心,取得状态、内容可用性、提取状态和正式用途四态齐全；不得单独支撑核心结论。,,NOT_APPLICABLE,NOT_ACQUIRED,FAILED,EXCLUDED,,D,仅保留元数据；正式分析改用许可允许的权威替代源。,NOT_APPLICABLE|NOT_ACQUIRED|FAILED|EXCLUDED,2026-08-16T09:22:23.203Z
WEB-0322,20260816_research_archive_v1,METADATA_ONLY_LICENSE,Iran International，2025,www.iranintl.com,08_企业案例与公开披露,D,metadata_only,NOT_ACQUIRED,company_overseas_exposure: 企业、财年、海外收入、披露地区、汇兑损益、外币资产负债、套保、现金、授信、页码；country_event: 事件ID、国家、类型、起止月、触发值、证据等级、决策时可知性；asset_monthly_return: 月份、资产、计价口径、价格、收益、成本、来源版本；portfolio_scenario: 情景、周期、权重、成本、流动性、CVaR、回撤、合法可用比例,核验企业海外收入、汇兑损益、冻结、退出和储备配置事实。,https://www.iranintl.com/en/202512153499,公开GET；具体API查询参数在正式source_registry冻结；禁止认证信息落盘。,按MIME与用途读取,,,company_overseas_exposure | country_event | asset_monthly_return | portfolio_scenario,DB03 中国企业海外风险 | DB02 国别与危机下钻 | DB04 多币种—黄金周期实验室 | DB04/DB05 配置与约束,取得状态、内容可用性、提取状态和正式用途四态齐全；不得单独支撑核心结论。,,NOT_APPLICABLE,NOT_ACQUIRED,FAILED,EXCLUDED,,D,仅保留元数据；正式分析改用许可允许的权威替代源。,NOT_APPLICABLE|NOT_ACQUIRED|FAILED|EXCLUDED,2026-08-16T09:22:23.203Z
WEB-0323,20260816_research_archive_v1,METADATA_ONLY_LICENSE,4. 美国 20+ 年期长期国债 ETF（TLT）-30% 涨跌：贝莱德 iShares TLT 历史价格,www.ishares.com,05_全球周期与历史危机,D,metadata_only,NOT_ACQUIRED,asset_monthly_return: 月份、资产、计价口径、价格、收益、成本、来源版本；case_evidence: 案例ID、事件簇、命题角色、关键事实、来源等级、页码、复核状态；historical_crisis_event: 历史事件、制度环境、政策节点、起止期、可比性、黄金与美元表现；global_cycle_month: 月份、工业生产、失业、CPI、利率、利差、美元、金融条件、市场回撤、周期标签,识别全球经济周期、资产泡沫、信用危机、衰退与历史制度差异。,https://www.ishares.com/us/products/239454,公开GET；具体API查询参数在正式source_registry冻结；禁止认证信息落盘。,按MIME与用途读取,,,asset_monthly_return | case_evidence | historical_crisis_event | global_cycle_month,DB04 多币种—黄金周期实验室 | DB05 决策、约束与证据中心 | DB06 全球周期与历史危机,取得状态、内容可用性、提取状态和正式用途四态齐全；不得单独支撑核心结论。,,NOT_APPLICABLE,NOT_ACQUIRED,FAILED,EXCLUDED,,B,仅保留元数据；正式分析改用许可允许的权威替代源。,NOT_APPLICABLE|NOT_ACQUIRED|FAILED|EXCLUDED,2026-08-16T09:22:23.203Z
WEB-0324,20260816_research_archive_v1,METADATA_ONLY_LICENSE,"6. 解放日报·上观新闻，2023，《""全球最大危机之一""！""中东小巴黎""，发生了什么？》——2023 年 2 月 1 日官方汇率 1507.5→15000、黑市 64000。",www.jfdaily.com,04_国别货币与中国出海,D,metadata_only,NOT_ACQUIRED,country_monthly_risk: ISO3、月份、官方汇率、CPI、储备、平行汇率、发布日期、质量标记；country_policy_year: ISO3、年份、汇率制度、资本限制、汇出限制、制裁主体、有效期、原文定位；country_event: 事件ID、国家、类型、起止月、触发值、证据等级、决策时可知性；case_evidence: 案例ID、事件簇、命题角色、关键事实、来源等级、页码、复核状态,支持亚非拉国别风险、汇率、通胀、资本管制和中国投资暴露研究。,https://www.jfdaily.com/wx/detail.do?id=594267,公开GET；具体API查询参数在正式source_registry冻结；禁止认证信息落盘。,按MIME与用途读取,,,country_monthly_risk | country_policy_year | country_event | case_evidence,DB01/DB02 国别风险与危机下钻 | DB02/DB05 政策与约束 | DB02 国别与危机下钻 | DB05 决策、约束与证据中心,取得状态、内容可用性、提取状态和正式用途四态齐全；不得单独支撑核心结论。,,NOT_APPLICABLE,NOT_ACQUIRED,FAILED,EXCLUDED,,B,仅保留元数据；正式分析改用许可允许的权威替代源。,NOT_APPLICABLE|NOT_ACQUIRED|FAILED|EXCLUDED,2026-08-16T09:22:23.203Z
WEB-0325,20260816_research_archive_v1,METADATA_ONLY_LICENSE,金杜律所，2022,www.kingandwood.com,08_企业案例与公开披露,D,metadata_only,NOT_ACQUIRED,company_overseas_exposure: 企业、财年、海外收入、披露地区、汇兑损益、外币资产负债、套保、现金、授信、页码；country_event: 事件ID、国家、类型、起止月、触发值、证据等级、决策时可知性；asset_monthly_return: 月份、资产、计价口径、价格、收益、成本、来源版本；portfolio_scenario: 情景、周期、权重、成本、流动性、CVaR、回撤、合法可用比例,核验企业海外收入、汇兑损益、冻结、退出和储备配置事实。,https://www.kingandwood.com/cn/zh/insights/latest-thinking/gold-market-foreign-investors-participate-in-chinas-gold-market.html,公开GET；具体API查询参数在正式source_registry冻结；禁止认证信息落盘。,HTML表格: cheerio；正文: Readability+Markdown；动态页: 公开API/人工任务卡,,,company_overseas_exposure | country_event | asset_monthly_return | portfolio_scenario,DB03 中国企业海外风险 | DB02 国别与危机下钻 | DB04 多币种—黄金周期实验室 | DB04/DB05 配置与约束,取得状态、内容可用性、提取状态和正式用途四态齐全；不得单独支撑核心结论。,,NOT_APPLICABLE,NOT_ACQUIRED,FAILED,EXCLUDED,NOT_ACQUIRED,D,仅保留元数据；正式分析改用许可允许的权威替代源。,NOT_APPLICABLE|NOT_ACQUIRED|FAILED|EXCLUDED,2026-08-16T09:22:23.203Z
WEB-0326,20260816_research_archive_v1,METADATA_ONLY_LICENSE,"6. Kitco News，《Gold revaluation would pay Washington, not private holders, historian says》（2026，引述美联储历史记录中28亿美元重估收益），",www.kitco.com,05_全球周期与历史危机,D,metadata_only,NOT_ACQUIRED,asset_monthly_return: 月份、资产、计价口径、价格、收益、成本、来源版本；case_evidence: 案例ID、事件簇、命题角色、关键事实、来源等级、页码、复核状态；historical_crisis_event: 历史事件、制度环境、政策节点、起止期、可比性、黄金与美元表现；global_cycle_month: 月份、工业生产、失业、CPI、利率、利差、美元、金融条件、市场回撤、周期标签,识别全球经济周期、资产泡沫、信用危机、衰退与历史制度差异。,https://www.kitco.com/news/article/2026-08-03/gold-revaluation-would-pay-washington-not-private-holders-historian-says,公开GET；具体API查询参数在正式source_registry冻结；禁止认证信息落盘。,按MIME与用途读取,,,asset_monthly_return | case_evidence | historical_crisis_event | global_cycle_month,DB04 多币种—黄金周期实验室 | DB05 决策、约束与证据中心 | DB06 全球周期与历史危机,取得状态、内容可用性、提取状态和正式用途四态齐全；不得单独支撑核心结论。,,NOT_APPLICABLE,NOT_ACQUIRED,FAILED,EXCLUDED,,B,仅保留元数据；正式分析改用许可允许的权威替代源。,NOT_APPLICABLE|NOT_ACQUIRED|FAILED|EXCLUDED,2026-08-16T09:22:23.203Z
WEB-0327,20260816_research_archive_v1,METADATA_ONLY_LICENSE,2. G7 禁运俄金（2022-06）与 LBMA 除名：G7 峰会公报 / LBMA 官方声明,London Bullion Market Association,07_会计合规与制裁,D,metadata_only,NOT_ACQUIRED,country_policy_year: ISO3、年份、汇率制度、资本限制、汇出限制、制裁主体、有效期、原文定位；asset_monthly_return: 月份、资产、计价口径、价格、收益、成本、来源版本；case_evidence: 案例ID、事件簇、命题角色、关键事实、来源等级、页码、复核状态,限定会计分类、托管、制裁、外汇管制和合法可用性边界。,https://www.lbma.org.uk/,公开GET；具体API查询参数在正式source_registry冻结；禁止认证信息落盘。,按MIME与用途读取,,,country_policy_year | asset_monthly_return | case_evidence,DB02/DB05 政策与约束 | DB04 多币种—黄金周期实验室 | DB05 决策、约束与证据中心,取得状态、内容可用性、提取状态和正式用途四态齐全；不得单独支撑核心结论。,,NOT_APPLICABLE,NOT_ACQUIRED,FAILED,EXCLUDED,,A/D,仅保留元数据；正式分析改用许可允许的权威替代源。,NOT_APPLICABLE|NOT_ACQUIRED|FAILED|EXCLUDED,2026-08-16T09:22:23.203Z
WEB-0328,20260816_research_archive_v1,METADATA_ONLY_LICENSE,"2. LBMA《Alchemist》第74期，""After the Gold Crash""——2013全年-30%、集中于二季度、近半跌幅在4月两日",London Bullion Market Association,05_全球周期与历史危机,D,metadata_only,NOT_ACQUIRED,asset_monthly_return: 月份、资产、计价口径、价格、收益、成本、来源版本；case_evidence: 案例ID、事件簇、命题角色、关键事实、来源等级、页码、复核状态；historical_crisis_event: 历史事件、制度环境、政策节点、起止期、可比性、黄金与美元表现；global_cycle_month: 月份、工业生产、失业、CPI、利率、利差、美元、金融条件、市场回撤、周期标签,识别全球经济周期、资产泡沫、信用危机、衰退与历史制度差异。,https://www.lbma.org.uk/alchemist/issue-74/after-the-gold-crash,公开GET；具体API查询参数在正式source_registry冻结；禁止认证信息落盘。,按MIME与用途读取,,,asset_monthly_return | case_evidence | historical_crisis_event | global_cycle_month,DB04 多币种—黄金周期实验室 | DB05 决策、约束与证据中心 | DB06 全球周期与历史危机,取得状态、内容可用性、提取状态和正式用途四态齐全；不得单独支撑核心结论。,,NOT_APPLICABLE,NOT_ACQUIRED,FAILED,EXCLUDED,,B,仅保留元数据；正式分析改用许可允许的权威替代源。,NOT_APPLICABLE|NOT_ACQUIRED|FAILED|EXCLUDED,2026-08-16T09:22:23.203Z
WEB-0329,20260816_research_archive_v1,METADATA_ONLY_LICENSE,London Bullion Market Association 来源资料（WEB-0329）,London Bullion Market Association,06_黄金美元与储备配置,D,metadata_only,NOT_ACQUIRED,asset_monthly_return: 月份、资产、计价口径、价格、收益、成本、来源版本；portfolio_scenario: 情景、周期、权重、成本、流动性、CVaR、回撤、合法可用比例,比较美元、短债、黄金、人民币资产与套保工具的周期性作用。,https://www.lbma.org.uk/articles/silver-trading-volume-exceeds-1-billion-oz-on-1-february,公开GET；具体API查询参数在正式source_registry冻结；禁止认证信息落盘。,按MIME与用途读取,,,asset_monthly_return | portfolio_scenario,DB04 多币种—黄金周期实验室 | DB04/DB05 配置与约束,取得状态、内容可用性、提取状态和正式用途四态齐全；不得单独支撑核心结论。,,NOT_APPLICABLE,NOT_ACQUIRED,FAILED,EXCLUDED,,B,仅保留元数据；正式分析改用许可允许的权威替代源。,NOT_APPLICABLE|NOT_ACQUIRED|FAILED|EXCLUDED,2026-08-16T09:22:23.203Z
WEB-0330,20260816_research_archive_v1,METADATA_ONLY_LICENSE,London Bullion Market Association 来源资料（WEB-0330）,London Bullion Market Association,06_黄金美元与储备配置,D,metadata_only,NOT_ACQUIRED,asset_monthly_return: 月份、资产、计价口径、价格、收益、成本、来源版本；portfolio_scenario: 情景、周期、权重、成本、流动性、CVaR、回撤、合法可用比例,比较美元、短债、黄金、人民币资产与套保工具的周期性作用。,https://www.lbma.org.uk/prices-and-data,公开GET；具体API查询参数在正式source_registry冻结；禁止认证信息落盘。,按MIME与用途读取,,,asset_monthly_return | portfolio_scenario,DB04 多币种—黄金周期实验室 | DB04/DB05 配置与约束,取得状态、内容可用性、提取状态和正式用途四态齐全；不得单独支撑核心结论。,,NOT_APPLICABLE,NOT_ACQUIRED,FAILED,EXCLUDED,,B,仅保留元数据；正式分析改用许可允许的权威替代源。,NOT_APPLICABLE|NOT_ACQUIRED|FAILED|EXCLUDED,2026-08-16T09:22:23.203Z
WEB-0331,20260816_research_archive_v1,METADATA_ONLY_LICENSE,"目标价格,LBMA黄金价格,LBMA Gold Price，AM/PM及币种未说明,2022-02-01至2025-02-28,日频/含非交易日,LBMA/IBA,",London Bullion Market Association,06_黄金美元与储备配置,D,metadata_only,NOT_ACQUIRED,asset_monthly_return: 月份、资产、计价口径、价格、收益、成本、来源版本；portfolio_scenario: 情景、周期、权重、成本、流动性、CVaR、回撤、合法可用比例,比较美元、短债、黄金、人民币资产与套保工具的周期性作用。,https://www.lbma.org.uk/prices-and-data/lbma-precious-metal-prices,公开GET；具体API查询参数在正式source_registry冻结；禁止认证信息落盘。,按MIME与用途读取,,,asset_monthly_return | portfolio_scenario,DB04 多币种—黄金周期实验室 | DB04/DB05 配置与约束,取得状态、内容可用性、提取状态和正式用途四态齐全；不得单独支撑核心结论。,,NOT_APPLICABLE,NOT_ACQUIRED,FAILED,EXCLUDED,,B,仅保留元数据；正式分析改用许可允许的权威替代源。,NOT_APPLICABLE|NOT_ACQUIRED|FAILED|EXCLUDED,2026-08-16T09:22:23.203Z
WEB-0332,20260816_research_archive_v1,METADATA_ONLY_LICENSE,7. 白银历史价格：LBMA 白银基准价历史数据，<,London Bullion Market Association,05_全球周期与历史危机,D,metadata_only,NOT_ACQUIRED,country_monthly_risk: ISO3、月份、官方汇率、CPI、储备、平行汇率、发布日期、质量标记；country_event: 事件ID、国家、类型、起止月、触发值、证据等级、决策时可知性；case_evidence: 案例ID、事件簇、命题角色、关键事实、来源等级、页码、复核状态；historical_crisis_event: 历史事件、制度环境、政策节点、起止期、可比性、黄金与美元表现；global_cycle_month: 月份、工业生产、失业、CPI、利率、利差、美元、金融条件、市场回撤、周期标签,识别全球经济周期、资产泡沫、信用危机、衰退与历史制度差异。,https://www.lbma.org.uk/prices-and-data/precious-metal-prices,公开GET；具体API查询参数在正式source_registry冻结；禁止认证信息落盘。,按MIME与用途读取,,,country_monthly_risk | country_event | case_evidence | historical_crisis_event | global_cycle_month,DB01/DB02 国别风险与危机下钻 | DB02 国别与危机下钻 | DB05 决策、约束与证据中心 | DB06 全球周期与历史危机,取得状态、内容可用性、提取状态和正式用途四态齐全；不得单独支撑核心结论。,,NOT_APPLICABLE,NOT_ACQUIRED,FAILED,EXCLUDED,,B,仅保留元数据；正式分析改用许可允许的权威替代源。,NOT_APPLICABLE|NOT_ACQUIRED|FAILED|EXCLUDED,2026-08-16T09:22:23.203Z
WEB-0333,20260816_research_archive_v1,METADATA_ONLY_LICENSE,6. Macrotrends 白银百年价格序列：1987年10—12月白银月度价格。,www.macrotrends.net,05_全球周期与历史危机,D,metadata_only,NOT_ACQUIRED,case_evidence: 案例ID、事件簇、命题角色、关键事实、来源等级、页码、复核状态；historical_crisis_event: 历史事件、制度环境、政策节点、起止期、可比性、黄金与美元表现；global_cycle_month: 月份、工业生产、失业、CPI、利率、利差、美元、金融条件、市场回撤、周期标签,识别全球经济周期、资产泡沫、信用危机、衰退与历史制度差异。,https://www.macrotrends.net/1470/historical-silver-prices-100-year-chart,公开GET；具体API查询参数在正式source_registry冻结；禁止认证信息落盘。,按MIME与用途读取,,,case_evidence | historical_crisis_event | global_cycle_month,DB05 决策、约束与证据中心 | DB06 全球周期与历史危机,取得状态、内容可用性、提取状态和正式用途四态齐全；不得单独支撑核心结论。,,NOT_APPLICABLE,NOT_ACQUIRED,FAILED,EXCLUDED,,B,仅保留元数据；正式分析改用许可允许的权威替代源。,NOT_APPLICABLE|NOT_ACQUIRED|FAILED|EXCLUDED,2026-08-16T09:22:23.203Z
WEB-0334,20260816_research_archive_v1,METADATA_ONLY_LICENSE,www.matteoiacoviello.com 来源资料（WEB-0334）,www.matteoiacoviello.com,06_黄金美元与储备配置,D,metadata_only,NOT_ACQUIRED,asset_monthly_return: 月份、资产、计价口径、价格、收益、成本、来源版本；portfolio_scenario: 情景、周期、权重、成本、流动性、CVaR、回撤、合法可用比例,比较美元、短债、黄金、人民币资产与套保工具的周期性作用。,https://www.matteoiacoviello.com/gpr.htm,公开GET；具体API查询参数在正式source_registry冻结；禁止认证信息落盘。,按MIME与用途读取,,,asset_monthly_return | portfolio_scenario,DB04 多币种—黄金周期实验室 | DB04/DB05 配置与约束,取得状态、内容可用性、提取状态和正式用途四态齐全；不得单独支撑核心结论。,,NOT_APPLICABLE,NOT_ACQUIRED,FAILED,EXCLUDED,,B,仅保留元数据；正式分析改用许可允许的权威替代源。,NOT_APPLICABLE|NOT_ACQUIRED|FAILED|EXCLUDED,2026-08-16T09:22:23.203Z
WEB-0335,20260816_research_archive_v1,DOWNLOADED_VERIFIED,&nbsp;,MDPI,06_黄金美元与储备配置,B,private_only,BLOCK_PAGE,asset_monthly_return: 月份、资产、计价口径、价格、收益、成本、来源版本；portfolio_scenario: 情景、周期、权重、成本、流动性、CVaR、回撤、合法可用比例,比较美元、短债、黄金、人民币资产与套保工具的周期性作用。,https://www.mdpi.com/1099-4300/28/3/271,公开GET；具体API查询参数在正式source_registry冻结；禁止认证信息落盘。,HTML表格: cheerio；正文: Readability+Markdown；动态页: 公开API/人工任务卡,"06_黄金美元与储备配置/外部原件/WEB-0335_论文,论文PDF,完整论文,2026-02-28,一次性,MDPI_PMC,/original.html",,asset_monthly_return | portfolio_scenario,DB04 多币种—黄金周期实验室 | DB04/DB05 配置与约束,取得状态、内容可用性、提取状态和正式用途四态齐全；不得单独支撑核心结论。,WEB-0115,ACQUIRED,BLOCK_PAGE,FAILED,REPLACED,BLOCK_PAGE,B,使用WEB-0115官方开放PDF，不再使用拦截页。,ACQUIRED|BLOCK_PAGE|FAILED|REPLACED,2026-08-16T09:22:23.203Z
WEB-0336,20260816_research_archive_v1,DOWNLOADED_VERIFIED,&nbsp;,MDPI,04_国别货币与中国出海,B,private_only,BLOCK_PAGE,country_monthly_risk: ISO3、月份、官方汇率、CPI、储备、平行汇率、发布日期、质量标记；country_policy_year: ISO3、年份、汇率制度、资本限制、汇出限制、制裁主体、有效期、原文定位,支持亚非拉国别风险、汇率、通胀、资本管制和中国投资暴露研究。,https://www.mdpi.com/1099-4300/28/3/271/pdf,公开GET；具体API查询参数在正式source_registry冻结；禁止认证信息落盘。,HTML表格: cheerio；正文: Readability+Markdown；动态页: 公开API/人工任务卡,04_国别货币与中国出海/外部原件/WEB-0336_缺失论文PDF恢复候选/original.html,,country_monthly_risk | country_policy_year,DB01/DB02 国别风险与危机下钻 | DB02/DB05 政策与约束,取得状态、内容可用性、提取状态和正式用途四态齐全；不得单独支撑核心结论。,WEB-0115,ACQUIRED,BLOCK_PAGE,FAILED,REPLACED,BLOCK_PAGE,B,使用WEB-0115官方开放PDF，不再使用拦截页。,ACQUIRED|BLOCK_PAGE|FAILED|REPLACED,2026-08-16T09:22:23.203Z
WEB-0337,20260816_research_archive_v1,METADATA_ONLY_LICENSE,Mineros 公告，2026,www.mineros.com.co,07_会计合规与制裁,D,metadata_only,NOT_ACQUIRED,country_policy_year: ISO3、年份、汇率制度、资本限制、汇出限制、制裁主体、有效期、原文定位；asset_monthly_return: 月份、资产、计价口径、价格、收益、成本、来源版本,限定会计分类、托管、制裁、外汇管制和合法可用性边界。,https://www.mineros.com.co/news/mineros-s-a-adopts-strategic-gold-reserve-policy-2026-07-10,公开GET；具体API查询参数在正式source_registry冻结；禁止认证信息落盘。,按MIME与用途读取,,,country_policy_year | asset_monthly_return,DB02/DB05 政策与约束 | DB04 多币种—黄金周期实验室,取得状态、内容可用性、提取状态和正式用途四态齐全；不得单独支撑核心结论。,,NOT_APPLICABLE,NOT_ACQUIRED,FAILED,EXCLUDED,,A/D,仅保留元数据；正式分析改用许可允许的权威替代源。,NOT_APPLICABLE|NOT_ACQUIRED|FAILED|EXCLUDED,2026-08-16T09:22:23.203Z
WEB-0338,20260816_research_archive_v1,METADATA_ONLY_LICENSE,彭博/MINING.COM，2019,www.mining.com,08_企业案例与公开披露,D,metadata_only,NOT_ACQUIRED,company_overseas_exposure: 企业、财年、海外收入、披露地区、汇兑损益、外币资产负债、套保、现金、授信、页码；country_event: 事件ID、国家、类型、起止月、触发值、证据等级、决策时可知性；asset_monthly_return: 月份、资产、计价口径、价格、收益、成本、来源版本；portfolio_scenario: 情景、周期、权重、成本、流动性、CVaR、回撤、合法可用比例,核验企业海外收入、汇兑损益、冻结、退出和储备配置事实。,https://www.mining.com/web/venezuela-said-default-gold-swap-deutsche-bank,公开GET；具体API查询参数在正式source_registry冻结；禁止认证信息落盘。,按MIME与用途读取,,,company_overseas_exposure | country_event | asset_monthly_return | portfolio_scenario,DB03 中国企业海外风险 | DB02 国别与危机下钻 | DB04 多币种—黄金周期实验室 | DB04/DB05 配置与约束,取得状态、内容可用性、提取状态和正式用途四态齐全；不得单独支撑核心结论。,,NOT_APPLICABLE,NOT_ACQUIRED,FAILED,EXCLUDED,,D,仅保留元数据；正式分析改用许可允许的权威替代源。,NOT_APPLICABLE|NOT_ACQUIRED|FAILED|EXCLUDED,2026-08-16T09:22:23.203Z
WEB-0339,20260816_research_archive_v1,METADATA_ONLY_LICENSE,www.modelwhale.com 来源资料（WEB-0339）,www.modelwhale.com,06_黄金美元与储备配置,D,metadata_only,NOT_ACQUIRED,asset_monthly_return: 月份、资产、计价口径、价格、收益、成本、来源版本；portfolio_scenario: 情景、周期、权重、成本、流动性、CVaR、回撤、合法可用比例,比较美元、短债、黄金、人民币资产与套保工具的周期性作用。,https://www.modelwhale.com/,公开GET；具体API查询参数在正式source_registry冻结；禁止认证信息落盘。,按MIME与用途读取,,,asset_monthly_return | portfolio_scenario,DB04 多币种—黄金周期实验室 | DB04/DB05 配置与约束,取得状态、内容可用性、提取状态和正式用途四态齐全；不得单独支撑核心结论。,,NOT_APPLICABLE,NOT_ACQUIRED,FAILED,EXCLUDED,,B,仅保留元数据；正式分析改用许可允许的权威替代源。,NOT_APPLICABLE|NOT_ACQUIRED|FAILED|EXCLUDED,2026-08-16T09:22:23.203Z
WEB-0340,20260816_research_archive_v1,METADATA_ONLY_LICENSE,www.modelwhale.com 来源资料（WEB-0340）,www.modelwhale.com,06_黄金美元与储备配置,D,metadata_only,NOT_ACQUIRED,asset_monthly_return: 月份、资产、计价口径、价格、收益、成本、来源版本；portfolio_scenario: 情景、周期、权重、成本、流动性、CVaR、回撤、合法可用比例,比较美元、短债、黄金、人民币资产与套保工具的周期性作用。,https://www.modelwhale.com/pricing,公开GET；具体API查询参数在正式source_registry冻结；禁止认证信息落盘。,按MIME与用途读取,,,asset_monthly_return | portfolio_scenario,DB04 多币种—黄金周期实验室 | DB04/DB05 配置与约束,取得状态、内容可用性、提取状态和正式用途四态齐全；不得单独支撑核心结论。,,NOT_APPLICABLE,NOT_ACQUIRED,FAILED,EXCLUDED,,B,仅保留元数据；正式分析改用许可允许的权威替代源。,NOT_APPLICABLE|NOT_ACQUIRED|FAILED|EXCLUDED,2026-08-16T09:22:23.203Z
WEB-0341,20260816_research_archive_v1,METADATA_ONLY_LICENSE,3. RTS 指数历史数据（1997 峰值 → 1998 谷底）,www.moex.com,05_全球周期与历史危机,D,metadata_only,NOT_ACQUIRED,case_evidence: 案例ID、事件簇、命题角色、关键事实、来源等级、页码、复核状态；historical_crisis_event: 历史事件、制度环境、政策节点、起止期、可比性、黄金与美元表现；global_cycle_month: 月份、工业生产、失业、CPI、利率、利差、美元、金融条件、市场回撤、周期标签,识别全球经济周期、资产泡沫、信用危机、衰退与历史制度差异。,https://www.moex.com/en/index/RTS,公开GET；具体API查询参数在正式source_registry冻结；禁止认证信息落盘。,按MIME与用途读取,,,case_evidence | historical_crisis_event | global_cycle_month,DB05 决策、约束与证据中心 | DB06 全球周期与历史危机,取得状态、内容可用性、提取状态和正式用途四态齐全；不得单独支撑核心结论。,,NOT_APPLICABLE,NOT_ACQUIRED,FAILED,EXCLUDED,,B,仅保留元数据；正式分析改用许可允许的权威替代源。,NOT_APPLICABLE|NOT_ACQUIRED|FAILED|EXCLUDED,2026-08-16T09:22:23.203Z
WEB-0342,20260816_research_archive_v1,FETCH_FAILED,接投资统计公报. 2025. url:,中华人民共和国商务部,04_国别货币与中国出海,A,shared,NOT_ACQUIRED,country_monthly_risk: ISO3、月份、官方汇率、CPI、储备、平行汇率、发布日期、质量标记；country_policy_year: ISO3、年份、汇率制度、资本限制、汇出限制、制裁主体、有效期、原文定位,支持亚非拉国别风险、汇率、通胀、资本管制和中国投资暴露研究。,http://www.mofcom.gov.cn:8080/zfxxgk/fdzdgknr/,公开GET；具体API查询参数在正式source_registry冻结；禁止认证信息落盘。,按MIME与用途读取,,,country_monthly_risk | country_policy_year,DB01/DB02 国别风险与危机下钻 | DB02/DB05 政策与约束,取得状态、内容可用性、提取状态和正式用途四态齐全；核心数字须A级或双B级并有人审。,WEB-0344,NOT_ACQUIRED,NOT_ACQUIRED,FAILED,CORE,HTTP_503,B,补充权威替代来源；无法取得时删除相应字段和结论承诺。,NOT_ACQUIRED|NOT_ACQUIRED|FAILED|CORE,2026-08-16T09:22:23.203Z
WEB-0343,20260816_research_archive_v1,FETCH_FAILED,资统计公报，2025，,中华人民共和国商务部,06_黄金美元与储备配置,A,shared,NOT_ACQUIRED,asset_monthly_return: 月份、资产、计价口径、价格、收益、成本、来源版本；portfolio_scenario: 情景、周期、权重、成本、流动性、CVaR、回撤、合法可用比例,比较美元、短债、黄金、人民币资产与套保工具的周期性作用。,http://www.mofcom.gov.cn:8080/zfxxgk/fdzdgknr/ztfl/tjsj/,公开GET；具体API查询参数在正式source_registry冻结；禁止认证信息落盘。,按MIME与用途读取,,,asset_monthly_return | portfolio_scenario,DB04 多币种—黄金周期实验室 | DB04/DB05 配置与约束,取得状态、内容可用性、提取状态和正式用途四态齐全；核心数字须A级或双B级并有人审。,WEB-0344,NOT_ACQUIRED,NOT_ACQUIRED,FAILED,CORE,HTTP_503,B,补充权威替代来源；无法取得时删除相应字段和结论承诺。,NOT_ACQUIRED|NOT_ACQUIRED|FAILED|CORE,2026-08-16T09:22:23.203Z
WEB-0345,20260816_research_archive_v1,DOWNLOADED_VERIFIED,人社部，2020,www.mohrss.gov.cn,08_企业案例与公开披露,A,shared,BLOCK_PAGE,company_overseas_exposure: 企业、财年、海外收入、披露地区、汇兑损益、外币资产负债、套保、现金、授信、页码；country_event: 事件ID、国家、类型、起止月、触发值、证据等级、决策时可知性；asset_monthly_return: 月份、资产、计价口径、价格、收益、成本、来源版本；portfolio_scenario: 情景、周期、权重、成本、流动性、CVaR、回撤、合法可用比例,核验企业海外收入、汇兑损益、冻结、退出和储备配置事实。,https://www.mohrss.gov.cn/shbxjjjds/SHBXJDSzhengcewenjian/202012/t20201230_406915.html,公开GET；具体API查询参数在正式source_registry冻结；禁止认证信息落盘。,HTML表格: cheerio；正文: Readability+Markdown；动态页: 公开API/人工任务卡,08_企业案例与公开披露/外部原件/WEB-0345_人社部，2020/original.html,,company_overseas_exposure | country_event | asset_monthly_return | portfolio_scenario,DB03 中国企业海外风险 | DB02 国别与危机下钻 | DB04 多币种—黄金周期实验室 | DB04/DB05 配置与约束,取得状态、内容可用性、提取状态和正式用途四态齐全；不得单独支撑核心结论。,,ACQUIRED,BLOCK_PAGE,FAILED,EXCLUDED,BLOCK_PAGE,D,补充权威替代来源；无法取得时删除相应字段和结论承诺。,ACQUIRED|BLOCK_PAGE|FAILED|EXCLUDED,2026-08-16T09:22:23.203Z
WEB-0346,20260816_research_archive_v1,METADATA_ONLY_LICENSE,2. MTN Group 2024 年报（含尼日利亚分部汇兑损失披露）,www.mtn.com,08_企业案例与公开披露,D,metadata_only,NOT_ACQUIRED,company_overseas_exposure: 企业、财年、海外收入、披露地区、汇兑损益、外币资产负债、套保、现金、授信、页码；country_event: 事件ID、国家、类型、起止月、触发值、证据等级、决策时可知性；portfolio_scenario: 情景、周期、权重、成本、流动性、CVaR、回撤、合法可用比例；case_evidence: 案例ID、事件簇、命题角色、关键事实、来源等级、页码、复核状态,核验企业海外收入、汇兑损益、冻结、退出和储备配置事实。,https://www.mtn.com/,公开GET；具体API查询参数在正式source_registry冻结；禁止认证信息落盘。,按MIME与用途读取,,,company_overseas_exposure | country_event | portfolio_scenario | case_evidence,DB03 中国企业海外风险 | DB02 国别与危机下钻 | DB04/DB05 配置与约束 | DB05 决策、约束与证据中心,取得状态、内容可用性、提取状态和正式用途四态齐全；不得单独支撑核心结论。,,NOT_APPLICABLE,NOT_ACQUIRED,FAILED,EXCLUDED,,D,仅保留元数据；正式分析改用许可允许的权威替代源。,NOT_APPLICABLE|NOT_ACQUIRED|FAILED|EXCLUDED,2026-08-16T09:22:23.203Z
WEB-0347,20260816_research_archive_v1,METADATA_ONLY_LICENSE,"3. MTN Nigeria 2023/2024 财报（汇兑损失 7,404 亿 + 9,254 亿奈拉）：MTN Group 与 MTN Nigeria 官方公告（NGX 披露）",www.mtn.ng,08_企业案例与公开披露,D,metadata_only,NOT_ACQUIRED,company_overseas_exposure: 企业、财年、海外收入、披露地区、汇兑损益、外币资产负债、套保、现金、授信、页码；country_monthly_risk: ISO3、月份、官方汇率、CPI、储备、平行汇率、发布日期、质量标记；country_event: 事件ID、国家、类型、起止月、触发值、证据等级、决策时可知性；portfolio_scenario: 情景、周期、权重、成本、流动性、CVaR、回撤、合法可用比例；case_evidence: 案例ID、事件簇、命题角色、关键事实、来源等级、页码、复核状态,核验企业海外收入、汇兑损益、冻结、退出和储备配置事实。,https://www.mtn.ng/,公开GET；具体API查询参数在正式source_registry冻结；禁止认证信息落盘。,按MIME与用途读取,,,company_overseas_exposure | country_monthly_risk | country_event | portfolio_scenario | case_evidence,DB03 中国企业海外风险 | DB01/DB02 国别风险与危机下钻 | DB02 国别与危机下钻 | DB04/DB05 配置与约束 | DB05 决策、约束与证据中心,取得状态、内容可用性、提取状态和正式用途四态齐全；不得单独支撑核心结论。,,NOT_APPLICABLE,NOT_ACQUIRED,FAILED,EXCLUDED,,D,仅保留元数据；正式分析改用许可允许的权威替代源。,NOT_APPLICABLE|NOT_ACQUIRED|FAILED|EXCLUDED,2026-08-16T09:22:23.203Z
WEB-0353,20260816_research_archive_v1,METADATA_ONLY_LICENSE,"16 National Bureau of Economic Research, Business Cycle Dating,",www.nber,05_全球周期与历史危机,B,metadata_only,NOT_ACQUIRED,source_registry: 平台版本、导入能力、ETL、模型、AIChat、XML、评分条款；historical_crisis_event: 历史事件、制度环境、政策节点、起止期、可比性、黄金与美元表现；global_cycle_month: 月份、工业生产、失业、CPI、利率、利差、美元、金融条件、市场回撤、周期标签,识别全球经济周期、资产泡沫、信用危机、衰退与历史制度差异。,https://www.nber/,公开GET；具体API查询参数在正式source_registry冻结；禁止认证信息落盘。,按MIME与用途读取,,,source_registry | historical_crisis_event | global_cycle_month,通用交付与评分证据 | DB06 全球周期与历史危机,取得状态、内容可用性、提取状态和正式用途四态齐全；不得单独支撑核心结论。,,NOT_APPLICABLE,NOT_ACQUIRED,FAILED,EXCLUDED,,B,仅保留元数据；正式分析改用许可允许的权威替代源。,NOT_APPLICABLE|NOT_ACQUIRED|FAILED|EXCLUDED,2026-08-16T09:22:23.204Z
WEB-0354,20260816_research_archive_v1,PAYWALL_OR_AUTH,全国股转系统公司年报披露，2021–2022,www.neeq.com.cn,08_企业案例与公开披露,D,private_only,NOT_ACQUIRED,company_overseas_exposure: 企业、财年、海外收入、披露地区、汇兑损益、外币资产负债、套保、现金、授信、页码；country_event: 事件ID、国家、类型、起止月、触发值、证据等级、决策时可知性；asset_monthly_return: 月份、资产、计价口径、价格、收益、成本、来源版本；portfolio_scenario: 情景、周期、权重、成本、流动性、CVaR、回撤、合法可用比例,核验企业海外收入、汇兑损益、冻结、退出和储备配置事实。,https://www.neeq.com.cn/disclosure/2022/2022-08-19/1660895675_962813.pdf,公开GET；具体API查询参数在正式source_registry冻结；禁止认证信息落盘。,pdftotext/OCR候选+页码双人复核,,,company_overseas_exposure | country_event | asset_monthly_return | portfolio_scenario,DB03 中国企业海外风险 | DB02 国别与危机下钻 | DB04 多币种—黄金周期实验室 | DB04/DB05 配置与约束,取得状态、内容可用性、提取状态和正式用途四态齐全；不得单独支撑核心结论。,,NOT_APPLICABLE,NOT_ACQUIRED,FAILED,EXCLUDED,HTTP 403,D,由资料负责人合法登录、采购或申请授权；不得自动绕过。,NOT_APPLICABLE|NOT_ACQUIRED|FAILED|EXCLUDED,2026-08-16T09:22:23.204Z
WEB-0355,20260816_research_archive_v1,METADATA_ONLY_LICENSE,4. 雀巢尼日利亚 2023 年报（股东权益 -780 亿奈拉）：雀巢尼日利亚/NGX 披露,www.nestle-cwa.com,08_企业案例与公开披露,D,metadata_only,NOT_ACQUIRED,company_overseas_exposure: 企业、财年、海外收入、披露地区、汇兑损益、外币资产负债、套保、现金、授信、页码；country_monthly_risk: ISO3、月份、官方汇率、CPI、储备、平行汇率、发布日期、质量标记；country_event: 事件ID、国家、类型、起止月、触发值、证据等级、决策时可知性；portfolio_scenario: 情景、周期、权重、成本、流动性、CVaR、回撤、合法可用比例；case_evidence: 案例ID、事件簇、命题角色、关键事实、来源等级、页码、复核状态,核验企业海外收入、汇兑损益、冻结、退出和储备配置事实。,https://www.nestle-cwa.com/,公开GET；具体API查询参数在正式source_registry冻结；禁止认证信息落盘。,按MIME与用途读取,,,company_overseas_exposure | country_monthly_risk | country_event | portfolio_scenario | case_evidence,DB03 中国企业海外风险 | DB01/DB02 国别风险与危机下钻 | DB02 国别与危机下钻 | DB04/DB05 配置与约束 | DB05 决策、约束与证据中心,取得状态、内容可用性、提取状态和正式用途四态齐全；不得单独支撑核心结论。,,NOT_APPLICABLE,NOT_ACQUIRED,FAILED,EXCLUDED,,D,仅保留元数据；正式分析改用许可允许的权威替代源。,NOT_APPLICABLE|NOT_ACQUIRED|FAILED|EXCLUDED,2026-08-16T09:22:23.204Z
WEB-0356,20260816_research_archive_v1,METADATA_ONLY_LICENSE,2. 雀巢集团 2023 年报（尼日利亚分部汇兑损失与资不抵债披露）,www.nestle.com,08_企业案例与公开披露,D,metadata_only,NOT_ACQUIRED,company_overseas_exposure: 企业、财年、海外收入、披露地区、汇兑损益、外币资产负债、套保、现金、授信、页码；country_event: 事件ID、国家、类型、起止月、触发值、证据等级、决策时可知性；portfolio_scenario: 情景、周期、权重、成本、流动性、CVaR、回撤、合法可用比例；case_evidence: 案例ID、事件簇、命题角色、关键事实、来源等级、页码、复核状态,核验企业海外收入、汇兑损益、冻结、退出和储备配置事实。,https://www.nestle.com/,公开GET；具体API查询参数在正式source_registry冻结；禁止认证信息落盘。,按MIME与用途读取,,,company_overseas_exposure | country_event | portfolio_scenario | case_evidence,DB03 中国企业海外风险 | DB02 国别与危机下钻 | DB04/DB05 配置与约束 | DB05 决策、约束与证据中心,取得状态、内容可用性、提取状态和正式用途四态齐全；不得单独支撑核心结论。,,NOT_APPLICABLE,NOT_ACQUIRED,FAILED,EXCLUDED,,D,仅保留元数据；正式分析改用许可允许的权威替代源。,NOT_APPLICABLE|NOT_ACQUIRED|FAILED|EXCLUDED,2026-08-16T09:22:23.204Z
WEB-0358,20260816_research_archive_v1,DUPLICATE_CONTENT,金融监管总局原文，2025-02-07,www.nfra.gov.cn,08_企业案例与公开披露,A,shared,STRUCTURED_DATA,company_overseas_exposure: 企业、财年、海外收入、披露地区、汇兑损益、外币资产负债、套保、现金、授信、页码；country_event: 事件ID、国家、类型、起止月、触发值、证据等级、决策时可知性；asset_monthly_return: 月份、资产、计价口径、价格、收益、成本、来源版本；portfolio_scenario: 情景、周期、权重、成本、流动性、CVaR、回撤、合法可用比例,核验企业海外收入、汇兑损益、冻结、退出和储备配置事实。,https://www.nfra.gov.cn/cn/view/pages/ItemDetail.html?docId=1198136&itemId=915,公开GET；具体API查询参数在正式source_registry冻结；禁止认证信息落盘。,HTML表格: cheerio；正文: Readability+Markdown；动态页: 公开API/人工任务卡,08_企业案例与公开披露/外部原件/WEB-0357_金融监管总局官网全文/original.html,02_提取正文/WEB-0358/content.json,company_overseas_exposure | country_event | asset_monthly_return | portfolio_scenario,DB03 中国企业海外风险 | DB02 国别与危机下钻 | DB04 多币种—黄金周期实验室 | DB04/DB05 配置与约束,取得状态、内容可用性、提取状态和正式用途四态齐全；不得单独支撑核心结论。,WEB-0357,ACQUIRED,STRUCTURED_DATA,EXTRACTED,REPLACED,,D,使用替代来源：WEB-0357,ACQUIRED|STRUCTURED_DATA|EXTRACTED|REPLACED,2026-08-16T09:22:23.204Z
WEB-0359,20260816_research_archive_v1,DOWNLOADED_VERIFIED,国家金融监督管理总局,www.nfra.gov.cn,08_企业案例与公开披露,A,shared,LOW_CONTENT,company_overseas_exposure: 企业、财年、海外收入、披露地区、汇兑损益、外币资产负债、套保、现金、授信、页码；country_event: 事件ID、国家、类型、起止月、触发值、证据等级、决策时可知性；asset_monthly_return: 月份、资产、计价口径、价格、收益、成本、来源版本；portfolio_scenario: 情景、周期、权重、成本、流动性、CVaR、回撤、合法可用比例,核验企业海外收入、汇兑损益、冻结、退出和储备配置事实。,https://www.nfra.gov.cn/cn/view/pages/rulesDetail.html?docId=1151066,公开GET；具体API查询参数在正式source_registry冻结；禁止认证信息落盘。,HTML表格: cheerio；正文: Readability+Markdown；动态页: 公开API/人工任务卡,08_企业案例与公开披露/外部原件/WEB-0359_办法附件测算示例/original.html,02_提取正文/WEB-0359/content.json,company_overseas_exposure | country_event | asset_monthly_return | portfolio_scenario,DB03 中国企业海外风险 | DB02 国别与危机下钻 | DB04 多币种—黄金周期实验室 | DB04/DB05 配置与约束,取得状态、内容可用性、提取状态和正式用途四态齐全；不得单独支撑核心结论。,,ACQUIRED,LOW_CONTENT,PARTIAL,EXCLUDED,,D,补充权威替代来源；无法取得时删除相应字段和结论承诺。,ACQUIRED|LOW_CONTENT|PARTIAL|EXCLUDED,2026-08-16T09:22:23.204Z
WEB-0360,20260816_research_archive_v1,METADATA_ONLY_LICENSE,2. 尼日利亚 CPI（2024-06 同比 34.2%）：尼日利亚国家统计局（NBS）,www.nigerianstat.gov.ng,08_企业案例与公开披露,A,metadata_only,NOT_ACQUIRED,company_overseas_exposure: 企业、财年、海外收入、披露地区、汇兑损益、外币资产负债、套保、现金、授信、页码；country_monthly_risk: ISO3、月份、官方汇率、CPI、储备、平行汇率、发布日期、质量标记；country_event: 事件ID、国家、类型、起止月、触发值、证据等级、决策时可知性；portfolio_scenario: 情景、周期、权重、成本、流动性、CVaR、回撤、合法可用比例；case_evidence: 案例ID、事件簇、命题角色、关键事实、来源等级、页码、复核状态,核验企业海外收入、汇兑损益、冻结、退出和储备配置事实。,https://www.nigerianstat.gov.ng/,公开GET；具体API查询参数在正式source_registry冻结；禁止认证信息落盘。,按MIME与用途读取,,,company_overseas_exposure | country_monthly_risk | country_event | portfolio_scenario | case_evidence,DB03 中国企业海外风险 | DB01/DB02 国别风险与危机下钻 | DB02 国别与危机下钻 | DB04/DB05 配置与约束 | DB05 决策、约束与证据中心,取得状态、内容可用性、提取状态和正式用途四态齐全；不得单独支撑核心结论。,,NOT_APPLICABLE,NOT_ACQUIRED,FAILED,EXCLUDED,,D,仅保留元数据；正式分析改用许可允许的权威替代源。,NOT_APPLICABLE|NOT_ACQUIRED|FAILED|EXCLUDED,2026-08-16T09:22:23.204Z
WEB-0361,20260816_research_archive_v1,METADATA_ONLY_LICENSE,OSW/KSE，2025,www.osw.waw.pl,08_企业案例与公开披露,D,metadata_only,NOT_ACQUIRED,company_overseas_exposure: 企业、财年、海外收入、披露地区、汇兑损益、外币资产负债、套保、现金、授信、页码；country_event: 事件ID、国家、类型、起止月、触发值、证据等级、决策时可知性；asset_monthly_return: 月份、资产、计价口径、价格、收益、成本、来源版本；portfolio_scenario: 情景、周期、权重、成本、流动性、CVaR、回撤、合法可用比例,核验企业海外收入、汇兑损益、冻结、退出和储备配置事实。,https://www.osw.waw.pl/en/publikacje/osw-commentary/2025-09-01/putins-elite-divides-spoils-russia-large-scale-nationalisation,公开GET；具体API查询参数在正式source_registry冻结；禁止认证信息落盘。,按MIME与用途读取,,,company_overseas_exposure | country_event | asset_monthly_return | portfolio_scenario,DB03 中国企业海外风险 | DB02 国别与危机下钻 | DB04 多币种—黄金周期实验室 | DB04/DB05 配置与约束,取得状态、内容可用性、提取状态和正式用途四态齐全；不得单独支撑核心结论。,,NOT_APPLICABLE,NOT_ACQUIRED,FAILED,EXCLUDED,,D,仅保留元数据；正式分析改用许可允许的权威替代源。,NOT_APPLICABLE|NOT_ACQUIRED|FAILED|EXCLUDED,2026-08-16T09:22:23.204Z
WEB-0362,20260816_research_archive_v1,METADATA_ONLY_LICENSE,PIIE，2024,www.piie.com,08_企业案例与公开披露,D,metadata_only,NOT_ACQUIRED,company_overseas_exposure: 企业、财年、海外收入、披露地区、汇兑损益、外币资产负债、套保、现金、授信、页码；country_event: 事件ID、国家、类型、起止月、触发值、证据等级、决策时可知性；asset_monthly_return: 月份、资产、计价口径、价格、收益、成本、来源版本；portfolio_scenario: 情景、周期、权重、成本、流动性、CVaR、回撤、合法可用比例,核验企业海外收入、汇兑损益、冻结、退出和储备配置事实。,https://www.piie.com/research/piie-charts/2024/egyptian-pound-devaluations-have-induced-recurring-crises-1952,公开GET；具体API查询参数在正式source_registry冻结；禁止认证信息落盘。,按MIME与用途读取,,,company_overseas_exposure | country_event | asset_monthly_return | portfolio_scenario,DB03 中国企业海外风险 | DB02 国别与危机下钻 | DB04 多币种—黄金周期实验室 | DB04/DB05 配置与约束,取得状态、内容可用性、提取状态和正式用途四态齐全；不得单独支撑核心结论。,,NOT_APPLICABLE,NOT_ACQUIRED,FAILED,EXCLUDED,,D,仅保留元数据；正式分析改用许可允许的权威替代源。,NOT_APPLICABLE|NOT_ACQUIRED|FAILED|EXCLUDED,2026-08-16T09:22:23.204Z
WEB-0363,20260816_research_archive_v1,DOWNLOADED_VERIFIED,Economic Policy Uncertainty Index,www.policyuncertainty.com,06_黄金美元与储备配置,D,private_only,STRUCTURED_DATA,asset_monthly_return: 月份、资产、计价口径、价格、收益、成本、来源版本；portfolio_scenario: 情景、周期、权重、成本、流动性、CVaR、回撤、合法可用比例,比较美元、短债、黄金、人民币资产与套保工具的周期性作用。,https://www.policyuncertainty.com/,公开GET；具体API查询参数在正式source_registry冻结；禁止认证信息落盘。,HTML表格: cheerio；正文: Readability+Markdown；动态页: 公开API/人工任务卡,06_黄金美元与储备配置/外部原件/WEB-0363_XLSX_entry_xl_worksheets_sheet11.xml/original.html,02_提取正文/WEB-0363/content.json,asset_monthly_return | portfolio_scenario,DB04 多币种—黄金周期实验室 | DB04/DB05 配置与约束,取得状态、内容可用性、提取状态和正式用途四态齐全；不得单独支撑核心结论。,,ACQUIRED,STRUCTURED_DATA,EXTRACTED,EXCLUDED,,B,补充权威替代来源；无法取得时删除相应字段和结论承诺。,ACQUIRED|STRUCTURED_DATA|EXTRACTED|EXCLUDED,2026-08-16T09:22:23.204Z
WEB-0364,20260816_research_archive_v1,DOWNLOADED_VERIFIED,China Policy Uncertainty Indices Based on Mainland Papers,www.policyuncertainty.com,06_黄金美元与储备配置,D,private_only,MIXED_CONTENT,asset_monthly_return: 月份、资产、计价口径、价格、收益、成本、来源版本；portfolio_scenario: 情景、周期、权重、成本、流动性、CVaR、回撤、合法可用比例,比较美元、短债、黄金、人民币资产与套保工具的周期性作用。,https://www.policyuncertainty.com/media/China_Mainland_Paper_EPU.xlsx,公开GET；具体API查询参数在正式source_registry冻结；禁止认证信息落盘。,HTML表格: cheerio；正文: Readability+Markdown；动态页: 公开API/人工任务卡,06_黄金美元与储备配置/外部原件/WEB-0364_-_来源：/original.html,02_提取正文/WEB-0364/content.json | 01_新增原件/WEB-0364/WEB-0364-R01_China_Mainland_Paper_EPU.xlsx | 03_提取表格/WEB-0364/WEB-0364-R01/EPU_1949-1978.csv | 03_提取表格/WEB-0364/WEB-0364-R01/EPU_1979-1999.csv | 03_提取表格/WEB-0364/WEB-0364-R01/EPU_2000_onwards.csv | 03_提取表格/WEB-0364/WEB-0364-R01/TPU_2000_onwards.csv,asset_monthly_return | portfolio_scenario,DB04 多币种—黄金周期实验室 | DB04/DB05 配置与约束,取得状态、内容可用性、提取状态和正式用途四态齐全；不得单独支撑核心结论。,,ACQUIRED,MIXED_CONTENT,EXTRACTED,EXCLUDED,,B,补充权威替代来源；无法取得时删除相应字段和结论承诺。,ACQUIRED|MIXED_CONTENT|EXTRACTED|EXCLUDED,2026-08-16T09:22:23.204Z
WEB-0365,20260816_research_archive_v1,METADATA_ONLY_LICENSE,7. Reuters（经Politico转引），2013年12月31日——标普500全年+29.6%,www.politico.com,05_全球周期与历史危机,D,metadata_only,NOT_ACQUIRED,asset_monthly_return: 月份、资产、计价口径、价格、收益、成本、来源版本；case_evidence: 案例ID、事件簇、命题角色、关键事实、来源等级、页码、复核状态；historical_crisis_event: 历史事件、制度环境、政策节点、起止期、可比性、黄金与美元表现；global_cycle_month: 月份、工业生产、失业、CPI、利率、利差、美元、金融条件、市场回撤、周期标签,识别全球经济周期、资产泡沫、信用危机、衰退与历史制度差异。,https://www.politico.com/tipsheets/playbook/2014/01/new-years-eve-reid-vs-paul-happy-new-year-and-obamacare-sayonara-2013-politico-presents-2013s-13-favorite-online-moments-no-more-white-house-petitions-no-lesson-the-clock-tick-tock-tick-tock-the-article-must-go-btv-gop-117247,公开GET；具体API查询参数在正式source_registry冻结；禁止认证信息落盘。,按MIME与用途读取,,,asset_monthly_return | case_evidence | historical_crisis_event | global_cycle_month,DB04 多币种—黄金周期实验室 | DB05 决策、约束与证据中心 | DB06 全球周期与历史危机,取得状态、内容可用性、提取状态和正式用途四态齐全；不得单独支撑核心结论。,,NOT_APPLICABLE,NOT_ACQUIRED,FAILED,EXCLUDED,,B,仅保留元数据；正式分析改用许可允许的权威替代源。,NOT_APPLICABLE|NOT_ACQUIRED|FAILED|EXCLUDED,2026-08-16T09:22:23.204Z
WEB-0366,20260816_research_archive_v1,METADATA_ONLY_LICENSE,2. The American Presidency Project（加州大学圣巴巴拉分校），《White House Statement on Proclamation 2072》（1934年1月31日原文），,www.presidency.ucsb.edu,05_全球周期与历史危机,D,metadata_only,NOT_ACQUIRED,asset_monthly_return: 月份、资产、计价口径、价格、收益、成本、来源版本；case_evidence: 案例ID、事件簇、命题角色、关键事实、来源等级、页码、复核状态；historical_crisis_event: 历史事件、制度环境、政策节点、起止期、可比性、黄金与美元表现；global_cycle_month: 月份、工业生产、失业、CPI、利率、利差、美元、金融条件、市场回撤、周期标签,识别全球经济周期、资产泡沫、信用危机、衰退与历史制度差异。,https://www.presidency.ucsb.edu/documents/white-house-statement-proclamation-2072,公开GET；具体API查询参数在正式source_registry冻结；禁止认证信息落盘。,按MIME与用途读取,,,asset_monthly_return | case_evidence | historical_crisis_event | global_cycle_month,DB04 多币种—黄金周期实验室 | DB05 决策、约束与证据中心 | DB06 全球周期与历史危机,取得状态、内容可用性、提取状态和正式用途四态齐全；不得单独支撑核心结论。,,NOT_APPLICABLE,NOT_ACQUIRED,FAILED,EXCLUDED,,B,仅保留元数据；正式分析改用许可允许的权威替代源。,NOT_APPLICABLE|NOT_ACQUIRED|FAILED|EXCLUDED,2026-08-16T09:22:23.205Z
WEB-0367,20260816_research_archive_v1,METADATA_ONLY_LICENSE,PR Newswire，2025,www.prnewswire.com,08_企业案例与公开披露,D,metadata_only,NOT_ACQUIRED,company_overseas_exposure: 企业、财年、海外收入、披露地区、汇兑损益、外币资产负债、套保、现金、授信、页码；country_event: 事件ID、国家、类型、起止月、触发值、证据等级、决策时可知性；asset_monthly_return: 月份、资产、计价口径、价格、收益、成本、来源版本；portfolio_scenario: 情景、周期、权重、成本、流动性、CVaR、回撤、合法可用比例,核验企业海外收入、汇兑损益、冻结、退出和储备配置事实。,https://www.prnewswire.com/news-releases/prestige-wealth-inc-signs-and-closes-approx-150-million-financing-for-aurelion-treasury-initiating-nasdaq-s-first-tether-gold-treasury-prestige-wealth-inc-nasdaq-aure-plans-to-be-renamed-to-aurelion-inc-subject-to-appro-302583388.html,公开GET；具体API查询参数在正式source_registry冻结；禁止认证信息落盘。,HTML表格: cheerio；正文: Readability+Markdown；动态页: 公开API/人工任务卡,,,company_overseas_exposure | country_event | asset_monthly_return | portfolio_scenario,DB03 中国企业海外风险 | DB02 国别与危机下钻 | DB04 多币种—黄金周期实验室 | DB04/DB05 配置与约束,取得状态、内容可用性、提取状态和正式用途四态齐全；不得单独支撑核心结论。,,NOT_APPLICABLE,NOT_ACQUIRED,FAILED,EXCLUDED,NOT_ACQUIRED,D,仅保留元数据；正式分析改用许可允许的权威替代源。,NOT_APPLICABLE|NOT_ACQUIRED|FAILED|EXCLUDED,2026-08-16T09:22:23.205Z
WEB-0368,20260816_research_archive_v1,DOWNLOADED_VERIFIED,普华永道，2024,www.pwccn.com,08_企业案例与公开披露,D,private_only,DOCUMENT_LOCAL,company_overseas_exposure: 企业、财年、海外收入、披露地区、汇兑损益、外币资产负债、套保、现金、授信、页码；country_event: 事件ID、国家、类型、起止月、触发值、证据等级、决策时可知性；asset_monthly_return: 月份、资产、计价口径、价格、收益、成本、来源版本；portfolio_scenario: 情景、周期、权重、成本、流动性、CVaR、回撤、合法可用比例,核验企业海外收入、汇兑损益、冻结、退出和储备配置事实。,https://www.pwccn.com/zh/banking/banking-newsletter-2024-q1.pdf,公开GET；具体API查询参数在正式source_registry冻结；禁止认证信息落盘。,pdftotext/OCR候选+页码双人复核,08_企业案例与公开披露/外部原件/WEB-0368_普华永道，2024/original.pdf,,company_overseas_exposure | country_event | asset_monthly_return | portfolio_scenario,DB03 中国企业海外风险 | DB02 国别与危机下钻 | DB04 多币种—黄金周期实验室 | DB04/DB05 配置与约束,取得状态、内容可用性、提取状态和正式用途四态齐全；不得单独支撑核心结论。,,ACQUIRED,DOCUMENT_LOCAL,NOT_REQUIRED,EXCLUDED,,D,补充权威替代来源；无法取得时删除相应字段和结论承诺。,ACQUIRED|DOCUMENT_LOCAL|NOT_REQUIRED|EXCLUDED,2026-08-16T09:22:23.205Z
WEB-0369,20260816_research_archive_v1,PAYWALL_OR_AUTH,3. RAND《How Russia is using gold in wartime》（2025）,www.rand.org,07_会计合规与制裁,D,private_only,NOT_ACQUIRED,country_policy_year: ISO3、年份、汇率制度、资本限制、汇出限制、制裁主体、有效期、原文定位；country_event: 事件ID、国家、类型、起止月、触发值、证据等级、决策时可知性；asset_monthly_return: 月份、资产、计价口径、价格、收益、成本、来源版本；case_evidence: 案例ID、事件簇、命题角色、关键事实、来源等级、页码、复核状态,限定会计分类、托管、制裁、外汇管制和合法可用性边界。,https://www.rand.org/,公开GET；具体API查询参数在正式source_registry冻结；禁止认证信息落盘。,按MIME与用途读取,,,country_policy_year | country_event | asset_monthly_return | case_evidence,DB02/DB05 政策与约束 | DB02 国别与危机下钻 | DB04 多币种—黄金周期实验室 | DB05 决策、约束与证据中心,取得状态、内容可用性、提取状态和正式用途四态齐全；不得单独支撑核心结论。,,NOT_APPLICABLE,NOT_ACQUIRED,FAILED,EXCLUDED,HTTP 403,A/D,由资料负责人合法登录、采购或申请授权；不得自动绕过。,NOT_APPLICABLE|NOT_ACQUIRED|FAILED|EXCLUDED,2026-08-16T09:22:23.205Z
WEB-0370,20260816_research_archive_v1,PAYWALL_OR_AUTH,RAND，2025,www.rand.org,07_会计合规与制裁,D,private_only,NOT_ACQUIRED,country_policy_year: ISO3、年份、汇率制度、资本限制、汇出限制、制裁主体、有效期、原文定位；asset_monthly_return: 月份、资产、计价口径、价格、收益、成本、来源版本,限定会计分类、托管、制裁、外汇管制和合法可用性边界。,https://www.rand.org/content/dam/rand/pubs/research_reports/RRA3200/RRA3230-1/RAND_RRA3230-1.summary.pdf,公开GET；具体API查询参数在正式source_registry冻结；禁止认证信息落盘。,pdftotext/OCR候选+页码双人复核,,,country_policy_year | asset_monthly_return,DB02/DB05 政策与约束 | DB04 多币种—黄金周期实验室,取得状态、内容可用性、提取状态和正式用途四态齐全；不得单独支撑核心结论。,,NOT_APPLICABLE,NOT_ACQUIRED,FAILED,EXCLUDED,HTTP 403,A/D,由资料负责人合法登录、采购或申请授权；不得自动绕过。,NOT_APPLICABLE|NOT_ACQUIRED|FAILED|EXCLUDED,2026-08-16T09:22:23.205Z
WEB-0371,20260816_research_archive_v1,METADATA_ONLY_LICENSE,2. 日本不动产研究所《六大城市地价指数》历史数据（商业地价 -87%）,www.reinet.or.jp,05_全球周期与历史危机,D,metadata_only,NOT_ACQUIRED,case_evidence: 案例ID、事件簇、命题角色、关键事实、来源等级、页码、复核状态；historical_crisis_event: 历史事件、制度环境、政策节点、起止期、可比性、黄金与美元表现；global_cycle_month: 月份、工业生产、失业、CPI、利率、利差、美元、金融条件、市场回撤、周期标签,识别全球经济周期、资产泡沫、信用危机、衰退与历史制度差异。,https://www.reinet.or.jp/en/data/indices/land-price/urban-land-price-index,公开GET；具体API查询参数在正式source_registry冻结；禁止认证信息落盘。,按MIME与用途读取,,,case_evidence | historical_crisis_event | global_cycle_month,DB05 决策、约束与证据中心 | DB06 全球周期与历史危机,取得状态、内容可用性、提取状态和正式用途四态齐全；不得单独支撑核心结论。,,NOT_APPLICABLE,NOT_ACQUIRED,FAILED,EXCLUDED,,B,仅保留元数据；正式分析改用许可允许的权威替代源。,NOT_APPLICABLE|NOT_ACQUIRED|FAILED|EXCLUDED,2026-08-16T09:22:23.205Z
WEB-0372,20260816_research_archive_v1,METADATA_ONLY_LICENSE,1. 雷诺 2022 年报与 AvtoVAZ 出售（1 卢布）公告：雷诺集团官网/SEC 20-F,www.renaultgroup.com,08_企业案例与公开披露,D,metadata_only,NOT_ACQUIRED,company_overseas_exposure: 企业、财年、海外收入、披露地区、汇兑损益、外币资产负债、套保、现金、授信、页码；country_event: 事件ID、国家、类型、起止月、触发值、证据等级、决策时可知性；portfolio_scenario: 情景、周期、权重、成本、流动性、CVaR、回撤、合法可用比例；case_evidence: 案例ID、事件簇、命题角色、关键事实、来源等级、页码、复核状态,核验企业海外收入、汇兑损益、冻结、退出和储备配置事实。,https://www.renaultgroup.com/,公开GET；具体API查询参数在正式source_registry冻结；禁止认证信息落盘。,按MIME与用途读取,,,company_overseas_exposure | country_event | portfolio_scenario | case_evidence,DB03 中国企业海外风险 | DB02 国别与危机下钻 | DB04/DB05 配置与约束 | DB05 决策、约束与证据中心,取得状态、内容可用性、提取状态和正式用途四态齐全；不得单独支撑核心结论。,,NOT_APPLICABLE,NOT_ACQUIRED,FAILED,EXCLUDED,,D,仅保留元数据；正式分析改用许可允许的权威替代源。,NOT_APPLICABLE|NOT_ACQUIRED|FAILED|EXCLUDED,2026-08-16T09:22:23.205Z
WEB-0373,20260816_research_archive_v1,METADATA_ONLY_LICENSE,5. 2020 年以 9 吨黄金支付伊朗换汽油：Reuters 2020-05,Reuters,06_黄金美元与储备配置,C,metadata_only,NOT_ACQUIRED,country_monthly_risk: ISO3、月份、官方汇率、CPI、储备、平行汇率、发布日期、质量标记；country_event: 事件ID、国家、类型、起止月、触发值、证据等级、决策时可知性；asset_monthly_return: 月份、资产、计价口径、价格、收益、成本、来源版本；portfolio_scenario: 情景、周期、权重、成本、流动性、CVaR、回撤、合法可用比例；case_evidence: 案例ID、事件簇、命题角色、关键事实、来源等级、页码、复核状态,比较美元、短债、黄金、人民币资产与套保工具的周期性作用。,https://www.reuters.com/article/idUSKBN22Y0SR,公开GET；具体API查询参数在正式source_registry冻结；禁止认证信息落盘。,按MIME与用途读取,,,country_monthly_risk | country_event | asset_monthly_return | portfolio_scenario | case_evidence,DB01/DB02 国别风险与危机下钻 | DB02 国别与危机下钻 | DB04 多币种—黄金周期实验室 | DB04/DB05 配置与约束 | DB05 决策、约束与证据中心,取得状态、内容可用性、提取状态和正式用途四态齐全；不得单独支撑核心结论。,,NOT_APPLICABLE,NOT_ACQUIRED,FAILED,EXCLUDED,,B,仅保留元数据；正式分析改用许可允许的权威替代源。,NOT_APPLICABLE|NOT_ACQUIRED|FAILED|EXCLUDED,2026-08-16T09:22:23.205Z
WEB-0374,20260816_research_archive_v1,METADATA_ONLY_LICENSE,"6. 西方企业退出俄罗斯损失超 1,070 亿美元：Reuters 2024-03 统计",Reuters,07_会计合规与制裁,C,metadata_only,NOT_ACQUIRED,company_overseas_exposure: 企业、财年、海外收入、披露地区、汇兑损益、外币资产负债、套保、现金、授信、页码；country_policy_year: ISO3、年份、汇率制度、资本限制、汇出限制、制裁主体、有效期、原文定位；country_event: 事件ID、国家、类型、起止月、触发值、证据等级、决策时可知性；asset_monthly_return: 月份、资产、计价口径、价格、收益、成本、来源版本；case_evidence: 案例ID、事件簇、命题角色、关键事实、来源等级、页码、复核状态,限定会计分类、托管、制裁、外汇管制和合法可用性边界。,https://www.reuters.com/business,公开GET；具体API查询参数在正式source_registry冻结；禁止认证信息落盘。,按MIME与用途读取,,,company_overseas_exposure | country_policy_year | country_event | asset_monthly_return | case_evidence,DB03 中国企业海外风险 | DB02/DB05 政策与约束 | DB02 国别与危机下钻 | DB04 多币种—黄金周期实验室 | DB05 决策、约束与证据中心,取得状态、内容可用性、提取状态和正式用途四态齐全；不得单独支撑核心结论。,,NOT_APPLICABLE,NOT_ACQUIRED,FAILED,EXCLUDED,,A/D,仅保留元数据；正式分析改用许可允许的权威替代源。,NOT_APPLICABLE|NOT_ACQUIRED|FAILED|EXCLUDED,2026-08-16T09:22:23.205Z
WEB-0375,20260816_research_archive_v1,METADATA_ONLY_LICENSE,5. 阿联酋 ADQ 350 亿美元注资（2024-02）：Reuters/路透报道,Reuters,06_黄金美元与储备配置,C,metadata_only,NOT_ACQUIRED,country_monthly_risk: ISO3、月份、官方汇率、CPI、储备、平行汇率、发布日期、质量标记；country_event: 事件ID、国家、类型、起止月、触发值、证据等级、决策时可知性；asset_monthly_return: 月份、资产、计价口径、价格、收益、成本、来源版本；portfolio_scenario: 情景、周期、权重、成本、流动性、CVaR、回撤、合法可用比例；case_evidence: 案例ID、事件簇、命题角色、关键事实、来源等级、页码、复核状态,比较美元、短债、黄金、人民币资产与套保工具的周期性作用。,https://www.reuters.com/markets,公开GET；具体API查询参数在正式source_registry冻结；禁止认证信息落盘。,按MIME与用途读取,,,country_monthly_risk | country_event | asset_monthly_return | portfolio_scenario | case_evidence,DB01/DB02 国别风险与危机下钻 | DB02 国别与危机下钻 | DB04 多币种—黄金周期实验室 | DB04/DB05 配置与约束 | DB05 决策、约束与证据中心,取得状态、内容可用性、提取状态和正式用途四态齐全；不得单独支撑核心结论。,,NOT_APPLICABLE,NOT_ACQUIRED,FAILED,EXCLUDED,,B,仅保留元数据；正式分析改用许可允许的权威替代源。,NOT_APPLICABLE|NOT_ACQUIRED|FAILED|EXCLUDED,2026-08-16T09:22:23.205Z
WEB-0376,20260816_research_archive_v1,METADATA_ONLY_LICENSE,"3. 2024-10-26 以色列打击与金价 2,790 新高：Reuters 2024-10",Reuters,07_会计合规与制裁,C,metadata_only,NOT_ACQUIRED,company_overseas_exposure: 企业、财年、海外收入、披露地区、汇兑损益、外币资产负债、套保、现金、授信、页码；country_monthly_risk: ISO3、月份、官方汇率、CPI、储备、平行汇率、发布日期、质量标记；country_policy_year: ISO3、年份、汇率制度、资本限制、汇出限制、制裁主体、有效期、原文定位；country_event: 事件ID、国家、类型、起止月、触发值、证据等级、决策时可知性；asset_monthly_return: 月份、资产、计价口径、价格、收益、成本、来源版本；case_evidence: 案例ID、事件簇、命题角色、关键事实、来源等级、页码、复核状态,限定会计分类、托管、制裁、外汇管制和合法可用性边界。,https://www.reuters.com/markets/commodities,公开GET；具体API查询参数在正式source_registry冻结；禁止认证信息落盘。,按MIME与用途读取,,,company_overseas_exposure | country_monthly_risk | country_policy_year | country_event | asset_monthly_return | case_evidence,DB03 中国企业海外风险 | DB01/DB02 国别风险与危机下钻 | DB02/DB05 政策与约束 | DB02 国别与危机下钻 | DB04 多币种—黄金周期实验室 | DB05 决策、约束与证据中心,取得状态、内容可用性、提取状态和正式用途四态齐全；不得单独支撑核心结论。,,NOT_APPLICABLE,NOT_ACQUIRED,FAILED,EXCLUDED,,A/D,仅保留元数据；正式分析改用许可允许的权威替代源。,NOT_APPLICABLE|NOT_ACQUIRED|FAILED|EXCLUDED,2026-08-16T09:22:23.205Z
WEB-0377,20260816_research_archive_v1,METADATA_ONLY_LICENSE,7. 2018-08-10 里拉单日 -14% 与新兴市场传染：Reuters/Bloomberg 2018 年 8 月报道,Reuters,04_国别货币与中国出海,C,metadata_only,NOT_ACQUIRED,country_monthly_risk: ISO3、月份、官方汇率、CPI、储备、平行汇率、发布日期、质量标记；country_policy_year: ISO3、年份、汇率制度、资本限制、汇出限制、制裁主体、有效期、原文定位；country_event: 事件ID、国家、类型、起止月、触发值、证据等级、决策时可知性；case_evidence: 案例ID、事件簇、命题角色、关键事实、来源等级、页码、复核状态,支持亚非拉国别风险、汇率、通胀、资本管制和中国投资暴露研究。,https://www.reuters.com/markets/currencies,公开GET；具体API查询参数在正式source_registry冻结；禁止认证信息落盘。,按MIME与用途读取,,,country_monthly_risk | country_policy_year | country_event | case_evidence,DB01/DB02 国别风险与危机下钻 | DB02/DB05 政策与约束 | DB02 国别与危机下钻 | DB05 决策、约束与证据中心,取得状态、内容可用性、提取状态和正式用途四态齐全；不得单独支撑核心结论。,,NOT_APPLICABLE,NOT_ACQUIRED,FAILED,EXCLUDED,,B,仅保留元数据；正式分析改用许可允许的权威替代源。,NOT_APPLICABLE|NOT_ACQUIRED|FAILED|EXCLUDED,2026-08-16T09:22:23.205Z
WEB-0378,20260816_research_archive_v1,METADATA_ONLY_LICENSE,2. CEO 卡普公开表述（金库地点、接受黄金付款意向）：Reuters/Bloomberg 2021-08 报道,Reuters,08_企业案例与公开披露,C,metadata_only,NOT_ACQUIRED,company_overseas_exposure: 企业、财年、海外收入、披露地区、汇兑损益、外币资产负债、套保、现金、授信、页码；country_event: 事件ID、国家、类型、起止月、触发值、证据等级、决策时可知性；asset_monthly_return: 月份、资产、计价口径、价格、收益、成本、来源版本；portfolio_scenario: 情景、周期、权重、成本、流动性、CVaR、回撤、合法可用比例；case_evidence: 案例ID、事件簇、命题角色、关键事实、来源等级、页码、复核状态,核验企业海外收入、汇兑损益、冻结、退出和储备配置事实。,https://www.reuters.com/technology,公开GET；具体API查询参数在正式source_registry冻结；禁止认证信息落盘。,按MIME与用途读取,,,company_overseas_exposure | country_event | asset_monthly_return | portfolio_scenario | case_evidence,DB03 中国企业海外风险 | DB02 国别与危机下钻 | DB04 多币种—黄金周期实验室 | DB04/DB05 配置与约束 | DB05 决策、约束与证据中心,取得状态、内容可用性、提取状态和正式用途四态齐全；不得单独支撑核心结论。,,NOT_APPLICABLE,NOT_ACQUIRED,FAILED,EXCLUDED,,D,仅保留元数据；正式分析改用许可允许的权威替代源。,NOT_APPLICABLE|NOT_ACQUIRED|FAILED|EXCLUDED,2026-08-16T09:22:23.205Z
WEB-0379,20260816_research_archive_v1,METADATA_ONLY_LICENSE,"1. 俄罗斯外储被冻结约 3,000 亿美元：Reuters/Reuters 2022-02-28 报道",Reuters,07_会计合规与制裁,C,metadata_only,NOT_ACQUIRED,country_policy_year: ISO3、年份、汇率制度、资本限制、汇出限制、制裁主体、有效期、原文定位；country_event: 事件ID、国家、类型、起止月、触发值、证据等级、决策时可知性；asset_monthly_return: 月份、资产、计价口径、价格、收益、成本、来源版本；case_evidence: 案例ID、事件簇、命题角色、关键事实、来源等级、页码、复核状态,限定会计分类、托管、制裁、外汇管制和合法可用性边界。,https://www.reuters.com/world/europe,公开GET；具体API查询参数在正式source_registry冻结；禁止认证信息落盘。,按MIME与用途读取,,,country_policy_year | country_event | asset_monthly_return | case_evidence,DB02/DB05 政策与约束 | DB02 国别与危机下钻 | DB04 多币种—黄金周期实验室 | DB05 决策、约束与证据中心,取得状态、内容可用性、提取状态和正式用途四态齐全；不得单独支撑核心结论。,,NOT_APPLICABLE,NOT_ACQUIRED,FAILED,EXCLUDED,,A/D,仅保留元数据；正式分析改用许可允许的权威替代源。,NOT_APPLICABLE|NOT_ACQUIRED|FAILED|EXCLUDED,2026-08-16T09:22:23.205Z
WEB-0380,20260816_research_archive_v1,METADATA_ONLY_LICENSE,Reuters，2024,www.rt.com,08_企业案例与公开披露,D,metadata_only,NOT_ACQUIRED,company_overseas_exposure: 企业、财年、海外收入、披露地区、汇兑损益、外币资产负债、套保、现金、授信、页码；country_event: 事件ID、国家、类型、起止月、触发值、证据等级、决策时可知性；asset_monthly_return: 月份、资产、计价口径、价格、收益、成本、来源版本；portfolio_scenario: 情景、周期、权重、成本、流动性、CVaR、回撤、合法可用比例,核验企业海外收入、汇兑损益、冻结、退出和储备配置事实。,https://www.rt.com/business/595044-firms-leaving-russia-losses,公开GET；具体API查询参数在正式source_registry冻结；禁止认证信息落盘。,按MIME与用途读取,,,company_overseas_exposure | country_event | asset_monthly_return | portfolio_scenario,DB03 中国企业海外风险 | DB02 国别与危机下钻 | DB04 多币种—黄金周期实验室 | DB04/DB05 配置与约束,取得状态、内容可用性、提取状态和正式用途四态齐全；不得单独支撑核心结论。,,NOT_APPLICABLE,NOT_ACQUIRED,FAILED,EXCLUDED,,D,仅保留元数据；正式分析改用许可允许的权威替代源。,NOT_APPLICABLE|NOT_ACQUIRED|FAILED|EXCLUDED,2026-08-16T09:22:23.205Z
WEB-0381,20260816_research_archive_v1,METADATA_ONLY_LICENSE,中国证券业协会，2025,www.sac.net.cn,08_企业案例与公开披露,D,metadata_only,NOT_ACQUIRED,company_overseas_exposure: 企业、财年、海外收入、披露地区、汇兑损益、外币资产负债、套保、现金、授信、页码；country_event: 事件ID、国家、类型、起止月、触发值、证据等级、决策时可知性；asset_monthly_return: 月份、资产、计价口径、价格、收益、成本、来源版本；portfolio_scenario: 情景、周期、权重、成本、流动性、CVaR、回撤、合法可用比例,核验企业海外收入、汇兑损益、冻结、退出和储备配置事实。,https://www.sac.net.cn/sjb/xxgk/hysj/jjsj/202512/t20251231_73981.html,公开GET；具体API查询参数在正式source_registry冻结；禁止认证信息落盘。,HTML表格: cheerio；正文: Readability+Markdown；动态页: 公开API/人工任务卡,,,company_overseas_exposure | country_event | asset_monthly_return | portfolio_scenario,DB03 中国企业海外风险 | DB02 国别与危机下钻 | DB04 多币种—黄金周期实验室 | DB04/DB05 配置与约束,取得状态、内容可用性、提取状态和正式用途四态齐全；不得单独支撑核心结论。,,NOT_APPLICABLE,NOT_ACQUIRED,FAILED,EXCLUDED,NOT_ACQUIRED,D,仅保留元数据；正式分析改用许可允许的权威替代源。,NOT_APPLICABLE|NOT_ACQUIRED|FAILED|EXCLUDED,2026-08-16T09:22:23.205Z
WEB-0383,20260816_research_archive_v1,METADATA_ONLY_LICENSE,7. 上海高级金融学院（转文汇报，2015）：港股及全球市场1987年10月跌幅数据。,www.saif.sjtu.edu.cn,05_全球周期与历史危机,D,metadata_only,NOT_ACQUIRED,case_evidence: 案例ID、事件簇、命题角色、关键事实、来源等级、页码、复核状态；historical_crisis_event: 历史事件、制度环境、政策节点、起止期、可比性、黄金与美元表现；global_cycle_month: 月份、工业生产、失业、CPI、利率、利差、美元、金融条件、市场回撤、周期标签,识别全球经济周期、资产泡沫、信用危机、衰退与历史制度差异。,https://www.saif.sjtu.edu.cn/show-66-2563.html,公开GET；具体API查询参数在正式source_registry冻结；禁止认证信息落盘。,HTML表格: cheerio；正文: Readability+Markdown；动态页: 公开API/人工任务卡,,,case_evidence | historical_crisis_event | global_cycle_month,DB05 决策、约束与证据中心 | DB06 全球周期与历史危机,取得状态、内容可用性、提取状态和正式用途四态齐全；不得单独支撑核心结论。,,NOT_APPLICABLE,NOT_ACQUIRED,FAILED,EXCLUDED,NOT_ACQUIRED,B,仅保留元数据；正式分析改用许可允许的权威替代源。,NOT_APPLICABLE|NOT_ACQUIRED|FAILED|EXCLUDED,2026-08-16T09:22:23.205Z
WEB-0384,20260816_research_archive_v1,DOWNLOADED_VERIFIED,《清华大学学报》财务预警综述，2023,www.sciopen.com,08_企业案例与公开披露,D,private_only,DOCUMENT_LOCAL,company_overseas_exposure: 企业、财年、海外收入、披露地区、汇兑损益、外币资产负债、套保、现金、授信、页码；country_event: 事件ID、国家、类型、起止月、触发值、证据等级、决策时可知性；asset_monthly_return: 月份、资产、计价口径、价格、收益、成本、来源版本；portfolio_scenario: 情景、周期、权重、成本、流动性、CVaR、回撤、合法可用比例,核验企业海外收入、汇兑损益、冻结、退出和储备配置事实。,https://www.sciopen.com/local/article_pdf/10.16511/j.cnki.qhdxxb.2023.21.008.pdf,公开GET；具体API查询参数在正式source_registry冻结；禁止认证信息落盘。,pdftotext/OCR候选+页码双人复核,08_企业案例与公开披露/外部原件/WEB-0384_《清华大学学报》财务预警综述，2023/original.pdf,,company_overseas_exposure | country_event | asset_monthly_return | portfolio_scenario,DB03 中国企业海外风险 | DB02 国别与危机下钻 | DB04 多币种—黄金周期实验室 | DB04/DB05 配置与约束,取得状态、内容可用性、提取状态和正式用途四态齐全；不得单独支撑核心结论。,,ACQUIRED,DOCUMENT_LOCAL,NOT_REQUIRED,EXCLUDED,,D,补充权威替代来源；无法取得时删除相应字段和结论承诺。,ACQUIRED|DOCUMENT_LOCAL|NOT_REQUIRED|EXCLUDED,2026-08-16T09:22:23.205Z
WEB-0392,20260816_research_archive_v1,DUPLICATE_CONTENT,5. 2025 年人民币金价上涨（约 +20%+）：上海黄金交易所（SGE）Au99.99 行情,上海黄金交易所,07_会计合规与制裁,B,shared,STRUCTURED_DATA,source_registry: 平台版本、导入能力、ETL、模型、AIChat、XML、评分条款；company_overseas_exposure: 企业、财年、海外收入、披露地区、汇兑损益、外币资产负债、套保、现金、授信、页码；country_policy_year: ISO3、年份、汇率制度、资本限制、汇出限制、制裁主体、有效期、原文定位；asset_monthly_return: 月份、资产、计价口径、价格、收益、成本、来源版本；case_evidence: 案例ID、事件簇、命题角色、关键事实、来源等级、页码、复核状态,限定会计分类、托管、制裁、外汇管制和合法可用性边界。,https://www.sge.com.cn/,公开GET；具体API查询参数在正式source_registry冻结；禁止认证信息落盘。,HTML表格: cheerio；正文: Readability+Markdown；动态页: 公开API/人工任务卡,06_黄金美元与储备配置/外部原件/WEB-0013__a_href=_/original.html,02_提取正文/WEB-0392/content.json,source_registry | company_overseas_exposure | country_policy_year | asset_monthly_return | case_evidence,通用交付与评分证据 | DB03 中国企业海外风险 | DB02/DB05 政策与约束 | DB04 多币种—黄金周期实验室 | DB05 决策、约束与证据中心,取得状态、内容可用性、提取状态和正式用途四态齐全；不得单独支撑核心结论。,WEB-0013,ACQUIRED,STRUCTURED_DATA,EXTRACTED,REPLACED,,A/D,使用替代来源：WEB-0013,ACQUIRED|STRUCTURED_DATA|EXTRACTED|REPLACED,2026-08-16T09:22:23.206Z
WEB-0458,20260816_research_archive_v1,DOWNLOADED_VERIFIED,6. 上海期货交易所，2013年12月，《美联储QE决策的时间纵向分析及对金价的影响》——2013年12月18日美联储宣布缩减购债,www.shfe.com.cn,05_全球周期与历史危机,D,private_only,DOCUMENT_LOCAL,asset_monthly_return: 月份、资产、计价口径、价格、收益、成本、来源版本；case_evidence: 案例ID、事件簇、命题角色、关键事实、来源等级、页码、复核状态；historical_crisis_event: 历史事件、制度环境、政策节点、起止期、可比性、黄金与美元表现；global_cycle_month: 月份、工业生产、失业、CPI、利率、利差、美元、金融条件、市场回撤、周期标签,识别全球经济周期、资产泡沫、信用危机、衰退与历史制度差异。,https://www.shfe.com.cn/upload/20140423/1398233496388.pdf,公开GET；具体API查询参数在正式source_registry冻结；禁止认证信息落盘。,pdftotext/OCR候选+页码双人复核,05_全球周期与历史危机/外部原件/WEB-0458_6._上海期货交易所，2013年12月，《美联储QE决策的时间纵向分析及对金价的影响》——2013年12月18日美联储宣布缩减购债：_/original.pdf,,asset_monthly_return | case_evidence | historical_crisis_event | global_cycle_month,DB04 多币种—黄金周期实验室 | DB05 决策、约束与证据中心 | DB06 全球周期与历史危机,取得状态、内容可用性、提取状态和正式用途四态齐全；不得单独支撑核心结论。,,ACQUIRED,DOCUMENT_LOCAL,NOT_REQUIRED,EXCLUDED,,B,补充权威替代来源；无法取得时删除相应字段和结论承诺。,ACQUIRED|DOCUMENT_LOCAL|NOT_REQUIRED|EXCLUDED,2026-08-16T09:22:23.212Z
WEB-0459,20260816_research_archive_v1,DOWNLOADED_VERIFIED,上期所研究报告,www.shfe.com.cn,08_企业案例与公开披露,D,private_only,DOCUMENT_LOCAL,company_overseas_exposure: 企业、财年、海外收入、披露地区、汇兑损益、外币资产负债、套保、现金、授信、页码；country_event: 事件ID、国家、类型、起止月、触发值、证据等级、决策时可知性；asset_monthly_return: 月份、资产、计价口径、价格、收益、成本、来源版本；portfolio_scenario: 情景、周期、权重、成本、流动性、CVaR、回撤、合法可用比例,核验企业海外收入、汇兑损益、冻结、退出和储备配置事实。,https://www.shfe.com.cn/upload/20201104/1604460652453.pdf,公开GET；具体API查询参数在正式source_registry冻结；禁止认证信息落盘。,pdftotext/OCR候选+页码双人复核,08_企业案例与公开披露/外部原件/WEB-0459_上期所研究报告/original.pdf,,company_overseas_exposure | country_event | asset_monthly_return | portfolio_scenario,DB03 中国企业海外风险 | DB02 国别与危机下钻 | DB04 多币种—黄金周期实验室 | DB04/DB05 配置与约束,取得状态、内容可用性、提取状态和正式用途四态齐全；不得单独支撑核心结论。,,ACQUIRED,DOCUMENT_LOCAL,NOT_REQUIRED,EXCLUDED,,D,补充权威替代来源；无法取得时删除相应字段和结论承诺。,ACQUIRED|DOCUMENT_LOCAL|NOT_REQUIRED|EXCLUDED,2026-08-16T09:22:23.212Z
WEB-0460,20260816_research_archive_v1,METADATA_ONLY_LICENSE,新浪财经，2025-10,www.sina.cn,08_企业案例与公开披露,C,metadata_only,NOT_ACQUIRED,company_overseas_exposure: 企业、财年、海外收入、披露地区、汇兑损益、外币资产负债、套保、现金、授信、页码；country_event: 事件ID、国家、类型、起止月、触发值、证据等级、决策时可知性；asset_monthly_return: 月份、资产、计价口径、价格、收益、成本、来源版本；portfolio_scenario: 情景、周期、权重、成本、流动性、CVaR、回撤、合法可用比例,核验企业海外收入、汇兑损益、冻结、退出和储备配置事实。,https://www.sina.cn/news/detail/5218620311077476.html,公开GET；具体API查询参数在正式source_registry冻结；禁止认证信息落盘。,HTML表格: cheerio；正文: Readability+Markdown；动态页: 公开API/人工任务卡,,,company_overseas_exposure | country_event | asset_monthly_return | portfolio_scenario,DB03 中国企业海外风险 | DB02 国别与危机下钻 | DB04 多币种—黄金周期实验室 | DB04/DB05 配置与约束,取得状态、内容可用性、提取状态和正式用途四态齐全；不得单独支撑核心结论。,,NOT_APPLICABLE,NOT_ACQUIRED,FAILED,EXCLUDED,NOT_ACQUIRED,D,仅保留元数据；正式分析改用许可允许的权威替代源。,NOT_APPLICABLE|NOT_ACQUIRED|FAILED|EXCLUDED,2026-08-16T09:22:23.212Z
WEB-0461,20260816_research_archive_v1,METADATA_ONLY_LICENSE,4. SlickCharts 据标普官方数据——标普 500 含股息年度总回报（2000：-9.10%；2001：-11.89%；2002：-22.10%）。,www.slickcharts.com,05_全球周期与历史危机,D,metadata_only,NOT_ACQUIRED,case_evidence: 案例ID、事件簇、命题角色、关键事实、来源等级、页码、复核状态；historical_crisis_event: 历史事件、制度环境、政策节点、起止期、可比性、黄金与美元表现；global_cycle_month: 月份、工业生产、失业、CPI、利率、利差、美元、金融条件、市场回撤、周期标签,识别全球经济周期、资产泡沫、信用危机、衰退与历史制度差异。,https://www.slickcharts.com/sp500/returns,公开GET；具体API查询参数在正式source_registry冻结；禁止认证信息落盘。,按MIME与用途读取,,,case_evidence | historical_crisis_event | global_cycle_month,DB05 决策、约束与证据中心 | DB06 全球周期与历史危机,取得状态、内容可用性、提取状态和正式用途四态齐全；不得单独支撑核心结论。,,NOT_APPLICABLE,NOT_ACQUIRED,FAILED,EXCLUDED,,B,仅保留元数据；正式分析改用许可允许的权威替代源。,NOT_APPLICABLE|NOT_ACQUIRED|FAILED|EXCLUDED,2026-08-16T09:22:23.212Z
WEB-0462,20260816_research_archive_v1,METADATA_ONLY_LICENSE,3 Smartbi：AIChat，,Smartbi,09_Smartbi与比赛平台,D,metadata_only,NOT_ACQUIRED,source_registry: 平台版本、导入能力、ETL、模型、AIChat、XML、评分条款,说明Smartbi数据导入、模型、看板、AIChat和资源恢复能力。,https://www.smartbi.com.cn/aichat,公开GET；具体API查询参数在正式source_registry冻结；禁止认证信息落盘。,按MIME与用途读取,,,source_registry,通用交付与评分证据,取得状态、内容可用性、提取状态和正式用途四态齐全；不得单独支撑核心结论。,,NOT_APPLICABLE,NOT_ACQUIRED,FAILED,EXCLUDED,,B,仅保留元数据；正式分析改用许可允许的权威替代源。,NOT_APPLICABLE|NOT_ACQUIRED|FAILED|EXCLUDED,2026-08-16T09:22:23.212Z
WEB-0463,20260816_research_archive_v1,METADATA_ONLY_LICENSE,4 Smartbi：V11 最新版本与能力说明，,Smartbi,09_Smartbi与比赛平台,D,metadata_only,NOT_ACQUIRED,source_registry: 平台版本、导入能力、ETL、模型、AIChat、XML、评分条款,说明Smartbi数据导入、模型、看板、AIChat和资源恢复能力。,https://www.smartbi.com.cn/newversion,公开GET；具体API查询参数在正式source_registry冻结；禁止认证信息落盘。,按MIME与用途读取,,,source_registry,通用交付与评分证据,取得状态、内容可用性、提取状态和正式用途四态齐全；不得单独支撑核心结论。,,NOT_APPLICABLE,NOT_ACQUIRED,FAILED,EXCLUDED,,B,仅保留元数据；正式分析改用许可允许的权威替代源。,NOT_APPLICABLE|NOT_ACQUIRED|FAILED|EXCLUDED,2026-08-16T09:22:23.212Z
WEB-0464,20260816_research_archive_v1,METADATA_ONLY_LICENSE,2 Smartbi：数据连接与准备，,Smartbi,09_Smartbi与比赛平台,D,metadata_only,NOT_ACQUIRED,source_registry: 平台版本、导入能力、ETL、模型、AIChat、XML、评分条款,说明Smartbi数据导入、模型、看板、AIChat和资源恢复能力。,https://www.smartbi.com.cn/prepare,公开GET；具体API查询参数在正式source_registry冻结；禁止认证信息落盘。,按MIME与用途读取,,,source_registry,通用交付与评分证据,取得状态、内容可用性、提取状态和正式用途四态齐全；不得单独支撑核心结论。,,NOT_APPLICABLE,NOT_ACQUIRED,FAILED,EXCLUDED,,B,仅保留元数据；正式分析改用许可允许的权威替代源。,NOT_APPLICABLE|NOT_ACQUIRED|FAILED|EXCLUDED,2026-08-16T09:22:23.212Z
WEB-0465,20260816_research_archive_v1,METADATA_ONLY_LICENSE,2. 法兴出售罗斯银行（1 欧元）与累计损失（约 31 亿欧元）：法兴 2022–2023 年报,www.societegenerale.com,08_企业案例与公开披露,D,metadata_only,NOT_ACQUIRED,company_overseas_exposure: 企业、财年、海外收入、披露地区、汇兑损益、外币资产负债、套保、现金、授信、页码；country_event: 事件ID、国家、类型、起止月、触发值、证据等级、决策时可知性；portfolio_scenario: 情景、周期、权重、成本、流动性、CVaR、回撤、合法可用比例；case_evidence: 案例ID、事件簇、命题角色、关键事实、来源等级、页码、复核状态,核验企业海外收入、汇兑损益、冻结、退出和储备配置事实。,https://www.societegenerale.com/,公开GET；具体API查询参数在正式source_registry冻结；禁止认证信息落盘。,按MIME与用途读取,,,company_overseas_exposure | country_event | portfolio_scenario | case_evidence,DB03 中国企业海外风险 | DB02 国别与危机下钻 | DB04/DB05 配置与约束 | DB05 决策、约束与证据中心,取得状态、内容可用性、提取状态和正式用途四态齐全；不得单独支撑核心结论。,,NOT_APPLICABLE,NOT_ACQUIRED,FAILED,EXCLUDED,,D,仅保留元数据；正式分析改用许可允许的权威替代源。,NOT_APPLICABLE|NOT_ACQUIRED|FAILED|EXCLUDED,2026-08-16T09:22:23.212Z
WEB-0466,20260816_research_archive_v1,METADATA_ONLY_LICENSE,搜狐财经引 Wind，2025-04,www.sohu.com,08_企业案例与公开披露,D,metadata_only,NOT_ACQUIRED,company_overseas_exposure: 企业、财年、海外收入、披露地区、汇兑损益、外币资产负债、套保、现金、授信、页码；country_event: 事件ID、国家、类型、起止月、触发值、证据等级、决策时可知性；asset_monthly_return: 月份、资产、计价口径、价格、收益、成本、来源版本；portfolio_scenario: 情景、周期、权重、成本、流动性、CVaR、回撤、合法可用比例,核验企业海外收入、汇兑损益、冻结、退出和储备配置事实。,https://www.sohu.com/a/890104126_121976698,公开GET；具体API查询参数在正式source_registry冻结；禁止认证信息落盘。,按MIME与用途读取,,,company_overseas_exposure | country_event | asset_monthly_return | portfolio_scenario,DB03 中国企业海外风险 | DB02 国别与危机下钻 | DB04 多币种—黄金周期实验室 | DB04/DB05 配置与约束,取得状态、内容可用性、提取状态和正式用途四态齐全；不得单独支撑核心结论。,,NOT_APPLICABLE,NOT_ACQUIRED,FAILED,EXCLUDED,,D,仅保留元数据；正式分析改用许可允许的权威替代源。,NOT_APPLICABLE|NOT_ACQUIRED|FAILED|EXCLUDED,2026-08-16T09:22:23.212Z
WEB-0467,20260816_research_archive_v1,METADATA_ONLY_LICENSE,搜狐·承兑逾期查询，2024,www.sohu.com,08_企业案例与公开披露,D,metadata_only,NOT_ACQUIRED,company_overseas_exposure: 企业、财年、海外收入、披露地区、汇兑损益、外币资产负债、套保、现金、授信、页码；country_event: 事件ID、国家、类型、起止月、触发值、证据等级、决策时可知性；asset_monthly_return: 月份、资产、计价口径、价格、收益、成本、来源版本；portfolio_scenario: 情景、周期、权重、成本、流动性、CVaR、回撤、合法可用比例,核验企业海外收入、汇兑损益、冻结、退出和储备配置事实。,https://www.sohu.com/a/969711762_789488,公开GET；具体API查询参数在正式source_registry冻结；禁止认证信息落盘。,按MIME与用途读取,,,company_overseas_exposure | country_event | asset_monthly_return | portfolio_scenario,DB03 中国企业海外风险 | DB02 国别与危机下钻 | DB04 多币种—黄金周期实验室 | DB04/DB05 配置与约束,取得状态、内容可用性、提取状态和正式用途四态齐全；不得单独支撑核心结论。,,NOT_APPLICABLE,NOT_ACQUIRED,FAILED,EXCLUDED,,D,仅保留元数据；正式分析改用许可允许的权威替代源。,NOT_APPLICABLE|NOT_ACQUIRED|FAILED|EXCLUDED,2026-08-16T09:22:23.212Z
WEB-0468,20260816_research_archive_v1,METADATA_ONLY_LICENSE,3. 标普 500 历史指数（1980–2000）：Yahoo Finance/S&P 历史数据,www.spglobal.com,05_全球周期与历史危机,D,metadata_only,NOT_ACQUIRED,asset_monthly_return: 月份、资产、计价口径、价格、收益、成本、来源版本；case_evidence: 案例ID、事件簇、命题角色、关键事实、来源等级、页码、复核状态；historical_crisis_event: 历史事件、制度环境、政策节点、起止期、可比性、黄金与美元表现；global_cycle_month: 月份、工业生产、失业、CPI、利率、利差、美元、金融条件、市场回撤、周期标签,识别全球经济周期、资产泡沫、信用危机、衰退与历史制度差异。,https://www.spglobal.com/spdji/en,公开GET；具体API查询参数在正式source_registry冻结；禁止认证信息落盘。,按MIME与用途读取,,,asset_monthly_return | case_evidence | historical_crisis_event | global_cycle_month,DB04 多币种—黄金周期实验室 | DB05 决策、约束与证据中心 | DB06 全球周期与历史危机,取得状态、内容可用性、提取状态和正式用途四态齐全；不得单独支撑核心结论。,,NOT_APPLICABLE,NOT_ACQUIRED,FAILED,EXCLUDED,,B,仅保留元数据；正式分析改用许可允许的权威替代源。,NOT_APPLICABLE|NOT_ACQUIRED|FAILED|EXCLUDED,2026-08-16T09:22:23.212Z
WEB-0469,20260816_research_archive_v1,DOWNLOADED_VERIFIED,首页 | 上海证券交易所,www.sse.com.cn,07_会计合规与制裁,D,private_only,MIXED_CONTENT,company_overseas_exposure: 企业、财年、海外收入、披露地区、汇兑损益、外币资产负债、套保、现金、授信、页码；country_policy_year: ISO3、年份、汇率制度、资本限制、汇出限制、制裁主体、有效期、原文定位；asset_monthly_return: 月份、资产、计价口径、价格、收益、成本、来源版本；case_evidence: 案例ID、事件簇、命题角色、关键事实、来源等级、页码、复核状态,限定会计分类、托管、制裁、外汇管制和合法可用性边界。,https://www.sse.com.cn/,公开GET；具体API查询参数在正式source_registry冻结；禁止认证信息落盘。,HTML表格: cheerio；正文: Readability+Markdown；动态页: 公开API/人工任务卡,07_会计合规与制裁/外部原件/WEB-0469_1._传音控股_2023_2024_年报与三季报（人民币营收、非洲占比、汇率损失）：上交所披露：_/original.html,02_提取正文/WEB-0469/content.json,company_overseas_exposure | country_policy_year | asset_monthly_return | case_evidence,DB03 中国企业海外风险 | DB02/DB05 政策与约束 | DB04 多币种—黄金周期实验室 | DB05 决策、约束与证据中心,取得状态、内容可用性、提取状态和正式用途四态齐全；不得单独支撑核心结论。,,ACQUIRED,MIXED_CONTENT,EXTRACTED,EXCLUDED,,A/D,补充权威替代来源；无法取得时删除相应字段和结论承诺。,ACQUIRED|MIXED_CONTENT|EXTRACTED|EXCLUDED,2026-08-16T09:22:23.212Z
WEB-0470,20260816_research_archive_v1,METADATA_ONLY_LICENSE,2. 希腊统计局（ELSTAT）GDP/失业率历史数据,www.statistics.gr,05_全球周期与历史危机,D,metadata_only,NOT_ACQUIRED,case_evidence: 案例ID、事件簇、命题角色、关键事实、来源等级、页码、复核状态；historical_crisis_event: 历史事件、制度环境、政策节点、起止期、可比性、黄金与美元表现；global_cycle_month: 月份、工业生产、失业、CPI、利率、利差、美元、金融条件、市场回撤、周期标签,识别全球经济周期、资产泡沫、信用危机、衰退与历史制度差异。,https://www.statistics.gr/en/home,公开GET；具体API查询参数在正式source_registry冻结；禁止认证信息落盘。,按MIME与用途读取,,,case_evidence | historical_crisis_event | global_cycle_month,DB05 决策、约束与证据中心 | DB06 全球周期与历史危机,取得状态、内容可用性、提取状态和正式用途四态齐全；不得单独支撑核心结论。,,NOT_APPLICABLE,NOT_ACQUIRED,FAILED,EXCLUDED,,B,仅保留元数据；正式分析改用许可允许的权威替代源。,NOT_APPLICABLE|NOT_ACQUIRED|FAILED|EXCLUDED,2026-08-16T09:22:23.212Z
WEB-0473,20260816_research_archive_v1,METADATA_ONLY_LICENSE,8. 圣路易斯联储经济评论《The Tequila Effect: Mexico's 1994-95 Financial Crisis》（危机传染与跨国影响综述）,www.stlouisfed.org,05_全球周期与历史危机,D,metadata_only,NOT_ACQUIRED,case_evidence: 案例ID、事件簇、命题角色、关键事实、来源等级、页码、复核状态；historical_crisis_event: 历史事件、制度环境、政策节点、起止期、可比性、黄金与美元表现；global_cycle_month: 月份、工业生产、失业、CPI、利率、利差、美元、金融条件、市场回撤、周期标签,识别全球经济周期、资产泡沫、信用危机、衰退与历史制度差异。,https://www.stlouisfed.org/publications/regional-economist,公开GET；具体API查询参数在正式source_registry冻结；禁止认证信息落盘。,按MIME与用途读取,,,case_evidence | historical_crisis_event | global_cycle_month,DB05 决策、约束与证据中心 | DB06 全球周期与历史危机,取得状态、内容可用性、提取状态和正式用途四态齐全；不得单独支撑核心结论。,,NOT_APPLICABLE,NOT_ACQUIRED,FAILED,EXCLUDED,,B,仅保留元数据；正式分析改用许可允许的权威替代源。,NOT_APPLICABLE|NOT_ACQUIRED|FAILED|EXCLUDED,2026-08-16T09:22:23.212Z
WEB-0474,20260816_research_archive_v1,METADATA_ONLY_LICENSE,6. 苏伊士运河收入下降（红海危机）：苏伊士运河管理局（SCA）年度数据,www.suezcanal.gov.eg,04_国别货币与中国出海,A,metadata_only,NOT_ACQUIRED,company_overseas_exposure: 企业、财年、海外收入、披露地区、汇兑损益、外币资产负债、套保、现金、授信、页码；country_monthly_risk: ISO3、月份、官方汇率、CPI、储备、平行汇率、发布日期、质量标记；country_policy_year: ISO3、年份、汇率制度、资本限制、汇出限制、制裁主体、有效期、原文定位；country_event: 事件ID、国家、类型、起止月、触发值、证据等级、决策时可知性；case_evidence: 案例ID、事件簇、命题角色、关键事实、来源等级、页码、复核状态,支持亚非拉国别风险、汇率、通胀、资本管制和中国投资暴露研究。,https://www.suezcanal.gov.eg/,公开GET；具体API查询参数在正式source_registry冻结；禁止认证信息落盘。,按MIME与用途读取,,,company_overseas_exposure | country_monthly_risk | country_policy_year | country_event | case_evidence,DB03 中国企业海外风险 | DB01/DB02 国别风险与危机下钻 | DB02/DB05 政策与约束 | DB02 国别与危机下钻 | DB05 决策、约束与证据中心,取得状态、内容可用性、提取状态和正式用途四态齐全；不得单独支撑核心结论。,,NOT_APPLICABLE,NOT_ACQUIRED,FAILED,EXCLUDED,,B,仅保留元数据；正式分析改用许可允许的权威替代源。,NOT_APPLICABLE|NOT_ACQUIRED|FAILED|EXCLUDED,2026-08-16T09:22:23.212Z
WEB-0475,20260816_research_archive_v1,METADATA_ONLY_LICENSE,英国最高法院 UKSC 2020/0195,www.supremecourt.uk,07_会计合规与制裁,D,metadata_only,NOT_ACQUIRED,country_monthly_risk: ISO3、月份、官方汇率、CPI、储备、平行汇率、发布日期、质量标记；country_policy_year: ISO3、年份、汇率制度、资本限制、汇出限制、制裁主体、有效期、原文定位；country_event: 事件ID、国家、类型、起止月、触发值、证据等级、决策时可知性；asset_monthly_return: 月份、资产、计价口径、价格、收益、成本、来源版本；case_evidence: 案例ID、事件簇、命题角色、关键事实、来源等级、页码、复核状态,限定会计分类、托管、制裁、外汇管制和合法可用性边界。,https://www.supremecourt.uk/cases/uksc-2020-0195,公开GET；具体API查询参数在正式source_registry冻结；禁止认证信息落盘。,按MIME与用途读取,,,country_monthly_risk | country_policy_year | country_event | asset_monthly_return | case_evidence,DB01/DB02 国别风险与危机下钻 | DB02/DB05 政策与约束 | DB02 国别与危机下钻 | DB04 多币种—黄金周期实验室 | DB05 决策、约束与证据中心,取得状态、内容可用性、提取状态和正式用途四态齐全；不得单独支撑核心结论。,,NOT_APPLICABLE,NOT_ACQUIRED,FAILED,EXCLUDED,,A/D,仅保留元数据；正式分析改用许可允许的权威替代源。,NOT_APPLICABLE|NOT_ACQUIRED|FAILED|EXCLUDED,2026-08-16T09:22:23.212Z
WEB-0476,20260816_research_archive_v1,METADATA_ONLY_LICENSE,3. 土耳其央行利率决策（2018 加息、2021 降息、2023–24 再加息）：土耳其央行（CBRT）,www.tcmb.gov.tr,04_国别货币与中国出海,A,metadata_only,NOT_ACQUIRED,country_monthly_risk: ISO3、月份、官方汇率、CPI、储备、平行汇率、发布日期、质量标记；country_policy_year: ISO3、年份、汇率制度、资本限制、汇出限制、制裁主体、有效期、原文定位；country_event: 事件ID、国家、类型、起止月、触发值、证据等级、决策时可知性；asset_monthly_return: 月份、资产、计价口径、价格、收益、成本、来源版本；case_evidence: 案例ID、事件簇、命题角色、关键事实、来源等级、页码、复核状态,支持亚非拉国别风险、汇率、通胀、资本管制和中国投资暴露研究。,https://www.tcmb.gov.tr/wps/wcm/connect/en/tcmb+en,公开GET；具体API查询参数在正式source_registry冻结；禁止认证信息落盘。,按MIME与用途读取,,,country_monthly_risk | country_policy_year | country_event | asset_monthly_return | case_evidence,DB01/DB02 国别风险与危机下钻 | DB02/DB05 政策与约束 | DB02 国别与危机下钻 | DB04 多币种—黄金周期实验室 | DB05 决策、约束与证据中心,取得状态、内容可用性、提取状态和正式用途四态齐全；不得单独支撑核心结论。,,NOT_APPLICABLE,NOT_ACQUIRED,FAILED,EXCLUDED,,B,仅保留元数据；正式分析改用许可允许的权威替代源。,NOT_APPLICABLE|NOT_ACQUIRED|FAILED|EXCLUDED,2026-08-16T09:22:23.212Z
WEB-0477,20260816_research_archive_v1,METADATA_ONLY_LICENSE,TheCable，2024,www.thecable.ng,08_企业案例与公开披露,D,metadata_only,NOT_ACQUIRED,company_overseas_exposure: 企业、财年、海外收入、披露地区、汇兑损益、外币资产负债、套保、现金、授信、页码；country_event: 事件ID、国家、类型、起止月、触发值、证据等级、决策时可知性；asset_monthly_return: 月份、资产、计价口径、价格、收益、成本、来源版本；portfolio_scenario: 情景、周期、权重、成本、流动性、CVaR、回撤、合法可用比例,核验企业海外收入、汇兑损益、冻结、退出和储备配置事实。,https://www.thecable.ng/mtn-nigeria-recorded-n740bn-fx-losses-in-2023,公开GET；具体API查询参数在正式source_registry冻结；禁止认证信息落盘。,按MIME与用途读取,,,company_overseas_exposure | country_event | asset_monthly_return | portfolio_scenario,DB03 中国企业海外风险 | DB02 国别与危机下钻 | DB04 多币种—黄金周期实验室 | DB04/DB05 配置与约束,取得状态、内容可用性、提取状态和正式用途四态齐全；不得单独支撑核心结论。,,NOT_APPLICABLE,NOT_ACQUIRED,FAILED,EXCLUDED,,D,仅保留元数据；正式分析改用许可允许的权威替代源。,NOT_APPLICABLE|NOT_ACQUIRED|FAILED|EXCLUDED,2026-08-16T09:22:23.212Z
WEB-0478,20260816_research_archive_v1,METADATA_ONLY_LICENSE,The National，2023,www.thenationalnews.com,08_企业案例与公开披露,D,metadata_only,NOT_ACQUIRED,company_overseas_exposure: 企业、财年、海外收入、披露地区、汇兑损益、外币资产负债、套保、现金、授信、页码；country_event: 事件ID、国家、类型、起止月、触发值、证据等级、决策时可知性；asset_monthly_return: 月份、资产、计价口径、价格、收益、成本、来源版本；portfolio_scenario: 情景、周期、权重、成本、流动性、CVaR、回撤、合法可用比例,核验企业海外收入、汇兑损益、冻结、退出和储备配置事实。,https://www.thenationalnews.com/business/economy/2023/01/31/lebanon-to-devalue-the-pound-by-90-central-bank-governor-says,公开GET；具体API查询参数在正式source_registry冻结；禁止认证信息落盘。,按MIME与用途读取,,,company_overseas_exposure | country_event | asset_monthly_return | portfolio_scenario,DB03 中国企业海外风险 | DB02 国别与危机下钻 | DB04 多币种—黄金周期实验室 | DB04/DB05 配置与约束,取得状态、内容可用性、提取状态和正式用途四态齐全；不得单独支撑核心结论。,,NOT_APPLICABLE,NOT_ACQUIRED,FAILED,EXCLUDED,,D,仅保留元数据；正式分析改用许可允许的权威替代源。,NOT_APPLICABLE|NOT_ACQUIRED|FAILED|EXCLUDED,2026-08-16T09:22:23.212Z
WEB-0479,20260816_research_archive_v1,METADATA_ONLY_LICENSE,"5. ""7 家企业 2024 财年汇兑损失 2.06 万亿奈拉""：THISDAY 2025-03 报道",www.thisdaylive.com,08_企业案例与公开披露,C,metadata_only,NOT_ACQUIRED,company_overseas_exposure: 企业、财年、海外收入、披露地区、汇兑损益、外币资产负债、套保、现金、授信、页码；country_monthly_risk: ISO3、月份、官方汇率、CPI、储备、平行汇率、发布日期、质量标记；country_event: 事件ID、国家、类型、起止月、触发值、证据等级、决策时可知性；portfolio_scenario: 情景、周期、权重、成本、流动性、CVaR、回撤、合法可用比例；case_evidence: 案例ID、事件簇、命题角色、关键事实、来源等级、页码、复核状态,核验企业海外收入、汇兑损益、冻结、退出和储备配置事实。,https://www.thisdaylive.com/,公开GET；具体API查询参数在正式source_registry冻结；禁止认证信息落盘。,按MIME与用途读取,,,company_overseas_exposure | country_monthly_risk | country_event | portfolio_scenario | case_evidence,DB03 中国企业海外风险 | DB01/DB02 国别风险与危机下钻 | DB02 国别与危机下钻 | DB04/DB05 配置与约束 | DB05 决策、约束与证据中心,取得状态、内容可用性、提取状态和正式用途四态齐全；不得单独支撑核心结论。,,NOT_APPLICABLE,NOT_ACQUIRED,FAILED,EXCLUDED,,D,仅保留元数据；正式分析改用许可允许的权威替代源。,NOT_APPLICABLE|NOT_ACQUIRED|FAILED|EXCLUDED,2026-08-16T09:22:23.212Z
WEB-0480,20260816_research_archive_v1,METADATA_ONLY_LICENSE,THISDAY，2025,www.thisdaylive.com,08_企业案例与公开披露,C,metadata_only,NOT_ACQUIRED,company_overseas_exposure: 企业、财年、海外收入、披露地区、汇兑损益、外币资产负债、套保、现金、授信、页码；country_event: 事件ID、国家、类型、起止月、触发值、证据等级、决策时可知性；asset_monthly_return: 月份、资产、计价口径、价格、收益、成本、来源版本；portfolio_scenario: 情景、周期、权重、成本、流动性、CVaR、回撤、合法可用比例,核验企业海外收入、汇兑损益、冻结、退出和储备配置事实。,https://www.thisdaylive.com/2025/03/10/naira-devaluation-mtn-nestle-dangote-cement-others-suffer-n2-06trn-fx-losses,公开GET；具体API查询参数在正式source_registry冻结；禁止认证信息落盘。,按MIME与用途读取,,,company_overseas_exposure | country_event | asset_monthly_return | portfolio_scenario,DB03 中国企业海外风险 | DB02 国别与危机下钻 | DB04 多币种—黄金周期实验室 | DB04/DB05 配置与约束,取得状态、内容可用性、提取状态和正式用途四态齐全；不得单独支撑核心结论。,,NOT_APPLICABLE,NOT_ACQUIRED,FAILED,EXCLUDED,,D,仅保留元数据；正式分析改用许可允许的权威替代源。,NOT_APPLICABLE|NOT_ACQUIRED|FAILED|EXCLUDED,2026-08-16T09:22:23.212Z
WEB-0481,20260816_research_archive_v1,METADATA_ONLY_LICENSE,2. 土耳其 CPI（2018-10 峰值 25.2%、2022-10 峰值 85.5%）：土耳其统计局（TURKSTAT）,www.tuik.gov.tr,04_国别货币与中国出海,A,metadata_only,NOT_ACQUIRED,country_monthly_risk: ISO3、月份、官方汇率、CPI、储备、平行汇率、发布日期、质量标记；country_policy_year: ISO3、年份、汇率制度、资本限制、汇出限制、制裁主体、有效期、原文定位；country_event: 事件ID、国家、类型、起止月、触发值、证据等级、决策时可知性；case_evidence: 案例ID、事件簇、命题角色、关键事实、来源等级、页码、复核状态,支持亚非拉国别风险、汇率、通胀、资本管制和中国投资暴露研究。,https://www.tuik.gov.tr/,公开GET；具体API查询参数在正式source_registry冻结；禁止认证信息落盘。,按MIME与用途读取,,,country_monthly_risk | country_policy_year | country_event | case_evidence,DB01/DB02 国别风险与危机下钻 | DB02/DB05 政策与约束 | DB02 国别与危机下钻 | DB05 决策、约束与证据中心,取得状态、内容可用性、提取状态和正式用途四态齐全；不得单独支撑核心结论。,,NOT_APPLICABLE,NOT_ACQUIRED,FAILED,EXCLUDED,,B,仅保留元数据；正式分析改用许可允许的权威替代源。,NOT_APPLICABLE|NOT_ACQUIRED|FAILED|EXCLUDED,2026-08-16T09:22:23.212Z
WEB-0482,20260816_research_archive_v1,METADATA_ONLY_LICENSE,4. 苏丹黄金产量（非洲第三、约 50–70 吨/年）：美国地质调查局（USGS）矿物年鉴,www.usgs.gov,07_会计合规与制裁,A,metadata_only,NOT_ACQUIRED,country_policy_year: ISO3、年份、汇率制度、资本限制、汇出限制、制裁主体、有效期、原文定位；asset_monthly_return: 月份、资产、计价口径、价格、收益、成本、来源版本；case_evidence: 案例ID、事件簇、命题角色、关键事实、来源等级、页码、复核状态,限定会计分类、托管、制裁、外汇管制和合法可用性边界。,https://www.usgs.gov/centers/national-minerals-information-center,公开GET；具体API查询参数在正式source_registry冻结；禁止认证信息落盘。,按MIME与用途读取,,,country_policy_year | asset_monthly_return | case_evidence,DB02/DB05 政策与约束 | DB04 多币种—黄金周期实验室 | DB05 决策、约束与证据中心,取得状态、内容可用性、提取状态和正式用途四态齐全；不得单独支撑核心结论。,,NOT_APPLICABLE,NOT_ACQUIRED,FAILED,EXCLUDED,,A/D,仅保留元数据；正式分析改用许可允许的权威替代源。,NOT_APPLICABLE|NOT_ACQUIRED|FAILED|EXCLUDED,2026-08-16T09:22:23.212Z
WEB-0483,20260816_research_archive_v1,METADATA_ONLY_LICENSE,5. U.S. Money Reserve，《How Does Silver Perform in a Recession?》，2024年（白银2008年2月末19.24美元→10月末9.09美元），,www.usmoneyreserve.com,05_全球周期与历史危机,D,metadata_only,NOT_ACQUIRED,asset_monthly_return: 月份、资产、计价口径、价格、收益、成本、来源版本；case_evidence: 案例ID、事件簇、命题角色、关键事实、来源等级、页码、复核状态；historical_crisis_event: 历史事件、制度环境、政策节点、起止期、可比性、黄金与美元表现；global_cycle_month: 月份、工业生产、失业、CPI、利率、利差、美元、金融条件、市场回撤、周期标签,识别全球经济周期、资产泡沫、信用危机、衰退与历史制度差异。,https://www.usmoneyreserve.com/news/executive-insights/how-silver-performs-recession,公开GET；具体API查询参数在正式source_registry冻结；禁止认证信息落盘。,按MIME与用途读取,,,asset_monthly_return | case_evidence | historical_crisis_event | global_cycle_month,DB04 多币种—黄金周期实验室 | DB05 决策、约束与证据中心 | DB06 全球周期与历史危机,取得状态、内容可用性、提取状态和正式用途四态齐全；不得单独支撑核心结论。,,NOT_APPLICABLE,NOT_ACQUIRED,FAILED,EXCLUDED,,B,仅保留元数据；正式分析改用许可允许的权威替代源。,NOT_APPLICABLE|NOT_ACQUIRED|FAILED|EXCLUDED,2026-08-16T09:22:23.212Z
WEB-0484,20260816_research_archive_v1,METADATA_ONLY_LICENSE,路透社 Factbox，2023,www.usnews.com,07_会计合规与制裁,D,metadata_only,NOT_ACQUIRED,country_policy_year: ISO3、年份、汇率制度、资本限制、汇出限制、制裁主体、有效期、原文定位；asset_monthly_return: 月份、资产、计价口径、价格、收益、成本、来源版本,限定会计分类、托管、制裁、外汇管制和合法可用性边界。,https://www.usnews.com/news/world/articles/2023-12-28/factbox-what-and-where-are-russias-300-billion-in-reserves-frozen-in-the-west,公开GET；具体API查询参数在正式source_registry冻结；禁止认证信息落盘。,按MIME与用途读取,,,country_policy_year | asset_monthly_return,DB02/DB05 政策与约束 | DB04 多币种—黄金周期实验室,取得状态、内容可用性、提取状态和正式用途四态齐全；不得单独支撑核心结论。,,NOT_APPLICABLE,NOT_ACQUIRED,FAILED,EXCLUDED,,A/D,仅保留元数据；正式分析改用许可允许的权威替代源。,NOT_APPLICABLE|NOT_ACQUIRED|FAILED|EXCLUDED,2026-08-16T09:22:23.212Z
WEB-0485,20260816_research_archive_v1,METADATA_ONLY_LICENSE,www.whitehouse.gov 来源资料（WEB-0485）,www.whitehouse.gov,06_黄金美元与储备配置,A,metadata_only,NOT_ACQUIRED,asset_monthly_return: 月份、资产、计价口径、价格、收益、成本、来源版本；portfolio_scenario: 情景、周期、权重、成本、流动性、CVaR、回撤、合法可用比例,比较美元、短债、黄金、人民币资产与套保工具的周期性作用。,https://www.whitehouse.gov/presidential-actions/2025/04/regulating-imports-with-a-reciprocal-tariff-to-rectify-trade-practices-that-contribute-to-large-and-persistent-annual-united-states-goods-trade-deficits,公开GET；具体API查询参数在正式source_registry冻结；禁止认证信息落盘。,按MIME与用途读取,,,asset_monthly_return | portfolio_scenario,DB04 多币种—黄金周期实验室 | DB04/DB05 配置与约束,取得状态、内容可用性、提取状态和正式用途四态齐全；不得单独支撑核心结论。,,NOT_APPLICABLE,NOT_ACQUIRED,FAILED,EXCLUDED,,B,仅保留元数据；正式分析改用许可允许的权威替代源。,NOT_APPLICABLE|NOT_ACQUIRED|FAILED|EXCLUDED,2026-08-16T09:22:23.212Z
WEB-0486,20260816_research_archive_v1,METADATA_ONLY_LICENSE,www.whitehouse.gov 来源资料（WEB-0486）,www.whitehouse.gov,06_黄金美元与储备配置,A,metadata_only,NOT_ACQUIRED,asset_monthly_return: 月份、资产、计价口径、价格、收益、成本、来源版本；portfolio_scenario: 情景、周期、权重、成本、流动性、CVaR、回撤、合法可用比例,比较美元、短债、黄金、人民币资产与套保工具的周期性作用。,https://www.whitehouse.gov/releases/2026/01/wide-acclaim-for-president-trumps-nomination-of-kevin-warsh-as-fed-chair,公开GET；具体API查询参数在正式source_registry冻结；禁止认证信息落盘。,按MIME与用途读取,,,asset_monthly_return | portfolio_scenario,DB04 多币种—黄金周期实验室 | DB04/DB05 配置与约束,取得状态、内容可用性、提取状态和正式用途四态齐全；不得单独支撑核心结论。,,NOT_APPLICABLE,NOT_ACQUIRED,FAILED,EXCLUDED,,B,仅保留元数据；正式分析改用许可允许的权威替代源。,NOT_APPLICABLE|NOT_ACQUIRED|FAILED|EXCLUDED,2026-08-16T09:22:23.212Z
WEB-0487,20260816_research_archive_v1,METADATA_ONLY_LICENSE,www.whitehouse.gov 来源资料（WEB-0487）,www.whitehouse.gov,06_黄金美元与储备配置,A,metadata_only,NOT_ACQUIRED,asset_monthly_return: 月份、资产、计价口径、价格、收益、成本、来源版本；portfolio_scenario: 情景、周期、权重、成本、流动性、CVaR、回撤、合法可用比例,比较美元、短债、黄金、人民币资产与套保工具的周期性作用。,https://www.whitehouse.gov/releases/2026/04/peace-through-strength-operation-epic-fury-crushes-iranian-threat-as-ceasefire-takes-hold,公开GET；具体API查询参数在正式source_registry冻结；禁止认证信息落盘。,按MIME与用途读取,,,asset_monthly_return | portfolio_scenario,DB04 多币种—黄金周期实验室 | DB04/DB05 配置与约束,取得状态、内容可用性、提取状态和正式用途四态齐全；不得单独支撑核心结论。,,NOT_APPLICABLE,NOT_ACQUIRED,FAILED,EXCLUDED,,B,仅保留元数据；正式分析改用许可允许的权威替代源。,NOT_APPLICABLE|NOT_ACQUIRED|FAILED|EXCLUDED,2026-08-16T09:22:23.212Z
WEB-0488,20260816_research_archive_v1,METADATA_ONLY_LICENSE,www.who.int 来源资料（WEB-0488）,www.who.int,06_黄金美元与储备配置,D,metadata_only,NOT_ACQUIRED,asset_monthly_return: 月份、资产、计价口径、价格、收益、成本、来源版本；portfolio_scenario: 情景、周期、权重、成本、流动性、CVaR、回撤、合法可用比例,比较美元、短债、黄金、人民币资产与套保工具的周期性作用。,https://www.who.int/director-general/speeches/detail/who-director-general-s-o,公开GET；具体API查询参数在正式source_registry冻结；禁止认证信息落盘。,按MIME与用途读取,,,asset_monthly_return | portfolio_scenario,DB04 多币种—黄金周期实验室 | DB04/DB05 配置与约束,取得状态、内容可用性、提取状态和正式用途四态齐全；不得单独支撑核心结论。,,NOT_APPLICABLE,NOT_ACQUIRED,FAILED,EXCLUDED,,B,仅保留元数据；正式分析改用许可允许的权威替代源。,NOT_APPLICABLE|NOT_ACQUIRED|FAILED|EXCLUDED,2026-08-16T09:22:23.212Z
WEB-0489,20260816_research_archive_v1,METADATA_ONLY_LICENSE,www.who.int 来源资料（WEB-0489）,www.who.int,06_黄金美元与储备配置,D,metadata_only,NOT_ACQUIRED,asset_monthly_return: 月份、资产、计价口径、价格、收益、成本、来源版本；portfolio_scenario: 情景、周期、权重、成本、流动性、CVaR、回撤、合法可用比例,比较美元、短债、黄金、人民币资产与套保工具的周期性作用。,https://www.who.int/director-general/speeches/detail/who-director-general-s-opening-remarks-at-the-media-briefing-on-covid-19---11-march-2020,公开GET；具体API查询参数在正式source_registry冻结；禁止认证信息落盘。,按MIME与用途读取,,,asset_monthly_return | portfolio_scenario,DB04 多币种—黄金周期实验室 | DB04/DB05 配置与约束,取得状态、内容可用性、提取状态和正式用途四态齐全；不得单独支撑核心结论。,,NOT_APPLICABLE,NOT_ACQUIRED,FAILED,EXCLUDED,,B,仅保留元数据；正式分析改用许可允许的权威替代源。,NOT_APPLICABLE|NOT_ACQUIRED|FAILED|EXCLUDED,2026-08-16T09:22:23.212Z
WEB-0490,20260816_research_archive_v1,METADATA_ONLY_LICENSE,www.who.int 来源资料（WEB-0490）,www.who.int,06_黄金美元与储备配置,D,metadata_only,NOT_ACQUIRED,asset_monthly_return: 月份、资产、计价口径、价格、收益、成本、来源版本；portfolio_scenario: 情景、周期、权重、成本、流动性、CVaR、回撤、合法可用比例,比较美元、短债、黄金、人民币资产与套保工具的周期性作用。,https://www.who.int/news-room/speeches/item/who-director-general-s-opening-remarks-at-the-media-briefing-on-covid-19---11-march-2020,公开GET；具体API查询参数在正式source_registry冻结；禁止认证信息落盘。,按MIME与用途读取,,,asset_monthly_return | portfolio_scenario,DB04 多币种—黄金周期实验室 | DB04/DB05 配置与约束,取得状态、内容可用性、提取状态和正式用途四态齐全；不得单独支撑核心结论。,,NOT_APPLICABLE,NOT_ACQUIRED,FAILED,EXCLUDED,,B,仅保留元数据；正式分析改用许可允许的权威替代源。,NOT_APPLICABLE|NOT_ACQUIRED|FAILED|EXCLUDED,2026-08-16T09:22:23.212Z
WEB-0491,20260816_research_archive_v1,METADATA_ONLY_LICENSE,Wisconsin Project，2025,www.wisconsinproject.org,07_会计合规与制裁,D,metadata_only,NOT_ACQUIRED,country_monthly_risk: ISO3、月份、官方汇率、CPI、储备、平行汇率、发布日期、质量标记；country_policy_year: ISO3、年份、汇率制度、资本限制、汇出限制、制裁主体、有效期、原文定位；country_event: 事件ID、国家、类型、起止月、触发值、证据等级、决策时可知性；asset_monthly_return: 月份、资产、计价口径、价格、收益、成本、来源版本；case_evidence: 案例ID、事件簇、命题角色、关键事实、来源等级、页码、复核状态,限定会计分类、托管、制裁、外汇管制和合法可用性边界。,https://www.wisconsinproject.org/major-turkish-bank-prosecuted-in-unprecedented-iran-sanctions-evasion-case,公开GET；具体API查询参数在正式source_registry冻结；禁止认证信息落盘。,按MIME与用途读取,,,country_monthly_risk | country_policy_year | country_event | asset_monthly_return | case_evidence,DB01/DB02 国别风险与危机下钻 | DB02/DB05 政策与约束 | DB02 国别与危机下钻 | DB04 多币种—黄金周期实验室 | DB05 决策、约束与证据中心,取得状态、内容可用性、提取状态和正式用途四态齐全；不得单独支撑核心结论。,,NOT_APPLICABLE,NOT_ACQUIRED,FAILED,EXCLUDED,,A/D,仅保留元数据；正式分析改用许可允许的权威替代源。,NOT_APPLICABLE|NOT_ACQUIRED|FAILED|EXCLUDED,2026-08-16T09:22:23.212Z
WEB-0499,20260816_research_archive_v1,METADATA_ONLY_LICENSE,盈科律所贷后风控要点,www.yingkelvshi.net,08_企业案例与公开披露,D,metadata_only,NOT_ACQUIRED,company_overseas_exposure: 企业、财年、海外收入、披露地区、汇兑损益、外币资产负债、套保、现金、授信、页码；country_event: 事件ID、国家、类型、起止月、触发值、证据等级、决策时可知性；asset_monthly_return: 月份、资产、计价口径、价格、收益、成本、来源版本；portfolio_scenario: 情景、周期、权重、成本、流动性、CVaR、回撤、合法可用比例,核验企业海外收入、汇兑损益、冻结、退出和储备配置事实。,https://www.yingkelvshi.net/show-m.asp?id=2947,公开GET；具体API查询参数在正式source_registry冻结；禁止认证信息落盘。,按MIME与用途读取,,,company_overseas_exposure | country_event | asset_monthly_return | portfolio_scenario,DB03 中国企业海外风险 | DB02 国别与危机下钻 | DB04 多币种—黄金周期实验室 | DB04/DB05 配置与约束,取得状态、内容可用性、提取状态和正式用途四态齐全；不得单独支撑核心结论。,,NOT_APPLICABLE,NOT_ACQUIRED,FAILED,EXCLUDED,,D,仅保留元数据；正式分析改用许可允许的权威替代源。,NOT_APPLICABLE|NOT_ACQUIRED|FAILED|EXCLUDED,2026-08-16T09:22:23.213Z
WEB-0500,20260816_research_archive_v1,METADATA_ONLY_LICENSE,中国清算网典型案例，2021,www.yunqingsuan.com,08_企业案例与公开披露,D,metadata_only,NOT_ACQUIRED,company_overseas_exposure: 企业、财年、海外收入、披露地区、汇兑损益、外币资产负债、套保、现金、授信、页码；country_event: 事件ID、国家、类型、起止月、触发值、证据等级、决策时可知性；asset_monthly_return: 月份、资产、计价口径、价格、收益、成本、来源版本；portfolio_scenario: 情景、周期、权重、成本、流动性、CVaR、回撤、合法可用比例,核验企业海外收入、汇兑损益、冻结、退出和储备配置事实。,https://www.yunqingsuan.com/html/yqs/news/63/87563.html,公开GET；具体API查询参数在正式source_registry冻结；禁止认证信息落盘。,HTML表格: cheerio；正文: Readability+Markdown；动态页: 公开API/人工任务卡,,,company_overseas_exposure | country_event | asset_monthly_return | portfolio_scenario,DB03 中国企业海外风险 | DB02 国别与危机下钻 | DB04 多币种—黄金周期实验室 | DB04/DB05 配置与约束,取得状态、内容可用性、提取状态和正式用途四态齐全；不得单独支撑核心结论。,,NOT_APPLICABLE,NOT_ACQUIRED,FAILED,EXCLUDED,NOT_ACQUIRED,D,仅保留元数据；正式分析改用许可允许的权威替代源。,NOT_APPLICABLE|NOT_ACQUIRED|FAILED|EXCLUDED,2026-08-16T09:22:23.213Z
WEB-0501,20260816_research_archive_v1,METADATA_ONLY_LICENSE,Research Affiliates，2021,www.zhitongcaijing.com,08_企业案例与公开披露,D,metadata_only,NOT_ACQUIRED,company_overseas_exposure: 企业、财年、海外收入、披露地区、汇兑损益、外币资产负债、套保、现金、授信、页码；country_event: 事件ID、国家、类型、起止月、触发值、证据等级、决策时可知性；asset_monthly_return: 月份、资产、计价口径、价格、收益、成本、来源版本；portfolio_scenario: 情景、周期、权重、成本、流动性、CVaR、回撤、合法可用比例,核验企业海外收入、汇兑损益、冻结、退出和储备配置事实。,https://www.zhitongcaijing.com/content/detail/491607.html,公开GET；具体API查询参数在正式source_registry冻结；禁止认证信息落盘。,HTML表格: cheerio；正文: Readability+Markdown；动态页: 公开API/人工任务卡,,,company_overseas_exposure | country_event | asset_monthly_return | portfolio_scenario,DB03 中国企业海外风险 | DB02 国别与危机下钻 | DB04 多币种—黄金周期实验室 | DB04/DB05 配置与约束,取得状态、内容可用性、提取状态和正式用途四态齐全；不得单独支撑核心结论。,,NOT_APPLICABLE,NOT_ACQUIRED,FAILED,EXCLUDED,NOT_ACQUIRED,D,仅保留元数据；正式分析改用许可允许的权威替代源。,NOT_APPLICABLE|NOT_ACQUIRED|FAILED|EXCLUDED,2026-08-16T09:22:23.213Z
WEB-0502,20260816_research_archive_v1,METADATA_ONLY_LICENSE,北京日报，2025-02,xinwen.bjd.com.cn,08_企业案例与公开披露,D,metadata_only,NOT_ACQUIRED,company_overseas_exposure: 企业、财年、海外收入、披露地区、汇兑损益、外币资产负债、套保、现金、授信、页码；country_event: 事件ID、国家、类型、起止月、触发值、证据等级、决策时可知性；asset_monthly_return: 月份、资产、计价口径、价格、收益、成本、来源版本；portfolio_scenario: 情景、周期、权重、成本、流动性、CVaR、回撤、合法可用比例,核验企业海外收入、汇兑损益、冻结、退出和储备配置事实。,https://xinwen.bjd.com.cn/content/s67a5ceb2e4b08edd28f4c180.html,公开GET；具体API查询参数在正式source_registry冻结；禁止认证信息落盘。,HTML表格: cheerio；正文: Readability+Markdown；动态页: 公开API/人工任务卡,,,company_overseas_exposure | country_event | asset_monthly_return | portfolio_scenario,DB03 中国企业海外风险 | DB02 国别与危机下钻 | DB04 多币种—黄金周期实验室 | DB04/DB05 配置与约束,取得状态、内容可用性、提取状态和正式用途四态齐全；不得单独支撑核心结论。,,NOT_APPLICABLE,NOT_ACQUIRED,FAILED,EXCLUDED,NOT_ACQUIRED,D,仅保留元数据；正式分析改用许可允许的权威替代源。,NOT_APPLICABLE|NOT_ACQUIRED|FAILED|EXCLUDED,2026-08-16T09:22:23.213Z
WEB-0503,20260816_research_archive_v1,METADATA_ONLY_LICENSE,雪球研究，2025,xueqiu.com,08_企业案例与公开披露,D,metadata_only,NOT_ACQUIRED,company_overseas_exposure: 企业、财年、海外收入、披露地区、汇兑损益、外币资产负债、套保、现金、授信、页码；country_event: 事件ID、国家、类型、起止月、触发值、证据等级、决策时可知性；asset_monthly_return: 月份、资产、计价口径、价格、收益、成本、来源版本；portfolio_scenario: 情景、周期、权重、成本、流动性、CVaR、回撤、合法可用比例,核验企业海外收入、汇兑损益、冻结、退出和储备配置事实。,https://xueqiu.com/1859186301/332846795,公开GET；具体API查询参数在正式source_registry冻结；禁止认证信息落盘。,按MIME与用途读取,,,company_overseas_exposure | country_event | asset_monthly_return | portfolio_scenario,DB03 中国企业海外风险 | DB02 国别与危机下钻 | DB04 多币种—黄金周期实验室 | DB04/DB05 配置与约束,取得状态、内容可用性、提取状态和正式用途四态齐全；不得单独支撑核心结论。,,NOT_APPLICABLE,NOT_ACQUIRED,FAILED,EXCLUDED,,D,仅保留元数据；正式分析改用许可允许的权威替代源。,NOT_APPLICABLE|NOT_ACQUIRED|FAILED|EXCLUDED,2026-08-16T09:22:23.213Z
WEB-0504,20260816_research_archive_v1,METADATA_ONLY_LICENSE,金融监管总局数据，2026,xueqiu.com,08_企业案例与公开披露,D,metadata_only,NOT_ACQUIRED,company_overseas_exposure: 企业、财年、海外收入、披露地区、汇兑损益、外币资产负债、套保、现金、授信、页码；country_event: 事件ID、国家、类型、起止月、触发值、证据等级、决策时可知性；asset_monthly_return: 月份、资产、计价口径、价格、收益、成本、来源版本；portfolio_scenario: 情景、周期、权重、成本、流动性、CVaR、回撤、合法可用比例,核验企业海外收入、汇兑损益、冻结、退出和储备配置事实。,https://xueqiu.com/3145432369/377457302,公开GET；具体API查询参数在正式source_registry冻结；禁止认证信息落盘。,按MIME与用途读取,,,company_overseas_exposure | country_event | asset_monthly_return | portfolio_scenario,DB03 中国企业海外风险 | DB02 国别与危机下钻 | DB04 多币种—黄金周期实验室 | DB04/DB05 配置与约束,取得状态、内容可用性、提取状态和正式用途四态齐全；不得单独支撑核心结论。,,NOT_APPLICABLE,NOT_ACQUIRED,FAILED,EXCLUDED,,D,仅保留元数据；正式分析改用许可允许的权威替代源。,NOT_APPLICABLE|NOT_ACQUIRED|FAILED|EXCLUDED,2026-08-16T09:22:23.213Z
WEB-0505,20260816_research_archive_v1,METADATA_ONLY_LICENSE,监管指引整理,xueqiu.com,08_企业案例与公开披露,D,metadata_only,NOT_ACQUIRED,company_overseas_exposure: 企业、财年、海外收入、披露地区、汇兑损益、外币资产负债、套保、现金、授信、页码；country_event: 事件ID、国家、类型、起止月、触发值、证据等级、决策时可知性；asset_monthly_return: 月份、资产、计价口径、价格、收益、成本、来源版本；portfolio_scenario: 情景、周期、权重、成本、流动性、CVaR、回撤、合法可用比例,核验企业海外收入、汇兑损益、冻结、退出和储备配置事实。,https://xueqiu.com/3410678413/223931252,公开GET；具体API查询参数在正式source_registry冻结；禁止认证信息落盘。,按MIME与用途读取,,,company_overseas_exposure | country_event | asset_monthly_return | portfolio_scenario,DB03 中国企业海外风险 | DB02 国别与危机下钻 | DB04 多币种—黄金周期实验室 | DB04/DB05 配置与约束,取得状态、内容可用性、提取状态和正式用途四态齐全；不得单独支撑核心结论。,,NOT_APPLICABLE,NOT_ACQUIRED,FAILED,EXCLUDED,,D,仅保留元数据；正式分析改用许可允许的权威替代源。,NOT_APPLICABLE|NOT_ACQUIRED|FAILED|EXCLUDED,2026-08-16T09:22:23.213Z
WEB-0506,20260816_research_archive_v1,METADATA_ONLY_LICENSE,证券时报·数据宝，2021,xueqiu.com,08_企业案例与公开披露,D,metadata_only,NOT_ACQUIRED,company_overseas_exposure: 企业、财年、海外收入、披露地区、汇兑损益、外币资产负债、套保、现金、授信、页码；country_event: 事件ID、国家、类型、起止月、触发值、证据等级、决策时可知性；asset_monthly_return: 月份、资产、计价口径、价格、收益、成本、来源版本；portfolio_scenario: 情景、周期、权重、成本、流动性、CVaR、回撤、合法可用比例,核验企业海外收入、汇兑损益、冻结、退出和储备配置事实。,https://xueqiu.com/6089013236/178955965,公开GET；具体API查询参数在正式source_registry冻结；禁止认证信息落盘。,按MIME与用途读取,,,company_overseas_exposure | country_event | asset_monthly_return | portfolio_scenario,DB03 中国企业海外风险 | DB02 国别与危机下钻 | DB04 多币种—黄金周期实验室 | DB04/DB05 配置与约束,取得状态、内容可用性、提取状态和正式用途四态齐全；不得单独支撑核心结论。,,NOT_APPLICABLE,NOT_ACQUIRED,FAILED,EXCLUDED,,D,仅保留元数据；正式分析改用许可允许的权威替代源。,NOT_APPLICABLE|NOT_ACQUIRED|FAILED|EXCLUDED,2026-08-16T09:22:23.213Z
WEB-0507,20260816_research_archive_v1,METADATA_ONLY_LICENSE,xueshu.baidu.com 来源资料（WEB-0507）,xueshu.baidu.com,06_黄金美元与储备配置,D,metadata_only,NOT_ACQUIRED,asset_monthly_return: 月份、资产、计价口径、价格、收益、成本、来源版本；portfolio_scenario: 情景、周期、权重、成本、流动性、CVaR、回撤、合法可用比例,比较美元、短债、黄金、人民币资产与套保工具的周期性作用。,https://xueshu.baidu.com/ndscholar/browse/detail?paperid=a3f467ded7447d54b618d2c3335d37f3&site=xueshu_se,公开GET；具体API查询参数在正式source_registry冻结；禁止认证信息落盘。,按MIME与用途读取,,,asset_monthly_return | portfolio_scenario,DB04 多币种—黄金周期实验室 | DB04/DB05 配置与约束,取得状态、内容可用性、提取状态和正式用途四态齐全；不得单独支撑核心结论。,,NOT_APPLICABLE,NOT_ACQUIRED,FAILED,EXCLUDED,,B,仅保留元数据；正式分析改用许可允许的权威替代源。,NOT_APPLICABLE|NOT_ACQUIRED|FAILED|EXCLUDED,2026-08-16T09:22:23.213Z
REF-0001,20260816_research_archive_v1,MANUAL_ACTION_REQUIRED,40国候选样本数据接口预审记录,题录发布者待核验,07_会计合规与制裁,D,metadata_only,NOT_ACQUIRED,country_policy_year: ISO3、年份、汇率制度、资本限制、汇出限制、制裁主体、有效期、原文定位,限定会计分类、托管、制裁、外汇管制和合法可用性边界。,,公开GET；具体API查询参数在正式source_registry冻结；禁止认证信息落盘。,按MIME与用途读取,,,country_policy_year,DB02/DB05 政策与约束,取得状态、内容可用性、提取状态和正式用途四态齐全；不得单独支撑核心结论。,,NOT_APPLICABLE,NOT_ACQUIRED,FAILED,EXCLUDED,无URL/DOI题录，未自动下载。,A/D,按人工任务卡接受条款或完成机构授权后重新验收。,NOT_APPLICABLE|NOT_ACQUIRED|FAILED|EXCLUDED,2026-08-16T09:22:23.213Z
