"archive_asset_id","archive_run_id","download_status","evidence_grade","redistribution_scope","local_path","sha256","replacement_source","target_table","reuse_decision","revalidation_required"
"LCL-0001","20260816_research_archive_v1","EXCLUDED_SECRET","内部","metadata_only","","7a4e96f90a2023d863091f0af8b77d34e645a4995be456daacb74dc2b94fbc99","","source_registry","EXCLUDE_FROM_ALL_PACKAGES","NOT_APPLICABLE"
"LCL-0002","20260816_research_archive_v1","ALREADY_LOCAL_VERIFIED","A","shared","01_比赛与项目基线/本地原件/02数据创新平台.pdf","633a1bad02eb6bbc88b06960a6409f6eea6b2f3f9b24a645d653f55aa33e8e00","","source_registry","REUSE_AFTER_FIELD_AND_CLAIM_CHECK","YES_BEFORE_FORMAL_MODEL_USE"
"LCL-0003","20260816_research_archive_v1","ALREADY_LOCAL_VERIFIED","内部","shared","03_案例库与证据/本地原件/案例库/地缘冲突与制裁篇/01_2022俄乌冲突-外储冻结/案例档案.md","38ca61de31aa3259853a3a9ddf8f731ff127fa831e7b9996a9cdb3224bdb7357","","case_evidence|historical_crisis_event","REUSE_AS_CONTEXT_AFTER_CHECK","YES_BEFORE_FORMAL_MODEL_USE"
"LCL-0004","20260816_research_archive_v1","ALREADY_LOCAL_VERIFIED","内部","shared","03_案例库与证据/本地原件/案例库/地缘冲突与制裁篇/02_2022俄罗斯黄金制裁免疫/案例档案.md","e2444232ad868b3695fc26bece3b20e0bbf3b775a4e008b7b6423387bc7d6c58","","case_evidence|historical_crisis_event","REUSE_AS_CONTEXT_AFTER_CHECK","YES_BEFORE_FORMAL_MODEL_USE"
"LCL-0005","20260816_research_archive_v1","ALREADY_LOCAL_VERIFIED","内部","shared","03_案例库与证据/本地原件/案例库/地缘冲突与制裁篇/03_2024以色列-伊朗冲突/案例档案.md","8ecdfc4fa6a231bd29f6910da7493d973cae89f7f71d11864522218f0cfc696e","","case_evidence|historical_crisis_event","REUSE_AS_CONTEXT_AFTER_CHECK","YES_BEFORE_FORMAL_MODEL_USE"
"LCL-0006","20260816_research_archive_v1","ALREADY_LOCAL_VERIFIED","内部","shared","03_案例库与证据/本地原件/案例库/地缘冲突与制裁篇/04_2012-2013土耳其-伊朗黄金换天然气/案例档案.md","d057d8669e89b23b30914046bc2456f01b961cc5309c340c232658e8ac3ba693","","case_evidence|historical_crisis_event","REUSE_AS_CONTEXT_AFTER_CHECK","YES_BEFORE_FORMAL_MODEL_USE"
"LCL-0007","20260816_research_archive_v1","ALREADY_LOCAL_VERIFIED","内部","shared","03_案例库与证据/本地原件/案例库/地缘冲突与制裁篇/05_2019委内瑞拉伦敦黄金冻结/案例档案.md","1f80da0956f174443d8424d31f058e18b6992a37d3530362b29bcff965028a22","","case_evidence|historical_crisis_event","REUSE_AS_CONTEXT_AFTER_CHECK","YES_BEFORE_FORMAL_MODEL_USE"
"LCL-0008","20260816_research_archive_v1","ALREADY_LOCAL_VERIFIED","内部","shared","03_案例库与证据/本地原件/案例库/地缘冲突与制裁篇/06_2014克里米亚危机-卢布暴跌/案例档案.md","2abedfa0bc2bb4b73717366ac63a19e217295a93ac323fcd98f58a96625840ef","","case_evidence|historical_crisis_event","REUSE_AS_CONTEXT_AFTER_CHECK","YES_BEFORE_FORMAL_MODEL_USE"
"LCL-0009","20260816_research_archive_v1","ALREADY_LOCAL_VERIFIED","内部","shared","03_案例库与证据/本地原件/案例库/地缘冲突与制裁篇/07_2018特朗普对伊制裁/案例档案.md","b13566a822205feaa32841ca66c1fd957f1fe190bf5cfe86fcec538e2d49548c","","case_evidence|historical_crisis_event","REUSE_AS_CONTEXT_AFTER_CHECK","YES_BEFORE_FORMAL_MODEL_USE"
"LCL-0010","20260816_research_archive_v1","ALREADY_LOCAL_VERIFIED","内部","shared","03_案例库与证据/本地原件/案例库/地缘冲突与制裁篇/08_2023苏丹内战黄金经济/案例档案.md","9534ba2c0b824032ed9abfcea5c0fd3db8262d05c14348fc91563d5c0aa27c10","","case_evidence|historical_crisis_event","REUSE_AS_CONTEXT_AFTER_CHECK","YES_BEFORE_FORMAL_MODEL_USE"
"LCL-0011","20260816_research_archive_v1","ALREADY_LOCAL_VERIFIED","内部","shared","03_案例库与证据/本地原件/案例库/调研方向与跨国企业筛选报告.md","be0edfc04bfff8569793ca7f38258694192c192ca55accffb6dd3b253f9138ad","","case_evidence|historical_crisis_event","REUSE_AS_CONTEXT_AFTER_CHECK","YES_BEFORE_FORMAL_MODEL_USE"
"LCL-0012","20260816_research_archive_v1","ALREADY_LOCAL_VERIFIED","内部","shared","03_案例库与证据/本地原件/案例库/宏观危机篇/01_1929大萧条/案例档案.md","957431b19084505f08005bbeee7927dfd21d0a0c473409b517142ea82e00cf92","","case_evidence|historical_crisis_event","REUSE_AS_CONTEXT_AFTER_CHECK","YES_BEFORE_FORMAL_MODEL_USE"
"LCL-0013","20260816_research_archive_v1","ALREADY_LOCAL_VERIFIED","内部","shared","03_案例库与证据/本地原件/案例库/宏观危机篇/02_1933罗斯福黄金新政/案例档案.md","41c175c310fa25d47387304827f48cfaa455bf36835c16ae315400ca68587274","","case_evidence|historical_crisis_event","REUSE_AS_CONTEXT_AFTER_CHECK","YES_BEFORE_FORMAL_MODEL_USE"
"LCL-0014","20260816_research_archive_v1","ALREADY_LOCAL_VERIFIED","内部","shared","03_案例库与证据/本地原件/案例库/宏观危机篇/03_1971布雷顿森林解体/案例档案.md","60cf5753a3aea3ea5f4ef82eb3031587a39509722f38a9b86a451d2685d40f10","","case_evidence|historical_crisis_event","REUSE_AS_CONTEXT_AFTER_CHECK","YES_BEFORE_FORMAL_MODEL_USE"
"LCL-0015","20260816_research_archive_v1","ALREADY_LOCAL_VERIFIED","内部","shared","03_案例库与证据/本地原件/案例库/宏观危机篇/04_1973-1980滞胀大牛市/案例档案.md","0c1aaedf791fe58dead1c9f122b52f95a682fdba0d2b63e9f71c48f169e7d087","","case_evidence|historical_crisis_event","REUSE_AS_CONTEXT_AFTER_CHECK","YES_BEFORE_FORMAL_MODEL_USE"
"LCL-0016","20260816_research_archive_v1","ALREADY_LOCAL_VERIFIED","内部","shared","03_案例库与证据/本地原件/案例库/宏观危机篇/06_1987黑色星期一/案例档案.md","636509e5f9c15a3b4e02ecbf00ba93ebb5e62d6811f2ddd2838c1eeca200b113","","case_evidence|historical_crisis_event","REUSE_AS_CONTEXT_AFTER_CHECK","YES_BEFORE_FORMAL_MODEL_USE"
"LCL-0017","20260816_research_archive_v1","ALREADY_LOCAL_VERIFIED","内部","shared","03_案例库与证据/本地原件/案例库/宏观危机篇/07_1997亚洲金融危机/案例档案.md","46a87119a61e3db5bbaeb6d675567fab247db48663ced81ded9031084d3ca78d","","case_evidence|historical_crisis_event","REUSE_AS_CONTEXT_AFTER_CHECK","YES_BEFORE_FORMAL_MODEL_USE"
"LCL-0018","20260816_research_archive_v1","ALREADY_LOCAL_VERIFIED","内部","shared","03_案例库与证据/本地原件/案例库/宏观危机篇/08_2000互联网泡沫/案例档案.md","4bdebdb6a3168476ab6369fe8d86331bae90e2c7108bba85ee17410c3fc3c7f8","","case_evidence|historical_crisis_event","REUSE_AS_CONTEXT_AFTER_CHECK","YES_BEFORE_FORMAL_MODEL_USE"
"LCL-0019","20260816_research_archive_v1","ALREADY_LOCAL_VERIFIED","内部","shared","03_案例库与证据/本地原件/案例库/宏观危机篇/09_2008全球金融危机/案例档案.md","22426a399cbebdf82f29c0e1eaf6e68ca064377bc61652494d8476e0877ab9b9","","case_evidence|historical_crisis_event","REUSE_AS_CONTEXT_AFTER_CHECK","YES_BEFORE_FORMAL_MODEL_USE"
"LCL-0020","20260816_research_archive_v1","ALREADY_LOCAL_VERIFIED","内部","shared","03_案例库与证据/本地原件/案例库/宏观危机篇/10_1990日本资产泡沫破裂/案例档案.md","e98534562a7563247fcaae993ad008ac6fc44de3e7fa9a70a551ac739e1c378e","","case_evidence|historical_crisis_event","REUSE_AS_CONTEXT_AFTER_CHECK","YES_BEFORE_FORMAL_MODEL_USE"
"LCL-0021","20260816_research_archive_v1","ALREADY_LOCAL_VERIFIED","内部","shared","03_案例库与证据/本地原件/案例库/宏观危机篇/11_1994墨西哥龙舌兰危机/案例档案.md","e4eb351fdcd1418ec31d724c1a48ab4db0b3ae2822b2183353cdc682f081182c","","case_evidence|historical_crisis_event","REUSE_AS_CONTEXT_AFTER_CHECK","YES_BEFORE_FORMAL_MODEL_USE"
"LCL-0022","20260816_research_archive_v1","ALREADY_LOCAL_VERIFIED","内部","shared","03_案例库与证据/本地原件/案例库/宏观危机篇/11_2013黄金暴跌（反面案例）/案例档案.md","38d5d21f2096ca496954e7dcf5b8d45785d8b61b249149cc877622bc40c31aa5","","case_evidence|historical_crisis_event","REUSE_AS_CONTEXT_AFTER_CHECK","YES_BEFORE_FORMAL_MODEL_USE"
"LCL-0023","20260816_research_archive_v1","ALREADY_LOCAL_VERIFIED","内部","shared","03_案例库与证据/本地原件/案例库/宏观危机篇/12_1998俄罗斯金融危机/案例档案.md","57c13ca0555fb0fc44e43e8c083d6dcc0b9ee065b5a243615f2bf02d1debf67b","","case_evidence|historical_crisis_event","REUSE_AS_CONTEXT_AFTER_CHECK","YES_BEFORE_FORMAL_MODEL_USE"
"LCL-0024","20260816_research_archive_v1","ALREADY_LOCAL_VERIFIED","内部","shared","03_案例库与证据/本地原件/案例库/宏观危机篇/13_2001阿根廷债务危机/案例档案.md","8267298becbfdecdfa572bc34c8f7015eff68d87b37331d58ac9255aa1d6037f","","case_evidence|historical_crisis_event","REUSE_AS_CONTEXT_AFTER_CHECK","YES_BEFORE_FORMAL_MODEL_USE"
"LCL-0025","20260816_research_archive_v1","ALREADY_LOCAL_VERIFIED","内部","shared","03_案例库与证据/本地原件/案例库/宏观危机篇/14_2010欧洲主权债务危机/案例档案.md","b27e887e2ffb6fbc007314dbc8c6bf4a2cbea98cb76de09739dd7d97c2bfcf45","","case_evidence|historical_crisis_event","REUSE_AS_CONTEXT_AFTER_CHECK","YES_BEFORE_FORMAL_MODEL_USE"
"LCL-0026","20260816_research_archive_v1","ALREADY_LOCAL_VERIFIED","内部","shared","03_案例库与证据/本地原件/案例库/宏观危机篇/15_2020疫情全球市场崩盘/案例档案.md","d21febed31c850aab61f9e2cf48107dcdad9e7e07277c17addb5e47be22721ff","","case_evidence|historical_crisis_event","REUSE_AS_CONTEXT_AFTER_CHECK","YES_BEFORE_FORMAL_MODEL_USE"
"LCL-0027","20260816_research_archive_v1","ALREADY_LOCAL_VERIFIED","内部","shared","03_案例库与证据/本地原件/案例库/宏观危机篇/16_2022美联储激进加息周期/案例档案.md","77f24ccb455a254f69286b92f59dfb957c8cb2ad7ad8488207a40cf80e613b11","","case_evidence|historical_crisis_event","REUSE_AS_CONTEXT_AFTER_CHECK","YES_BEFORE_FORMAL_MODEL_USE"
"LCL-0028","20260816_research_archive_v1","ALREADY_LOCAL_VERIFIED","内部","shared","03_案例库与证据/本地原件/案例库/宏观危机篇/17_1980-2000黄金熊市_反面案例/案例档案.md","d92d60172efe85bada598866efa8fc42c7c64ad23880c5dc5424d531d569f207","","case_evidence|historical_crisis_event","REUSE_AS_CONTEXT_AFTER_CHECK","YES_BEFORE_FORMAL_MODEL_USE"
"LCL-0029","20260816_research_archive_v1","ALREADY_LOCAL_VERIFIED","内部","shared","03_案例库与证据/本地原件/案例库/货币崩溃篇/01_1923魏玛德国恶性通胀/案例档案.md","f34a4641742966560eac4994f896f32377e74cf851530e2e51ad0ea244d8a6f6","","case_evidence|historical_crisis_event","REUSE_AS_CONTEXT_AFTER_CHECK","YES_BEFORE_FORMAL_MODEL_USE"
"LCL-0030","20260816_research_archive_v1","ALREADY_LOCAL_VERIFIED","内部","shared","03_案例库与证据/本地原件/案例库/货币崩溃篇/02_2008津巴布韦恶性通胀/案例档案.md","ff098f04bd6fbf7a37b53188a75cffc3e3a87bc9d513a5cb6e51762df9b3d6c3","","case_evidence|historical_crisis_event","REUSE_AS_CONTEXT_AFTER_CHECK","YES_BEFORE_FORMAL_MODEL_USE"
"LCL-0031","20260816_research_archive_v1","ALREADY_LOCAL_VERIFIED","内部","shared","03_案例库与证据/本地原件/案例库/货币崩溃篇/03_2015-2021委内瑞拉玻利瓦尔/案例档案.md","72556782a7a38430e3e41d195b2a1d078a91505d1e5627deee3adab87c7c747a","","case_evidence|historical_crisis_event","REUSE_AS_CONTEXT_AFTER_CHECK","YES_BEFORE_FORMAL_MODEL_USE"
"LCL-0032","20260816_research_archive_v1","ALREADY_LOCAL_VERIFIED","内部","shared","03_案例库与证据/本地原件/案例库/货币崩溃篇/04_2018土耳其里拉危机/案例档案.md","547c9d7278800bda1e49ebcd5c413fb44a490199a5ef18153090919efdb52212","","case_evidence|historical_crisis_event","REUSE_AS_CONTEXT_AFTER_CHECK","YES_BEFORE_FORMAL_MODEL_USE"
"LCL-0033","20260816_research_archive_v1","ALREADY_LOCAL_VERIFIED","内部","shared","03_案例库与证据/本地原件/案例库/货币崩溃篇/05_2019-2023黎巴嫩镑崩溃/案例档案.md","dea2e3120bf55e879cc9c7243d2ca2c8040b97d1d19eecaaa6040752c8dce8c1","","case_evidence|historical_crisis_event","REUSE_AS_CONTEXT_AFTER_CHECK","YES_BEFORE_FORMAL_MODEL_USE"
"LCL-0034","20260816_research_archive_v1","ALREADY_LOCAL_VERIFIED","内部","shared","03_案例库与证据/本地原件/案例库/货币崩溃篇/06_2022-2024尼日利亚奈拉崩溃/案例档案.md","c676fc774e9f49c55769451058253fb211303c5bd26dea5d3617dadcd884121a","","case_evidence|historical_crisis_event","REUSE_AS_CONTEXT_AFTER_CHECK","YES_BEFORE_FORMAL_MODEL_USE"
"LCL-0035","20260816_research_archive_v1","ALREADY_LOCAL_VERIFIED","内部","shared","03_案例库与证据/本地原件/案例库/货币崩溃篇/07_2022-2024埃及镑贬值/案例档案.md","25abdbce17628fda39125f440080675ea49ef5d80ccb47136cc6b4cd99ecc456","","case_evidence|historical_crisis_event","REUSE_AS_CONTEXT_AFTER_CHECK","YES_BEFORE_FORMAL_MODEL_USE"
"LCL-0036","20260816_research_archive_v1","ALREADY_LOCAL_VERIFIED","内部","shared","03_案例库与证据/本地原件/案例库/货币崩溃篇/08_2010-2025伊朗里亚尔/案例档案.md","5b0b15bba05447c6260579521e3b79e694378bbd1d4fb917002aec93447e4525","","case_evidence|historical_crisis_event","REUSE_AS_CONTEXT_AFTER_CHECK","YES_BEFORE_FORMAL_MODEL_USE"
"LCL-0037","20260816_research_archive_v1","ALREADY_LOCAL_VERIFIED","内部","shared","03_案例库与证据/本地原件/案例库/货币崩溃篇/09_2023-2024阿根廷比索危机/案例档案.md","af8a8be173e55c69a061d17635cb8f9d29360174ffc019ca1a02c2a034ce017b","","case_evidence|historical_crisis_event","REUSE_AS_CONTEXT_AFTER_CHECK","YES_BEFORE_FORMAL_MODEL_USE"
"LCL-0038","20260816_research_archive_v1","ALREADY_LOCAL_VERIFIED","内部","shared","03_案例库与证据/本地原件/案例库/货币崩溃篇/10_1998俄罗斯卢布危机/案例档案.md","95092cf2c9a439299add44aa7397c2ab17320549fd544996691483f5850b31d5","","case_evidence|historical_crisis_event","REUSE_AS_CONTEXT_AFTER_CHECK","YES_BEFORE_FORMAL_MODEL_USE"
"LCL-0039","20260816_research_archive_v1","ALREADY_LOCAL_VERIFIED","内部","shared","03_案例库与证据/本地原件/案例库/微观企业篇/01_MTN尼日利亚/案例档案.md","3e8562d7f2430a9784c9e38eedd4541a278849bf66907e4c2984cd00394363d3","","case_evidence|historical_crisis_event","REUSE_AS_CONTEXT_AFTER_CHECK","YES_BEFORE_FORMAL_MODEL_USE"
"LCL-0040","20260816_research_archive_v1","ALREADY_LOCAL_VERIFIED","内部","shared","03_案例库与证据/本地原件/案例库/微观企业篇/02_雀巢尼日利亚/案例档案.md","df56673629223d3ed6ff685757ab7582ba2f3f414e68673dd851b481f0c51fe4","","case_evidence|historical_crisis_event","REUSE_AS_CONTEXT_AFTER_CHECK","YES_BEFORE_FORMAL_MODEL_USE"
"LCL-0041","20260816_research_archive_v1","ALREADY_LOCAL_VERIFIED","内部","shared","03_案例库与证据/本地原件/案例库/微观企业篇/03_ABInBev阿根廷/案例档案.md","bb37d9c9f676f8b9787f7e3879f8eabe247b64f1054713338dd96a5fad6a8db8","","case_evidence|historical_crisis_event","REUSE_AS_CONTEXT_AFTER_CHECK","YES_BEFORE_FORMAL_MODEL_USE"
"LCL-0042","20260816_research_archive_v1","ALREADY_LOCAL_VERIFIED","内部","shared","03_案例库与证据/本地原件/案例库/微观企业篇/04_传音控股/案例档案.md","5e9a59c62da3cb61058c8228f190fe9d6dd25bdb57f5809ff184b2f2c7114acd","","case_evidence|historical_crisis_event","REUSE_AS_CONTEXT_AFTER_CHECK","YES_BEFORE_FORMAL_MODEL_USE"
"LCL-0043","20260816_research_archive_v1","ALREADY_LOCAL_VERIFIED","内部","shared","03_案例库与证据/本地原件/案例库/微观企业篇/05_华为/案例档案.md","4179be7f02249498fa10ff8d5f4d764aea2516a44b886ecfb1a167b94207e21f","","case_evidence|historical_crisis_event","REUSE_AS_CONTEXT_AFTER_CHECK","YES_BEFORE_FORMAL_MODEL_USE"
"LCL-0044","20260816_research_archive_v1","ALREADY_LOCAL_VERIFIED","内部","shared","03_案例库与证据/本地原件/案例库/微观企业篇/06_雷诺法兴俄罗斯退出/案例档案.md","ec8c0df254eccec274ca653b9262554bd98dec52d68d0e56a284932782b7e47d","","case_evidence|historical_crisis_event","REUSE_AS_CONTEXT_AFTER_CHECK","YES_BEFORE_FORMAL_MODEL_USE"
"LCL-0045","20260816_research_archive_v1","ALREADY_LOCAL_VERIFIED","内部","shared","03_案例库与证据/本地原件/案例库/微观企业篇/07_IATA航司被困资金/案例档案.md","4d7670c31db201f252d1019b39e5704ab0489e1dd609f99a05bfb6ca90460204","","case_evidence|historical_crisis_event","REUSE_AS_CONTEXT_AFTER_CHECK","YES_BEFORE_FORMAL_MODEL_USE"
"LCL-0046","20260816_research_archive_v1","ALREADY_LOCAL_VERIFIED","内部","shared","03_案例库与证据/本地原件/案例库/微观企业篇/08_Palantir黑天鹅黄金/案例档案.md","5ffebe5c13edc33cf009e1cb653c8a42a438b99ba5e7b4defaea0c839f1a22ba","","case_evidence|historical_crisis_event","REUSE_AS_CONTEXT_AFTER_CHECK","YES_BEFORE_FORMAL_MODEL_USE"
"LCL-0047","20260816_research_archive_v1","ALREADY_LOCAL_VERIFIED","内部","shared","03_案例库与证据/本地原件/案例库/微观企业篇/09_Tether黄金储备/案例档案.md","bd6ff04a06f0ba260392c74350a38ca8a9ce9e34a11c5c3da42fa68bd39c7230","","case_evidence|historical_crisis_event","REUSE_AS_CONTEXT_AFTER_CHECK","YES_BEFORE_FORMAL_MODEL_USE"
"LCL-0048","20260816_research_archive_v1","ALREADY_LOCAL_VERIFIED","内部","shared","03_案例库与证据/本地原件/案例库/微观企业篇/10_中国黄金会计错配_反面/案例档案.md","d83dfd7c8f2fa7efe070a80465d5813824a087e7f4baf7ec1969b67e90b4ee57","","case_evidence|historical_crisis_event","REUSE_AS_CONTEXT_AFTER_CHECK","YES_BEFORE_FORMAL_MODEL_USE"
"LCL-0049","20260816_research_archive_v1","ALREADY_LOCAL_VERIFIED","内部","shared","03_案例库与证据/本地原件/案例库/README_案例库总览.md","f1e4bf31de5a03501bf477c95f8be48bb860115589ab8c464abbf21cd89379cc","","case_evidence|historical_crisis_event","REUSE_AS_CONTEXT_AFTER_CHECK","YES_BEFORE_FORMAL_MODEL_USE"
"LCL-0050","20260816_research_archive_v1","ALREADY_LOCAL_VERIFIED","内部","shared","02_方案演进与调研报告/本地原件/方案整合与实施路径/方案整合与实施路径.pdf","88a7b97b7afd4bcda622d0cf510c7d772a2e1a8891fc3273d48965e036051ff8","","source_registry","REUSE_AS_CONTEXT_AFTER_CHECK","YES_BEFORE_FORMAL_MODEL_USE"
"LCL-0051","20260816_research_archive_v1","ALREADY_LOCAL_VERIFIED","内部","shared","02_方案演进与调研报告/本地原件/方案整合与实施路径/方案整合与实施路径.tex","43c046224dbfe9a6fba1b674f16937469f6f5313587b491864aa8ea80a7ef740","","source_registry","REUSE_AS_CONTEXT_AFTER_CHECK","YES_BEFORE_FORMAL_MODEL_USE"
"LCL-0052","20260816_research_archive_v1","ALREADY_LOCAL_VERIFIED","内部","shared","02_方案演进与调研报告/本地原件/方案整合与实施路径/build/方案整合与实施路径.pdf","038613ed2177f92bf58b02c872c3ccefe3671eefbbf4ae6e36551fd0af86ffbf","","source_registry","REUSE_AS_CONTEXT_AFTER_CHECK","YES_BEFORE_FORMAL_MODEL_USE"
"LCL-0053","20260816_research_archive_v1","ALREADY_LOCAL_VERIFIED","内部","shared","02_方案演进与调研报告/本地原件/计划书/01_项目可行性研究与参赛方案书.pdf","42f7992ea729ec4589013232c9d1d1b782f3aa70b8d3f44df6f180a86b5e3815","","source_registry","REUSE_AS_CONTEXT_AFTER_CHECK","YES_BEFORE_FORMAL_MODEL_USE"
"LCL-0054","20260816_research_archive_v1","ALREADY_LOCAL_VERIFIED","内部","shared","02_方案演进与调研报告/本地原件/计划书/01_项目可行性研究与参赛方案书.tex","6c7d13e45b64e9db6e6fb712ad610ae9931e13f59ea645d61b667ba577375a91","","source_registry","REUSE_AS_CONTEXT_AFTER_CHECK","YES_BEFORE_FORMAL_MODEL_USE"
"LCL-0055","20260816_research_archive_v1","ALREADY_LOCAL_VERIFIED","内部","shared","02_方案演进与调研报告/本地原件/计划书/02_项目执行与协作手册.pdf","540d8960b43c2b101c231dc96dc44c82bb0ac4be57990983e9ee037f3ca51807","","source_registry","REUSE_AS_CONTEXT_AFTER_CHECK","YES_BEFORE_FORMAL_MODEL_USE"
"LCL-0056","20260816_research_archive_v1","ALREADY_LOCAL_VERIFIED","内部","shared","02_方案演进与调研报告/本地原件/计划书/02_项目执行与协作手册.tex","8eef1e280ff443b2da39cf68de499d64b417fb5a960bcc1d2fd279d2311276bd","","source_registry","REUSE_AS_CONTEXT_AFTER_CHECK","YES_BEFORE_FORMAL_MODEL_USE"
"LCL-0057","20260816_research_archive_v1","ALREADY_LOCAL_VERIFIED","内部","shared","02_方案演进与调研报告/本地原件/计划书/03_多币种流动性与黄金战略储备周期配置计划书.pdf","b79b704b604e4c325b87ec06b8648655b112f6d13db8131e10072836b90de63f","","source_registry","REUSE_AS_CONTEXT_AFTER_CHECK","YES_BEFORE_FORMAL_MODEL_USE"
"LCL-0058","20260816_research_archive_v1","ALREADY_LOCAL_VERIFIED","内部","shared","02_方案演进与调研报告/本地原件/计划书/03_多币种流动性与黄金战略储备周期配置计划书.tex","797bbb635ba521647a7e0f693072c51876b1dca2d444cbb783812bccadd86587","","source_registry","REUSE_AS_CONTEXT_AFTER_CHECK","YES_BEFORE_FORMAL_MODEL_USE"
"LCL-0059","20260816_research_archive_v1","ALREADY_LOCAL_VERIFIED","内部","shared","02_方案演进与调研报告/本地原件/计划书/04_亚非拉国别风险与多币种储备智能决策平台总计划书.pdf","b7de5841fb32949c2d732ffaf9c1488129bdf67262c5f1582cf8e7e5c7808e07","","source_registry","REUSE_AS_CONTEXT_AFTER_CHECK","YES_BEFORE_FORMAL_MODEL_USE"
"LCL-0060","20260816_research_archive_v1","ALREADY_LOCAL_VERIFIED","内部","shared","02_方案演进与调研报告/本地原件/计划书/04_亚非拉国别风险与多币种储备智能决策平台总计划书.tex","b995764d6208f736317ad9a8fa72c56a105fb79ed54f9a04c9ae5e8b026fd56a","","source_registry","REUSE_AS_CONTEXT_AFTER_CHECK","YES_BEFORE_FORMAL_MODEL_USE"
"LCL-0061","20260816_research_archive_v1","ALREADY_LOCAL_VERIFIED","内部","shared","02_方案演进与调研报告/本地原件/计划书/05_全球经济周期与亚非拉国别风险多币种储备智能决策平台总计划书.pdf","1e8cb0972e07006264dfbc577f2be7b8749e8bc37a2c2cd40c4a47bdef855b0a","","source_registry","REUSE_AS_CONTEXT_AFTER_CHECK","YES_BEFORE_FORMAL_MODEL_USE"
"LCL-0062","20260816_research_archive_v1","ALREADY_LOCAL_VERIFIED","内部","shared","02_方案演进与调研报告/本地原件/计划书/05_全球经济周期与亚非拉国别风险多币种储备智能决策平台总计划书.tex","17b6c8dce3637ba949c1583ff2d7f788053b3591ca3b1987f49956b99d79c293","","source_registry","REUSE_AS_CONTEXT_AFTER_CHECK","YES_BEFORE_FORMAL_MODEL_USE"
"LCL-0063","20260816_research_archive_v1","ALREADY_LOCAL_VERIFIED","内部","shared","02_方案演进与调研报告/本地原件/计划书/飞书兼容_Mermaid_项目实施与数据采集全景图_预览.png","77d10ec3570889fe99489585404284555d7a7ba0058c848952edb49657493c72","","source_registry","REUSE_AS_CONTEXT_AFTER_CHECK","YES_BEFORE_FORMAL_MODEL_USE"
"LCL-0064","20260816_research_archive_v1","ALREADY_LOCAL_VERIFIED","内部","shared","02_方案演进与调研报告/本地原件/计划书/飞书兼容_Mermaid_项目实施与数据采集全景图.mmd","29f1d9c703e077fec2db8f332c5ebb112daa90ba8ddd4cdb73bc88f23366bcab","","source_registry","REUSE_AS_CONTEXT_AFTER_CHECK","YES_BEFORE_FORMAL_MODEL_USE"
"LCL-0065","20260816_research_archive_v1","ALREADY_LOCAL_VERIFIED","内部","shared","02_方案演进与调研报告/本地原件/计划书/飞书兼容_Mermaid_项目实施与数据采集全景图.svg","66f1c1a910bdbb50d2649ec78bdecb1eed1f22361ff8f72b92a8f7d7e16cd83b","","source_registry","REUSE_AS_CONTEXT_AFTER_CHECK","YES_BEFORE_FORMAL_MODEL_USE"
"LCL-0066","20260816_research_archive_v1","ALREADY_LOCAL_VERIFIED","内部","shared","02_方案演进与调研报告/本地原件/计划书/飞书兼容_Mermaid_V3.0_数据采集处理与Smartbi落地全流程_预览.png","c7319fa95831f06e5a54c447125201296112e42c580ac16db6cc05aa40d3b95a","","source_registry","REUSE_AS_CONTEXT_AFTER_CHECK","YES_BEFORE_FORMAL_MODEL_USE"
"LCL-0067","20260816_research_archive_v1","ALREADY_LOCAL_VERIFIED","内部","shared","02_方案演进与调研报告/本地原件/计划书/飞书兼容_Mermaid_V3.0_数据采集处理与Smartbi落地全流程.mmd","711cc530a4726cebdb0db425f2ea961deae6b8e4b44dfb0e127bf0859aa04192","","source_registry","REUSE_AS_CONTEXT_AFTER_CHECK","YES_BEFORE_FORMAL_MODEL_USE"
"LCL-0068","20260816_research_archive_v1","ALREADY_LOCAL_VERIFIED","内部","shared","02_方案演进与调研报告/本地原件/计划书/飞书兼容_Mermaid_V3.0_数据采集处理与Smartbi落地全流程.svg","85b22d183d1e48bcc5362f0c6f803bdea1f2d776ceeb31230e332ca8aba1f5c1","","source_registry","REUSE_AS_CONTEXT_AFTER_CHECK","YES_BEFORE_FORMAL_MODEL_USE"
"LCL-0069","20260816_research_archive_v1","ALREADY_LOCAL_VERIFIED","内部","shared","02_方案演进与调研报告/本地原件/计划书/飞书兼容_Mermaid_V4.0_全球经济周期与系统性危机全流程_预览.png","7b38aba0e33678157c6eb49a3a350d3013af4c2f4abd5a522ca30fe8018da762","","source_registry","REUSE_AS_CONTEXT_AFTER_CHECK","YES_BEFORE_FORMAL_MODEL_USE"
"LCL-0070","20260816_research_archive_v1","ALREADY_LOCAL_VERIFIED","内部","shared","02_方案演进与调研报告/本地原件/计划书/飞书兼容_Mermaid_V4.0_全球经济周期与系统性危机全流程.mmd","c89d3beea7406f701a5684d2fece05bb2a26b4afe312b1e09c28d15e7a4a72f1","","source_registry","REUSE_AS_CONTEXT_AFTER_CHECK","YES_BEFORE_FORMAL_MODEL_USE"
"LCL-0071","20260816_research_archive_v1","ALREADY_LOCAL_VERIFIED","内部","shared","02_方案演进与调研报告/本地原件/计划书/飞书兼容_Mermaid_V4.0_全球经济周期与系统性危机全流程.svg","bf2c79bf71a4a369a91734d3a3317fe6ec1a3e86c2e10687cb1e646af5ca2d6c","","source_registry","REUSE_AS_CONTEXT_AFTER_CHECK","YES_BEFORE_FORMAL_MODEL_USE"
"LCL-0072","20260816_research_archive_v1","ALREADY_LOCAL_VERIFIED","内部","shared","02_方案演进与调研报告/本地原件/计划书/planbook-style.tex","4465cd19bbae7f0f6c33c3fe6cdb1bbaa53fe04e34cf1efec3eb342bbad80b8c","","source_registry","REUSE_AS_CONTEXT_AFTER_CHECK","YES_BEFORE_FORMAL_MODEL_USE"
"LCL-0073","20260816_research_archive_v1","ALREADY_LOCAL_VERIFIED","内部","shared","02_方案演进与调研报告/本地原件/计划书/references.bib","325b8b87a60a4ff17ed3c01c3292399a7a9422c06aca871cf9afdb0813289991","","source_registry","REUSE_AS_CONTEXT_AFTER_CHECK","YES_BEFORE_FORMAL_MODEL_USE"
"LCL-0074","20260816_research_archive_v1","ALREADY_LOCAL_VERIFIED","内部","shared","02_方案演进与调研报告/本地原件/跨国公司黄金硬通货需求调研报告.md","bcb10c72d994d999b3aaa6dc1d3197fa6f0d5ecabf9b4a2da6e21fde25037491","","source_registry","REUSE_AS_CONTEXT_AFTER_CHECK","YES_BEFORE_FORMAL_MODEL_USE"
"LCL-0075","20260816_research_archive_v1","ALREADY_LOCAL_VERIFIED","内部","shared","02_方案演进与调研报告/本地原件/命题可行性验证报告.md","0a8d768ea14dd9944e1b993c24d5485c9ae737fc0e80a6b49186efe45244f27d","","source_registry","REUSE_AS_CONTEXT_AFTER_CHECK","YES_BEFORE_FORMAL_MODEL_USE"
"LCL-0076","20260816_research_archive_v1","ALREADY_LOCAL_VERIFIED","内部","shared","02_方案演进与调研报告/本地原件/企业资产配置调研报告.md","9ca9ea8832c040e297e965bc2e240a223feee726c68b6014f1ec132dda1973a1","","source_registry","REUSE_AS_CONTEXT_AFTER_CHECK","YES_BEFORE_FORMAL_MODEL_USE"
"LCL-0077","20260816_research_archive_v1","ALREADY_LOCAL_VERIFIED","内部","shared","01_比赛与项目基线/本地原件/生成评分标准表.mjs","e8d5e0d960916c03fee75e9a280892b0394e141f6e225c379249fd09cf0a7b1e","","source_registry","REUSE_AS_CONTEXT_AFTER_CHECK","YES_BEFORE_FORMAL_MODEL_USE"
"LCL-0078","20260816_research_archive_v1","ALREADY_LOCAL_VERIFIED","内部","shared","02_方案演进与调研报告/本地原件/题意符合性评估报告.md","40274261ec4d1021388476b44058f22d4f3d0b6f505d14efc1fe52b9ac6a173b","","source_registry","REUSE_AS_CONTEXT_AFTER_CHECK","YES_BEFORE_FORMAL_MODEL_USE"
"LCL-0079","20260816_research_archive_v1","ALREADY_LOCAL_VERIFIED","内部","shared","01_比赛与项目基线/本地原件/预览_硬性要求与评分标准.png","09a7f53344f9eb2b7fc114a8b7d80c998169a295f4c258e5869388033021263a","","source_registry","REUSE_AS_CONTEXT_AFTER_CHECK","YES_BEFORE_FORMAL_MODEL_USE"
"LCL-0080","20260816_research_archive_v1","ALREADY_LOCAL_VERIFIED","内部","shared","01_比赛与项目基线/本地原件/预览_整体流程.png","5d383508c56d3ab9e811c6bf5faf8b29ebe6c01c6a44cf66ccac474cac83e13e","","source_registry","REUSE_AS_CONTEXT_AFTER_CHECK","YES_BEFORE_FORMAL_MODEL_USE"
"LCL-0081","20260816_research_archive_v1","ALREADY_LOCAL_VERIFIED","内部","metadata_only","","1fb652f5341c2aec01521263af61d99a144a6384170612d91c4095563a0d44c9","","source_registry","REUSE_AS_CONTEXT_AFTER_CHECK","YES_BEFORE_FORMAL_MODEL_USE"
"LCL-0082","20260816_research_archive_v1","ALREADY_LOCAL_VERIFIED","内部","shared","10_数据集原件与说明/本地原件/最终数据/最终数据/outputs/019f56e7-91fe-7a43-b1d0-ae50e45c9d0c/黄金价格传导链因素与时序数据_20260724.xlsx","d09e495884da50027fb68164f11858d6760fb2bdf6504bccc8cc751e921127fd","","source_registry|country_monthly_risk|asset_monthly_return|global_cycle_month","REUSE_AS_CONTEXT_AFTER_CHECK","YES_BEFORE_FORMAL_MODEL_USE"
"LCL-0083","20260816_research_archive_v1","ALREADY_LOCAL_VERIFIED","内部","private_only","10_数据集原件与说明/本地原件/最终数据/最终数据/outputs/019f56e7-91fe-7a43-b1d0-ae50e45c9d0c/黄金价格传导链因素与时序数据_20260724.xlsx.inspect.ndjson","19079124b4bf9620aaaa826251d336fb2f6bc88b23a112934c8d5bc1c0c3a717","","source_registry|country_monthly_risk|asset_monthly_return|global_cycle_month","LOCAL_ONLY_REUSE_AFTER_FIELD_CHECK","YES_BEFORE_FORMAL_MODEL_USE"
"LCL-0084","20260816_research_archive_v1","ALREADY_LOCAL_VERIFIED","内部","shared","10_数据集原件与说明/本地原件/最终数据/最终数据/outputs/019f56e7-91fe-7a43-b1d0-ae50e45c9d0c/金银价格波动影响因素与时序数据_20260726.xlsx","07a6f506c6d3bdbb92a64107b7d4bdefae27e0217343fbd40256f9bd7cb2a892","","source_registry|country_monthly_risk|asset_monthly_return|global_cycle_month","REUSE_AS_CONTEXT_AFTER_CHECK","YES_BEFORE_FORMAL_MODEL_USE"
"LCL-0085","20260816_research_archive_v1","ALREADY_LOCAL_VERIFIED","内部","private_only","10_数据集原件与说明/本地原件/最终数据/最终数据/outputs/019f56e7-91fe-7a43-b1d0-ae50e45c9d0c/金银价格波动影响因素与时序数据_20260726.xlsx.inspect.ndjson","207ab603f76ec588066120b57d2265c823c38c1b0b467fbc734e11dc3b37ca65","","source_registry|country_monthly_risk|asset_monthly_return|global_cycle_month","LOCAL_ONLY_REUSE_AFTER_FIELD_CHECK","YES_BEFORE_FORMAL_MODEL_USE"
"LCL-0086","20260816_research_archive_v1","ALREADY_LOCAL_VERIFIED","内部","shared","10_数据集原件与说明/本地原件/最终数据/最终数据/outputs/019f56e7-91fe-7a43-b1d0-ae50e45c9d0c/金银价格波动影响因素与时序数据_中文字段版_20260726.xlsx","275d610fed3f59ed734ffda7a9ac9aaf0c13331be593dfbe543dd2d7a5beda7c","","source_registry|country_monthly_risk|asset_monthly_return|global_cycle_month","REUSE_AS_CONTEXT_AFTER_CHECK","YES_BEFORE_FORMAL_MODEL_USE"
"LCL-0087","20260816_research_archive_v1","ALREADY_LOCAL_VERIFIED","内部","private_only","10_数据集原件与说明/本地原件/最终数据/最终数据/outputs/019f56e7-91fe-7a43-b1d0-ae50e45c9d0c/金银价格波动影响因素与时序数据_中文字段版_20260726.xlsx.inspect.ndjson","65e698de0ccddf71f4ec460e3125c80599abcb306e9a699c7dd5fcb51df74eaa","","source_registry|country_monthly_risk|asset_monthly_return|global_cycle_month","LOCAL_ONLY_REUSE_AFTER_FIELD_CHECK","YES_BEFORE_FORMAL_MODEL_USE"
"LCL-0088","20260816_research_archive_v1","ALREADY_LOCAL_VERIFIED","内部","shared","10_数据集原件与说明/本地原件/最终数据/最终数据/outputs/019f56e7-91fe-7a43-b1d0-ae50e45c9d0c/金银价格预测_官方数据与因素台账_20260713.xlsx","b41e86933b324dc3e7ccb9492a19719dca62260de0ddb8d7100625ab7f2d4a4c","","source_registry|country_monthly_risk|asset_monthly_return|global_cycle_month","REUSE_AS_CONTEXT_AFTER_CHECK","YES_BEFORE_FORMAL_MODEL_USE"
"LCL-0089","20260816_research_archive_v1","ALREADY_LOCAL_VERIFIED","内部","private_only","10_数据集原件与说明/本地原件/最终数据/最终数据/outputs/019f56e7-91fe-7a43-b1d0-ae50e45c9d0c/金银价格预测_官方数据与因素台账_20260713.xlsx.inspect.ndjson","48964f401365f9a00bb2988bff50b9dc8d19f0b6cb55eea312a71ed3cf81ddfd","","source_registry|country_monthly_risk|asset_monthly_return|global_cycle_month","LOCAL_ONLY_REUSE_AFTER_FIELD_CHECK","YES_BEFORE_FORMAL_MODEL_USE"
"LCL-0090","20260816_research_archive_v1","ALREADY_LOCAL_VERIFIED","内部","shared","10_数据集原件与说明/本地原件/最终数据/最终数据/outputs/019f56e7-91fe-7a43-b1d0-ae50e45c9d0c/gold_factor_previews/00_说明与总览.png","1119b5be9ff29b3c7238215c1971e96875a7a468892895c19f32832f635e7ad9","","source_registry|country_monthly_risk|asset_monthly_return|global_cycle_month","REUSE_AS_CONTEXT_AFTER_CHECK","YES_BEFORE_FORMAL_MODEL_USE"
"LCL-0091","20260816_research_archive_v1","ALREADY_LOCAL_VERIFIED","内部","shared","10_数据集原件与说明/本地原件/最终数据/最终数据/outputs/019f56e7-91fe-7a43-b1d0-ae50e45c9d0c/gold_factor_previews/01_价格传导链.png","f37fb8d0878f038080804580146b045999d72a8cb84340f620c80f3ba7d34c05","","source_registry|country_monthly_risk|asset_monthly_return|global_cycle_month","REUSE_AS_CONTEXT_AFTER_CHECK","YES_BEFORE_FORMAL_MODEL_USE"
"LCL-0092","20260816_research_archive_v1","ALREADY_LOCAL_VERIFIED","内部","shared","10_数据集原件与说明/本地原件/最终数据/最终数据/outputs/019f56e7-91fe-7a43-b1d0-ae50e45c9d0c/gold_factor_previews/02_影响因素表.png","2b1bed9a7167478ae1c8780dd46b51f25bcd1bd00e5c6f5653dc7a97bd794fd3","","source_registry|country_monthly_risk|asset_monthly_return|global_cycle_month","REUSE_AS_CONTEXT_AFTER_CHECK","YES_BEFORE_FORMAL_MODEL_USE"
"LCL-0093","20260816_research_archive_v1","ALREADY_LOCAL_VERIFIED","内部","shared","10_数据集原件与说明/本地原件/最终数据/最终数据/outputs/019f56e7-91fe-7a43-b1d0-ae50e45c9d0c/gold_factor_previews/03_事件关联.png","92bc819e939e196bc595150cd744ec721d12df3e3988770d75fd4ee14f5cac40","","source_registry|country_monthly_risk|asset_monthly_return|global_cycle_month","REUSE_AS_CONTEXT_AFTER_CHECK","YES_BEFORE_FORMAL_MODEL_USE"
"LCL-0094","20260816_research_archive_v1","ALREADY_LOCAL_VERIFIED","内部","shared","10_数据集原件与说明/本地原件/最终数据/最终数据/outputs/019f56e7-91fe-7a43-b1d0-ae50e45c9d0c/gold_factor_previews/05_日度对齐主表.png","5dd25e5b3153709ac2d6de13a1d4ec0a55cc18838afc94fa005c3385117ea733","","source_registry|country_monthly_risk|asset_monthly_return|global_cycle_month","REUSE_AS_CONTEXT_AFTER_CHECK","YES_BEFORE_FORMAL_MODEL_USE"
"LCL-0095","20260816_research_archive_v1","ALREADY_LOCAL_VERIFIED","内部","shared","10_数据集原件与说明/本地原件/最终数据/最终数据/outputs/019f56e7-91fe-7a43-b1d0-ae50e45c9d0c/gold_factor_previews/06_SGE原始日行情.png","5e14af4cfbb32f88b82ee60ce8fba311578edbbc065b296409234edd8630bbf8","","source_registry|country_monthly_risk|asset_monthly_return|global_cycle_month","REUSE_AS_CONTEXT_AFTER_CHECK","YES_BEFORE_FORMAL_MODEL_USE"
"LCL-0096","20260816_research_archive_v1","ALREADY_LOCAL_VERIFIED","内部","shared","10_数据集原件与说明/本地原件/最终数据/最终数据/outputs/019f56e7-91fe-7a43-b1d0-ae50e45c9d0c/gold_factor_previews/07_FRED日度原始.png","f3c73d876352d6b37fecd0aa6a6b5381fd5815a912ef27c69ccd023b6fee3970","","source_registry|country_monthly_risk|asset_monthly_return|global_cycle_month","REUSE_AS_CONTEXT_AFTER_CHECK","YES_BEFORE_FORMAL_MODEL_USE"
"LCL-0097","20260816_research_archive_v1","ALREADY_LOCAL_VERIFIED","内部","shared","10_数据集原件与说明/本地原件/最终数据/最终数据/outputs/019f56e7-91fe-7a43-b1d0-ae50e45c9d0c/gold_factor_previews/08_CFTC周度持仓.png","5c9174c676032f7ead8fc1d1495b62ca9225a24e67d5fcdd6994b6729affd520","","source_registry|country_monthly_risk|asset_monthly_return|global_cycle_month","REUSE_AS_CONTEXT_AFTER_CHECK","YES_BEFORE_FORMAL_MODEL_USE"
"LCL-0098","20260816_research_archive_v1","ALREADY_LOCAL_VERIFIED","内部","shared","10_数据集原件与说明/本地原件/最终数据/最终数据/outputs/019f56e7-91fe-7a43-b1d0-ae50e45c9d0c/gold_factor_previews/09_月度研究主表.png","3a9ab7976cc6a864f670f3ff3c776faf48311bc4ac6bffdf4fa500f10d5eecab","","source_registry|country_monthly_risk|asset_monthly_return|global_cycle_month","REUSE_AS_CONTEXT_AFTER_CHECK","YES_BEFORE_FORMAL_MODEL_USE"
"LCL-0099","20260816_research_archive_v1","ALREADY_LOCAL_VERIFIED","内部","shared","10_数据集原件与说明/本地原件/最终数据/最终数据/outputs/019f56e7-91fe-7a43-b1d0-ae50e45c9d0c/gold_factor_previews/10_GPR月度.png","4bcbb1941bbb2b7b2ccb3724147db6274cd7af7f59a31d0887e25c4fb37bce1a","","source_registry|country_monthly_risk|asset_monthly_return|global_cycle_month","REUSE_AS_CONTEXT_AFTER_CHECK","YES_BEFORE_FORMAL_MODEL_USE"
"LCL-0100","20260816_research_archive_v1","ALREADY_LOCAL_VERIFIED","内部","shared","10_数据集原件与说明/本地原件/最终数据/最终数据/outputs/019f56e7-91fe-7a43-b1d0-ae50e45c9d0c/gold_factor_previews/12_来源与口径.png","1a7cd2fc26ce5ace80c6c91dfeb881f1c343a683dcf06497a6da6c98c42e9d5a","","source_registry|country_monthly_risk|asset_monthly_return|global_cycle_month","REUSE_AS_CONTEXT_AFTER_CHECK","YES_BEFORE_FORMAL_MODEL_USE"
"LCL-0101","20260816_research_archive_v1","ALREADY_LOCAL_VERIFIED","内部","shared","10_数据集原件与说明/本地原件/最终数据/最终数据/outputs/019f56e7-91fe-7a43-b1d0-ae50e45c9d0c/gold_factor_previews/13_质量检查_导出后复核.png","39e58ff57324c6d06c29cea55564c3aaf5e0057e3be747ce9135caf1fd23dea5","","source_registry|country_monthly_risk|asset_monthly_return|global_cycle_month","REUSE_AS_CONTEXT_AFTER_CHECK","YES_BEFORE_FORMAL_MODEL_USE"
"LCL-0102","20260816_research_archive_v1","ALREADY_LOCAL_VERIFIED","内部","shared","10_数据集原件与说明/本地原件/最终数据/最终数据/outputs/019f56e7-91fe-7a43-b1d0-ae50e45c9d0c/gold_factor_previews/13_质量检查.png","d450f5a8bdff5d0e8487a085e2c67f21c14b7f8ea1b868e50c38ccc1e5e0fe43","","source_registry|country_monthly_risk|asset_monthly_return|global_cycle_month","REUSE_AS_CONTEXT_AFTER_CHECK","YES_BEFORE_FORMAL_MODEL_USE"
"LCL-0103","20260816_research_archive_v1","ALREADY_LOCAL_VERIFIED","内部","shared","10_数据集原件与说明/本地原件/最终数据/最终数据/outputs/019f56e7-91fe-7a43-b1d0-ae50e45c9d0c/gold_factor_previews/全部工作表总览.png","3678a0d3d95b05b7b736c6019ac9ebe661332d88e818d67c212fee287ad6623e","","source_registry|country_monthly_risk|asset_monthly_return|global_cycle_month","REUSE_AS_CONTEXT_AFTER_CHECK","YES_BEFORE_FORMAL_MODEL_USE"
"LCL-0104","20260816_research_archive_v1","ALREADY_LOCAL_VERIFIED","内部","shared","10_数据集原件与说明/本地原件/最终数据/最终数据/outputs/019f56e7-91fe-7a43-b1d0-ae50e45c9d0c/gold_silver_chinese_previews/00_说明与总览.png","a3ec852b4a0d32db2b831c2c5e8a7a08fa931060160da8139759ebffc13760ad","","source_registry|country_monthly_risk|asset_monthly_return|global_cycle_month","REUSE_AS_CONTEXT_AFTER_CHECK","YES_BEFORE_FORMAL_MODEL_USE"
"LCL-0105","20260816_research_archive_v1","ALREADY_LOCAL_VERIFIED","内部","shared","10_数据集原件与说明/本地原件/最终数据/最终数据/outputs/019f56e7-91fe-7a43-b1d0-ae50e45c9d0c/gold_silver_chinese_previews/01_金银传导链.png","88de314c449aecc89c7b9be201d8666eebf884769d47d43f430eda44c51e3795","","source_registry|country_monthly_risk|asset_monthly_return|global_cycle_month","REUSE_AS_CONTEXT_AFTER_CHECK","YES_BEFORE_FORMAL_MODEL_USE"
"LCL-0106","20260816_research_archive_v1","ALREADY_LOCAL_VERIFIED","内部","shared","10_数据集原件与说明/本地原件/最终数据/最终数据/outputs/019f56e7-91fe-7a43-b1d0-ae50e45c9d0c/gold_silver_chinese_previews/02_金银因素表.png","de801b693f6a3e2ae5776b60966a5129ae7ebd2ebb4cee5b63d68357c0707a9c","","source_registry|country_monthly_risk|asset_monthly_return|global_cycle_month","REUSE_AS_CONTEXT_AFTER_CHECK","YES_BEFORE_FORMAL_MODEL_USE"
"LCL-0107","20260816_research_archive_v1","ALREADY_LOCAL_VERIFIED","内部","shared","10_数据集原件与说明/本地原件/最终数据/最终数据/outputs/019f56e7-91fe-7a43-b1d0-ae50e45c9d0c/gold_silver_chinese_previews/03_事件关联.png","13db6574965f9a4d0780eaedf157dc799941e492dc5b10e467ac16f5ebd8397b","","source_registry|country_monthly_risk|asset_monthly_return|global_cycle_month","REUSE_AS_CONTEXT_AFTER_CHECK","YES_BEFORE_FORMAL_MODEL_USE"
"LCL-0108","20260816_research_archive_v1","ALREADY_LOCAL_VERIFIED","内部","shared","10_数据集原件与说明/本地原件/最终数据/最终数据/outputs/019f56e7-91fe-7a43-b1d0-ae50e45c9d0c/gold_silver_chinese_previews/04_术语与字段说明.png","c6dad85847fb87e50fedd82a3e20a9b2ae3c3e05d6a33f6e607e5a63f563a8fc","","source_registry|country_monthly_risk|asset_monthly_return|global_cycle_month","REUSE_AS_CONTEXT_AFTER_CHECK","YES_BEFORE_FORMAL_MODEL_USE"
"LCL-0109","20260816_research_archive_v1","ALREADY_LOCAL_VERIFIED","内部","shared","10_数据集原件与说明/本地原件/最终数据/最终数据/outputs/019f56e7-91fe-7a43-b1d0-ae50e45c9d0c/gold_silver_chinese_previews/05_金银日度主表.png","6df3374331cc23392fb93690976cf6db13958f138fdfdb0099ecfba1e8b755ec","","source_registry|country_monthly_risk|asset_monthly_return|global_cycle_month","REUSE_AS_CONTEXT_AFTER_CHECK","YES_BEFORE_FORMAL_MODEL_USE"
"LCL-0110","20260816_research_archive_v1","ALREADY_LOCAL_VERIFIED","内部","shared","10_数据集原件与说明/本地原件/最终数据/最终数据/outputs/019f56e7-91fe-7a43-b1d0-ae50e45c9d0c/gold_silver_chinese_previews/06_SGE原始日行情.png","fecd0334dedff87e1121bfbd387e57c670d5b6aabc0b9aa49e02896b663ff941","","source_registry|country_monthly_risk|asset_monthly_return|global_cycle_month","REUSE_AS_CONTEXT_AFTER_CHECK","YES_BEFORE_FORMAL_MODEL_USE"
"LCL-0111","20260816_research_archive_v1","ALREADY_LOCAL_VERIFIED","内部","shared","10_数据集原件与说明/本地原件/最终数据/最终数据/outputs/019f56e7-91fe-7a43-b1d0-ae50e45c9d0c/gold_silver_chinese_previews/07_FRED日度原始.png","af055dcd8210c962652cacadfd12360defd8b27e20e3527078c30f16051567da","","source_registry|country_monthly_risk|asset_monthly_return|global_cycle_month","REUSE_AS_CONTEXT_AFTER_CHECK","YES_BEFORE_FORMAL_MODEL_USE"
"LCL-0112","20260816_research_archive_v1","ALREADY_LOCAL_VERIFIED","内部","shared","10_数据集原件与说明/本地原件/最终数据/最终数据/outputs/019f56e7-91fe-7a43-b1d0-ae50e45c9d0c/gold_silver_chinese_previews/08_CFTC周度持仓.png","7f517650ccb89298d61d02353bc0a1686e7753332f6e6c28f849e6f1ee8462e1","","source_registry|country_monthly_risk|asset_monthly_return|global_cycle_month","REUSE_AS_CONTEXT_AFTER_CHECK","YES_BEFORE_FORMAL_MODEL_USE"
"LCL-0113","20260816_research_archive_v1","ALREADY_LOCAL_VERIFIED","内部","shared","10_数据集原件与说明/本地原件/最终数据/最终数据/outputs/019f56e7-91fe-7a43-b1d0-ae50e45c9d0c/gold_silver_chinese_previews/09_金银月度主表.png","903bde3062650d226923e29c527e442fd0fc71e6edcab109386c7138e1a57ae2","","source_registry|country_monthly_risk|asset_monthly_return|global_cycle_month","REUSE_AS_CONTEXT_AFTER_CHECK","YES_BEFORE_FORMAL_MODEL_USE"
"LCL-0114","20260816_research_archive_v1","ALREADY_LOCAL_VERIFIED","内部","shared","10_数据集原件与说明/本地原件/最终数据/最终数据/outputs/019f56e7-91fe-7a43-b1d0-ae50e45c9d0c/gold_silver_chinese_previews/10_GPR月度.png","50ae9168b1a0005777f8ac5ac6c11375e259f2bd33d3c594fa2251d51b2c6d26","","source_registry|country_monthly_risk|asset_monthly_return|global_cycle_month","REUSE_AS_CONTEXT_AFTER_CHECK","YES_BEFORE_FORMAL_MODEL_USE"
"LCL-0115","20260816_research_archive_v1","ALREADY_LOCAL_VERIFIED","内部","shared","10_数据集原件与说明/本地原件/最终数据/最终数据/outputs/019f56e7-91fe-7a43-b1d0-ae50e45c9d0c/gold_silver_chinese_previews/11_白银年度供需.png","4e08455514789bf6023e612587d66283d1bdf7b913f85213163c064b52b385cf","","source_registry|country_monthly_risk|asset_monthly_return|global_cycle_month","REUSE_AS_CONTEXT_AFTER_CHECK","YES_BEFORE_FORMAL_MODEL_USE"
"LCL-0116","20260816_research_archive_v1","ALREADY_LOCAL_VERIFIED","内部","shared","10_数据集原件与说明/本地原件/最终数据/最终数据/outputs/019f56e7-91fe-7a43-b1d0-ae50e45c9d0c/gold_silver_chinese_previews/12_来源与口径.png","0594c99a828153a4da1914b08e225808986d005be988f26a85e3b2dd65194fd9","","source_registry|country_monthly_risk|asset_monthly_return|global_cycle_month","REUSE_AS_CONTEXT_AFTER_CHECK","YES_BEFORE_FORMAL_MODEL_USE"
"LCL-0117","20260816_research_archive_v1","ALREADY_LOCAL_VERIFIED","内部","shared","10_数据集原件与说明/本地原件/最终数据/最终数据/outputs/019f56e7-91fe-7a43-b1d0-ae50e45c9d0c/gold_silver_chinese_previews/13_质量检查.png","c2b40f26571fa0c495573fa4760318b7da95e034d25dcb4a8679fda664ddfd98","","source_registry|country_monthly_risk|asset_monthly_return|global_cycle_month","REUSE_AS_CONTEXT_AFTER_CHECK","YES_BEFORE_FORMAL_MODEL_USE"
"LCL-0118","20260816_research_archive_v1","ALREADY_LOCAL_VERIFIED","内部","shared","10_数据集原件与说明/本地原件/最终数据/最终数据/outputs/019f56e7-91fe-7a43-b1d0-ae50e45c9d0c/gold_silver_factor_previews/00_说明与总览.png","1390256a13216ccaca6c1077130f56ce9d55b8199b3b4d0d14500db82c00c745","","source_registry|country_monthly_risk|asset_monthly_return|global_cycle_month","REUSE_AS_CONTEXT_AFTER_CHECK","YES_BEFORE_FORMAL_MODEL_USE"
"LCL-0119","20260816_research_archive_v1","DUPLICATE_CONTENT","内部","shared","10_数据集原件与说明/本地原件/最终数据/最终数据/outputs/019f56e7-91fe-7a43-b1d0-ae50e45c9d0c/gold_silver_chinese_previews/01_金银传导链.png","88de314c449aecc89c7b9be201d8666eebf884769d47d43f430eda44c51e3795","LCL-0105","source_registry|country_monthly_risk|asset_monthly_return|global_cycle_month","USE_CANONICAL_ASSET","YES_BEFORE_FORMAL_MODEL_USE"
"LCL-0120","20260816_research_archive_v1","DUPLICATE_CONTENT","内部","shared","10_数据集原件与说明/本地原件/最终数据/最终数据/outputs/019f56e7-91fe-7a43-b1d0-ae50e45c9d0c/gold_silver_chinese_previews/02_金银因素表.png","de801b693f6a3e2ae5776b60966a5129ae7ebd2ebb4cee5b63d68357c0707a9c","LCL-0106","source_registry|country_monthly_risk|asset_monthly_return|global_cycle_month","USE_CANONICAL_ASSET","YES_BEFORE_FORMAL_MODEL_USE"
"LCL-0121","20260816_research_archive_v1","ALREADY_LOCAL_VERIFIED","内部","shared","10_数据集原件与说明/本地原件/最终数据/最终数据/outputs/019f56e7-91fe-7a43-b1d0-ae50e45c9d0c/gold_silver_factor_previews/03_事件关联.png","06da3f27f7692229739bea194ea064b247dc7665d91403d3b4c22fb6ea57de23","","source_registry|country_monthly_risk|asset_monthly_return|global_cycle_month","REUSE_AS_CONTEXT_AFTER_CHECK","YES_BEFORE_FORMAL_MODEL_USE"
"LCL-0122","20260816_research_archive_v1","ALREADY_LOCAL_VERIFIED","内部","shared","10_数据集原件与说明/本地原件/最终数据/最终数据/outputs/019f56e7-91fe-7a43-b1d0-ae50e45c9d0c/gold_silver_factor_previews/05_金银日度主表.png","4ff53186d87f4e60fa908f57d066834bd96cdba357438e83bedc5c1fd47371f6","","source_registry|country_monthly_risk|asset_monthly_return|global_cycle_month","REUSE_AS_CONTEXT_AFTER_CHECK","YES_BEFORE_FORMAL_MODEL_USE"
"LCL-0123","20260816_research_archive_v1","DUPLICATE_CONTENT","内部","shared","10_数据集原件与说明/本地原件/最终数据/最终数据/outputs/019f56e7-91fe-7a43-b1d0-ae50e45c9d0c/gold_factor_previews/06_SGE原始日行情.png","5e14af4cfbb32f88b82ee60ce8fba311578edbbc065b296409234edd8630bbf8","LCL-0095","source_registry|country_monthly_risk|asset_monthly_return|global_cycle_month","USE_CANONICAL_ASSET","YES_BEFORE_FORMAL_MODEL_USE"
"LCL-0124","20260816_research_archive_v1","DUPLICATE_CONTENT","内部","shared","10_数据集原件与说明/本地原件/最终数据/最终数据/outputs/019f56e7-91fe-7a43-b1d0-ae50e45c9d0c/gold_factor_previews/07_FRED日度原始.png","f3c73d876352d6b37fecd0aa6a6b5381fd5815a912ef27c69ccd023b6fee3970","LCL-0096","source_registry|country_monthly_risk|asset_monthly_return|global_cycle_month","USE_CANONICAL_ASSET","YES_BEFORE_FORMAL_MODEL_USE"
"LCL-0125","20260816_research_archive_v1","DUPLICATE_CONTENT","内部","shared","10_数据集原件与说明/本地原件/最终数据/最终数据/outputs/019f56e7-91fe-7a43-b1d0-ae50e45c9d0c/gold_factor_previews/08_CFTC周度持仓.png","5c9174c676032f7ead8fc1d1495b62ca9225a24e67d5fcdd6994b6729affd520","LCL-0097","source_registry|country_monthly_risk|asset_monthly_return|global_cycle_month","USE_CANONICAL_ASSET","YES_BEFORE_FORMAL_MODEL_USE"
"LCL-0126","20260816_research_archive_v1","DUPLICATE_CONTENT","内部","shared","10_数据集原件与说明/本地原件/最终数据/最终数据/outputs/019f56e7-91fe-7a43-b1d0-ae50e45c9d0c/gold_factor_previews/09_月度研究主表.png","3a9ab7976cc6a864f670f3ff3c776faf48311bc4ac6bffdf4fa500f10d5eecab","LCL-0098","source_registry|country_monthly_risk|asset_monthly_return|global_cycle_month","USE_CANONICAL_ASSET","YES_BEFORE_FORMAL_MODEL_USE"
"LCL-0127","20260816_research_archive_v1","DUPLICATE_CONTENT","内部","shared","10_数据集原件与说明/本地原件/最终数据/最终数据/outputs/019f56e7-91fe-7a43-b1d0-ae50e45c9d0c/gold_factor_previews/10_GPR月度.png","4bcbb1941bbb2b7b2ccb3724147db6274cd7af7f59a31d0887e25c4fb37bce1a","LCL-0099","source_registry|country_monthly_risk|asset_monthly_return|global_cycle_month","USE_CANONICAL_ASSET","YES_BEFORE_FORMAL_MODEL_USE"
"LCL-0128","20260816_research_archive_v1","ALREADY_LOCAL_VERIFIED","内部","shared","10_数据集原件与说明/本地原件/最终数据/最终数据/outputs/019f56e7-91fe-7a43-b1d0-ae50e45c9d0c/gold_silver_factor_previews/11_白银年度供需.png","ae201fe4f96958fb627f89bc3bc2920dc2dee429fbf27738983047940a9171ac","","source_registry|country_monthly_risk|asset_monthly_return|global_cycle_month","REUSE_AS_CONTEXT_AFTER_CHECK","YES_BEFORE_FORMAL_MODEL_USE"
"LCL-0129","20260816_research_archive_v1","DUPLICATE_CONTENT","内部","shared","10_数据集原件与说明/本地原件/最终数据/最终数据/outputs/019f56e7-91fe-7a43-b1d0-ae50e45c9d0c/gold_silver_chinese_previews/12_来源与口径.png","0594c99a828153a4da1914b08e225808986d005be988f26a85e3b2dd65194fd9","LCL-0116","source_registry|country_monthly_risk|asset_monthly_return|global_cycle_month","USE_CANONICAL_ASSET","YES_BEFORE_FORMAL_MODEL_USE"
"LCL-0130","20260816_research_archive_v1","ALREADY_LOCAL_VERIFIED","内部","shared","10_数据集原件与说明/本地原件/最终数据/最终数据/outputs/019f56e7-91fe-7a43-b1d0-ae50e45c9d0c/gold_silver_factor_previews/13_质量检查.png","2c812c3fd2271b36bd6059b6af591c8eaed5385c7a636d085574267e29602e69","","source_registry|country_monthly_risk|asset_monthly_return|global_cycle_month","REUSE_AS_CONTEXT_AFTER_CHECK","YES_BEFORE_FORMAL_MODEL_USE"
"LCL-0131","20260816_research_archive_v1","ALREADY_LOCAL_VERIFIED","内部","shared","10_数据集原件与说明/本地原件/最终数据/最终数据/outputs/019f56e7-91fe-7a43-b1d0-ae50e45c9d0c/previews/00_使用说明.png","6674ffeca2d78280002b5512d578247ac0f97f168d14120a834dd400161afa3c","","source_registry|country_monthly_risk|asset_monthly_return|global_cycle_month","REUSE_AS_CONTEXT_AFTER_CHECK","YES_BEFORE_FORMAL_MODEL_USE"
"LCL-0132","20260816_research_archive_v1","ALREADY_LOCAL_VERIFIED","内部","shared","10_数据集原件与说明/本地原件/最终数据/最终数据/outputs/019f56e7-91fe-7a43-b1d0-ae50e45c9d0c/previews/01_数据目录.png","d349052cc2483be4a8e42cf12efd5d11b46272e3178e2c7053f11ffaf0d579f6","","source_registry|country_monthly_risk|asset_monthly_return|global_cycle_month","REUSE_AS_CONTEXT_AFTER_CHECK","YES_BEFORE_FORMAL_MODEL_USE"
"LCL-0133","20260816_research_archive_v1","ALREADY_LOCAL_VERIFIED","内部","shared","10_数据集原件与说明/本地原件/最终数据/最终数据/outputs/019f56e7-91fe-7a43-b1d0-ae50e45c9d0c/previews/02_因素地图.png","82d767eca43c82c2deed120cef1903bea1d9c71b87c5b9229ad99cf9bf359a79","","source_registry|country_monthly_risk|asset_monthly_return|global_cycle_month","REUSE_AS_CONTEXT_AFTER_CHECK","YES_BEFORE_FORMAL_MODEL_USE"
"LCL-0134","20260816_research_archive_v1","ALREADY_LOCAL_VERIFIED","内部","shared","10_数据集原件与说明/本地原件/最终数据/最终数据/outputs/019f56e7-91fe-7a43-b1d0-ae50e45c9d0c/previews/03_事件时间线.png","9bf143a0e19622d38a1c4597237ba4670a1afd417f3e56e37be8cd7b221eabb9","","source_registry|country_monthly_risk|asset_monthly_return|global_cycle_month","REUSE_AS_CONTEXT_AFTER_CHECK","YES_BEFORE_FORMAL_MODEL_USE"
"LCL-0135","20260816_research_archive_v1","ALREADY_LOCAL_VERIFIED","内部","shared","10_数据集原件与说明/本地原件/最终数据/最终数据/outputs/019f56e7-91fe-7a43-b1d0-ae50e45c9d0c/previews/04_因子扫描.png","ace1cbb4c31661fa95d5d112aee024bf283bcb96880769c9ac23b20c8213dac9","","source_registry|country_monthly_risk|asset_monthly_return|global_cycle_month","REUSE_AS_CONTEXT_AFTER_CHECK","YES_BEFORE_FORMAL_MODEL_USE"
"LCL-0136","20260816_research_archive_v1","ALREADY_LOCAL_VERIFIED","内部","shared","10_数据集原件与说明/本地原件/最终数据/最终数据/outputs/019f56e7-91fe-7a43-b1d0-ae50e45c9d0c/previews/05_月度建模表.png","bd632993f42bc18fdf7a22890ab056db4365c18c1e78ca29ff5a878c61a32bdf","","source_registry|country_monthly_risk|asset_monthly_return|global_cycle_month","REUSE_AS_CONTEXT_AFTER_CHECK","YES_BEFORE_FORMAL_MODEL_USE"
"LCL-0137","20260816_research_archive_v1","ALREADY_LOCAL_VERIFIED","内部","shared","10_数据集原件与说明/本地原件/最终数据/最终数据/outputs/019f56e7-91fe-7a43-b1d0-ae50e45c9d0c/previews/06_月度价格.png","d40b762f5d30e265be4dfc575795ca3d5ec7da5e3e6856a7cb287601e090290f","","source_registry|country_monthly_risk|asset_monthly_return|global_cycle_month","REUSE_AS_CONTEXT_AFTER_CHECK","YES_BEFORE_FORMAL_MODEL_USE"
"LCL-0138","20260816_research_archive_v1","ALREADY_LOCAL_VERIFIED","内部","shared","10_数据集原件与说明/本地原件/最终数据/最终数据/outputs/019f56e7-91fe-7a43-b1d0-ae50e45c9d0c/previews/07_日收益率.png","a9ad34115b466bb4d2e5851a41f9bff16481a46bf6194e94617b0bc696aaa74a","","source_registry|country_monthly_risk|asset_monthly_return|global_cycle_month","REUSE_AS_CONTEXT_AFTER_CHECK","YES_BEFORE_FORMAL_MODEL_USE"
"LCL-0139","20260816_research_archive_v1","ALREADY_LOCAL_VERIFIED","内部","shared","10_数据集原件与说明/本地原件/最终数据/最终数据/outputs/019f56e7-91fe-7a43-b1d0-ae50e45c9d0c/previews/08_美元指数.png","75c7252fc2e92719cb710ccd0d444efb2d1a5e25d9be04a275865a8dd2a4d211","","source_registry|country_monthly_risk|asset_monthly_return|global_cycle_month","REUSE_AS_CONTEXT_AFTER_CHECK","YES_BEFORE_FORMAL_MODEL_USE"
"LCL-0140","20260816_research_archive_v1","ALREADY_LOCAL_VERIFIED","内部","shared","10_数据集原件与说明/本地原件/最终数据/最终数据/outputs/019f56e7-91fe-7a43-b1d0-ae50e45c9d0c/previews/09_CFTC持仓.png","f90ee14bcf6d44cf243ff8b070aec9dda4826b3355dab892de12876319a60748","","source_registry|country_monthly_risk|asset_monthly_return|global_cycle_month","REUSE_AS_CONTEXT_AFTER_CHECK","YES_BEFORE_FORMAL_MODEL_USE"
"LCL-0141","20260816_research_archive_v1","ALREADY_LOCAL_VERIFIED","内部","shared","10_数据集原件与说明/本地原件/最终数据/最终数据/outputs/019f56e7-91fe-7a43-b1d0-ae50e45c9d0c/previews/10_GPR指数.png","4a0c2a5477abc7c78dc714c8aa028f3d916ca87051faab8aa8a1757fb4a9eceb","","source_registry|country_monthly_risk|asset_monthly_return|global_cycle_month","REUSE_AS_CONTEXT_AFTER_CHECK","YES_BEFORE_FORMAL_MODEL_USE"
"LCL-0142","20260816_research_archive_v1","ALREADY_LOCAL_VERIFIED","内部","shared","10_数据集原件与说明/本地原件/最终数据/最终数据/outputs/019f56e7-91fe-7a43-b1d0-ae50e45c9d0c/previews/11_质量检查.png","64cf48b997c665bc682d344e27c67560d44b7defed4465041bad3279067095c8","","source_registry|country_monthly_risk|asset_monthly_return|global_cycle_month","REUSE_AS_CONTEXT_AFTER_CHECK","YES_BEFORE_FORMAL_MODEL_USE"
"LCL-0143","20260816_research_archive_v1","ALREADY_LOCAL_VERIFIED","内部","shared","10_数据集原件与说明/本地原件/最终数据/最终数据/research/media_sentiment_gold_paper/datasets/processed/China_Mainland_EPU_proxy_2022-02_to_2025-02.csv","1fd2cdd557f47c4483eaf3f75a9fcf9acf8d41c4b906219d35fce2222a365a7b","","source_registry|country_monthly_risk|asset_monthly_return|global_cycle_month","REUSE_AS_CONTEXT_AFTER_CHECK","YES_BEFORE_FORMAL_MODEL_USE"
"LCL-0144","20260816_research_archive_v1","ALREADY_LOCAL_VERIFIED","内部","shared","10_数据集原件与说明/本地原件/最终数据/最终数据/research/media_sentiment_gold_paper/datasets/processed/Fed_broad_dollar_proxy_2022-02_to_2025-02.csv","10e9314091975551e1d59cc1e10b3ce38b30aeb6803448273d250a721b43e5da","","source_registry|country_monthly_risk|asset_monthly_return|global_cycle_month","REUSE_AS_CONTEXT_AFTER_CHECK","YES_BEFORE_FORMAL_MODEL_USE"
"LCL-0145","20260816_research_archive_v1","ALREADY_LOCAL_VERIFIED","内部","shared","10_数据集原件与说明/本地原件/最终数据/最终数据/research/media_sentiment_gold_paper/datasets/processed/THUOCL_caijing_utf8.csv","7835d68446c871cf2b59ef552d7301c04849e4778ec01873abbbc3a220e84a24","","source_registry|country_monthly_risk|asset_monthly_return|global_cycle_month","REUSE_AS_CONTEXT_AFTER_CHECK","YES_BEFORE_FORMAL_MODEL_USE"
"LCL-0146","20260816_research_archive_v1","ALREADY_LOCAL_VERIFIED","内部","shared","10_数据集原件与说明/本地原件/最终数据/最终数据/research/media_sentiment_gold_paper/datasets/processed/US_Treasury_real_yield_proxy_2022-02_to_2025-02.csv","9ac2c8e57b9784e9d8715bd00c4b79d0f4ac2fa386400b501c4795c02ba3df20","","source_registry|country_monthly_risk|asset_monthly_return|global_cycle_month","REUSE_AS_CONTEXT_AFTER_CHECK","YES_BEFORE_FORMAL_MODEL_USE"
"LCL-0147","20260816_research_archive_v1","ALREADY_LOCAL_VERIFIED","内部","shared","10_数据集原件与说明/本地原件/最终数据/最终数据/research/media_sentiment_gold_paper/datasets/processed/World_Bank_commodity_proxies_2022-02_to_2025-02.csv","fbb27012e156ff32a0347741cefdb5953c6e8fa335a348e4912db08cbcaec814","","source_registry|country_monthly_risk|asset_monthly_return|global_cycle_month","REUSE_AS_CONTEXT_AFTER_CHECK","YES_BEFORE_FORMAL_MODEL_USE"
"LCL-0148","20260816_research_archive_v1","EXCLUDED_SECRET","内部","metadata_only","","7a4e96f90a2023d863091f0af8b77d34e645a4995be456daacb74dc2b94fbc99","","source_registry|country_monthly_risk|asset_monthly_return|global_cycle_month","EXCLUDE_FROM_ALL_PACKAGES","NOT_APPLICABLE"
"LCL-0149","20260816_research_archive_v1","ALREADY_LOCAL_VERIFIED","内部","shared","10_数据集原件与说明/本地原件/最终数据/最终数据/research/media_sentiment_gold_paper/datasets/raw/China_Mainland_Paper_EPU.xlsx","16941dfed24eed12afe2d9e92b02a561e2b2f2e4540ae3306893d70985e79222","","source_registry|country_monthly_risk|asset_monthly_return|global_cycle_month","REUSE_AS_CONTEXT_AFTER_CHECK","YES_BEFORE_FORMAL_MODEL_USE"
"LCL-0150","20260816_research_archive_v1","ALREADY_LOCAL_VERIFIED","内部","shared","10_数据集原件与说明/本地原件/最终数据/最终数据/research/media_sentiment_gold_paper/datasets/raw/THUOCL_caijing.txt","68e63d2009e59c6f388eeaa789d19b6a681657de3e8e56cc3479b21cd8548542","","source_registry|country_monthly_risk|asset_monthly_return|global_cycle_month","REUSE_AS_CONTEXT_AFTER_CHECK","YES_BEFORE_FORMAL_MODEL_USE"
"LCL-0151","20260816_research_archive_v1","ALREADY_LOCAL_VERIFIED","内部","shared","10_数据集原件与说明/本地原件/最终数据/最终数据/research/media_sentiment_gold_paper/datasets/raw/THUOCL_LICENSE.txt","db4b8cca414db4cf487b933d07a0514f77caf44f9f3d392f2bc9d7ba0d511c58","","source_registry|country_monthly_risk|asset_monthly_return|global_cycle_month","REUSE_AS_CONTEXT_AFTER_CHECK","YES_BEFORE_FORMAL_MODEL_USE"
"LCL-0152","20260816_research_archive_v1","ALREADY_LOCAL_VERIFIED","内部","private_only","10_数据集原件与说明/本地原件/最终数据/最终数据/research/media_sentiment_gold_paper/metadata/checksums_sha256.txt","075c9565cdc8da26036abdfd7500d68d828f924dda58cddae03f23164c1dd309","","source_registry|country_monthly_risk|asset_monthly_return|global_cycle_month","LOCAL_ONLY_REUSE_AFTER_FIELD_CHECK","YES_BEFORE_FORMAL_MODEL_USE"
"LCL-0153","20260816_research_archive_v1","ALREADY_LOCAL_VERIFIED","内部","shared","10_数据集原件与说明/本地原件/最终数据/最终数据/research/media_sentiment_gold_paper/metadata/dataset_manifest.csv","a0c7333bbd04c4f0c05619806e23aa9af3b53075b9745496c7a16e94ba3af53c","","source_registry|country_monthly_risk|asset_monthly_return|global_cycle_month","REUSE_AS_CONTEXT_AFTER_CHECK","YES_BEFORE_FORMAL_MODEL_USE"
"LCL-0154","20260816_research_archive_v1","ALREADY_LOCAL_VERIFIED","内部","shared","10_数据集原件与说明/本地原件/最终数据/最终数据/research/media_sentiment_gold_paper/metadata/europepmc_fulltext.xml","1aa9d51b0e09a196758e72f6b58f6df55f42216213930d44fa2eb9e541c71799","","source_registry|country_monthly_risk|asset_monthly_return|global_cycle_month","REUSE_AS_CONTEXT_AFTER_CHECK","YES_BEFORE_FORMAL_MODEL_USE"
"LCL-0155","20260816_research_archive_v1","ALREADY_LOCAL_VERIFIED","内部","private_only","10_数据集原件与说明/本地原件/最终数据/最终数据/research/media_sentiment_gold_paper/metadata/heywhale_app.js","a3f0e314b53435400a271eadc3c164e4a8ea8045bbe39f6f0a5661e2aaf155a7","","source_registry|country_monthly_risk|asset_monthly_return|global_cycle_month","LOCAL_ONLY_REUSE_AFTER_FIELD_CHECK","YES_BEFORE_FORMAL_MODEL_USE"
"LCL-0156","20260816_research_archive_v1","ALREADY_LOCAL_VERIFIED","内部","private_only","10_数据集原件与说明/本地原件/最终数据/最终数据/research/media_sentiment_gold_paper/metadata/heywhale_dataset_page.html","50b7588d55000764dd1e33733bd0d70319d58c77bede63fa47cb6d597b2d2b57","","source_registry|country_monthly_risk|asset_monthly_return|global_cycle_month","LOCAL_ONLY_REUSE_AFTER_FIELD_CHECK","YES_BEFORE_FORMAL_MODEL_USE"
"LCL-0157","20260816_research_archive_v1","ALREADY_LOCAL_VERIFIED","内部","private_only","10_数据集原件与说明/本地原件/最终数据/最终数据/research/media_sentiment_gold_paper/metadata/sge_en_daily.html","a0cae3c4742b81f92f67b66afccc3774b688c6b08c043edc1273cddf776d9546","","source_registry|country_monthly_risk|asset_monthly_return|global_cycle_month","LOCAL_ONLY_REUSE_AFTER_FIELD_CHECK","YES_BEFORE_FORMAL_MODEL_USE"
"LCL-0158","20260816_research_archive_v1","ALREADY_LOCAL_VERIFIED","内部","private_only","10_数据集原件与说明/本地原件/最终数据/最终数据/research/media_sentiment_gold_paper/metadata/sge_func.js","05b2bf8b527f19a71aa6d48cad443622b1453c6af2bff2c00bad5181616ba7b6","","source_registry|country_monthly_risk|asset_monthly_return|global_cycle_month","LOCAL_ONLY_REUSE_AFTER_FIELD_CHECK","YES_BEFORE_FORMAL_MODEL_USE"
"LCL-0159","20260816_research_archive_v1","ALREADY_LOCAL_VERIFIED","内部","private_only","10_数据集原件与说明/本地原件/最终数据/最终数据/research/media_sentiment_gold_paper/metadata/sge_main.js","095cd996e7b768280dc45a479cdb67e3d8c311d127b6cebd88f474262777d947","","source_registry|country_monthly_risk|asset_monthly_return|global_cycle_month","LOCAL_ONLY_REUSE_AFTER_FIELD_CHECK","YES_BEFORE_FORMAL_MODEL_USE"
"LCL-0160","20260816_research_archive_v1","ALREADY_LOCAL_VERIFIED","内部","private_only","10_数据集原件与说明/本地原件/最终数据/最终数据/research/media_sentiment_gold_paper/metadata/sge_quotation_daily_new.html","a8a5d352558791a5e9986e6cdb52c6daeafda3d3203c860cf891f7d63deca57b","","source_registry|country_monthly_risk|asset_monthly_return|global_cycle_month","LOCAL_ONLY_REUSE_AFTER_FIELD_CHECK","YES_BEFORE_FORMAL_MODEL_USE"
"LCL-0161","20260816_research_archive_v1","ALREADY_LOCAL_VERIFIED","内部","private_only","10_数据集原件与说明/本地原件/最终数据/最终数据/research/media_sentiment_gold_paper/metadata/sge_tools.js","3791aae159b6a6b2e37fc533131bdb9d765b425d5823580c9f933ac125b7070e","","source_registry|country_monthly_risk|asset_monthly_return|global_cycle_month","LOCAL_ONLY_REUSE_AFTER_FIELD_CHECK","YES_BEFORE_FORMAL_MODEL_USE"
"LCL-0162","20260816_research_archive_v1","EXCLUDED_SECRET","内部","metadata_only","","036e47d2fec97fe2a96b3a69424a7e3db6f58268c9b2284cfe87e28bfb1571ac","","source_registry|country_monthly_risk|asset_monthly_return|global_cycle_month","EXCLUDE_FROM_ALL_PACKAGES","NOT_APPLICABLE"
"LCL-0163","20260816_research_archive_v1","EXCLUDED_SECRET","内部","metadata_only","","7a4e96f90a2023d863091f0af8b77d34e645a4995be456daacb74dc2b94fbc99","","source_registry|country_monthly_risk|asset_monthly_return|global_cycle_month","EXCLUDE_FROM_ALL_PACKAGES","NOT_APPLICABLE"
"LCL-0164","20260816_research_archive_v1","ALREADY_LOCAL_VERIFIED","内部","shared","10_数据集原件与说明/本地原件/最终数据/最终数据/research/media_sentiment_gold_paper/outputs/019f56e7-91fe-7a43-b1d0-ae50e45c9d0c/论文数据来源与复现清单.xlsx","0f201c8de76bdc2c20c83ef8877bffd963a685b5a205d0310b446dc516c6cce5","","source_registry|country_monthly_risk|asset_monthly_return|global_cycle_month","REUSE_AS_CONTEXT_AFTER_CHECK","YES_BEFORE_FORMAL_MODEL_USE"
"LCL-0165","20260816_research_archive_v1","ALREADY_LOCAL_VERIFIED","内部","private_only","10_数据集原件与说明/本地原件/最终数据/最终数据/research/media_sentiment_gold_paper/outputs/019f56e7-91fe-7a43-b1d0-ae50e45c9d0c/论文数据来源与复现清单.xlsx.inspect.ndjson","3f3960de6bf79f0fdbedd13be0eb34444d13838dd1df9b7c18930753c20d5b75","","source_registry|country_monthly_risk|asset_monthly_return|global_cycle_month","LOCAL_ONLY_REUSE_AFTER_FIELD_CHECK","YES_BEFORE_FORMAL_MODEL_USE"
"LCL-0166","20260816_research_archive_v1","ALREADY_LOCAL_VERIFIED","内部","private_only","10_数据集原件与说明/本地原件/最终数据/最终数据/research/media_sentiment_gold_paper/outputs/019f56e7-91fe-7a43-b1d0-ae50e45c9d0c/formula_error_scan.ndjson","acc0111e19cf44d2753fc9ecd164bf1b27fbd65597463a25cf48bd1c65e90146","","source_registry|country_monthly_risk|asset_monthly_return|global_cycle_month","LOCAL_ONLY_REUSE_AFTER_FIELD_CHECK","YES_BEFORE_FORMAL_MODEL_USE"
"LCL-0167","20260816_research_archive_v1","ALREADY_LOCAL_VERIFIED","内部","shared","10_数据集原件与说明/本地原件/最终数据/最终数据/research/media_sentiment_gold_paper/outputs/019f56e7-91fe-7a43-b1d0-ae50e45c9d0c/previews/导读.png","56c9d2012b5808783749b1c3fb08a517d84614c629dbbc47fc67f72be2cd1898","","source_registry|country_monthly_risk|asset_monthly_return|global_cycle_month","REUSE_AS_CONTEXT_AFTER_CHECK","YES_BEFORE_FORMAL_MODEL_USE"
"LCL-0168","20260816_research_archive_v1","ALREADY_LOCAL_VERIFIED","内部","shared","10_数据集原件与说明/本地原件/最终数据/最终数据/research/media_sentiment_gold_paper/outputs/019f56e7-91fe-7a43-b1d0-ae50e45c9d0c/previews/复现风险.png","2b200869f2b6818b962d592cddac74298f218b5c6dfeaea682537c73aed3e5bf","","source_registry|country_monthly_risk|asset_monthly_return|global_cycle_month","REUSE_AS_CONTEXT_AFTER_CHECK","YES_BEFORE_FORMAL_MODEL_USE"
"LCL-0169","20260816_research_archive_v1","ALREADY_LOCAL_VERIFIED","内部","shared","10_数据集原件与说明/本地原件/最终数据/最终数据/research/media_sentiment_gold_paper/outputs/019f56e7-91fe-7a43-b1d0-ae50e45c9d0c/previews/美元指数代理.png","beec18add2f22e0aa215d267e719cf3c55dd5284f3072ae000d5b41e0498a0e0","","source_registry|country_monthly_risk|asset_monthly_return|global_cycle_month","REUSE_AS_CONTEXT_AFTER_CHECK","YES_BEFORE_FORMAL_MODEL_USE"
"LCL-0170","20260816_research_archive_v1","ALREADY_LOCAL_VERIFIED","内部","shared","10_数据集原件与说明/本地原件/最终数据/最终数据/research/media_sentiment_gold_paper/outputs/019f56e7-91fe-7a43-b1d0-ae50e45c9d0c/previews/商品月度代理.png","a4fca2c492d06fd2af7e22e911c9a7391264a7bac57f45c1e008941c328ac087","","source_registry|country_monthly_risk|asset_monthly_return|global_cycle_month","REUSE_AS_CONTEXT_AFTER_CHECK","YES_BEFORE_FORMAL_MODEL_USE"
"LCL-0171","20260816_research_archive_v1","ALREADY_LOCAL_VERIFIED","内部","shared","10_数据集原件与说明/本地原件/最终数据/最终数据/research/media_sentiment_gold_paper/outputs/019f56e7-91fe-7a43-b1d0-ae50e45c9d0c/previews/实际利率代理.png","b8cbbd3916426bcf3a30150ee2179b35910a28bf85738bb29d2765b2a9c394b0","","source_registry|country_monthly_risk|asset_monthly_return|global_cycle_month","REUSE_AS_CONTEXT_AFTER_CHECK","YES_BEFORE_FORMAL_MODEL_USE"
"LCL-0172","20260816_research_archive_v1","ALREADY_LOCAL_VERIFIED","内部","shared","10_数据集原件与说明/本地原件/最终数据/最终数据/research/media_sentiment_gold_paper/outputs/019f56e7-91fe-7a43-b1d0-ae50e45c9d0c/previews/数据清单.png","d66875fcac53ada943fcc255177b270cdb938ef65fc1e30d7995bec569f933a9","","source_registry|country_monthly_risk|asset_monthly_return|global_cycle_month","REUSE_AS_CONTEXT_AFTER_CHECK","YES_BEFORE_FORMAL_MODEL_USE"
"LCL-0173","20260816_research_archive_v1","ALREADY_LOCAL_VERIFIED","内部","shared","10_数据集原件与说明/本地原件/最终数据/最终数据/research/media_sentiment_gold_paper/outputs/019f56e7-91fe-7a43-b1d0-ae50e45c9d0c/previews/质量检查.png","4a831ed5fa86ecdc11af920f5813b77ac9bc9491c13d091a24635481d008dcd4","","source_registry|country_monthly_risk|asset_monthly_return|global_cycle_month","REUSE_AS_CONTEXT_AFTER_CHECK","YES_BEFORE_FORMAL_MODEL_USE"
"LCL-0174","20260816_research_archive_v1","ALREADY_LOCAL_VERIFIED","内部","shared","10_数据集原件与说明/本地原件/最终数据/最终数据/research/media_sentiment_gold_paper/outputs/019f56e7-91fe-7a43-b1d0-ae50e45c9d0c/previews/EPU代理.png","fcc4d5d2f09bdd43304cd8e020b395d78215587289576e9a1dcb71b86f538552","","source_registry|country_monthly_risk|asset_monthly_return|global_cycle_month","REUSE_AS_CONTEXT_AFTER_CHECK","YES_BEFORE_FORMAL_MODEL_USE"
"LCL-0175","20260816_research_archive_v1","ALREADY_LOCAL_VERIFIED","内部","shared","10_数据集原件与说明/本地原件/最终数据/最终数据/research/media_sentiment_gold_paper/outputs/019f56e7-91fe-7a43-b1d0-ae50e45c9d0c/previews/THUOCL财经词表.png","1d06b1958bc3fdba744a5055c28338172ea6f8e621f45c45be4f31d1fb207fea","","source_registry|country_monthly_risk|asset_monthly_return|global_cycle_month","REUSE_AS_CONTEXT_AFTER_CHECK","YES_BEFORE_FORMAL_MODEL_USE"
"LCL-0176","20260816_research_archive_v1","ALREADY_LOCAL_VERIFIED","内部","private_only","10_数据集原件与说明/本地原件/最终数据/最终数据/research/media_sentiment_gold_paper/outputs/019f56e7-91fe-7a43-b1d0-ae50e45c9d0c/workbook_inspect.ndjson","0b6ae80ef747fff19c464db237e165e78ab63611686614db7def0cf6320c6353","","source_registry|country_monthly_risk|asset_monthly_return|global_cycle_month","LOCAL_ONLY_REUSE_AFTER_FIELD_CHECK","YES_BEFORE_FORMAL_MODEL_USE"
"LCL-0177","20260816_research_archive_v1","ALREADY_LOCAL_VERIFIED","内部","shared","10_数据集原件与说明/本地原件/最终数据/最终数据/research/media_sentiment_gold_paper/README_论文学习与数据说明.md","b423033d42841d2cb258f7f3c6bfefc09eea27ec10ff2ac92c74b6f5123b7347","","source_registry|country_monthly_risk|asset_monthly_return|global_cycle_month","REUSE_AS_CONTEXT_AFTER_CHECK","YES_BEFORE_FORMAL_MODEL_USE"
"LCL-0178","20260816_research_archive_v1","ALREADY_LOCAL_VERIFIED","内部","shared","10_数据集原件与说明/本地原件/最终数据/最终数据/research/media_sentiment_gold_paper/scripts/build_reproducibility_package.mjs","78b91219f6df916073a1d55ee6e66f5702532985a664b019a1488c8431d5b82a","","source_registry|country_monthly_risk|asset_monthly_return|global_cycle_month","REUSE_AS_CONTEXT_AFTER_CHECK","YES_BEFORE_FORMAL_MODEL_USE"
"LCL-0179","20260816_research_archive_v1","ALREADY_LOCAL_VERIFIED","A","shared","01_比赛与项目基线/本地原件/XH-202612_Smartbi AI驱动的数据创新平台研究.pdf","f340b535e9a64e681030a6e45be673a9704163b77c29b49575aaae6d0475b242","","source_registry","REUSE_AFTER_FIELD_AND_CLAIM_CHECK","YES_BEFORE_FORMAL_MODEL_USE"
"LCL-0180","20260816_research_archive_v1","ALREADY_LOCAL_VERIFIED","内部","shared","01_比赛与项目基线/本地原件/XH-202612比赛硬性要求与评分标准_含技术方案.xlsx","29f5360c483e95434bd813060528e7fcd566a02fdfa0057cabaf06c8ed3b5867","","source_registry","REUSE_AS_CONTEXT_AFTER_CHECK","YES_BEFORE_FORMAL_MODEL_USE"
"WEB-0001","20260816_research_archive_v1","METADATA_ONLY_LICENSE","D","metadata_only","","","","global_cycle_month|historical_crisis_event|country_event","METADATA_ONLY_DO_NOT_REDISTRIBUTE","YES_BEFORE_FORMAL_MODEL_USE"
"WEB-0002","20260816_research_archive_v1","DOWNLOADED_VERIFIED","B","shared","06_黄金美元与储备配置/外部原件/WEB-0002__a_href=_/original.html","5a19140e05a2c7aa67b27b5af4b0acec69a859ef5dd9ca4feccbd2dff793c452","","asset_monthly_return|portfolio_scenario","REUSE_AFTER_FIELD_AND_CLAIM_CHECK","YES_BEFORE_FORMAL_MODEL_USE"
"WEB-0003","20260816_research_archive_v1","METADATA_ONLY_LICENSE","D","metadata_only","","","","global_cycle_month|historical_crisis_event|country_event","METADATA_ONLY_DO_NOT_REDISTRIBUTE","YES_BEFORE_FORMAL_MODEL_USE"
"WEB-0004","20260816_research_archive_v1","METADATA_ONLY_LICENSE","D","metadata_only","","","","company_overseas_exposure|case_evidence","METADATA_ONLY_DO_NOT_REDISTRIBUTE","YES_BEFORE_FORMAL_MODEL_USE"
"WEB-0005","20260816_research_archive_v1","METADATA_ONLY_LICENSE","D","metadata_only","","","","asset_monthly_return|portfolio_scenario","METADATA_ONLY_DO_NOT_REDISTRIBUTE","YES_BEFORE_FORMAL_MODEL_USE"
"WEB-0006","20260816_research_archive_v1","METADATA_ONLY_LICENSE","D","metadata_only","","","","asset_monthly_return|portfolio_scenario","METADATA_ONLY_DO_NOT_REDISTRIBUTE","YES_BEFORE_FORMAL_MODEL_USE"
"WEB-0007","20260816_research_archive_v1","METADATA_ONLY_LICENSE","D","metadata_only","","","","asset_monthly_return|portfolio_scenario","METADATA_ONLY_DO_NOT_REDISTRIBUTE","YES_BEFORE_FORMAL_MODEL_USE"
"WEB-0008","20260816_research_archive_v1","DOWNLOADED_VERIFIED","D","private_only","08_企业案例与公开披露/外部原件/WEB-0008_中国期货业协会分析框架，2022/original.pdf","b62a2d2650c0a35acc1e9c8585a5fd252cef7b1aa31928b414af748ca1456110","","company_overseas_exposure|case_evidence","LOCAL_ONLY_REUSE_AFTER_FIELD_CHECK","YES_BEFORE_FORMAL_MODEL_USE"
"WEB-0009","20260816_research_archive_v1","METADATA_ONLY_LICENSE","D","metadata_only","","","","company_overseas_exposure|case_evidence","METADATA_ONLY_DO_NOT_REDISTRIBUTE","YES_BEFORE_FORMAL_MODEL_USE"
"WEB-0010","20260816_research_archive_v1","METADATA_ONLY_LICENSE","D","metadata_only","","","","company_overseas_exposure|case_evidence","METADATA_ONLY_DO_NOT_REDISTRIBUTE","YES_BEFORE_FORMAL_MODEL_USE"
"WEB-0011","20260816_research_archive_v1","DOWNLOADED_VERIFIED","A","shared","08_企业案例与公开披露/外部原件/WEB-0011_人民银行，2022/original.html","876d048a0421cf84f86f5f6fee7311f412caaac18baf14473872120d4c402430","","company_overseas_exposure|case_evidence","REUSE_AFTER_FIELD_AND_CLAIM_CHECK","YES_BEFORE_FORMAL_MODEL_USE"
"WEB-0012","20260816_research_archive_v1","METADATA_ONLY_LICENSE","D","metadata_only","","","","company_overseas_exposure|case_evidence","METADATA_ONLY_DO_NOT_REDISTRIBUTE","YES_BEFORE_FORMAL_MODEL_USE"
"WEB-0013","20260816_research_archive_v1","DOWNLOADED_VERIFIED","B","shared","06_黄金美元与储备配置/外部原件/WEB-0013__a_href=_/original.html","14f112f8f20d7815cf5f4fb854a3cb4a7ffe2cbde00504fc7efafafa31ba9d8b","","asset_monthly_return|portfolio_scenario","REUSE_AFTER_FIELD_AND_CLAIM_CHECK","YES_BEFORE_FORMAL_MODEL_USE"
"WEB-0014","20260816_research_archive_v1","METADATA_ONLY_LICENSE","D","metadata_only","","","","asset_monthly_return|portfolio_scenario","METADATA_ONLY_DO_NOT_REDISTRIBUTE","YES_BEFORE_FORMAL_MODEL_USE"
"WEB-0015","20260816_research_archive_v1","MANUAL_ACTION_REQUIRED","D","metadata_only","","","","country_policy_year|portfolio_scenario|source_registry","USER_ACTION_BEFORE_USE","YES_BEFORE_FORMAL_MODEL_USE"
"WEB-0016","20260816_research_archive_v1","DOWNLOADED_VERIFIED","D","private_only","08_企业案例与公开披露/外部原件/WEB-0016_UBS_GFOR_2025/original.pdf","26e00fa9571bf5bf95269fcfbfb02e22da91ea5debca251202bebbd8d74bc2a3","","company_overseas_exposure|case_evidence","LOCAL_ONLY_REUSE_AFTER_FIELD_CHECK","YES_BEFORE_FORMAL_MODEL_USE"
"WEB-0017","20260816_research_archive_v1","METADATA_ONLY_LICENSE","D","metadata_only","","","","company_overseas_exposure|case_evidence","METADATA_ONLY_DO_NOT_REDISTRIBUTE","YES_BEFORE_FORMAL_MODEL_USE"
"WEB-0018","20260816_research_archive_v1","METADATA_ONLY_LICENSE","D","metadata_only","","","","company_overseas_exposure|case_evidence","METADATA_ONLY_DO_NOT_REDISTRIBUTE","YES_BEFORE_FORMAL_MODEL_USE"
"WEB-0019","20260816_research_archive_v1","MANUAL_ACTION_REQUIRED","D","metadata_only","","","","asset_monthly_return|portfolio_scenario","USER_ACTION_BEFORE_USE","YES_BEFORE_FORMAL_MODEL_USE"
"WEB-0020","20260816_research_archive_v1","DOWNLOADED_VERIFIED","D","private_only","05_全球周期与历史危机/外部原件/WEB-0020_5._American_Institute_for_Economic_Research（AIER），《The_Federal_Reserve_B/original.pdf","b35e0ff1c1df376dba1c2b04704ba79c43ce2bd81470ce2584f053c0744b2397","","global_cycle_month|historical_crisis_event|country_event","LOCAL_ONLY_REUSE_AFTER_FIELD_CHECK","YES_BEFORE_FORMAL_MODEL_USE"
"WEB-0021","20260816_research_archive_v1","METADATA_ONLY_LICENSE","D","metadata_only","","","","asset_monthly_return|portfolio_scenario","METADATA_ONLY_DO_NOT_REDISTRIBUTE","YES_BEFORE_FORMAL_MODEL_USE"
"WEB-0022","20260816_research_archive_v1","METADATA_ONLY_LICENSE","D","metadata_only","","","","company_overseas_exposure|case_evidence","METADATA_ONLY_DO_NOT_REDISTRIBUTE","YES_BEFORE_FORMAL_MODEL_USE"
"WEB-0023","20260816_research_archive_v1","METADATA_ONLY_LICENSE","D","metadata_only","","","","company_overseas_exposure|case_evidence","METADATA_ONLY_DO_NOT_REDISTRIBUTE","YES_BEFORE_FORMAL_MODEL_USE"
"WEB-0024","20260816_research_archive_v1","METADATA_ONLY_LICENSE","D","metadata_only","","","","global_cycle_month|historical_crisis_event|country_event","METADATA_ONLY_DO_NOT_REDISTRIBUTE","YES_BEFORE_FORMAL_MODEL_USE"
"WEB-0025","20260816_research_archive_v1","METADATA_ONLY_LICENSE","D","metadata_only","","","","company_overseas_exposure|case_evidence","METADATA_ONLY_DO_NOT_REDISTRIBUTE","YES_BEFORE_FORMAL_MODEL_USE"
"WEB-0026","20260816_research_archive_v1","DOWNLOADED_VERIFIED","B","shared","06_黄金美元与储备配置/外部原件/WEB-0026_XLSX_entry_xl_worksheets_sheet4.xml/original.html","ae686d1ba00f29ac75ac495fc6dabc3909a0e3893063976f37d3705567d6dd9f","","asset_monthly_return|portfolio_scenario","REUSE_AFTER_FIELD_AND_CLAIM_CHECK","YES_BEFORE_FORMAL_MODEL_USE"
"WEB-0027","20260816_research_archive_v1","METADATA_ONLY_LICENSE","D","metadata_only","","","","global_cycle_month|historical_crisis_event|country_event","METADATA_ONLY_DO_NOT_REDISTRIBUTE","YES_BEFORE_FORMAL_MODEL_USE"
"WEB-0028","20260816_research_archive_v1","METADATA_ONLY_LICENSE","D","metadata_only","","","","company_overseas_exposure|case_evidence","METADATA_ONLY_DO_NOT_REDISTRIBUTE","YES_BEFORE_FORMAL_MODEL_USE"
"WEB-0029","20260816_research_archive_v1","METADATA_ONLY_LICENSE","D","metadata_only","","","","company_overseas_exposure|case_evidence","METADATA_ONLY_DO_NOT_REDISTRIBUTE","YES_BEFORE_FORMAL_MODEL_USE"
"WEB-0030","20260816_research_archive_v1","METADATA_ONLY_LICENSE","D","metadata_only","","","","asset_monthly_return|portfolio_scenario","METADATA_ONLY_DO_NOT_REDISTRIBUTE","YES_BEFORE_FORMAL_MODEL_USE"
"WEB-0031","20260816_research_archive_v1","METADATA_ONLY_LICENSE","D","metadata_only","","","","asset_monthly_return|portfolio_scenario","METADATA_ONLY_DO_NOT_REDISTRIBUTE","YES_BEFORE_FORMAL_MODEL_USE"
"WEB-0032","20260816_research_archive_v1","METADATA_ONLY_LICENSE","D","metadata_only","","","","company_overseas_exposure|case_evidence","METADATA_ONLY_DO_NOT_REDISTRIBUTE","YES_BEFORE_FORMAL_MODEL_USE"
"WEB-0033","20260816_research_archive_v1","METADATA_ONLY_LICENSE","D","metadata_only","","","","asset_monthly_return|portfolio_scenario","METADATA_ONLY_DO_NOT_REDISTRIBUTE","YES_BEFORE_FORMAL_MODEL_USE"
"WEB-0034","20260816_research_archive_v1","METADATA_ONLY_LICENSE","D","metadata_only","","","","global_cycle_month|historical_crisis_event|country_event","METADATA_ONLY_DO_NOT_REDISTRIBUTE","YES_BEFORE_FORMAL_MODEL_USE"
"WEB-0035","20260816_research_archive_v1","METADATA_ONLY_LICENSE","D","metadata_only","","","","global_cycle_month|historical_crisis_event|country_event","METADATA_ONLY_DO_NOT_REDISTRIBUTE","YES_BEFORE_FORMAL_MODEL_USE"
"WEB-0036","20260816_research_archive_v1","METADATA_ONLY_LICENSE","D","metadata_only","","","","country_policy_year|portfolio_scenario|source_registry","METADATA_ONLY_DO_NOT_REDISTRIBUTE","YES_BEFORE_FORMAL_MODEL_USE"
"WEB-0037","20260816_research_archive_v1","METADATA_ONLY_LICENSE","D","metadata_only","","","","asset_monthly_return|portfolio_scenario","METADATA_ONLY_DO_NOT_REDISTRIBUTE","YES_BEFORE_FORMAL_MODEL_USE"
"WEB-0038","20260816_research_archive_v1","METADATA_ONLY_LICENSE","D","metadata_only","","","","asset_monthly_return|portfolio_scenario","METADATA_ONLY_DO_NOT_REDISTRIBUTE","YES_BEFORE_FORMAL_MODEL_USE"
"WEB-0039","20260816_research_archive_v1","DOWNLOADED_VERIFIED","B","shared","04_国别货币与中国出海/外部原件/WEB-0039_boards,/original.html","c0a10f2418a28068c049160137cb845ae4352b1d2122b1b144c0a82eede9414c","","country_exposure|country_monthly_risk|country_policy_year|country_event","REUSE_AFTER_FIELD_AND_CLAIM_CHECK","YES_BEFORE_FORMAL_MODEL_USE"
"WEB-0040","20260816_research_archive_v1","DOWNLOADED_VERIFIED","B","private_only","06_黄金美元与储备配置/外部原件/WEB-0040_PDF_link_annotation_/original.html","5af957bae8820ee66003644d533d76c2b688025cc474449a524cd780e645739b","","asset_monthly_return|portfolio_scenario","LOCAL_ONLY_REUSE_AFTER_FIELD_CHECK","YES_BEFORE_FORMAL_MODEL_USE"
"WEB-0041","20260816_research_archive_v1","METADATA_ONLY_LICENSE","D","metadata_only","","","","country_exposure|country_monthly_risk|country_policy_year|country_event","METADATA_ONLY_DO_NOT_REDISTRIBUTE","YES_BEFORE_FORMAL_MODEL_USE"
"WEB-0042","20260816_research_archive_v1","DOWNLOADED_VERIFIED","B","shared","04_国别货币与中国出海/外部原件/WEB-0042_PDF_link_annotation_/original.html","e4a758fb95d8a31735250e7cbd98db3d3f00a6564d9912c93c7243e5f7a2fbce","","country_exposure|country_monthly_risk|country_policy_year|country_event","REUSE_AFTER_FIELD_AND_CLAIM_CHECK","YES_BEFORE_FORMAL_MODEL_USE"
"WEB-0043","20260816_research_archive_v1","DOWNLOADED_VERIFIED","B","shared","04_国别货币与中国出海/外部原件/WEB-0043_PDF_link_annotation_/original.html","4f08e99a0bec4fb17e9e482776cf8d6674f266a3059deb3f81cb352ee2fd7dae","","country_exposure|country_monthly_risk|country_policy_year|country_event","REUSE_AFTER_FIELD_AND_CLAIM_CHECK","YES_BEFORE_FORMAL_MODEL_USE"
"WEB-0044","20260816_research_archive_v1","DOWNLOADED_VERIFIED","B","shared","04_国别货币与中国出海/外部原件/WEB-0044_World_Bank数据许可/original.html","cd24ee59ee1a06d4a0e85e1ee7ce5bb739c5aaf22faf21ae678ece18e173a6f2","","country_exposure|country_monthly_risk|country_policy_year|country_event","REUSE_AFTER_FIELD_AND_CLAIM_CHECK","YES_BEFORE_FORMAL_MODEL_USE"
"WEB-0045","20260816_research_archive_v1","DOWNLOADED_VERIFIED","B","shared","07_会计合规与制裁/外部原件/WEB-0045_8._俄罗斯_2015_年_GDP（-2%）：世界银行_WDI：_/original.html","7447019ebfbce3dcaa9b0a94b0b61636be37971f0b3d616c66d5a99a4add65a4","","country_policy_year|portfolio_scenario|source_registry","REUSE_AFTER_FIELD_AND_CLAIM_CHECK","YES_BEFORE_FORMAL_MODEL_USE"
"WEB-0046","20260816_research_archive_v1","DOWNLOADED_VERIFIED","B","shared","06_黄金美元与储备配置/外部原件/WEB-0046_3_World_Bank,_Global_Economic_Monitor,/original.html","e167bce407ba779977327205217dfc02da53b35479efc13290a0f0fc9b279512","","asset_monthly_return|portfolio_scenario","REUSE_AFTER_FIELD_AND_CLAIM_CHECK","YES_BEFORE_FORMAL_MODEL_USE"
"WEB-0047","20260816_research_archive_v1","BROKEN_OR_UNREACHABLE","B","shared","","","WEB-0048","country_exposure|country_monthly_risk|country_policy_year|country_event","USE_REPLACEMENT_SOURCE","YES_BEFORE_FORMAL_MODEL_USE"
"WEB-0048","20260816_research_archive_v1","DOWNLOADED_VERIFIED","B","shared","06_黄金美元与储备配置/外部原件/WEB-0048_PDF_link_annotation_/original.html","b37f54cbf4560ad4530590622fe0248710582df44bea0c35623a686e50699aa9","","asset_monthly_return|portfolio_scenario","REUSE_AFTER_FIELD_AND_CLAIM_CHECK","YES_BEFORE_FORMAL_MODEL_USE"
"WEB-0049","20260816_research_archive_v1","DOWNLOADED_VERIFIED","B","shared","04_国别货币与中国出海/外部原件/WEB-0049_8_World_Bank,_Indicator_API_Queries,/original.html","5ad17ddf525068fa4f9e8a649a4907ef16037345d9f5ec96223edcaa258134cd","","country_exposure|country_monthly_risk|country_policy_year|country_event","REUSE_AFTER_FIELD_AND_CLAIM_CHECK","YES_BEFORE_FORMAL_MODEL_USE"
"WEB-0050","20260816_research_archive_v1","DOWNLOADED_VERIFIED","B","shared","06_黄金美元与储备配置/外部原件/WEB-0050_PDF_link_annotation_/original.html","d73c8875622059f843ebba11b950f5a3838808aa07dd8b79a66df805a4e9b0a5","","asset_monthly_return|portfolio_scenario","REUSE_AFTER_FIELD_AND_CLAIM_CHECK","YES_BEFORE_FORMAL_MODEL_USE"
"WEB-0051","20260816_research_archive_v1","METADATA_ONLY_LICENSE","D","metadata_only","","","","country_exposure|country_monthly_risk|country_policy_year|country_event","METADATA_ONLY_DO_NOT_REDISTRIBUTE","YES_BEFORE_FORMAL_MODEL_USE"
"WEB-0052","20260816_research_archive_v1","METADATA_ONLY_LICENSE","D","metadata_only","","","","company_overseas_exposure|case_evidence","METADATA_ONLY_DO_NOT_REDISTRIBUTE","YES_BEFORE_FORMAL_MODEL_USE"
"WEB-0053","20260816_research_archive_v1","METADATA_ONLY_LICENSE","D","metadata_only","","","","global_cycle_month|historical_crisis_event|country_event","METADATA_ONLY_DO_NOT_REDISTRIBUTE","YES_BEFORE_FORMAL_MODEL_USE"
"WEB-0054","20260816_research_archive_v1","FETCH_FAILED","D","private_only","","","WEB-0384","company_overseas_exposure|case_evidence","USE_REPLACEMENT_SOURCE","YES_BEFORE_FORMAL_MODEL_USE"
"WEB-0055","20260816_research_archive_v1","METADATA_ONLY_LICENSE","D","metadata_only","","","","country_exposure|country_monthly_risk|country_policy_year|country_event","METADATA_ONLY_DO_NOT_REDISTRIBUTE","YES_BEFORE_FORMAL_MODEL_USE"
"WEB-0056","20260816_research_archive_v1","METADATA_ONLY_LICENSE","D","metadata_only","","","","asset_monthly_return|portfolio_scenario","METADATA_ONLY_DO_NOT_REDISTRIBUTE","YES_BEFORE_FORMAL_MODEL_USE"
"WEB-0057","20260816_research_archive_v1","METADATA_ONLY_LICENSE","D","metadata_only","","","","asset_monthly_return|portfolio_scenario","METADATA_ONLY_DO_NOT_REDISTRIBUTE","YES_BEFORE_FORMAL_MODEL_USE"
"WEB-0058","20260816_research_archive_v1","METADATA_ONLY_LICENSE","D","metadata_only","","","","global_cycle_month|historical_crisis_event|country_event","METADATA_ONLY_DO_NOT_REDISTRIBUTE","YES_BEFORE_FORMAL_MODEL_USE"
"WEB-0059","20260816_research_archive_v1","METADATA_ONLY_LICENSE","D","metadata_only","","","","global_cycle_month|historical_crisis_event|country_event","METADATA_ONLY_DO_NOT_REDISTRIBUTE","YES_BEFORE_FORMAL_MODEL_USE"
"WEB-0060","20260816_research_archive_v1","DOWNLOADED_VERIFIED","B","shared","06_黄金美元与储备配置/外部原件/WEB-0060_PDF_link_annotation_/original.html","21a09c1bfdaaf102f8bafaac96ff1f6722f1afaec0dc0d678ede00e291a70783","","asset_monthly_return|portfolio_scenario","REUSE_AFTER_FIELD_AND_CLAIM_CHECK","YES_BEFORE_FORMAL_MODEL_USE"
"WEB-0061","20260816_research_archive_v1","METADATA_ONLY_LICENSE","B","metadata_only","","","","asset_monthly_return|portfolio_scenario","METADATA_ONLY_DO_NOT_REDISTRIBUTE","YES_BEFORE_FORMAL_MODEL_USE"
"WEB-0062","20260816_research_archive_v1","METADATA_ONLY_LICENSE","D","metadata_only","","","","company_overseas_exposure|case_evidence","METADATA_ONLY_DO_NOT_REDISTRIBUTE","YES_BEFORE_FORMAL_MODEL_USE"
"WEB-0063","20260816_research_archive_v1","METADATA_ONLY_LICENSE","C","metadata_only","","","","company_overseas_exposure|case_evidence","METADATA_ONLY_DO_NOT_REDISTRIBUTE","YES_BEFORE_FORMAL_MODEL_USE"
"WEB-0064","20260816_research_archive_v1","METADATA_ONLY_LICENSE","D","metadata_only","","","","company_overseas_exposure|case_evidence","METADATA_ONLY_DO_NOT_REDISTRIBUTE","YES_BEFORE_FORMAL_MODEL_USE"
"WEB-0065","20260816_research_archive_v1","METADATA_ONLY_LICENSE","D","metadata_only","","","","company_overseas_exposure|case_evidence","METADATA_ONLY_DO_NOT_REDISTRIBUTE","YES_BEFORE_FORMAL_MODEL_USE"
"WEB-0066","20260816_research_archive_v1","METADATA_ONLY_LICENSE","C","metadata_only","","","","company_overseas_exposure|case_evidence","METADATA_ONLY_DO_NOT_REDISTRIBUTE","YES_BEFORE_FORMAL_MODEL_USE"
"WEB-0067","20260816_research_archive_v1","METADATA_ONLY_LICENSE","C","metadata_only","","","","global_cycle_month|historical_crisis_event|country_event","METADATA_ONLY_DO_NOT_REDISTRIBUTE","YES_BEFORE_FORMAL_MODEL_USE"
"WEB-0068","20260816_research_archive_v1","METADATA_ONLY_LICENSE","C","metadata_only","","","","company_overseas_exposure|case_evidence","METADATA_ONLY_DO_NOT_REDISTRIBUTE","YES_BEFORE_FORMAL_MODEL_USE"
"WEB-0069","20260816_research_archive_v1","METADATA_ONLY_LICENSE","C","metadata_only","","","","company_overseas_exposure|case_evidence","METADATA_ONLY_DO_NOT_REDISTRIBUTE","YES_BEFORE_FORMAL_MODEL_USE"
"WEB-0070","20260816_research_archive_v1","METADATA_ONLY_LICENSE","C","metadata_only","","","","company_overseas_exposure|case_evidence","METADATA_ONLY_DO_NOT_REDISTRIBUTE","YES_BEFORE_FORMAL_MODEL_USE"
"WEB-0071","20260816_research_archive_v1","METADATA_ONLY_LICENSE","D","metadata_only","","","","global_cycle_month|historical_crisis_event|country_event","METADATA_ONLY_DO_NOT_REDISTRIBUTE","YES_BEFORE_FORMAL_MODEL_USE"
"WEB-0072","20260816_research_archive_v1","METADATA_ONLY_LICENSE","D","metadata_only","","","","global_cycle_month|historical_crisis_event|country_event","METADATA_ONLY_DO_NOT_REDISTRIBUTE","YES_BEFORE_FORMAL_MODEL_USE"
"WEB-0073","20260816_research_archive_v1","DOWNLOADED_VERIFIED","D","private_only","08_企业案例与公开披露/外部原件/WEB-0073_3._美国财政部年报（1940，圣路易斯联储_FRASER_档案）：1911–1932_年白银年均价格表，1929_年_53.3_美分、1932/original.pdf","76c9e427a5389249ecc8a95b51bde570900dc76a90b55bb867737e7c9a868171","","company_overseas_exposure|case_evidence","LOCAL_ONLY_REUSE_AFTER_FIELD_CHECK","YES_BEFORE_FORMAL_MODEL_USE"
"WEB-0074","20260816_research_archive_v1","METADATA_ONLY_LICENSE","D","metadata_only","","","","asset_monthly_return|portfolio_scenario","METADATA_ONLY_DO_NOT_REDISTRIBUTE","YES_BEFORE_FORMAL_MODEL_USE"
"WEB-0075","20260816_research_archive_v1","METADATA_ONLY_LICENSE","D","metadata_only","","","","asset_monthly_return|portfolio_scenario","METADATA_ONLY_DO_NOT_REDISTRIBUTE","YES_BEFORE_FORMAL_MODEL_USE"
"WEB-0076","20260816_research_archive_v1","METADATA_ONLY_LICENSE","D","metadata_only","","","","asset_monthly_return|portfolio_scenario","METADATA_ONLY_DO_NOT_REDISTRIBUTE","YES_BEFORE_FORMAL_MODEL_USE"
"WEB-0077","20260816_research_archive_v1","METADATA_ONLY_LICENSE","D","metadata_only","","","","asset_monthly_return|portfolio_scenario","METADATA_ONLY_DO_NOT_REDISTRIBUTE","YES_BEFORE_FORMAL_MODEL_USE"
"WEB-0078","20260816_research_archive_v1","METADATA_ONLY_LICENSE","D","metadata_only","","","","company_overseas_exposure|case_evidence","METADATA_ONLY_DO_NOT_REDISTRIBUTE","YES_BEFORE_FORMAL_MODEL_USE"
"WEB-0079","20260816_research_archive_v1","METADATA_ONLY_LICENSE","D","metadata_only","","","","asset_monthly_return|portfolio_scenario","METADATA_ONLY_DO_NOT_REDISTRIBUTE","YES_BEFORE_FORMAL_MODEL_USE"
"WEB-0080","20260816_research_archive_v1","METADATA_ONLY_LICENSE","D","metadata_only","","","","country_policy_year|portfolio_scenario|source_registry","METADATA_ONLY_DO_NOT_REDISTRIBUTE","YES_BEFORE_FORMAL_MODEL_USE"
"WEB-0081","20260816_research_archive_v1","METADATA_ONLY_LICENSE","D","metadata_only","","","","global_cycle_month|historical_crisis_event|country_event","METADATA_ONLY_DO_NOT_REDISTRIBUTE","YES_BEFORE_FORMAL_MODEL_USE"
"WEB-0082","20260816_research_archive_v1","METADATA_ONLY_LICENSE","D","metadata_only","","","","company_overseas_exposure|case_evidence","METADATA_ONLY_DO_NOT_REDISTRIBUTE","YES_BEFORE_FORMAL_MODEL_USE"
"WEB-0083","20260816_research_archive_v1","METADATA_ONLY_LICENSE","D","metadata_only","","","","asset_monthly_return|portfolio_scenario","METADATA_ONLY_DO_NOT_REDISTRIBUTE","YES_BEFORE_FORMAL_MODEL_USE"
"WEB-0084","20260816_research_archive_v1","METADATA_ONLY_LICENSE","D","metadata_only","","","","global_cycle_month|historical_crisis_event|country_event","METADATA_ONLY_DO_NOT_REDISTRIBUTE","YES_BEFORE_FORMAL_MODEL_USE"
"WEB-0085","20260816_research_archive_v1","METADATA_ONLY_LICENSE","D","metadata_only","","","","country_policy_year|portfolio_scenario|source_registry","METADATA_ONLY_DO_NOT_REDISTRIBUTE","YES_BEFORE_FORMAL_MODEL_USE"
"WEB-0086","20260816_research_archive_v1","METADATA_ONLY_LICENSE","D","metadata_only","","","","global_cycle_month|historical_crisis_event|country_event","METADATA_ONLY_DO_NOT_REDISTRIBUTE","YES_BEFORE_FORMAL_MODEL_USE"
"WEB-0087","20260816_research_archive_v1","METADATA_ONLY_LICENSE","D","metadata_only","","","","asset_monthly_return|portfolio_scenario","METADATA_ONLY_DO_NOT_REDISTRIBUTE","YES_BEFORE_FORMAL_MODEL_USE"
"WEB-0088","20260816_research_archive_v1","METADATA_ONLY_LICENSE","D","metadata_only","","","","global_cycle_month|historical_crisis_event|country_event","METADATA_ONLY_DO_NOT_REDISTRIBUTE","YES_BEFORE_FORMAL_MODEL_USE"
"WEB-0089","20260816_research_archive_v1","METADATA_ONLY_LICENSE","D","metadata_only","","","","asset_monthly_return|portfolio_scenario","METADATA_ONLY_DO_NOT_REDISTRIBUTE","YES_BEFORE_FORMAL_MODEL_USE"
"WEB-0090","20260816_research_archive_v1","METADATA_ONLY_LICENSE","D","metadata_only","","","","asset_monthly_return|portfolio_scenario","METADATA_ONLY_DO_NOT_REDISTRIBUTE","YES_BEFORE_FORMAL_MODEL_USE"
"WEB-0091","20260816_research_archive_v1","METADATA_ONLY_LICENSE","D","metadata_only","","","","company_overseas_exposure|case_evidence","METADATA_ONLY_DO_NOT_REDISTRIBUTE","YES_BEFORE_FORMAL_MODEL_USE"
"WEB-0092","20260816_research_archive_v1","PAYWALL_OR_AUTH","D","shared","","","","asset_monthly_return|portfolio_scenario","DO_NOT_FETCH_WITHOUT_AUTHORIZATION","YES_BEFORE_FORMAL_MODEL_USE"
"WEB-0093","20260816_research_archive_v1","METADATA_ONLY_LICENSE","D","metadata_only","","","","company_overseas_exposure|case_evidence","METADATA_ONLY_DO_NOT_REDISTRIBUTE","YES_BEFORE_FORMAL_MODEL_USE"
"WEB-0094","20260816_research_archive_v1","METADATA_ONLY_LICENSE","D","metadata_only","","","","global_cycle_month|historical_crisis_event|country_event","METADATA_ONLY_DO_NOT_REDISTRIBUTE","YES_BEFORE_FORMAL_MODEL_USE"
"WEB-0095","20260816_research_archive_v1","METADATA_ONLY_LICENSE","D","metadata_only","","","","global_cycle_month|historical_crisis_event|country_event","METADATA_ONLY_DO_NOT_REDISTRIBUTE","YES_BEFORE_FORMAL_MODEL_USE"
"WEB-0096","20260816_research_archive_v1","METADATA_ONLY_LICENSE","D","metadata_only","","","","asset_monthly_return|portfolio_scenario","METADATA_ONLY_DO_NOT_REDISTRIBUTE","YES_BEFORE_FORMAL_MODEL_USE"
"WEB-0097","20260816_research_archive_v1","METADATA_ONLY_LICENSE","D","metadata_only","","","","asset_monthly_return|portfolio_scenario","METADATA_ONLY_DO_NOT_REDISTRIBUTE","YES_BEFORE_FORMAL_MODEL_USE"
"WEB-0098","20260816_research_archive_v1","DOWNLOADED_VERIFIED","A","shared","06_黄金美元与储备配置/外部原件/WEB-0098_XLSX_entry_xl_worksheets_sheet4.xml/original.html","196a5d2886f47c380e6a1beffb4159d360a044c850df7c474d71faeb74d3c9f7","","asset_monthly_return|portfolio_scenario","REUSE_AFTER_FIELD_AND_CLAIM_CHECK","YES_BEFORE_FORMAL_MODEL_USE"
"WEB-0099","20260816_research_archive_v1","DOWNLOADED_VERIFIED","A","shared","05_全球周期与历史危机/外部原件/WEB-0099_3._U.S._Department_of_the_Treasury（美国财政部），《Exchange_Stabilization_Fund_–/original.html","384f4081f78a6d6c8069d12f369cbf2be84813ea522757b7d2c290769e64209f","","global_cycle_month|historical_crisis_event|country_event","REUSE_AFTER_FIELD_AND_CLAIM_CHECK","YES_BEFORE_FORMAL_MODEL_USE"
"WEB-0100","20260816_research_archive_v1","FETCH_FAILED","A","shared","","","WEB-0101","global_cycle_month|historical_crisis_event|country_event","USE_REPLACEMENT_SOURCE","YES_BEFORE_FORMAL_MODEL_USE"
"WEB-0101","20260816_research_archive_v1","DOWNLOADED_VERIFIED","A","shared","06_黄金美元与储备配置/外部原件/WEB-0101_XLSX_entry_xl_worksheets_sheet2.xml/original.html","5a17db594ec31292e08f654d7e3437cd4c5f00b4705c60565d62e353357ac871","","asset_monthly_return|portfolio_scenario","REUSE_AFTER_FIELD_AND_CLAIM_CHECK","YES_BEFORE_FORMAL_MODEL_USE"
"WEB-0102","20260816_research_archive_v1","METADATA_ONLY_LICENSE","D","metadata_only","","","","global_cycle_month|historical_crisis_event|country_event","METADATA_ONLY_DO_NOT_REDISTRIBUTE","YES_BEFORE_FORMAL_MODEL_USE"
"WEB-0103","20260816_research_archive_v1","DOWNLOADED_VERIFIED","D","private_only","08_企业案例与公开披露/外部原件/WEB-0103_公开年报/original.pdf","40c5c7dc897f01e6c970b306c1e7733da7fbb78ae79c33fb83e191de04498948","","company_overseas_exposure|case_evidence","LOCAL_ONLY_REUSE_AFTER_FIELD_CHECK","YES_BEFORE_FORMAL_MODEL_USE"
"WEB-0104","20260816_research_archive_v1","METADATA_ONLY_LICENSE","D","metadata_only","","","","global_cycle_month|historical_crisis_event|country_event","METADATA_ONLY_DO_NOT_REDISTRIBUTE","YES_BEFORE_FORMAL_MODEL_USE"
"WEB-0105","20260816_research_archive_v1","METADATA_ONLY_LICENSE","D","metadata_only","","","","company_overseas_exposure|case_evidence","METADATA_ONLY_DO_NOT_REDISTRIBUTE","YES_BEFORE_FORMAL_MODEL_USE"
"WEB-0106","20260816_research_archive_v1","METADATA_ONLY_LICENSE","D","metadata_only","","","","global_cycle_month|historical_crisis_event|country_event","METADATA_ONLY_DO_NOT_REDISTRIBUTE","YES_BEFORE_FORMAL_MODEL_USE"
"WEB-0107","20260816_research_archive_v1","METADATA_ONLY_LICENSE","D","metadata_only","","","","company_overseas_exposure|case_evidence","METADATA_ONLY_DO_NOT_REDISTRIBUTE","YES_BEFORE_FORMAL_MODEL_USE"
"WEB-0108","20260816_research_archive_v1","DOWNLOADED_VERIFIED","A","shared","08_企业案例与公开披露/外部原件/WEB-0108_上海市委金融办，2025-03/original.html","3ac76749a122f7400d8acd37ace2a561824e1e479aa6087e7409ae49f7f502ce","","company_overseas_exposure|case_evidence","REUSE_AFTER_FIELD_AND_CLAIM_CHECK","YES_BEFORE_FORMAL_MODEL_USE"
"WEB-0109","20260816_research_archive_v1","DOWNLOADED_VERIFIED","A","shared","08_企业案例与公开披露/外部原件/WEB-0109_上海金融局，2025/original.html","7cdc02c52f37918a4c0462dfb1f5193f84f7bb61a6e0edd1098ceef10ccc5a7e","","company_overseas_exposure|case_evidence","REUSE_AFTER_FIELD_AND_CLAIM_CHECK","YES_BEFORE_FORMAL_MODEL_USE"
"WEB-0110","20260816_research_archive_v1","METADATA_ONLY_LICENSE","D","metadata_only","","","","country_policy_year|portfolio_scenario|source_registry","METADATA_ONLY_DO_NOT_REDISTRIBUTE","YES_BEFORE_FORMAL_MODEL_USE"
"WEB-0111","20260816_research_archive_v1","METADATA_ONLY_LICENSE","C","metadata_only","","","","company_overseas_exposure|case_evidence","METADATA_ONLY_DO_NOT_REDISTRIBUTE","YES_BEFORE_FORMAL_MODEL_USE"
"WEB-0112","20260816_research_archive_v1","METADATA_ONLY_LICENSE","C","metadata_only","","","","company_overseas_exposure|case_evidence","METADATA_ONLY_DO_NOT_REDISTRIBUTE","YES_BEFORE_FORMAL_MODEL_USE"
"WEB-0113","20260816_research_archive_v1","METADATA_ONLY_LICENSE","D","metadata_only","","","","company_overseas_exposure|case_evidence","METADATA_ONLY_DO_NOT_REDISTRIBUTE","YES_BEFORE_FORMAL_MODEL_USE"
"WEB-0114","20260816_research_archive_v1","METADATA_ONLY_LICENSE","D","metadata_only","","","","global_cycle_month|historical_crisis_event|country_event","METADATA_ONLY_DO_NOT_REDISTRIBUTE","YES_BEFORE_FORMAL_MODEL_USE"
"WEB-0115","20260816_research_archive_v1","DOWNLOADED_VERIFIED","B","shared","06_黄金美元与储备配置/外部原件/WEB-0115_缺失论文PDF官方开放CDN恢复候选/original.pdf","696a7249e4992eaa6a94f61f66daae76184226e42b9bda0015d6b33da9b8e4eb","","asset_monthly_return|portfolio_scenario","REUSE_AFTER_FIELD_AND_CLAIM_CHECK","YES_BEFORE_FORMAL_MODEL_USE"
"WEB-0116","20260816_research_archive_v1","METADATA_ONLY_LICENSE","D","metadata_only","","","","global_cycle_month|historical_crisis_event|country_event","METADATA_ONLY_DO_NOT_REDISTRIBUTE","YES_BEFORE_FORMAL_MODEL_USE"
"WEB-0117","20260816_research_archive_v1","METADATA_ONLY_LICENSE","D","metadata_only","","","","country_exposure|country_monthly_risk|country_policy_year|country_event","METADATA_ONLY_DO_NOT_REDISTRIBUTE","YES_BEFORE_FORMAL_MODEL_USE"
"WEB-0118","20260816_research_archive_v1","METADATA_ONLY_LICENSE","D","metadata_only","","","","asset_monthly_return|portfolio_scenario","METADATA_ONLY_DO_NOT_REDISTRIBUTE","YES_BEFORE_FORMAL_MODEL_USE"
"WEB-0119","20260816_research_archive_v1","METADATA_ONLY_LICENSE","C","metadata_only","","","","company_overseas_exposure|case_evidence","METADATA_ONLY_DO_NOT_REDISTRIBUTE","YES_BEFORE_FORMAL_MODEL_USE"
"WEB-0120","20260816_research_archive_v1","METADATA_ONLY_LICENSE","D","metadata_only","","","","asset_monthly_return|portfolio_scenario","METADATA_ONLY_DO_NOT_REDISTRIBUTE","YES_BEFORE_FORMAL_MODEL_USE"
"WEB-0121","20260816_research_archive_v1","METADATA_ONLY_LICENSE","D","metadata_only","","","","asset_monthly_return|portfolio_scenario","METADATA_ONLY_DO_NOT_REDISTRIBUTE","YES_BEFORE_FORMAL_MODEL_USE"
"WEB-0122","20260816_research_archive_v1","METADATA_ONLY_LICENSE","D","metadata_only","","","","asset_monthly_return|portfolio_scenario","METADATA_ONLY_DO_NOT_REDISTRIBUTE","YES_BEFORE_FORMAL_MODEL_USE"
"WEB-0123","20260816_research_archive_v1","METADATA_ONLY_LICENSE","D","metadata_only","","","","global_cycle_month|historical_crisis_event|country_event","METADATA_ONLY_DO_NOT_REDISTRIBUTE","YES_BEFORE_FORMAL_MODEL_USE"
"WEB-0124","20260816_research_archive_v1","METADATA_ONLY_LICENSE","D","metadata_only","","","","company_overseas_exposure|case_evidence","METADATA_ONLY_DO_NOT_REDISTRIBUTE","YES_BEFORE_FORMAL_MODEL_USE"
"WEB-0125","20260816_research_archive_v1","METADATA_ONLY_LICENSE","D","metadata_only","","","","company_overseas_exposure|case_evidence","METADATA_ONLY_DO_NOT_REDISTRIBUTE","YES_BEFORE_FORMAL_MODEL_USE"
"WEB-0126","20260816_research_archive_v1","METADATA_ONLY_LICENSE","C","metadata_only","","","","company_overseas_exposure|case_evidence","METADATA_ONLY_DO_NOT_REDISTRIBUTE","YES_BEFORE_FORMAL_MODEL_USE"
"WEB-0127","20260816_research_archive_v1","METADATA_ONLY_LICENSE","D","metadata_only","","","","global_cycle_month|historical_crisis_event|country_event","METADATA_ONLY_DO_NOT_REDISTRIBUTE","YES_BEFORE_FORMAL_MODEL_USE"
"WEB-0128","20260816_research_archive_v1","DOWNLOADED_VERIFIED","A","shared","07_会计合规与制裁/外部原件/WEB-0128_7._2014_年西方制裁（首轮）：EU_美国财政部_OFAC_公告：_/original.html","0e39c929dcf0b768c0a2e59741cf65cc083b62f9e0a917fca841084ccc441185","","country_policy_year|portfolio_scenario|source_registry","REUSE_AFTER_FIELD_AND_CLAIM_CHECK","YES_BEFORE_FORMAL_MODEL_USE"
"WEB-0129","20260816_research_archive_v1","DOWNLOADED_VERIFIED","A","shared","07_会计合规与制裁/外部原件/WEB-0129_PDF_link_annotation_/original.html","5aafdc4b029b73a5f0b1c40d5d76524c166a2b5a651f80d88c198505a0eca6b4","","country_policy_year|portfolio_scenario|source_registry","REUSE_AFTER_FIELD_AND_CLAIM_CHECK","YES_BEFORE_FORMAL_MODEL_USE"
"WEB-0130","20260816_research_archive_v1","METADATA_ONLY_LICENSE","A","metadata_only","","","","country_policy_year|portfolio_scenario|source_registry","METADATA_ONLY_DO_NOT_REDISTRIBUTE","YES_BEFORE_FORMAL_MODEL_USE"
"WEB-0131","20260816_research_archive_v1","METADATA_ONLY_LICENSE","D","metadata_only","","","","global_cycle_month|historical_crisis_event|country_event","METADATA_ONLY_DO_NOT_REDISTRIBUTE","YES_BEFORE_FORMAL_MODEL_USE"
"WEB-0132","20260816_research_archive_v1","DOWNLOADED_VERIFIED","B","shared","05_全球周期与历史危机/外部原件/WEB-0132_1._World_Bank（世界银行），《The_Korean_Financial_Crisis_of_1997_Onset,_Turnarou/original.pdf","37bb349758a9935ed8d20cf7dabe4cecbdd42dd7eaf59b3679b418356baaf301","","global_cycle_month|historical_crisis_event|country_event","REUSE_AFTER_FIELD_AND_CLAIM_CHECK","YES_BEFORE_FORMAL_MODEL_USE"
"WEB-0133","20260816_research_archive_v1","METADATA_ONLY_LICENSE","C","metadata_only","","","","country_exposure|country_monthly_risk|country_policy_year|country_event","METADATA_ONLY_DO_NOT_REDISTRIBUTE","YES_BEFORE_FORMAL_MODEL_USE"
"WEB-0134","20260816_research_archive_v1","METADATA_ONLY_LICENSE","C","metadata_only","","","","company_overseas_exposure|case_evidence","METADATA_ONLY_DO_NOT_REDISTRIBUTE","YES_BEFORE_FORMAL_MODEL_USE"
"WEB-0135","20260816_research_archive_v1","DOWNLOADED_VERIFIED","D","private_only","08_企业案例与公开披露/外部原件/WEB-0135_东方财富研报，2021/original.pdf","a179ff5821251c98738df4019bcfec9517bed8e019951b04ff421f6cc42aa570","","company_overseas_exposure|case_evidence","LOCAL_ONLY_REUSE_AFTER_FIELD_CHECK","YES_BEFORE_FORMAL_MODEL_USE"
"WEB-0136","20260816_research_archive_v1","DOWNLOADED_VERIFIED","D","private_only","08_企业案例与公开披露/外部原件/WEB-0136_开源证券，2025-02/original.pdf","f3f682575be1de41c6442ff3a75008e9582a7950e4c25590d429f155d69487d6","","company_overseas_exposure|case_evidence","LOCAL_ONLY_REUSE_AFTER_FIELD_CHECK","YES_BEFORE_FORMAL_MODEL_USE"
"WEB-0137","20260816_research_archive_v1","DOWNLOADED_VERIFIED","D","private_only","08_企业案例与公开披露/外部原件/WEB-0137_开源证券，2025-01/original.pdf","63c0ee11b9ca964fcbb98d8f93d5b00353893080fac8828c8d92cdca66d92240","","company_overseas_exposure|case_evidence","LOCAL_ONLY_REUSE_AFTER_FIELD_CHECK","YES_BEFORE_FORMAL_MODEL_USE"
"WEB-0138","20260816_research_archive_v1","DOWNLOADED_VERIFIED","D","private_only","08_企业案例与公开披露/外部原件/WEB-0138_建筑业实证，2024/original.pdf","a85fed46d991ff3f8ef759fd74b6e6925b7ffd9e77f19a178ece2edce6791ce6","","company_overseas_exposure|case_evidence","LOCAL_ONLY_REUSE_AFTER_FIELD_CHECK","YES_BEFORE_FORMAL_MODEL_USE"
"WEB-0139","20260816_research_archive_v1","DOWNLOADED_VERIFIED","A","shared","06_黄金美元与储备配置/外部原件/WEB-0139_-_PMC：/original.html","448f8a605bf9e9fc593b825ec19a9e026c82e979ba3fa5229358f717690a1496","","asset_monthly_return|portfolio_scenario","REUSE_AFTER_FIELD_AND_CLAIM_CHECK","YES_BEFORE_FORMAL_MODEL_USE"
"WEB-0140","20260816_research_archive_v1","FETCH_FAILED","A","shared","","","WEB-0115","asset_monthly_return|portfolio_scenario","USE_REPLACEMENT_SOURCE","YES_BEFORE_FORMAL_MODEL_USE"
"WEB-0141","20260816_research_archive_v1","METADATA_ONLY_LICENSE","D","metadata_only","","","","asset_monthly_return|portfolio_scenario","METADATA_ONLY_DO_NOT_REDISTRIBUTE","YES_BEFORE_FORMAL_MODEL_USE"
"WEB-0142","20260816_research_archive_v1","METADATA_ONLY_LICENSE","D","metadata_only","","","","asset_monthly_return|portfolio_scenario","METADATA_ONLY_DO_NOT_REDISTRIBUTE","YES_BEFORE_FORMAL_MODEL_USE"
"WEB-0143","20260816_research_archive_v1","DOWNLOADED_VERIFIED","D","private_only","08_企业案例与公开披露/外部原件/WEB-0143_《台大管理论丛》/original.pdf","e59664a4c3a8bfc8e5da346bd79fa58afa034efbaed3c1c1724ed0fe37d50d85","","company_overseas_exposure|case_evidence","LOCAL_ONLY_REUSE_AFTER_FIELD_CHECK","YES_BEFORE_FORMAL_MODEL_USE"
"WEB-0144","20260816_research_archive_v1","METADATA_ONLY_LICENSE","A","metadata_only","","","","country_exposure|country_monthly_risk|country_policy_year|country_event","METADATA_ONLY_DO_NOT_REDISTRIBUTE","YES_BEFORE_FORMAL_MODEL_USE"
"WEB-0145","20260816_research_archive_v1","FETCH_FAILED","B","shared","","","WEB-0395","asset_monthly_return|portfolio_scenario","USE_REPLACEMENT_SOURCE","YES_BEFORE_FORMAL_MODEL_USE"
"WEB-0146","20260816_research_archive_v1","DOWNLOADED_VERIFIED","D","private_only","07_会计合规与制裁/外部原件/WEB-0146_BBVA_公告，2022/original.pdf","9004d2bc2cb1d9b537a94eec5d54bada471337ba9c07618d2632d1283ba8454d","","country_policy_year|portfolio_scenario|source_registry","LOCAL_ONLY_REUSE_AFTER_FIELD_CHECK","YES_BEFORE_FORMAL_MODEL_USE"
"WEB-0147","20260816_research_archive_v1","METADATA_ONLY_LICENSE","D","metadata_only","","","","asset_monthly_return|portfolio_scenario","METADATA_ONLY_DO_NOT_REDISTRIBUTE","YES_BEFORE_FORMAL_MODEL_USE"
"WEB-0148","20260816_research_archive_v1","METADATA_ONLY_LICENSE","D","metadata_only","","","","asset_monthly_return|portfolio_scenario","METADATA_ONLY_DO_NOT_REDISTRIBUTE","YES_BEFORE_FORMAL_MODEL_USE"
"WEB-0149","20260816_research_archive_v1","DOWNLOADED_VERIFIED","D","private_only","05_全球周期与历史危机/外部原件/WEB-0149_3._The_Silver_Institute（2026）：《World_Silver_Survey》——白银年度均价（2000：4.95；20/original.pdf","dc7a35277822a20498319fc6737f17b9e8f8fa93e5ce49b6a6565967ae220383","","global_cycle_month|historical_crisis_event|country_event","LOCAL_ONLY_REUSE_AFTER_FIELD_CHECK","YES_BEFORE_FORMAL_MODEL_USE"
"WEB-0150","20260816_research_archive_v1","METADATA_ONLY_LICENSE","D","metadata_only","","","","global_cycle_month|historical_crisis_event|country_event","METADATA_ONLY_DO_NOT_REDISTRIBUTE","YES_BEFORE_FORMAL_MODEL_USE"
"WEB-0151","20260816_research_archive_v1","MANUAL_ACTION_REQUIRED","D","metadata_only","","","","asset_monthly_return|portfolio_scenario","USER_ACTION_BEFORE_USE","YES_BEFORE_FORMAL_MODEL_USE"
"WEB-0152","20260816_research_archive_v1","MANUAL_ACTION_REQUIRED","D","metadata_only","","","","asset_monthly_return|portfolio_scenario","USER_ACTION_BEFORE_USE","YES_BEFORE_FORMAL_MODEL_USE"
"WEB-0153","20260816_research_archive_v1","MANUAL_ACTION_REQUIRED","D","metadata_only","","","","asset_monthly_return|portfolio_scenario","USER_ACTION_BEFORE_USE","YES_BEFORE_FORMAL_MODEL_USE"
"WEB-0154","20260816_research_archive_v1","MANUAL_ACTION_REQUIRED","D","metadata_only","","","","asset_monthly_return|portfolio_scenario","USER_ACTION_BEFORE_USE","YES_BEFORE_FORMAL_MODEL_USE"
"WEB-0155","20260816_research_archive_v1","MANUAL_ACTION_REQUIRED","D","metadata_only","","","","asset_monthly_return|portfolio_scenario","USER_ACTION_BEFORE_USE","YES_BEFORE_FORMAL_MODEL_USE"
"WEB-0156","20260816_research_archive_v1","DOWNLOADED_VERIFIED","D","private_only","08_企业案例与公开披露/外部原件/WEB-0156_上交所重组报告书，2025/original.pdf","7826fdb1f61aa1d010742c80909c92219dc8fecc5abf140cd16bfb423ba0f066","","company_overseas_exposure|case_evidence","LOCAL_ONLY_REUSE_AFTER_FIELD_CHECK","YES_BEFORE_FORMAL_MODEL_USE"
"WEB-0157","20260816_research_archive_v1","METADATA_ONLY_LICENSE","D","metadata_only","","","","company_overseas_exposure|case_evidence","METADATA_ONLY_DO_NOT_REDISTRIBUTE","YES_BEFORE_FORMAL_MODEL_USE"
"WEB-0158","20260816_research_archive_v1","DOWNLOADED_VERIFIED","B","shared","06_黄金美元与储备配置/外部原件/WEB-0158_XLSX_entry_xl_worksheets_sheet4.xml/original.pdf","2a2da8c5d3074ac6f5dfed9ea1ec2acf0f065acd01470e8382efa136b25b0b7b","","asset_monthly_return|portfolio_scenario","REUSE_AFTER_FIELD_AND_CLAIM_CHECK","YES_BEFORE_FORMAL_MODEL_USE"
"WEB-0159","20260816_research_archive_v1","DOWNLOADED_VERIFIED","B","shared","06_黄金美元与储备配置/外部原件/WEB-0159_XLSX_entry_xl_worksheets_sheet2.xml/original.html","765911b1d7b54ae75c968cb815291ff4c0275813e86be87a8279949c9e562518","","asset_monthly_return|portfolio_scenario","REUSE_AFTER_FIELD_AND_CLAIM_CHECK","YES_BEFORE_FORMAL_MODEL_USE"
"WEB-0160","20260816_research_archive_v1","PAYWALL_OR_AUTH","D","metadata_only","","","","source_registry","DO_NOT_FETCH_WITHOUT_AUTHORIZATION","YES_BEFORE_FORMAL_MODEL_USE"
"WEB-0161","20260816_research_archive_v1","PAYWALL_OR_AUTH","D","metadata_only","","","","source_registry","DO_NOT_FETCH_WITHOUT_AUTHORIZATION","YES_BEFORE_FORMAL_MODEL_USE"
"WEB-0162","20260816_research_archive_v1","DOWNLOADED_VERIFIED","A","shared","05_全球周期与历史危机/外部原件/WEB-0162_7._美国财政部《1995_年墨西哥金融救援》文件（200_亿美元外汇稳定基金）：_/original.html","b3ee0624e6c6b78365bc3b39567ce5da3c59e70b9d647e08401fb3a3e5643b52","","global_cycle_month|historical_crisis_event|country_event","REUSE_AFTER_FIELD_AND_CLAIM_CHECK","YES_BEFORE_FORMAL_MODEL_USE"
"WEB-0163","20260816_research_archive_v1","METADATA_ONLY_LICENSE","D","metadata_only","","","","global_cycle_month|historical_crisis_event|country_event","METADATA_ONLY_DO_NOT_REDISTRIBUTE","YES_BEFORE_FORMAL_MODEL_USE"
"WEB-0164","20260816_research_archive_v1","METADATA_ONLY_LICENSE","D","metadata_only","","","","company_overseas_exposure|case_evidence","METADATA_ONLY_DO_NOT_REDISTRIBUTE","YES_BEFORE_FORMAL_MODEL_USE"
"WEB-0165","20260816_research_archive_v1","DOWNLOADED_VERIFIED","D","private_only","06_黄金美元与储备配置/外部原件/WEB-0165_PDF_link_annotation_/original.pdf","2152f7df72512e41156d9d3cedf79ae828db2162b791281448c7e74d03448e67","","asset_monthly_return|portfolio_scenario","LOCAL_ONLY_REUSE_AFTER_FIELD_CHECK","YES_BEFORE_FORMAL_MODEL_USE"
"WEB-0166","20260816_research_archive_v1","DOWNLOADED_VERIFIED","D","private_only","06_黄金美元与储备配置/外部原件/WEB-0166_PDF_link_annotation_/original.pdf","4c99d88001146025eddb989034ef3a096b53b11654a57e947d9d2dc6c6d77db1","","asset_monthly_return|portfolio_scenario","LOCAL_ONLY_REUSE_AFTER_FIELD_CHECK","YES_BEFORE_FORMAL_MODEL_USE"
"WEB-0167","20260816_research_archive_v1","METADATA_ONLY_LICENSE","D","metadata_only","","","","asset_monthly_return|portfolio_scenario","METADATA_ONLY_DO_NOT_REDISTRIBUTE","YES_BEFORE_FORMAL_MODEL_USE"
"WEB-0168","20260816_research_archive_v1","METADATA_ONLY_LICENSE","D","metadata_only","","","","asset_monthly_return|portfolio_scenario","METADATA_ONLY_DO_NOT_REDISTRIBUTE","YES_BEFORE_FORMAL_MODEL_USE"
"WEB-0169","20260816_research_archive_v1","PAYWALL_OR_AUTH","D","private_only","","","","global_cycle_month|historical_crisis_event|country_event","DO_NOT_FETCH_WITHOUT_AUTHORIZATION","YES_BEFORE_FORMAL_MODEL_USE"
"WEB-0170","20260816_research_archive_v1","METADATA_ONLY_LICENSE","D","metadata_only","","","","company_overseas_exposure|case_evidence","METADATA_ONLY_DO_NOT_REDISTRIBUTE","YES_BEFORE_FORMAL_MODEL_USE"
"WEB-0171","20260816_research_archive_v1","METADATA_ONLY_LICENSE","D","metadata_only","","","","country_exposure|country_monthly_risk|country_policy_year|country_event","METADATA_ONLY_DO_NOT_REDISTRIBUTE","YES_BEFORE_FORMAL_MODEL_USE"
"WEB-0172","20260816_research_archive_v1","METADATA_ONLY_LICENSE","D","metadata_only","","","","global_cycle_month|historical_crisis_event|country_event","METADATA_ONLY_DO_NOT_REDISTRIBUTE","YES_BEFORE_FORMAL_MODEL_USE"
"WEB-0173","20260816_research_archive_v1","METADATA_ONLY_LICENSE","D","metadata_only","","","","country_policy_year|portfolio_scenario|source_registry","METADATA_ONLY_DO_NOT_REDISTRIBUTE","YES_BEFORE_FORMAL_MODEL_USE"
"WEB-0174","20260816_research_archive_v1","METADATA_ONLY_LICENSE","D","metadata_only","","","","global_cycle_month|historical_crisis_event|country_event","METADATA_ONLY_DO_NOT_REDISTRIBUTE","YES_BEFORE_FORMAL_MODEL_USE"
"WEB-0175","20260816_research_archive_v1","METADATA_ONLY_LICENSE","C","metadata_only","","","","country_policy_year|portfolio_scenario|source_registry","METADATA_ONLY_DO_NOT_REDISTRIBUTE","YES_BEFORE_FORMAL_MODEL_USE"
"WEB-0176","20260816_research_archive_v1","METADATA_ONLY_LICENSE","C","metadata_only","","","","country_exposure|country_monthly_risk|country_policy_year|country_event","METADATA_ONLY_DO_NOT_REDISTRIBUTE","YES_BEFORE_FORMAL_MODEL_USE"
"WEB-0177","20260816_research_archive_v1","METADATA_ONLY_LICENSE","C","metadata_only","","","","company_overseas_exposure|case_evidence","METADATA_ONLY_DO_NOT_REDISTRIBUTE","YES_BEFORE_FORMAL_MODEL_USE"
"WEB-0178","20260816_research_archive_v1","METADATA_ONLY_LICENSE","C","metadata_only","","","","country_policy_year|portfolio_scenario|source_registry","METADATA_ONLY_DO_NOT_REDISTRIBUTE","YES_BEFORE_FORMAL_MODEL_USE"
"WEB-0179","20260816_research_archive_v1","METADATA_ONLY_LICENSE","C","metadata_only","","","","asset_monthly_return|portfolio_scenario","METADATA_ONLY_DO_NOT_REDISTRIBUTE","YES_BEFORE_FORMAL_MODEL_USE"
"WEB-0180","20260816_research_archive_v1","METADATA_ONLY_LICENSE","C","metadata_only","","","","asset_monthly_return|portfolio_scenario","METADATA_ONLY_DO_NOT_REDISTRIBUTE","YES_BEFORE_FORMAL_MODEL_USE"
"WEB-0181","20260816_research_archive_v1","METADATA_ONLY_LICENSE","A","metadata_only","","","","global_cycle_month|historical_crisis_event|country_event","METADATA_ONLY_DO_NOT_REDISTRIBUTE","YES_BEFORE_FORMAL_MODEL_USE"
"WEB-0182","20260816_research_archive_v1","METADATA_ONLY_LICENSE","D","metadata_only","","","","country_exposure|country_monthly_risk|country_policy_year|country_event","METADATA_ONLY_DO_NOT_REDISTRIBUTE","YES_BEFORE_FORMAL_MODEL_USE"
"WEB-0183","20260816_research_archive_v1","METADATA_ONLY_LICENSE","D","metadata_only","","","","asset_monthly_return|portfolio_scenario","METADATA_ONLY_DO_NOT_REDISTRIBUTE","YES_BEFORE_FORMAL_MODEL_USE"
"WEB-0184","20260816_research_archive_v1","METADATA_ONLY_LICENSE","D","metadata_only","","","","country_policy_year|portfolio_scenario|source_registry","METADATA_ONLY_DO_NOT_REDISTRIBUTE","YES_BEFORE_FORMAL_MODEL_USE"
"WEB-0185","20260816_research_archive_v1","METADATA_ONLY_LICENSE","D","metadata_only","","","","company_overseas_exposure|case_evidence","METADATA_ONLY_DO_NOT_REDISTRIBUTE","YES_BEFORE_FORMAL_MODEL_USE"
"WEB-0186","20260816_research_archive_v1","DOWNLOADED_VERIFIED","D","private_only","08_企业案例与公开披露/外部原件/WEB-0186_Berkshire_2011_股东信/original.pdf","6f5125e45c30007cd3188092cd59d339c7d8266b2f6c8e87387ad397ac1c0083","","company_overseas_exposure|case_evidence","LOCAL_ONLY_REUSE_AFTER_FIELD_CHECK","YES_BEFORE_FORMAL_MODEL_USE"
"WEB-0187","20260816_research_archive_v1","DOWNLOADED_VERIFIED","B","shared","06_黄金美元与储备配置/外部原件/WEB-0187_change_Reserve_Returns,_BIS_Working_Papers_No._906,_2020,/original.html","61cf12682777db0d747928e7407de47ef6ca488ed92897ca86c2bd973d882917","","asset_monthly_return|portfolio_scenario","REUSE_AFTER_FIELD_AND_CLAIM_CHECK","YES_BEFORE_FORMAL_MODEL_USE"
"WEB-0188","20260816_research_archive_v1","DOWNLOADED_VERIFIED","B","shared","08_企业案例与公开披露/外部原件/WEB-0188_7._BIS（国际清算银行）1998_年年报第六章——危机对商品与金价的压制作用：/original.pdf","bc471d38f6813af429dfa1c1d8052f4e1c4ea67011f05659d9b08dd261f8e48a","","company_overseas_exposure|case_evidence","REUSE_AFTER_FIELD_AND_CLAIM_CHECK","YES_BEFORE_FORMAL_MODEL_USE"
"WEB-0189","20260816_research_archive_v1","DOWNLOADED_VERIFIED","B","shared","04_国别货币与中国出海/外部原件/WEB-0189_PDF_link_annotation_/original.pdf","cb2d45abd8a04243c750d6eea841129897ad1a2f72296574ea18a394719f9c33","","country_exposure|country_monthly_risk|country_policy_year|country_event","REUSE_AFTER_FIELD_AND_CLAIM_CHECK","YES_BEFORE_FORMAL_MODEL_USE"
"WEB-0190","20260816_research_archive_v1","DOWNLOADED_VERIFIED","B","shared","06_黄金美元与储备配置/外部原件/WEB-0190_work,_BIS_Papers_No._38,_2008,/original.pdf","e2615e8d13420a7de04a20b91300a3e7f18166c1c3fa37e00730602893d4fb2e","","asset_monthly_return|portfolio_scenario","REUSE_AFTER_FIELD_AND_CLAIM_CHECK","YES_BEFORE_FORMAL_MODEL_USE"
"WEB-0191","20260816_research_archive_v1","DOWNLOADED_VERIFIED","B","shared","06_黄金美元与储备配置/外部原件/WEB-0191_PDF_link_annotation_/original.html","d13eae2b10d576b9e1935948f4d535e96250770952fa87881a1d513cba760c6d","","asset_monthly_return|portfolio_scenario","REUSE_AFTER_FIELD_AND_CLAIM_CHECK","YES_BEFORE_FORMAL_MODEL_USE"
"WEB-0192","20260816_research_archive_v1","DOWNLOADED_VERIFIED","B","shared","04_国别货币与中国出海/外部原件/WEB-0192_umentation,/original.pdf","930dee047abf352639b960f057f2b3a5054bf6edad93276b2894925e843f7747","","country_exposure|country_monthly_risk|country_policy_year|country_event","REUSE_AFTER_FIELD_AND_CLAIM_CHECK","YES_BEFORE_FORMAL_MODEL_USE"
"WEB-0193","20260816_research_archive_v1","METADATA_ONLY_LICENSE","D","metadata_only","","","","asset_monthly_return|portfolio_scenario","METADATA_ONLY_DO_NOT_REDISTRIBUTE","YES_BEFORE_FORMAL_MODEL_USE"
"WEB-0194","20260816_research_archive_v1","DOWNLOADED_VERIFIED","A","shared","05_全球周期与历史危机/外部原件/WEB-0194_1._美国_CPI_数据（2022-06_峰值_9.1%）：美国劳工统计局：_/original.html","f85be0158b5c7a950ff34869925f45e0446cbe212aa24c8b354aa36be87d7a7c","","global_cycle_month|historical_crisis_event|country_event","REUSE_AFTER_FIELD_AND_CLAIM_CHECK","YES_BEFORE_FORMAL_MODEL_USE"
"WEB-0195","20260816_research_archive_v1","DOWNLOADED_VERIFIED","A","shared","06_黄金美元与储备配置/外部原件/WEB-0195_XLSX_entry_xl_worksheets_sheet2.xml/original.html","f8b283e6e44096b16b76e3e0bfb53795145d899ececfa62db0be51a3a98689b7","","asset_monthly_return|portfolio_scenario","REUSE_AFTER_FIELD_AND_CLAIM_CHECK","YES_BEFORE_FORMAL_MODEL_USE"
"WEB-0196","20260816_research_archive_v1","METADATA_ONLY_LICENSE","D","metadata_only","","","","global_cycle_month|historical_crisis_event|country_event","METADATA_ONLY_DO_NOT_REDISTRIBUTE","YES_BEFORE_FORMAL_MODEL_USE"
"WEB-0197","20260816_research_archive_v1","DOWNLOADED_VERIFIED","B","shared","05_全球周期与历史危机/外部原件/WEB-0197_Accord,_bubble_formation_and_subsequent_adjustment,/original.html","98b838fde242c46644013ba128b2dc638411c00f94766178c660407757704b19","","global_cycle_month|historical_crisis_event|country_event","REUSE_AFTER_FIELD_AND_CLAIM_CHECK","YES_BEFORE_FORMAL_MODEL_USE"
"WEB-0198","20260816_research_archive_v1","DOWNLOADED_VERIFIED","B","shared","05_全球周期与历史危机/外部原件/WEB-0198_PDF_link_annotation_/original.html","6cd7072952339cfab70abd8572101c5400697de5b3dbb03c8f4702a989b0d9d2","","global_cycle_month|historical_crisis_event|country_event","REUSE_AFTER_FIELD_AND_CLAIM_CHECK","YES_BEFORE_FORMAL_MODEL_USE"
"WEB-0199","20260816_research_archive_v1","DOWNLOADED_VERIFIED","B","shared","05_全球周期与历史危机/外部原件/WEB-0199_PDF_link_annotation_/original.html","a86fca936b24ec51f571fce5d2bbb343afd00a7f2252e183a647eed45ca5ad0f","","global_cycle_month|historical_crisis_event|country_event","REUSE_AFTER_FIELD_AND_CLAIM_CHECK","YES_BEFORE_FORMAL_MODEL_USE"
"WEB-0200","20260816_research_archive_v1","DOWNLOADED_VERIFIED","B","shared","05_全球周期与历史危机/外部原件/WEB-0200_5._日银资金循环统计（家庭金融资产）：日本银行，_/original.html","7fb54356d530ac6a3819419e021afbbefed8c6d524a299f30a7e97e4cc495ecf","","global_cycle_month|historical_crisis_event|country_event","REUSE_AFTER_FIELD_AND_CLAIM_CHECK","YES_BEFORE_FORMAL_MODEL_USE"
"WEB-0201","20260816_research_archive_v1","METADATA_ONLY_LICENSE","D","metadata_only","","","","country_exposure|country_monthly_risk|country_policy_year|country_event","METADATA_ONLY_DO_NOT_REDISTRIBUTE","YES_BEFORE_FORMAL_MODEL_USE"
"WEB-0202","20260816_research_archive_v1","METADATA_ONLY_LICENSE","D","metadata_only","","","","global_cycle_month|historical_crisis_event|country_event","METADATA_ONLY_DO_NOT_REDISTRIBUTE","YES_BEFORE_FORMAL_MODEL_USE"
"WEB-0203","20260816_research_archive_v1","METADATA_ONLY_LICENSE","D","metadata_only","","","","global_cycle_month|historical_crisis_event|country_event","METADATA_ONLY_DO_NOT_REDISTRIBUTE","YES_BEFORE_FORMAL_MODEL_USE"
"WEB-0204","20260816_research_archive_v1","METADATA_ONLY_LICENSE","D","metadata_only","","","","global_cycle_month|historical_crisis_event|country_event","METADATA_ONLY_DO_NOT_REDISTRIBUTE","YES_BEFORE_FORMAL_MODEL_USE"
"WEB-0205","20260816_research_archive_v1","METADATA_ONLY_LICENSE","D","metadata_only","","","","global_cycle_month|historical_crisis_event|country_event","METADATA_ONLY_DO_NOT_REDISTRIBUTE","YES_BEFORE_FORMAL_MODEL_USE"
"WEB-0206","20260816_research_archive_v1","METADATA_ONLY_LICENSE","D","metadata_only","","","","global_cycle_month|historical_crisis_event|country_event","METADATA_ONLY_DO_NOT_REDISTRIBUTE","YES_BEFORE_FORMAL_MODEL_USE"
"WEB-0207","20260816_research_archive_v1","DOWNLOADED_VERIFIED","D","private_only","08_企业案例与公开披露/外部原件/WEB-0207_CAFI_报告_PDF/original.pdf","2581e09b38a0590a36431440c699135b18e4244ce4709160de794625f78e4c97","","company_overseas_exposure|case_evidence","LOCAL_ONLY_REUSE_AFTER_FIELD_CHECK","YES_BEFORE_FORMAL_MODEL_USE"
"WEB-0208","20260816_research_archive_v1","METADATA_ONLY_LICENSE","A","metadata_only","","","","country_exposure|country_monthly_risk|country_policy_year|country_event","METADATA_ONLY_DO_NOT_REDISTRIBUTE","YES_BEFORE_FORMAL_MODEL_USE"
"WEB-0209","20260816_research_archive_v1","PAYWALL_OR_AUTH","D","private_only","","","","country_exposure|country_monthly_risk|country_policy_year|country_event","DO_NOT_FETCH_WITHOUT_AUTHORIZATION","YES_BEFORE_FORMAL_MODEL_USE"
"WEB-0210","20260816_research_archive_v1","METADATA_ONLY_LICENSE","D","metadata_only","","","","country_exposure|country_monthly_risk|country_policy_year|country_event","METADATA_ONLY_DO_NOT_REDISTRIBUTE","YES_BEFORE_FORMAL_MODEL_USE"
"WEB-0211","20260816_research_archive_v1","METADATA_ONLY_LICENSE","A","metadata_only","","","","company_overseas_exposure|case_evidence","METADATA_ONLY_DO_NOT_REDISTRIBUTE","YES_BEFORE_FORMAL_MODEL_USE"
"WEB-0212","20260816_research_archive_v1","METADATA_ONLY_LICENSE","D","metadata_only","","","","asset_monthly_return|portfolio_scenario","METADATA_ONLY_DO_NOT_REDISTRIBUTE","YES_BEFORE_FORMAL_MODEL_USE"
"WEB-0213","20260816_research_archive_v1","METADATA_ONLY_LICENSE","D","metadata_only","","","","country_policy_year|portfolio_scenario|source_registry","METADATA_ONLY_DO_NOT_REDISTRIBUTE","YES_BEFORE_FORMAL_MODEL_USE"
"WEB-0214","20260816_research_archive_v1","METADATA_ONLY_LICENSE","A","metadata_only","","","","asset_monthly_return|portfolio_scenario","METADATA_ONLY_DO_NOT_REDISTRIBUTE","YES_BEFORE_FORMAL_MODEL_USE"
"WEB-0215","20260816_research_archive_v1","METADATA_ONLY_LICENSE","D","metadata_only","","","","company_overseas_exposure|case_evidence","METADATA_ONLY_DO_NOT_REDISTRIBUTE","YES_BEFORE_FORMAL_MODEL_USE"
"WEB-0216","20260816_research_archive_v1","DOWNLOADED_VERIFIED","B","shared","04_国别货币与中国出海/外部原件/WEB-0216_PDF_link_annotation_/original.html","49ffc7215a7627f1316bdc27072293d98c944b51cae247a8f80906ded317baaf","","country_exposure|country_monthly_risk|country_policy_year|country_event","REUSE_AFTER_FIELD_AND_CLAIM_CHECK","YES_BEFORE_FORMAL_MODEL_USE"
"WEB-0217","20260816_research_archive_v1","METADATA_ONLY_LICENSE","D","metadata_only","","","","country_policy_year|portfolio_scenario|source_registry","METADATA_ONLY_DO_NOT_REDISTRIBUTE","YES_BEFORE_FORMAL_MODEL_USE"
"WEB-0218","20260816_research_archive_v1","METADATA_ONLY_LICENSE","D","metadata_only","","","","country_policy_year|portfolio_scenario|source_registry","METADATA_ONLY_DO_NOT_REDISTRIBUTE","YES_BEFORE_FORMAL_MODEL_USE"
"WEB-0219","20260816_research_archive_v1","DOWNLOADED_VERIFIED","D","private_only","08_企业案例与公开披露/外部原件/WEB-0219_CICPA_刊载研究，2017/original.pdf","53004c854d204f8ff6d558d4ab81bf30df7983b4bacc883f48ee752152fb8a5d","","company_overseas_exposure|case_evidence","LOCAL_ONLY_REUSE_AFTER_FIELD_CHECK","YES_BEFORE_FORMAL_MODEL_USE"
"WEB-0220","20260816_research_archive_v1","METADATA_ONLY_LICENSE","C","metadata_only","","","","company_overseas_exposure|case_evidence","METADATA_ONLY_DO_NOT_REDISTRIBUTE","YES_BEFORE_FORMAL_MODEL_USE"
"WEB-0221","20260816_research_archive_v1","METADATA_ONLY_LICENSE","C","metadata_only","","","","company_overseas_exposure|case_evidence","METADATA_ONLY_DO_NOT_REDISTRIBUTE","YES_BEFORE_FORMAL_MODEL_USE"
"WEB-0222","20260816_research_archive_v1","METADATA_ONLY_LICENSE","C","metadata_only","","","","company_overseas_exposure|case_evidence","METADATA_ONLY_DO_NOT_REDISTRIBUTE","YES_BEFORE_FORMAL_MODEL_USE"
"WEB-0223","20260816_research_archive_v1","METADATA_ONLY_LICENSE","C","metadata_only","","","","global_cycle_month|historical_crisis_event|country_event","METADATA_ONLY_DO_NOT_REDISTRIBUTE","YES_BEFORE_FORMAL_MODEL_USE"
"WEB-0224","20260816_research_archive_v1","METADATA_ONLY_LICENSE","D","metadata_only","","","","global_cycle_month|historical_crisis_event|country_event","METADATA_ONLY_DO_NOT_REDISTRIBUTE","YES_BEFORE_FORMAL_MODEL_USE"
"WEB-0225","20260816_research_archive_v1","METADATA_ONLY_LICENSE","D","metadata_only","","","","asset_monthly_return|portfolio_scenario","METADATA_ONLY_DO_NOT_REDISTRIBUTE","YES_BEFORE_FORMAL_MODEL_USE"
"WEB-0226","20260816_research_archive_v1","METADATA_ONLY_LICENSE","D","metadata_only","","","","global_cycle_month|historical_crisis_event|country_event","METADATA_ONLY_DO_NOT_REDISTRIBUTE","YES_BEFORE_FORMAL_MODEL_USE"
"WEB-0227","20260816_research_archive_v1","METADATA_ONLY_LICENSE","D","metadata_only","","","","asset_monthly_return|portfolio_scenario","METADATA_ONLY_DO_NOT_REDISTRIBUTE","YES_BEFORE_FORMAL_MODEL_USE"
"WEB-0228","20260816_research_archive_v1","METADATA_ONLY_LICENSE","D","metadata_only","","","","asset_monthly_return|portfolio_scenario","METADATA_ONLY_DO_NOT_REDISTRIBUTE","YES_BEFORE_FORMAL_MODEL_USE"
"WEB-0229","20260816_research_archive_v1","METADATA_ONLY_LICENSE","A","metadata_only","","","","country_policy_year|portfolio_scenario|source_registry","METADATA_ONLY_DO_NOT_REDISTRIBUTE","YES_BEFORE_FORMAL_MODEL_USE"
"WEB-0230","20260816_research_archive_v1","METADATA_ONLY_LICENSE","D","metadata_only","","","","company_overseas_exposure|case_evidence","METADATA_ONLY_DO_NOT_REDISTRIBUTE","YES_BEFORE_FORMAL_MODEL_USE"
"WEB-0231","20260816_research_archive_v1","METADATA_ONLY_LICENSE","D","metadata_only","","","","country_policy_year|portfolio_scenario|source_registry","METADATA_ONLY_DO_NOT_REDISTRIBUTE","YES_BEFORE_FORMAL_MODEL_USE"
"WEB-0232","20260816_research_archive_v1","METADATA_ONLY_LICENSE","D","metadata_only","","","","global_cycle_month|historical_crisis_event|country_event","METADATA_ONLY_DO_NOT_REDISTRIBUTE","YES_BEFORE_FORMAL_MODEL_USE"
"WEB-0233","20260816_research_archive_v1","METADATA_ONLY_LICENSE","D","metadata_only","","","","global_cycle_month|historical_crisis_event|country_event","METADATA_ONLY_DO_NOT_REDISTRIBUTE","YES_BEFORE_FORMAL_MODEL_USE"
"WEB-0234","20260816_research_archive_v1","METADATA_ONLY_LICENSE","D","metadata_only","","","","country_policy_year|portfolio_scenario|source_registry","METADATA_ONLY_DO_NOT_REDISTRIBUTE","YES_BEFORE_FORMAL_MODEL_USE"
"WEB-0235","20260816_research_archive_v1","DOWNLOADED_VERIFIED","A","shared","05_全球周期与历史危机/外部原件/WEB-0235_5._国务院发展研究中心，张瑾《亚洲金融危机回顾与思考》，2022——各国股市跌幅与韩元半年贬值_48%：/original.html","0c20a9cc18acee5269db9b0601bf603ab7f69117769ba80d61dc3ebfcda34805","","global_cycle_month|historical_crisis_event|country_event","REUSE_AFTER_FIELD_AND_CLAIM_CHECK","YES_BEFORE_FORMAL_MODEL_USE"
"WEB-0236","20260816_research_archive_v1","DUPLICATE_CONTENT","D","shared","10_数据集原件与说明/本地原件/最终数据/最终数据/research/media_sentiment_gold_paper/metadata/europepmc_fulltext.xml","1aa9d51b0e09a196758e72f6b58f6df55f42216213930d44fa2eb9e541c71799","LCL-0154","asset_monthly_return|portfolio_scenario","USE_CANONICAL_ASSET","YES_BEFORE_FORMAL_MODEL_USE"
"WEB-0237","20260816_research_archive_v1","DOWNLOADED_VERIFIED","B","shared","05_全球周期与历史危机/外部原件/WEB-0237_7._《华盛顿协议》（1999-09）：欧洲央行（ECB）声明：_/original.html","7b931b488eda4139d49ee3d12499cec2dbc3c70145d9cfccdc54f865f61d9588","","global_cycle_month|historical_crisis_event|country_event","REUSE_AFTER_FIELD_AND_CLAIM_CHECK","YES_BEFORE_FORMAL_MODEL_USE"
"WEB-0238","20260816_research_archive_v1","DOWNLOADED_VERIFIED","B","shared","05_全球周期与历史危机/外部原件/WEB-0238_1._ECB《The_Financial_Crisis_in_the_Global_Economy》与希腊救助文件：_/original.html","59b3037a3a431ff47d47a8b45380fafa46c28b5261ccc47a4fa951f9498667ad","","global_cycle_month|historical_crisis_event|country_event","REUSE_AFTER_FIELD_AND_CLAIM_CHECK","YES_BEFORE_FORMAL_MODEL_USE"
"WEB-0239","20260816_research_archive_v1","DOWNLOADED_VERIFIED","D","private_only","05_全球周期与历史危机/外部原件/WEB-0239_5._Burdekin,_R.C.K.（2005，EconStor_学术档案）：《US_pressure_on_China's_currency/original.pdf","7cc53990ea47558ff6fab2afc713e9016476dd9420aaeb59b54c930eb8b0d488","","global_cycle_month|historical_crisis_event|country_event","LOCAL_ONLY_REUSE_AFTER_FIELD_CHECK","YES_BEFORE_FORMAL_MODEL_USE"
"WEB-0240","20260816_research_archive_v1","METADATA_ONLY_LICENSE","A","metadata_only","","","","country_policy_year|portfolio_scenario|source_registry","METADATA_ONLY_DO_NOT_REDISTRIBUTE","YES_BEFORE_FORMAL_MODEL_USE"
"WEB-0241","20260816_research_archive_v1","METADATA_ONLY_LICENSE","A","metadata_only","","","","country_policy_year|portfolio_scenario|source_registry","METADATA_ONLY_DO_NOT_REDISTRIBUTE","YES_BEFORE_FORMAL_MODEL_USE"
"WEB-0242","20260816_research_archive_v1","MANUAL_ACTION_REQUIRED","B","metadata_only","","","","company_overseas_exposure|case_evidence","USER_ACTION_BEFORE_USE","YES_BEFORE_FORMAL_MODEL_USE"
"WEB-0243","20260816_research_archive_v1","MANUAL_ACTION_REQUIRED","B","metadata_only","","","","company_overseas_exposure|case_evidence","USER_ACTION_BEFORE_USE","YES_BEFORE_FORMAL_MODEL_USE"
"WEB-0244","20260816_research_archive_v1","MANUAL_ACTION_REQUIRED","B","metadata_only","","","","asset_monthly_return|portfolio_scenario","USER_ACTION_BEFORE_USE","YES_BEFORE_FORMAL_MODEL_USE"
"WEB-0245","20260816_research_archive_v1","MANUAL_ACTION_REQUIRED","B","metadata_only","","","","asset_monthly_return|portfolio_scenario","USER_ACTION_BEFORE_USE","YES_BEFORE_FORMAL_MODEL_USE"
"WEB-0246","20260816_research_archive_v1","MANUAL_ACTION_REQUIRED","B","metadata_only","","","","asset_monthly_return|portfolio_scenario","USER_ACTION_BEFORE_USE","YES_BEFORE_FORMAL_MODEL_USE"
"WEB-0247","20260816_research_archive_v1","METADATA_ONLY_LICENSE","D","metadata_only","","","","global_cycle_month|historical_crisis_event|country_event","METADATA_ONLY_DO_NOT_REDISTRIBUTE","YES_BEFORE_FORMAL_MODEL_USE"
"WEB-0248","20260816_research_archive_v1","METADATA_ONLY_LICENSE","D","metadata_only","","","","company_overseas_exposure|case_evidence","METADATA_ONLY_DO_NOT_REDISTRIBUTE","YES_BEFORE_FORMAL_MODEL_USE"
"WEB-0249","20260816_research_archive_v1","DOWNLOADED_VERIFIED","D","private_only","08_企业案例与公开披露/外部原件/WEB-0249_CRS，2018/original.pdf","ebe41cfb359b977d5efc995a6ddc1a2118c3143e181b4eb49d3f5c736af84a86","","company_overseas_exposure|case_evidence","LOCAL_ONLY_REUSE_AFTER_FIELD_CHECK","YES_BEFORE_FORMAL_MODEL_USE"
"WEB-0250","20260816_research_archive_v1","METADATA_ONLY_LICENSE","D","metadata_only","","","","company_overseas_exposure|case_evidence","METADATA_ONLY_DO_NOT_REDISTRIBUTE","YES_BEFORE_FORMAL_MODEL_USE"
"WEB-0251","20260816_research_archive_v1","METADATA_ONLY_LICENSE","D","metadata_only","","","","company_overseas_exposure|case_evidence","METADATA_ONLY_DO_NOT_REDISTRIBUTE","YES_BEFORE_FORMAL_MODEL_USE"
"WEB-0252","20260816_research_archive_v1","METADATA_ONLY_LICENSE","A","metadata_only","","","","asset_monthly_return|portfolio_scenario","METADATA_ONLY_DO_NOT_REDISTRIBUTE","YES_BEFORE_FORMAL_MODEL_USE"
"WEB-0253","20260816_research_archive_v1","DOWNLOADED_VERIFIED","A","shared","06_黄金美元与储备配置/外部原件/WEB-0253_XLSX_entry_xl_worksheets_sheet4.xml/original.html","99f7d047a834d56de3ce198853c10048ca628a2bfe51bbcb74a462d9faeec7c7","","asset_monthly_return|portfolio_scenario","REUSE_AFTER_FIELD_AND_CLAIM_CHECK","YES_BEFORE_FORMAL_MODEL_USE"
"WEB-0254","20260816_research_archive_v1","DOWNLOADED_VERIFIED","A","shared","05_全球周期与历史危机/外部原件/WEB-0254_2._美联储加息记录：美联储官网（FOMC_声明与经济预测）：_/original.html","9a8e4210b54e07eddbc879859013d6ed4918a79b54e414b721fab663eeeabd05","","global_cycle_month|historical_crisis_event|country_event","REUSE_AFTER_FIELD_AND_CLAIM_CHECK","YES_BEFORE_FORMAL_MODEL_USE"
"WEB-0255","20260816_research_archive_v1","BROKEN_OR_UNREACHABLE","A","shared","","","WEB-0256","global_cycle_month|historical_crisis_event|country_event","USE_REPLACEMENT_SOURCE","YES_BEFORE_FORMAL_MODEL_USE"
"WEB-0256","20260816_research_archive_v1","DOWNLOADED_VERIFIED","A","shared","04_国别货币与中国出海/外部原件/WEB-0256_2020年FOMC官方新闻稿索引（替代失效汇总链接）/original.html","070899943b7f36b3497ee8d50ad1b52b1c12c76979e3d10df80d69fcd9142a5b","","country_exposure|country_monthly_risk|country_policy_year|country_event","REUSE_AFTER_FIELD_AND_CLAIM_CHECK","YES_BEFORE_FORMAL_MODEL_USE"
"WEB-0257","20260816_research_archive_v1","DOWNLOADED_VERIFIED","A","shared","06_黄金美元与储备配置/外部原件/WEB-0257_XLSX_entry_xl_worksheets_sheet4.xml/original.html","d66203be141ca7f8641338048eb92170e84fc3f6227986b894bab360628fcf9b","","asset_monthly_return|portfolio_scenario","REUSE_AFTER_FIELD_AND_CLAIM_CHECK","YES_BEFORE_FORMAL_MODEL_USE"
"WEB-0258","20260816_research_archive_v1","DOWNLOADED_VERIFIED","A","shared","06_黄金美元与储备配置/外部原件/WEB-0258_XLSX_entry_xl_worksheets_sheet4.xml/original.html","53e094fa8882f11f5ae8e556297cbe255f94372aaaeb20ef511d61a97e005e6b","","asset_monthly_return|portfolio_scenario","REUSE_AFTER_FIELD_AND_CLAIM_CHECK","YES_BEFORE_FORMAL_MODEL_USE"
"WEB-0259","20260816_research_archive_v1","DOWNLOADED_VERIFIED","A","shared","06_黄金美元与储备配置/外部原件/WEB-0259_XLSX_entry_xl_worksheets_sheet4.xml/original.html","c0ce6af49c66b6df7c3c21831cf189dabc54a46e27ab1b722b1913380368bac2","","asset_monthly_return|portfolio_scenario","REUSE_AFTER_FIELD_AND_CLAIM_CHECK","YES_BEFORE_FORMAL_MODEL_USE"
"WEB-0260","20260816_research_archive_v1","DOWNLOADED_VERIFIED","A","shared","06_黄金美元与储备配置/外部原件/WEB-0260_XLSX_entry_xl_worksheets_sheet4.xml/original.html","f8b50c1aa0fb874b808711914363eaf4f26adfaf15c74649160841d7ddaae3f1","","asset_monthly_return|portfolio_scenario","REUSE_AFTER_FIELD_AND_CLAIM_CHECK","YES_BEFORE_FORMAL_MODEL_USE"
"WEB-0261","20260816_research_archive_v1","DOWNLOADED_VERIFIED","A","shared","06_黄金美元与储备配置/外部原件/WEB-0261_XLSX_entry_xl_worksheets_sheet4.xml/original.html","a72235205e8464b97e6e58508c96fa45f8d4d63d142a61e50dd2746080bc70e0","","asset_monthly_return|portfolio_scenario","REUSE_AFTER_FIELD_AND_CLAIM_CHECK","YES_BEFORE_FORMAL_MODEL_USE"
"WEB-0262","20260816_research_archive_v1","DOWNLOADED_VERIFIED","A","shared","06_黄金美元与储备配置/外部原件/WEB-0262_XLSX_entry_xl_worksheets_sheet4.xml/original.html","737fc2bb2c721f4e8f74008f4c93bc5d83310b350ef8a9546ba04b0eba6a4cee","","asset_monthly_return|portfolio_scenario","REUSE_AFTER_FIELD_AND_CLAIM_CHECK","YES_BEFORE_FORMAL_MODEL_USE"
"WEB-0263","20260816_research_archive_v1","DOWNLOADED_VERIFIED","A","shared","06_黄金美元与储备配置/外部原件/WEB-0263_XLSX_entry_xl_worksheets_sheet4.xml/original.html","1efd54230b27b4b66578c819a8be0c4e59ba3ecf4cf6b8e268e1a72ad13f9ef1","","asset_monthly_return|portfolio_scenario","REUSE_AFTER_FIELD_AND_CLAIM_CHECK","YES_BEFORE_FORMAL_MODEL_USE"
"WEB-0264","20260816_research_archive_v1","DOWNLOADED_VERIFIED","A","shared","06_黄金美元与储备配置/外部原件/WEB-0264_XLSX_entry_xl_worksheets_sheet2.xml/original.html","278d8859b78cb01272d5ec42d17bc64d845ebdec5273a4b9fe84a0337e84fccd","","asset_monthly_return|portfolio_scenario","REUSE_AFTER_FIELD_AND_CLAIM_CHECK","YES_BEFORE_FORMAL_MODEL_USE"
"WEB-0265","20260816_research_archive_v1","DOWNLOADED_VERIFIED","A","shared","06_黄金美元与储备配置/外部原件/WEB-0265_-_来源：/original.html","5abbf644346bd0bd2736fb58def141b1a5d0cf76695876b58b6c09142266a938","","asset_monthly_return|portfolio_scenario","REUSE_AFTER_FIELD_AND_CLAIM_CHECK","YES_BEFORE_FORMAL_MODEL_USE"
"WEB-0266","20260816_research_archive_v1","DOWNLOADED_VERIFIED","A","shared","06_黄金美元与储备配置/外部原件/WEB-0266_XLSX_entry_xl_worksheets_sheet2.xml/original.html","8b7ed75f7028b390b743d03ea58d52a77b05c5bb0efa671833e2e0c57bafb237","","asset_monthly_return|portfolio_scenario","REUSE_AFTER_FIELD_AND_CLAIM_CHECK","YES_BEFORE_FORMAL_MODEL_USE"
"WEB-0267","20260816_research_archive_v1","METADATA_ONLY_LICENSE","B","metadata_only","","","","global_cycle_month|historical_crisis_event|country_event","METADATA_ONLY_DO_NOT_REDISTRIBUTE","YES_BEFORE_FORMAL_MODEL_USE"
"WEB-0268","20260816_research_archive_v1","METADATA_ONLY_LICENSE","B","metadata_only","","","","global_cycle_month|historical_crisis_event|country_event","METADATA_ONLY_DO_NOT_REDISTRIBUTE","YES_BEFORE_FORMAL_MODEL_USE"
"WEB-0269","20260816_research_archive_v1","METADATA_ONLY_LICENSE","D","metadata_only","","","","company_overseas_exposure|case_evidence","METADATA_ONLY_DO_NOT_REDISTRIBUTE","YES_BEFORE_FORMAL_MODEL_USE"
"WEB-0270","20260816_research_archive_v1","METADATA_ONLY_LICENSE","D","metadata_only","","","","company_overseas_exposure|case_evidence","METADATA_ONLY_DO_NOT_REDISTRIBUTE","YES_BEFORE_FORMAL_MODEL_USE"
"WEB-0271","20260816_research_archive_v1","METADATA_ONLY_LICENSE","D","metadata_only","","","","company_overseas_exposure|case_evidence","METADATA_ONLY_DO_NOT_REDISTRIBUTE","YES_BEFORE_FORMAL_MODEL_USE"
"WEB-0272","20260816_research_archive_v1","METADATA_ONLY_LICENSE","D","metadata_only","","","","company_overseas_exposure|case_evidence","METADATA_ONLY_DO_NOT_REDISTRIBUTE","YES_BEFORE_FORMAL_MODEL_USE"
"WEB-0273","20260816_research_archive_v1","METADATA_ONLY_LICENSE","D","metadata_only","","","","global_cycle_month|historical_crisis_event|country_event","METADATA_ONLY_DO_NOT_REDISTRIBUTE","YES_BEFORE_FORMAL_MODEL_USE"
"WEB-0274","20260816_research_archive_v1","METADATA_ONLY_LICENSE","D","metadata_only","","","","asset_monthly_return|portfolio_scenario","METADATA_ONLY_DO_NOT_REDISTRIBUTE","YES_BEFORE_FORMAL_MODEL_USE"
"WEB-0275","20260816_research_archive_v1","METADATA_ONLY_LICENSE","D","metadata_only","","","","country_policy_year|portfolio_scenario|source_registry","METADATA_ONLY_DO_NOT_REDISTRIBUTE","YES_BEFORE_FORMAL_MODEL_USE"
"WEB-0276","20260816_research_archive_v1","METADATA_ONLY_LICENSE","D","metadata_only","","","","asset_monthly_return|portfolio_scenario","METADATA_ONLY_DO_NOT_REDISTRIBUTE","YES_BEFORE_FORMAL_MODEL_USE"
"WEB-0277","20260816_research_archive_v1","METADATA_ONLY_LICENSE","D","metadata_only","","","","country_policy_year|portfolio_scenario|source_registry","METADATA_ONLY_DO_NOT_REDISTRIBUTE","YES_BEFORE_FORMAL_MODEL_USE"
"WEB-0278","20260816_research_archive_v1","METADATA_ONLY_LICENSE","D","metadata_only","","","","country_policy_year|portfolio_scenario|source_registry","METADATA_ONLY_DO_NOT_REDISTRIBUTE","YES_BEFORE_FORMAL_MODEL_USE"
"WEB-0279","20260816_research_archive_v1","METADATA_ONLY_LICENSE","D","metadata_only","","","","country_policy_year|portfolio_scenario|source_registry","METADATA_ONLY_DO_NOT_REDISTRIBUTE","YES_BEFORE_FORMAL_MODEL_USE"
"WEB-0280","20260816_research_archive_v1","METADATA_ONLY_LICENSE","D","metadata_only","","","","country_policy_year|portfolio_scenario|source_registry","METADATA_ONLY_DO_NOT_REDISTRIBUTE","YES_BEFORE_FORMAL_MODEL_USE"
"WEB-0281","20260816_research_archive_v1","METADATA_ONLY_LICENSE","D","metadata_only","","","","asset_monthly_return|portfolio_scenario","METADATA_ONLY_DO_NOT_REDISTRIBUTE","YES_BEFORE_FORMAL_MODEL_USE"
"WEB-0282","20260816_research_archive_v1","METADATA_ONLY_LICENSE","D","metadata_only","","","","global_cycle_month|historical_crisis_event|country_event","METADATA_ONLY_DO_NOT_REDISTRIBUTE","YES_BEFORE_FORMAL_MODEL_USE"
"WEB-0283","20260816_research_archive_v1","METADATA_ONLY_LICENSE","D","metadata_only","","","","global_cycle_month|historical_crisis_event|country_event","METADATA_ONLY_DO_NOT_REDISTRIBUTE","YES_BEFORE_FORMAL_MODEL_USE"
"WEB-0284","20260816_research_archive_v1","METADATA_ONLY_LICENSE","D","metadata_only","","","","global_cycle_month|historical_crisis_event|country_event","METADATA_ONLY_DO_NOT_REDISTRIBUTE","YES_BEFORE_FORMAL_MODEL_USE"
"WEB-0285","20260816_research_archive_v1","METADATA_ONLY_LICENSE","D","metadata_only","","","","asset_monthly_return|portfolio_scenario","METADATA_ONLY_DO_NOT_REDISTRIBUTE","YES_BEFORE_FORMAL_MODEL_USE"
"WEB-0286","20260816_research_archive_v1","METADATA_ONLY_LICENSE","D","metadata_only","","","","asset_monthly_return|portfolio_scenario","METADATA_ONLY_DO_NOT_REDISTRIBUTE","YES_BEFORE_FORMAL_MODEL_USE"
"WEB-0287","20260816_research_archive_v1","METADATA_ONLY_LICENSE","D","metadata_only","","","","global_cycle_month|historical_crisis_event|country_event","METADATA_ONLY_DO_NOT_REDISTRIBUTE","YES_BEFORE_FORMAL_MODEL_USE"
"WEB-0288","20260816_research_archive_v1","METADATA_ONLY_LICENSE","D","metadata_only","","","","global_cycle_month|historical_crisis_event|country_event","METADATA_ONLY_DO_NOT_REDISTRIBUTE","YES_BEFORE_FORMAL_MODEL_USE"
"WEB-0289","20260816_research_archive_v1","DOWNLOADED_VERIFIED","A","shared","08_企业案例与公开披露/外部原件/WEB-0289_办法全文，中国政府网/original.html","5ff8d97abe2db67fe4e30eeaee34c91c4af36d90eb9a7c91abdb88b277750ba2","","company_overseas_exposure|case_evidence","REUSE_AFTER_FIELD_AND_CLAIM_CHECK","YES_BEFORE_FORMAL_MODEL_USE"
"WEB-0290","20260816_research_archive_v1","METADATA_ONLY_LICENSE","A","metadata_only","","","","global_cycle_month|historical_crisis_event|country_event","METADATA_ONLY_DO_NOT_REDISTRIBUTE","YES_BEFORE_FORMAL_MODEL_USE"
"WEB-0291","20260816_research_archive_v1","METADATA_ONLY_LICENSE","D","metadata_only","","","","company_overseas_exposure|case_evidence","METADATA_ONLY_DO_NOT_REDISTRIBUTE","YES_BEFORE_FORMAL_MODEL_USE"
"WEB-0292","20260816_research_archive_v1","METADATA_ONLY_LICENSE","D","metadata_only","","","","company_overseas_exposure|case_evidence","METADATA_ONLY_DO_NOT_REDISTRIBUTE","YES_BEFORE_FORMAL_MODEL_USE"
"WEB-0293","20260816_research_archive_v1","MANUAL_ACTION_REQUIRED","D","metadata_only","","","","asset_monthly_return|portfolio_scenario","USER_ACTION_BEFORE_USE","YES_BEFORE_FORMAL_MODEL_USE"
"WEB-0294","20260816_research_archive_v1","MANUAL_ACTION_REQUIRED","D","metadata_only","","","","asset_monthly_return|portfolio_scenario","USER_ACTION_BEFORE_USE","YES_BEFORE_FORMAL_MODEL_USE"
"WEB-0295","20260816_research_archive_v1","MANUAL_ACTION_REQUIRED","D","metadata_only","","","","asset_monthly_return|portfolio_scenario","USER_ACTION_BEFORE_USE","YES_BEFORE_FORMAL_MODEL_USE"
"WEB-0296","20260816_research_archive_v1","METADATA_ONLY_LICENSE","D","metadata_only","","","","company_overseas_exposure|case_evidence","METADATA_ONLY_DO_NOT_REDISTRIBUTE","YES_BEFORE_FORMAL_MODEL_USE"
"WEB-0297","20260816_research_archive_v1","DOWNLOADED_VERIFIED","D","private_only","06_黄金美元与储备配置/外部原件/WEB-0297_XLSX_entry_xl_worksheets_sheet4.xml/original.pdf","4a1278aeb1adda810dd2fdc89ab015f2be03501e376c69136a9b3930453498dd","","asset_monthly_return|portfolio_scenario","LOCAL_ONLY_REUSE_AFTER_FIELD_CHECK","YES_BEFORE_FORMAL_MODEL_USE"
"WEB-0298","20260816_research_archive_v1","DOWNLOADED_VERIFIED","B","private_only","08_企业案例与公开披露/外部原件/WEB-0298_6._IATA《2024_Blocked_Funds_Update》（尼日利亚清兑后、其余国家仍高企）：_/original.html","610b2f3a6af7f72684921179376c3856337ce8942b2e5ffecb432022fe30514f","","company_overseas_exposure|case_evidence","LOCAL_ONLY_REUSE_AFTER_FIELD_CHECK","YES_BEFORE_FORMAL_MODEL_USE"
"WEB-0299","20260816_research_archive_v1","DOWNLOADED_VERIFIED","B","private_only","04_国别货币与中国出海/外部原件/WEB-0299_url_=/original.html","250b4d63170e0ecb41afcb104c2ba2f47106da373faead7730dd6161977b9acb","","country_exposure|country_monthly_risk|country_policy_year|country_event","LOCAL_ONLY_REUSE_AFTER_FIELD_CHECK","YES_BEFORE_FORMAL_MODEL_USE"
"WEB-0300","20260816_research_archive_v1","DOWNLOADED_VERIFIED","B","private_only","08_企业案例与公开披露/外部原件/WEB-0300_1._IATA《Blocked_Funds_Report》（2023-04_峰值_22.7_亿美元、分国别数据）：_/original.html","482bae92a859f2a6e6f45056f061c5a634f08c1183a19f2d22e53e2c6d71c0cd","","company_overseas_exposure|case_evidence","LOCAL_ONLY_REUSE_AFTER_FIELD_CHECK","YES_BEFORE_FORMAL_MODEL_USE"
"WEB-0301","20260816_research_archive_v1","DOWNLOADED_VERIFIED","B","private_only","04_国别货币与中国出海/外部原件/WEB-0301_PDF_link_annotation_/original.html","84d04721258d556d8018c54c92bfc7028605569b53001e45f683cfaea9f21811","","country_exposure|country_monthly_risk|country_policy_year|country_event","LOCAL_ONLY_REUSE_AFTER_FIELD_CHECK","YES_BEFORE_FORMAL_MODEL_USE"
"WEB-0302","20260816_research_archive_v1","METADATA_ONLY_LICENSE","B","metadata_only","","","","country_exposure|country_monthly_risk|country_policy_year|country_event","METADATA_ONLY_DO_NOT_REDISTRIBUTE","YES_BEFORE_FORMAL_MODEL_USE"
"WEB-0303","20260816_research_archive_v1","DOWNLOADED_VERIFIED","B","private_only","07_会计合规与制裁/外部原件/WEB-0303_4._IAS_29《恶性通货膨胀经济中的财务报告》准则文本：IFRS_Foundation：_/original.html","750c6e9d574555e94a2839e970a1024cb395a8bd73ecc82f963f71864bcc2990","","country_policy_year|portfolio_scenario|source_registry","LOCAL_ONLY_REUSE_AFTER_FIELD_CHECK","YES_BEFORE_FORMAL_MODEL_USE"
"WEB-0304","20260816_research_archive_v1","BROKEN_OR_UNREACHABLE","B","private_only","","","WEB-0306","country_policy_year|portfolio_scenario|source_registry","USE_REPLACEMENT_SOURCE","YES_BEFORE_FORMAL_MODEL_USE"
"WEB-0305","20260816_research_archive_v1","BROKEN_OR_UNREACHABLE","B","private_only","","","WEB-0306","country_policy_year|portfolio_scenario|source_registry","USE_REPLACEMENT_SOURCE","YES_BEFORE_FORMAL_MODEL_USE"
"WEB-0306","20260816_research_archive_v1","DOWNLOADED_VERIFIED","B","private_only","07_会计合规与制裁/外部原件/WEB-0306_PDF_link_annotation_/original.pdf","8bb6c5d433bb3e82a5a3898055dd339097d6d08769b6f2e3d4469d429b7f776e","","country_policy_year|portfolio_scenario|source_registry","LOCAL_ONLY_REUSE_AFTER_FIELD_CHECK","YES_BEFORE_FORMAL_MODEL_USE"
"WEB-0307","20260816_research_archive_v1","DOWNLOADED_VERIFIED","B","private_only","07_会计合规与制裁/外部原件/WEB-0307_PDF_link_annotation_/original.pdf","401797c13f6b3d258404b37318a130eb6ca1ea4cc6f948abedf4ec61331e1681","","country_policy_year|portfolio_scenario|source_registry","LOCAL_ONLY_REUSE_AFTER_FIELD_CHECK","YES_BEFORE_FORMAL_MODEL_USE"
"WEB-0308","20260816_research_archive_v1","BROKEN_OR_UNREACHABLE","B","private_only","","","WEB-0306","country_policy_year|portfolio_scenario|source_registry","USE_REPLACEMENT_SOURCE","YES_BEFORE_FORMAL_MODEL_USE"
"WEB-0309","20260816_research_archive_v1","DOWNLOADED_VERIFIED","B","private_only","07_会计合规与制裁/外部原件/WEB-0309_Economies,/original.html","6c3c53105d29c7aa15f91081a1541bf6df5804d566b6c36d790d90ba6ffca317","","country_policy_year|portfolio_scenario|source_registry","LOCAL_ONLY_REUSE_AFTER_FIELD_CHECK","YES_BEFORE_FORMAL_MODEL_USE"
"WEB-0310","20260816_research_archive_v1","DOWNLOADED_VERIFIED","B","private_only","07_会计合规与制裁/外部原件/WEB-0310_PDF_link_annotation_/original.html","e59959490a30e0f4a1d97eeaf7d1c50dcd3507c1d1ba5975cd6a9a5d1878a57e","","country_policy_year|portfolio_scenario|source_registry","LOCAL_ONLY_REUSE_AFTER_FIELD_CHECK","YES_BEFORE_FORMAL_MODEL_USE"
"WEB-0311","20260816_research_archive_v1","PAYWALL_OR_AUTH","B","private_only","","","","company_overseas_exposure|case_evidence","DO_NOT_FETCH_WITHOUT_AUTHORIZATION","YES_BEFORE_FORMAL_MODEL_USE"
"WEB-0312","20260816_research_archive_v1","PAYWALL_OR_AUTH","B","private_only","","","","global_cycle_month|historical_crisis_event|country_event","DO_NOT_FETCH_WITHOUT_AUTHORIZATION","YES_BEFORE_FORMAL_MODEL_USE"
"WEB-0313","20260816_research_archive_v1","PAYWALL_OR_AUTH","B","private_only","","","","asset_monthly_return|portfolio_scenario","DO_NOT_FETCH_WITHOUT_AUTHORIZATION","YES_BEFORE_FORMAL_MODEL_USE"
"WEB-0314","20260816_research_archive_v1","PAYWALL_OR_AUTH","B","private_only","","","","global_cycle_month|historical_crisis_event|country_event","DO_NOT_FETCH_WITHOUT_AUTHORIZATION","YES_BEFORE_FORMAL_MODEL_USE"
"WEB-0315","20260816_research_archive_v1","PAYWALL_OR_AUTH","B","private_only","","","","country_policy_year|portfolio_scenario|source_registry","DO_NOT_FETCH_WITHOUT_AUTHORIZATION","YES_BEFORE_FORMAL_MODEL_USE"
"WEB-0316","20260816_research_archive_v1","PAYWALL_OR_AUTH","B","private_only","","","","asset_monthly_return|portfolio_scenario","DO_NOT_FETCH_WITHOUT_AUTHORIZATION","YES_BEFORE_FORMAL_MODEL_USE"
"WEB-0317","20260816_research_archive_v1","PAYWALL_OR_AUTH","B","private_only","","","","asset_monthly_return|portfolio_scenario","DO_NOT_FETCH_WITHOUT_AUTHORIZATION","YES_BEFORE_FORMAL_MODEL_USE"
"WEB-0318","20260816_research_archive_v1","DOWNLOADED_VERIFIED","B","private_only","05_全球周期与历史危机/外部原件/WEB-0318_1._IMF《Mexico_The_Tequila_Crisis》案例研究（比索汇率、外储、救助规模）：_/original.html","f4e309c0936f247e787c3245b8264cc34d71419da1d29f0e5bf1f91474772c67","","global_cycle_month|historical_crisis_event|country_event","LOCAL_ONLY_REUSE_AFTER_FIELD_CHECK","YES_BEFORE_FORMAL_MODEL_USE"
"WEB-0319","20260816_research_archive_v1","METADATA_ONLY_LICENSE","A","metadata_only","","","","company_overseas_exposure|case_evidence","METADATA_ONLY_DO_NOT_REDISTRIBUTE","YES_BEFORE_FORMAL_MODEL_USE"
"WEB-0320","20260816_research_archive_v1","METADATA_ONLY_LICENSE","D","metadata_only","","","","global_cycle_month|historical_crisis_event|country_event","METADATA_ONLY_DO_NOT_REDISTRIBUTE","YES_BEFORE_FORMAL_MODEL_USE"
"WEB-0321","20260816_research_archive_v1","METADATA_ONLY_LICENSE","D","metadata_only","","","","company_overseas_exposure|case_evidence","METADATA_ONLY_DO_NOT_REDISTRIBUTE","YES_BEFORE_FORMAL_MODEL_USE"
"WEB-0322","20260816_research_archive_v1","METADATA_ONLY_LICENSE","D","metadata_only","","","","company_overseas_exposure|case_evidence","METADATA_ONLY_DO_NOT_REDISTRIBUTE","YES_BEFORE_FORMAL_MODEL_USE"
"WEB-0323","20260816_research_archive_v1","METADATA_ONLY_LICENSE","D","metadata_only","","","","global_cycle_month|historical_crisis_event|country_event","METADATA_ONLY_DO_NOT_REDISTRIBUTE","YES_BEFORE_FORMAL_MODEL_USE"
"WEB-0324","20260816_research_archive_v1","METADATA_ONLY_LICENSE","D","metadata_only","","","","country_exposure|country_monthly_risk|country_policy_year|country_event","METADATA_ONLY_DO_NOT_REDISTRIBUTE","YES_BEFORE_FORMAL_MODEL_USE"
"WEB-0325","20260816_research_archive_v1","METADATA_ONLY_LICENSE","D","metadata_only","","","","company_overseas_exposure|case_evidence","METADATA_ONLY_DO_NOT_REDISTRIBUTE","YES_BEFORE_FORMAL_MODEL_USE"
"WEB-0326","20260816_research_archive_v1","METADATA_ONLY_LICENSE","D","metadata_only","","","","global_cycle_month|historical_crisis_event|country_event","METADATA_ONLY_DO_NOT_REDISTRIBUTE","YES_BEFORE_FORMAL_MODEL_USE"
"WEB-0327","20260816_research_archive_v1","METADATA_ONLY_LICENSE","D","metadata_only","","","","country_policy_year|portfolio_scenario|source_registry","METADATA_ONLY_DO_NOT_REDISTRIBUTE","YES_BEFORE_FORMAL_MODEL_USE"
"WEB-0328","20260816_research_archive_v1","METADATA_ONLY_LICENSE","D","metadata_only","","","","global_cycle_month|historical_crisis_event|country_event","METADATA_ONLY_DO_NOT_REDISTRIBUTE","YES_BEFORE_FORMAL_MODEL_USE"
"WEB-0329","20260816_research_archive_v1","METADATA_ONLY_LICENSE","D","metadata_only","","","","asset_monthly_return|portfolio_scenario","METADATA_ONLY_DO_NOT_REDISTRIBUTE","YES_BEFORE_FORMAL_MODEL_USE"
"WEB-0330","20260816_research_archive_v1","METADATA_ONLY_LICENSE","D","metadata_only","","","","asset_monthly_return|portfolio_scenario","METADATA_ONLY_DO_NOT_REDISTRIBUTE","YES_BEFORE_FORMAL_MODEL_USE"
"WEB-0331","20260816_research_archive_v1","METADATA_ONLY_LICENSE","D","metadata_only","","","","asset_monthly_return|portfolio_scenario","METADATA_ONLY_DO_NOT_REDISTRIBUTE","YES_BEFORE_FORMAL_MODEL_USE"
"WEB-0332","20260816_research_archive_v1","METADATA_ONLY_LICENSE","D","metadata_only","","","","global_cycle_month|historical_crisis_event|country_event","METADATA_ONLY_DO_NOT_REDISTRIBUTE","YES_BEFORE_FORMAL_MODEL_USE"
"WEB-0333","20260816_research_archive_v1","METADATA_ONLY_LICENSE","D","metadata_only","","","","global_cycle_month|historical_crisis_event|country_event","METADATA_ONLY_DO_NOT_REDISTRIBUTE","YES_BEFORE_FORMAL_MODEL_USE"
"WEB-0334","20260816_research_archive_v1","METADATA_ONLY_LICENSE","D","metadata_only","","","","asset_monthly_return|portfolio_scenario","METADATA_ONLY_DO_NOT_REDISTRIBUTE","YES_BEFORE_FORMAL_MODEL_USE"
"WEB-0335","20260816_research_archive_v1","DOWNLOADED_VERIFIED","B","private_only","06_黄金美元与储备配置/外部原件/WEB-0335_论文,论文PDF,完整论文,2026-02-28,一次性,MDPI_PMC,/original.html","b608cd833dfb6b8287097ce0e547fd35eed0af1c84fd7e6fbcca831bc971bc49","","asset_monthly_return|portfolio_scenario","LOCAL_ONLY_REUSE_AFTER_FIELD_CHECK","YES_BEFORE_FORMAL_MODEL_USE"
"WEB-0336","20260816_research_archive_v1","DOWNLOADED_VERIFIED","B","private_only","04_国别货币与中国出海/外部原件/WEB-0336_缺失论文PDF恢复候选/original.html","9711c8f2220a9eb0be3400d6db3daad37d873482eb18d6220fa9632ecb46d892","","country_exposure|country_monthly_risk|country_policy_year|country_event","LOCAL_ONLY_REUSE_AFTER_FIELD_CHECK","YES_BEFORE_FORMAL_MODEL_USE"
"WEB-0337","20260816_research_archive_v1","METADATA_ONLY_LICENSE","D","metadata_only","","","","country_policy_year|portfolio_scenario|source_registry","METADATA_ONLY_DO_NOT_REDISTRIBUTE","YES_BEFORE_FORMAL_MODEL_USE"
"WEB-0338","20260816_research_archive_v1","METADATA_ONLY_LICENSE","D","metadata_only","","","","company_overseas_exposure|case_evidence","METADATA_ONLY_DO_NOT_REDISTRIBUTE","YES_BEFORE_FORMAL_MODEL_USE"
"WEB-0339","20260816_research_archive_v1","METADATA_ONLY_LICENSE","D","metadata_only","","","","asset_monthly_return|portfolio_scenario","METADATA_ONLY_DO_NOT_REDISTRIBUTE","YES_BEFORE_FORMAL_MODEL_USE"
"WEB-0340","20260816_research_archive_v1","METADATA_ONLY_LICENSE","D","metadata_only","","","","asset_monthly_return|portfolio_scenario","METADATA_ONLY_DO_NOT_REDISTRIBUTE","YES_BEFORE_FORMAL_MODEL_USE"
"WEB-0341","20260816_research_archive_v1","METADATA_ONLY_LICENSE","D","metadata_only","","","","global_cycle_month|historical_crisis_event|country_event","METADATA_ONLY_DO_NOT_REDISTRIBUTE","YES_BEFORE_FORMAL_MODEL_USE"
"WEB-0342","20260816_research_archive_v1","FETCH_FAILED","A","shared","","","WEB-0344","country_exposure|country_monthly_risk|country_policy_year|country_event","USE_REPLACEMENT_SOURCE","YES_BEFORE_FORMAL_MODEL_USE"
"WEB-0343","20260816_research_archive_v1","FETCH_FAILED","A","shared","","","WEB-0344","asset_monthly_return|portfolio_scenario","USE_REPLACEMENT_SOURCE","YES_BEFORE_FORMAL_MODEL_USE"
"WEB-0344","20260816_research_archive_v1","DOWNLOADED_VERIFIED","A","shared","06_黄金美元与储备配置/外部原件/WEB-0344_PDF_link_annotation_/original.html","cfc342773698f938d3e3189c60514bd079340ca1f5420eb2d1d7b682009ff955","","asset_monthly_return|portfolio_scenario","REUSE_AFTER_FIELD_AND_CLAIM_CHECK","YES_BEFORE_FORMAL_MODEL_USE"
"WEB-0345","20260816_research_archive_v1","DOWNLOADED_VERIFIED","A","shared","08_企业案例与公开披露/外部原件/WEB-0345_人社部，2020/original.html","ba367252c5920c7fac4e12d23a806bf49909b3ad8b9597c5f60c13c7da4a98e3","","company_overseas_exposure|case_evidence","REUSE_AFTER_FIELD_AND_CLAIM_CHECK","YES_BEFORE_FORMAL_MODEL_USE"
"WEB-0346","20260816_research_archive_v1","METADATA_ONLY_LICENSE","D","metadata_only","","","","company_overseas_exposure|case_evidence","METADATA_ONLY_DO_NOT_REDISTRIBUTE","YES_BEFORE_FORMAL_MODEL_USE"
"WEB-0347","20260816_research_archive_v1","METADATA_ONLY_LICENSE","D","metadata_only","","","","company_overseas_exposure|case_evidence","METADATA_ONLY_DO_NOT_REDISTRIBUTE","YES_BEFORE_FORMAL_MODEL_USE"
"WEB-0348","20260816_research_archive_v1","DOWNLOADED_VERIFIED","B","private_only","05_全球周期与历史危机/外部原件/WEB-0348_PDF_link_annotation_/original.html","801042bc7e8c1269bc91560f5938f22df53d5365a21c3a57715c3491877bd330","","global_cycle_month|historical_crisis_event|country_event","LOCAL_ONLY_REUSE_AFTER_FIELD_CHECK","YES_BEFORE_FORMAL_MODEL_USE"
"WEB-0349","20260816_research_archive_v1","DOWNLOADED_VERIFIED","B","private_only","05_全球周期与历史危机/外部原件/WEB-0349_PDF_link_annotation_/original.html","70ef0bc0f72aea8c3000105cc8e08082c0a674bee4a5f51e6451fcf4a8398af2","","global_cycle_month|historical_crisis_event|country_event","LOCAL_ONLY_REUSE_AFTER_FIELD_CHECK","YES_BEFORE_FORMAL_MODEL_USE"
"WEB-0350","20260816_research_archive_v1","DOWNLOADED_VERIFIED","B","private_only","05_全球周期与历史危机/外部原件/WEB-0350_sions_and_Contractions,/original.html","533a833f40aa26d7a7c81491d10489674dc19d3c37644d1099a59e1dffbe50fd","","global_cycle_month|historical_crisis_event|country_event","LOCAL_ONLY_REUSE_AFTER_FIELD_CHECK","YES_BEFORE_FORMAL_MODEL_USE"
"WEB-0351","20260816_research_archive_v1","DOWNLOADED_VERIFIED","B","private_only","05_全球周期与历史危机/外部原件/WEB-0351_PDF_link_annotation_/original.html","ade985efc926c062fced2a065c915034b8490bdf2ef281cb715e741118570911","","global_cycle_month|historical_crisis_event|country_event","LOCAL_ONLY_REUSE_AFTER_FIELD_CHECK","YES_BEFORE_FORMAL_MODEL_USE"
"WEB-0352","20260816_research_archive_v1","DOWNLOADED_VERIFIED","B","private_only","08_企业案例与公开披露/外部原件/WEB-0352_NBER，2013/original.pdf","06df6a14527b2de68bd19965fc6f77ed0e24b72b10edad154ff4885bae8167b5","","company_overseas_exposure|case_evidence","LOCAL_ONLY_REUSE_AFTER_FIELD_CHECK","YES_BEFORE_FORMAL_MODEL_USE"
"WEB-0353","20260816_research_archive_v1","METADATA_ONLY_LICENSE","B","metadata_only","","","","global_cycle_month|historical_crisis_event|country_event","METADATA_ONLY_DO_NOT_REDISTRIBUTE","YES_BEFORE_FORMAL_MODEL_USE"
"WEB-0354","20260816_research_archive_v1","PAYWALL_OR_AUTH","D","private_only","","","","company_overseas_exposure|case_evidence","DO_NOT_FETCH_WITHOUT_AUTHORIZATION","YES_BEFORE_FORMAL_MODEL_USE"
"WEB-0355","20260816_research_archive_v1","METADATA_ONLY_LICENSE","D","metadata_only","","","","company_overseas_exposure|case_evidence","METADATA_ONLY_DO_NOT_REDISTRIBUTE","YES_BEFORE_FORMAL_MODEL_USE"
"WEB-0356","20260816_research_archive_v1","METADATA_ONLY_LICENSE","D","metadata_only","","","","company_overseas_exposure|case_evidence","METADATA_ONLY_DO_NOT_REDISTRIBUTE","YES_BEFORE_FORMAL_MODEL_USE"
"WEB-0357","20260816_research_archive_v1","DOWNLOADED_VERIFIED","A","shared","08_企业案例与公开披露/外部原件/WEB-0357_金融监管总局官网全文/original.html","2746269444dfbb546796f82825e20d277d6f21e04a357922a03218f9a5bd14d6","","company_overseas_exposure|case_evidence","REUSE_AFTER_FIELD_AND_CLAIM_CHECK","YES_BEFORE_FORMAL_MODEL_USE"
"WEB-0358","20260816_research_archive_v1","DUPLICATE_CONTENT","A","shared","08_企业案例与公开披露/外部原件/WEB-0357_金融监管总局官网全文/original.html","2746269444dfbb546796f82825e20d277d6f21e04a357922a03218f9a5bd14d6","WEB-0357","company_overseas_exposure|case_evidence","USE_CANONICAL_ASSET","YES_BEFORE_FORMAL_MODEL_USE"
"WEB-0359","20260816_research_archive_v1","DOWNLOADED_VERIFIED","A","shared","08_企业案例与公开披露/外部原件/WEB-0359_办法附件测算示例/original.html","16181b58c7ecf424fcb3cc3a7b6cfdc57cbcf01a9b3c1691049d677314f0c22e","","company_overseas_exposure|case_evidence","REUSE_AFTER_FIELD_AND_CLAIM_CHECK","YES_BEFORE_FORMAL_MODEL_USE"
"WEB-0360","20260816_research_archive_v1","METADATA_ONLY_LICENSE","A","metadata_only","","","","company_overseas_exposure|case_evidence","METADATA_ONLY_DO_NOT_REDISTRIBUTE","YES_BEFORE_FORMAL_MODEL_USE"
"WEB-0361","20260816_research_archive_v1","METADATA_ONLY_LICENSE","D","metadata_only","","","","company_overseas_exposure|case_evidence","METADATA_ONLY_DO_NOT_REDISTRIBUTE","YES_BEFORE_FORMAL_MODEL_USE"
"WEB-0362","20260816_research_archive_v1","METADATA_ONLY_LICENSE","D","metadata_only","","","","company_overseas_exposure|case_evidence","METADATA_ONLY_DO_NOT_REDISTRIBUTE","YES_BEFORE_FORMAL_MODEL_USE"
"WEB-0363","20260816_research_archive_v1","DOWNLOADED_VERIFIED","D","private_only","06_黄金美元与储备配置/外部原件/WEB-0363_XLSX_entry_xl_worksheets_sheet11.xml/original.html","687af66f5541ee7f7d3acc85aa3295c2bb3fdd04b8d3d51f166476d4a35d174d","","asset_monthly_return|portfolio_scenario","LOCAL_ONLY_REUSE_AFTER_FIELD_CHECK","YES_BEFORE_FORMAL_MODEL_USE"
"WEB-0364","20260816_research_archive_v1","DOWNLOADED_VERIFIED","D","private_only","06_黄金美元与储备配置/外部原件/WEB-0364_-_来源：/original.html","ca499dbf622a9bbe9680f34395dd25a0e8e341422c6a6d5eddec94fe237dacf5","","asset_monthly_return|portfolio_scenario","LOCAL_ONLY_REUSE_AFTER_FIELD_CHECK","YES_BEFORE_FORMAL_MODEL_USE"
"WEB-0365","20260816_research_archive_v1","METADATA_ONLY_LICENSE","D","metadata_only","","","","global_cycle_month|historical_crisis_event|country_event","METADATA_ONLY_DO_NOT_REDISTRIBUTE","YES_BEFORE_FORMAL_MODEL_USE"
"WEB-0366","20260816_research_archive_v1","METADATA_ONLY_LICENSE","D","metadata_only","","","","global_cycle_month|historical_crisis_event|country_event","METADATA_ONLY_DO_NOT_REDISTRIBUTE","YES_BEFORE_FORMAL_MODEL_USE"
"WEB-0367","20260816_research_archive_v1","METADATA_ONLY_LICENSE","D","metadata_only","","","","company_overseas_exposure|case_evidence","METADATA_ONLY_DO_NOT_REDISTRIBUTE","YES_BEFORE_FORMAL_MODEL_USE"
"WEB-0368","20260816_research_archive_v1","DOWNLOADED_VERIFIED","D","private_only","08_企业案例与公开披露/外部原件/WEB-0368_普华永道，2024/original.pdf","6ed6dce22fcabdb8976ac989998db6b2a708ece80caab6d8a0c85f8c4a4ef6de","","company_overseas_exposure|case_evidence","LOCAL_ONLY_REUSE_AFTER_FIELD_CHECK","YES_BEFORE_FORMAL_MODEL_USE"
"WEB-0369","20260816_research_archive_v1","PAYWALL_OR_AUTH","D","private_only","","","","country_policy_year|portfolio_scenario|source_registry","DO_NOT_FETCH_WITHOUT_AUTHORIZATION","YES_BEFORE_FORMAL_MODEL_USE"
"WEB-0370","20260816_research_archive_v1","PAYWALL_OR_AUTH","D","private_only","","","","country_policy_year|portfolio_scenario|source_registry","DO_NOT_FETCH_WITHOUT_AUTHORIZATION","YES_BEFORE_FORMAL_MODEL_USE"
"WEB-0371","20260816_research_archive_v1","METADATA_ONLY_LICENSE","D","metadata_only","","","","global_cycle_month|historical_crisis_event|country_event","METADATA_ONLY_DO_NOT_REDISTRIBUTE","YES_BEFORE_FORMAL_MODEL_USE"
"WEB-0372","20260816_research_archive_v1","METADATA_ONLY_LICENSE","D","metadata_only","","","","company_overseas_exposure|case_evidence","METADATA_ONLY_DO_NOT_REDISTRIBUTE","YES_BEFORE_FORMAL_MODEL_USE"
"WEB-0373","20260816_research_archive_v1","METADATA_ONLY_LICENSE","C","metadata_only","","","","asset_monthly_return|portfolio_scenario","METADATA_ONLY_DO_NOT_REDISTRIBUTE","YES_BEFORE_FORMAL_MODEL_USE"
"WEB-0374","20260816_research_archive_v1","METADATA_ONLY_LICENSE","C","metadata_only","","","","country_policy_year|portfolio_scenario|source_registry","METADATA_ONLY_DO_NOT_REDISTRIBUTE","YES_BEFORE_FORMAL_MODEL_USE"
"WEB-0375","20260816_research_archive_v1","METADATA_ONLY_LICENSE","C","metadata_only","","","","asset_monthly_return|portfolio_scenario","METADATA_ONLY_DO_NOT_REDISTRIBUTE","YES_BEFORE_FORMAL_MODEL_USE"
"WEB-0376","20260816_research_archive_v1","METADATA_ONLY_LICENSE","C","metadata_only","","","","country_policy_year|portfolio_scenario|source_registry","METADATA_ONLY_DO_NOT_REDISTRIBUTE","YES_BEFORE_FORMAL_MODEL_USE"
"WEB-0377","20260816_research_archive_v1","METADATA_ONLY_LICENSE","C","metadata_only","","","","country_exposure|country_monthly_risk|country_policy_year|country_event","METADATA_ONLY_DO_NOT_REDISTRIBUTE","YES_BEFORE_FORMAL_MODEL_USE"
"WEB-0378","20260816_research_archive_v1","METADATA_ONLY_LICENSE","C","metadata_only","","","","company_overseas_exposure|case_evidence","METADATA_ONLY_DO_NOT_REDISTRIBUTE","YES_BEFORE_FORMAL_MODEL_USE"
"WEB-0379","20260816_research_archive_v1","METADATA_ONLY_LICENSE","C","metadata_only","","","","country_policy_year|portfolio_scenario|source_registry","METADATA_ONLY_DO_NOT_REDISTRIBUTE","YES_BEFORE_FORMAL_MODEL_USE"
"WEB-0380","20260816_research_archive_v1","METADATA_ONLY_LICENSE","D","metadata_only","","","","company_overseas_exposure|case_evidence","METADATA_ONLY_DO_NOT_REDISTRIBUTE","YES_BEFORE_FORMAL_MODEL_USE"
"WEB-0381","20260816_research_archive_v1","METADATA_ONLY_LICENSE","D","metadata_only","","","","company_overseas_exposure|case_evidence","METADATA_ONLY_DO_NOT_REDISTRIBUTE","YES_BEFORE_FORMAL_MODEL_USE"
"WEB-0382","20260816_research_archive_v1","DOWNLOADED_VERIFIED","A","shared","05_全球周期与历史危机/外部原件/WEB-0382_7._中国央行_2022_年_11_月重启购金（+32_吨）：国家外汇管理局_2022_年_12_月官方储备数据公报：_/original.html","4a5aef0be30586250901fbc607f3b460efc60afad10f855ff6512a8048a9caf8","","global_cycle_month|historical_crisis_event|country_event","REUSE_AFTER_FIELD_AND_CLAIM_CHECK","YES_BEFORE_FORMAL_MODEL_USE"
"WEB-0383","20260816_research_archive_v1","METADATA_ONLY_LICENSE","D","metadata_only","","","","global_cycle_month|historical_crisis_event|country_event","METADATA_ONLY_DO_NOT_REDISTRIBUTE","YES_BEFORE_FORMAL_MODEL_USE"
"WEB-0384","20260816_research_archive_v1","DOWNLOADED_VERIFIED","D","private_only","08_企业案例与公开披露/外部原件/WEB-0384_《清华大学学报》财务预警综述，2023/original.pdf","d1b4781e4092191bcc280547b170915cde11c11ef51361d22f2687d055d23ec0","","company_overseas_exposure|case_evidence","LOCAL_ONLY_REUSE_AFTER_FIELD_CHECK","YES_BEFORE_FORMAL_MODEL_USE"
"WEB-0385","20260816_research_archive_v1","DOWNLOADED_VERIFIED","A","shared","08_企业案例与公开披露/外部原件/WEB-0385_2._Newmont_公司_10-K_年报（SEC，2006）——引_LBMA_伦敦下午定盘价年度高_低_均价（2000：279；2001：27/original.html","3835a109b3417981117126d6f0e77e8d18038333822d77e4578d952969b9685b","","company_overseas_exposure|case_evidence","REUSE_AFTER_FIELD_AND_CLAIM_CHECK","YES_BEFORE_FORMAL_MODEL_USE"
"WEB-0386","20260816_research_archive_v1","DOWNLOADED_VERIFIED","A","shared","08_企业案例与公开披露/外部原件/WEB-0386_3._美国SEC备案文件（SPDR_Gold_Trust_FWP，载2008年3月17日金价1011美元纪录），2009年，/original.html","4c3d1375f18412a57a80e3541e2048e8bbc87ea3260d9d186123fbf2f5cae25a","","company_overseas_exposure|case_evidence","REUSE_AFTER_FIELD_AND_CLAIM_CHECK","YES_BEFORE_FORMAL_MODEL_USE"
"WEB-0387","20260816_research_archive_v1","DOWNLOADED_VERIFIED","A","shared","08_企业案例与公开披露/外部原件/WEB-0387_3._AB_InBev_2023_年报（阿根廷贬值_+_IAS_29_冲击_3.03_亿美元）：SEC_EDGAR：_/original.html","bc5418052ecfb0cda523a7d52fe1bd50d1672d6db5dc2a1db356811fabf2d08d","","company_overseas_exposure|case_evidence","REUSE_AFTER_FIELD_AND_CLAIM_CHECK","YES_BEFORE_FORMAL_MODEL_USE"
"WEB-0388","20260816_research_archive_v1","DOWNLOADED_VERIFIED","A","shared","08_企业案例与公开披露/外部原件/WEB-0388_1._AB_InBev_2023_年报（20-F，IAS_29_重述与贬值负面影响_3.03_亿美元）：SEC_EDGAR：_/original.html","7ece4a722bed4c9533e844d743948f2cd479f81960233a408cb6ed1ebe430ebc","","company_overseas_exposure|case_evidence","REUSE_AFTER_FIELD_AND_CLAIM_CHECK","YES_BEFORE_FORMAL_MODEL_USE"
"WEB-0389","20260816_research_archive_v1","DOWNLOADED_VERIFIED","A","shared","08_企业案例与公开披露/外部原件/WEB-0389_AB_InBev_FY2023，SEC/original.html","d3d7a5654468c7ec4f5478e0be43d5bdf9b32fcac4f058bb2060d3b44396f5ad","","company_overseas_exposure|case_evidence","REUSE_AFTER_FIELD_AND_CLAIM_CHECK","YES_BEFORE_FORMAL_MODEL_USE"
"WEB-0390","20260816_research_archive_v1","DOWNLOADED_VERIFIED","A","shared","08_企业案例与公开披露/外部原件/WEB-0390_Barrick_2009_年报，SEC/original.html","e7783516ace167cb0f418d36499eba0b12210cbb6d4016617874ff7217b8b71d","","company_overseas_exposure|case_evidence","REUSE_AFTER_FIELD_AND_CLAIM_CHECK","YES_BEFORE_FORMAL_MODEL_USE"
"WEB-0391","20260816_research_archive_v1","DOWNLOADED_VERIFIED","A","shared","08_企业案例与公开披露/外部原件/WEB-0391_4._Palantir_10-Q_10-K（SEC_EDGAR）：_/original.html","f264b1979834c89ef8533e8b2772e44edffb5957e65b0a373819b48e0301717a","","company_overseas_exposure|case_evidence","REUSE_AFTER_FIELD_AND_CLAIM_CHECK","YES_BEFORE_FORMAL_MODEL_USE"
"WEB-0392","20260816_research_archive_v1","DUPLICATE_CONTENT","B","shared","06_黄金美元与储备配置/外部原件/WEB-0013__a_href=_/original.html","14f112f8f20d7815cf5f4fb854a3cb4a7ffe2cbde00504fc7efafafa31ba9d8b","WEB-0013","country_policy_year|portfolio_scenario|source_registry","USE_CANONICAL_ASSET","YES_BEFORE_FORMAL_MODEL_USE"
"WEB-0393","20260816_research_archive_v1","DOWNLOADED_VERIFIED","B","shared","08_企业案例与公开披露/外部原件/WEB-0393_SGE_官网/original.html","2ac5a10dc8035efac669e9fa1766472cf3b7ee25c5bd9d02bf717b98eab3b28b","","company_overseas_exposure|case_evidence","REUSE_AFTER_FIELD_AND_CLAIM_CHECK","YES_BEFORE_FORMAL_MODEL_USE"
"WEB-0394","20260816_research_archive_v1","DOWNLOADED_VERIFIED","B","shared","06_黄金美元与储备配置/外部原件/WEB-0394_-_SGE_更早历史数据：/original.html","3eb2363b1b91e1507b39e224165a0e7c27a7bd0ce5b20496789fe97ffe5dbcab","","asset_monthly_return|portfolio_scenario","REUSE_AFTER_FIELD_AND_CLAIM_CHECK","YES_BEFORE_FORMAL_MODEL_USE"
"WEB-0395","20260816_research_archive_v1","DOWNLOADED_VERIFIED","B","shared","06_黄金美元与储备配置/外部原件/WEB-0395_XLSX_entry_xl_worksheets_sheet11.xml/original.html","13b83fcc2db9b5c383f53a51455aa74fc062ea8e2b1c8b600be96316a76c0667","","asset_monthly_return|portfolio_scenario","REUSE_AFTER_FIELD_AND_CLAIM_CHECK","YES_BEFORE_FORMAL_MODEL_USE"
"WEB-0396","20260816_research_archive_v1","DOWNLOADED_VERIFIED","B","shared","06_黄金美元与储备配置/外部原件/WEB-0396_XLSX_entry_xl_worksheets_sheet6.xml/original.html","906340bb55b8c406153b16b5d3d7ab557156d3c24d983ee9422ba9772cb5ac81","","asset_monthly_return|portfolio_scenario","REUSE_AFTER_FIELD_AND_CLAIM_CHECK","YES_BEFORE_FORMAL_MODEL_USE"
"WEB-0397","20260816_research_archive_v1","DOWNLOADED_VERIFIED","B","shared","06_黄金美元与储备配置/外部原件/WEB-0397_XLSX_entry_xl_worksheets_sheet6.xml/original.html","9325a1236d74c5e4b64a3fe4da96b7c362d03334abb8ea7c0baf78913cef217e","","asset_monthly_return|portfolio_scenario","REUSE_AFTER_FIELD_AND_CLAIM_CHECK","YES_BEFORE_FORMAL_MODEL_USE"
"WEB-0398","20260816_research_archive_v1","DOWNLOADED_VERIFIED","B","shared","06_黄金美元与储备配置/外部原件/WEB-0398_XLSX_entry_xl_worksheets_sheet6.xml/original.html","f3cc3833586ff20dae5f74e5de96cb8bb79fc74460c8762c77340bb543782375","","asset_monthly_return|portfolio_scenario","REUSE_AFTER_FIELD_AND_CLAIM_CHECK","YES_BEFORE_FORMAL_MODEL_USE"
"WEB-0399","20260816_research_archive_v1","DOWNLOADED_VERIFIED","B","shared","06_黄金美元与储备配置/外部原件/WEB-0399_XLSX_entry_xl_worksheets_sheet6.xml/original.html","96fca03f9c18cbdc253b97359df0dc5d3cce81b4d9aec7713263840d3447b09f","","asset_monthly_return|portfolio_scenario","REUSE_AFTER_FIELD_AND_CLAIM_CHECK","YES_BEFORE_FORMAL_MODEL_USE"
"WEB-0400","20260816_research_archive_v1","DOWNLOADED_VERIFIED","B","shared","06_黄金美元与储备配置/外部原件/WEB-0400_XLSX_entry_xl_worksheets_sheet6.xml/original.html","cd9d8f60eb84adbe02aff69202cf1fe88fa9237a0efdaef2d4d904b04ce25204","","asset_monthly_return|portfolio_scenario","REUSE_AFTER_FIELD_AND_CLAIM_CHECK","YES_BEFORE_FORMAL_MODEL_USE"
"WEB-0401","20260816_research_archive_v1","DOWNLOADED_VERIFIED","B","shared","06_黄金美元与储备配置/外部原件/WEB-0401_XLSX_entry_xl_worksheets_sheet6.xml/original.html","534fab2d704bddc2fb248ac6a72aca12aebcdaf246fe58f7d62192381aa275b6","","asset_monthly_return|portfolio_scenario","REUSE_AFTER_FIELD_AND_CLAIM_CHECK","YES_BEFORE_FORMAL_MODEL_USE"
"WEB-0402","20260816_research_archive_v1","DOWNLOADED_VERIFIED","B","shared","06_黄金美元与储备配置/外部原件/WEB-0402_XLSX_entry_xl_worksheets_sheet6.xml/original.html","e02615a09ec6d7cdba0aaf6e35ac1bf0d729dfba310e8f2ffcab129b31be351d","","asset_monthly_return|portfolio_scenario","REUSE_AFTER_FIELD_AND_CLAIM_CHECK","YES_BEFORE_FORMAL_MODEL_USE"
"WEB-0403","20260816_research_archive_v1","DOWNLOADED_VERIFIED","B","shared","06_黄金美元与储备配置/外部原件/WEB-0403_XLSX_entry_xl_worksheets_sheet6.xml/original.html","c481531eb11d987aec8cf7fbd0f24ec23f4cb65cd12fab10ecdbad226d325e37","","asset_monthly_return|portfolio_scenario","REUSE_AFTER_FIELD_AND_CLAIM_CHECK","YES_BEFORE_FORMAL_MODEL_USE"
"WEB-0404","20260816_research_archive_v1","DOWNLOADED_VERIFIED","B","shared","06_黄金美元与储备配置/外部原件/WEB-0404_XLSX_entry_xl_worksheets_sheet6.xml/original.html","46f53c15689884e28f00b3cd3acf44b8a2acbf33ed6292d7baf1892dc04d8302","","asset_monthly_return|portfolio_scenario","REUSE_AFTER_FIELD_AND_CLAIM_CHECK","YES_BEFORE_FORMAL_MODEL_USE"
"WEB-0405","20260816_research_archive_v1","DOWNLOADED_VERIFIED","B","shared","06_黄金美元与储备配置/外部原件/WEB-0405_XLSX_entry_xl_worksheets_sheet6.xml/original.html","f8f222b3a898ba051b6c04b4fe5893a5e069fd8c09cfef0a1303cb1768fe2154","","asset_monthly_return|portfolio_scenario","REUSE_AFTER_FIELD_AND_CLAIM_CHECK","YES_BEFORE_FORMAL_MODEL_USE"
"WEB-0406","20260816_research_archive_v1","DOWNLOADED_VERIFIED","B","shared","06_黄金美元与储备配置/外部原件/WEB-0406_XLSX_entry_xl_worksheets_sheet6.xml/original.html","292940194f56b7788d4b3d01a6ead2c5ca0620192c64d682c7b8ae2d2105458d","","asset_monthly_return|portfolio_scenario","REUSE_AFTER_FIELD_AND_CLAIM_CHECK","YES_BEFORE_FORMAL_MODEL_USE"
"WEB-0407","20260816_research_archive_v1","DOWNLOADED_VERIFIED","B","shared","06_黄金美元与储备配置/外部原件/WEB-0407_XLSX_entry_xl_worksheets_sheet6.xml/original.html","89bd6c85a3fbe8eb2d4f62575fdffc4ac4ef278f1468cc646c10fbd618276b87","","asset_monthly_return|portfolio_scenario","REUSE_AFTER_FIELD_AND_CLAIM_CHECK","YES_BEFORE_FORMAL_MODEL_USE"
"WEB-0408","20260816_research_archive_v1","DOWNLOADED_VERIFIED","B","shared","06_黄金美元与储备配置/外部原件/WEB-0408_XLSX_entry_xl_worksheets_sheet6.xml/original.html","7e2c0e0a731cd1ce0ae051d93209bfabc3c394707dcee1f22491c2ec2970236e","","asset_monthly_return|portfolio_scenario","REUSE_AFTER_FIELD_AND_CLAIM_CHECK","YES_BEFORE_FORMAL_MODEL_USE"
"WEB-0409","20260816_research_archive_v1","DOWNLOADED_VERIFIED","B","shared","06_黄金美元与储备配置/外部原件/WEB-0409_XLSX_entry_xl_worksheets_sheet6.xml/original.html","e8e5ce05be02f5b5b6e2451fc9680a3859f7873d46d3dc56a536bc8b980211c8","","asset_monthly_return|portfolio_scenario","REUSE_AFTER_FIELD_AND_CLAIM_CHECK","YES_BEFORE_FORMAL_MODEL_USE"
"WEB-0410","20260816_research_archive_v1","DOWNLOADED_VERIFIED","B","shared","06_黄金美元与储备配置/外部原件/WEB-0410_XLSX_entry_xl_worksheets_sheet6.xml/original.html","9071ed20165f0c56f7fe373b0033a089c0a0ff7b468580e11b500845e5d87247","","asset_monthly_return|portfolio_scenario","REUSE_AFTER_FIELD_AND_CLAIM_CHECK","YES_BEFORE_FORMAL_MODEL_USE"
"WEB-0411","20260816_research_archive_v1","DOWNLOADED_VERIFIED","B","shared","06_黄金美元与储备配置/外部原件/WEB-0411_XLSX_entry_xl_worksheets_sheet6.xml/original.html","4a7613bc24949f2be0724f9a4efd84653106ccf31715bda76d34bd39eba27073","","asset_monthly_return|portfolio_scenario","REUSE_AFTER_FIELD_AND_CLAIM_CHECK","YES_BEFORE_FORMAL_MODEL_USE"
"WEB-0412","20260816_research_archive_v1","DOWNLOADED_VERIFIED","B","shared","06_黄金美元与储备配置/外部原件/WEB-0412_XLSX_entry_xl_worksheets_sheet6.xml/original.html","d18f7131ea100e17ceee0cccad3cbe156bce4d40bc948314020e317e83067252","","asset_monthly_return|portfolio_scenario","REUSE_AFTER_FIELD_AND_CLAIM_CHECK","YES_BEFORE_FORMAL_MODEL_USE"
"WEB-0413","20260816_research_archive_v1","DOWNLOADED_VERIFIED","B","shared","06_黄金美元与储备配置/外部原件/WEB-0413_XLSX_entry_xl_worksheets_sheet6.xml/original.html","c199aa8ff8cfb6453db92b711fc77f0be3d1a469c87358eac96b80cbb6aa1366","","asset_monthly_return|portfolio_scenario","REUSE_AFTER_FIELD_AND_CLAIM_CHECK","YES_BEFORE_FORMAL_MODEL_USE"
"WEB-0414","20260816_research_archive_v1","DOWNLOADED_VERIFIED","B","shared","06_黄金美元与储备配置/外部原件/WEB-0414_XLSX_entry_xl_worksheets_sheet6.xml/original.html","8d3b55dc40463181d5bc6962b9b109ac8c003b021de46038c75888433e07777e","","asset_monthly_return|portfolio_scenario","REUSE_AFTER_FIELD_AND_CLAIM_CHECK","YES_BEFORE_FORMAL_MODEL_USE"
"WEB-0415","20260816_research_archive_v1","DOWNLOADED_VERIFIED","B","shared","06_黄金美元与储备配置/外部原件/WEB-0415_XLSX_entry_xl_worksheets_sheet6.xml/original.html","c8935b3ded422b3b9582714d1c348603bdd3f2aae0421cbd27c1837a551c0982","","asset_monthly_return|portfolio_scenario","REUSE_AFTER_FIELD_AND_CLAIM_CHECK","YES_BEFORE_FORMAL_MODEL_USE"
"WEB-0416","20260816_research_archive_v1","DOWNLOADED_VERIFIED","B","shared","06_黄金美元与储备配置/外部原件/WEB-0416_XLSX_entry_xl_worksheets_sheet6.xml/original.html","ee9b43174ba9c4f4db453d193470f14926b7a55e710befaf4431ee778ab387ef","","asset_monthly_return|portfolio_scenario","REUSE_AFTER_FIELD_AND_CLAIM_CHECK","YES_BEFORE_FORMAL_MODEL_USE"
"WEB-0417","20260816_research_archive_v1","DOWNLOADED_VERIFIED","B","shared","06_黄金美元与储备配置/外部原件/WEB-0417_XLSX_entry_xl_worksheets_sheet6.xml/original.html","fa87385f2aba2637a9f0625cb4fb2bb8a135ed86883431757ecda892d6560755","","asset_monthly_return|portfolio_scenario","REUSE_AFTER_FIELD_AND_CLAIM_CHECK","YES_BEFORE_FORMAL_MODEL_USE"
"WEB-0418","20260816_research_archive_v1","DOWNLOADED_VERIFIED","B","shared","06_黄金美元与储备配置/外部原件/WEB-0418_XLSX_entry_xl_worksheets_sheet6.xml/original.html","4ab7f128dc1b185cd2561b9ab370b435b1a02264e441c2e0766eddb45766cb3a","","asset_monthly_return|portfolio_scenario","REUSE_AFTER_FIELD_AND_CLAIM_CHECK","YES_BEFORE_FORMAL_MODEL_USE"
"WEB-0419","20260816_research_archive_v1","DOWNLOADED_VERIFIED","B","shared","06_黄金美元与储备配置/外部原件/WEB-0419_XLSX_entry_xl_worksheets_sheet6.xml/original.html","02caec9d915ad8ee5e360c7f5ec2122f686f9a15a1ac4bc237f68f988c6bef12","","asset_monthly_return|portfolio_scenario","REUSE_AFTER_FIELD_AND_CLAIM_CHECK","YES_BEFORE_FORMAL_MODEL_USE"
"WEB-0420","20260816_research_archive_v1","DOWNLOADED_VERIFIED","B","shared","06_黄金美元与储备配置/外部原件/WEB-0420_XLSX_entry_xl_worksheets_sheet6.xml/original.html","fe26c1ffa6ea4d0f0485c61c67f9548f7e67944fe0d04341b9fbec7e61ddf06c","","asset_monthly_return|portfolio_scenario","REUSE_AFTER_FIELD_AND_CLAIM_CHECK","YES_BEFORE_FORMAL_MODEL_USE"
"WEB-0421","20260816_research_archive_v1","DOWNLOADED_VERIFIED","B","shared","06_黄金美元与储备配置/外部原件/WEB-0421_XLSX_entry_xl_worksheets_sheet6.xml/original.html","16f51e89c220914ce621b67e8070a19442df70993a9322b05e527eca937326ed","","asset_monthly_return|portfolio_scenario","REUSE_AFTER_FIELD_AND_CLAIM_CHECK","YES_BEFORE_FORMAL_MODEL_USE"
"WEB-0422","20260816_research_archive_v1","DOWNLOADED_VERIFIED","B","shared","06_黄金美元与储备配置/外部原件/WEB-0422_XLSX_entry_xl_worksheets_sheet6.xml/original.html","c6e8324dded89a4370db63b305f5fbb75a9712a78752d80e65cf479055e392e3","","asset_monthly_return|portfolio_scenario","REUSE_AFTER_FIELD_AND_CLAIM_CHECK","YES_BEFORE_FORMAL_MODEL_USE"
"WEB-0423","20260816_research_archive_v1","DOWNLOADED_VERIFIED","B","shared","06_黄金美元与储备配置/外部原件/WEB-0423_XLSX_entry_xl_worksheets_sheet6.xml/original.html","895bd907e02c79331eca50a197d31971dc3341ab46aee39d66e502a4952b7c03","","asset_monthly_return|portfolio_scenario","REUSE_AFTER_FIELD_AND_CLAIM_CHECK","YES_BEFORE_FORMAL_MODEL_USE"
"WEB-0424","20260816_research_archive_v1","DOWNLOADED_VERIFIED","B","shared","06_黄金美元与储备配置/外部原件/WEB-0424_XLSX_entry_xl_worksheets_sheet6.xml/original.html","09d1f8adc0e4ada82d8a64db2b8d1ad29d65927cb13241133cae3864ec20ca29","","asset_monthly_return|portfolio_scenario","REUSE_AFTER_FIELD_AND_CLAIM_CHECK","YES_BEFORE_FORMAL_MODEL_USE"
"WEB-0425","20260816_research_archive_v1","DOWNLOADED_VERIFIED","B","shared","06_黄金美元与储备配置/外部原件/WEB-0425_XLSX_entry_xl_worksheets_sheet6.xml/original.html","c2bc63f925c765e8d0c2e55f07edeb4b82963ccd269099c7f0a47577528549cc","","asset_monthly_return|portfolio_scenario","REUSE_AFTER_FIELD_AND_CLAIM_CHECK","YES_BEFORE_FORMAL_MODEL_USE"
"WEB-0426","20260816_research_archive_v1","DOWNLOADED_VERIFIED","B","shared","06_黄金美元与储备配置/外部原件/WEB-0426_XLSX_entry_xl_worksheets_sheet6.xml/original.html","210aa22a69c16ef529958404b450c7eab9786e6e89626f39bc893bb017d254fc","","asset_monthly_return|portfolio_scenario","REUSE_AFTER_FIELD_AND_CLAIM_CHECK","YES_BEFORE_FORMAL_MODEL_USE"
"WEB-0427","20260816_research_archive_v1","DOWNLOADED_VERIFIED","B","shared","06_黄金美元与储备配置/外部原件/WEB-0427_XLSX_entry_xl_worksheets_sheet6.xml/original.html","e981201d774c870e7516386a0a19bcad96d938802a427de888bd1cf072ca9095","","asset_monthly_return|portfolio_scenario","REUSE_AFTER_FIELD_AND_CLAIM_CHECK","YES_BEFORE_FORMAL_MODEL_USE"
"WEB-0428","20260816_research_archive_v1","DOWNLOADED_VERIFIED","B","shared","06_黄金美元与储备配置/外部原件/WEB-0428_XLSX_entry_xl_worksheets_sheet6.xml/original.html","fef212979bf2e2c32040eed73a50d6a3ca6de57eba7aeae8003b956fe879d156","","asset_monthly_return|portfolio_scenario","REUSE_AFTER_FIELD_AND_CLAIM_CHECK","YES_BEFORE_FORMAL_MODEL_USE"
"WEB-0429","20260816_research_archive_v1","DOWNLOADED_VERIFIED","B","shared","06_黄金美元与储备配置/外部原件/WEB-0429_XLSX_entry_xl_worksheets_sheet6.xml/original.html","197edf1d64e885969c679d2daf7bf0400fa15dc3a4d5c3177aeeb183f9d3b854","","asset_monthly_return|portfolio_scenario","REUSE_AFTER_FIELD_AND_CLAIM_CHECK","YES_BEFORE_FORMAL_MODEL_USE"
"WEB-0430","20260816_research_archive_v1","DOWNLOADED_VERIFIED","B","shared","06_黄金美元与储备配置/外部原件/WEB-0430_XLSX_entry_xl_worksheets_sheet6.xml/original.html","e162e6f68516e61a78fb53ca88d847f4add7ac8c1604ac82ae7a2ecd514351fe","","asset_monthly_return|portfolio_scenario","REUSE_AFTER_FIELD_AND_CLAIM_CHECK","YES_BEFORE_FORMAL_MODEL_USE"
"WEB-0431","20260816_research_archive_v1","DOWNLOADED_VERIFIED","B","shared","06_黄金美元与储备配置/外部原件/WEB-0431_XLSX_entry_xl_worksheets_sheet6.xml/original.html","a480d87204f6e0fc3b0fbcb728ece6a956265800dde682f639640b8b4ceb8522","","asset_monthly_return|portfolio_scenario","REUSE_AFTER_FIELD_AND_CLAIM_CHECK","YES_BEFORE_FORMAL_MODEL_USE"
"WEB-0432","20260816_research_archive_v1","DOWNLOADED_VERIFIED","B","shared","06_黄金美元与储备配置/外部原件/WEB-0432_XLSX_entry_xl_worksheets_sheet6.xml/original.html","239a2b96175fd07b0843a9bdf5cb77526d1ae6263bbb0da15866ddd071d89d6c","","asset_monthly_return|portfolio_scenario","REUSE_AFTER_FIELD_AND_CLAIM_CHECK","YES_BEFORE_FORMAL_MODEL_USE"
"WEB-0433","20260816_research_archive_v1","DOWNLOADED_VERIFIED","B","shared","06_黄金美元与储备配置/外部原件/WEB-0433_XLSX_entry_xl_worksheets_sheet6.xml/original.html","e9b99c4175880b9cdfa077cde8228482d85c233515f138b8795da19eac14e74e","","asset_monthly_return|portfolio_scenario","REUSE_AFTER_FIELD_AND_CLAIM_CHECK","YES_BEFORE_FORMAL_MODEL_USE"
"WEB-0434","20260816_research_archive_v1","DOWNLOADED_VERIFIED","B","shared","06_黄金美元与储备配置/外部原件/WEB-0434_XLSX_entry_xl_worksheets_sheet6.xml/original.html","e7ddc428d21bbf797239a0de398906bb460bae14e898d592b3ae045b313b17b9","","asset_monthly_return|portfolio_scenario","REUSE_AFTER_FIELD_AND_CLAIM_CHECK","YES_BEFORE_FORMAL_MODEL_USE"
"WEB-0435","20260816_research_archive_v1","DOWNLOADED_VERIFIED","B","shared","06_黄金美元与储备配置/外部原件/WEB-0435_XLSX_entry_xl_worksheets_sheet6.xml/original.html","be215e3987aab66bc03c7e8e75df4831a5676930d310c757cb50bc4e9cb7ba2d","","asset_monthly_return|portfolio_scenario","REUSE_AFTER_FIELD_AND_CLAIM_CHECK","YES_BEFORE_FORMAL_MODEL_USE"
"WEB-0436","20260816_research_archive_v1","DOWNLOADED_VERIFIED","B","shared","06_黄金美元与储备配置/外部原件/WEB-0436_XLSX_entry_xl_worksheets_sheet6.xml/original.html","9b9be57f907ec2ffe3e260657140a214859f22acb369552941df7d231aad8344","","asset_monthly_return|portfolio_scenario","REUSE_AFTER_FIELD_AND_CLAIM_CHECK","YES_BEFORE_FORMAL_MODEL_USE"
"WEB-0437","20260816_research_archive_v1","DOWNLOADED_VERIFIED","B","shared","06_黄金美元与储备配置/外部原件/WEB-0437_XLSX_entry_xl_worksheets_sheet6.xml/original.html","c644de421a1ea263a778479afae70f53872b1c9a52f32d2dea6f6b6ddee0d837","","asset_monthly_return|portfolio_scenario","REUSE_AFTER_FIELD_AND_CLAIM_CHECK","YES_BEFORE_FORMAL_MODEL_USE"
"WEB-0438","20260816_research_archive_v1","DOWNLOADED_VERIFIED","B","shared","06_黄金美元与储备配置/外部原件/WEB-0438_XLSX_entry_xl_worksheets_sheet6.xml/original.html","061cf6cf0aad645bfef08cb38bc97bf88acb6d9cb54d2ac0ea3e777f1d4f82eb","","asset_monthly_return|portfolio_scenario","REUSE_AFTER_FIELD_AND_CLAIM_CHECK","YES_BEFORE_FORMAL_MODEL_USE"
"WEB-0439","20260816_research_archive_v1","DOWNLOADED_VERIFIED","B","shared","06_黄金美元与储备配置/外部原件/WEB-0439_XLSX_entry_xl_worksheets_sheet6.xml/original.html","77aa397d58d88ad76ca8125c54f1be13b724ad03d4af08b6f19cc27c666556ec","","asset_monthly_return|portfolio_scenario","REUSE_AFTER_FIELD_AND_CLAIM_CHECK","YES_BEFORE_FORMAL_MODEL_USE"
"WEB-0440","20260816_research_archive_v1","DOWNLOADED_VERIFIED","B","shared","06_黄金美元与储备配置/外部原件/WEB-0440_XLSX_entry_xl_worksheets_sheet6.xml/original.html","453ab396e601a41dc002ddb94f2106edecfe63681eed7f7461f0e37c1a3b5272","","asset_monthly_return|portfolio_scenario","REUSE_AFTER_FIELD_AND_CLAIM_CHECK","YES_BEFORE_FORMAL_MODEL_USE"
"WEB-0441","20260816_research_archive_v1","DOWNLOADED_VERIFIED","B","shared","06_黄金美元与储备配置/外部原件/WEB-0441_XLSX_entry_xl_worksheets_sheet6.xml/original.html","3d5409c15e6df18781ec1ab955d7e8b8f245073b70e288eb93506ad899a3cadd","","asset_monthly_return|portfolio_scenario","REUSE_AFTER_FIELD_AND_CLAIM_CHECK","YES_BEFORE_FORMAL_MODEL_USE"
"WEB-0442","20260816_research_archive_v1","DOWNLOADED_VERIFIED","B","shared","06_黄金美元与储备配置/外部原件/WEB-0442_XLSX_entry_xl_worksheets_sheet6.xml/original.html","cae1df34a49fe84e7534d62cdbde95a8b234afd8e0261f58b70188c39d6bf5be","","asset_monthly_return|portfolio_scenario","REUSE_AFTER_FIELD_AND_CLAIM_CHECK","YES_BEFORE_FORMAL_MODEL_USE"
"WEB-0443","20260816_research_archive_v1","DOWNLOADED_VERIFIED","B","shared","06_黄金美元与储备配置/外部原件/WEB-0443_XLSX_entry_xl_worksheets_sheet6.xml/original.html","4bf55b3e0dbfb0e6861a73f22658ce8b9a63512d1af993cb0e51ccd5d8a34f01","","asset_monthly_return|portfolio_scenario","REUSE_AFTER_FIELD_AND_CLAIM_CHECK","YES_BEFORE_FORMAL_MODEL_USE"
"WEB-0444","20260816_research_archive_v1","DOWNLOADED_VERIFIED","B","shared","06_黄金美元与储备配置/外部原件/WEB-0444_XLSX_entry_xl_worksheets_sheet6.xml/original.html","b79eb64050180ea4453882bc91e1f560b91b82fbad9c1753d668fa9e0bed1fd6","","asset_monthly_return|portfolio_scenario","REUSE_AFTER_FIELD_AND_CLAIM_CHECK","YES_BEFORE_FORMAL_MODEL_USE"
"WEB-0445","20260816_research_archive_v1","DOWNLOADED_VERIFIED","B","shared","06_黄金美元与储备配置/外部原件/WEB-0445_XLSX_entry_xl_worksheets_sheet6.xml/original.html","964344aa3add837e8a1db3b264b57d082df85a02ff58f11fde5c86d89f7628be","","asset_monthly_return|portfolio_scenario","REUSE_AFTER_FIELD_AND_CLAIM_CHECK","YES_BEFORE_FORMAL_MODEL_USE"
"WEB-0446","20260816_research_archive_v1","DOWNLOADED_VERIFIED","B","shared","06_黄金美元与储备配置/外部原件/WEB-0446_XLSX_entry_xl_worksheets_sheet6.xml/original.html","56c31e1afec20db4692afdeaac492cd58035ee143fda31581b15ca47d8a01f1f","","asset_monthly_return|portfolio_scenario","REUSE_AFTER_FIELD_AND_CLAIM_CHECK","YES_BEFORE_FORMAL_MODEL_USE"
"WEB-0447","20260816_research_archive_v1","DOWNLOADED_VERIFIED","B","shared","06_黄金美元与储备配置/外部原件/WEB-0447_XLSX_entry_xl_worksheets_sheet6.xml/original.html","84c4e8195561e7f345c0a0de91bc6deb4f0eb4a245a343f8bc169c8688d2f4ba","","asset_monthly_return|portfolio_scenario","REUSE_AFTER_FIELD_AND_CLAIM_CHECK","YES_BEFORE_FORMAL_MODEL_USE"
"WEB-0448","20260816_research_archive_v1","DOWNLOADED_VERIFIED","B","shared","06_黄金美元与储备配置/外部原件/WEB-0448_XLSX_entry_xl_worksheets_sheet6.xml/original.html","f930f397812741fa2da818231bcb7a1e8039e6a5f3df27bbbe060448488f6494","","asset_monthly_return|portfolio_scenario","REUSE_AFTER_FIELD_AND_CLAIM_CHECK","YES_BEFORE_FORMAL_MODEL_USE"
"WEB-0449","20260816_research_archive_v1","DOWNLOADED_VERIFIED","B","shared","06_黄金美元与储备配置/外部原件/WEB-0449_XLSX_entry_xl_worksheets_sheet6.xml/original.html","3b03b31eb4f02f7e2859097c04a1e1415ed93076dcb57bbc69ca7ec588c8989b","","asset_monthly_return|portfolio_scenario","REUSE_AFTER_FIELD_AND_CLAIM_CHECK","YES_BEFORE_FORMAL_MODEL_USE"
"WEB-0450","20260816_research_archive_v1","DOWNLOADED_VERIFIED","B","shared","06_黄金美元与储备配置/外部原件/WEB-0450_XLSX_entry_xl_worksheets_sheet6.xml/original.html","18fb4d1bdddcd8707d3e74aade1eeff5c93f256f498b0611340908a85db158a5","","asset_monthly_return|portfolio_scenario","REUSE_AFTER_FIELD_AND_CLAIM_CHECK","YES_BEFORE_FORMAL_MODEL_USE"
"WEB-0451","20260816_research_archive_v1","DOWNLOADED_VERIFIED","B","shared","06_黄金美元与储备配置/外部原件/WEB-0451_XLSX_entry_xl_worksheets_sheet6.xml/original.html","b930bcbdf4dff6b32008959640ed3018714ddfde05721c52e67f1c5b5b412d61","","asset_monthly_return|portfolio_scenario","REUSE_AFTER_FIELD_AND_CLAIM_CHECK","YES_BEFORE_FORMAL_MODEL_USE"
"WEB-0452","20260816_research_archive_v1","DOWNLOADED_VERIFIED","B","shared","06_黄金美元与储备配置/外部原件/WEB-0452_XLSX_entry_xl_worksheets_sheet6.xml/original.html","7f15319fb38fae04bc60b40d9191e60bbf89090f12338768ab34f97e8693fef7","","asset_monthly_return|portfolio_scenario","REUSE_AFTER_FIELD_AND_CLAIM_CHECK","YES_BEFORE_FORMAL_MODEL_USE"
"WEB-0453","20260816_research_archive_v1","DOWNLOADED_VERIFIED","B","shared","06_黄金美元与储备配置/外部原件/WEB-0453_XLSX_entry_xl_worksheets_sheet6.xml/original.html","6008b0f871fe6246d2e2af2c00e56edb79808af06e371a5d13ce616d0e609350","","asset_monthly_return|portfolio_scenario","REUSE_AFTER_FIELD_AND_CLAIM_CHECK","YES_BEFORE_FORMAL_MODEL_USE"
"WEB-0454","20260816_research_archive_v1","DOWNLOADED_VERIFIED","B","shared","06_黄金美元与储备配置/外部原件/WEB-0454_XLSX_entry_xl_worksheets_sheet6.xml/original.html","7618db92fd1e6c5c63f08dc78c84f1f67e61b7e7f84af8998457b65016e8d1d3","","asset_monthly_return|portfolio_scenario","REUSE_AFTER_FIELD_AND_CLAIM_CHECK","YES_BEFORE_FORMAL_MODEL_USE"
"WEB-0455","20260816_research_archive_v1","DOWNLOADED_VERIFIED","B","shared","06_黄金美元与储备配置/外部原件/WEB-0455_XLSX_entry_xl_worksheets_sheet6.xml/original.html","d22e93504985c4c9ca58a595c7fc36643f0acc28999db17b5536d92d8efd597a","","asset_monthly_return|portfolio_scenario","REUSE_AFTER_FIELD_AND_CLAIM_CHECK","YES_BEFORE_FORMAL_MODEL_USE"
"WEB-0456","20260816_research_archive_v1","DOWNLOADED_VERIFIED","B","shared","06_黄金美元与储备配置/外部原件/WEB-0456_XLSX_entry_xl_worksheets_sheet6.xml/original.html","d1b4a85a65d2e9415d3ce623007e79c66233d56824411416dc60800718092585","","asset_monthly_return|portfolio_scenario","REUSE_AFTER_FIELD_AND_CLAIM_CHECK","YES_BEFORE_FORMAL_MODEL_USE"
"WEB-0457","20260816_research_archive_v1","DOWNLOADED_VERIFIED","B","shared","06_黄金美元与储备配置/外部原件/WEB-0457_XLSX_entry_xl_worksheets_sheet6.xml/original.html","213d49101de98d19cc271ae1a3a8af41347089fd2494679b940cae8d4298949a","","asset_monthly_return|portfolio_scenario","REUSE_AFTER_FIELD_AND_CLAIM_CHECK","YES_BEFORE_FORMAL_MODEL_USE"
"WEB-0458","20260816_research_archive_v1","DOWNLOADED_VERIFIED","D","private_only","05_全球周期与历史危机/外部原件/WEB-0458_6._上海期货交易所，2013年12月，《美联储QE决策的时间纵向分析及对金价的影响》——2013年12月18日美联储宣布缩减购债：_/original.pdf","913186f80d341193151f7fce9ec5bcb1cfca7f5d33a8ba2727893c1cdecd46d0","","global_cycle_month|historical_crisis_event|country_event","LOCAL_ONLY_REUSE_AFTER_FIELD_CHECK","YES_BEFORE_FORMAL_MODEL_USE"
"WEB-0459","20260816_research_archive_v1","DOWNLOADED_VERIFIED","D","private_only","08_企业案例与公开披露/外部原件/WEB-0459_上期所研究报告/original.pdf","80df079acee53af8299567c0f59b914626b95d6aefd639b2cdd2cf68ea91ce63","","company_overseas_exposure|case_evidence","LOCAL_ONLY_REUSE_AFTER_FIELD_CHECK","YES_BEFORE_FORMAL_MODEL_USE"
"WEB-0460","20260816_research_archive_v1","METADATA_ONLY_LICENSE","C","metadata_only","","","","company_overseas_exposure|case_evidence","METADATA_ONLY_DO_NOT_REDISTRIBUTE","YES_BEFORE_FORMAL_MODEL_USE"
"WEB-0461","20260816_research_archive_v1","METADATA_ONLY_LICENSE","D","metadata_only","","","","global_cycle_month|historical_crisis_event|country_event","METADATA_ONLY_DO_NOT_REDISTRIBUTE","YES_BEFORE_FORMAL_MODEL_USE"
"WEB-0462","20260816_research_archive_v1","METADATA_ONLY_LICENSE","D","metadata_only","","","","source_registry","METADATA_ONLY_DO_NOT_REDISTRIBUTE","YES_BEFORE_FORMAL_MODEL_USE"
"WEB-0463","20260816_research_archive_v1","METADATA_ONLY_LICENSE","D","metadata_only","","","","source_registry","METADATA_ONLY_DO_NOT_REDISTRIBUTE","YES_BEFORE_FORMAL_MODEL_USE"
"WEB-0464","20260816_research_archive_v1","METADATA_ONLY_LICENSE","D","metadata_only","","","","source_registry","METADATA_ONLY_DO_NOT_REDISTRIBUTE","YES_BEFORE_FORMAL_MODEL_USE"
"WEB-0465","20260816_research_archive_v1","METADATA_ONLY_LICENSE","D","metadata_only","","","","company_overseas_exposure|case_evidence","METADATA_ONLY_DO_NOT_REDISTRIBUTE","YES_BEFORE_FORMAL_MODEL_USE"
"WEB-0466","20260816_research_archive_v1","METADATA_ONLY_LICENSE","D","metadata_only","","","","company_overseas_exposure|case_evidence","METADATA_ONLY_DO_NOT_REDISTRIBUTE","YES_BEFORE_FORMAL_MODEL_USE"
"WEB-0467","20260816_research_archive_v1","METADATA_ONLY_LICENSE","D","metadata_only","","","","company_overseas_exposure|case_evidence","METADATA_ONLY_DO_NOT_REDISTRIBUTE","YES_BEFORE_FORMAL_MODEL_USE"
"WEB-0468","20260816_research_archive_v1","METADATA_ONLY_LICENSE","D","metadata_only","","","","global_cycle_month|historical_crisis_event|country_event","METADATA_ONLY_DO_NOT_REDISTRIBUTE","YES_BEFORE_FORMAL_MODEL_USE"
"WEB-0469","20260816_research_archive_v1","DOWNLOADED_VERIFIED","D","private_only","07_会计合规与制裁/外部原件/WEB-0469_1._传音控股_2023_2024_年报与三季报（人民币营收、非洲占比、汇率损失）：上交所披露：_/original.html","17fdad65a93aaa230dcc2204d6ce941c869285328f4924c05e0ebb03fbc50512","","country_policy_year|portfolio_scenario|source_registry","LOCAL_ONLY_REUSE_AFTER_FIELD_CHECK","YES_BEFORE_FORMAL_MODEL_USE"
"WEB-0470","20260816_research_archive_v1","METADATA_ONLY_LICENSE","D","metadata_only","","","","global_cycle_month|historical_crisis_event|country_event","METADATA_ONLY_DO_NOT_REDISTRIBUTE","YES_BEFORE_FORMAL_MODEL_USE"
"WEB-0471","20260816_research_archive_v1","DOWNLOADED_VERIFIED","A","shared","08_企业案例与公开披露/外部原件/WEB-0471_国家统计局，2025-01/original.html","edfb07d005ead65212fd55a4d9cf6ebd3eff49f203cd1b14682f841b0f814da2","","company_overseas_exposure|case_evidence","REUSE_AFTER_FIELD_AND_CLAIM_CHECK","YES_BEFORE_FORMAL_MODEL_USE"
"WEB-0472","20260816_research_archive_v1","DOWNLOADED_VERIFIED","A","shared","08_企业案例与公开披露/外部原件/WEB-0472_2024-12/original.html","c9fe941b8fc12b25ae9af33ed8db02711fc6b6bfbe4a7147396141f9bcc96754","","company_overseas_exposure|case_evidence","REUSE_AFTER_FIELD_AND_CLAIM_CHECK","YES_BEFORE_FORMAL_MODEL_USE"
"WEB-0473","20260816_research_archive_v1","METADATA_ONLY_LICENSE","D","metadata_only","","","","global_cycle_month|historical_crisis_event|country_event","METADATA_ONLY_DO_NOT_REDISTRIBUTE","YES_BEFORE_FORMAL_MODEL_USE"
"WEB-0474","20260816_research_archive_v1","METADATA_ONLY_LICENSE","A","metadata_only","","","","country_exposure|country_monthly_risk|country_policy_year|country_event","METADATA_ONLY_DO_NOT_REDISTRIBUTE","YES_BEFORE_FORMAL_MODEL_USE"
"WEB-0475","20260816_research_archive_v1","METADATA_ONLY_LICENSE","D","metadata_only","","","","country_policy_year|portfolio_scenario|source_registry","METADATA_ONLY_DO_NOT_REDISTRIBUTE","YES_BEFORE_FORMAL_MODEL_USE"
"WEB-0476","20260816_research_archive_v1","METADATA_ONLY_LICENSE","A","metadata_only","","","","country_exposure|country_monthly_risk|country_policy_year|country_event","METADATA_ONLY_DO_NOT_REDISTRIBUTE","YES_BEFORE_FORMAL_MODEL_USE"
"WEB-0477","20260816_research_archive_v1","METADATA_ONLY_LICENSE","D","metadata_only","","","","company_overseas_exposure|case_evidence","METADATA_ONLY_DO_NOT_REDISTRIBUTE","YES_BEFORE_FORMAL_MODEL_USE"
"WEB-0478","20260816_research_archive_v1","METADATA_ONLY_LICENSE","D","metadata_only","","","","company_overseas_exposure|case_evidence","METADATA_ONLY_DO_NOT_REDISTRIBUTE","YES_BEFORE_FORMAL_MODEL_USE"
"WEB-0479","20260816_research_archive_v1","METADATA_ONLY_LICENSE","C","metadata_only","","","","company_overseas_exposure|case_evidence","METADATA_ONLY_DO_NOT_REDISTRIBUTE","YES_BEFORE_FORMAL_MODEL_USE"
"WEB-0480","20260816_research_archive_v1","METADATA_ONLY_LICENSE","C","metadata_only","","","","company_overseas_exposure|case_evidence","METADATA_ONLY_DO_NOT_REDISTRIBUTE","YES_BEFORE_FORMAL_MODEL_USE"
"WEB-0481","20260816_research_archive_v1","METADATA_ONLY_LICENSE","A","metadata_only","","","","country_exposure|country_monthly_risk|country_policy_year|country_event","METADATA_ONLY_DO_NOT_REDISTRIBUTE","YES_BEFORE_FORMAL_MODEL_USE"
"WEB-0482","20260816_research_archive_v1","METADATA_ONLY_LICENSE","A","metadata_only","","","","country_policy_year|portfolio_scenario|source_registry","METADATA_ONLY_DO_NOT_REDISTRIBUTE","YES_BEFORE_FORMAL_MODEL_USE"
"WEB-0483","20260816_research_archive_v1","METADATA_ONLY_LICENSE","D","metadata_only","","","","global_cycle_month|historical_crisis_event|country_event","METADATA_ONLY_DO_NOT_REDISTRIBUTE","YES_BEFORE_FORMAL_MODEL_USE"
"WEB-0484","20260816_research_archive_v1","METADATA_ONLY_LICENSE","D","metadata_only","","","","country_policy_year|portfolio_scenario|source_registry","METADATA_ONLY_DO_NOT_REDISTRIBUTE","YES_BEFORE_FORMAL_MODEL_USE"
"WEB-0485","20260816_research_archive_v1","METADATA_ONLY_LICENSE","A","metadata_only","","","","asset_monthly_return|portfolio_scenario","METADATA_ONLY_DO_NOT_REDISTRIBUTE","YES_BEFORE_FORMAL_MODEL_USE"
"WEB-0486","20260816_research_archive_v1","METADATA_ONLY_LICENSE","A","metadata_only","","","","asset_monthly_return|portfolio_scenario","METADATA_ONLY_DO_NOT_REDISTRIBUTE","YES_BEFORE_FORMAL_MODEL_USE"
"WEB-0487","20260816_research_archive_v1","METADATA_ONLY_LICENSE","A","metadata_only","","","","asset_monthly_return|portfolio_scenario","METADATA_ONLY_DO_NOT_REDISTRIBUTE","YES_BEFORE_FORMAL_MODEL_USE"
"WEB-0488","20260816_research_archive_v1","METADATA_ONLY_LICENSE","D","metadata_only","","","","asset_monthly_return|portfolio_scenario","METADATA_ONLY_DO_NOT_REDISTRIBUTE","YES_BEFORE_FORMAL_MODEL_USE"
"WEB-0489","20260816_research_archive_v1","METADATA_ONLY_LICENSE","D","metadata_only","","","","asset_monthly_return|portfolio_scenario","METADATA_ONLY_DO_NOT_REDISTRIBUTE","YES_BEFORE_FORMAL_MODEL_USE"
"WEB-0490","20260816_research_archive_v1","METADATA_ONLY_LICENSE","D","metadata_only","","","","asset_monthly_return|portfolio_scenario","METADATA_ONLY_DO_NOT_REDISTRIBUTE","YES_BEFORE_FORMAL_MODEL_USE"
"WEB-0491","20260816_research_archive_v1","METADATA_ONLY_LICENSE","D","metadata_only","","","","country_policy_year|portfolio_scenario|source_registry","METADATA_ONLY_DO_NOT_REDISTRIBUTE","YES_BEFORE_FORMAL_MODEL_USE"
"WEB-0492","20260816_research_archive_v1","DOWNLOADED_VERIFIED","B","shared","06_黄金美元与储备配置/外部原件/WEB-0492_17_World_Bank,_Commodity_Markets_Pink_Sheet,/original.html","3e96c0a8a4d1bab86d77b1a265a36c3128a9de8b18f5bd4c6bdcc05d7ce7b5a1","","asset_monthly_return|portfolio_scenario","REUSE_AFTER_FIELD_AND_CLAIM_CHECK","YES_BEFORE_FORMAL_MODEL_USE"
"WEB-0493","20260816_research_archive_v1","DOWNLOADED_VERIFIED","B","shared","07_会计合规与制裁/外部原件/WEB-0493_3._苏丹_GDP（2023_年_-12%～-18%）：世界银行《Sudan_Economic_Update》：_/original.html","86043ce3cdb8fa93c2c4fc966b59cfa6ddf2a6e167b9ee6e1cff3465ea4122ee","","country_policy_year|portfolio_scenario|source_registry","REUSE_AFTER_FIELD_AND_CLAIM_CHECK","YES_BEFORE_FORMAL_MODEL_USE"
"WEB-0494","20260816_research_archive_v1","DOWNLOADED_VERIFIED","B","shared","06_黄金美元与储备配置/外部原件/WEB-0494_2._世界银行（World_Bank），2022，《Lebanon's_Crisis_Great_Denial_in_the_Deliberat/original.html","f2ba93d76663b51c7f6fd6c4985f85b0dd6f6e0a3b4cd31d4e5031f169a84605","","asset_monthly_return|portfolio_scenario","REUSE_AFTER_FIELD_AND_CLAIM_CHECK","YES_BEFORE_FORMAL_MODEL_USE"
"WEB-0495","20260816_research_archive_v1","DOWNLOADED_VERIFIED","B","shared","04_国别货币与中国出海/外部原件/WEB-0495_1._世界银行（World_Bank），2023，《Lebanon_Economic_Monitor,_Spring_2023_Normaliz/original.html","a5adde4eb82b9472d2529770a5b235bb4778ed2aa4f6e50d0f7b1f4db04cff9d","","country_exposure|country_monthly_risk|country_policy_year|country_event","REUSE_AFTER_FIELD_AND_CLAIM_CHECK","YES_BEFORE_FORMAL_MODEL_USE"
"WEB-0496","20260816_research_archive_v1","DOWNLOADED_VERIFIED","B","shared","06_黄金美元与储备配置/外部原件/WEB-0496_XLSX_entry_xl_worksheets_sheet4.xml/original.html","eba5d8d969f0783a17fd8df87a62a2f7ce5f8e127531dd2b39e83f3c67e5aa74","","asset_monthly_return|portfolio_scenario","REUSE_AFTER_FIELD_AND_CLAIM_CHECK","YES_BEFORE_FORMAL_MODEL_USE"
"WEB-0497","20260816_research_archive_v1","DOWNLOADED_VERIFIED","B","shared","05_全球周期与历史危机/外部原件/WEB-0497_5._世界银行《Global_Economic_Prospects》1995_年墨西哥_GDP_数据（-6.2%）：_/original.html","8fb8778bcc71249d0468150580d6b15e49192bc688a7731aaa686e04979eb8fc","","global_cycle_month|historical_crisis_event|country_event","REUSE_AFTER_FIELD_AND_CLAIM_CHECK","YES_BEFORE_FORMAL_MODEL_USE"
"WEB-0498","20260816_research_archive_v1","DOWNLOADED_VERIFIED","B","shared","07_会计合规与制裁/外部原件/WEB-0498_8._布伦特_2024_年走势：世界银行_Pink_Sheet：_/original.html","784446daf44a99707abc5fa3b059233ba6ea7b6b80d0352a75825e9ee4287d17","","country_policy_year|portfolio_scenario|source_registry","REUSE_AFTER_FIELD_AND_CLAIM_CHECK","YES_BEFORE_FORMAL_MODEL_USE"
"WEB-0499","20260816_research_archive_v1","METADATA_ONLY_LICENSE","D","metadata_only","","","","company_overseas_exposure|case_evidence","METADATA_ONLY_DO_NOT_REDISTRIBUTE","YES_BEFORE_FORMAL_MODEL_USE"
"WEB-0500","20260816_research_archive_v1","METADATA_ONLY_LICENSE","D","metadata_only","","","","company_overseas_exposure|case_evidence","METADATA_ONLY_DO_NOT_REDISTRIBUTE","YES_BEFORE_FORMAL_MODEL_USE"
"WEB-0501","20260816_research_archive_v1","METADATA_ONLY_LICENSE","D","metadata_only","","","","company_overseas_exposure|case_evidence","METADATA_ONLY_DO_NOT_REDISTRIBUTE","YES_BEFORE_FORMAL_MODEL_USE"
"WEB-0502","20260816_research_archive_v1","METADATA_ONLY_LICENSE","D","metadata_only","","","","company_overseas_exposure|case_evidence","METADATA_ONLY_DO_NOT_REDISTRIBUTE","YES_BEFORE_FORMAL_MODEL_USE"
"WEB-0503","20260816_research_archive_v1","METADATA_ONLY_LICENSE","D","metadata_only","","","","company_overseas_exposure|case_evidence","METADATA_ONLY_DO_NOT_REDISTRIBUTE","YES_BEFORE_FORMAL_MODEL_USE"
"WEB-0504","20260816_research_archive_v1","METADATA_ONLY_LICENSE","D","metadata_only","","","","company_overseas_exposure|case_evidence","METADATA_ONLY_DO_NOT_REDISTRIBUTE","YES_BEFORE_FORMAL_MODEL_USE"
"WEB-0505","20260816_research_archive_v1","METADATA_ONLY_LICENSE","D","metadata_only","","","","company_overseas_exposure|case_evidence","METADATA_ONLY_DO_NOT_REDISTRIBUTE","YES_BEFORE_FORMAL_MODEL_USE"
"WEB-0506","20260816_research_archive_v1","METADATA_ONLY_LICENSE","D","metadata_only","","","","company_overseas_exposure|case_evidence","METADATA_ONLY_DO_NOT_REDISTRIBUTE","YES_BEFORE_FORMAL_MODEL_USE"
"WEB-0507","20260816_research_archive_v1","METADATA_ONLY_LICENSE","D","metadata_only","","","","asset_monthly_return|portfolio_scenario","METADATA_ONLY_DO_NOT_REDISTRIBUTE","YES_BEFORE_FORMAL_MODEL_USE"
"REF-0001","20260816_research_archive_v1","MANUAL_ACTION_REQUIRED","D","metadata_only","","","","country_policy_year|portfolio_scenario|source_registry","USER_ACTION_BEFORE_USE","YES_BEFORE_FORMAL_MODEL_USE"
