parent_asset_id,candidate_type,url,extension_hint,anchor_text,source_locator,fetch_allowed,fetch_decision_reason,redistribution_scope
WEB-0011,LINKED_RESOURCE,https://www.pbc.gov.cn/rmyh/106866/index.html,.html,报告下载,table-link,1,PUBLIC_GET_NO_AUTH,shared
WEB-0011,LINKED_RESOURCE,https://www.pbc.gov.cn/rmyh/107046/107165/index.html,.html,下载中心,table-link,1,PUBLIC_GET_NO_AUTH,shared
WEB-0457,LINKED_RESOURCE,https://www.sge.com.cn/hyzq/xzzq,,下载专区,anchor,1,PUBLIC_GET_NO_AUTH,shared
WEB-0457,LINKED_RESOURCE,https://www.sge.com.cn/tzzjy/shzrbg,,社会责任报告,anchor,1,PUBLIC_GET_NO_AUTH,shared
WEB-0039,LINKED_RESOURCE,https://data.bis.org/bulkdownload,,Bulk downloads,anchor,1,PUBLIC_GET_NO_AUTH,shared
WEB-0040,LINKED_RESOURCE,https://data.imf.org/-/media/iData/External-Storage/Documents/2F78EE59F79143A7921E5E203D3AAA80/en/WEOApr2026all.xlsx,.xlsx,"DOCUMENTApril 2026 WEO Entire Dataset in ExcelThis data file includes the data published in the World Economic Outlook Database in spreadsheet format. The data are presented in three datasheets (Countries, Country Groups, and Commodity Prices).",anchor,1,PUBLIC_GET_NO_AUTH,private_only
WEB-0040,LINKED_RESOURCE,https://data.imf.org/-/media/iData/External-Storage/Documents/4AA1F4D0624C46E98F95988F1F83E770/en/April-2026-WEO-Database-Appendix.pdf,.pdf,"DOCUMENTApril 2026 WEO Database AppendixA vintage-specific appendix to the World Economic Outlook (WEO) database, compiled as a downloadable PDF. It consolidates assumptions and data conventions, documents changes and corrections to the database (with the current vintage highlighted and past vintages archived for reference), details country groups and aggregates, and provides country-specific information. Each vintage appendix is preserved to ensure users can access both current and historical documentation.",anchor,1,PUBLIC_GET_NO_AUTH,private_only
WEB-0040,LINKED_RESOURCE,https://data.imf.org/-/media/iData/External-Storage/Documents/2C2B2F3E671A4B11ABE756E2441FD6F0/en/WEO-Database-Transition-Guide.pdf,.pdf,DOCUMENTWEO Database Transition GuideA short guide explaining the changes to the World Economic Outlook (WEO) Database in the new IMF Data Portal compared to the previous format.,anchor,1,PUBLIC_GET_NO_AUTH,private_only
WEB-0040,LINKED_RESOURCE,https://data.imf.org/-/media/iData/External-Storage/Documents/977574FA66914EAD900D3FEC55C7316A/en/WEOhistorical.xlsx,.xlsx,"DOCUMENTWEO Historical Forecasts Database A comprehensive archive of the IMF’s World Economic Outlook historical forecasts, providing past projections for key macroeconomic indicators across countries and regions.",anchor,1,PUBLIC_GET_NO_AUTH,private_only
WEB-0040,LINKED_RESOURCE,https://data.imf.org/en/Resource-Pages/Download-Excel-Add-in,,Excel Add-in,anchor,1,PUBLIC_GET_NO_AUTH,private_only
WEB-0042,LINKED_RESOURCE,https://api.worldbank.org/v2/en/indicator/FP.CPI.TOTL.ZG?downloadformat=csv,.zg,CSV,anchor,1,PUBLIC_GET_NO_AUTH,shared
WEB-0042,LINKED_RESOURCE,https://api.worldbank.org/v2/en/indicator/FP.CPI.TOTL.ZG?downloadformat=xml,.zg,XML,anchor,1,PUBLIC_GET_NO_AUTH,shared
WEB-0042,LINKED_RESOURCE,https://api.worldbank.org/v2/en/indicator/FP.CPI.TOTL.ZG?downloadformat=excel,.zg,EXCEL,anchor,1,PUBLIC_GET_NO_AUTH,shared
WEB-0043,LINKED_RESOURCE,https://api.worldbank.org/v2/en/indicator/PA.NUS.FCRF?downloadformat=csv,.fcrf,CSV,anchor,1,PUBLIC_GET_NO_AUTH,shared
WEB-0043,LINKED_RESOURCE,https://api.worldbank.org/v2/en/indicator/PA.NUS.FCRF?downloadformat=xml,.fcrf,XML,anchor,1,PUBLIC_GET_NO_AUTH,shared
WEB-0043,LINKED_RESOURCE,https://api.worldbank.org/v2/en/indicator/PA.NUS.FCRF?downloadformat=excel,.fcrf,EXCEL,anchor,1,PUBLIC_GET_NO_AUTH,shared
WEB-0048,LINKED_RESOURCE,https://datacatalogfiles.worldbank.org/ddh-published/0037798/DR0092042/GemDataEXTR.zip,.zip,Excel file,anchor,1,PUBLIC_GET_NO_AUTH,shared
WEB-0049,LINKED_RESOURCE,https://datahelpdesk.worldbank.org/forums/170263-website-improvements/suggestions/9069739-fix-jsonp-prefix-capitalization-bug,,Fix JSONP prefix capitalization bug.,anchor,1,PUBLIC_GET_NO_AUTH,shared
WEB-0049,LINKED_RESOURCE,https://datahelpdesk.worldbank.org/knowledgebase/articles/1986166-how-can-i-download-data-from-the-gender-data-porta,,How can I download data from the Gender Data Portal?,anchor,1,PUBLIC_GET_NO_AUTH,shared
WEB-0050,LINKED_RESOURCE,https://addons.mozilla.org/en-US/firefox/addon/10869/,,JSON View,anchor,1,PUBLIC_GET_NO_AUTH,shared
WEB-0162,LINKED_RESOURCE,https://home.treasury.gov/system/files/136/Fact-Sheet-Department-of-Education-and-Department-of-the-Treasury.pdf,.pdf,Student Loans,anchor,1,PUBLIC_GET_NO_AUTH,shared
WEB-0101,LINKED_RESOURCE,https://home.treasury.gov/developer-notice-xml-changes,,Developer Notice on Changes to the XML Feeds,anchor,1,PUBLIC_GET_NO_AUTH,shared
WEB-0101,LINKED_RESOURCE,https://home.treasury.gov/policy-issues/financing-the-government/interest-rate-statistics/interest-rate-xml-files,,Treasury Daily Interest Rate XML Feed,anchor,1,PUBLIC_GET_NO_AUTH,shared
WEB-0101,LINKED_RESOURCE,https://home.treasury.gov/resource-center/data-chart-center/interest-rates/daily-treasury-rates.csv/all/all?type=daily_treasury_real_yield_curve&page&_format=csv,,Download CSV,anchor,1,PUBLIC_GET_NO_AUTH,shared
WEB-0101,LINKED_RESOURCE,https://home.treasury.gov/resource-center/data-chart-center/interest-rates/pages/xml?data=daily_treasury_real_yield_curve&field_tdr_date_value=,,View XML feed,anchor,1,PUBLIC_GET_NO_AUTH,shared
WEB-0101,LINKED_RESOURCE,https://home.treasury.gov/resource-center/data-chart-center/interest-rates/pages/xmlview?data=daily_treasury_real_yield_curve&field_tdr_date_value=,,Render XML,anchor,1,PUBLIC_GET_NO_AUTH,shared
WEB-0108,LINKED_RESOURCE,https://jrj.sh.gov.cn/ZXYW178/20250326/6f99f1daba6545be952c6260a828c0c4.html,.html,事关深入贯彻中央八项规定精神学习教育，市委中心组学习会听取专题辅导报告,anchor,1,PUBLIC_GET_NO_AUTH,shared
WEB-0139,LINKED_RESOURCE,https://pmc.ncbi.nlm.nih.gov/articles/PMC13025532/pdf/entropy-28-00271.pdf,.pdf,PDF (4.3 MB),anchor,1,PUBLIC_GET_NO_AUTH,shared
WEB-0139,LINKED_RESOURCE,https://pmc.ncbi.nlm.nih.gov/articles/PMC13025532/#,,Download .nbib
.nbib,anchor,1,PUBLIC_GET_NO_AUTH,shared
WEB-0159,LINKED_RESOURCE,https://thedocs.worldbank.org/en/doc/74e8be41ceb20fa0da750cda2f6b9e4e-0050012026/original/CMO-Pink-Sheet-February-2026.pdf,.pdf,CMO-Pink-Sheet-February-2026.pdf,anchor,1,PUBLIC_GET_NO_AUTH,shared
WEB-0159,LINKED_RESOURCE,https://thedocs.worldbank.org/en/doc/74e8be41ceb20fa0da750cda2f6b9e4e-0050012026/related/CMO-Pink-Sheet-June-2026.pdf,.pdf,CMO-Pink-Sheet-June-2026.pdf,anchor,1,PUBLIC_GET_NO_AUTH,shared
WEB-0159,LINKED_RESOURCE,https://thedocs.worldbank.org/en/doc/74e8be41ceb20fa0da750cda2f6b9e4e-0050012026/related/CMO-Pink-Sheet-March-2026.pdf,.pdf,CMO-Pink-Sheet-March-2026.pdf,anchor,1,PUBLIC_GET_NO_AUTH,shared
WEB-0159,LINKED_RESOURCE,https://thedocs.worldbank.org/en/doc/74e8be41ceb20fa0da750cda2f6b9e4e-0050012026/related/CMO-Pink-Sheet-February-2026.pdf,.pdf,CMO-Pink-Sheet-February-2026.pdf,anchor,1,PUBLIC_GET_NO_AUTH,shared
WEB-0159,LINKED_RESOURCE,https://thedocs.worldbank.org/en/doc/74e8be41ceb20fa0da750cda2f6b9e4e-0050012026/related/CMO-Pink-Sheet-May-2026.pdf,.pdf,CMO-Pink-Sheet-May-2026.pdf,anchor,1,PUBLIC_GET_NO_AUTH,shared
WEB-0498,LINKED_RESOURCE,https://thedocs.worldbank.org/en/doc/74e8be41ceb20fa0da750cda2f6b9e4e-0050012026/related/CMO-Pink-Sheet-July-2026.pdf,.pdf,Latest Commodity Prices Published,anchor,1,PUBLIC_GET_NO_AUTH,shared
WEB-0498,LINKED_RESOURCE,https://thedocs.worldbank.org/en/doc/74e8be41ceb20fa0da750cda2f6b9e4e-0050012026/related/CMO-Historical-Data-Annual.xlsx,.xlsx,Annual prices,table-link,1,PUBLIC_GET_NO_AUTH,shared
WEB-0498,LINKED_RESOURCE,https://thedocs.worldbank.org/en/doc/74e8be41ceb20fa0da750cda2f6b9e4e-0050012026/related/CMO-Historical-Data-Monthly.xlsx,.xlsx,Monthly prices,table-link,1,PUBLIC_GET_NO_AUTH,shared
WEB-0159,LINKED_RESOURCE,https://thedocs.worldbank.org/en/doc/74e8be41ceb20fa0da750cda2f6b9e4e-0050012026/related/CMO-Pink-Sheet-April-2026.pdf,.pdf,CMO-Pink-Sheet-April-2026.pdf,anchor,1,PUBLIC_GET_NO_AUTH,shared
WEB-0498,LINKED_RESOURCE,https://thedocs.worldbank.org/en/doc/74e8be41ceb20fa0da750cda2f6b9e4e-0050012026/related/CMO-Pink-Sheet-August-2026.pdf,.pdf,Commodity prices,table-link,1,PUBLIC_GET_NO_AUTH,shared
WEB-0159,LINKED_RESOURCE,https://thedocs.worldbank.org/en/doc/statistics?docid=74e8be41ceb20fa0da750cda2f6b9e4e,,Download Stats,anchor,1,PUBLIC_GET_NO_AUTH,shared
WEB-0191,LINKED_RESOURCE,https://www.bis.org/publ/work906.pdf,.pdf,"PDF full text
(1,810kb)",anchor,1,PUBLIC_GET_NO_AUTH,shared
WEB-0194,LINKED_RESOURCE,https://www.bls.gov/news.release/pdf/cpi.pdf,.pdf,PDF,anchor,1,PUBLIC_GET_NO_AUTH,shared
WEB-0197,LINKED_RESOURCE,https://www.boj.or.jp/en/rss/whatsnew.xml,.xml,RSS,anchor,1,PUBLIC_GET_NO_AUTH,shared
WEB-0197,LINKED_RESOURCE,https://www.boj.or.jp/en/statistics/boj/other/mei/release/2026/mei260810.xlsx,.xlsx,Japanese Government Bonds Held by the Bank of Japan[XLSX 29KB],anchor,1,PUBLIC_GET_NO_AUTH,shared
WEB-0197,LINKED_RESOURCE,https://www.boj.or.jp/en/statistics/set/bffail/sjgb2607.pdf,.pdf,Basic Figures on Fails (July)[PDF 152KB],anchor,1,PUBLIC_GET_NO_AUTH,shared
WEB-0197,LINKED_RESOURCE,https://www.boj.or.jp/en/statistics/pi/cgpi_release/cgpi2607.pdf,.pdf,Corporate Goods Price Index (July)[PDF 218KB],anchor,1,PUBLIC_GET_NO_AUTH,shared
WEB-0197,LINKED_RESOURCE,https://www.boj.or.jp/en/statistics/money/ms/ms2607.pdf,.pdf,Money Stock (July)[PDF 162KB],anchor,1,PUBLIC_GET_NO_AUTH,shared
WEB-0197,LINKED_RESOURCE,https://www.boj.or.jp/en/mopo/mpmsche_minu/opinion_2026/opi260731.pdf,.pdf,"Summary of Opinions at the Monetary Policy Meeting on July 30 and 31, 2026[PDF 175KB]",anchor,1,PUBLIC_GET_NO_AUTH,shared
WEB-0197,LINKED_RESOURCE,https://www.boj.or.jp/en/mopo/mpmsche_minu/minu_2026/g260616.pdf,.pdf,"Minutes of the Monetary Policy Meeting on June 15 and 16, 2026[PDF 313KB]",anchor,1,PUBLIC_GET_NO_AUTH,shared
WEB-0197,LINKED_RESOURCE,https://www.boj.or.jp/en/mopo/outlook/gor2607b.pdf,.pdf,"Aug. 3,2026Outlook for Economic Activity and Prices (July 2026, full text)[PDF 1,330KB]",anchor,1,PUBLIC_GET_NO_AUTH,shared
WEB-0197,LINKED_RESOURCE,https://www.boj.or.jp/en/mopo/mpmdeci/mpr_2026/mpr260731b.pdf,.pdf,Quarterly Schedule of Outright Purchases of Japanese Government Bonds (Competitive Auction Method) (July-September 2026) (Schedule Updates)[PDF 79KB],anchor,1,PUBLIC_GET_NO_AUTH,shared
WEB-0197,LINKED_RESOURCE,https://www.boj.or.jp/en/mopo/mpmdeci/mpr_2026/mpr260731a.pdf,.pdf,Timetable and Schedule of U.S. Dollar Funds-Supplying Operations (August-December 2026)[PDF 63KB],anchor,1,PUBLIC_GET_NO_AUTH,shared
WEB-0197,LINKED_RESOURCE,https://www.boj.or.jp/en/mopo/mpmsche_minu/m_ref/mref260731a.pdf,.pdf,Scheduled Dates of Monetary Policy Meetings in 2027[PDF 137KB],anchor,1,PUBLIC_GET_NO_AUTH,shared
WEB-0197,LINKED_RESOURCE,https://www.boj.or.jp/en/mopo/outlook/gor2607a.pdf,.pdf,"Outlook for Economic Activity and Prices (July 2026, The Bank's View)[PDF 202KB]",anchor,1,PUBLIC_GET_NO_AUTH,shared
WEB-0197,LINKED_RESOURCE,https://www.boj.or.jp/en/mopo/mpmdeci/mpr_2026/k260731a.pdf,.pdf,Statement on Monetary Policy[PDF 160KB],anchor,1,PUBLIC_GET_NO_AUTH,shared
WEB-0197,LINKED_RESOURCE,https://www.boj.or.jp/en/mopo/mpmdeci/mpr_2026/mpr260717a.pdf,.pdf,Loan Disbursement under the Funds-Supplying Operations to Support Financing for Climate Change Responses[PDF 78KB],anchor,1,PUBLIC_GET_NO_AUTH,shared
WEB-0197,LINKED_RESOURCE,https://www.boj.or.jp/en/mopo/mpmsche_minu/opinion_2026/opi260616.pdf,.pdf,"Summary of Opinions at the Monetary Policy Meeting on June 15 and 16, 2026[PDF 212KB]",anchor,1,PUBLIC_GET_NO_AUTH,shared
WEB-0197,LINKED_RESOURCE,https://www.boj.or.jp/en/statistics/dl/depo/kashi/kasi2607.pdf,.pdf,Principal Figures of Financial Institutions (July)[PDF 188KB],anchor,1,PUBLIC_GET_NO_AUTH,shared
WEB-0197,LINKED_RESOURCE,https://www.boj.or.jp/en/statistics/market/short/call/call.xlsx,.xlsx,Amounts Outstanding in the Call Money Market (July)[XLSX 33KB],anchor,1,PUBLIC_GET_NO_AUTH,shared
WEB-0197,LINKED_RESOURCE,https://www.boj.or.jp/en/statistics/boj/other/tseifu/release/2026/seifu2607.pdf,.pdf,Bank of Japan's Transactions with the Government (July)[PDF 93KB],anchor,1,PUBLIC_GET_NO_AUTH,shared
WEB-0197,LINKED_RESOURCE,https://www.boj.or.jp/en/statistics/boj/other/mbt/mbt2607.pdf,.pdf,Monetary Base and the Bank of Japan's Transactions (July)[PDF 133KB],anchor,1,PUBLIC_GET_NO_AUTH,shared
WEB-0197,LINKED_RESOURCE,https://www.boj.or.jp/en/about/organization/policyboard/pb260703b.pdf,.pdf,Designation of a Board Member to Perform the Duties of the Chairperson If the Chairperson Is Prevented from Attending to Their Duties[PDF 83KB],anchor,1,PUBLIC_GET_NO_AUTH,shared
WEB-0197,LINKED_RESOURCE,https://www.boj.or.jp/en/paym/bond/ryudo.pdf,.pdf,"Liquidity Indicators in the JGB Markets (May)[PDF 1,246KB]",anchor,1,PUBLIC_GET_NO_AUTH,shared
WEB-0198,LINKED_RESOURCE,https://www.boj.or.jp/en/about/press/koen_2011/data/ko110906a.pdf,.pdf,Full Text [PDF 106KB],anchor,1,PUBLIC_GET_NO_AUTH,shared
WEB-0199,LINKED_RESOURCE,https://www.boj.or.jp/en/about/press/koen_2021/data/ko210831a1.pdf,.pdf,Full Text [PDF 732KB],anchor,1,PUBLIC_GET_NO_AUTH,shared
WEB-0199,LINKED_RESOURCE,https://www.boj.or.jp/en/about/press/koen_2021/data/ko210831a2.pdf,.pdf,Figures [PDF 377KB],anchor,1,PUBLIC_GET_NO_AUTH,shared
WEB-0200,LINKED_RESOURCE,https://www.boj.or.jp/en/statistics/outline/exp/compare1.pdf,.pdf,"The Table of Comparison of ""Deposits"" and ""Loans"" in Statistics Prepared by the Bank of Japan [PDF 57KB]",anchor,1,PUBLIC_GET_NO_AUTH,shared
WEB-0200,LINKED_RESOURCE,https://www.boj.or.jp/en/statistics/sj/sjall.pdf,.pdf,[PDF 672KB],table-link,1,PUBLIC_GET_NO_AUTH,shared
WEB-0200,LINKED_RESOURCE,https://www.boj.or.jp/en/statistics/sj/sjpre.xlsx,.xlsx,[XLSX 216KB],table-link,1,PUBLIC_GET_NO_AUTH,shared
WEB-0200,LINKED_RESOURCE,https://www.boj.or.jp/en/statistics/sj/sjlong.xlsx,.xlsx,[XLSX 315KB],table-link,1,PUBLIC_GET_NO_AUTH,shared
WEB-0200,LINKED_RESOURCE,https://www.boj.or.jp/en/statistics/sj/sjexp.pdf,.pdf,[PDF 439KB],table-link,1,PUBLIC_GET_NO_AUTH,shared
WEB-0200,LINKED_RESOURCE,https://www.boj.or.jp/en/statistics/sj/sjfy.xlsx,.xlsx,[XLSX 217KB],table-link,1,PUBLIC_GET_NO_AUTH,shared
WEB-0200,LINKED_RESOURCE,https://www.boj.or.jp/en/statistics/sj/sjhiq.pdf,.pdf,[PDF 213KB],table-link,1,PUBLIC_GET_NO_AUTH,shared
WEB-0200,LINKED_RESOURCE,https://www.boj.or.jp/en/statistics/sj/sjteigi.pdf,.pdf,Components of Securitized Products [PDF 20KB],anchor,1,PUBLIC_GET_NO_AUTH,shared
WEB-0200,LINKED_RESOURCE,https://www.boj.or.jp/en/statistics/sj/sjmatu.xlsx,.xlsx,[XLSX 36KB],table-link,1,PUBLIC_GET_NO_AUTH,shared
WEB-0200,LINKED_RESOURCE,https://www.boj.or.jp/en/statistics/sj/sjpen.xlsx,.xlsx,[XLSX 12KB],table-link,1,PUBLIC_GET_NO_AUTH,shared
WEB-0200,LINKED_RESOURCE,https://www.boj.or.jp/en/statistics/sj/sjds.xlsx,.xlsx,[XLSX 29KB],table-link,1,PUBLIC_GET_NO_AUTH,shared
WEB-0200,LINKED_RESOURCE,https://www.boj.or.jp/en/statistics/sj/sjfs.xlsx,.xlsx,[XLSX 23KB],table-link,1,PUBLIC_GET_NO_AUTH,shared
WEB-0200,LINKED_RESOURCE,https://www.boj.or.jp/en/statistics/outline/notice_2026/not260625b.pdf,.pdf,Seasonal Adjustment for the Flow of Funds Accounts Data [PDF 121KB],anchor,1,PUBLIC_GET_NO_AUTH,shared
WEB-0200,LINKED_RESOURCE,https://www.boj.or.jp/en/statistics/outline/notice_2026/not260525a.pdf,.pdf,Planned Retroactive Revision to the Flow of Funds Accounts [PDF 258KB],anchor,1,PUBLIC_GET_NO_AUTH,shared
WEB-0200,LINKED_RESOURCE,https://www.boj.or.jp/en/statistics/outline/notice_2025/not250627b.pdf,.pdf,Seasonal Adjustment for the Flow of Funds Accounts Data [PDF 76KB],anchor,1,PUBLIC_GET_NO_AUTH,shared
WEB-0200,LINKED_RESOURCE,https://www.boj.or.jp/en/statistics/outline/notice_2025/not250527a.pdf,.pdf,Planned Retroactive Revision to the Flow of Funds Accounts [PDF 183KB],anchor,1,PUBLIC_GET_NO_AUTH,shared
WEB-0200,LINKED_RESOURCE,https://www.boj.or.jp/en/statistics/outline/notice_2024/not240627a.pdf,.pdf,Seasonal Adjustment for the Flow of Funds Accounts Data [PDF 66KB],anchor,1,PUBLIC_GET_NO_AUTH,shared
WEB-0200,LINKED_RESOURCE,https://www.boj.or.jp/en/statistics/outline/notice_2024/not240527a.pdf,.pdf,Planned Retroactive Revision to the Flow of Funds Accounts [PDF 182KB],anchor,1,PUBLIC_GET_NO_AUTH,shared
WEB-0200,LINKED_RESOURCE,https://www.boj.or.jp/en/statistics/outline/notice_2023/not230627a.pdf,.pdf,Seasonal Adjustment for the Flow of Funds Accounts Data [PDF 74KB],anchor,1,PUBLIC_GET_NO_AUTH,shared
WEB-0200,LINKED_RESOURCE,https://www.boj.or.jp/en/statistics/outline/notice_2023/not230526a.pdf,.pdf,Planned Retroactive Revision to the Flow of Funds Accounts [PDF 175KB],anchor,1,PUBLIC_GET_NO_AUTH,shared
WEB-0200,LINKED_RESOURCE,https://www.boj.or.jp/en/statistics/outline/notice_2022/not220627a.pdf,.pdf,Seasonal Adjustment for the Flow of Funds Accounts Data [PDF 74KB],anchor,1,PUBLIC_GET_NO_AUTH,shared
WEB-0200,LINKED_RESOURCE,https://www.boj.or.jp/en/statistics/outline/notice_2022/not220527a.pdf,.pdf,Planned Retroactive Revision to the Flow of Funds Accounts [PDF 170KB],anchor,1,PUBLIC_GET_NO_AUTH,shared
WEB-0200,LINKED_RESOURCE,https://www.boj.or.jp/en/statistics/outline/notice_2021/not210625a.pdf,.pdf,Seasonal Adjustment for the Flow of Funds Accounts Data [PDF 112KB],anchor,1,PUBLIC_GET_NO_AUTH,shared
WEB-0200,LINKED_RESOURCE,https://www.boj.or.jp/en/statistics/outline/notice_2021/not210625b.pdf,.pdf,Retroactive Revision to the Flow of Funds Accounts [PDF 189KB],anchor,1,PUBLIC_GET_NO_AUTH,shared
WEB-0200,LINKED_RESOURCE,https://www.boj.or.jp/en/statistics/outline/notice_2021/not210528a.pdf,.pdf,Planned Retroactive Revision to the Flow of Funds Accounts [PDF 193KB],anchor,1,PUBLIC_GET_NO_AUTH,shared
WEB-0200,LINKED_RESOURCE,https://www.boj.or.jp/en/statistics/outline/notice_2020/not200918a.pdf,.pdf,Seasonal Adjustment for the Flow of Funds Accounts Data [PDF 75KB],anchor,1,PUBLIC_GET_NO_AUTH,shared
WEB-0200,LINKED_RESOURCE,https://www.boj.or.jp/en/statistics/outline/notice_2020/not200918b.pdf,.pdf,Retroactive Revision to the Flow of Funds Accounts [PDF 210KB],anchor,1,PUBLIC_GET_NO_AUTH,shared
WEB-0200,LINKED_RESOURCE,https://www.boj.or.jp/en/statistics/outline/notice_2020/not200729a.pdf,.pdf,Planned Retroactive Revision to the Flow of Funds Accounts [PDF 209KB],anchor,1,PUBLIC_GET_NO_AUTH,shared
WEB-0200,LINKED_RESOURCE,https://www.boj.or.jp/en/statistics/outline/notice_2019/not190920a.pdf,.pdf,Seasonal Adjustment for the Flow of Funds Accounts Data [PDF 37KB],anchor,1,PUBLIC_GET_NO_AUTH,shared
WEB-0200,LINKED_RESOURCE,https://www.boj.or.jp/en/statistics/outline/notice_2019/not190920b.pdf,.pdf,Retroactive Revision to the Flow of Funds Accounts [PDF 218KB],anchor,1,PUBLIC_GET_NO_AUTH,shared
WEB-0200,LINKED_RESOURCE,https://www.boj.or.jp/en/statistics/outline/notice_2019/not190912b.pdf,.pdf,Revision to Reference Data Series in the Flow of Funds Accounts [PDF 34KB],anchor,1,PUBLIC_GET_NO_AUTH,shared
WEB-0200,LINKED_RESOURCE,https://www.boj.or.jp/en/statistics/outline/notice_2019/not190813a.pdf,.pdf,Planned Retroactive Revision to the Flow of Funds Accounts [PDF 195KB],anchor,1,PUBLIC_GET_NO_AUTH,shared
WEB-0200,LINKED_RESOURCE,https://www.boj.or.jp/en/statistics/outline/notice_2018/not180627b.pdf,.pdf,Seasonal Adjustment for the Flow of Funds Accounts Data [PDF 37KB],anchor,1,PUBLIC_GET_NO_AUTH,shared
WEB-0200,LINKED_RESOURCE,https://www.boj.or.jp/en/statistics/outline/notice_2017/not170627b.pdf,.pdf,Seasonal Adjustment for the Flow of Funds Accounts Data [PDF 37KB],anchor,1,PUBLIC_GET_NO_AUTH,shared
WEB-0200,LINKED_RESOURCE,https://www.boj.or.jp/en/statistics/outline/notice_2014/not140221a.pdf,.pdf,"Release of ""Loans, Debt Securities, and Deposits by Maturity"" and ""From-whom-to-whom of Loans"" [PDF 40KB]",anchor,1,PUBLIC_GET_NO_AUTH,shared
WEB-0200,LINKED_RESOURCE,https://www.boj.or.jp/en/statistics/outline/notice_2011/not111221a.pdf,.pdf,"Release of the ""Amounts Outstanding of Securitized Products"" [PDF 67KB]",anchor,1,PUBLIC_GET_NO_AUTH,shared
WEB-0237,LINKED_RESOURCE,https://www.ecb.europa.eu/press/pr/date/2026/html/ecb.pr260813~389729d6a9.de.pdf,.pdf,Deutsch,anchor,1,PUBLIC_GET_NO_AUTH,shared
WEB-0237,LINKED_RESOURCE,https://www.ecb.europa.eu/press/pr/date/2026/html/ecb.pr260813~389729d6a9.es.pdf,.pdf,EspañolES,anchor,1,PUBLIC_GET_NO_AUTH,shared
WEB-0237,LINKED_RESOURCE,https://www.ecb.europa.eu/press/pr/date/2026/html/ecb.pr260813~389729d6a9.fr.pdf,.pdf,FrançaisFR,anchor,1,PUBLIC_GET_NO_AUTH,shared
WEB-0237,LINKED_RESOURCE,https://www.ecb.europa.eu/press/pr/date/2026/html/ecb.pr260811~47cd3ee040.es.pdf,.pdf,Español,anchor,1,PUBLIC_GET_NO_AUTH,shared
WEB-0237,LINKED_RESOURCE,https://www.ecb.europa.eu/press/pr/date/2026/html/ecb.pr260811~47cd3ee040.fr.pdf,.pdf,FrançaisFR,anchor,1,PUBLIC_GET_NO_AUTH,shared
WEB-0237,LINKED_RESOURCE,https://www.ecb.europa.eu/press/pr/date/2026/html/ecb.pr260807~58eb5109ce.de.pdf,.pdf,Deutsch,anchor,1,PUBLIC_GET_NO_AUTH,shared
WEB-0237,LINKED_RESOURCE,https://www.ecb.europa.eu/press/pr/date/2026/html/ecb.pr260807~58eb5109ce.fr.pdf,.pdf,FrançaisFR,anchor,1,PUBLIC_GET_NO_AUTH,shared
WEB-0237,LINKED_RESOURCE,https://www.ecb.europa.eu/press/key/date/2026/html/ecb.sp260724~d484b483b9.en.pdf?652a169c01b90d50eba54a93dc850459,.pdf,Philip R. Lane: Outlook for the euro area economy,anchor,1,PUBLIC_GET_NO_AUTH,shared
WEB-0237,LINKED_RESOURCE,https://www.ecb.europa.eu/press/key/date/2026/html/ecb.sp260724~d484b483b9.en.pdf,.pdf,English,anchor,1,PUBLIC_GET_NO_AUTH,shared
WEB-0237,LINKED_RESOURCE,https://www.ecb.europa.eu/press/press_conference/monetary-policy-statement/shared/pdf/ecb.ds260723~ef801dc812.en.pdf?6947327634f602c612d2cd82aa3bf345,.pdf,Combined monetary policy decisions and statement,anchor,1,PUBLIC_GET_NO_AUTH,shared
WEB-0237,LINKED_RESOURCE,https://www.ecb.europa.eu/press/press_conference/monetary-policy-statement/shared/pdf/ecb.ds260723~ef801dc812.en.pdf,.pdf,English,anchor,1,PUBLIC_GET_NO_AUTH,shared
WEB-0237,LINKED_RESOURCE,https://www.ecb.europa.eu/press/key/date/2026/html/ecb.sp260713~e78632b27a.en.pdf?7a0caa916a9fcbd2a25c9e3d473be871,.pdf,Isabel Schnabel: How to foster growth and resilience in Europe,anchor,1,PUBLIC_GET_NO_AUTH,shared
WEB-0237,LINKED_RESOURCE,https://www.ecb.europa.eu/press/key/date/2026/html/ecb.sp260713~e78632b27a.en.pdf,.pdf,English,anchor,1,PUBLIC_GET_NO_AUTH,shared
WEB-0237,LINKED_RESOURCE,https://www.ecb.europa.eu/press/key/date/2026/html/ecb.sp260713~e78632b27a.de.pdf,.pdf,DeutschDE,anchor,1,PUBLIC_GET_NO_AUTH,shared
WEB-0237,LINKED_RESOURCE,https://www.ecb.europa.eu/pub/pdf/scpops/ecb.op398.en.pdf?44a3b8abbd5f50ac4a9e5091b23bd6f6,.pdf,The use of the Eurosystem’s monetary policy instruments and its monetary policy implementation framework in 2024 and 2025,anchor,1,PUBLIC_GET_NO_AUTH,shared
WEB-0237,LINKED_RESOURCE,https://www.ecb.europa.eu/pub/pdf/scpops/ecb.op398.en.pdf,.pdf,English,anchor,1,PUBLIC_GET_NO_AUTH,shared
WEB-0237,LINKED_RESOURCE,https://www.ecb.europa.eu/pub/pdf/scpwps/ecb.wp3273~292f21a541.en.pdf?59234600255487a2d7a852a29399ca92,.pdf,Can structural reforms unleash private investment?,anchor,1,PUBLIC_GET_NO_AUTH,shared
WEB-0237,LINKED_RESOURCE,https://www.ecb.europa.eu/pub/pdf/scpwps/ecb.wp3273~292f21a541.en.pdf,.pdf,English,anchor,1,PUBLIC_GET_NO_AUTH,shared
WEB-0237,LINKED_RESOURCE,https://www.ecb.europa.eu/pub/pdf/scpwps/ecb.wp3272~c97e29895d.en.pdf?cf92548ee61c44e7bf74c43da3e89dfb,.pdf,Monetary policy and the rigidity of firm employment expectations,anchor,1,PUBLIC_GET_NO_AUTH,shared
WEB-0237,LINKED_RESOURCE,https://www.ecb.europa.eu/pub/pdf/scpwps/ecb.wp3272~c97e29895d.en.pdf,.pdf,English,anchor,1,PUBLIC_GET_NO_AUTH,shared
WEB-0237,LINKED_RESOURCE,https://www.ecb.europa.eu/pub/pdf/scpops/ecb.op397.en.pdf?6256e8bf371bb19aace02bc405635492,.pdf,Prohibition of monetary financing: an economic perspective,anchor,1,PUBLIC_GET_NO_AUTH,shared
WEB-0237,LINKED_RESOURCE,https://www.ecb.europa.eu/pub/pdf/scpops/ecb.op397.en.pdf,.pdf,English,anchor,1,PUBLIC_GET_NO_AUTH,shared
WEB-0237,LINKED_RESOURCE,https://www.ecb.europa.eu/pub/pdf/other/ecb.mepletter260807_Hauser~184853fae9.en.pdf?2ea33e1079e7f97591dbb9488396738f,.pdf,"Letter from the ECB President to Mr Gerald Hauser, MEP, on digital euro",anchor,1,PUBLIC_GET_NO_AUTH,shared
WEB-0237,LINKED_RESOURCE,https://www.ecb.europa.eu/pub/pdf/other/ecb.mepletter260807_Hauser~184853fae9.en.pdf,.pdf,English,anchor,1,PUBLIC_GET_NO_AUTH,shared
WEB-0237,LINKED_RESOURCE,https://www.ecb.europa.eu/pub/pdf/other/ecb.mepletter260807_Hauser~184853fae9.de.pdf,.pdf,DeutschDE,anchor,1,PUBLIC_GET_NO_AUTH,shared
WEB-0237,LINKED_RESOURCE,https://www.ecb.europa.eu/pub/pdf/scpwps/ecb.wp3271~99b37f6d9a.en.pdf?de42e927e6ed69d638bec14a1a58054a,.pdf,Financial frictions across the production network and the transmission of monetary policy,anchor,1,PUBLIC_GET_NO_AUTH,shared
WEB-0237,LINKED_RESOURCE,https://www.ecb.europa.eu/pub/pdf/scpwps/ecb.wp3271~99b37f6d9a.en.pdf,.pdf,English,anchor,1,PUBLIC_GET_NO_AUTH,shared
WEB-0237,LINKED_RESOURCE,https://www.ecb.europa.eu/pub/pdf/scpops/ecb.op396.en.pdf?df5a97db95e3562df0fdbdea3d62f47a,.pdf,Macro-at-Risk in the euro area Expert Group on Macro-at-Risk Time-Series Workstream,anchor,1,PUBLIC_GET_NO_AUTH,shared
WEB-0237,LINKED_RESOURCE,https://www.ecb.europa.eu/pub/pdf/scpops/ecb.op396.en.pdf,.pdf,English,anchor,1,PUBLIC_GET_NO_AUTH,shared
WEB-0237,LINKED_RESOURCE,https://www.ecb.europa.eu/pub/pdf/ecbu/eb202605.en.pdf,.pdf,English,anchor,1,PUBLIC_GET_NO_AUTH,shared
WEB-0237,LINKED_RESOURCE,https://www.ecb.europa.eu/pub/pdf/ecbu/eb202605.de.pdf,.pdf,DeutschDE,anchor,1,PUBLIC_GET_NO_AUTH,shared
WEB-0237,LINKED_RESOURCE,https://www.ecb.europa.eu/pub/pdf/ecbu/eb202605.es.pdf,.pdf,EspañolES,anchor,1,PUBLIC_GET_NO_AUTH,shared
WEB-0237,LINKED_RESOURCE,https://www.ecb.europa.eu/pub/pdf/ecbu/eb202605.et.pdf,.pdf,Eesti keelET,anchor,1,PUBLIC_GET_NO_AUTH,shared
WEB-0237,LINKED_RESOURCE,https://www.ecb.europa.eu/pub/pdf/ecbu/eb202605.fr.pdf,.pdf,FrançaisFR,anchor,1,PUBLIC_GET_NO_AUTH,shared
WEB-0237,LINKED_RESOURCE,https://www.ecb.europa.eu/pub/pdf/ecbu/eb202605.it.pdf,.pdf,ItalianoIT,anchor,1,PUBLIC_GET_NO_AUTH,shared
WEB-0237,LINKED_RESOURCE,https://www.ecb.europa.eu/pub/pdf/ecbu/eb202605.lt.pdf,.pdf,LietuviųLT,anchor,1,PUBLIC_GET_NO_AUTH,shared
WEB-0237,LINKED_RESOURCE,https://www.ecb.europa.eu/pub/pdf/ecbu/eb202605.lv.pdf,.pdf,LatviešuLV,anchor,1,PUBLIC_GET_NO_AUTH,shared
WEB-0237,LINKED_RESOURCE,https://www.ecb.europa.eu/pub/pdf/scpwps/ecb.wp3270~4eb87cfa17.en.pdf?d38772f083c52e824bdbc2417f6d5166,.pdf,MuSE: a multiple macro-financial scenario simulation engine for stress testing,anchor,1,PUBLIC_GET_NO_AUTH,shared
WEB-0237,LINKED_RESOURCE,https://www.ecb.europa.eu/pub/pdf/scpwps/ecb.wp3270~4eb87cfa17.en.pdf,.pdf,English,anchor,1,PUBLIC_GET_NO_AUTH,shared
WEB-0237,LINKED_RESOURCE,https://www.ecb.europa.eu/pub/pdf/scpwps/ecb.wp3269~2e2e110338.en.pdf?b64da1b84c9ec3906f1edb034a260991,.pdf,Forecasting the euro area job vacancy rate with earnings calls data,anchor,1,PUBLIC_GET_NO_AUTH,shared
WEB-0237,LINKED_RESOURCE,https://www.ecb.europa.eu/pub/pdf/scpwps/ecb.wp3269~2e2e110338.en.pdf,.pdf,English,anchor,1,PUBLIC_GET_NO_AUTH,shared
WEB-0237,LINKED_RESOURCE,https://www.ecb.europa.eu/pub/pdf/scpwps/ecb.wp3268~2149ee18e6.en.pdf?c1919cb0a99baa29e401125af10c71dd,.pdf,Severity over quantity. Drivers of supervisory capital add-ons in internal ratings-based models,anchor,1,PUBLIC_GET_NO_AUTH,shared
WEB-0237,LINKED_RESOURCE,https://www.ecb.europa.eu/pub/pdf/scpwps/ecb.wp3268~2149ee18e6.en.pdf,.pdf,English,anchor,1,PUBLIC_GET_NO_AUTH,shared
WEB-0237,LINKED_RESOURCE,https://www.ecb.europa.eu/pub/pdf/scpwps/ecb.wp3267~db61249945.en.pdf?2d57f706a55199755a9aaef3bd19478a,.pdf,On-the-job search in Europe and the U.S.: precautionary vs. job ladder motives,anchor,1,PUBLIC_GET_NO_AUTH,shared
WEB-0237,LINKED_RESOURCE,https://www.ecb.europa.eu/pub/pdf/scpwps/ecb.wp3267~db61249945.en.pdf,.pdf,English,anchor,1,PUBLIC_GET_NO_AUTH,shared
WEB-0237,LINKED_RESOURCE,https://www.ecb.europa.eu/pub/pdf/scpwps/ecb.wp3266~e62e35205b.en.pdf?fcfab5c864968582c7b6360857efe7f7,.pdf,The transmission of shocks across sectors and the dynamics of sectoral prices,anchor,1,PUBLIC_GET_NO_AUTH,shared
WEB-0237,LINKED_RESOURCE,https://www.ecb.europa.eu/pub/pdf/scpwps/ecb.wp3266~e62e35205b.en.pdf,.pdf,English,anchor,1,PUBLIC_GET_NO_AUTH,shared
WEB-0266,LINKED_RESOURCE,https://www.federalreserve.gov/datadownload,,Data Download Program,anchor,1,PUBLIC_GET_NO_AUTH,shared
WEB-0253,LINKED_RESOURCE,https://www.federalreserve.gov/feeds/feds_notes.xml,.xml,RSS,anchor,1,PUBLIC_GET_NO_AUTH,shared
WEB-0253,LINKED_RESOURCE,https://www.federalreserve.gov/publications/files/balance_sheet_developments_report_202008.pdf,.pdf,https://www.federalreserve.gov/publications/files/balance_sheet_developments_report_202008.pdf,anchor,1,PUBLIC_GET_NO_AUTH,shared
WEB-0253,LINKED_RESOURCE,https://www.bis.org/review/r110916e.pdf,.pdf,https://www.bis.org/review/r110916e.pdf,anchor,1,PUBLIC_GET_NO_AUTH,shared
WEB-0254,LINKED_RESOURCE,https://www.federalreserve.gov/monetarypolicy/files/monetary20260128a1.pdf,.pdf,PDF,anchor,1,PUBLIC_GET_NO_AUTH,shared
WEB-0254,LINKED_RESOURCE,https://www.federalreserve.gov/monetarypolicy/files/fomcminutes20260128.pdf,.pdf,PDF,anchor,1,PUBLIC_GET_NO_AUTH,shared
WEB-0254,LINKED_RESOURCE,https://www.federalreserve.gov/monetarypolicy/files/monetary20260318a1.pdf,.pdf,PDF,anchor,1,PUBLIC_GET_NO_AUTH,shared
WEB-0254,LINKED_RESOURCE,https://www.federalreserve.gov/monetarypolicy/files/fomcprojtabl20260318.pdf,.pdf,PDF,anchor,1,PUBLIC_GET_NO_AUTH,shared
WEB-0254,LINKED_RESOURCE,https://www.federalreserve.gov/monetarypolicy/files/fomcminutes20260318.pdf,.pdf,PDF,anchor,1,PUBLIC_GET_NO_AUTH,shared
WEB-0254,LINKED_RESOURCE,https://www.federalreserve.gov/monetarypolicy/files/monetary20260429a1.pdf,.pdf,PDF,anchor,1,PUBLIC_GET_NO_AUTH,shared
WEB-0254,LINKED_RESOURCE,https://www.federalreserve.gov/monetarypolicy/files/fomcminutes20260429.pdf,.pdf,PDF,anchor,1,PUBLIC_GET_NO_AUTH,shared
WEB-0254,LINKED_RESOURCE,https://www.federalreserve.gov/monetarypolicy/files/monetary20260617a1.pdf,.pdf,PDF,anchor,1,PUBLIC_GET_NO_AUTH,shared
WEB-0254,LINKED_RESOURCE,https://www.federalreserve.gov/monetarypolicy/files/fomcprojtabl20260617.pdf,.pdf,PDF,anchor,1,PUBLIC_GET_NO_AUTH,shared
WEB-0254,LINKED_RESOURCE,https://www.federalreserve.gov/monetarypolicy/files/fomcminutes20260617.pdf,.pdf,PDF,anchor,1,PUBLIC_GET_NO_AUTH,shared
WEB-0254,LINKED_RESOURCE,https://www.federalreserve.gov/monetarypolicy/files/monetary20260729a1.pdf,.pdf,PDF,anchor,1,PUBLIC_GET_NO_AUTH,shared
WEB-0254,LINKED_RESOURCE,https://www.federalreserve.gov/monetarypolicy/files/monetary20250129a1.pdf,.pdf,PDF,anchor,1,PUBLIC_GET_NO_AUTH,shared
WEB-0254,LINKED_RESOURCE,https://www.federalreserve.gov/monetarypolicy/files/fomcminutes20250129.pdf,.pdf,PDF,anchor,1,PUBLIC_GET_NO_AUTH,shared
WEB-0254,LINKED_RESOURCE,https://www.federalreserve.gov/monetarypolicy/files/monetary20250319a1.pdf,.pdf,PDF,anchor,1,PUBLIC_GET_NO_AUTH,shared
WEB-0254,LINKED_RESOURCE,https://www.federalreserve.gov/monetarypolicy/files/fomcprojtabl20250319.pdf,.pdf,PDF,anchor,1,PUBLIC_GET_NO_AUTH,shared
WEB-0254,LINKED_RESOURCE,https://www.federalreserve.gov/monetarypolicy/files/fomcminutes20250319.pdf,.pdf,PDF,anchor,1,PUBLIC_GET_NO_AUTH,shared
WEB-0254,LINKED_RESOURCE,https://www.federalreserve.gov/monetarypolicy/files/monetary20250507a1.pdf,.pdf,PDF,anchor,1,PUBLIC_GET_NO_AUTH,shared
WEB-0254,LINKED_RESOURCE,https://www.federalreserve.gov/monetarypolicy/files/fomcminutes20250507.pdf,.pdf,PDF,anchor,1,PUBLIC_GET_NO_AUTH,shared
WEB-0254,LINKED_RESOURCE,https://www.federalreserve.gov/monetarypolicy/files/monetary20250618a1.pdf,.pdf,PDF,anchor,1,PUBLIC_GET_NO_AUTH,shared
WEB-0254,LINKED_RESOURCE,https://www.federalreserve.gov/monetarypolicy/files/fomcprojtabl20250618.pdf,.pdf,PDF,anchor,1,PUBLIC_GET_NO_AUTH,shared
WEB-0254,LINKED_RESOURCE,https://www.federalreserve.gov/monetarypolicy/files/fomcminutes20250618.pdf,.pdf,PDF,anchor,1,PUBLIC_GET_NO_AUTH,shared
WEB-0254,LINKED_RESOURCE,https://www.federalreserve.gov/monetarypolicy/files/monetary20250730a1.pdf,.pdf,PDF,anchor,1,PUBLIC_GET_NO_AUTH,shared
WEB-0254,LINKED_RESOURCE,https://www.federalreserve.gov/monetarypolicy/files/fomcminutes20250730.pdf,.pdf,PDF,anchor,1,PUBLIC_GET_NO_AUTH,shared
WEB-0254,LINKED_RESOURCE,https://www.federalreserve.gov/monetarypolicy/files/monetary20250917a1.pdf,.pdf,PDF,anchor,1,PUBLIC_GET_NO_AUTH,shared
WEB-0254,LINKED_RESOURCE,https://www.federalreserve.gov/monetarypolicy/files/fomcprojtabl20250917.pdf,.pdf,PDF,anchor,1,PUBLIC_GET_NO_AUTH,shared
WEB-0254,LINKED_RESOURCE,https://www.federalreserve.gov/monetarypolicy/files/fomcminutes20250917.pdf,.pdf,PDF,anchor,1,PUBLIC_GET_NO_AUTH,shared
WEB-0254,LINKED_RESOURCE,https://www.federalreserve.gov/monetarypolicy/files/monetary20251029a1.pdf,.pdf,PDF,anchor,1,PUBLIC_GET_NO_AUTH,shared
WEB-0254,LINKED_RESOURCE,https://www.federalreserve.gov/monetarypolicy/files/fomcminutes20251029.pdf,.pdf,PDF,anchor,1,PUBLIC_GET_NO_AUTH,shared
WEB-0263,LINKED_RESOURCE,https://www.federalreserve.gov/monetarypolicy/files/monetary20251210a1.pdf,.pdf,PDF,anchor,1,PUBLIC_GET_NO_AUTH,shared
WEB-0254,LINKED_RESOURCE,https://www.federalreserve.gov/monetarypolicy/files/fomcprojtabl20251210.pdf,.pdf,PDF,anchor,1,PUBLIC_GET_NO_AUTH,shared
WEB-0254,LINKED_RESOURCE,https://www.federalreserve.gov/monetarypolicy/files/fomcminutes20251210.pdf,.pdf,PDF,anchor,1,PUBLIC_GET_NO_AUTH,shared
WEB-0254,LINKED_RESOURCE,https://www.federalreserve.gov/monetarypolicy/files/monetary20240131a1.pdf,.pdf,PDF,anchor,1,PUBLIC_GET_NO_AUTH,shared
WEB-0254,LINKED_RESOURCE,https://www.federalreserve.gov/monetarypolicy/files/fomcminutes20240131.pdf,.pdf,PDF,anchor,1,PUBLIC_GET_NO_AUTH,shared
WEB-0254,LINKED_RESOURCE,https://www.federalreserve.gov/monetarypolicy/files/monetary20240320a1.pdf,.pdf,PDF,anchor,1,PUBLIC_GET_NO_AUTH,shared
WEB-0254,LINKED_RESOURCE,https://www.federalreserve.gov/monetarypolicy/files/fomcprojtabl20240320.pdf,.pdf,PDF,anchor,1,PUBLIC_GET_NO_AUTH,shared
WEB-0254,LINKED_RESOURCE,https://www.federalreserve.gov/monetarypolicy/files/fomcminutes20240320.pdf,.pdf,PDF,anchor,1,PUBLIC_GET_NO_AUTH,shared
WEB-0254,LINKED_RESOURCE,https://www.federalreserve.gov/monetarypolicy/files/monetary20240501a1.pdf,.pdf,PDF,anchor,1,PUBLIC_GET_NO_AUTH,shared
WEB-0254,LINKED_RESOURCE,https://www.federalreserve.gov/monetarypolicy/files/fomcminutes20240501.pdf,.pdf,PDF,anchor,1,PUBLIC_GET_NO_AUTH,shared
WEB-0254,LINKED_RESOURCE,https://www.federalreserve.gov/monetarypolicy/files/monetary20240612a1.pdf,.pdf,PDF,anchor,1,PUBLIC_GET_NO_AUTH,shared
WEB-0254,LINKED_RESOURCE,https://www.federalreserve.gov/monetarypolicy/files/fomcprojtabl20240612.pdf,.pdf,PDF,anchor,1,PUBLIC_GET_NO_AUTH,shared
WEB-0254,LINKED_RESOURCE,https://www.federalreserve.gov/monetarypolicy/files/fomcminutes20240612.pdf,.pdf,PDF,anchor,1,PUBLIC_GET_NO_AUTH,shared
WEB-0254,LINKED_RESOURCE,https://www.federalreserve.gov/monetarypolicy/files/monetary20240731a1.pdf,.pdf,PDF,anchor,1,PUBLIC_GET_NO_AUTH,shared
WEB-0254,LINKED_RESOURCE,https://www.federalreserve.gov/monetarypolicy/files/fomcminutes20240731.pdf,.pdf,PDF,anchor,1,PUBLIC_GET_NO_AUTH,shared
WEB-0262,LINKED_RESOURCE,https://www.federalreserve.gov/monetarypolicy/files/monetary20240918a1.pdf,.pdf,PDF,anchor,1,PUBLIC_GET_NO_AUTH,shared
WEB-0254,LINKED_RESOURCE,https://www.federalreserve.gov/monetarypolicy/files/fomcprojtabl20240918.pdf,.pdf,PDF,anchor,1,PUBLIC_GET_NO_AUTH,shared
WEB-0254,LINKED_RESOURCE,https://www.federalreserve.gov/monetarypolicy/files/fomcminutes20240918.pdf,.pdf,PDF,anchor,1,PUBLIC_GET_NO_AUTH,shared
WEB-0254,LINKED_RESOURCE,https://www.federalreserve.gov/monetarypolicy/files/monetary20241107a1.pdf,.pdf,PDF,anchor,1,PUBLIC_GET_NO_AUTH,shared
WEB-0254,LINKED_RESOURCE,https://www.federalreserve.gov/monetarypolicy/files/fomcminutes20241107.pdf,.pdf,PDF,anchor,1,PUBLIC_GET_NO_AUTH,shared
WEB-0254,LINKED_RESOURCE,https://www.federalreserve.gov/monetarypolicy/files/monetary20241218a1.pdf,.pdf,PDF,anchor,1,PUBLIC_GET_NO_AUTH,shared
WEB-0254,LINKED_RESOURCE,https://www.federalreserve.gov/monetarypolicy/files/fomcprojtabl20241218.pdf,.pdf,PDF,anchor,1,PUBLIC_GET_NO_AUTH,shared
WEB-0254,LINKED_RESOURCE,https://www.federalreserve.gov/monetarypolicy/files/fomcminutes20241218.pdf,.pdf,PDF,anchor,1,PUBLIC_GET_NO_AUTH,shared
WEB-0254,LINKED_RESOURCE,https://www.federalreserve.gov/monetarypolicy/files/monetary20230201a1.pdf,.pdf,PDF,anchor,1,PUBLIC_GET_NO_AUTH,shared
WEB-0254,LINKED_RESOURCE,https://www.federalreserve.gov/monetarypolicy/files/fomcminutes20230201.pdf,.pdf,PDF,anchor,1,PUBLIC_GET_NO_AUTH,shared
WEB-0254,LINKED_RESOURCE,https://www.federalreserve.gov/monetarypolicy/files/monetary20230322a1.pdf,.pdf,PDF,anchor,1,PUBLIC_GET_NO_AUTH,shared
WEB-0254,LINKED_RESOURCE,https://www.federalreserve.gov/monetarypolicy/files/fomcprojtabl20230322.pdf,.pdf,PDF,anchor,1,PUBLIC_GET_NO_AUTH,shared
WEB-0254,LINKED_RESOURCE,https://www.federalreserve.gov/monetarypolicy/files/fomcminutes20230322.pdf,.pdf,PDF,anchor,1,PUBLIC_GET_NO_AUTH,shared
WEB-0254,LINKED_RESOURCE,https://www.federalreserve.gov/monetarypolicy/files/monetary20230503a1.pdf,.pdf,PDF,anchor,1,PUBLIC_GET_NO_AUTH,shared
WEB-0254,LINKED_RESOURCE,https://www.federalreserve.gov/monetarypolicy/files/fomcminutes20230503.pdf,.pdf,PDF,anchor,1,PUBLIC_GET_NO_AUTH,shared
WEB-0254,LINKED_RESOURCE,https://www.federalreserve.gov/monetarypolicy/files/monetary20230614a1.pdf,.pdf,PDF,anchor,1,PUBLIC_GET_NO_AUTH,shared
WEB-0254,LINKED_RESOURCE,https://www.federalreserve.gov/monetarypolicy/files/fomcprojtabl20230614.pdf,.pdf,PDF,anchor,1,PUBLIC_GET_NO_AUTH,shared
WEB-0254,LINKED_RESOURCE,https://www.federalreserve.gov/monetarypolicy/files/fomcminutes20230614.pdf,.pdf,PDF,anchor,1,PUBLIC_GET_NO_AUTH,shared
WEB-0254,LINKED_RESOURCE,https://www.federalreserve.gov/monetarypolicy/files/monetary20230726a1.pdf,.pdf,PDF,anchor,1,PUBLIC_GET_NO_AUTH,shared
WEB-0254,LINKED_RESOURCE,https://www.federalreserve.gov/monetarypolicy/files/fomcminutes20230726.pdf,.pdf,PDF,anchor,1,PUBLIC_GET_NO_AUTH,shared
WEB-0254,LINKED_RESOURCE,https://www.federalreserve.gov/monetarypolicy/files/monetary20230920a1.pdf,.pdf,PDF,anchor,1,PUBLIC_GET_NO_AUTH,shared
WEB-0254,LINKED_RESOURCE,https://www.federalreserve.gov/monetarypolicy/files/fomcprojtabl20230920.pdf,.pdf,PDF,anchor,1,PUBLIC_GET_NO_AUTH,shared
WEB-0254,LINKED_RESOURCE,https://www.federalreserve.gov/monetarypolicy/files/fomcminutes20230920.pdf,.pdf,PDF,anchor,1,PUBLIC_GET_NO_AUTH,shared
WEB-0254,LINKED_RESOURCE,https://www.federalreserve.gov/monetarypolicy/files/monetary20231101a1.pdf,.pdf,PDF,anchor,1,PUBLIC_GET_NO_AUTH,shared
WEB-0254,LINKED_RESOURCE,https://www.federalreserve.gov/monetarypolicy/files/fomcminutes20231101.pdf,.pdf,PDF,anchor,1,PUBLIC_GET_NO_AUTH,shared
WEB-0254,LINKED_RESOURCE,https://www.federalreserve.gov/monetarypolicy/files/monetary20231213a1.pdf,.pdf,PDF,anchor,1,PUBLIC_GET_NO_AUTH,shared
WEB-0254,LINKED_RESOURCE,https://www.federalreserve.gov/monetarypolicy/files/fomcprojtabl20231213.pdf,.pdf,PDF,anchor,1,PUBLIC_GET_NO_AUTH,shared
WEB-0254,LINKED_RESOURCE,https://www.federalreserve.gov/monetarypolicy/files/fomcminutes20231213.pdf,.pdf,PDF,anchor,1,PUBLIC_GET_NO_AUTH,shared
WEB-0254,LINKED_RESOURCE,https://www.federalreserve.gov/monetarypolicy/files/monetary20220126a1.pdf,.pdf,PDF,anchor,1,PUBLIC_GET_NO_AUTH,shared
WEB-0254,LINKED_RESOURCE,https://www.federalreserve.gov/monetarypolicy/files/fomcminutes20220126.pdf,.pdf,PDF,anchor,1,PUBLIC_GET_NO_AUTH,shared
WEB-0260,LINKED_RESOURCE,https://www.federalreserve.gov/monetarypolicy/files/monetary20220316a1.pdf,.pdf,PDF,anchor,1,PUBLIC_GET_NO_AUTH,shared
WEB-0254,LINKED_RESOURCE,https://www.federalreserve.gov/monetarypolicy/files/fomcprojtabl20220316.pdf,.pdf,PDF,anchor,1,PUBLIC_GET_NO_AUTH,shared
WEB-0254,LINKED_RESOURCE,https://www.federalreserve.gov/monetarypolicy/files/fomcminutes20220316.pdf,.pdf,PDF,anchor,1,PUBLIC_GET_NO_AUTH,shared
WEB-0254,LINKED_RESOURCE,https://www.federalreserve.gov/monetarypolicy/files/monetary20220504a1.pdf,.pdf,PDF,anchor,1,PUBLIC_GET_NO_AUTH,shared
WEB-0254,LINKED_RESOURCE,https://www.federalreserve.gov/monetarypolicy/files/fomcminutes20220504.pdf,.pdf,PDF,anchor,1,PUBLIC_GET_NO_AUTH,shared
WEB-0254,LINKED_RESOURCE,https://www.federalreserve.gov/monetarypolicy/files/monetary20220615a1.pdf,.pdf,PDF,anchor,1,PUBLIC_GET_NO_AUTH,shared
WEB-0254,LINKED_RESOURCE,https://www.federalreserve.gov/monetarypolicy/files/fomcprojtabl20220615.pdf,.pdf,PDF,anchor,1,PUBLIC_GET_NO_AUTH,shared
WEB-0254,LINKED_RESOURCE,https://www.federalreserve.gov/monetarypolicy/files/fomcminutes20220615.pdf,.pdf,PDF,anchor,1,PUBLIC_GET_NO_AUTH,shared
WEB-0254,LINKED_RESOURCE,https://www.federalreserve.gov/monetarypolicy/files/monetary20220727a1.pdf,.pdf,PDF,anchor,1,PUBLIC_GET_NO_AUTH,shared
WEB-0254,LINKED_RESOURCE,https://www.federalreserve.gov/monetarypolicy/files/fomcminutes20220727.pdf,.pdf,PDF,anchor,1,PUBLIC_GET_NO_AUTH,shared
WEB-0254,LINKED_RESOURCE,https://www.federalreserve.gov/monetarypolicy/files/monetary20220921a1.pdf,.pdf,PDF,anchor,1,PUBLIC_GET_NO_AUTH,shared
WEB-0254,LINKED_RESOURCE,https://www.federalreserve.gov/monetarypolicy/files/fomcprojtabl20220921.pdf,.pdf,PDF,anchor,1,PUBLIC_GET_NO_AUTH,shared
WEB-0254,LINKED_RESOURCE,https://www.federalreserve.gov/monetarypolicy/files/fomcminutes20220921.pdf,.pdf,PDF,anchor,1,PUBLIC_GET_NO_AUTH,shared
WEB-0254,LINKED_RESOURCE,https://www.federalreserve.gov/monetarypolicy/files/monetary20221102a1.pdf,.pdf,PDF,anchor,1,PUBLIC_GET_NO_AUTH,shared
WEB-0254,LINKED_RESOURCE,https://www.federalreserve.gov/monetarypolicy/files/fomcminutes20221102.pdf,.pdf,PDF,anchor,1,PUBLIC_GET_NO_AUTH,shared
WEB-0254,LINKED_RESOURCE,https://www.federalreserve.gov/monetarypolicy/files/monetary20221214a1.pdf,.pdf,PDF,anchor,1,PUBLIC_GET_NO_AUTH,shared
WEB-0254,LINKED_RESOURCE,https://www.federalreserve.gov/monetarypolicy/files/fomcprojtabl20221214.pdf,.pdf,PDF,anchor,1,PUBLIC_GET_NO_AUTH,shared
WEB-0254,LINKED_RESOURCE,https://www.federalreserve.gov/monetarypolicy/files/fomcminutes20221214.pdf,.pdf,PDF,anchor,1,PUBLIC_GET_NO_AUTH,shared
WEB-0254,LINKED_RESOURCE,https://www.federalreserve.gov/monetarypolicy/files/monetary20210127a1.pdf,.pdf,PDF,anchor,1,PUBLIC_GET_NO_AUTH,shared
WEB-0254,LINKED_RESOURCE,https://www.federalreserve.gov/monetarypolicy/files/fomcminutes20210127.pdf,.pdf,PDF,anchor,1,PUBLIC_GET_NO_AUTH,shared
WEB-0254,LINKED_RESOURCE,https://www.federalreserve.gov/monetarypolicy/files/monetary20210317a1.pdf,.pdf,PDF,anchor,1,PUBLIC_GET_NO_AUTH,shared
WEB-0254,LINKED_RESOURCE,https://www.federalreserve.gov/monetarypolicy/files/fomcprojtabl20210317.pdf,.pdf,PDF,anchor,1,PUBLIC_GET_NO_AUTH,shared
WEB-0254,LINKED_RESOURCE,https://www.federalreserve.gov/monetarypolicy/files/fomcminutes20210317.pdf,.pdf,PDF,anchor,1,PUBLIC_GET_NO_AUTH,shared
WEB-0254,LINKED_RESOURCE,https://www.federalreserve.gov/monetarypolicy/files/monetary20210428a1.pdf,.pdf,PDF,anchor,1,PUBLIC_GET_NO_AUTH,shared
WEB-0254,LINKED_RESOURCE,https://www.federalreserve.gov/monetarypolicy/files/fomcminutes20210428.pdf,.pdf,PDF,anchor,1,PUBLIC_GET_NO_AUTH,shared
WEB-0254,LINKED_RESOURCE,https://www.federalreserve.gov/monetarypolicy/files/monetary20210616a1.pdf,.pdf,PDF,anchor,1,PUBLIC_GET_NO_AUTH,shared
WEB-0254,LINKED_RESOURCE,https://www.federalreserve.gov/monetarypolicy/files/fomcprojtabl20210616.pdf,.pdf,PDF,anchor,1,PUBLIC_GET_NO_AUTH,shared
WEB-0254,LINKED_RESOURCE,https://www.federalreserve.gov/monetarypolicy/files/fomcminutes20210616.pdf,.pdf,PDF,anchor,1,PUBLIC_GET_NO_AUTH,shared
WEB-0254,LINKED_RESOURCE,https://www.federalreserve.gov/monetarypolicy/files/monetary20210728a1.pdf,.pdf,PDF,anchor,1,PUBLIC_GET_NO_AUTH,shared
WEB-0254,LINKED_RESOURCE,https://www.federalreserve.gov/monetarypolicy/files/fomcminutes20210728.pdf,.pdf,PDF,anchor,1,PUBLIC_GET_NO_AUTH,shared
WEB-0254,LINKED_RESOURCE,https://www.federalreserve.gov/monetarypolicy/files/monetary20210922a1.pdf,.pdf,PDF,anchor,1,PUBLIC_GET_NO_AUTH,shared
WEB-0254,LINKED_RESOURCE,https://www.federalreserve.gov/monetarypolicy/files/fomcprojtabl20210922.pdf,.pdf,PDF,anchor,1,PUBLIC_GET_NO_AUTH,shared
WEB-0254,LINKED_RESOURCE,https://www.federalreserve.gov/monetarypolicy/files/fomcminutes20210922.pdf,.pdf,PDF,anchor,1,PUBLIC_GET_NO_AUTH,shared
WEB-0254,LINKED_RESOURCE,https://www.federalreserve.gov/monetarypolicy/files/monetary20211103a1.pdf,.pdf,PDF,anchor,1,PUBLIC_GET_NO_AUTH,shared
WEB-0254,LINKED_RESOURCE,https://www.federalreserve.gov/monetarypolicy/files/fomcminutes20211103.pdf,.pdf,PDF,anchor,1,PUBLIC_GET_NO_AUTH,shared
WEB-0254,LINKED_RESOURCE,https://www.federalreserve.gov/monetarypolicy/files/monetary20211215a1.pdf,.pdf,PDF,anchor,1,PUBLIC_GET_NO_AUTH,shared
WEB-0254,LINKED_RESOURCE,https://www.federalreserve.gov/monetarypolicy/files/fomcprojtabl20211215.pdf,.pdf,PDF,anchor,1,PUBLIC_GET_NO_AUTH,shared
WEB-0254,LINKED_RESOURCE,https://www.federalreserve.gov/monetarypolicy/files/fomcminutes20211215.pdf,.pdf,PDF,anchor,1,PUBLIC_GET_NO_AUTH,shared
WEB-0257,LINKED_RESOURCE,https://www.federalreserve.gov/monetarypolicy/files/monetary20200315a1.pdf,.pdf,PDF,anchor,1,PUBLIC_GET_NO_AUTH,shared
WEB-0261,LINKED_RESOURCE,https://www.federalreserve.gov/newsevents/pressreleases/files/monetary20230312a1.pdf,.pdf,Term Sheet: Bank Term Funding Program (PDF),anchor,1,PUBLIC_GET_NO_AUTH,shared
WEB-0261,LINKED_RESOURCE,https://www.federalreserve.gov/monetarypolicy/files/bank-term-funding-program-faqs.pdf,.pdf,Bank Term Funding Program: Frequently Asked Questions (PDF),anchor,1,PUBLIC_GET_NO_AUTH,shared
WEB-0264,LINKED_RESOURCE,https://www.federalreserve.gov/releases/g17/download.htm,.htm,Data Download,anchor,1,PUBLIC_GET_NO_AUTH,shared
WEB-0264,LINKED_RESOURCE,https://www.federalreserve.gov/datadownload/Choose.aspx?rel=g17,.aspx,Data Download,anchor,1,PUBLIC_GET_NO_AUTH,shared
WEB-0264,LINKED_RESOURCE,https://www.federalreserve.gov/releases/g17/data/FRB_g17_xml.zip,.zip,XML,anchor,1,PUBLIC_GET_NO_AUTH,shared
WEB-0264,LINKED_RESOURCE,https://www.federalreserve.gov/releases/g17/Current/g17.pdf,.pdf,PDF,table-link,1,PUBLIC_GET_NO_AUTH,shared
WEB-0264,LINKED_RESOURCE,https://www.federalreserve.gov/releases/g17/Current/g17.txt,.txt,ASCII,table-link,1,PUBLIC_GET_NO_AUTH,shared
WEB-0264,LINKED_RESOURCE,https://www.federalreserve.gov/releases/g17/Current/g17_sup.pdf,.pdf,PDF,table-link,1,PUBLIC_GET_NO_AUTH,shared
WEB-0264,LINKED_RESOURCE,https://www.federalreserve.gov/releases/g17/Current/g17_sup.txt,.txt,ASCII,table-link,1,PUBLIC_GET_NO_AUTH,shared
WEB-0264,LINKED_RESOURCE,https://www.federalreserve.gov/releases/g17/20260615/g17.pdf,.pdf,PDF,table-link,1,PUBLIC_GET_NO_AUTH,shared
WEB-0264,LINKED_RESOURCE,https://www.federalreserve.gov/releases/g17/20260615/g17.txt,.txt,ASCII,table-link,1,PUBLIC_GET_NO_AUTH,shared
WEB-0264,LINKED_RESOURCE,https://www.federalreserve.gov/releases/g17/20260615/g17_sup.pdf,.pdf,PDF,table-link,1,PUBLIC_GET_NO_AUTH,shared
WEB-0264,LINKED_RESOURCE,https://www.federalreserve.gov/releases/g17/20260615/g17_sup.txt,.txt,ASCII,table-link,1,PUBLIC_GET_NO_AUTH,shared
WEB-0264,LINKED_RESOURCE,https://www.federalreserve.gov/releases/g17/20260515/g17.pdf,.pdf,PDF,table-link,1,PUBLIC_GET_NO_AUTH,shared
WEB-0264,LINKED_RESOURCE,https://www.federalreserve.gov/releases/g17/20260515/g17.txt,.txt,ASCII,table-link,1,PUBLIC_GET_NO_AUTH,shared
WEB-0264,LINKED_RESOURCE,https://www.federalreserve.gov/releases/g17/20260515/g17_sup.pdf,.pdf,PDF,table-link,1,PUBLIC_GET_NO_AUTH,shared
WEB-0264,LINKED_RESOURCE,https://www.federalreserve.gov/releases/g17/20260515/g17_sup.txt,.txt,ASCII,table-link,1,PUBLIC_GET_NO_AUTH,shared
WEB-0264,LINKED_RESOURCE,https://www.federalreserve.gov/releases/g17/20260416/g17.pdf,.pdf,PDF,table-link,1,PUBLIC_GET_NO_AUTH,shared
WEB-0264,LINKED_RESOURCE,https://www.federalreserve.gov/releases/g17/20260416/g17.txt,.txt,ASCII,table-link,1,PUBLIC_GET_NO_AUTH,shared
WEB-0264,LINKED_RESOURCE,https://www.federalreserve.gov/releases/g17/20260416/g17_sup.pdf,.pdf,PDF,table-link,1,PUBLIC_GET_NO_AUTH,shared
WEB-0264,LINKED_RESOURCE,https://www.federalreserve.gov/releases/g17/20260416/g17_sup.txt,.txt,ASCII,table-link,1,PUBLIC_GET_NO_AUTH,shared
WEB-0264,LINKED_RESOURCE,https://www.federalreserve.gov/releases/g17/20260316/g17.pdf,.pdf,PDF,table-link,1,PUBLIC_GET_NO_AUTH,shared
WEB-0264,LINKED_RESOURCE,https://www.federalreserve.gov/releases/g17/20260316/g17.txt,.txt,ASCII,table-link,1,PUBLIC_GET_NO_AUTH,shared
WEB-0264,LINKED_RESOURCE,https://www.federalreserve.gov/releases/g17/20260316/g17_sup.pdf,.pdf,PDF,table-link,1,PUBLIC_GET_NO_AUTH,shared
WEB-0264,LINKED_RESOURCE,https://www.federalreserve.gov/releases/g17/20260316/g17_sup.txt,.txt,ASCII,table-link,1,PUBLIC_GET_NO_AUTH,shared
WEB-0264,LINKED_RESOURCE,https://www.federalreserve.gov/releases/g17/20260218/g17.pdf,.pdf,PDF,table-link,1,PUBLIC_GET_NO_AUTH,shared
WEB-0264,LINKED_RESOURCE,https://www.federalreserve.gov/releases/g17/20260218/g17.txt,.txt,ASCII,table-link,1,PUBLIC_GET_NO_AUTH,shared
WEB-0264,LINKED_RESOURCE,https://www.federalreserve.gov/releases/g17/20260218/g17_sup.pdf,.pdf,PDF,table-link,1,PUBLIC_GET_NO_AUTH,shared
WEB-0264,LINKED_RESOURCE,https://www.federalreserve.gov/releases/g17/20260218/g17_sup.txt,.txt,ASCII,table-link,1,PUBLIC_GET_NO_AUTH,shared
WEB-0264,LINKED_RESOURCE,https://www.federalreserve.gov/releases/g17/20260116/g17.pdf,.pdf,PDF,table-link,1,PUBLIC_GET_NO_AUTH,shared
WEB-0264,LINKED_RESOURCE,https://www.federalreserve.gov/releases/g17/20260116/g17.txt,.txt,ASCII,table-link,1,PUBLIC_GET_NO_AUTH,shared
WEB-0264,LINKED_RESOURCE,https://www.federalreserve.gov/releases/g17/20260116/g17_sup.pdf,.pdf,PDF,table-link,1,PUBLIC_GET_NO_AUTH,shared
WEB-0264,LINKED_RESOURCE,https://www.federalreserve.gov/releases/g17/20260116/g17_sup.txt,.txt,ASCII,table-link,1,PUBLIC_GET_NO_AUTH,shared
WEB-0264,LINKED_RESOURCE,https://www.federalreserve.gov/releases/g17/20251223/g17.pdf,.pdf,PDF,table-link,1,PUBLIC_GET_NO_AUTH,shared
WEB-0264,LINKED_RESOURCE,https://www.federalreserve.gov/releases/g17/20251223/g17.txt,.txt,ASCII,table-link,1,PUBLIC_GET_NO_AUTH,shared
WEB-0264,LINKED_RESOURCE,https://www.federalreserve.gov/releases/g17/20251223/g17_sup.pdf,.pdf,PDF,table-link,1,PUBLIC_GET_NO_AUTH,shared
WEB-0264,LINKED_RESOURCE,https://www.federalreserve.gov/releases/g17/20251223/g17_sup.txt,.txt,ASCII,table-link,1,PUBLIC_GET_NO_AUTH,shared
WEB-0264,LINKED_RESOURCE,https://www.federalreserve.gov/releases/g17/20251203/g17.pdf,.pdf,PDF,table-link,1,PUBLIC_GET_NO_AUTH,shared
WEB-0264,LINKED_RESOURCE,https://www.federalreserve.gov/releases/g17/20251203/g17.txt,.txt,ASCII,table-link,1,PUBLIC_GET_NO_AUTH,shared
WEB-0264,LINKED_RESOURCE,https://www.federalreserve.gov/releases/g17/20251203/g17_sup.pdf,.pdf,PDF,table-link,1,PUBLIC_GET_NO_AUTH,shared
WEB-0264,LINKED_RESOURCE,https://www.federalreserve.gov/releases/g17/20251203/g17_sup.txt,.txt,ASCII,table-link,1,PUBLIC_GET_NO_AUTH,shared
WEB-0264,LINKED_RESOURCE,https://www.federalreserve.gov/releases/g17/Revisions/20251124/g17rev.pdf,.pdf,PDF,table-link,1,PUBLIC_GET_NO_AUTH,shared
WEB-0264,LINKED_RESOURCE,https://www.federalreserve.gov/releases/g17/Revisions/20251124/g17rev.txt,.txt,ASCII,table-link,1,PUBLIC_GET_NO_AUTH,shared
WEB-0264,LINKED_RESOURCE,https://www.federalreserve.gov/releases/g17/20250916/g17.pdf,.pdf,PDF,table-link,1,PUBLIC_GET_NO_AUTH,shared
WEB-0264,LINKED_RESOURCE,https://www.federalreserve.gov/releases/g17/20250916/g17.txt,.txt,ASCII,table-link,1,PUBLIC_GET_NO_AUTH,shared
WEB-0264,LINKED_RESOURCE,https://www.federalreserve.gov/releases/g17/20250916/g17_sup.pdf,.pdf,PDF,table-link,1,PUBLIC_GET_NO_AUTH,shared
WEB-0264,LINKED_RESOURCE,https://www.federalreserve.gov/releases/g17/20250916/g17_sup.txt,.txt,ASCII,table-link,1,PUBLIC_GET_NO_AUTH,shared
WEB-0264,LINKED_RESOURCE,https://www.federalreserve.gov/releases/g17/20250815/g17.pdf,.pdf,PDF,table-link,1,PUBLIC_GET_NO_AUTH,shared
WEB-0264,LINKED_RESOURCE,https://www.federalreserve.gov/releases/g17/20250815/g17.txt,.txt,ASCII,table-link,1,PUBLIC_GET_NO_AUTH,shared
WEB-0264,LINKED_RESOURCE,https://www.federalreserve.gov/releases/g17/20250815/g17_sup.pdf,.pdf,PDF,table-link,1,PUBLIC_GET_NO_AUTH,shared
WEB-0264,LINKED_RESOURCE,https://www.federalreserve.gov/releases/g17/20250815/g17_sup.txt,.txt,ASCII,table-link,1,PUBLIC_GET_NO_AUTH,shared
WEB-0264,LINKED_RESOURCE,https://www.federalreserve.gov/releases/g17/20250716/g17.pdf,.pdf,PDF,table-link,1,PUBLIC_GET_NO_AUTH,shared
WEB-0264,LINKED_RESOURCE,https://www.federalreserve.gov/releases/g17/20250716/g17.txt,.txt,ASCII,table-link,1,PUBLIC_GET_NO_AUTH,shared
WEB-0264,LINKED_RESOURCE,https://www.federalreserve.gov/releases/g17/20250716/g17_sup.pdf,.pdf,PDF,table-link,1,PUBLIC_GET_NO_AUTH,shared
WEB-0264,LINKED_RESOURCE,https://www.federalreserve.gov/releases/g17/20250716/g17_sup.txt,.txt,ASCII,table-link,1,PUBLIC_GET_NO_AUTH,shared
WEB-0264,LINKED_RESOURCE,https://www.federalreserve.gov/releases/g17/20250617/g17.pdf,.pdf,PDF,table-link,1,PUBLIC_GET_NO_AUTH,shared
WEB-0264,LINKED_RESOURCE,https://www.federalreserve.gov/releases/g17/20250617/g17.txt,.txt,ASCII,table-link,1,PUBLIC_GET_NO_AUTH,shared
WEB-0264,LINKED_RESOURCE,https://www.federalreserve.gov/releases/g17/20250617/g17_sup.pdf,.pdf,PDF,table-link,1,PUBLIC_GET_NO_AUTH,shared
WEB-0264,LINKED_RESOURCE,https://www.federalreserve.gov/releases/g17/20250617/g17_sup.txt,.txt,ASCII,table-link,1,PUBLIC_GET_NO_AUTH,shared
WEB-0264,LINKED_RESOURCE,https://www.federalreserve.gov/releases/g17/20250515/g17.pdf,.pdf,PDF,table-link,1,PUBLIC_GET_NO_AUTH,shared
WEB-0264,LINKED_RESOURCE,https://www.federalreserve.gov/releases/g17/20250515/g17.txt,.txt,ASCII,table-link,1,PUBLIC_GET_NO_AUTH,shared
WEB-0264,LINKED_RESOURCE,https://www.federalreserve.gov/releases/g17/20250515/g17_sup.pdf,.pdf,PDF,table-link,1,PUBLIC_GET_NO_AUTH,shared
WEB-0264,LINKED_RESOURCE,https://www.federalreserve.gov/releases/g17/20250515/g17_sup.txt,.txt,ASCII,table-link,1,PUBLIC_GET_NO_AUTH,shared
WEB-0264,LINKED_RESOURCE,https://www.federalreserve.gov/releases/g17/20250416/g17.pdf,.pdf,PDF,table-link,1,PUBLIC_GET_NO_AUTH,shared
WEB-0264,LINKED_RESOURCE,https://www.federalreserve.gov/releases/g17/20250416/g17.txt,.txt,ASCII,table-link,1,PUBLIC_GET_NO_AUTH,shared
WEB-0264,LINKED_RESOURCE,https://www.federalreserve.gov/releases/g17/20250416/g17_sup.pdf,.pdf,PDF,table-link,1,PUBLIC_GET_NO_AUTH,shared
WEB-0264,LINKED_RESOURCE,https://www.federalreserve.gov/releases/g17/20250416/g17_sup.txt,.txt,ASCII,table-link,1,PUBLIC_GET_NO_AUTH,shared
WEB-0264,LINKED_RESOURCE,https://www.federalreserve.gov/releases/g17/20250318/g17.pdf,.pdf,PDF,table-link,1,PUBLIC_GET_NO_AUTH,shared
WEB-0264,LINKED_RESOURCE,https://www.federalreserve.gov/releases/g17/20250318/g17.txt,.txt,ASCII,table-link,1,PUBLIC_GET_NO_AUTH,shared
WEB-0264,LINKED_RESOURCE,https://www.federalreserve.gov/releases/g17/20250318/g17_sup.pdf,.pdf,PDF,table-link,1,PUBLIC_GET_NO_AUTH,shared
WEB-0264,LINKED_RESOURCE,https://www.federalreserve.gov/releases/g17/20250318/g17_sup.txt,.txt,ASCII,table-link,1,PUBLIC_GET_NO_AUTH,shared
WEB-0264,LINKED_RESOURCE,https://www.federalreserve.gov/releases/g17/20250214/g17.pdf,.pdf,PDF,table-link,1,PUBLIC_GET_NO_AUTH,shared
WEB-0264,LINKED_RESOURCE,https://www.federalreserve.gov/releases/g17/20250214/g17.txt,.txt,ASCII,table-link,1,PUBLIC_GET_NO_AUTH,shared
WEB-0264,LINKED_RESOURCE,https://www.federalreserve.gov/releases/g17/20250214/g17_sup.pdf,.pdf,PDF,table-link,1,PUBLIC_GET_NO_AUTH,shared
WEB-0264,LINKED_RESOURCE,https://www.federalreserve.gov/releases/g17/20250214/g17_sup.txt,.txt,ASCII,table-link,1,PUBLIC_GET_NO_AUTH,shared
WEB-0264,LINKED_RESOURCE,https://www.federalreserve.gov/releases/g17/20250117/g17.pdf,.pdf,PDF,table-link,1,PUBLIC_GET_NO_AUTH,shared
WEB-0264,LINKED_RESOURCE,https://www.federalreserve.gov/releases/g17/20250117/g17.txt,.txt,ASCII,table-link,1,PUBLIC_GET_NO_AUTH,shared
WEB-0264,LINKED_RESOURCE,https://www.federalreserve.gov/releases/g17/20250117/g17_sup.pdf,.pdf,PDF,table-link,1,PUBLIC_GET_NO_AUTH,shared
WEB-0264,LINKED_RESOURCE,https://www.federalreserve.gov/releases/g17/20250117/g17_sup.txt,.txt,ASCII,table-link,1,PUBLIC_GET_NO_AUTH,shared
WEB-0264,LINKED_RESOURCE,https://www.federalreserve.gov/releases/g17/20241217/g17.pdf,.pdf,PDF,table-link,1,PUBLIC_GET_NO_AUTH,shared
WEB-0264,LINKED_RESOURCE,https://www.federalreserve.gov/releases/g17/20241217/g17.txt,.txt,ASCII,table-link,1,PUBLIC_GET_NO_AUTH,shared
WEB-0264,LINKED_RESOURCE,https://www.federalreserve.gov/releases/g17/20241217/g17_sup.pdf,.pdf,PDF,table-link,1,PUBLIC_GET_NO_AUTH,shared
WEB-0264,LINKED_RESOURCE,https://www.federalreserve.gov/releases/g17/20241217/g17_sup.txt,.txt,ASCII,table-link,1,PUBLIC_GET_NO_AUTH,shared
WEB-0264,LINKED_RESOURCE,https://www.federalreserve.gov/releases/g17/20241115/g17.pdf,.pdf,PDF,table-link,1,PUBLIC_GET_NO_AUTH,shared
WEB-0264,LINKED_RESOURCE,https://www.federalreserve.gov/releases/g17/20241115/g17.txt,.txt,ASCII,table-link,1,PUBLIC_GET_NO_AUTH,shared
WEB-0264,LINKED_RESOURCE,https://www.federalreserve.gov/releases/g17/20241115/g17_sup.pdf,.pdf,PDF,table-link,1,PUBLIC_GET_NO_AUTH,shared
WEB-0264,LINKED_RESOURCE,https://www.federalreserve.gov/releases/g17/20241115/g17_sup.txt,.txt,ASCII,table-link,1,PUBLIC_GET_NO_AUTH,shared
WEB-0264,LINKED_RESOURCE,https://www.federalreserve.gov/releases/g17/20241017/g17.pdf,.pdf,PDF,table-link,1,PUBLIC_GET_NO_AUTH,shared
WEB-0264,LINKED_RESOURCE,https://www.federalreserve.gov/releases/g17/20241017/g17.txt,.txt,ASCII,table-link,1,PUBLIC_GET_NO_AUTH,shared
WEB-0264,LINKED_RESOURCE,https://www.federalreserve.gov/releases/g17/20241017/g17_sup.pdf,.pdf,PDF,table-link,1,PUBLIC_GET_NO_AUTH,shared
WEB-0264,LINKED_RESOURCE,https://www.federalreserve.gov/releases/g17/20241017/g17_sup.txt,.txt,ASCII,table-link,1,PUBLIC_GET_NO_AUTH,shared
WEB-0264,LINKED_RESOURCE,https://www.federalreserve.gov/releases/g17/20240917/g17.pdf,.pdf,PDF,table-link,1,PUBLIC_GET_NO_AUTH,shared
WEB-0264,LINKED_RESOURCE,https://www.federalreserve.gov/releases/g17/20240917/g17.txt,.txt,ASCII,table-link,1,PUBLIC_GET_NO_AUTH,shared
WEB-0264,LINKED_RESOURCE,https://www.federalreserve.gov/releases/g17/20240917/g17_sup.pdf,.pdf,PDF,table-link,1,PUBLIC_GET_NO_AUTH,shared
WEB-0264,LINKED_RESOURCE,https://www.federalreserve.gov/releases/g17/20240917/g17_sup.txt,.txt,ASCII,table-link,1,PUBLIC_GET_NO_AUTH,shared
WEB-0264,LINKED_RESOURCE,https://www.federalreserve.gov/releases/g17/20240815/g17.pdf,.pdf,PDF,table-link,1,PUBLIC_GET_NO_AUTH,shared
WEB-0264,LINKED_RESOURCE,https://www.federalreserve.gov/releases/g17/20240815/g17.txt,.txt,ASCII,table-link,1,PUBLIC_GET_NO_AUTH,shared
WEB-0264,LINKED_RESOURCE,https://www.federalreserve.gov/releases/g17/20240815/g17_sup.pdf,.pdf,PDF,table-link,1,PUBLIC_GET_NO_AUTH,shared
WEB-0264,LINKED_RESOURCE,https://www.federalreserve.gov/releases/g17/20240815/g17_sup.txt,.txt,ASCII,table-link,1,PUBLIC_GET_NO_AUTH,shared
WEB-0264,LINKED_RESOURCE,https://www.federalreserve.gov/releases/g17/20240717/g17.pdf,.pdf,PDF,table-link,1,PUBLIC_GET_NO_AUTH,shared
WEB-0264,LINKED_RESOURCE,https://www.federalreserve.gov/releases/g17/20240717/g17.txt,.txt,ASCII,table-link,1,PUBLIC_GET_NO_AUTH,shared
WEB-0264,LINKED_RESOURCE,https://www.federalreserve.gov/releases/g17/20240717/g17_sup.pdf,.pdf,PDF,table-link,1,PUBLIC_GET_NO_AUTH,shared
WEB-0264,LINKED_RESOURCE,https://www.federalreserve.gov/releases/g17/20240717/g17_sup.txt,.txt,ASCII,table-link,1,PUBLIC_GET_NO_AUTH,shared
WEB-0264,LINKED_RESOURCE,https://www.federalreserve.gov/releases/g17/Revisions/20240628/g17rev.pdf,.pdf,PDF,table-link,1,PUBLIC_GET_NO_AUTH,shared
WEB-0264,LINKED_RESOURCE,https://www.federalreserve.gov/releases/g17/Revisions/20240628/g17rev.txt,.txt,ASCII,table-link,1,PUBLIC_GET_NO_AUTH,shared
WEB-0264,LINKED_RESOURCE,https://www.federalreserve.gov/releases/g17/20240618/g17.pdf,.pdf,PDF,table-link,1,PUBLIC_GET_NO_AUTH,shared
WEB-0264,LINKED_RESOURCE,https://www.federalreserve.gov/releases/g17/20240618/g17.txt,.txt,ASCII,table-link,1,PUBLIC_GET_NO_AUTH,shared
WEB-0264,LINKED_RESOURCE,https://www.federalreserve.gov/releases/g17/20240618/g17_sup.pdf,.pdf,PDF,table-link,1,PUBLIC_GET_NO_AUTH,shared
WEB-0264,LINKED_RESOURCE,https://www.federalreserve.gov/releases/g17/20240618/g17_sup.txt,.txt,ASCII,table-link,1,PUBLIC_GET_NO_AUTH,shared
WEB-0264,LINKED_RESOURCE,https://www.federalreserve.gov/releases/g17/20240516/g17.pdf,.pdf,PDF,table-link,1,PUBLIC_GET_NO_AUTH,shared
WEB-0264,LINKED_RESOURCE,https://www.federalreserve.gov/releases/g17/20240516/g17.txt,.txt,ASCII,table-link,1,PUBLIC_GET_NO_AUTH,shared
WEB-0264,LINKED_RESOURCE,https://www.federalreserve.gov/releases/g17/20240516/g17_sup.pdf,.pdf,PDF,table-link,1,PUBLIC_GET_NO_AUTH,shared
WEB-0264,LINKED_RESOURCE,https://www.federalreserve.gov/releases/g17/20240516/g17_sup.txt,.txt,ASCII,table-link,1,PUBLIC_GET_NO_AUTH,shared
WEB-0264,LINKED_RESOURCE,https://www.federalreserve.gov/releases/g17/20240416/g17.pdf,.pdf,PDF,table-link,1,PUBLIC_GET_NO_AUTH,shared
WEB-0264,LINKED_RESOURCE,https://www.federalreserve.gov/releases/g17/20240416/g17.txt,.txt,ASCII,table-link,1,PUBLIC_GET_NO_AUTH,shared
WEB-0264,LINKED_RESOURCE,https://www.federalreserve.gov/releases/g17/20240416/g17_sup.pdf,.pdf,PDF,table-link,1,PUBLIC_GET_NO_AUTH,shared
WEB-0264,LINKED_RESOURCE,https://www.federalreserve.gov/releases/g17/20240416/g17_sup.txt,.txt,ASCII,table-link,1,PUBLIC_GET_NO_AUTH,shared
WEB-0264,LINKED_RESOURCE,https://www.federalreserve.gov/releases/g17/20240315/g17.pdf,.pdf,PDF,table-link,1,PUBLIC_GET_NO_AUTH,shared
WEB-0264,LINKED_RESOURCE,https://www.federalreserve.gov/releases/g17/20240315/g17.txt,.txt,ASCII,table-link,1,PUBLIC_GET_NO_AUTH,shared
WEB-0264,LINKED_RESOURCE,https://www.federalreserve.gov/releases/g17/20240315/g17_sup.pdf,.pdf,PDF,table-link,1,PUBLIC_GET_NO_AUTH,shared
WEB-0264,LINKED_RESOURCE,https://www.federalreserve.gov/releases/g17/20240315/g17_sup.txt,.txt,ASCII,table-link,1,PUBLIC_GET_NO_AUTH,shared
WEB-0264,LINKED_RESOURCE,https://www.federalreserve.gov/releases/g17/20240215/g17.pdf,.pdf,PDF,table-link,1,PUBLIC_GET_NO_AUTH,shared
WEB-0264,LINKED_RESOURCE,https://www.federalreserve.gov/releases/g17/20240215/g17.txt,.txt,ASCII,table-link,1,PUBLIC_GET_NO_AUTH,shared
WEB-0264,LINKED_RESOURCE,https://www.federalreserve.gov/releases/g17/20240215/g17_sup.pdf,.pdf,PDF,table-link,1,PUBLIC_GET_NO_AUTH,shared
WEB-0264,LINKED_RESOURCE,https://www.federalreserve.gov/releases/g17/20240215/g17_sup.txt,.txt,ASCII,table-link,1,PUBLIC_GET_NO_AUTH,shared
WEB-0264,LINKED_RESOURCE,https://www.federalreserve.gov/releases/g17/20240117/g17.pdf,.pdf,PDF,table-link,1,PUBLIC_GET_NO_AUTH,shared
WEB-0264,LINKED_RESOURCE,https://www.federalreserve.gov/releases/g17/20240117/g17.txt,.txt,ASCII,table-link,1,PUBLIC_GET_NO_AUTH,shared
WEB-0264,LINKED_RESOURCE,https://www.federalreserve.gov/releases/g17/20240117/g17_sup.pdf,.pdf,PDF,table-link,1,PUBLIC_GET_NO_AUTH,shared
WEB-0264,LINKED_RESOURCE,https://www.federalreserve.gov/releases/g17/20240117/g17_sup.txt,.txt,ASCII,table-link,1,PUBLIC_GET_NO_AUTH,shared
WEB-0264,LINKED_RESOURCE,https://www.federalreserve.gov/releases/g17/20231215/g17.pdf,.pdf,PDF,table-link,1,PUBLIC_GET_NO_AUTH,shared
WEB-0264,LINKED_RESOURCE,https://www.federalreserve.gov/releases/g17/20231215/g17.txt,.txt,ASCII,table-link,1,PUBLIC_GET_NO_AUTH,shared
WEB-0264,LINKED_RESOURCE,https://www.federalreserve.gov/releases/g17/20231215/g17_sup.pdf,.pdf,PDF,table-link,1,PUBLIC_GET_NO_AUTH,shared
WEB-0264,LINKED_RESOURCE,https://www.federalreserve.gov/releases/g17/20231215/g17_sup.txt,.txt,ASCII,table-link,1,PUBLIC_GET_NO_AUTH,shared
WEB-0264,LINKED_RESOURCE,https://www.federalreserve.gov/releases/g17/20231116/g17.pdf,.pdf,PDF,table-link,1,PUBLIC_GET_NO_AUTH,shared
WEB-0264,LINKED_RESOURCE,https://www.federalreserve.gov/releases/g17/20231116/g17.txt,.txt,ASCII,table-link,1,PUBLIC_GET_NO_AUTH,shared
WEB-0264,LINKED_RESOURCE,https://www.federalreserve.gov/releases/g17/20231116/g17_sup.pdf,.pdf,PDF,table-link,1,PUBLIC_GET_NO_AUTH,shared
WEB-0264,LINKED_RESOURCE,https://www.federalreserve.gov/releases/g17/20231116/g17_sup.txt,.txt,ASCII,table-link,1,PUBLIC_GET_NO_AUTH,shared
WEB-0264,LINKED_RESOURCE,https://www.federalreserve.gov/releases/g17/20231017/g17.pdf,.pdf,PDF,table-link,1,PUBLIC_GET_NO_AUTH,shared
WEB-0264,LINKED_RESOURCE,https://www.federalreserve.gov/releases/g17/20231017/g17.txt,.txt,ASCII,table-link,1,PUBLIC_GET_NO_AUTH,shared
WEB-0264,LINKED_RESOURCE,https://www.federalreserve.gov/releases/g17/20231017/g17_sup.pdf,.pdf,PDF,table-link,1,PUBLIC_GET_NO_AUTH,shared
WEB-0264,LINKED_RESOURCE,https://www.federalreserve.gov/releases/g17/20231017/g17_sup.txt,.txt,ASCII,table-link,1,PUBLIC_GET_NO_AUTH,shared
WEB-0264,LINKED_RESOURCE,https://www.federalreserve.gov/releases/g17/20230915/g17.pdf,.pdf,PDF,table-link,1,PUBLIC_GET_NO_AUTH,shared
WEB-0264,LINKED_RESOURCE,https://www.federalreserve.gov/releases/g17/20230915/g17.txt,.txt,ASCII,table-link,1,PUBLIC_GET_NO_AUTH,shared
WEB-0264,LINKED_RESOURCE,https://www.federalreserve.gov/releases/g17/20230915/g17_sup.pdf,.pdf,PDF,table-link,1,PUBLIC_GET_NO_AUTH,shared
WEB-0264,LINKED_RESOURCE,https://www.federalreserve.gov/releases/g17/20230915/g17_sup.txt,.txt,ASCII,table-link,1,PUBLIC_GET_NO_AUTH,shared
WEB-0264,LINKED_RESOURCE,https://www.federalreserve.gov/releases/g17/20230816/g17.pdf,.pdf,PDF,table-link,1,PUBLIC_GET_NO_AUTH,shared
WEB-0264,LINKED_RESOURCE,https://www.federalreserve.gov/releases/g17/20230816/g17.txt,.txt,ASCII,table-link,1,PUBLIC_GET_NO_AUTH,shared
WEB-0264,LINKED_RESOURCE,https://www.federalreserve.gov/releases/g17/20230816/g17_sup.pdf,.pdf,PDF,table-link,1,PUBLIC_GET_NO_AUTH,shared
WEB-0264,LINKED_RESOURCE,https://www.federalreserve.gov/releases/g17/20230816/g17_sup.txt,.txt,ASCII,table-link,1,PUBLIC_GET_NO_AUTH,shared
WEB-0264,LINKED_RESOURCE,https://www.federalreserve.gov/releases/g17/20230718/g17.pdf,.pdf,PDF,table-link,1,PUBLIC_GET_NO_AUTH,shared
WEB-0264,LINKED_RESOURCE,https://www.federalreserve.gov/releases/g17/20230718/g17.txt,.txt,ASCII,table-link,1,PUBLIC_GET_NO_AUTH,shared
WEB-0264,LINKED_RESOURCE,https://www.federalreserve.gov/releases/g17/20230718/g17_sup.pdf,.pdf,PDF,table-link,1,PUBLIC_GET_NO_AUTH,shared
WEB-0264,LINKED_RESOURCE,https://www.federalreserve.gov/releases/g17/20230718/g17_sup.txt,.txt,ASCII,table-link,1,PUBLIC_GET_NO_AUTH,shared
WEB-0264,LINKED_RESOURCE,https://www.federalreserve.gov/releases/g17/20230615/g17.pdf,.pdf,PDF,table-link,1,PUBLIC_GET_NO_AUTH,shared
WEB-0264,LINKED_RESOURCE,https://www.federalreserve.gov/releases/g17/20230615/g17.txt,.txt,ASCII,table-link,1,PUBLIC_GET_NO_AUTH,shared
WEB-0264,LINKED_RESOURCE,https://www.federalreserve.gov/releases/g17/20230615/g17_sup.pdf,.pdf,PDF,table-link,1,PUBLIC_GET_NO_AUTH,shared
WEB-0264,LINKED_RESOURCE,https://www.federalreserve.gov/releases/g17/20230615/g17_sup.txt,.txt,ASCII,table-link,1,PUBLIC_GET_NO_AUTH,shared
WEB-0264,LINKED_RESOURCE,https://www.federalreserve.gov/releases/g17/20230516/g17.pdf,.pdf,PDF,table-link,1,PUBLIC_GET_NO_AUTH,shared
WEB-0264,LINKED_RESOURCE,https://www.federalreserve.gov/releases/g17/20230516/g17.txt,.txt,ASCII,table-link,1,PUBLIC_GET_NO_AUTH,shared
WEB-0264,LINKED_RESOURCE,https://www.federalreserve.gov/releases/g17/20230516/g17_sup.pdf,.pdf,PDF,table-link,1,PUBLIC_GET_NO_AUTH,shared
WEB-0264,LINKED_RESOURCE,https://www.federalreserve.gov/releases/g17/20230516/g17_sup.txt,.txt,ASCII,table-link,1,PUBLIC_GET_NO_AUTH,shared
WEB-0264,LINKED_RESOURCE,https://www.federalreserve.gov/releases/g17/20230414/g17.pdf,.pdf,PDF,table-link,1,PUBLIC_GET_NO_AUTH,shared
WEB-0264,LINKED_RESOURCE,https://www.federalreserve.gov/releases/g17/20230414/g17.txt,.txt,ASCII,table-link,1,PUBLIC_GET_NO_AUTH,shared
WEB-0264,LINKED_RESOURCE,https://www.federalreserve.gov/releases/g17/20230414/g17_sup.pdf,.pdf,PDF,table-link,1,PUBLIC_GET_NO_AUTH,shared
WEB-0264,LINKED_RESOURCE,https://www.federalreserve.gov/releases/g17/20230414/g17_sup.txt,.txt,ASCII,table-link,1,PUBLIC_GET_NO_AUTH,shared
WEB-0264,LINKED_RESOURCE,https://www.federalreserve.gov/releases/g17/Revisions/20230328/g17rev.pdf,.pdf,PDF,table-link,1,PUBLIC_GET_NO_AUTH,shared
WEB-0264,LINKED_RESOURCE,https://www.federalreserve.gov/releases/g17/Revisions/20230328/g17rev.txt,.txt,ASCII,table-link,1,PUBLIC_GET_NO_AUTH,shared
WEB-0264,LINKED_RESOURCE,https://www.federalreserve.gov/releases/g17/20230317/g17.pdf,.pdf,PDF,table-link,1,PUBLIC_GET_NO_AUTH,shared
WEB-0264,LINKED_RESOURCE,https://www.federalreserve.gov/releases/g17/20230317/g17.txt,.txt,ASCII,table-link,1,PUBLIC_GET_NO_AUTH,shared
WEB-0264,LINKED_RESOURCE,https://www.federalreserve.gov/releases/g17/20230317/g17_sup.pdf,.pdf,PDF,table-link,1,PUBLIC_GET_NO_AUTH,shared
WEB-0264,LINKED_RESOURCE,https://www.federalreserve.gov/releases/g17/20230317/g17_sup.txt,.txt,ASCII,table-link,1,PUBLIC_GET_NO_AUTH,shared
WEB-0264,LINKED_RESOURCE,https://www.federalreserve.gov/releases/g17/20230215/g17.pdf,.pdf,PDF,table-link,1,PUBLIC_GET_NO_AUTH,shared
WEB-0264,LINKED_RESOURCE,https://www.federalreserve.gov/releases/g17/20230215/g17.txt,.txt,ASCII,table-link,1,PUBLIC_GET_NO_AUTH,shared
WEB-0264,LINKED_RESOURCE,https://www.federalreserve.gov/releases/g17/20230215/g17_sup.pdf,.pdf,PDF,table-link,1,PUBLIC_GET_NO_AUTH,shared
WEB-0264,LINKED_RESOURCE,https://www.federalreserve.gov/releases/g17/20230215/g17_sup.txt,.txt,ASCII,table-link,1,PUBLIC_GET_NO_AUTH,shared
WEB-0264,LINKED_RESOURCE,https://www.federalreserve.gov/releases/g17/20230118/g17.pdf,.pdf,PDF,table-link,1,PUBLIC_GET_NO_AUTH,shared
WEB-0264,LINKED_RESOURCE,https://www.federalreserve.gov/releases/g17/20230118/g17.txt,.txt,ASCII,table-link,1,PUBLIC_GET_NO_AUTH,shared
WEB-0264,LINKED_RESOURCE,https://www.federalreserve.gov/releases/g17/20230118/g17_sup.pdf,.pdf,PDF,table-link,1,PUBLIC_GET_NO_AUTH,shared
WEB-0264,LINKED_RESOURCE,https://www.federalreserve.gov/releases/g17/20230118/g17_sup.txt,.txt,ASCII,table-link,1,PUBLIC_GET_NO_AUTH,shared
WEB-0264,LINKED_RESOURCE,https://www.federalreserve.gov/releases/g17/20221215/g17.pdf,.pdf,PDF,table-link,1,PUBLIC_GET_NO_AUTH,shared
WEB-0264,LINKED_RESOURCE,https://www.federalreserve.gov/releases/g17/20221215/g17.txt,.txt,ASCII,table-link,1,PUBLIC_GET_NO_AUTH,shared
WEB-0264,LINKED_RESOURCE,https://www.federalreserve.gov/releases/g17/20221215/g17_sup.pdf,.pdf,PDF,table-link,1,PUBLIC_GET_NO_AUTH,shared
WEB-0264,LINKED_RESOURCE,https://www.federalreserve.gov/releases/g17/20221215/g17_sup.txt,.txt,ASCII,table-link,1,PUBLIC_GET_NO_AUTH,shared
WEB-0264,LINKED_RESOURCE,https://www.federalreserve.gov/releases/g17/20221116/g17.pdf,.pdf,PDF,table-link,1,PUBLIC_GET_NO_AUTH,shared
WEB-0264,LINKED_RESOURCE,https://www.federalreserve.gov/releases/g17/20221116/g17.txt,.txt,ASCII,table-link,1,PUBLIC_GET_NO_AUTH,shared
WEB-0264,LINKED_RESOURCE,https://www.federalreserve.gov/releases/g17/20221116/g17_sup.pdf,.pdf,PDF,table-link,1,PUBLIC_GET_NO_AUTH,shared
WEB-0264,LINKED_RESOURCE,https://www.federalreserve.gov/releases/g17/20221116/g17_sup.txt,.txt,ASCII,table-link,1,PUBLIC_GET_NO_AUTH,shared
WEB-0264,LINKED_RESOURCE,https://www.federalreserve.gov/releases/g17/20221018/g17.pdf,.pdf,PDF,table-link,1,PUBLIC_GET_NO_AUTH,shared
WEB-0264,LINKED_RESOURCE,https://www.federalreserve.gov/releases/g17/20221018/g17.txt,.txt,ASCII,table-link,1,PUBLIC_GET_NO_AUTH,shared
WEB-0264,LINKED_RESOURCE,https://www.federalreserve.gov/releases/g17/20221018/g17_sup.pdf,.pdf,PDF,table-link,1,PUBLIC_GET_NO_AUTH,shared
WEB-0264,LINKED_RESOURCE,https://www.federalreserve.gov/releases/g17/20221018/g17_sup.txt,.txt,ASCII,table-link,1,PUBLIC_GET_NO_AUTH,shared
WEB-0264,LINKED_RESOURCE,https://www.federalreserve.gov/releases/g17/20220915/g17.pdf,.pdf,PDF,table-link,1,PUBLIC_GET_NO_AUTH,shared
WEB-0264,LINKED_RESOURCE,https://www.federalreserve.gov/releases/g17/20220915/g17.txt,.txt,ASCII,table-link,1,PUBLIC_GET_NO_AUTH,shared
WEB-0264,LINKED_RESOURCE,https://www.federalreserve.gov/releases/g17/20220915/g17_sup.pdf,.pdf,PDF,table-link,1,PUBLIC_GET_NO_AUTH,shared
WEB-0264,LINKED_RESOURCE,https://www.federalreserve.gov/releases/g17/20220915/g17_sup.txt,.txt,ASCII,table-link,1,PUBLIC_GET_NO_AUTH,shared
WEB-0264,LINKED_RESOURCE,https://www.federalreserve.gov/releases/g17/20220816/g17.pdf,.pdf,PDF,table-link,1,PUBLIC_GET_NO_AUTH,shared
WEB-0264,LINKED_RESOURCE,https://www.federalreserve.gov/releases/g17/20220816/g17.txt,.txt,ASCII,table-link,1,PUBLIC_GET_NO_AUTH,shared
WEB-0264,LINKED_RESOURCE,https://www.federalreserve.gov/releases/g17/20220816/g17_sup.pdf,.pdf,PDF,table-link,1,PUBLIC_GET_NO_AUTH,shared
WEB-0264,LINKED_RESOURCE,https://www.federalreserve.gov/releases/g17/20220816/g17_sup.txt,.txt,ASCII,table-link,1,PUBLIC_GET_NO_AUTH,shared
WEB-0264,LINKED_RESOURCE,https://www.federalreserve.gov/releases/g17/20220715/g17.pdf,.pdf,PDF,table-link,1,PUBLIC_GET_NO_AUTH,shared
WEB-0264,LINKED_RESOURCE,https://www.federalreserve.gov/releases/g17/20220715/g17.txt,.txt,ASCII,table-link,1,PUBLIC_GET_NO_AUTH,shared
WEB-0264,LINKED_RESOURCE,https://www.federalreserve.gov/releases/g17/20220715/g17_sup.pdf,.pdf,PDF,table-link,1,PUBLIC_GET_NO_AUTH,shared
WEB-0264,LINKED_RESOURCE,https://www.federalreserve.gov/releases/g17/20220715/g17_sup.txt,.txt,ASCII,table-link,1,PUBLIC_GET_NO_AUTH,shared
WEB-0264,LINKED_RESOURCE,https://www.federalreserve.gov/releases/g17/Revisions/20220628/g17rev.pdf,.pdf,PDF,table-link,1,PUBLIC_GET_NO_AUTH,shared
WEB-0264,LINKED_RESOURCE,https://www.federalreserve.gov/releases/g17/Revisions/20220628/g17rev.txt,.txt,ASCII,table-link,1,PUBLIC_GET_NO_AUTH,shared
WEB-0264,LINKED_RESOURCE,https://www.federalreserve.gov/releases/g17/20220617/g17.pdf,.pdf,PDF,table-link,1,PUBLIC_GET_NO_AUTH,shared
WEB-0264,LINKED_RESOURCE,https://www.federalreserve.gov/releases/g17/20220617/g17.txt,.txt,ASCII,table-link,1,PUBLIC_GET_NO_AUTH,shared
WEB-0264,LINKED_RESOURCE,https://www.federalreserve.gov/releases/g17/20220617/g17_sup.pdf,.pdf,PDF,table-link,1,PUBLIC_GET_NO_AUTH,shared
WEB-0264,LINKED_RESOURCE,https://www.federalreserve.gov/releases/g17/20220617/g17_sup.txt,.txt,ASCII,table-link,1,PUBLIC_GET_NO_AUTH,shared
WEB-0264,LINKED_RESOURCE,https://www.federalreserve.gov/releases/g17/20220517/g17.pdf,.pdf,PDF,table-link,1,PUBLIC_GET_NO_AUTH,shared
WEB-0264,LINKED_RESOURCE,https://www.federalreserve.gov/releases/g17/20220517/g17.txt,.txt,ASCII,table-link,1,PUBLIC_GET_NO_AUTH,shared
WEB-0264,LINKED_RESOURCE,https://www.federalreserve.gov/releases/g17/20220517/g17_sup.pdf,.pdf,PDF,table-link,1,PUBLIC_GET_NO_AUTH,shared
WEB-0264,LINKED_RESOURCE,https://www.federalreserve.gov/releases/g17/20220517/g17_sup.txt,.txt,ASCII,table-link,1,PUBLIC_GET_NO_AUTH,shared
WEB-0264,LINKED_RESOURCE,https://www.federalreserve.gov/releases/g17/20220415/g17.pdf,.pdf,PDF,table-link,1,PUBLIC_GET_NO_AUTH,shared
WEB-0264,LINKED_RESOURCE,https://www.federalreserve.gov/releases/g17/20220415/g17.txt,.txt,ASCII,table-link,1,PUBLIC_GET_NO_AUTH,shared
WEB-0264,LINKED_RESOURCE,https://www.federalreserve.gov/releases/g17/20220415/g17_sup.pdf,.pdf,PDF,table-link,1,PUBLIC_GET_NO_AUTH,shared
WEB-0264,LINKED_RESOURCE,https://www.federalreserve.gov/releases/g17/20220415/g17_sup.txt,.txt,ASCII,table-link,1,PUBLIC_GET_NO_AUTH,shared
WEB-0264,LINKED_RESOURCE,https://www.federalreserve.gov/releases/g17/20220317/g17.pdf,.pdf,PDF,table-link,1,PUBLIC_GET_NO_AUTH,shared
WEB-0264,LINKED_RESOURCE,https://www.federalreserve.gov/releases/g17/20220317/g17.txt,.txt,ASCII,table-link,1,PUBLIC_GET_NO_AUTH,shared
WEB-0264,LINKED_RESOURCE,https://www.federalreserve.gov/releases/g17/20220317/g17_sup.pdf,.pdf,PDF,table-link,1,PUBLIC_GET_NO_AUTH,shared
WEB-0264,LINKED_RESOURCE,https://www.federalreserve.gov/releases/g17/20220317/g17_sup.txt,.txt,ASCII,table-link,1,PUBLIC_GET_NO_AUTH,shared
WEB-0264,LINKED_RESOURCE,https://www.federalreserve.gov/releases/g17/20220216/g17.pdf,.pdf,PDF,table-link,1,PUBLIC_GET_NO_AUTH,shared
WEB-0264,LINKED_RESOURCE,https://www.federalreserve.gov/releases/g17/20220216/g17.txt,.txt,ASCII,table-link,1,PUBLIC_GET_NO_AUTH,shared
WEB-0264,LINKED_RESOURCE,https://www.federalreserve.gov/releases/g17/20220216/g17_sup.pdf,.pdf,PDF,table-link,1,PUBLIC_GET_NO_AUTH,shared
WEB-0264,LINKED_RESOURCE,https://www.federalreserve.gov/releases/g17/20220216/g17_sup.txt,.txt,ASCII,table-link,1,PUBLIC_GET_NO_AUTH,shared
WEB-0264,LINKED_RESOURCE,https://www.federalreserve.gov/releases/g17/20220114/g17.pdf,.pdf,PDF,table-link,1,PUBLIC_GET_NO_AUTH,shared
WEB-0264,LINKED_RESOURCE,https://www.federalreserve.gov/releases/g17/20220114/g17.txt,.txt,ASCII,table-link,1,PUBLIC_GET_NO_AUTH,shared
WEB-0264,LINKED_RESOURCE,https://www.federalreserve.gov/releases/g17/20220114/g17_sup.pdf,.pdf,PDF,table-link,1,PUBLIC_GET_NO_AUTH,shared
WEB-0264,LINKED_RESOURCE,https://www.federalreserve.gov/releases/g17/20220114/g17_sup.txt,.txt,ASCII,table-link,1,PUBLIC_GET_NO_AUTH,shared
WEB-0264,LINKED_RESOURCE,https://www.federalreserve.gov/releases/g17/20211216/g17.pdf,.pdf,PDF,table-link,1,PUBLIC_GET_NO_AUTH,shared
WEB-0264,LINKED_RESOURCE,https://www.federalreserve.gov/releases/g17/20211216/g17.txt,.txt,ASCII,table-link,1,PUBLIC_GET_NO_AUTH,shared
WEB-0264,LINKED_RESOURCE,https://www.federalreserve.gov/releases/g17/20211216/g17_sup.pdf,.pdf,PDF,table-link,1,PUBLIC_GET_NO_AUTH,shared
WEB-0264,LINKED_RESOURCE,https://www.federalreserve.gov/releases/g17/20211216/g17_sup.txt,.txt,ASCII,table-link,1,PUBLIC_GET_NO_AUTH,shared
WEB-0264,LINKED_RESOURCE,https://www.federalreserve.gov/releases/g17/20211116/g17.pdf,.pdf,PDF,table-link,1,PUBLIC_GET_NO_AUTH,shared
WEB-0264,LINKED_RESOURCE,https://www.federalreserve.gov/releases/g17/20211116/g17.txt,.txt,ASCII,table-link,1,PUBLIC_GET_NO_AUTH,shared
WEB-0264,LINKED_RESOURCE,https://www.federalreserve.gov/releases/g17/20211116/g17_sup.pdf,.pdf,PDF,table-link,1,PUBLIC_GET_NO_AUTH,shared
WEB-0264,LINKED_RESOURCE,https://www.federalreserve.gov/releases/g17/20211116/g17_sup.txt,.txt,ASCII,table-link,1,PUBLIC_GET_NO_AUTH,shared
WEB-0264,LINKED_RESOURCE,https://www.federalreserve.gov/releases/g17/20211018/g17.pdf,.pdf,PDF,table-link,1,PUBLIC_GET_NO_AUTH,shared
WEB-0264,LINKED_RESOURCE,https://www.federalreserve.gov/releases/g17/20211018/g17.txt,.txt,ASCII,table-link,1,PUBLIC_GET_NO_AUTH,shared
WEB-0264,LINKED_RESOURCE,https://www.federalreserve.gov/releases/g17/20211018/g17_sup.pdf,.pdf,PDF,table-link,1,PUBLIC_GET_NO_AUTH,shared
WEB-0264,LINKED_RESOURCE,https://www.federalreserve.gov/releases/g17/20211018/g17_sup.txt,.txt,ASCII,table-link,1,PUBLIC_GET_NO_AUTH,shared
WEB-0264,LINKED_RESOURCE,https://www.federalreserve.gov/releases/g17/20210915/g17.pdf,.pdf,PDF,table-link,1,PUBLIC_GET_NO_AUTH,shared
WEB-0264,LINKED_RESOURCE,https://www.federalreserve.gov/releases/g17/20210915/g17.txt,.txt,ASCII,table-link,1,PUBLIC_GET_NO_AUTH,shared
WEB-0264,LINKED_RESOURCE,https://www.federalreserve.gov/releases/g17/20210915/g17_sup.pdf,.pdf,PDF,table-link,1,PUBLIC_GET_NO_AUTH,shared
WEB-0264,LINKED_RESOURCE,https://www.federalreserve.gov/releases/g17/20210915/g17_sup.txt,.txt,ASCII,table-link,1,PUBLIC_GET_NO_AUTH,shared
WEB-0264,LINKED_RESOURCE,https://www.federalreserve.gov/releases/g17/20210817/g17.pdf,.pdf,PDF,table-link,1,PUBLIC_GET_NO_AUTH,shared
WEB-0264,LINKED_RESOURCE,https://www.federalreserve.gov/releases/g17/20210817/g17.txt,.txt,ASCII,table-link,1,PUBLIC_GET_NO_AUTH,shared
WEB-0264,LINKED_RESOURCE,https://www.federalreserve.gov/releases/g17/20210817/g17_sup.pdf,.pdf,PDF,table-link,1,PUBLIC_GET_NO_AUTH,shared
WEB-0264,LINKED_RESOURCE,https://www.federalreserve.gov/releases/g17/20210817/g17_sup.txt,.txt,ASCII,table-link,1,PUBLIC_GET_NO_AUTH,shared
WEB-0264,LINKED_RESOURCE,https://www.federalreserve.gov/releases/g17/20210715/g17.pdf,.pdf,PDF,table-link,1,PUBLIC_GET_NO_AUTH,shared
WEB-0264,LINKED_RESOURCE,https://www.federalreserve.gov/releases/g17/20210715/g17.txt,.txt,ASCII,table-link,1,PUBLIC_GET_NO_AUTH,shared
WEB-0264,LINKED_RESOURCE,https://www.federalreserve.gov/releases/g17/20210715/g17_sup.pdf,.pdf,PDF,table-link,1,PUBLIC_GET_NO_AUTH,shared
WEB-0264,LINKED_RESOURCE,https://www.federalreserve.gov/releases/g17/20210715/g17_sup.txt,.txt,ASCII,table-link,1,PUBLIC_GET_NO_AUTH,shared
WEB-0264,LINKED_RESOURCE,https://www.federalreserve.gov/releases/g17/20210615/g17.pdf,.pdf,PDF,table-link,1,PUBLIC_GET_NO_AUTH,shared
WEB-0264,LINKED_RESOURCE,https://www.federalreserve.gov/releases/g17/20210615/g17.txt,.txt,ASCII,table-link,1,PUBLIC_GET_NO_AUTH,shared
WEB-0264,LINKED_RESOURCE,https://www.federalreserve.gov/releases/g17/20210615/g17_sup.pdf,.pdf,PDF,table-link,1,PUBLIC_GET_NO_AUTH,shared
WEB-0264,LINKED_RESOURCE,https://www.federalreserve.gov/releases/g17/20210615/g17_sup.txt,.txt,ASCII,table-link,1,PUBLIC_GET_NO_AUTH,shared
WEB-0264,LINKED_RESOURCE,https://www.federalreserve.gov/releases/g17/Revisions/20210528/g17rev.pdf,.pdf,PDF,table-link,1,PUBLIC_GET_NO_AUTH,shared
WEB-0264,LINKED_RESOURCE,https://www.federalreserve.gov/releases/g17/Revisions/20210528/g17rev.txt,.txt,ASCII,table-link,1,PUBLIC_GET_NO_AUTH,shared
WEB-0264,LINKED_RESOURCE,https://www.federalreserve.gov/releases/g17/20210514/g17.pdf,.pdf,PDF,table-link,1,PUBLIC_GET_NO_AUTH,shared
WEB-0264,LINKED_RESOURCE,https://www.federalreserve.gov/releases/g17/20210514/g17.txt,.txt,ASCII,table-link,1,PUBLIC_GET_NO_AUTH,shared
WEB-0264,LINKED_RESOURCE,https://www.federalreserve.gov/releases/g17/20210514/g17_sup.pdf,.pdf,PDF,table-link,1,PUBLIC_GET_NO_AUTH,shared
WEB-0264,LINKED_RESOURCE,https://www.federalreserve.gov/releases/g17/20210514/g17_sup.txt,.txt,ASCII,table-link,1,PUBLIC_GET_NO_AUTH,shared
WEB-0264,LINKED_RESOURCE,https://www.federalreserve.gov/releases/g17/20210415/g17.pdf,.pdf,PDF,table-link,1,PUBLIC_GET_NO_AUTH,shared
WEB-0264,LINKED_RESOURCE,https://www.federalreserve.gov/releases/g17/20210415/g17.txt,.txt,ASCII,table-link,1,PUBLIC_GET_NO_AUTH,shared
WEB-0264,LINKED_RESOURCE,https://www.federalreserve.gov/releases/g17/20210415/g17_sup.pdf,.pdf,PDF,table-link,1,PUBLIC_GET_NO_AUTH,shared
WEB-0264,LINKED_RESOURCE,https://www.federalreserve.gov/releases/g17/20210415/g17_sup.txt,.txt,ASCII,table-link,1,PUBLIC_GET_NO_AUTH,shared
WEB-0264,LINKED_RESOURCE,https://www.federalreserve.gov/releases/g17/20210316/g17.pdf,.pdf,PDF,table-link,1,PUBLIC_GET_NO_AUTH,shared
WEB-0264,LINKED_RESOURCE,https://www.federalreserve.gov/releases/g17/20210316/g17.txt,.txt,ASCII,table-link,1,PUBLIC_GET_NO_AUTH,shared
WEB-0264,LINKED_RESOURCE,https://www.federalreserve.gov/releases/g17/20210316/g17_sup.pdf,.pdf,PDF,table-link,1,PUBLIC_GET_NO_AUTH,shared
WEB-0264,LINKED_RESOURCE,https://www.federalreserve.gov/releases/g17/20210316/g17_sup.txt,.txt,ASCII,table-link,1,PUBLIC_GET_NO_AUTH,shared
WEB-0264,LINKED_RESOURCE,https://www.federalreserve.gov/releases/g17/20210217/g17.pdf,.pdf,PDF,table-link,1,PUBLIC_GET_NO_AUTH,shared
WEB-0264,LINKED_RESOURCE,https://www.federalreserve.gov/releases/g17/20210217/g17.txt,.txt,ASCII,table-link,1,PUBLIC_GET_NO_AUTH,shared
WEB-0264,LINKED_RESOURCE,https://www.federalreserve.gov/releases/g17/20210217/g17_sup.pdf,.pdf,PDF,table-link,1,PUBLIC_GET_NO_AUTH,shared
WEB-0264,LINKED_RESOURCE,https://www.federalreserve.gov/releases/g17/20210217/g17_sup.txt,.txt,ASCII,table-link,1,PUBLIC_GET_NO_AUTH,shared
WEB-0264,LINKED_RESOURCE,https://www.federalreserve.gov/releases/g17/20210115/g17.pdf,.pdf,PDF,table-link,1,PUBLIC_GET_NO_AUTH,shared
WEB-0264,LINKED_RESOURCE,https://www.federalreserve.gov/releases/g17/20210115/g17.txt,.txt,ASCII,table-link,1,PUBLIC_GET_NO_AUTH,shared
WEB-0264,LINKED_RESOURCE,https://www.federalreserve.gov/releases/g17/20210115/g17_sup.pdf,.pdf,PDF,table-link,1,PUBLIC_GET_NO_AUTH,shared
WEB-0264,LINKED_RESOURCE,https://www.federalreserve.gov/releases/g17/20210115/g17_sup.txt,.txt,ASCII,table-link,1,PUBLIC_GET_NO_AUTH,shared
WEB-0264,LINKED_RESOURCE,https://www.federalreserve.gov/releases/g17/20201215/g17.pdf,.pdf,PDF,table-link,1,PUBLIC_GET_NO_AUTH,shared
WEB-0264,LINKED_RESOURCE,https://www.federalreserve.gov/releases/g17/20201215/g17.txt,.txt,ASCII,table-link,1,PUBLIC_GET_NO_AUTH,shared
WEB-0264,LINKED_RESOURCE,https://www.federalreserve.gov/releases/g17/20201215/g17_sup.pdf,.pdf,PDF,table-link,1,PUBLIC_GET_NO_AUTH,shared
WEB-0264,LINKED_RESOURCE,https://www.federalreserve.gov/releases/g17/20201215/g17_sup.txt,.txt,ASCII,table-link,1,PUBLIC_GET_NO_AUTH,shared
WEB-0264,LINKED_RESOURCE,https://www.federalreserve.gov/releases/g17/20201117/g17.pdf,.pdf,PDF,table-link,1,PUBLIC_GET_NO_AUTH,shared
WEB-0264,LINKED_RESOURCE,https://www.federalreserve.gov/releases/g17/20201117/g17.txt,.txt,ASCII,table-link,1,PUBLIC_GET_NO_AUTH,shared
WEB-0264,LINKED_RESOURCE,https://www.federalreserve.gov/releases/g17/20201117/g17_sup.pdf,.pdf,PDF,table-link,1,PUBLIC_GET_NO_AUTH,shared
WEB-0264,LINKED_RESOURCE,https://www.federalreserve.gov/releases/g17/20201117/g17_sup.txt,.txt,ASCII,table-link,1,PUBLIC_GET_NO_AUTH,shared
WEB-0264,LINKED_RESOURCE,https://www.federalreserve.gov/releases/g17/20201016/g17.pdf,.pdf,PDF,table-link,1,PUBLIC_GET_NO_AUTH,shared
WEB-0264,LINKED_RESOURCE,https://www.federalreserve.gov/releases/g17/20201016/g17.txt,.txt,ASCII,table-link,1,PUBLIC_GET_NO_AUTH,shared
WEB-0264,LINKED_RESOURCE,https://www.federalreserve.gov/releases/g17/20201016/g17_sup.pdf,.pdf,PDF,table-link,1,PUBLIC_GET_NO_AUTH,shared
WEB-0264,LINKED_RESOURCE,https://www.federalreserve.gov/releases/g17/20201016/g17_sup.txt,.txt,ASCII,table-link,1,PUBLIC_GET_NO_AUTH,shared
WEB-0264,LINKED_RESOURCE,https://www.federalreserve.gov/releases/g17/20200915/g17.pdf,.pdf,PDF,table-link,1,PUBLIC_GET_NO_AUTH,shared
WEB-0264,LINKED_RESOURCE,https://www.federalreserve.gov/releases/g17/20200915/g17.txt,.txt,ASCII,table-link,1,PUBLIC_GET_NO_AUTH,shared
WEB-0264,LINKED_RESOURCE,https://www.federalreserve.gov/releases/g17/20200915/g17_sup.pdf,.pdf,PDF,table-link,1,PUBLIC_GET_NO_AUTH,shared
WEB-0264,LINKED_RESOURCE,https://www.federalreserve.gov/releases/g17/20200915/g17_sup.txt,.txt,ASCII,table-link,1,PUBLIC_GET_NO_AUTH,shared
WEB-0264,LINKED_RESOURCE,https://www.federalreserve.gov/releases/g17/20200814/g17.pdf,.pdf,PDF,table-link,1,PUBLIC_GET_NO_AUTH,shared
WEB-0264,LINKED_RESOURCE,https://www.federalreserve.gov/releases/g17/20200814/g17.txt,.txt,ASCII,table-link,1,PUBLIC_GET_NO_AUTH,shared
WEB-0264,LINKED_RESOURCE,https://www.federalreserve.gov/releases/g17/20200814/g17_sup.pdf,.pdf,PDF,table-link,1,PUBLIC_GET_NO_AUTH,shared
WEB-0264,LINKED_RESOURCE,https://www.federalreserve.gov/releases/g17/20200814/g17_sup.txt,.txt,ASCII,table-link,1,PUBLIC_GET_NO_AUTH,shared
WEB-0264,LINKED_RESOURCE,https://www.federalreserve.gov/releases/g17/20200715/g17.pdf,.pdf,PDF,table-link,1,PUBLIC_GET_NO_AUTH,shared
WEB-0264,LINKED_RESOURCE,https://www.federalreserve.gov/releases/g17/20200715/g17.txt,.txt,ASCII,table-link,1,PUBLIC_GET_NO_AUTH,shared
WEB-0264,LINKED_RESOURCE,https://www.federalreserve.gov/releases/g17/20200715/g17_sup.pdf,.pdf,PDF,table-link,1,PUBLIC_GET_NO_AUTH,shared
WEB-0264,LINKED_RESOURCE,https://www.federalreserve.gov/releases/g17/20200715/g17_sup.txt,.txt,ASCII,table-link,1,PUBLIC_GET_NO_AUTH,shared
WEB-0264,LINKED_RESOURCE,https://www.federalreserve.gov/releases/g17/20200616/g17.pdf,.pdf,PDF,table-link,1,PUBLIC_GET_NO_AUTH,shared
WEB-0264,LINKED_RESOURCE,https://www.federalreserve.gov/releases/g17/20200616/g17.txt,.txt,ASCII,table-link,1,PUBLIC_GET_NO_AUTH,shared
WEB-0264,LINKED_RESOURCE,https://www.federalreserve.gov/releases/g17/20200616/g17_sup.pdf,.pdf,PDF,table-link,1,PUBLIC_GET_NO_AUTH,shared
WEB-0264,LINKED_RESOURCE,https://www.federalreserve.gov/releases/g17/20200616/g17_sup.txt,.txt,ASCII,table-link,1,PUBLIC_GET_NO_AUTH,shared
WEB-0264,LINKED_RESOURCE,https://www.federalreserve.gov/releases/g17/20200515/g17.pdf,.pdf,PDF,table-link,1,PUBLIC_GET_NO_AUTH,shared
WEB-0264,LINKED_RESOURCE,https://www.federalreserve.gov/releases/g17/20200515/g17.txt,.txt,ASCII,table-link,1,PUBLIC_GET_NO_AUTH,shared
WEB-0264,LINKED_RESOURCE,https://www.federalreserve.gov/releases/g17/20200515/g17_sup.pdf,.pdf,PDF,table-link,1,PUBLIC_GET_NO_AUTH,shared
WEB-0264,LINKED_RESOURCE,https://www.federalreserve.gov/releases/g17/20200515/g17_sup.txt,.txt,ASCII,table-link,1,PUBLIC_GET_NO_AUTH,shared
WEB-0264,LINKED_RESOURCE,https://www.federalreserve.gov/releases/g17/20200415/g17.pdf,.pdf,PDF,table-link,1,PUBLIC_GET_NO_AUTH,shared
WEB-0264,LINKED_RESOURCE,https://www.federalreserve.gov/releases/g17/20200415/g17.txt,.txt,ASCII,table-link,1,PUBLIC_GET_NO_AUTH,shared
WEB-0264,LINKED_RESOURCE,https://www.federalreserve.gov/releases/g17/20200415/g17_sup.pdf,.pdf,PDF,table-link,1,PUBLIC_GET_NO_AUTH,shared
WEB-0264,LINKED_RESOURCE,https://www.federalreserve.gov/releases/g17/20200415/g17_sup.txt,.txt,ASCII,table-link,1,PUBLIC_GET_NO_AUTH,shared
WEB-0264,LINKED_RESOURCE,https://www.federalreserve.gov/releases/g17/20200317/g17.pdf,.pdf,PDF,table-link,1,PUBLIC_GET_NO_AUTH,shared
WEB-0264,LINKED_RESOURCE,https://www.federalreserve.gov/releases/g17/20200317/g17.txt,.txt,ASCII,table-link,1,PUBLIC_GET_NO_AUTH,shared
WEB-0264,LINKED_RESOURCE,https://www.federalreserve.gov/releases/g17/20200317/g17_sup.pdf,.pdf,PDF,table-link,1,PUBLIC_GET_NO_AUTH,shared
WEB-0264,LINKED_RESOURCE,https://www.federalreserve.gov/releases/g17/20200317/g17_sup.txt,.txt,ASCII,table-link,1,PUBLIC_GET_NO_AUTH,shared
WEB-0264,LINKED_RESOURCE,https://www.federalreserve.gov/releases/g17/20200214/g17.pdf,.pdf,PDF,table-link,1,PUBLIC_GET_NO_AUTH,shared
WEB-0264,LINKED_RESOURCE,https://www.federalreserve.gov/releases/g17/20200214/g17.txt,.txt,ASCII,table-link,1,PUBLIC_GET_NO_AUTH,shared
WEB-0264,LINKED_RESOURCE,https://www.federalreserve.gov/releases/g17/20200214/g17_sup.pdf,.pdf,PDF,table-link,1,PUBLIC_GET_NO_AUTH,shared
WEB-0264,LINKED_RESOURCE,https://www.federalreserve.gov/releases/g17/20200214/g17_sup.txt,.txt,ASCII,table-link,1,PUBLIC_GET_NO_AUTH,shared
WEB-0264,LINKED_RESOURCE,https://www.federalreserve.gov/releases/g17/20200117/g17.pdf,.pdf,PDF,table-link,1,PUBLIC_GET_NO_AUTH,shared
WEB-0264,LINKED_RESOURCE,https://www.federalreserve.gov/releases/g17/20200117/g17.txt,.txt,ASCII,table-link,1,PUBLIC_GET_NO_AUTH,shared
WEB-0264,LINKED_RESOURCE,https://www.federalreserve.gov/releases/g17/20200117/g17_sup.pdf,.pdf,PDF,table-link,1,PUBLIC_GET_NO_AUTH,shared
WEB-0264,LINKED_RESOURCE,https://www.federalreserve.gov/releases/g17/20200117/g17_sup.txt,.txt,ASCII,table-link,1,PUBLIC_GET_NO_AUTH,shared
WEB-0264,LINKED_RESOURCE,https://www.federalreserve.gov/releases/g17/20191217/g17.pdf,.pdf,PDF,table-link,1,PUBLIC_GET_NO_AUTH,shared
WEB-0264,LINKED_RESOURCE,https://www.federalreserve.gov/releases/g17/20191217/g17.txt,.txt,ASCII,table-link,1,PUBLIC_GET_NO_AUTH,shared
WEB-0264,LINKED_RESOURCE,https://www.federalreserve.gov/releases/g17/20191217/g17_sup.pdf,.pdf,PDF,table-link,1,PUBLIC_GET_NO_AUTH,shared
WEB-0264,LINKED_RESOURCE,https://www.federalreserve.gov/releases/g17/20191217/g17_sup.txt,.txt,ASCII,table-link,1,PUBLIC_GET_NO_AUTH,shared
WEB-0264,LINKED_RESOURCE,https://www.federalreserve.gov/releases/g17/20191115/g17.pdf,.pdf,PDF,table-link,1,PUBLIC_GET_NO_AUTH,shared
WEB-0264,LINKED_RESOURCE,https://www.federalreserve.gov/releases/g17/20191115/g17.txt,.txt,ASCII,table-link,1,PUBLIC_GET_NO_AUTH,shared
WEB-0264,LINKED_RESOURCE,https://www.federalreserve.gov/releases/g17/20191115/g17_sup.pdf,.pdf,PDF,table-link,1,PUBLIC_GET_NO_AUTH,shared
WEB-0264,LINKED_RESOURCE,https://www.federalreserve.gov/releases/g17/20191115/g17_sup.txt,.txt,ASCII,table-link,1,PUBLIC_GET_NO_AUTH,shared
WEB-0264,LINKED_RESOURCE,https://www.federalreserve.gov/releases/g17/20191017/g17.pdf,.pdf,PDF,table-link,1,PUBLIC_GET_NO_AUTH,shared
WEB-0264,LINKED_RESOURCE,https://www.federalreserve.gov/releases/g17/20191017/g17.txt,.txt,ASCII,table-link,1,PUBLIC_GET_NO_AUTH,shared
WEB-0264,LINKED_RESOURCE,https://www.federalreserve.gov/releases/g17/20191017/g17_sup.pdf,.pdf,PDF,table-link,1,PUBLIC_GET_NO_AUTH,shared
WEB-0264,LINKED_RESOURCE,https://www.federalreserve.gov/releases/g17/20191017/g17_sup.txt,.txt,ASCII,table-link,1,PUBLIC_GET_NO_AUTH,shared
WEB-0264,LINKED_RESOURCE,https://www.federalreserve.gov/releases/g17/20190917/g17.pdf,.pdf,PDF,table-link,1,PUBLIC_GET_NO_AUTH,shared
WEB-0264,LINKED_RESOURCE,https://www.federalreserve.gov/releases/g17/20190917/g17.txt,.txt,ASCII,table-link,1,PUBLIC_GET_NO_AUTH,shared
WEB-0264,LINKED_RESOURCE,https://www.federalreserve.gov/releases/g17/20190917/g17_sup.pdf,.pdf,PDF,table-link,1,PUBLIC_GET_NO_AUTH,shared
WEB-0264,LINKED_RESOURCE,https://www.federalreserve.gov/releases/g17/20190917/g17_sup.txt,.txt,ASCII,table-link,1,PUBLIC_GET_NO_AUTH,shared
WEB-0264,LINKED_RESOURCE,https://www.federalreserve.gov/releases/g17/20190815/g17.pdf,.pdf,PDF,table-link,1,PUBLIC_GET_NO_AUTH,shared
WEB-0264,LINKED_RESOURCE,https://www.federalreserve.gov/releases/g17/20190815/g17.txt,.txt,ASCII,table-link,1,PUBLIC_GET_NO_AUTH,shared
WEB-0264,LINKED_RESOURCE,https://www.federalreserve.gov/releases/g17/20190815/g17_sup.pdf,.pdf,PDF,table-link,1,PUBLIC_GET_NO_AUTH,shared
WEB-0264,LINKED_RESOURCE,https://www.federalreserve.gov/releases/g17/20190815/g17_sup.txt,.txt,ASCII,table-link,1,PUBLIC_GET_NO_AUTH,shared
WEB-0264,LINKED_RESOURCE,https://www.federalreserve.gov/releases/g17/20190716/g17.pdf,.pdf,PDF,table-link,1,PUBLIC_GET_NO_AUTH,shared
WEB-0264,LINKED_RESOURCE,https://www.federalreserve.gov/releases/g17/20190716/g17.txt,.txt,ASCII,table-link,1,PUBLIC_GET_NO_AUTH,shared
WEB-0264,LINKED_RESOURCE,https://www.federalreserve.gov/releases/g17/20190716/g17_sup.pdf,.pdf,PDF,table-link,1,PUBLIC_GET_NO_AUTH,shared
WEB-0264,LINKED_RESOURCE,https://www.federalreserve.gov/releases/g17/20190716/g17_sup.txt,.txt,ASCII,table-link,1,PUBLIC_GET_NO_AUTH,shared
WEB-0264,LINKED_RESOURCE,https://www.federalreserve.gov/releases/g17/20190614/g17.pdf,.pdf,PDF,table-link,1,PUBLIC_GET_NO_AUTH,shared
WEB-0264,LINKED_RESOURCE,https://www.federalreserve.gov/releases/g17/20190614/g17.txt,.txt,ASCII,table-link,1,PUBLIC_GET_NO_AUTH,shared
WEB-0264,LINKED_RESOURCE,https://www.federalreserve.gov/releases/g17/20190614/g17_sup.pdf,.pdf,PDF,table-link,1,PUBLIC_GET_NO_AUTH,shared
WEB-0264,LINKED_RESOURCE,https://www.federalreserve.gov/releases/g17/20190614/g17_sup.txt,.txt,ASCII,table-link,1,PUBLIC_GET_NO_AUTH,shared
WEB-0264,LINKED_RESOURCE,https://www.federalreserve.gov/releases/g17/20190515/g17.pdf,.pdf,PDF,table-link,1,PUBLIC_GET_NO_AUTH,shared
WEB-0264,LINKED_RESOURCE,https://www.federalreserve.gov/releases/g17/20190515/g17.txt,.txt,ASCII,table-link,1,PUBLIC_GET_NO_AUTH,shared
WEB-0264,LINKED_RESOURCE,https://www.federalreserve.gov/releases/g17/20190515/g17_sup.pdf,.pdf,PDF,table-link,1,PUBLIC_GET_NO_AUTH,shared
WEB-0264,LINKED_RESOURCE,https://www.federalreserve.gov/releases/g17/20190515/g17_sup.txt,.txt,ASCII,table-link,1,PUBLIC_GET_NO_AUTH,shared
WEB-0264,LINKED_RESOURCE,https://www.federalreserve.gov/releases/g17/20190416/g17.pdf,.pdf,PDF,table-link,1,PUBLIC_GET_NO_AUTH,shared
WEB-0264,LINKED_RESOURCE,https://www.federalreserve.gov/releases/g17/20190416/g17.txt,.txt,ASCII,table-link,1,PUBLIC_GET_NO_AUTH,shared
WEB-0264,LINKED_RESOURCE,https://www.federalreserve.gov/releases/g17/20190416/g17_sup.pdf,.pdf,PDF,table-link,1,PUBLIC_GET_NO_AUTH,shared
WEB-0264,LINKED_RESOURCE,https://www.federalreserve.gov/releases/g17/20190416/g17_sup.txt,.txt,ASCII,table-link,1,PUBLIC_GET_NO_AUTH,shared
WEB-0264,LINKED_RESOURCE,https://www.federalreserve.gov/releases/g17/Revisions/20190327/g17rev.pdf,.pdf,PDF,table-link,1,PUBLIC_GET_NO_AUTH,shared
WEB-0264,LINKED_RESOURCE,https://www.federalreserve.gov/releases/g17/Revisions/20190327/g17rev.txt,.txt,ASCII,table-link,1,PUBLIC_GET_NO_AUTH,shared
WEB-0264,LINKED_RESOURCE,https://www.federalreserve.gov/releases/g17/20190315/g17.pdf,.pdf,PDF,table-link,1,PUBLIC_GET_NO_AUTH,shared
WEB-0264,LINKED_RESOURCE,https://www.federalreserve.gov/releases/g17/20190315/g17.txt,.txt,ASCII,table-link,1,PUBLIC_GET_NO_AUTH,shared
WEB-0264,LINKED_RESOURCE,https://www.federalreserve.gov/releases/g17/20190315/g17_sup.pdf,.pdf,PDF,table-link,1,PUBLIC_GET_NO_AUTH,shared
WEB-0264,LINKED_RESOURCE,https://www.federalreserve.gov/releases/g17/20190315/g17_sup.txt,.txt,ASCII,table-link,1,PUBLIC_GET_NO_AUTH,shared
WEB-0264,LINKED_RESOURCE,https://www.federalreserve.gov/releases/g17/20190215/g17.pdf,.pdf,PDF,table-link,1,PUBLIC_GET_NO_AUTH,shared
WEB-0264,LINKED_RESOURCE,https://www.federalreserve.gov/releases/g17/20190215/g17.txt,.txt,ASCII,table-link,1,PUBLIC_GET_NO_AUTH,shared
WEB-0264,LINKED_RESOURCE,https://www.federalreserve.gov/releases/g17/20190215/g17_sup.pdf,.pdf,PDF,table-link,1,PUBLIC_GET_NO_AUTH,shared
WEB-0264,LINKED_RESOURCE,https://www.federalreserve.gov/releases/g17/20190215/g17_sup.txt,.txt,ASCII,table-link,1,PUBLIC_GET_NO_AUTH,shared
WEB-0264,LINKED_RESOURCE,https://www.federalreserve.gov/releases/g17/20190118/g17.pdf,.pdf,PDF,table-link,1,PUBLIC_GET_NO_AUTH,shared
WEB-0264,LINKED_RESOURCE,https://www.federalreserve.gov/releases/g17/20190118/g17.txt,.txt,ASCII,table-link,1,PUBLIC_GET_NO_AUTH,shared
WEB-0264,LINKED_RESOURCE,https://www.federalreserve.gov/releases/g17/20190118/g17_sup.pdf,.pdf,PDF,table-link,1,PUBLIC_GET_NO_AUTH,shared
WEB-0264,LINKED_RESOURCE,https://www.federalreserve.gov/releases/g17/20190118/g17_sup.txt,.txt,ASCII,table-link,1,PUBLIC_GET_NO_AUTH,shared
WEB-0264,LINKED_RESOURCE,https://www.federalreserve.gov/releases/g17/20181214/g17.pdf,.pdf,PDF,table-link,1,PUBLIC_GET_NO_AUTH,shared
WEB-0264,LINKED_RESOURCE,https://www.federalreserve.gov/releases/g17/20181214/g17.txt,.txt,ASCII,table-link,1,PUBLIC_GET_NO_AUTH,shared
WEB-0264,LINKED_RESOURCE,https://www.federalreserve.gov/releases/g17/20181214/g17_sup.pdf,.pdf,PDF,table-link,1,PUBLIC_GET_NO_AUTH,shared
WEB-0264,LINKED_RESOURCE,https://www.federalreserve.gov/releases/g17/20181214/g17_sup.txt,.txt,ASCII,table-link,1,PUBLIC_GET_NO_AUTH,shared
WEB-0264,LINKED_RESOURCE,https://www.federalreserve.gov/releases/g17/20181116/g17.pdf,.pdf,PDF,table-link,1,PUBLIC_GET_NO_AUTH,shared
WEB-0264,LINKED_RESOURCE,https://www.federalreserve.gov/releases/g17/20181116/g17.txt,.txt,ASCII,table-link,1,PUBLIC_GET_NO_AUTH,shared
WEB-0264,LINKED_RESOURCE,https://www.federalreserve.gov/releases/g17/20181116/g17_sup.pdf,.pdf,PDF,table-link,1,PUBLIC_GET_NO_AUTH,shared
WEB-0264,LINKED_RESOURCE,https://www.federalreserve.gov/releases/g17/20181116/g17_sup.txt,.txt,ASCII,table-link,1,PUBLIC_GET_NO_AUTH,shared
WEB-0264,LINKED_RESOURCE,https://www.federalreserve.gov/releases/g17/20181016/g17.pdf,.pdf,PDF,table-link,1,PUBLIC_GET_NO_AUTH,shared
WEB-0264,LINKED_RESOURCE,https://www.federalreserve.gov/releases/g17/20181016/g17.txt,.txt,ASCII,table-link,1,PUBLIC_GET_NO_AUTH,shared
WEB-0264,LINKED_RESOURCE,https://www.federalreserve.gov/releases/g17/20181016/g17_sup.pdf,.pdf,PDF,table-link,1,PUBLIC_GET_NO_AUTH,shared
WEB-0264,LINKED_RESOURCE,https://www.federalreserve.gov/releases/g17/20181016/g17_sup.txt,.txt,ASCII,table-link,1,PUBLIC_GET_NO_AUTH,shared
WEB-0264,LINKED_RESOURCE,https://www.federalreserve.gov/releases/g17/20180914/g17.pdf,.pdf,PDF,table-link,1,PUBLIC_GET_NO_AUTH,shared
WEB-0264,LINKED_RESOURCE,https://www.federalreserve.gov/releases/g17/20180914/g17.txt,.txt,ASCII,table-link,1,PUBLIC_GET_NO_AUTH,shared
WEB-0264,LINKED_RESOURCE,https://www.federalreserve.gov/releases/g17/20180914/g17_sup.pdf,.pdf,PDF,table-link,1,PUBLIC_GET_NO_AUTH,shared
WEB-0264,LINKED_RESOURCE,https://www.federalreserve.gov/releases/g17/20180914/g17_sup.txt,.txt,ASCII,table-link,1,PUBLIC_GET_NO_AUTH,shared
WEB-0264,LINKED_RESOURCE,https://www.federalreserve.gov/releases/g17/20180815/g17.pdf,.pdf,PDF,table-link,1,PUBLIC_GET_NO_AUTH,shared
WEB-0264,LINKED_RESOURCE,https://www.federalreserve.gov/releases/g17/20180815/g17.txt,.txt,ASCII,table-link,1,PUBLIC_GET_NO_AUTH,shared
WEB-0264,LINKED_RESOURCE,https://www.federalreserve.gov/releases/g17/20180815/g17_sup.pdf,.pdf,PDF,table-link,1,PUBLIC_GET_NO_AUTH,shared
WEB-0264,LINKED_RESOURCE,https://www.federalreserve.gov/releases/g17/20180815/g17_sup.txt,.txt,ASCII,table-link,1,PUBLIC_GET_NO_AUTH,shared
WEB-0264,LINKED_RESOURCE,https://www.federalreserve.gov/releases/g17/20180717/g17.pdf,.pdf,PDF,table-link,1,PUBLIC_GET_NO_AUTH,shared
WEB-0264,LINKED_RESOURCE,https://www.federalreserve.gov/releases/g17/20180717/g17.txt,.txt,ASCII,table-link,1,PUBLIC_GET_NO_AUTH,shared
WEB-0264,LINKED_RESOURCE,https://www.federalreserve.gov/releases/g17/20180717/g17_sup.pdf,.pdf,PDF,table-link,1,PUBLIC_GET_NO_AUTH,shared
WEB-0264,LINKED_RESOURCE,https://www.federalreserve.gov/releases/g17/20180717/g17_sup.txt,.txt,ASCII,table-link,1,PUBLIC_GET_NO_AUTH,shared
WEB-0264,LINKED_RESOURCE,https://www.federalreserve.gov/releases/g17/20180615/g17.pdf,.pdf,PDF,table-link,1,PUBLIC_GET_NO_AUTH,shared
WEB-0264,LINKED_RESOURCE,https://www.federalreserve.gov/releases/g17/20180615/g17.txt,.txt,ASCII,table-link,1,PUBLIC_GET_NO_AUTH,shared
WEB-0264,LINKED_RESOURCE,https://www.federalreserve.gov/releases/g17/20180615/g17_sup.pdf,.pdf,PDF,table-link,1,PUBLIC_GET_NO_AUTH,shared
WEB-0264,LINKED_RESOURCE,https://www.federalreserve.gov/releases/g17/20180615/g17_sup.txt,.txt,ASCII,table-link,1,PUBLIC_GET_NO_AUTH,shared
WEB-0264,LINKED_RESOURCE,https://www.federalreserve.gov/releases/g17/20180516/g17.pdf,.pdf,PDF,table-link,1,PUBLIC_GET_NO_AUTH,shared
WEB-0264,LINKED_RESOURCE,https://www.federalreserve.gov/releases/g17/20180516/g17.txt,.txt,ASCII,table-link,1,PUBLIC_GET_NO_AUTH,shared
WEB-0264,LINKED_RESOURCE,https://www.federalreserve.gov/releases/g17/20180516/g17_sup.pdf,.pdf,PDF,table-link,1,PUBLIC_GET_NO_AUTH,shared
WEB-0264,LINKED_RESOURCE,https://www.federalreserve.gov/releases/g17/20180516/g17_sup.txt,.txt,ASCII,table-link,1,PUBLIC_GET_NO_AUTH,shared
WEB-0264,LINKED_RESOURCE,https://www.federalreserve.gov/releases/g17/20180417/g17.pdf,.pdf,PDF,table-link,1,PUBLIC_GET_NO_AUTH,shared
WEB-0264,LINKED_RESOURCE,https://www.federalreserve.gov/releases/g17/20180417/g17.txt,.txt,ASCII,table-link,1,PUBLIC_GET_NO_AUTH,shared
WEB-0264,LINKED_RESOURCE,https://www.federalreserve.gov/releases/g17/20180417/g17_sup.pdf,.pdf,PDF,table-link,1,PUBLIC_GET_NO_AUTH,shared
WEB-0264,LINKED_RESOURCE,https://www.federalreserve.gov/releases/g17/20180417/g17_sup.txt,.txt,ASCII,table-link,1,PUBLIC_GET_NO_AUTH,shared
WEB-0264,LINKED_RESOURCE,https://www.federalreserve.gov/releases/g17/Revisions/20180323/g17rev.pdf,.pdf,PDF,table-link,1,PUBLIC_GET_NO_AUTH,shared
WEB-0264,LINKED_RESOURCE,https://www.federalreserve.gov/releases/g17/Revisions/20180323/g17rev.txt,.txt,ASCII,table-link,1,PUBLIC_GET_NO_AUTH,shared
WEB-0264,LINKED_RESOURCE,https://www.federalreserve.gov/releases/g17/20180316/g17.pdf,.pdf,PDF,table-link,1,PUBLIC_GET_NO_AUTH,shared
WEB-0264,LINKED_RESOURCE,https://www.federalreserve.gov/releases/g17/20180316/g17.txt,.txt,ASCII,table-link,1,PUBLIC_GET_NO_AUTH,shared
WEB-0264,LINKED_RESOURCE,https://www.federalreserve.gov/releases/g17/20180316/g17_sup.pdf,.pdf,PDF,table-link,1,PUBLIC_GET_NO_AUTH,shared
WEB-0264,LINKED_RESOURCE,https://www.federalreserve.gov/releases/g17/20180316/g17_sup.txt,.txt,ASCII,table-link,1,PUBLIC_GET_NO_AUTH,shared
WEB-0264,LINKED_RESOURCE,https://www.federalreserve.gov/releases/g17/20180215/g17.pdf,.pdf,PDF,table-link,1,PUBLIC_GET_NO_AUTH,shared
WEB-0264,LINKED_RESOURCE,https://www.federalreserve.gov/releases/g17/20180215/g17.txt,.txt,ASCII,table-link,1,PUBLIC_GET_NO_AUTH,shared
WEB-0264,LINKED_RESOURCE,https://www.federalreserve.gov/releases/g17/20180215/g17_sup.pdf,.pdf,PDF,table-link,1,PUBLIC_GET_NO_AUTH,shared
WEB-0264,LINKED_RESOURCE,https://www.federalreserve.gov/releases/g17/20180215/g17_sup.txt,.txt,ASCII,table-link,1,PUBLIC_GET_NO_AUTH,shared
WEB-0264,LINKED_RESOURCE,https://www.federalreserve.gov/releases/g17/20180117/g17.pdf,.pdf,PDF,table-link,1,PUBLIC_GET_NO_AUTH,shared
WEB-0264,LINKED_RESOURCE,https://www.federalreserve.gov/releases/g17/20180117/g17.txt,.txt,ASCII,table-link,1,PUBLIC_GET_NO_AUTH,shared
WEB-0264,LINKED_RESOURCE,https://www.federalreserve.gov/releases/g17/20180117/g17_sup.pdf,.pdf,PDF,table-link,1,PUBLIC_GET_NO_AUTH,shared
WEB-0264,LINKED_RESOURCE,https://www.federalreserve.gov/releases/g17/20180117/g17_sup.txt,.txt,ASCII,table-link,1,PUBLIC_GET_NO_AUTH,shared
WEB-0264,LINKED_RESOURCE,https://www.federalreserve.gov/releases/g17/20171215/g17.pdf,.pdf,PDF,table-link,1,PUBLIC_GET_NO_AUTH,shared
WEB-0264,LINKED_RESOURCE,https://www.federalreserve.gov/releases/g17/20171215/g17.txt,.txt,ASCII,table-link,1,PUBLIC_GET_NO_AUTH,shared
WEB-0264,LINKED_RESOURCE,https://www.federalreserve.gov/releases/g17/20171215/g17_sup.pdf,.pdf,PDF,table-link,1,PUBLIC_GET_NO_AUTH,shared
WEB-0264,LINKED_RESOURCE,https://www.federalreserve.gov/releases/g17/20171215/g17_sup.txt,.txt,ASCII,table-link,1,PUBLIC_GET_NO_AUTH,shared
WEB-0264,LINKED_RESOURCE,https://www.federalreserve.gov/releases/g17/20171116/g17.pdf,.pdf,PDF,table-link,1,PUBLIC_GET_NO_AUTH,shared
WEB-0264,LINKED_RESOURCE,https://www.federalreserve.gov/releases/g17/20171116/g17.txt,.txt,ASCII,table-link,1,PUBLIC_GET_NO_AUTH,shared
WEB-0264,LINKED_RESOURCE,https://www.federalreserve.gov/releases/g17/20171116/g17_sup.pdf,.pdf,PDF,table-link,1,PUBLIC_GET_NO_AUTH,shared
WEB-0264,LINKED_RESOURCE,https://www.federalreserve.gov/releases/g17/20171116/g17_sup.txt,.txt,ASCII,table-link,1,PUBLIC_GET_NO_AUTH,shared
WEB-0264,LINKED_RESOURCE,https://www.federalreserve.gov/releases/g17/20171017/g17.pdf,.pdf,PDF,table-link,1,PUBLIC_GET_NO_AUTH,shared
WEB-0264,LINKED_RESOURCE,https://www.federalreserve.gov/releases/g17/20171017/g17.txt,.txt,ASCII,table-link,1,PUBLIC_GET_NO_AUTH,shared
WEB-0264,LINKED_RESOURCE,https://www.federalreserve.gov/releases/g17/20171017/g17_sup.pdf,.pdf,PDF,table-link,1,PUBLIC_GET_NO_AUTH,shared
WEB-0264,LINKED_RESOURCE,https://www.federalreserve.gov/releases/g17/20171017/g17_sup.txt,.txt,ASCII,table-link,1,PUBLIC_GET_NO_AUTH,shared
WEB-0264,LINKED_RESOURCE,https://www.federalreserve.gov/releases/g17/20170915/g17.pdf,.pdf,PDF,table-link,1,PUBLIC_GET_NO_AUTH,shared
WEB-0264,LINKED_RESOURCE,https://www.federalreserve.gov/releases/g17/20170915/g17.txt,.txt,ASCII,table-link,1,PUBLIC_GET_NO_AUTH,shared
WEB-0264,LINKED_RESOURCE,https://www.federalreserve.gov/releases/g17/20170915/g17_sup.pdf,.pdf,PDF,table-link,1,PUBLIC_GET_NO_AUTH,shared
WEB-0264,LINKED_RESOURCE,https://www.federalreserve.gov/releases/g17/20170915/g17_sup.txt,.txt,ASCII,table-link,1,PUBLIC_GET_NO_AUTH,shared
WEB-0264,LINKED_RESOURCE,https://www.federalreserve.gov/releases/g17/20170817/g17.pdf,.pdf,PDF,table-link,1,PUBLIC_GET_NO_AUTH,shared
WEB-0264,LINKED_RESOURCE,https://www.federalreserve.gov/releases/g17/20170817/g17.txt,.txt,ASCII,table-link,1,PUBLIC_GET_NO_AUTH,shared
WEB-0264,LINKED_RESOURCE,https://www.federalreserve.gov/releases/g17/20170817/g17_sup.pdf,.pdf,PDF,table-link,1,PUBLIC_GET_NO_AUTH,shared
WEB-0264,LINKED_RESOURCE,https://www.federalreserve.gov/releases/g17/20170817/g17_sup.txt,.txt,ASCII,table-link,1,PUBLIC_GET_NO_AUTH,shared
WEB-0264,LINKED_RESOURCE,https://www.federalreserve.gov/releases/g17/20170714/g17.pdf,.pdf,PDF,table-link,1,PUBLIC_GET_NO_AUTH,shared
WEB-0264,LINKED_RESOURCE,https://www.federalreserve.gov/releases/g17/20170714/g17.txt,.txt,ASCII,table-link,1,PUBLIC_GET_NO_AUTH,shared
WEB-0264,LINKED_RESOURCE,https://www.federalreserve.gov/releases/g17/20170714/g17_sup.pdf,.pdf,PDF,table-link,1,PUBLIC_GET_NO_AUTH,shared
WEB-0264,LINKED_RESOURCE,https://www.federalreserve.gov/releases/g17/20170714/g17_sup.txt,.txt,ASCII,table-link,1,PUBLIC_GET_NO_AUTH,shared
WEB-0264,LINKED_RESOURCE,https://www.federalreserve.gov/releases/g17/20170615/g17.pdf,.pdf,PDF,table-link,1,PUBLIC_GET_NO_AUTH,shared
WEB-0264,LINKED_RESOURCE,https://www.federalreserve.gov/releases/g17/20170615/g17.txt,.txt,ASCII,table-link,1,PUBLIC_GET_NO_AUTH,shared
WEB-0264,LINKED_RESOURCE,https://www.federalreserve.gov/releases/g17/20170615/g17_sup.pdf,.pdf,PDF,table-link,1,PUBLIC_GET_NO_AUTH,shared
WEB-0264,LINKED_RESOURCE,https://www.federalreserve.gov/releases/g17/20170615/g17_sup.txt,.txt,ASCII,table-link,1,PUBLIC_GET_NO_AUTH,shared
WEB-0264,LINKED_RESOURCE,https://www.federalreserve.gov/releases/g17/20170516/g17.pdf,.pdf,PDF,table-link,1,PUBLIC_GET_NO_AUTH,shared
WEB-0264,LINKED_RESOURCE,https://www.federalreserve.gov/releases/g17/20170516/g17.txt,.txt,ASCII,table-link,1,PUBLIC_GET_NO_AUTH,shared
WEB-0264,LINKED_RESOURCE,https://www.federalreserve.gov/releases/g17/20170516/g17_sup.pdf,.pdf,PDF,table-link,1,PUBLIC_GET_NO_AUTH,shared
WEB-0264,LINKED_RESOURCE,https://www.federalreserve.gov/releases/g17/20170516/g17_sup.txt,.txt,ASCII,table-link,1,PUBLIC_GET_NO_AUTH,shared
WEB-0264,LINKED_RESOURCE,https://www.federalreserve.gov/releases/g17/20170418/g17.pdf,.pdf,PDF,table-link,1,PUBLIC_GET_NO_AUTH,shared
WEB-0264,LINKED_RESOURCE,https://www.federalreserve.gov/releases/g17/20170418/g17.txt,.txt,ASCII,table-link,1,PUBLIC_GET_NO_AUTH,shared
WEB-0264,LINKED_RESOURCE,https://www.federalreserve.gov/releases/g17/20170418/g17_sup.pdf,.pdf,PDF,table-link,1,PUBLIC_GET_NO_AUTH,shared
WEB-0264,LINKED_RESOURCE,https://www.federalreserve.gov/releases/g17/20170418/g17_sup.txt,.txt,ASCII,table-link,1,PUBLIC_GET_NO_AUTH,shared
WEB-0264,LINKED_RESOURCE,https://www.federalreserve.gov/releases/g17/Revisions/20170331/g17rev.pdf,.pdf,PDF,table-link,1,PUBLIC_GET_NO_AUTH,shared
WEB-0264,LINKED_RESOURCE,https://www.federalreserve.gov/releases/g17/revisions/20170331/g17rev.txt,.txt,ASCII,table-link,1,PUBLIC_GET_NO_AUTH,shared
WEB-0264,LINKED_RESOURCE,https://www.federalreserve.gov/releases/g17/20170317/g17.pdf,.pdf,PDF,table-link,1,PUBLIC_GET_NO_AUTH,shared
WEB-0264,LINKED_RESOURCE,https://www.federalreserve.gov/releases/g17/20170317/g17.txt,.txt,ASCII,table-link,1,PUBLIC_GET_NO_AUTH,shared
WEB-0264,LINKED_RESOURCE,https://www.federalreserve.gov/releases/g17/20170317/g17_sup.pdf,.pdf,PDF,table-link,1,PUBLIC_GET_NO_AUTH,shared
WEB-0264,LINKED_RESOURCE,https://www.federalreserve.gov/releases/g17/20170317/g17_sup.txt,.txt,ASCII,table-link,1,PUBLIC_GET_NO_AUTH,shared
WEB-0264,LINKED_RESOURCE,https://www.federalreserve.gov/releases/g17/20170215/g17.pdf,.pdf,PDF,table-link,1,PUBLIC_GET_NO_AUTH,shared
WEB-0264,LINKED_RESOURCE,https://www.federalreserve.gov/releases/g17/20170215/g17.txt,.txt,ASCII,table-link,1,PUBLIC_GET_NO_AUTH,shared
WEB-0264,LINKED_RESOURCE,https://www.federalreserve.gov/releases/g17/20170215/g17_sup.pdf,.pdf,PDF,table-link,1,PUBLIC_GET_NO_AUTH,shared
WEB-0264,LINKED_RESOURCE,https://www.federalreserve.gov/releases/g17/20170215/g17_sup.txt,.txt,ASCII,table-link,1,PUBLIC_GET_NO_AUTH,shared
WEB-0264,LINKED_RESOURCE,https://www.federalreserve.gov/releases/g17/20170118/g17.pdf,.pdf,PDF,table-link,1,PUBLIC_GET_NO_AUTH,shared
WEB-0264,LINKED_RESOURCE,https://www.federalreserve.gov/releases/g17/20170118/g17.txt,.txt,ASCII,table-link,1,PUBLIC_GET_NO_AUTH,shared
WEB-0264,LINKED_RESOURCE,https://www.federalreserve.gov/releases/g17/20170118/g17_sup.pdf,.pdf,PDF,table-link,1,PUBLIC_GET_NO_AUTH,shared
WEB-0264,LINKED_RESOURCE,https://www.federalreserve.gov/releases/g17/20170118/g17_sup.txt,.txt,ASCII,table-link,1,PUBLIC_GET_NO_AUTH,shared
WEB-0264,LINKED_RESOURCE,https://www.federalreserve.gov/releases/g17/20161214/g17.pdf,.pdf,PDF,table-link,1,PUBLIC_GET_NO_AUTH,shared
WEB-0264,LINKED_RESOURCE,https://www.federalreserve.gov/releases/g17/20161214/g17.txt,.txt,ASCII,table-link,1,PUBLIC_GET_NO_AUTH,shared
WEB-0264,LINKED_RESOURCE,https://www.federalreserve.gov/releases/g17/20161214/g17_sup.pdf,.pdf,PDF,table-link,1,PUBLIC_GET_NO_AUTH,shared
WEB-0264,LINKED_RESOURCE,https://www.federalreserve.gov/releases/g17/20161214/g17_sup.txt,.txt,ASCII,table-link,1,PUBLIC_GET_NO_AUTH,shared
WEB-0264,LINKED_RESOURCE,https://www.federalreserve.gov/releases/g17/20161116/g17.pdf,.pdf,PDF,table-link,1,PUBLIC_GET_NO_AUTH,shared
WEB-0264,LINKED_RESOURCE,https://www.federalreserve.gov/releases/g17/20161116/g17.txt,.txt,ASCII,table-link,1,PUBLIC_GET_NO_AUTH,shared
WEB-0264,LINKED_RESOURCE,https://www.federalreserve.gov/releases/g17/20161116/g17_sup.pdf,.pdf,PDF,table-link,1,PUBLIC_GET_NO_AUTH,shared
WEB-0264,LINKED_RESOURCE,https://www.federalreserve.gov/releases/g17/20161116/g17_sup.txt,.txt,ASCII,table-link,1,PUBLIC_GET_NO_AUTH,shared
WEB-0264,LINKED_RESOURCE,https://www.federalreserve.gov/releases/g17/20161017/g17.pdf,.pdf,PDF,table-link,1,PUBLIC_GET_NO_AUTH,shared
WEB-0264,LINKED_RESOURCE,https://www.federalreserve.gov/releases/g17/20161017/g17.txt,.txt,ASCII,table-link,1,PUBLIC_GET_NO_AUTH,shared
WEB-0264,LINKED_RESOURCE,https://www.federalreserve.gov/releases/g17/20161017/g17_sup.pdf,.pdf,PDF,table-link,1,PUBLIC_GET_NO_AUTH,shared
WEB-0264,LINKED_RESOURCE,https://www.federalreserve.gov/releases/g17/20161017/g17_sup.txt,.txt,ASCII,table-link,1,PUBLIC_GET_NO_AUTH,shared
WEB-0264,LINKED_RESOURCE,https://www.federalreserve.gov/releases/g17/20160915/g17.pdf,.pdf,PDF,table-link,1,PUBLIC_GET_NO_AUTH,shared
WEB-0264,LINKED_RESOURCE,https://www.federalreserve.gov/releases/g17/20160915/g17.txt,.txt,ASCII,table-link,1,PUBLIC_GET_NO_AUTH,shared
WEB-0264,LINKED_RESOURCE,https://www.federalreserve.gov/releases/g17/20160915/g17_sup.pdf,.pdf,PDF,table-link,1,PUBLIC_GET_NO_AUTH,shared
WEB-0264,LINKED_RESOURCE,https://www.federalreserve.gov/releases/g17/20160915/g17_sup.txt,.txt,ASCII,table-link,1,PUBLIC_GET_NO_AUTH,shared
WEB-0264,LINKED_RESOURCE,https://www.federalreserve.gov/releases/g17/20160816/g17.pdf,.pdf,PDF,table-link,1,PUBLIC_GET_NO_AUTH,shared
WEB-0264,LINKED_RESOURCE,https://www.federalreserve.gov/releases/g17/20160816/g17.txt,.txt,ASCII,table-link,1,PUBLIC_GET_NO_AUTH,shared
WEB-0264,LINKED_RESOURCE,https://www.federalreserve.gov/releases/g17/20160816/g17_sup.pdf,.pdf,PDF,table-link,1,PUBLIC_GET_NO_AUTH,shared
WEB-0264,LINKED_RESOURCE,https://www.federalreserve.gov/releases/g17/20160816/g17_sup.txt,.txt,ASCII,table-link,1,PUBLIC_GET_NO_AUTH,shared
WEB-0264,LINKED_RESOURCE,https://www.federalreserve.gov/releases/g17/20160715/g17.pdf,.pdf,PDF,table-link,1,PUBLIC_GET_NO_AUTH,shared
WEB-0264,LINKED_RESOURCE,https://www.federalreserve.gov/releases/g17/20160715/g17.txt,.txt,ASCII,table-link,1,PUBLIC_GET_NO_AUTH,shared
WEB-0264,LINKED_RESOURCE,https://www.federalreserve.gov/releases/g17/20160715/g17_sup.pdf,.pdf,PDF,table-link,1,PUBLIC_GET_NO_AUTH,shared
WEB-0264,LINKED_RESOURCE,https://www.federalreserve.gov/releases/g17/20160715/g17_sup.txt,.txt,ASCII,table-link,1,PUBLIC_GET_NO_AUTH,shared
WEB-0264,LINKED_RESOURCE,https://www.federalreserve.gov/releases/g17/20160615/g17.pdf,.pdf,PDF,table-link,1,PUBLIC_GET_NO_AUTH,shared
WEB-0264,LINKED_RESOURCE,https://www.federalreserve.gov/releases/g17/20160615/g17.txt,.txt,ASCII,table-link,1,PUBLIC_GET_NO_AUTH,shared
WEB-0264,LINKED_RESOURCE,https://www.federalreserve.gov/releases/g17/20160615/g17_sup.pdf,.pdf,PDF,table-link,1,PUBLIC_GET_NO_AUTH,shared
WEB-0264,LINKED_RESOURCE,https://www.federalreserve.gov/releases/g17/20160615/g17_sup.txt,.txt,ASCII,table-link,1,PUBLIC_GET_NO_AUTH,shared
WEB-0264,LINKED_RESOURCE,https://www.federalreserve.gov/releases/g17/20160517/g17.pdf,.pdf,PDF,table-link,1,PUBLIC_GET_NO_AUTH,shared
WEB-0264,LINKED_RESOURCE,https://www.federalreserve.gov/releases/g17/20160517/g17.txt,.txt,ASCII,table-link,1,PUBLIC_GET_NO_AUTH,shared
WEB-0264,LINKED_RESOURCE,https://www.federalreserve.gov/releases/g17/20160517/g17_sup.pdf,.pdf,PDF,table-link,1,PUBLIC_GET_NO_AUTH,shared
WEB-0264,LINKED_RESOURCE,https://www.federalreserve.gov/releases/g17/20160517/g17_sup.txt,.txt,ASCII,table-link,1,PUBLIC_GET_NO_AUTH,shared
WEB-0264,LINKED_RESOURCE,https://www.federalreserve.gov/releases/g17/20160415/g17.pdf,.pdf,PDF,table-link,1,PUBLIC_GET_NO_AUTH,shared
WEB-0264,LINKED_RESOURCE,https://www.federalreserve.gov/releases/g17/20160415/g17.txt,.txt,ASCII,table-link,1,PUBLIC_GET_NO_AUTH,shared
WEB-0264,LINKED_RESOURCE,https://www.federalreserve.gov/releases/g17/20160415/g17_sup.pdf,.pdf,PDF,table-link,1,PUBLIC_GET_NO_AUTH,shared
WEB-0264,LINKED_RESOURCE,https://www.federalreserve.gov/releases/g17/20160415/g17_sup.txt,.txt,ASCII,table-link,1,PUBLIC_GET_NO_AUTH,shared
WEB-0264,LINKED_RESOURCE,https://www.federalreserve.gov/releases/g17/Revisions/20160401/g17rev.pdf,.pdf,PDF,table-link,1,PUBLIC_GET_NO_AUTH,shared
WEB-0264,LINKED_RESOURCE,https://www.federalreserve.gov/releases/g17/Revisions/20160401/g17rev.txt,.txt,ASCII,table-link,1,PUBLIC_GET_NO_AUTH,shared
WEB-0264,LINKED_RESOURCE,https://www.federalreserve.gov/releases/g17/20160316/g17.pdf,.pdf,PDF,table-link,1,PUBLIC_GET_NO_AUTH,shared
WEB-0264,LINKED_RESOURCE,https://www.federalreserve.gov/releases/g17/20160316/g17.txt,.txt,ASCII,table-link,1,PUBLIC_GET_NO_AUTH,shared
WEB-0264,LINKED_RESOURCE,https://www.federalreserve.gov/releases/g17/20160316/g17_sup.pdf,.pdf,PDF,table-link,1,PUBLIC_GET_NO_AUTH,shared
WEB-0264,LINKED_RESOURCE,https://www.federalreserve.gov/releases/g17/20160316/g17_sup.txt,.txt,ASCII,table-link,1,PUBLIC_GET_NO_AUTH,shared
WEB-0264,LINKED_RESOURCE,https://www.federalreserve.gov/releases/g17/20160217/g17.pdf,.pdf,PDF,table-link,1,PUBLIC_GET_NO_AUTH,shared
WEB-0264,LINKED_RESOURCE,https://www.federalreserve.gov/releases/g17/20160217/g17.txt,.txt,ASCII,table-link,1,PUBLIC_GET_NO_AUTH,shared
WEB-0264,LINKED_RESOURCE,https://www.federalreserve.gov/releases/g17/20160217/g17_sup.pdf,.pdf,PDF,table-link,1,PUBLIC_GET_NO_AUTH,shared
WEB-0264,LINKED_RESOURCE,https://www.federalreserve.gov/releases/g17/20160217/g17_sup.txt,.txt,ASCII,table-link,1,PUBLIC_GET_NO_AUTH,shared
WEB-0264,LINKED_RESOURCE,https://www.federalreserve.gov/releases/g17/20160115/g17.pdf,.pdf,PDF,table-link,1,PUBLIC_GET_NO_AUTH,shared
WEB-0264,LINKED_RESOURCE,https://www.federalreserve.gov/releases/g17/20160115/g17.txt,.txt,ASCII,table-link,1,PUBLIC_GET_NO_AUTH,shared
WEB-0264,LINKED_RESOURCE,https://www.federalreserve.gov/releases/g17/20160115/g17_sup.pdf,.pdf,PDF,table-link,1,PUBLIC_GET_NO_AUTH,shared
WEB-0264,LINKED_RESOURCE,https://www.federalreserve.gov/releases/g17/20160115/g17_sup.txt,.txt,ASCII,table-link,1,PUBLIC_GET_NO_AUTH,shared
WEB-0264,LINKED_RESOURCE,https://www.federalreserve.gov/releases/g17/20151216/g17.pdf,.pdf,PDF,table-link,1,PUBLIC_GET_NO_AUTH,shared
WEB-0264,LINKED_RESOURCE,https://www.federalreserve.gov/releases/g17/20151216/g17.txt,.txt,ASCII,table-link,1,PUBLIC_GET_NO_AUTH,shared
WEB-0264,LINKED_RESOURCE,https://www.federalreserve.gov/releases/g17/20151216/g17_sup.pdf,.pdf,PDF,table-link,1,PUBLIC_GET_NO_AUTH,shared
WEB-0264,LINKED_RESOURCE,https://www.federalreserve.gov/releases/g17/20151216/g17_sup.txt,.txt,ASCII,table-link,1,PUBLIC_GET_NO_AUTH,shared
WEB-0264,LINKED_RESOURCE,https://www.federalreserve.gov/releases/g17/20151117/g17.pdf,.pdf,PDF,table-link,1,PUBLIC_GET_NO_AUTH,shared
WEB-0264,LINKED_RESOURCE,https://www.federalreserve.gov/releases/g17/20151117/g17.txt,.txt,ASCII,table-link,1,PUBLIC_GET_NO_AUTH,shared
WEB-0264,LINKED_RESOURCE,https://www.federalreserve.gov/releases/g17/20151117/g17_sup.pdf,.pdf,PDF,table-link,1,PUBLIC_GET_NO_AUTH,shared
WEB-0264,LINKED_RESOURCE,https://www.federalreserve.gov/releases/g17/20151117/g17_sup.txt,.txt,ASCII,table-link,1,PUBLIC_GET_NO_AUTH,shared
WEB-0264,LINKED_RESOURCE,https://www.federalreserve.gov/releases/g17/20151016/g17.pdf,.pdf,PDF,table-link,1,PUBLIC_GET_NO_AUTH,shared
WEB-0264,LINKED_RESOURCE,https://www.federalreserve.gov/releases/g17/20151016/g17.txt,.txt,ASCII,table-link,1,PUBLIC_GET_NO_AUTH,shared
WEB-0264,LINKED_RESOURCE,https://www.federalreserve.gov/releases/g17/20151016/g17_sup.pdf,.pdf,PDF,table-link,1,PUBLIC_GET_NO_AUTH,shared
WEB-0264,LINKED_RESOURCE,https://www.federalreserve.gov/releases/g17/20151016/g17_sup.txt,.txt,ASCII,table-link,1,PUBLIC_GET_NO_AUTH,shared
WEB-0264,LINKED_RESOURCE,https://www.federalreserve.gov/releases/g17/20150915/g17.pdf,.pdf,PDF,table-link,1,PUBLIC_GET_NO_AUTH,shared
WEB-0264,LINKED_RESOURCE,https://www.federalreserve.gov/releases/g17/20150915/g17.txt,.txt,ASCII,table-link,1,PUBLIC_GET_NO_AUTH,shared
WEB-0264,LINKED_RESOURCE,https://www.federalreserve.gov/releases/g17/20150915/g17_sup.pdf,.pdf,PDF,table-link,1,PUBLIC_GET_NO_AUTH,shared
WEB-0264,LINKED_RESOURCE,https://www.federalreserve.gov/releases/g17/20150915/g17_sup.txt,.txt,ASCII,table-link,1,PUBLIC_GET_NO_AUTH,shared
WEB-0264,LINKED_RESOURCE,https://www.federalreserve.gov/releases/g17/20150814/g17.pdf,.pdf,PDF,table-link,1,PUBLIC_GET_NO_AUTH,shared
WEB-0264,LINKED_RESOURCE,https://www.federalreserve.gov/releases/g17/20150814/g17.txt,.txt,ASCII,table-link,1,PUBLIC_GET_NO_AUTH,shared
WEB-0264,LINKED_RESOURCE,https://www.federalreserve.gov/releases/g17/20150814/g17_sup.pdf,.pdf,PDF,table-link,1,PUBLIC_GET_NO_AUTH,shared
WEB-0264,LINKED_RESOURCE,https://www.federalreserve.gov/releases/g17/20150814/g17_sup.txt,.txt,ASCII,table-link,1,PUBLIC_GET_NO_AUTH,shared
WEB-0264,LINKED_RESOURCE,https://www.federalreserve.gov/releases/g17/revisions/20150721/g17rev.pdf,.pdf,PDF,table-link,1,PUBLIC_GET_NO_AUTH,shared
WEB-0264,LINKED_RESOURCE,https://www.federalreserve.gov/releases/g17/revisions/20150721/g17rev.txt,.txt,ASCII,table-link,1,PUBLIC_GET_NO_AUTH,shared
WEB-0264,LINKED_RESOURCE,https://www.federalreserve.gov/releases/g17/20150715/g17.pdf,.pdf,PDF,table-link,1,PUBLIC_GET_NO_AUTH,shared
WEB-0264,LINKED_RESOURCE,https://www.federalreserve.gov/releases/g17/20150715/g17.txt,.txt,ASCII,table-link,1,PUBLIC_GET_NO_AUTH,shared
WEB-0264,LINKED_RESOURCE,https://www.federalreserve.gov/releases/g17/20150715/g17_sup.pdf,.pdf,PDF,table-link,1,PUBLIC_GET_NO_AUTH,shared
WEB-0264,LINKED_RESOURCE,https://www.federalreserve.gov/releases/g17/20150715/g17_sup.txt,.txt,ASCII,table-link,1,PUBLIC_GET_NO_AUTH,shared
WEB-0264,LINKED_RESOURCE,https://www.federalreserve.gov/releases/g17/20150615/g17.pdf,.pdf,PDF,table-link,1,PUBLIC_GET_NO_AUTH,shared
WEB-0264,LINKED_RESOURCE,https://www.federalreserve.gov/releases/g17/20150615/g17.txt,.txt,ASCII,table-link,1,PUBLIC_GET_NO_AUTH,shared
WEB-0264,LINKED_RESOURCE,https://www.federalreserve.gov/releases/g17/20150615/g17_sup.pdf,.pdf,PDF,table-link,1,PUBLIC_GET_NO_AUTH,shared
WEB-0264,LINKED_RESOURCE,https://www.federalreserve.gov/releases/g17/20150615/g17_sup.txt,.txt,ASCII,table-link,1,PUBLIC_GET_NO_AUTH,shared
WEB-0264,LINKED_RESOURCE,https://www.federalreserve.gov/releases/g17/20150515/g17.pdf,.pdf,PDF,table-link,1,PUBLIC_GET_NO_AUTH,shared
WEB-0264,LINKED_RESOURCE,https://www.federalreserve.gov/releases/g17/20150515/g17.txt,.txt,ASCII,table-link,1,PUBLIC_GET_NO_AUTH,shared
WEB-0264,LINKED_RESOURCE,https://www.federalreserve.gov/releases/g17/20150515/g17_sup.pdf,.pdf,PDF,table-link,1,PUBLIC_GET_NO_AUTH,shared
WEB-0264,LINKED_RESOURCE,https://www.federalreserve.gov/releases/g17/20150515/g17_sup.txt,.txt,ASCII,table-link,1,PUBLIC_GET_NO_AUTH,shared
WEB-0264,LINKED_RESOURCE,https://www.federalreserve.gov/releases/g17/20150415/g17.pdf,.pdf,PDF,table-link,1,PUBLIC_GET_NO_AUTH,shared
WEB-0264,LINKED_RESOURCE,https://www.federalreserve.gov/releases/g17/20150415/g17.txt,.txt,ASCII,table-link,1,PUBLIC_GET_NO_AUTH,shared
WEB-0264,LINKED_RESOURCE,https://www.federalreserve.gov/releases/g17/20150415/g17_sup.pdf,.pdf,PDF,table-link,1,PUBLIC_GET_NO_AUTH,shared
WEB-0264,LINKED_RESOURCE,https://www.federalreserve.gov/releases/g17/20150415/g17_sup.txt,.txt,ASCII,table-link,1,PUBLIC_GET_NO_AUTH,shared
WEB-0264,LINKED_RESOURCE,https://www.federalreserve.gov/releases/g17/20150316/g17.pdf,.pdf,PDF,table-link,1,PUBLIC_GET_NO_AUTH,shared
WEB-0264,LINKED_RESOURCE,https://www.federalreserve.gov/releases/g17/20150316/g17.txt,.txt,ASCII,table-link,1,PUBLIC_GET_NO_AUTH,shared
WEB-0264,LINKED_RESOURCE,https://www.federalreserve.gov/releases/g17/20150316/g17_sup.pdf,.pdf,PDF,table-link,1,PUBLIC_GET_NO_AUTH,shared
WEB-0264,LINKED_RESOURCE,https://www.federalreserve.gov/releases/g17/20150316/g17_sup.txt,.txt,ASCII,table-link,1,PUBLIC_GET_NO_AUTH,shared
WEB-0264,LINKED_RESOURCE,https://www.federalreserve.gov/releases/g17/20150218/g17.pdf,.pdf,PDF,table-link,1,PUBLIC_GET_NO_AUTH,shared
WEB-0264,LINKED_RESOURCE,https://www.federalreserve.gov/releases/g17/20150218/g17.txt,.txt,ASCII,table-link,1,PUBLIC_GET_NO_AUTH,shared
WEB-0264,LINKED_RESOURCE,https://www.federalreserve.gov/releases/g17/20150218/g17_sup.pdf,.pdf,PDF,table-link,1,PUBLIC_GET_NO_AUTH,shared
WEB-0264,LINKED_RESOURCE,https://www.federalreserve.gov/releases/g17/20150218/g17_sup.txt,.txt,ASCII,table-link,1,PUBLIC_GET_NO_AUTH,shared
WEB-0264,LINKED_RESOURCE,https://www.federalreserve.gov/releases/g17/20150116/g17.pdf,.pdf,PDF,table-link,1,PUBLIC_GET_NO_AUTH,shared
WEB-0264,LINKED_RESOURCE,https://www.federalreserve.gov/releases/g17/20150116/g17.txt,.txt,ASCII,table-link,1,PUBLIC_GET_NO_AUTH,shared
WEB-0264,LINKED_RESOURCE,https://www.federalreserve.gov/releases/g17/20150116/g17_sup.pdf,.pdf,PDF,table-link,1,PUBLIC_GET_NO_AUTH,shared
WEB-0264,LINKED_RESOURCE,https://www.federalreserve.gov/releases/g17/20150116/g17_sup.txt,.txt,ASCII,table-link,1,PUBLIC_GET_NO_AUTH,shared
WEB-0264,LINKED_RESOURCE,https://www.federalreserve.gov/releases/g17/20141215/g17.pdf,.pdf,PDF,table-link,1,PUBLIC_GET_NO_AUTH,shared
WEB-0264,LINKED_RESOURCE,https://www.federalreserve.gov/releases/g17/20141215/g17.txt,.txt,ASCII,table-link,1,PUBLIC_GET_NO_AUTH,shared
WEB-0264,LINKED_RESOURCE,https://www.federalreserve.gov/releases/g17/20141215/g17_sup.pdf,.pdf,PDF,table-link,1,PUBLIC_GET_NO_AUTH,shared
WEB-0264,LINKED_RESOURCE,https://www.federalreserve.gov/releases/g17/20141215/g17_sup.txt,.txt,ASCII,table-link,1,PUBLIC_GET_NO_AUTH,shared
WEB-0264,LINKED_RESOURCE,https://www.federalreserve.gov/releases/g17/20141117/g17.pdf,.pdf,PDF,table-link,1,PUBLIC_GET_NO_AUTH,shared
WEB-0264,LINKED_RESOURCE,https://www.federalreserve.gov/releases/g17/20141117/g17.txt,.txt,ASCII,table-link,1,PUBLIC_GET_NO_AUTH,shared
WEB-0264,LINKED_RESOURCE,https://www.federalreserve.gov/releases/g17/20141117/g17_sup.pdf,.pdf,PDF,table-link,1,PUBLIC_GET_NO_AUTH,shared
WEB-0264,LINKED_RESOURCE,https://www.federalreserve.gov/releases/g17/20141117/g17_sup.txt,.txt,ASCII,table-link,1,PUBLIC_GET_NO_AUTH,shared
WEB-0264,LINKED_RESOURCE,https://www.federalreserve.gov/releases/g17/20141016/g17.pdf,.pdf,PDF,table-link,1,PUBLIC_GET_NO_AUTH,shared
WEB-0264,LINKED_RESOURCE,https://www.federalreserve.gov/releases/g17/20141016/g17.txt,.txt,ASCII,table-link,1,PUBLIC_GET_NO_AUTH,shared
WEB-0264,LINKED_RESOURCE,https://www.federalreserve.gov/releases/g17/20141016/g17_sup.pdf,.pdf,PDF,table-link,1,PUBLIC_GET_NO_AUTH,shared
WEB-0264,LINKED_RESOURCE,https://www.federalreserve.gov/releases/g17/20141016/g17_sup.txt,.txt,ASCII,table-link,1,PUBLIC_GET_NO_AUTH,shared
WEB-0264,LINKED_RESOURCE,https://www.federalreserve.gov/releases/g17/20140915/g17.pdf,.pdf,PDF,table-link,1,PUBLIC_GET_NO_AUTH,shared
WEB-0264,LINKED_RESOURCE,https://www.federalreserve.gov/releases/g17/20140915/g17.txt,.txt,ASCII,table-link,1,PUBLIC_GET_NO_AUTH,shared
WEB-0264,LINKED_RESOURCE,https://www.federalreserve.gov/releases/g17/20140915/g17_sup.pdf,.pdf,PDF,table-link,1,PUBLIC_GET_NO_AUTH,shared
WEB-0264,LINKED_RESOURCE,https://www.federalreserve.gov/releases/g17/20140915/g17_sup.txt,.txt,ASCII,table-link,1,PUBLIC_GET_NO_AUTH,shared
WEB-0264,LINKED_RESOURCE,https://www.federalreserve.gov/releases/g17/20140815/g17.pdf,.pdf,PDF,table-link,1,PUBLIC_GET_NO_AUTH,shared
WEB-0264,LINKED_RESOURCE,https://www.federalreserve.gov/releases/g17/20140815/g17.txt,.txt,ASCII,table-link,1,PUBLIC_GET_NO_AUTH,shared
WEB-0264,LINKED_RESOURCE,https://www.federalreserve.gov/releases/g17/20140815/g17_sup.pdf,.pdf,PDF,table-link,1,PUBLIC_GET_NO_AUTH,shared
WEB-0264,LINKED_RESOURCE,https://www.federalreserve.gov/releases/g17/20140815/g17_sup.txt,.txt,ASCII,table-link,1,PUBLIC_GET_NO_AUTH,shared
WEB-0264,LINKED_RESOURCE,https://www.federalreserve.gov/releases/g17/20140716/g17.pdf,.pdf,PDF,table-link,1,PUBLIC_GET_NO_AUTH,shared
WEB-0264,LINKED_RESOURCE,https://www.federalreserve.gov/releases/g17/20140716/g17.txt,.txt,ASCII,table-link,1,PUBLIC_GET_NO_AUTH,shared
WEB-0264,LINKED_RESOURCE,https://www.federalreserve.gov/releases/g17/20140716/g17_sup.pdf,.pdf,PDF,table-link,1,PUBLIC_GET_NO_AUTH,shared
WEB-0264,LINKED_RESOURCE,https://www.federalreserve.gov/releases/g17/20140716/g17_sup.txt,.txt,ASCII,table-link,1,PUBLIC_GET_NO_AUTH,shared
WEB-0264,LINKED_RESOURCE,https://www.federalreserve.gov/releases/g17/20140616/g17.pdf,.pdf,PDF,table-link,1,PUBLIC_GET_NO_AUTH,shared
WEB-0264,LINKED_RESOURCE,https://www.federalreserve.gov/releases/g17/20140616/g17.txt,.txt,ASCII,table-link,1,PUBLIC_GET_NO_AUTH,shared
WEB-0264,LINKED_RESOURCE,https://www.federalreserve.gov/releases/g17/20140616/g17_sup.pdf,.pdf,PDF,table-link,1,PUBLIC_GET_NO_AUTH,shared
WEB-0264,LINKED_RESOURCE,https://www.federalreserve.gov/releases/g17/20140616/g17_sup.txt,.txt,ASCII,table-link,1,PUBLIC_GET_NO_AUTH,shared
WEB-0264,LINKED_RESOURCE,https://www.federalreserve.gov/releases/g17/20140515/g17.pdf,.pdf,PDF,table-link,1,PUBLIC_GET_NO_AUTH,shared
WEB-0264,LINKED_RESOURCE,https://www.federalreserve.gov/releases/g17/20140515/g17.txt,.txt,ASCII,table-link,1,PUBLIC_GET_NO_AUTH,shared
WEB-0264,LINKED_RESOURCE,https://www.federalreserve.gov/releases/g17/20140515/g17_sup.pdf,.pdf,PDF,table-link,1,PUBLIC_GET_NO_AUTH,shared
WEB-0264,LINKED_RESOURCE,https://www.federalreserve.gov/releases/g17/20140515/g17_sup.txt,.txt,ASCII,table-link,1,PUBLIC_GET_NO_AUTH,shared
WEB-0264,LINKED_RESOURCE,https://www.federalreserve.gov/releases/g17/20140416/g17.pdf,.pdf,PDF,table-link,1,PUBLIC_GET_NO_AUTH,shared
WEB-0264,LINKED_RESOURCE,https://www.federalreserve.gov/releases/g17/20140416/g17.txt,.txt,ASCII,table-link,1,PUBLIC_GET_NO_AUTH,shared
WEB-0264,LINKED_RESOURCE,https://www.federalreserve.gov/releases/g17/20140416/g17_sup.pdf,.pdf,PDF,table-link,1,PUBLIC_GET_NO_AUTH,shared
WEB-0264,LINKED_RESOURCE,https://www.federalreserve.gov/releases/g17/20140416/g17_sup.txt,.txt,ASCII,table-link,1,PUBLIC_GET_NO_AUTH,shared
WEB-0264,LINKED_RESOURCE,https://www.federalreserve.gov/releases/g17/revisions/20140328/g17rev.pdf,.pdf,PDF,table-link,1,PUBLIC_GET_NO_AUTH,shared
WEB-0264,LINKED_RESOURCE,https://www.federalreserve.gov/releases/g17/revisions/20140328/g17rev.txt,.txt,ASCII,table-link,1,PUBLIC_GET_NO_AUTH,shared
WEB-0264,LINKED_RESOURCE,https://www.federalreserve.gov/releases/g17/20140317/g17.pdf,.pdf,PDF,table-link,1,PUBLIC_GET_NO_AUTH,shared
WEB-0264,LINKED_RESOURCE,https://www.federalreserve.gov/releases/g17/20140317/g17.txt,.txt,ASCII,table-link,1,PUBLIC_GET_NO_AUTH,shared
WEB-0264,LINKED_RESOURCE,https://www.federalreserve.gov/releases/g17/20140317/g17_sup.pdf,.pdf,PDF,table-link,1,PUBLIC_GET_NO_AUTH,shared
WEB-0264,LINKED_RESOURCE,https://www.federalreserve.gov/releases/g17/20140317/g17_sup.txt,.txt,ASCII,table-link,1,PUBLIC_GET_NO_AUTH,shared
WEB-0264,LINKED_RESOURCE,https://www.federalreserve.gov/releases/g17/20140214/g17.pdf,.pdf,PDF,table-link,1,PUBLIC_GET_NO_AUTH,shared
WEB-0264,LINKED_RESOURCE,https://www.federalreserve.gov/releases/g17/20140214/g17.txt,.txt,ASCII,table-link,1,PUBLIC_GET_NO_AUTH,shared
WEB-0264,LINKED_RESOURCE,https://www.federalreserve.gov/releases/g17/20140214/g17_sup.pdf,.pdf,PDF,table-link,1,PUBLIC_GET_NO_AUTH,shared
WEB-0264,LINKED_RESOURCE,https://www.federalreserve.gov/releases/g17/20140214/g17_sup.txt,.txt,ASCII,table-link,1,PUBLIC_GET_NO_AUTH,shared
WEB-0264,LINKED_RESOURCE,https://www.federalreserve.gov/releases/g17/20140117/g17.pdf,.pdf,PDF,table-link,1,PUBLIC_GET_NO_AUTH,shared
WEB-0264,LINKED_RESOURCE,https://www.federalreserve.gov/releases/g17/20140117/g17.txt,.txt,ASCII,table-link,1,PUBLIC_GET_NO_AUTH,shared
WEB-0264,LINKED_RESOURCE,https://www.federalreserve.gov/releases/g17/20140117/g17_sup.pdf,.pdf,PDF,table-link,1,PUBLIC_GET_NO_AUTH,shared
WEB-0264,LINKED_RESOURCE,https://www.federalreserve.gov/releases/g17/20140117/g17_sup.txt,.txt,ASCII,table-link,1,PUBLIC_GET_NO_AUTH,shared
WEB-0264,LINKED_RESOURCE,https://www.federalreserve.gov/releases/g17/20131216/g17.pdf,.pdf,PDF,table-link,1,PUBLIC_GET_NO_AUTH,shared
WEB-0264,LINKED_RESOURCE,https://www.federalreserve.gov/releases/g17/20131216/g17.txt,.txt,ASCII,table-link,1,PUBLIC_GET_NO_AUTH,shared
WEB-0264,LINKED_RESOURCE,https://www.federalreserve.gov/releases/g17/20131216/g17_sup.pdf,.pdf,PDF,table-link,1,PUBLIC_GET_NO_AUTH,shared
WEB-0264,LINKED_RESOURCE,https://www.federalreserve.gov/releases/g17/20131216/g17_sup.txt,.txt,ASCII,table-link,1,PUBLIC_GET_NO_AUTH,shared
WEB-0264,LINKED_RESOURCE,https://www.federalreserve.gov/releases/g17/20131115/g17.pdf,.pdf,PDF,table-link,1,PUBLIC_GET_NO_AUTH,shared
WEB-0264,LINKED_RESOURCE,https://www.federalreserve.gov/releases/g17/20131115/g17.txt,.txt,ASCII,table-link,1,PUBLIC_GET_NO_AUTH,shared
WEB-0264,LINKED_RESOURCE,https://www.federalreserve.gov/releases/g17/20131115/g17_sup.pdf,.pdf,PDF,table-link,1,PUBLIC_GET_NO_AUTH,shared
WEB-0264,LINKED_RESOURCE,https://www.federalreserve.gov/releases/g17/20131115/g17_sup.txt,.txt,ASCII,table-link,1,PUBLIC_GET_NO_AUTH,shared
WEB-0264,LINKED_RESOURCE,https://www.federalreserve.gov/releases/g17/20131028/g17.pdf,.pdf,PDF,table-link,1,PUBLIC_GET_NO_AUTH,shared
WEB-0264,LINKED_RESOURCE,https://www.federalreserve.gov/releases/g17/20131028/g17.txt,.txt,ASCII,table-link,1,PUBLIC_GET_NO_AUTH,shared
WEB-0264,LINKED_RESOURCE,https://www.federalreserve.gov/releases/g17/20131028/g17_sup.pdf,.pdf,PDF,table-link,1,PUBLIC_GET_NO_AUTH,shared
WEB-0264,LINKED_RESOURCE,https://www.federalreserve.gov/releases/g17/20131028/g17_sup.txt,.txt,ASCII,table-link,1,PUBLIC_GET_NO_AUTH,shared
WEB-0264,LINKED_RESOURCE,https://www.federalreserve.gov/releases/g17/20130916/g17.pdf,.pdf,PDF,table-link,1,PUBLIC_GET_NO_AUTH,shared
WEB-0264,LINKED_RESOURCE,https://www.federalreserve.gov/releases/g17/20130916/g17.txt,.txt,ASCII,table-link,1,PUBLIC_GET_NO_AUTH,shared
WEB-0264,LINKED_RESOURCE,https://www.federalreserve.gov/releases/g17/20130916/g17_sup.pdf,.pdf,PDF,table-link,1,PUBLIC_GET_NO_AUTH,shared
WEB-0264,LINKED_RESOURCE,https://www.federalreserve.gov/releases/g17/20130916/g17_sup.txt,.txt,ASCII,table-link,1,PUBLIC_GET_NO_AUTH,shared
WEB-0264,LINKED_RESOURCE,https://www.federalreserve.gov/releases/g17/20130815/g17.pdf,.pdf,PDF,table-link,1,PUBLIC_GET_NO_AUTH,shared
WEB-0264,LINKED_RESOURCE,https://www.federalreserve.gov/releases/g17/20130815/g17.txt,.txt,ASCII,table-link,1,PUBLIC_GET_NO_AUTH,shared
WEB-0264,LINKED_RESOURCE,https://www.federalreserve.gov/releases/g17/20130815/g17_sup.pdf,.pdf,PDF,table-link,1,PUBLIC_GET_NO_AUTH,shared
WEB-0264,LINKED_RESOURCE,https://www.federalreserve.gov/releases/g17/20130815/g17_sup.txt,.txt,ASCII,table-link,1,PUBLIC_GET_NO_AUTH,shared
WEB-0264,LINKED_RESOURCE,https://www.federalreserve.gov/releases/g17/20130716/g17.pdf,.pdf,PDF,table-link,1,PUBLIC_GET_NO_AUTH,shared
WEB-0264,LINKED_RESOURCE,https://www.federalreserve.gov/releases/g17/20130716/g17.txt,.txt,ASCII,table-link,1,PUBLIC_GET_NO_AUTH,shared
WEB-0264,LINKED_RESOURCE,https://www.federalreserve.gov/releases/g17/20130716/g17_sup.pdf,.pdf,PDF,table-link,1,PUBLIC_GET_NO_AUTH,shared
WEB-0264,LINKED_RESOURCE,https://www.federalreserve.gov/releases/g17/20130716/g17_sup.txt,.txt,ASCII,table-link,1,PUBLIC_GET_NO_AUTH,shared
WEB-0264,LINKED_RESOURCE,https://www.federalreserve.gov/releases/g17/20130614/g17.pdf,.pdf,PDF,table-link,1,PUBLIC_GET_NO_AUTH,shared
WEB-0264,LINKED_RESOURCE,https://www.federalreserve.gov/releases/g17/20130614/g17.txt,.txt,ASCII,table-link,1,PUBLIC_GET_NO_AUTH,shared
WEB-0264,LINKED_RESOURCE,https://www.federalreserve.gov/releases/g17/20130614/g17_sup.pdf,.pdf,PDF,table-link,1,PUBLIC_GET_NO_AUTH,shared
WEB-0264,LINKED_RESOURCE,https://www.federalreserve.gov/releases/g17/20130614/g17_sup.txt,.txt,ASCII,table-link,1,PUBLIC_GET_NO_AUTH,shared
WEB-0264,LINKED_RESOURCE,https://www.federalreserve.gov/releases/g17/20130515/g17.pdf,.pdf,PDF,table-link,1,PUBLIC_GET_NO_AUTH,shared
WEB-0264,LINKED_RESOURCE,https://www.federalreserve.gov/releases/g17/20130515/g17.txt,.txt,ASCII,table-link,1,PUBLIC_GET_NO_AUTH,shared
WEB-0264,LINKED_RESOURCE,https://www.federalreserve.gov/releases/g17/20130515/g17_sup.pdf,.pdf,PDF,table-link,1,PUBLIC_GET_NO_AUTH,shared
WEB-0264,LINKED_RESOURCE,https://www.federalreserve.gov/releases/g17/20130515/g17_sup.txt,.txt,ASCII,table-link,1,PUBLIC_GET_NO_AUTH,shared
WEB-0264,LINKED_RESOURCE,https://www.federalreserve.gov/releases/g17/20130416/g17.pdf,.pdf,PDF,table-link,1,PUBLIC_GET_NO_AUTH,shared
WEB-0264,LINKED_RESOURCE,https://www.federalreserve.gov/releases/g17/20130416/g17.txt,.txt,ASCII,table-link,1,PUBLIC_GET_NO_AUTH,shared
WEB-0264,LINKED_RESOURCE,https://www.federalreserve.gov/releases/g17/20130416/g17_sup.pdf,.pdf,PDF,table-link,1,PUBLIC_GET_NO_AUTH,shared
WEB-0264,LINKED_RESOURCE,https://www.federalreserve.gov/releases/g17/20130416/g17_sup.txt,.txt,ASCII,table-link,1,PUBLIC_GET_NO_AUTH,shared
WEB-0264,LINKED_RESOURCE,https://www.federalreserve.gov/releases/g17/revisions/20130322/g17rev.pdf,.pdf,PDF,table-link,1,PUBLIC_GET_NO_AUTH,shared
WEB-0264,LINKED_RESOURCE,https://www.federalreserve.gov/releases/g17/revisions/20130322/g17rev.txt,.txt,ASCII,table-link,1,PUBLIC_GET_NO_AUTH,shared
WEB-0264,LINKED_RESOURCE,https://www.federalreserve.gov/releases/g17/20130315/g17.pdf,.pdf,PDF,table-link,1,PUBLIC_GET_NO_AUTH,shared
WEB-0264,LINKED_RESOURCE,https://www.federalreserve.gov/releases/g17/20130315/g17.txt,.txt,ASCII,table-link,1,PUBLIC_GET_NO_AUTH,shared
WEB-0264,LINKED_RESOURCE,https://www.federalreserve.gov/releases/g17/20130315/g17_sup.pdf,.pdf,PDF,table-link,1,PUBLIC_GET_NO_AUTH,shared
WEB-0264,LINKED_RESOURCE,https://www.federalreserve.gov/releases/g17/20130315/g17_sup.txt,.txt,ASCII,table-link,1,PUBLIC_GET_NO_AUTH,shared
WEB-0264,LINKED_RESOURCE,https://www.federalreserve.gov/releases/g17/20130215/g17.pdf,.pdf,PDF,table-link,1,PUBLIC_GET_NO_AUTH,shared
WEB-0264,LINKED_RESOURCE,https://www.federalreserve.gov/releases/g17/20130215/g17.txt,.txt,ASCII,table-link,1,PUBLIC_GET_NO_AUTH,shared
WEB-0264,LINKED_RESOURCE,https://www.federalreserve.gov/releases/g17/20130215/g17_sup.pdf,.pdf,PDF,table-link,1,PUBLIC_GET_NO_AUTH,shared
WEB-0264,LINKED_RESOURCE,https://www.federalreserve.gov/releases/g17/20130215/g17_sup.txt,.txt,ASCII,table-link,1,PUBLIC_GET_NO_AUTH,shared
WEB-0264,LINKED_RESOURCE,https://www.federalreserve.gov/releases/g17/20130116/g17.pdf,.pdf,PDF,table-link,1,PUBLIC_GET_NO_AUTH,shared
WEB-0264,LINKED_RESOURCE,https://www.federalreserve.gov/releases/g17/20130116/g17.txt,.txt,ASCII,table-link,1,PUBLIC_GET_NO_AUTH,shared
WEB-0264,LINKED_RESOURCE,https://www.federalreserve.gov/releases/g17/20130116/g17_sup.pdf,.pdf,PDF,table-link,1,PUBLIC_GET_NO_AUTH,shared
WEB-0264,LINKED_RESOURCE,https://www.federalreserve.gov/releases/g17/20130116/g17_sup.txt,.txt,ASCII,table-link,1,PUBLIC_GET_NO_AUTH,shared
WEB-0264,LINKED_RESOURCE,https://www.federalreserve.gov/releases/g17/20121214/g17.pdf,.pdf,PDF,table-link,1,PUBLIC_GET_NO_AUTH,shared
WEB-0264,LINKED_RESOURCE,https://www.federalreserve.gov/releases/g17/20121214/g17.txt,.txt,ASCII,table-link,1,PUBLIC_GET_NO_AUTH,shared
WEB-0264,LINKED_RESOURCE,https://www.federalreserve.gov/releases/g17/20121214/g17_sup.pdf,.pdf,PDF,table-link,1,PUBLIC_GET_NO_AUTH,shared
WEB-0264,LINKED_RESOURCE,https://www.federalreserve.gov/releases/g17/20121214/g17_sup.txt,.txt,ASCII,table-link,1,PUBLIC_GET_NO_AUTH,shared
WEB-0264,LINKED_RESOURCE,https://www.federalreserve.gov/releases/g17/20121116/g17.pdf,.pdf,PDF,table-link,1,PUBLIC_GET_NO_AUTH,shared
WEB-0264,LINKED_RESOURCE,https://www.federalreserve.gov/releases/g17/20121116/g17.txt,.txt,ASCII,table-link,1,PUBLIC_GET_NO_AUTH,shared
WEB-0264,LINKED_RESOURCE,https://www.federalreserve.gov/releases/g17/20121116/g17_sup.pdf,.pdf,PDF,table-link,1,PUBLIC_GET_NO_AUTH,shared
WEB-0264,LINKED_RESOURCE,https://www.federalreserve.gov/releases/g17/20121116/g17_sup.txt,.txt,ASCII,table-link,1,PUBLIC_GET_NO_AUTH,shared
WEB-0264,LINKED_RESOURCE,https://www.federalreserve.gov/releases/g17/20121016/g17.pdf,.pdf,PDF,table-link,1,PUBLIC_GET_NO_AUTH,shared
WEB-0264,LINKED_RESOURCE,https://www.federalreserve.gov/releases/g17/20121016/g17.txt,.txt,ASCII,table-link,1,PUBLIC_GET_NO_AUTH,shared
WEB-0264,LINKED_RESOURCE,https://www.federalreserve.gov/releases/g17/20121016/g17_sup.pdf,.pdf,PDF,table-link,1,PUBLIC_GET_NO_AUTH,shared
WEB-0264,LINKED_RESOURCE,https://www.federalreserve.gov/releases/g17/20121016/g17_sup.txt,.txt,ASCII,table-link,1,PUBLIC_GET_NO_AUTH,shared
WEB-0264,LINKED_RESOURCE,https://www.federalreserve.gov/releases/g17/20120914/g17.pdf,.pdf,PDF,table-link,1,PUBLIC_GET_NO_AUTH,shared
WEB-0264,LINKED_RESOURCE,https://www.federalreserve.gov/releases/g17/20120914/g17.txt,.txt,ASCII,table-link,1,PUBLIC_GET_NO_AUTH,shared
WEB-0264,LINKED_RESOURCE,https://www.federalreserve.gov/releases/g17/20120914/g17_sup.pdf,.pdf,PDF,table-link,1,PUBLIC_GET_NO_AUTH,shared
WEB-0264,LINKED_RESOURCE,https://www.federalreserve.gov/releases/g17/20120914/g17_sup.txt,.txt,ASCII,table-link,1,PUBLIC_GET_NO_AUTH,shared
WEB-0264,LINKED_RESOURCE,https://www.federalreserve.gov/releases/g17/20120815/g17.pdf,.pdf,PDF,table-link,1,PUBLIC_GET_NO_AUTH,shared
WEB-0264,LINKED_RESOURCE,https://www.federalreserve.gov/releases/g17/20120815/g17.txt,.txt,ASCII,table-link,1,PUBLIC_GET_NO_AUTH,shared
WEB-0264,LINKED_RESOURCE,https://www.federalreserve.gov/releases/g17/20120815/g17_sup.pdf,.pdf,PDF,table-link,1,PUBLIC_GET_NO_AUTH,shared
WEB-0264,LINKED_RESOURCE,https://www.federalreserve.gov/releases/g17/20120815/g17_sup.txt,.txt,ASCII,table-link,1,PUBLIC_GET_NO_AUTH,shared
WEB-0264,LINKED_RESOURCE,https://www.federalreserve.gov/releases/g17/20120717/g17.pdf,.pdf,PDF,table-link,1,PUBLIC_GET_NO_AUTH,shared
WEB-0264,LINKED_RESOURCE,https://www.federalreserve.gov/releases/g17/20120717/g17.txt,.txt,ASCII,table-link,1,PUBLIC_GET_NO_AUTH,shared
WEB-0264,LINKED_RESOURCE,https://www.federalreserve.gov/releases/g17/20120717/g17_sup.pdf,.pdf,PDF,table-link,1,PUBLIC_GET_NO_AUTH,shared
WEB-0264,LINKED_RESOURCE,https://www.federalreserve.gov/releases/g17/20120717/g17_sup.txt,.txt,ASCII,table-link,1,PUBLIC_GET_NO_AUTH,shared
WEB-0264,LINKED_RESOURCE,https://www.federalreserve.gov/releases/g17/20120615/g17.pdf,.pdf,PDF,table-link,1,PUBLIC_GET_NO_AUTH,shared
WEB-0264,LINKED_RESOURCE,https://www.federalreserve.gov/releases/g17/20120615/g17.txt,.txt,ASCII,table-link,1,PUBLIC_GET_NO_AUTH,shared
WEB-0264,LINKED_RESOURCE,https://www.federalreserve.gov/releases/g17/20120615/g17_sup.pdf,.pdf,PDF,table-link,1,PUBLIC_GET_NO_AUTH,shared
WEB-0264,LINKED_RESOURCE,https://www.federalreserve.gov/releases/g17/20120615/g17_sup.txt,.txt,ASCII,table-link,1,PUBLIC_GET_NO_AUTH,shared
WEB-0264,LINKED_RESOURCE,https://www.federalreserve.gov/releases/g17/20120516/g17.pdf,.pdf,PDF,table-link,1,PUBLIC_GET_NO_AUTH,shared
WEB-0264,LINKED_RESOURCE,https://www.federalreserve.gov/releases/g17/20120516/g17.txt,.txt,ASCII,table-link,1,PUBLIC_GET_NO_AUTH,shared
WEB-0264,LINKED_RESOURCE,https://www.federalreserve.gov/releases/g17/20120516/g17_sup.pdf,.pdf,PDF,table-link,1,PUBLIC_GET_NO_AUTH,shared
WEB-0264,LINKED_RESOURCE,https://www.federalreserve.gov/releases/g17/20120516/g17_sup.txt,.txt,ASCII,table-link,1,PUBLIC_GET_NO_AUTH,shared
WEB-0264,LINKED_RESOURCE,https://www.federalreserve.gov/releases/g17/20120417/g17.pdf,.pdf,PDF,table-link,1,PUBLIC_GET_NO_AUTH,shared
WEB-0264,LINKED_RESOURCE,https://www.federalreserve.gov/releases/g17/20120417/g17.txt,.txt,ASCII,table-link,1,PUBLIC_GET_NO_AUTH,shared
WEB-0264,LINKED_RESOURCE,https://www.federalreserve.gov/releases/g17/20120417/g17_sup.pdf,.pdf,PDF,table-link,1,PUBLIC_GET_NO_AUTH,shared
WEB-0264,LINKED_RESOURCE,https://www.federalreserve.gov/releases/g17/20120417/g17_sup.txt,.txt,ASCII,table-link,1,PUBLIC_GET_NO_AUTH,shared
WEB-0264,LINKED_RESOURCE,https://www.federalreserve.gov/releases/g17/Revisions/20120330/g17rev.pdf,.pdf,PDF,table-link,1,PUBLIC_GET_NO_AUTH,shared
WEB-0264,LINKED_RESOURCE,https://www.federalreserve.gov/releases/g17/Revisions/20120330/g17rev.txt,.txt,ASCII,table-link,1,PUBLIC_GET_NO_AUTH,shared
WEB-0264,LINKED_RESOURCE,https://www.federalreserve.gov/releases/g17/20120316/g17.pdf,.pdf,PDF,table-link,1,PUBLIC_GET_NO_AUTH,shared
WEB-0264,LINKED_RESOURCE,https://www.federalreserve.gov/releases/g17/20120316/g17.txt,.txt,ASCII,table-link,1,PUBLIC_GET_NO_AUTH,shared
WEB-0264,LINKED_RESOURCE,https://www.federalreserve.gov/releases/g17/20120316/g17_sup.pdf,.pdf,PDF,table-link,1,PUBLIC_GET_NO_AUTH,shared
WEB-0264,LINKED_RESOURCE,https://www.federalreserve.gov/releases/g17/20120316/g17_sup.txt,.txt,ASCII,table-link,1,PUBLIC_GET_NO_AUTH,shared
WEB-0264,LINKED_RESOURCE,https://www.federalreserve.gov/releases/g17/20120215/g17.pdf,.pdf,PDF,table-link,1,PUBLIC_GET_NO_AUTH,shared
WEB-0264,LINKED_RESOURCE,https://www.federalreserve.gov/releases/g17/20120215/g17.txt,.txt,ASCII,table-link,1,PUBLIC_GET_NO_AUTH,shared
WEB-0264,LINKED_RESOURCE,https://www.federalreserve.gov/releases/g17/20120215/g17_sup.pdf,.pdf,PDF,table-link,1,PUBLIC_GET_NO_AUTH,shared
WEB-0264,LINKED_RESOURCE,https://www.federalreserve.gov/releases/g17/20120215/g17_sup.txt,.txt,ASCII,table-link,1,PUBLIC_GET_NO_AUTH,shared
WEB-0264,LINKED_RESOURCE,https://www.federalreserve.gov/releases/g17/20120118/g17.pdf,.pdf,PDF,table-link,1,PUBLIC_GET_NO_AUTH,shared
WEB-0264,LINKED_RESOURCE,https://www.federalreserve.gov/releases/g17/20120118/g17.txt,.txt,ASCII,table-link,1,PUBLIC_GET_NO_AUTH,shared
WEB-0264,LINKED_RESOURCE,https://www.federalreserve.gov/releases/g17/20120118/g17_sup.pdf,.pdf,PDF,table-link,1,PUBLIC_GET_NO_AUTH,shared
WEB-0264,LINKED_RESOURCE,https://www.federalreserve.gov/releases/g17/20120118/g17_sup.txt,.txt,ASCII,table-link,1,PUBLIC_GET_NO_AUTH,shared
WEB-0264,LINKED_RESOURCE,https://www.federalreserve.gov/releases/g17/20111215/g17.pdf,.pdf,PDF,table-link,1,PUBLIC_GET_NO_AUTH,shared
WEB-0264,LINKED_RESOURCE,https://www.federalreserve.gov/releases/g17/20111215/g17.txt,.txt,ASCII,table-link,1,PUBLIC_GET_NO_AUTH,shared
WEB-0264,LINKED_RESOURCE,https://www.federalreserve.gov/releases/g17/20111215/g17_sup.pdf,.pdf,PDF,table-link,1,PUBLIC_GET_NO_AUTH,shared
WEB-0264,LINKED_RESOURCE,https://www.federalreserve.gov/releases/g17/20111215/g17_sup.txt,.txt,ASCII,table-link,1,PUBLIC_GET_NO_AUTH,shared
WEB-0264,LINKED_RESOURCE,https://www.federalreserve.gov/releases/g17/20111116/g17.pdf,.pdf,PDF,table-link,1,PUBLIC_GET_NO_AUTH,shared
WEB-0264,LINKED_RESOURCE,https://www.federalreserve.gov/releases/g17/20111116/g17.txt,.txt,ASCII,table-link,1,PUBLIC_GET_NO_AUTH,shared
WEB-0264,LINKED_RESOURCE,https://www.federalreserve.gov/releases/g17/20111116/g17_sup.pdf,.pdf,PDF,table-link,1,PUBLIC_GET_NO_AUTH,shared
WEB-0264,LINKED_RESOURCE,https://www.federalreserve.gov/releases/g17/20111116/g17_sup.txt,.txt,ASCII,table-link,1,PUBLIC_GET_NO_AUTH,shared
WEB-0264,LINKED_RESOURCE,https://www.federalreserve.gov/releases/g17/20111017/g17.pdf,.pdf,PDF,table-link,1,PUBLIC_GET_NO_AUTH,shared
WEB-0264,LINKED_RESOURCE,https://www.federalreserve.gov/releases/g17/20111017/g17.txt,.txt,ASCII,table-link,1,PUBLIC_GET_NO_AUTH,shared
WEB-0264,LINKED_RESOURCE,https://www.federalreserve.gov/releases/g17/20111017/g17_sup.pdf,.pdf,PDF,table-link,1,PUBLIC_GET_NO_AUTH,shared
WEB-0264,LINKED_RESOURCE,https://www.federalreserve.gov/releases/g17/20111017/g17_sup.txt,.txt,ASCII,table-link,1,PUBLIC_GET_NO_AUTH,shared
WEB-0264,LINKED_RESOURCE,https://www.federalreserve.gov/releases/g17/20110915/g17.pdf,.pdf,PDF,table-link,1,PUBLIC_GET_NO_AUTH,shared
WEB-0264,LINKED_RESOURCE,https://www.federalreserve.gov/releases/g17/20110915/g17.txt,.txt,ASCII,table-link,1,PUBLIC_GET_NO_AUTH,shared
WEB-0264,LINKED_RESOURCE,https://www.federalreserve.gov/releases/g17/20110915/g17_sup.pdf,.pdf,PDF,table-link,1,PUBLIC_GET_NO_AUTH,shared
WEB-0264,LINKED_RESOURCE,https://www.federalreserve.gov/releases/g17/20110915/g17_sup.txt,.txt,ASCII,table-link,1,PUBLIC_GET_NO_AUTH,shared
WEB-0264,LINKED_RESOURCE,https://www.federalreserve.gov/releases/g17/20110816/g17.pdf,.pdf,PDF,table-link,1,PUBLIC_GET_NO_AUTH,shared
WEB-0264,LINKED_RESOURCE,https://www.federalreserve.gov/releases/g17/20110816/g17.txt,.txt,ASCII,table-link,1,PUBLIC_GET_NO_AUTH,shared
WEB-0264,LINKED_RESOURCE,https://www.federalreserve.gov/releases/g17/20110816/g17_sup.pdf,.pdf,PDF,table-link,1,PUBLIC_GET_NO_AUTH,shared
WEB-0264,LINKED_RESOURCE,https://www.federalreserve.gov/releases/g17/20110816/g17_sup.txt,.txt,ASCII,table-link,1,PUBLIC_GET_NO_AUTH,shared
WEB-0264,LINKED_RESOURCE,https://www.federalreserve.gov/releases/g17/20110715/g17.pdf,.pdf,PDF,table-link,1,PUBLIC_GET_NO_AUTH,shared
WEB-0264,LINKED_RESOURCE,https://www.federalreserve.gov/releases/g17/20110715/g17.txt,.txt,ASCII,table-link,1,PUBLIC_GET_NO_AUTH,shared
WEB-0264,LINKED_RESOURCE,https://www.federalreserve.gov/releases/g17/20110715/g17_sup.pdf,.pdf,PDF,table-link,1,PUBLIC_GET_NO_AUTH,shared
WEB-0264,LINKED_RESOURCE,https://www.federalreserve.gov/releases/g17/20110715/g17_sup.txt,.txt,ASCII,table-link,1,PUBLIC_GET_NO_AUTH,shared
WEB-0264,LINKED_RESOURCE,https://www.federalreserve.gov/releases/g17/20110615/g17.pdf,.pdf,PDF,table-link,1,PUBLIC_GET_NO_AUTH,shared
WEB-0264,LINKED_RESOURCE,https://www.federalreserve.gov/releases/g17/20110615/g17.txt,.txt,ASCII,table-link,1,PUBLIC_GET_NO_AUTH,shared
WEB-0264,LINKED_RESOURCE,https://www.federalreserve.gov/releases/g17/20110615/g17_sup.pdf,.pdf,PDF,table-link,1,PUBLIC_GET_NO_AUTH,shared
WEB-0264,LINKED_RESOURCE,https://www.federalreserve.gov/releases/g17/20110615/g17_sup.txt,.txt,ASCII,table-link,1,PUBLIC_GET_NO_AUTH,shared
WEB-0264,LINKED_RESOURCE,https://www.federalreserve.gov/releases/g17/20110517/g17.pdf,.pdf,PDF,table-link,1,PUBLIC_GET_NO_AUTH,shared
WEB-0264,LINKED_RESOURCE,https://www.federalreserve.gov/releases/g17/20110517/g17.txt,.txt,ASCII,table-link,1,PUBLIC_GET_NO_AUTH,shared
WEB-0264,LINKED_RESOURCE,https://www.federalreserve.gov/releases/g17/20110517/g17_sup.pdf,.pdf,PDF,table-link,1,PUBLIC_GET_NO_AUTH,shared
WEB-0264,LINKED_RESOURCE,https://www.federalreserve.gov/releases/g17/20110517/g17_sup.txt,.txt,ASCII,table-link,1,PUBLIC_GET_NO_AUTH,shared
WEB-0264,LINKED_RESOURCE,https://www.federalreserve.gov/releases/g17/20110415/g17.pdf,.pdf,PDF,table-link,1,PUBLIC_GET_NO_AUTH,shared
WEB-0264,LINKED_RESOURCE,https://www.federalreserve.gov/releases/g17/20110415/g17.txt,.txt,ASCII,table-link,1,PUBLIC_GET_NO_AUTH,shared
WEB-0264,LINKED_RESOURCE,https://www.federalreserve.gov/releases/g17/20110415/g17_sup.pdf,.pdf,PDF,table-link,1,PUBLIC_GET_NO_AUTH,shared
WEB-0264,LINKED_RESOURCE,https://www.federalreserve.gov/releases/g17/20110415/g17_sup.txt,.txt,ASCII,table-link,1,PUBLIC_GET_NO_AUTH,shared
WEB-0264,LINKED_RESOURCE,https://www.federalreserve.gov/releases/g17/Revisions/20110325/g17rev.pdf,.pdf,PDF,table-link,1,PUBLIC_GET_NO_AUTH,shared
WEB-0264,LINKED_RESOURCE,https://www.federalreserve.gov/releases/g17/Revisions/20110325/g17rev.txt,.txt,ASCII,table-link,1,PUBLIC_GET_NO_AUTH,shared
WEB-0264,LINKED_RESOURCE,https://www.federalreserve.gov/releases/g17/20110317/g17.pdf,.pdf,PDF,table-link,1,PUBLIC_GET_NO_AUTH,shared
WEB-0264,LINKED_RESOURCE,https://www.federalreserve.gov/releases/g17/20110317/g17.txt,.txt,ASCII,table-link,1,PUBLIC_GET_NO_AUTH,shared
WEB-0264,LINKED_RESOURCE,https://www.federalreserve.gov/releases/g17/20110317/g17_sup.pdf,.pdf,PDF,table-link,1,PUBLIC_GET_NO_AUTH,shared
WEB-0264,LINKED_RESOURCE,https://www.federalreserve.gov/releases/g17/20110317/g17_sup.txt,.txt,ASCII,table-link,1,PUBLIC_GET_NO_AUTH,shared
WEB-0264,LINKED_RESOURCE,https://www.federalreserve.gov/releases/g17/20110216/g17.pdf,.pdf,PDF,table-link,1,PUBLIC_GET_NO_AUTH,shared
WEB-0264,LINKED_RESOURCE,https://www.federalreserve.gov/releases/g17/20110216/g17.txt,.txt,ASCII,table-link,1,PUBLIC_GET_NO_AUTH,shared
WEB-0264,LINKED_RESOURCE,https://www.federalreserve.gov/releases/g17/20110216/g17_sup.pdf,.pdf,PDF,table-link,1,PUBLIC_GET_NO_AUTH,shared
WEB-0264,LINKED_RESOURCE,https://www.federalreserve.gov/releases/g17/20110216/g17_sup.txt,.txt,ASCII,table-link,1,PUBLIC_GET_NO_AUTH,shared
WEB-0264,LINKED_RESOURCE,https://www.federalreserve.gov/releases/g17/20110114/g17.pdf,.pdf,PDF,table-link,1,PUBLIC_GET_NO_AUTH,shared
WEB-0264,LINKED_RESOURCE,https://www.federalreserve.gov/releases/g17/20110114/g17.txt,.txt,ASCII,table-link,1,PUBLIC_GET_NO_AUTH,shared
WEB-0264,LINKED_RESOURCE,https://www.federalreserve.gov/releases/g17/20110114/g17_sup.pdf,.pdf,PDF,table-link,1,PUBLIC_GET_NO_AUTH,shared
WEB-0264,LINKED_RESOURCE,https://www.federalreserve.gov/releases/g17/20110114/g17_sup.txt,.txt,ASCII,table-link,1,PUBLIC_GET_NO_AUTH,shared
WEB-0264,LINKED_RESOURCE,https://www.federalreserve.gov/releases/g17/20101215/g17.pdf,.pdf,PDF,table-link,1,PUBLIC_GET_NO_AUTH,shared
WEB-0264,LINKED_RESOURCE,https://www.federalreserve.gov/releases/g17/20101215/g17.txt,.txt,ASCII,table-link,1,PUBLIC_GET_NO_AUTH,shared
WEB-0264,LINKED_RESOURCE,https://www.federalreserve.gov/releases/g17/20101215/g17_sup.pdf,.pdf,PDF,table-link,1,PUBLIC_GET_NO_AUTH,shared
WEB-0264,LINKED_RESOURCE,https://www.federalreserve.gov/releases/g17/20101215/g17_sup.txt,.txt,ASCII,table-link,1,PUBLIC_GET_NO_AUTH,shared
WEB-0264,LINKED_RESOURCE,https://www.federalreserve.gov/releases/g17/20101116/g17.pdf,.pdf,PDF,table-link,1,PUBLIC_GET_NO_AUTH,shared
WEB-0264,LINKED_RESOURCE,https://www.federalreserve.gov/releases/g17/20101116/g17.txt,.txt,ASCII,table-link,1,PUBLIC_GET_NO_AUTH,shared
WEB-0264,LINKED_RESOURCE,https://www.federalreserve.gov/releases/g17/20101116/g17_sup.pdf,.pdf,PDF,table-link,1,PUBLIC_GET_NO_AUTH,shared
WEB-0264,LINKED_RESOURCE,https://www.federalreserve.gov/releases/g17/20101116/g17_sup.txt,.txt,ASCII,table-link,1,PUBLIC_GET_NO_AUTH,shared
WEB-0264,LINKED_RESOURCE,https://www.federalreserve.gov/releases/g17/20101018/g17.pdf,.pdf,PDF,table-link,1,PUBLIC_GET_NO_AUTH,shared
WEB-0264,LINKED_RESOURCE,https://www.federalreserve.gov/releases/g17/20101018/g17.txt,.txt,ASCII,table-link,1,PUBLIC_GET_NO_AUTH,shared
WEB-0264,LINKED_RESOURCE,https://www.federalreserve.gov/releases/g17/20101018/g17_sup.pdf,.pdf,PDF,table-link,1,PUBLIC_GET_NO_AUTH,shared
WEB-0264,LINKED_RESOURCE,https://www.federalreserve.gov/releases/g17/20101018/g17_sup.txt,.txt,ASCII,table-link,1,PUBLIC_GET_NO_AUTH,shared
WEB-0264,LINKED_RESOURCE,https://www.federalreserve.gov/releases/g17/20100915/g17.pdf,.pdf,PDF,table-link,1,PUBLIC_GET_NO_AUTH,shared
WEB-0264,LINKED_RESOURCE,https://www.federalreserve.gov/releases/g17/20100915/g17.txt,.txt,ASCII,table-link,1,PUBLIC_GET_NO_AUTH,shared
WEB-0264,LINKED_RESOURCE,https://www.federalreserve.gov/releases/g17/20100915/g17_sup.pdf,.pdf,PDF,table-link,1,PUBLIC_GET_NO_AUTH,shared
WEB-0264,LINKED_RESOURCE,https://www.federalreserve.gov/releases/g17/20100915/g17_sup.txt,.txt,ASCII,table-link,1,PUBLIC_GET_NO_AUTH,shared
WEB-0264,LINKED_RESOURCE,https://www.federalreserve.gov/releases/g17/20100817/g17.pdf,.pdf,PDF,table-link,1,PUBLIC_GET_NO_AUTH,shared
WEB-0264,LINKED_RESOURCE,https://www.federalreserve.gov/releases/g17/20100817/g17.txt,.txt,ASCII,table-link,1,PUBLIC_GET_NO_AUTH,shared
WEB-0264,LINKED_RESOURCE,https://www.federalreserve.gov/releases/g17/20100817/g17_sup.pdf,.pdf,PDF,table-link,1,PUBLIC_GET_NO_AUTH,shared
WEB-0264,LINKED_RESOURCE,https://www.federalreserve.gov/releases/g17/20100817/g17_sup.txt,.txt,ASCII,table-link,1,PUBLIC_GET_NO_AUTH,shared
WEB-0264,LINKED_RESOURCE,https://www.federalreserve.gov/releases/g17/20100715/g17.pdf,.pdf,PDF,table-link,1,PUBLIC_GET_NO_AUTH,shared
WEB-0264,LINKED_RESOURCE,https://www.federalreserve.gov/releases/g17/20100715/g17.txt,.txt,ASCII,table-link,1,PUBLIC_GET_NO_AUTH,shared
WEB-0264,LINKED_RESOURCE,https://www.federalreserve.gov/releases/g17/20100715/g17_sup.pdf,.pdf,PDF,table-link,1,PUBLIC_GET_NO_AUTH,shared
WEB-0264,LINKED_RESOURCE,https://www.federalreserve.gov/releases/g17/20100715/g17_sup.txt,.txt,ASCII,table-link,1,PUBLIC_GET_NO_AUTH,shared
WEB-0264,LINKED_RESOURCE,https://www.federalreserve.gov/releases/g17/Revisions/20100625/g17rev.pdf,.pdf,PDF,table-link,1,PUBLIC_GET_NO_AUTH,shared
WEB-0264,LINKED_RESOURCE,https://www.federalreserve.gov/releases/g17/Revisions/20100625/g17rev.txt,.txt,ASCII,table-link,1,PUBLIC_GET_NO_AUTH,shared
WEB-0264,LINKED_RESOURCE,https://www.federalreserve.gov/releases/g17/20100616/g17.pdf,.pdf,PDF,table-link,1,PUBLIC_GET_NO_AUTH,shared
WEB-0264,LINKED_RESOURCE,https://www.federalreserve.gov/releases/g17/20100616/g17.txt,.txt,ASCII,table-link,1,PUBLIC_GET_NO_AUTH,shared
WEB-0264,LINKED_RESOURCE,https://www.federalreserve.gov/releases/g17/20100616/g17_sup.pdf,.pdf,PDF,table-link,1,PUBLIC_GET_NO_AUTH,shared
WEB-0264,LINKED_RESOURCE,https://www.federalreserve.gov/releases/g17/20100616/g17_sup.txt,.txt,ASCII,table-link,1,PUBLIC_GET_NO_AUTH,shared
WEB-0264,LINKED_RESOURCE,https://www.federalreserve.gov/releases/g17/20100514/g17.pdf,.pdf,PDF,table-link,1,PUBLIC_GET_NO_AUTH,shared
WEB-0264,LINKED_RESOURCE,https://www.federalreserve.gov/releases/g17/20100514/g17.txt,.txt,ASCII,table-link,1,PUBLIC_GET_NO_AUTH,shared
WEB-0264,LINKED_RESOURCE,https://www.federalreserve.gov/releases/g17/20100514/g17_sup.pdf,.pdf,PDF,table-link,1,PUBLIC_GET_NO_AUTH,shared
WEB-0264,LINKED_RESOURCE,https://www.federalreserve.gov/releases/g17/20100514/g17_sup.txt,.txt,ASCII,table-link,1,PUBLIC_GET_NO_AUTH,shared
WEB-0264,LINKED_RESOURCE,https://www.federalreserve.gov/releases/g17/20100415/g17.pdf,.pdf,PDF,table-link,1,PUBLIC_GET_NO_AUTH,shared
WEB-0264,LINKED_RESOURCE,https://www.federalreserve.gov/releases/g17/20100415/g17.txt,.txt,ASCII,table-link,1,PUBLIC_GET_NO_AUTH,shared
WEB-0264,LINKED_RESOURCE,https://www.federalreserve.gov/releases/g17/20100415/g17_sup.pdf,.pdf,PDF,table-link,1,PUBLIC_GET_NO_AUTH,shared
WEB-0264,LINKED_RESOURCE,https://www.federalreserve.gov/releases/g17/20100415/g17_sup.txt,.txt,ASCII,table-link,1,PUBLIC_GET_NO_AUTH,shared
WEB-0264,LINKED_RESOURCE,https://www.federalreserve.gov/releases/g17/20100315/g17.pdf,.pdf,PDF,table-link,1,PUBLIC_GET_NO_AUTH,shared
WEB-0264,LINKED_RESOURCE,https://www.federalreserve.gov/releases/g17/20100315/g17.txt,.txt,ASCII,table-link,1,PUBLIC_GET_NO_AUTH,shared
WEB-0264,LINKED_RESOURCE,https://www.federalreserve.gov/releases/g17/20100315/g17_sup.pdf,.pdf,PDF,table-link,1,PUBLIC_GET_NO_AUTH,shared
WEB-0264,LINKED_RESOURCE,https://www.federalreserve.gov/releases/g17/20100315/g17_sup.txt,.txt,ASCII,table-link,1,PUBLIC_GET_NO_AUTH,shared
WEB-0264,LINKED_RESOURCE,https://www.federalreserve.gov/releases/g17/20100217/g17.pdf,.pdf,PDF,table-link,1,PUBLIC_GET_NO_AUTH,shared
WEB-0264,LINKED_RESOURCE,https://www.federalreserve.gov/releases/g17/20100217/g17.txt,.txt,ASCII,table-link,1,PUBLIC_GET_NO_AUTH,shared
WEB-0264,LINKED_RESOURCE,https://www.federalreserve.gov/releases/g17/20100217/g17_sup.pdf,.pdf,PDF,table-link,1,PUBLIC_GET_NO_AUTH,shared
WEB-0264,LINKED_RESOURCE,https://www.federalreserve.gov/releases/g17/20100217/g17_sup.txt,.txt,ASCII,table-link,1,PUBLIC_GET_NO_AUTH,shared
WEB-0264,LINKED_RESOURCE,https://www.federalreserve.gov/releases/g17/20100115/g17.pdf,.pdf,PDF,table-link,1,PUBLIC_GET_NO_AUTH,shared
WEB-0264,LINKED_RESOURCE,https://www.federalreserve.gov/releases/g17/20100115/g17.txt,.txt,ASCII,table-link,1,PUBLIC_GET_NO_AUTH,shared
WEB-0264,LINKED_RESOURCE,https://www.federalreserve.gov/releases/g17/20100115/g17_sup.pdf,.pdf,PDF,table-link,1,PUBLIC_GET_NO_AUTH,shared
WEB-0264,LINKED_RESOURCE,https://www.federalreserve.gov/releases/g17/20100115/g17_sup.txt,.txt,ASCII,table-link,1,PUBLIC_GET_NO_AUTH,shared
WEB-0264,LINKED_RESOURCE,https://www.federalreserve.gov/releases/g17/20091215/g17.pdf,.pdf,PDF,table-link,1,PUBLIC_GET_NO_AUTH,shared
WEB-0264,LINKED_RESOURCE,https://www.federalreserve.gov/releases/g17/20091215/g17.txt,.txt,ASCII,table-link,1,PUBLIC_GET_NO_AUTH,shared
WEB-0264,LINKED_RESOURCE,https://www.federalreserve.gov/releases/g17/20091215/g17_sup.pdf,.pdf,PDF,table-link,1,PUBLIC_GET_NO_AUTH,shared
WEB-0264,LINKED_RESOURCE,https://www.federalreserve.gov/releases/g17/20091215/g17_sup.txt,.txt,ASCII,table-link,1,PUBLIC_GET_NO_AUTH,shared
WEB-0264,LINKED_RESOURCE,https://www.federalreserve.gov/releases/g17/20091117/g17.pdf,.pdf,PDF,table-link,1,PUBLIC_GET_NO_AUTH,shared
WEB-0264,LINKED_RESOURCE,https://www.federalreserve.gov/releases/g17/20091117/g17.txt,.txt,ASCII,table-link,1,PUBLIC_GET_NO_AUTH,shared
WEB-0264,LINKED_RESOURCE,https://www.federalreserve.gov/releases/g17/20091117/g17_sup.pdf,.pdf,PDF,table-link,1,PUBLIC_GET_NO_AUTH,shared
WEB-0264,LINKED_RESOURCE,https://www.federalreserve.gov/releases/g17/20091117/g17_sup.txt,.txt,ASCII,table-link,1,PUBLIC_GET_NO_AUTH,shared
WEB-0264,LINKED_RESOURCE,https://www.federalreserve.gov/releases/g17/20091016/g17.pdf,.pdf,PDF,table-link,1,PUBLIC_GET_NO_AUTH,shared
WEB-0264,LINKED_RESOURCE,https://www.federalreserve.gov/releases/g17/20091016/g17.txt,.txt,ASCII,table-link,1,PUBLIC_GET_NO_AUTH,shared
WEB-0264,LINKED_RESOURCE,https://www.federalreserve.gov/releases/g17/20091016/g17_sup.pdf,.pdf,PDF,table-link,1,PUBLIC_GET_NO_AUTH,shared
WEB-0264,LINKED_RESOURCE,https://www.federalreserve.gov/releases/g17/20091016/g17_sup.txt,.txt,ASCII,table-link,1,PUBLIC_GET_NO_AUTH,shared
WEB-0264,LINKED_RESOURCE,https://www.federalreserve.gov/releases/g17/20090916/g17.pdf,.pdf,PDF,table-link,1,PUBLIC_GET_NO_AUTH,shared
WEB-0264,LINKED_RESOURCE,https://www.federalreserve.gov/releases/g17/20090916/g17.txt,.txt,ASCII,table-link,1,PUBLIC_GET_NO_AUTH,shared
WEB-0264,LINKED_RESOURCE,https://www.federalreserve.gov/releases/g17/20090916/g17_sup.pdf,.pdf,PDF,table-link,1,PUBLIC_GET_NO_AUTH,shared
WEB-0264,LINKED_RESOURCE,https://www.federalreserve.gov/releases/g17/20090916/g17_sup.txt,.txt,ASCII,table-link,1,PUBLIC_GET_NO_AUTH,shared
WEB-0264,LINKED_RESOURCE,https://www.federalreserve.gov/releases/g17/20090814/g17.pdf,.pdf,PDF,table-link,1,PUBLIC_GET_NO_AUTH,shared
WEB-0264,LINKED_RESOURCE,https://www.federalreserve.gov/releases/g17/20090814/g17.txt,.txt,ASCII,table-link,1,PUBLIC_GET_NO_AUTH,shared
WEB-0264,LINKED_RESOURCE,https://www.federalreserve.gov/releases/g17/20090814/g17_sup.pdf,.pdf,PDF,table-link,1,PUBLIC_GET_NO_AUTH,shared
WEB-0264,LINKED_RESOURCE,https://www.federalreserve.gov/releases/g17/20090814/g17_sup.txt,.txt,ASCII,table-link,1,PUBLIC_GET_NO_AUTH,shared
WEB-0264,LINKED_RESOURCE,https://www.federalreserve.gov/releases/g17/20090715/g17.pdf,.pdf,PDF,table-link,1,PUBLIC_GET_NO_AUTH,shared
WEB-0264,LINKED_RESOURCE,https://www.federalreserve.gov/releases/g17/20090715/g17.txt,.txt,ASCII,table-link,1,PUBLIC_GET_NO_AUTH,shared
WEB-0264,LINKED_RESOURCE,https://www.federalreserve.gov/releases/g17/20090715/g17_sup.pdf,.pdf,PDF,table-link,1,PUBLIC_GET_NO_AUTH,shared
WEB-0264,LINKED_RESOURCE,https://www.federalreserve.gov/releases/g17/20090715/g17_sup.txt,.txt,ASCII,table-link,1,PUBLIC_GET_NO_AUTH,shared
WEB-0264,LINKED_RESOURCE,https://www.federalreserve.gov/releases/g17/20090616/g17.pdf,.pdf,PDF,table-link,1,PUBLIC_GET_NO_AUTH,shared
WEB-0264,LINKED_RESOURCE,https://www.federalreserve.gov/releases/g17/20090616/g17.txt,.txt,ASCII,table-link,1,PUBLIC_GET_NO_AUTH,shared
WEB-0264,LINKED_RESOURCE,https://www.federalreserve.gov/releases/g17/20090616/g17_sup.pdf,.pdf,PDF,table-link,1,PUBLIC_GET_NO_AUTH,shared
WEB-0264,LINKED_RESOURCE,https://www.federalreserve.gov/releases/g17/20090616/g17_sup.txt,.txt,ASCII,table-link,1,PUBLIC_GET_NO_AUTH,shared
WEB-0264,LINKED_RESOURCE,https://www.federalreserve.gov/releases/g17/20090515/g17.pdf,.pdf,PDF,table-link,1,PUBLIC_GET_NO_AUTH,shared
WEB-0264,LINKED_RESOURCE,https://www.federalreserve.gov/releases/g17/20090515/g17.txt,.txt,ASCII,table-link,1,PUBLIC_GET_NO_AUTH,shared
WEB-0264,LINKED_RESOURCE,https://www.federalreserve.gov/releases/g17/20090515/g17_sup.pdf,.pdf,PDF,table-link,1,PUBLIC_GET_NO_AUTH,shared
WEB-0264,LINKED_RESOURCE,https://www.federalreserve.gov/releases/g17/20090515/g17_sup.txt,.txt,ASCII,table-link,1,PUBLIC_GET_NO_AUTH,shared
WEB-0264,LINKED_RESOURCE,https://www.federalreserve.gov/releases/g17/20090415/g17.pdf,.pdf,PDF,table-link,1,PUBLIC_GET_NO_AUTH,shared
WEB-0264,LINKED_RESOURCE,https://www.federalreserve.gov/releases/g17/20090415/g17.txt,.txt,ASCII,table-link,1,PUBLIC_GET_NO_AUTH,shared
WEB-0264,LINKED_RESOURCE,https://www.federalreserve.gov/releases/g17/20090415/g17_sup.pdf,.pdf,PDF,table-link,1,PUBLIC_GET_NO_AUTH,shared
WEB-0264,LINKED_RESOURCE,https://www.federalreserve.gov/releases/g17/20090415/g17_sup.txt,.txt,ASCII,table-link,1,PUBLIC_GET_NO_AUTH,shared
WEB-0264,LINKED_RESOURCE,https://www.federalreserve.gov/releases/g17/Revisions/20090327/g17rev.pdf,.pdf,PDF,table-link,1,PUBLIC_GET_NO_AUTH,shared
WEB-0264,LINKED_RESOURCE,https://www.federalreserve.gov/releases/g17/Revisions/20090327/g17rev.txt,.txt,ASCII,table-link,1,PUBLIC_GET_NO_AUTH,shared
WEB-0264,LINKED_RESOURCE,https://www.federalreserve.gov/releases/g17/20090316/g17.pdf,.pdf,PDF,table-link,1,PUBLIC_GET_NO_AUTH,shared
WEB-0264,LINKED_RESOURCE,https://www.federalreserve.gov/releases/g17/20090316/g17.txt,.txt,ASCII,table-link,1,PUBLIC_GET_NO_AUTH,shared
WEB-0264,LINKED_RESOURCE,https://www.federalreserve.gov/releases/g17/20090316/g17_sup.pdf,.pdf,PDF,table-link,1,PUBLIC_GET_NO_AUTH,shared
WEB-0264,LINKED_RESOURCE,https://www.federalreserve.gov/releases/g17/20090316/g17_sup.txt,.txt,ASCII,table-link,1,PUBLIC_GET_NO_AUTH,shared
WEB-0264,LINKED_RESOURCE,https://www.federalreserve.gov/releases/g17/20090218/g17.pdf,.pdf,PDF,table-link,1,PUBLIC_GET_NO_AUTH,shared
WEB-0264,LINKED_RESOURCE,https://www.federalreserve.gov/releases/g17/20090218/g17.txt,.txt,ASCII,table-link,1,PUBLIC_GET_NO_AUTH,shared
WEB-0264,LINKED_RESOURCE,https://www.federalreserve.gov/releases/g17/20090218/g17_sup.pdf,.pdf,PDF,table-link,1,PUBLIC_GET_NO_AUTH,shared
WEB-0264,LINKED_RESOURCE,https://www.federalreserve.gov/releases/g17/20090218/g17_sup.txt,.txt,ASCII,table-link,1,PUBLIC_GET_NO_AUTH,shared
WEB-0264,LINKED_RESOURCE,https://www.federalreserve.gov/releases/g17/20090116/g17.pdf,.pdf,PDF,table-link,1,PUBLIC_GET_NO_AUTH,shared
WEB-0264,LINKED_RESOURCE,https://www.federalreserve.gov/releases/g17/20090116/g17.txt,.txt,ASCII,table-link,1,PUBLIC_GET_NO_AUTH,shared
WEB-0264,LINKED_RESOURCE,https://www.federalreserve.gov/releases/g17/20090116/g17_sup.pdf,.pdf,PDF,table-link,1,PUBLIC_GET_NO_AUTH,shared
WEB-0264,LINKED_RESOURCE,https://www.federalreserve.gov/releases/g17/20090116/g17_sup.txt,.txt,ASCII,table-link,1,PUBLIC_GET_NO_AUTH,shared
WEB-0264,LINKED_RESOURCE,https://www.federalreserve.gov/releases/g17/20081215/g17.pdf,.pdf,PDF,table-link,1,PUBLIC_GET_NO_AUTH,shared
WEB-0264,LINKED_RESOURCE,https://www.federalreserve.gov/releases/g17/20081215/g17.txt,.txt,ASCII,table-link,1,PUBLIC_GET_NO_AUTH,shared
WEB-0264,LINKED_RESOURCE,https://www.federalreserve.gov/releases/g17/20081215/g17_sup.pdf,.pdf,PDF,table-link,1,PUBLIC_GET_NO_AUTH,shared
WEB-0264,LINKED_RESOURCE,https://www.federalreserve.gov/releases/g17/20081215/g17_sup.txt,.txt,ASCII,table-link,1,PUBLIC_GET_NO_AUTH,shared
WEB-0264,LINKED_RESOURCE,https://www.federalreserve.gov/releases/g17/20081117/g17.pdf,.pdf,PDF,table-link,1,PUBLIC_GET_NO_AUTH,shared
WEB-0264,LINKED_RESOURCE,https://www.federalreserve.gov/releases/g17/20081117/g17.txt,.txt,ASCII,table-link,1,PUBLIC_GET_NO_AUTH,shared
WEB-0264,LINKED_RESOURCE,https://www.federalreserve.gov/releases/g17/20081117/g17_sup.pdf,.pdf,PDF,table-link,1,PUBLIC_GET_NO_AUTH,shared
WEB-0264,LINKED_RESOURCE,https://www.federalreserve.gov/releases/g17/20081117/g17_sup.txt,.txt,ASCII,table-link,1,PUBLIC_GET_NO_AUTH,shared
WEB-0264,LINKED_RESOURCE,https://www.federalreserve.gov/releases/g17/20081016/g17.pdf,.pdf,PDF,table-link,1,PUBLIC_GET_NO_AUTH,shared
WEB-0264,LINKED_RESOURCE,https://www.federalreserve.gov/releases/g17/20081016/g17.txt,.txt,ASCII,table-link,1,PUBLIC_GET_NO_AUTH,shared
WEB-0264,LINKED_RESOURCE,https://www.federalreserve.gov/releases/g17/20081016/g17_sup.pdf,.pdf,PDF,table-link,1,PUBLIC_GET_NO_AUTH,shared
WEB-0264,LINKED_RESOURCE,https://www.federalreserve.gov/releases/g17/20081016/g17_sup.txt,.txt,ASCII,table-link,1,PUBLIC_GET_NO_AUTH,shared
WEB-0264,LINKED_RESOURCE,https://www.federalreserve.gov/releases/g17/20080915/g17.pdf,.pdf,PDF,table-link,1,PUBLIC_GET_NO_AUTH,shared
WEB-0264,LINKED_RESOURCE,https://www.federalreserve.gov/releases/g17/20080915/g17.txt,.txt,ASCII,table-link,1,PUBLIC_GET_NO_AUTH,shared
WEB-0264,LINKED_RESOURCE,https://www.federalreserve.gov/releases/g17/20080915/g17_sup.pdf,.pdf,PDF,table-link,1,PUBLIC_GET_NO_AUTH,shared
WEB-0264,LINKED_RESOURCE,https://www.federalreserve.gov/releases/g17/20080915/g17_sup.txt,.txt,ASCII,table-link,1,PUBLIC_GET_NO_AUTH,shared
WEB-0264,LINKED_RESOURCE,https://www.federalreserve.gov/releases/g17/20080815/g17.pdf,.pdf,PDF,table-link,1,PUBLIC_GET_NO_AUTH,shared
WEB-0264,LINKED_RESOURCE,https://www.federalreserve.gov/releases/g17/20080815/g17.txt,.txt,ASCII,table-link,1,PUBLIC_GET_NO_AUTH,shared
WEB-0264,LINKED_RESOURCE,https://www.federalreserve.gov/releases/g17/20080815/g17_sup.pdf,.pdf,PDF,table-link,1,PUBLIC_GET_NO_AUTH,shared
WEB-0264,LINKED_RESOURCE,https://www.federalreserve.gov/releases/g17/20080815/g17_sup.txt,.txt,ASCII,table-link,1,PUBLIC_GET_NO_AUTH,shared
WEB-0264,LINKED_RESOURCE,https://www.federalreserve.gov/releases/g17/20080716/g17.pdf,.pdf,PDF,table-link,1,PUBLIC_GET_NO_AUTH,shared
WEB-0264,LINKED_RESOURCE,https://www.federalreserve.gov/releases/g17/20080716/g17.txt,.txt,ASCII,table-link,1,PUBLIC_GET_NO_AUTH,shared
WEB-0264,LINKED_RESOURCE,https://www.federalreserve.gov/releases/g17/20080716/g17_sup.pdf,.pdf,PDF,table-link,1,PUBLIC_GET_NO_AUTH,shared
WEB-0264,LINKED_RESOURCE,https://www.federalreserve.gov/releases/g17/20080716/g17_sup.txt,.txt,ASCII,table-link,1,PUBLIC_GET_NO_AUTH,shared
WEB-0264,LINKED_RESOURCE,https://www.federalreserve.gov/releases/g17/20080617/g17.pdf,.pdf,PDF,table-link,1,PUBLIC_GET_NO_AUTH,shared
WEB-0264,LINKED_RESOURCE,https://www.federalreserve.gov/releases/g17/20080617/g17.txt,.txt,ASCII,table-link,1,PUBLIC_GET_NO_AUTH,shared
WEB-0264,LINKED_RESOURCE,https://www.federalreserve.gov/releases/g17/20080617/g17_sup.pdf,.pdf,PDF,table-link,1,PUBLIC_GET_NO_AUTH,shared
WEB-0264,LINKED_RESOURCE,https://www.federalreserve.gov/releases/g17/20080617/g17_sup.txt,.txt,ASCII,table-link,1,PUBLIC_GET_NO_AUTH,shared
WEB-0264,LINKED_RESOURCE,https://www.federalreserve.gov/releases/g17/20080515/g17.pdf,.pdf,PDF,table-link,1,PUBLIC_GET_NO_AUTH,shared
WEB-0264,LINKED_RESOURCE,https://www.federalreserve.gov/releases/g17/20080515/g17.txt,.txt,ASCII,table-link,1,PUBLIC_GET_NO_AUTH,shared
WEB-0264,LINKED_RESOURCE,https://www.federalreserve.gov/releases/g17/20080515/g17_sup.pdf,.pdf,PDF,table-link,1,PUBLIC_GET_NO_AUTH,shared
WEB-0264,LINKED_RESOURCE,https://www.federalreserve.gov/releases/g17/20080515/g17_sup.txt,.txt,ASCII,table-link,1,PUBLIC_GET_NO_AUTH,shared
WEB-0264,LINKED_RESOURCE,https://www.federalreserve.gov/releases/g17/20080416/g17.pdf,.pdf,PDF,table-link,1,PUBLIC_GET_NO_AUTH,shared
WEB-0264,LINKED_RESOURCE,https://www.federalreserve.gov/releases/g17/20080416/g17.txt,.txt,ASCII,table-link,1,PUBLIC_GET_NO_AUTH,shared
WEB-0264,LINKED_RESOURCE,https://www.federalreserve.gov/releases/g17/20080416/g17_sup.pdf,.pdf,PDF,table-link,1,PUBLIC_GET_NO_AUTH,shared
WEB-0264,LINKED_RESOURCE,https://www.federalreserve.gov/releases/g17/20080416/g17_sup.txt,.txt,ASCII,table-link,1,PUBLIC_GET_NO_AUTH,shared
WEB-0264,LINKED_RESOURCE,https://www.federalreserve.gov/releases/g17/Revisions/20080328/g17rev.pdf,.pdf,PDF,table-link,1,PUBLIC_GET_NO_AUTH,shared
WEB-0264,LINKED_RESOURCE,https://www.federalreserve.gov/releases/g17/Revisions/20080328/g17rev.txt,.txt,ASCII,table-link,1,PUBLIC_GET_NO_AUTH,shared
WEB-0264,LINKED_RESOURCE,https://www.federalreserve.gov/releases/g17/20080317/g17.pdf,.pdf,PDF,table-link,1,PUBLIC_GET_NO_AUTH,shared
WEB-0264,LINKED_RESOURCE,https://www.federalreserve.gov/releases/g17/20080317/g17.txt,.txt,ASCII,table-link,1,PUBLIC_GET_NO_AUTH,shared
WEB-0264,LINKED_RESOURCE,https://www.federalreserve.gov/releases/g17/20080317/g17_sup.pdf,.pdf,PDF,table-link,1,PUBLIC_GET_NO_AUTH,shared
WEB-0264,LINKED_RESOURCE,https://www.federalreserve.gov/releases/g17/20080317/g17_sup.txt,.txt,ASCII,table-link,1,PUBLIC_GET_NO_AUTH,shared
WEB-0264,LINKED_RESOURCE,https://www.federalreserve.gov/releases/g17/20080215/g17.pdf,.pdf,PDF,table-link,1,PUBLIC_GET_NO_AUTH,shared
WEB-0264,LINKED_RESOURCE,https://www.federalreserve.gov/releases/g17/20080215/g17.txt,.txt,ASCII,table-link,1,PUBLIC_GET_NO_AUTH,shared
WEB-0264,LINKED_RESOURCE,https://www.federalreserve.gov/releases/g17/20080215/g17_sup.pdf,.pdf,PDF,table-link,1,PUBLIC_GET_NO_AUTH,shared
WEB-0264,LINKED_RESOURCE,https://www.federalreserve.gov/releases/g17/20080215/g17_sup.txt,.txt,ASCII,table-link,1,PUBLIC_GET_NO_AUTH,shared
WEB-0264,LINKED_RESOURCE,https://www.federalreserve.gov/releases/g17/20080116/g17.pdf,.pdf,PDF,table-link,1,PUBLIC_GET_NO_AUTH,shared
WEB-0264,LINKED_RESOURCE,https://www.federalreserve.gov/releases/g17/20080116/g17.txt,.txt,ASCII,table-link,1,PUBLIC_GET_NO_AUTH,shared
WEB-0264,LINKED_RESOURCE,https://www.federalreserve.gov/releases/g17/20080116/g17_sup.pdf,.pdf,PDF,table-link,1,PUBLIC_GET_NO_AUTH,shared
WEB-0264,LINKED_RESOURCE,https://www.federalreserve.gov/releases/g17/20080116/g17_sup.txt,.txt,ASCII,table-link,1,PUBLIC_GET_NO_AUTH,shared
WEB-0264,LINKED_RESOURCE,https://www.federalreserve.gov/releases/g17/20071214/g17.pdf,.pdf,PDF,table-link,1,PUBLIC_GET_NO_AUTH,shared
WEB-0264,LINKED_RESOURCE,https://www.federalreserve.gov/releases/g17/20071214/g17.txt,.txt,ASCII,table-link,1,PUBLIC_GET_NO_AUTH,shared
WEB-0264,LINKED_RESOURCE,https://www.federalreserve.gov/releases/g17/20071214/g17_sup.pdf,.pdf,PDF,table-link,1,PUBLIC_GET_NO_AUTH,shared
WEB-0264,LINKED_RESOURCE,https://www.federalreserve.gov/releases/g17/20071214/g17_sup.txt,.txt,ASCII,table-link,1,PUBLIC_GET_NO_AUTH,shared
WEB-0264,LINKED_RESOURCE,https://www.federalreserve.gov/releases/g17/20071116/g17.pdf,.pdf,PDF,table-link,1,PUBLIC_GET_NO_AUTH,shared
WEB-0264,LINKED_RESOURCE,https://www.federalreserve.gov/releases/g17/20071116/g17.txt,.txt,ASCII,table-link,1,PUBLIC_GET_NO_AUTH,shared
WEB-0264,LINKED_RESOURCE,https://www.federalreserve.gov/releases/g17/20071116/g17_sup.pdf,.pdf,PDF,table-link,1,PUBLIC_GET_NO_AUTH,shared
WEB-0264,LINKED_RESOURCE,https://www.federalreserve.gov/releases/g17/20071116/g17_sup.txt,.txt,ASCII,table-link,1,PUBLIC_GET_NO_AUTH,shared
WEB-0264,LINKED_RESOURCE,https://www.federalreserve.gov/releases/g17/20071016/g17.pdf,.pdf,PDF,table-link,1,PUBLIC_GET_NO_AUTH,shared
WEB-0264,LINKED_RESOURCE,https://www.federalreserve.gov/releases/g17/20071016/g17.txt,.txt,ASCII,table-link,1,PUBLIC_GET_NO_AUTH,shared
WEB-0264,LINKED_RESOURCE,https://www.federalreserve.gov/releases/g17/20071016/g17_sup.pdf,.pdf,PDF,table-link,1,PUBLIC_GET_NO_AUTH,shared
WEB-0264,LINKED_RESOURCE,https://www.federalreserve.gov/releases/g17/20071016/g17_sup.txt,.txt,ASCII,table-link,1,PUBLIC_GET_NO_AUTH,shared
WEB-0264,LINKED_RESOURCE,https://www.federalreserve.gov/releases/g17/20070914/g17.pdf,.pdf,PDF,table-link,1,PUBLIC_GET_NO_AUTH,shared
WEB-0264,LINKED_RESOURCE,https://www.federalreserve.gov/releases/g17/20070914/g17.txt,.txt,ASCII,table-link,1,PUBLIC_GET_NO_AUTH,shared
WEB-0264,LINKED_RESOURCE,https://www.federalreserve.gov/releases/g17/20070914/g17_sup.pdf,.pdf,PDF,table-link,1,PUBLIC_GET_NO_AUTH,shared
WEB-0264,LINKED_RESOURCE,https://www.federalreserve.gov/releases/g17/20070914/g17_sup.txt,.txt,ASCII,table-link,1,PUBLIC_GET_NO_AUTH,shared
WEB-0264,LINKED_RESOURCE,https://www.federalreserve.gov/releases/g17/20070815/g17.pdf,.pdf,PDF,table-link,1,PUBLIC_GET_NO_AUTH,shared
WEB-0264,LINKED_RESOURCE,https://www.federalreserve.gov/releases/g17/20070815/g17.txt,.txt,ASCII,table-link,1,PUBLIC_GET_NO_AUTH,shared
WEB-0264,LINKED_RESOURCE,https://www.federalreserve.gov/releases/g17/20070815/g17_sup.pdf,.pdf,PDF,table-link,1,PUBLIC_GET_NO_AUTH,shared
WEB-0264,LINKED_RESOURCE,https://www.federalreserve.gov/releases/g17/20070815/g17_sup.txt,.txt,ASCII,table-link,1,PUBLIC_GET_NO_AUTH,shared
WEB-0264,LINKED_RESOURCE,https://www.federalreserve.gov/releases/g17/20070717/g17.pdf,.pdf,PDF,table-link,1,PUBLIC_GET_NO_AUTH,shared
WEB-0264,LINKED_RESOURCE,https://www.federalreserve.gov/releases/g17/20070717/g17.txt,.txt,ASCII,table-link,1,PUBLIC_GET_NO_AUTH,shared
WEB-0264,LINKED_RESOURCE,https://www.federalreserve.gov/releases/g17/20070717/g17_sup.pdf,.pdf,PDF,table-link,1,PUBLIC_GET_NO_AUTH,shared
WEB-0264,LINKED_RESOURCE,https://www.federalreserve.gov/releases/g17/20070717/g17_sup.txt,.txt,ASCII,table-link,1,PUBLIC_GET_NO_AUTH,shared
WEB-0264,LINKED_RESOURCE,https://www.federalreserve.gov/releases/g17/20070615/g17.pdf,.pdf,PDF,table-link,1,PUBLIC_GET_NO_AUTH,shared
WEB-0264,LINKED_RESOURCE,https://www.federalreserve.gov/releases/g17/20070615/g17.txt,.txt,ASCII,table-link,1,PUBLIC_GET_NO_AUTH,shared
WEB-0264,LINKED_RESOURCE,https://www.federalreserve.gov/releases/g17/20070615/g17_sup.pdf,.pdf,PDF,table-link,1,PUBLIC_GET_NO_AUTH,shared
WEB-0264,LINKED_RESOURCE,https://www.federalreserve.gov/releases/g17/20070615/g17_sup.txt,.txt,ASCII,table-link,1,PUBLIC_GET_NO_AUTH,shared
WEB-0264,LINKED_RESOURCE,https://www.federalreserve.gov/releases/g17/20070516/g17.pdf,.pdf,PDF,table-link,1,PUBLIC_GET_NO_AUTH,shared
WEB-0264,LINKED_RESOURCE,https://www.federalreserve.gov/releases/g17/20070516/g17.txt,.txt,ASCII,table-link,1,PUBLIC_GET_NO_AUTH,shared
WEB-0264,LINKED_RESOURCE,https://www.federalreserve.gov/releases/g17/20070516/g17_sup.pdf,.pdf,PDF,table-link,1,PUBLIC_GET_NO_AUTH,shared
WEB-0264,LINKED_RESOURCE,https://www.federalreserve.gov/releases/g17/20070516/g17_sup.txt,.txt,ASCII,table-link,1,PUBLIC_GET_NO_AUTH,shared
WEB-0264,LINKED_RESOURCE,https://www.federalreserve.gov/releases/g17/20070417/g17.pdf,.pdf,PDF,table-link,1,PUBLIC_GET_NO_AUTH,shared
WEB-0264,LINKED_RESOURCE,https://www.federalreserve.gov/releases/g17/20070417/g17.txt,.txt,ASCII,table-link,1,PUBLIC_GET_NO_AUTH,shared
WEB-0264,LINKED_RESOURCE,https://www.federalreserve.gov/releases/g17/20070417/g17_sup.pdf,.pdf,PDF,table-link,1,PUBLIC_GET_NO_AUTH,shared
WEB-0264,LINKED_RESOURCE,https://www.federalreserve.gov/releases/g17/20070417/g17_sup.txt,.txt,ASCII,table-link,1,PUBLIC_GET_NO_AUTH,shared
WEB-0264,LINKED_RESOURCE,https://www.federalreserve.gov/releases/g17/20070316/g17.pdf,.pdf,PDF,table-link,1,PUBLIC_GET_NO_AUTH,shared
WEB-0264,LINKED_RESOURCE,https://www.federalreserve.gov/releases/g17/20070316/g17.txt,.txt,ASCII,table-link,1,PUBLIC_GET_NO_AUTH,shared
WEB-0264,LINKED_RESOURCE,https://www.federalreserve.gov/releases/g17/20070316/g17_sup.pdf,.pdf,PDF,table-link,1,PUBLIC_GET_NO_AUTH,shared
WEB-0264,LINKED_RESOURCE,https://www.federalreserve.gov/releases/g17/20070316/g17_sup.txt,.txt,ASCII,table-link,1,PUBLIC_GET_NO_AUTH,shared
WEB-0264,LINKED_RESOURCE,https://www.federalreserve.gov/releases/g17/20070215/g17.pdf,.pdf,PDF,table-link,1,PUBLIC_GET_NO_AUTH,shared
WEB-0264,LINKED_RESOURCE,https://www.federalreserve.gov/releases/g17/20070215/g17.txt,.txt,ASCII,table-link,1,PUBLIC_GET_NO_AUTH,shared
WEB-0264,LINKED_RESOURCE,https://www.federalreserve.gov/releases/g17/20070215/g17_sup.pdf,.pdf,PDF,table-link,1,PUBLIC_GET_NO_AUTH,shared
WEB-0264,LINKED_RESOURCE,https://www.federalreserve.gov/releases/g17/20070215/g17_sup.txt,.txt,ASCII,table-link,1,PUBLIC_GET_NO_AUTH,shared
WEB-0264,LINKED_RESOURCE,https://www.federalreserve.gov/releases/g17/20070117/g17.pdf,.pdf,PDF,table-link,1,PUBLIC_GET_NO_AUTH,shared
WEB-0264,LINKED_RESOURCE,https://www.federalreserve.gov/releases/g17/20070117/g17.txt,.txt,ASCII,table-link,1,PUBLIC_GET_NO_AUTH,shared
WEB-0264,LINKED_RESOURCE,https://www.federalreserve.gov/releases/g17/20070117/g17_sup.pdf,.pdf,PDF,table-link,1,PUBLIC_GET_NO_AUTH,shared
WEB-0264,LINKED_RESOURCE,https://www.federalreserve.gov/releases/g17/20070117/g17_sup.txt,.txt,ASCII,table-link,1,PUBLIC_GET_NO_AUTH,shared
WEB-0264,LINKED_RESOURCE,https://www.federalreserve.gov/releases/g17/20061215/g17.pdf,.pdf,PDF,table-link,1,PUBLIC_GET_NO_AUTH,shared
WEB-0264,LINKED_RESOURCE,https://www.federalreserve.gov/releases/g17/20061215/g17.txt,.txt,ASCII,table-link,1,PUBLIC_GET_NO_AUTH,shared
WEB-0264,LINKED_RESOURCE,https://www.federalreserve.gov/releases/g17/20061215/g17_sup.pdf,.pdf,PDF,table-link,1,PUBLIC_GET_NO_AUTH,shared
WEB-0264,LINKED_RESOURCE,https://www.federalreserve.gov/releases/g17/20061215/g17_sup.txt,.txt,ASCII,table-link,1,PUBLIC_GET_NO_AUTH,shared
WEB-0264,LINKED_RESOURCE,https://www.federalreserve.gov/releases/g17/Revisions/20061211/g17rev.pdf,.pdf,PDF,table-link,1,PUBLIC_GET_NO_AUTH,shared
WEB-0264,LINKED_RESOURCE,https://www.federalreserve.gov/releases/g17/Revisions/20061211/g17rev.txt,.txt,ASCII,table-link,1,PUBLIC_GET_NO_AUTH,shared
WEB-0264,LINKED_RESOURCE,https://www.federalreserve.gov/releases/g17/20061116/g17.pdf,.pdf,PDF,table-link,1,PUBLIC_GET_NO_AUTH,shared
WEB-0264,LINKED_RESOURCE,https://www.federalreserve.gov/releases/g17/20061116/g17.txt,.txt,ASCII,table-link,1,PUBLIC_GET_NO_AUTH,shared
WEB-0264,LINKED_RESOURCE,https://www.federalreserve.gov/releases/g17/20061116/g17_sup.pdf,.pdf,PDF,table-link,1,PUBLIC_GET_NO_AUTH,shared
WEB-0264,LINKED_RESOURCE,https://www.federalreserve.gov/releases/g17/20061116/g17_sup.txt,.txt,ASCII,table-link,1,PUBLIC_GET_NO_AUTH,shared
WEB-0264,LINKED_RESOURCE,https://www.federalreserve.gov/releases/g17/20061017/g17.pdf,.pdf,PDF,table-link,1,PUBLIC_GET_NO_AUTH,shared
WEB-0264,LINKED_RESOURCE,https://www.federalreserve.gov/releases/g17/20061017/g17.txt,.txt,ASCII,table-link,1,PUBLIC_GET_NO_AUTH,shared
WEB-0264,LINKED_RESOURCE,https://www.federalreserve.gov/releases/g17/20061017/g17_sup.pdf,.pdf,PDF,table-link,1,PUBLIC_GET_NO_AUTH,shared
WEB-0264,LINKED_RESOURCE,https://www.federalreserve.gov/releases/g17/20061017/g17_sup.txt,.txt,ASCII,table-link,1,PUBLIC_GET_NO_AUTH,shared
WEB-0264,LINKED_RESOURCE,https://www.federalreserve.gov/releases/g17/20060915/g17.pdf,.pdf,PDF,table-link,1,PUBLIC_GET_NO_AUTH,shared
WEB-0264,LINKED_RESOURCE,https://www.federalreserve.gov/releases/g17/20060915/g17.txt,.txt,ASCII,table-link,1,PUBLIC_GET_NO_AUTH,shared
WEB-0264,LINKED_RESOURCE,https://www.federalreserve.gov/releases/g17/20060915/g17_sup.pdf,.pdf,PDF,table-link,1,PUBLIC_GET_NO_AUTH,shared
WEB-0264,LINKED_RESOURCE,https://www.federalreserve.gov/releases/g17/20060915/g17_sup.txt,.txt,ASCII,table-link,1,PUBLIC_GET_NO_AUTH,shared
WEB-0264,LINKED_RESOURCE,https://www.federalreserve.gov/releases/g17/20060816/g17.pdf,.pdf,PDF,table-link,1,PUBLIC_GET_NO_AUTH,shared
WEB-0264,LINKED_RESOURCE,https://www.federalreserve.gov/releases/g17/20060816/g17.txt,.txt,ASCII,table-link,1,PUBLIC_GET_NO_AUTH,shared
WEB-0264,LINKED_RESOURCE,https://www.federalreserve.gov/releases/g17/20060816/g17_sup.pdf,.pdf,PDF,table-link,1,PUBLIC_GET_NO_AUTH,shared
WEB-0264,LINKED_RESOURCE,https://www.federalreserve.gov/releases/g17/20060816/g17_sup.txt,.txt,ASCII,table-link,1,PUBLIC_GET_NO_AUTH,shared
WEB-0264,LINKED_RESOURCE,https://www.federalreserve.gov/releases/g17/20060717/g17.pdf,.pdf,PDF,table-link,1,PUBLIC_GET_NO_AUTH,shared
WEB-0264,LINKED_RESOURCE,https://www.federalreserve.gov/releases/g17/20060717/g17.txt,.txt,ASCII,table-link,1,PUBLIC_GET_NO_AUTH,shared
WEB-0264,LINKED_RESOURCE,https://www.federalreserve.gov/releases/g17/20060717/g17_sup.pdf,.pdf,PDF,table-link,1,PUBLIC_GET_NO_AUTH,shared
WEB-0264,LINKED_RESOURCE,https://www.federalreserve.gov/releases/g17/20060717/g17_sup.txt,.txt,ASCII,table-link,1,PUBLIC_GET_NO_AUTH,shared
WEB-0264,LINKED_RESOURCE,https://www.federalreserve.gov/releases/g17/20060615/g17.pdf,.pdf,PDF,table-link,1,PUBLIC_GET_NO_AUTH,shared
WEB-0264,LINKED_RESOURCE,https://www.federalreserve.gov/releases/g17/20060615/g17.txt,.txt,ASCII,table-link,1,PUBLIC_GET_NO_AUTH,shared
WEB-0264,LINKED_RESOURCE,https://www.federalreserve.gov/releases/g17/20060615/g17_sup.pdf,.pdf,PDF,table-link,1,PUBLIC_GET_NO_AUTH,shared
WEB-0264,LINKED_RESOURCE,https://www.federalreserve.gov/releases/g17/20060615/g17_sup.txt,.txt,ASCII,table-link,1,PUBLIC_GET_NO_AUTH,shared
WEB-0264,LINKED_RESOURCE,https://www.federalreserve.gov/releases/g17/20060516/g17.pdf,.pdf,PDF,table-link,1,PUBLIC_GET_NO_AUTH,shared
WEB-0264,LINKED_RESOURCE,https://www.federalreserve.gov/releases/g17/20060516/g17.txt,.txt,ASCII,table-link,1,PUBLIC_GET_NO_AUTH,shared
WEB-0264,LINKED_RESOURCE,https://www.federalreserve.gov/releases/g17/20060516/g17_sup.pdf,.pdf,PDF,table-link,1,PUBLIC_GET_NO_AUTH,shared
WEB-0264,LINKED_RESOURCE,https://www.federalreserve.gov/releases/g17/20060516/g17_sup.txt,.txt,ASCII,table-link,1,PUBLIC_GET_NO_AUTH,shared
WEB-0264,LINKED_RESOURCE,https://www.federalreserve.gov/releases/g17/20060414/g17.pdf,.pdf,PDF,table-link,1,PUBLIC_GET_NO_AUTH,shared
WEB-0264,LINKED_RESOURCE,https://www.federalreserve.gov/releases/g17/20060414/g17.txt,.txt,ASCII,table-link,1,PUBLIC_GET_NO_AUTH,shared
WEB-0264,LINKED_RESOURCE,https://www.federalreserve.gov/releases/g17/20060414/g17_sup.pdf,.pdf,PDF,table-link,1,PUBLIC_GET_NO_AUTH,shared
WEB-0264,LINKED_RESOURCE,https://www.federalreserve.gov/releases/g17/20060414/g17_sup.txt,.txt,ASCII,table-link,1,PUBLIC_GET_NO_AUTH,shared
WEB-0264,LINKED_RESOURCE,https://www.federalreserve.gov/releases/g17/20060317/g17.pdf,.pdf,PDF,table-link,1,PUBLIC_GET_NO_AUTH,shared
WEB-0264,LINKED_RESOURCE,https://www.federalreserve.gov/releases/g17/20060317/g17.txt,.txt,ASCII,table-link,1,PUBLIC_GET_NO_AUTH,shared
WEB-0264,LINKED_RESOURCE,https://www.federalreserve.gov/releases/g17/20060317/g17_sup.pdf,.pdf,PDF,table-link,1,PUBLIC_GET_NO_AUTH,shared
WEB-0264,LINKED_RESOURCE,https://www.federalreserve.gov/releases/g17/20060317/g17_sup.txt,.txt,ASCII,table-link,1,PUBLIC_GET_NO_AUTH,shared
WEB-0264,LINKED_RESOURCE,https://www.federalreserve.gov/releases/g17/20060215/g17.pdf,.pdf,PDF,table-link,1,PUBLIC_GET_NO_AUTH,shared
WEB-0264,LINKED_RESOURCE,https://www.federalreserve.gov/releases/g17/20060215/g17.txt,.txt,ASCII,table-link,1,PUBLIC_GET_NO_AUTH,shared
WEB-0264,LINKED_RESOURCE,https://www.federalreserve.gov/releases/g17/20060215/g17_sup.pdf,.pdf,PDF,table-link,1,PUBLIC_GET_NO_AUTH,shared
WEB-0264,LINKED_RESOURCE,https://www.federalreserve.gov/releases/g17/20060215/g17_sup.txt,.txt,ASCII,table-link,1,PUBLIC_GET_NO_AUTH,shared
WEB-0264,LINKED_RESOURCE,https://www.federalreserve.gov/releases/g17/20060117/g17.pdf,.pdf,PDF,table-link,1,PUBLIC_GET_NO_AUTH,shared
WEB-0264,LINKED_RESOURCE,https://www.federalreserve.gov/releases/g17/20060117/g17.txt,.txt,ASCII,table-link,1,PUBLIC_GET_NO_AUTH,shared
WEB-0264,LINKED_RESOURCE,https://www.federalreserve.gov/releases/g17/20060117/g17_sup.pdf,.pdf,PDF,table-link,1,PUBLIC_GET_NO_AUTH,shared
WEB-0264,LINKED_RESOURCE,https://www.federalreserve.gov/releases/g17/20060117/g17_sup.txt,.txt,ASCII,table-link,1,PUBLIC_GET_NO_AUTH,shared
WEB-0264,LINKED_RESOURCE,https://www.federalreserve.gov/releases/g17/20051215/g17.pdf,.pdf,PDF,table-link,1,PUBLIC_GET_NO_AUTH,shared
WEB-0264,LINKED_RESOURCE,https://www.federalreserve.gov/releases/g17/20051215/g17.txt,.txt,ASCII,table-link,1,PUBLIC_GET_NO_AUTH,shared
WEB-0264,LINKED_RESOURCE,https://www.federalreserve.gov/releases/g17/20051215/g17_sup.pdf,.pdf,PDF,table-link,1,PUBLIC_GET_NO_AUTH,shared
WEB-0264,LINKED_RESOURCE,https://www.federalreserve.gov/releases/g17/20051215/g17_sup.txt,.txt,ASCII,table-link,1,PUBLIC_GET_NO_AUTH,shared
WEB-0264,LINKED_RESOURCE,https://www.federalreserve.gov/releases/g17/20051117/g17.pdf,.pdf,PDF,table-link,1,PUBLIC_GET_NO_AUTH,shared
WEB-0264,LINKED_RESOURCE,https://www.federalreserve.gov/releases/g17/20051117/g17.txt,.txt,ASCII,table-link,1,PUBLIC_GET_NO_AUTH,shared
WEB-0264,LINKED_RESOURCE,https://www.federalreserve.gov/releases/g17/20051117/g17_sup.pdf,.pdf,PDF,table-link,1,PUBLIC_GET_NO_AUTH,shared
WEB-0264,LINKED_RESOURCE,https://www.federalreserve.gov/releases/g17/20051117/g17_sup.txt,.txt,ASCII,table-link,1,PUBLIC_GET_NO_AUTH,shared
WEB-0264,LINKED_RESOURCE,https://www.federalreserve.gov/releases/g17/Revisions/20051107/g17rev.pdf,.pdf,PDF,table-link,1,PUBLIC_GET_NO_AUTH,shared
WEB-0264,LINKED_RESOURCE,https://www.federalreserve.gov/releases/g17/Revisions/20051107/g17rev.txt,.txt,ASCII,table-link,1,PUBLIC_GET_NO_AUTH,shared
WEB-0264,LINKED_RESOURCE,https://www.federalreserve.gov/releases/g17/20051014/g17.pdf,.pdf,PDF,table-link,1,PUBLIC_GET_NO_AUTH,shared
WEB-0264,LINKED_RESOURCE,https://www.federalreserve.gov/releases/g17/20051014/g17.txt,.txt,ASCII,table-link,1,PUBLIC_GET_NO_AUTH,shared
WEB-0264,LINKED_RESOURCE,https://www.federalreserve.gov/releases/g17/20051014/g17_sup.pdf,.pdf,PDF,table-link,1,PUBLIC_GET_NO_AUTH,shared
WEB-0264,LINKED_RESOURCE,https://www.federalreserve.gov/releases/g17/20051014/g17_sup.txt,.txt,ASCII,table-link,1,PUBLIC_GET_NO_AUTH,shared
WEB-0264,LINKED_RESOURCE,https://www.federalreserve.gov/releases/g17/20050914/g17.pdf,.pdf,PDF,table-link,1,PUBLIC_GET_NO_AUTH,shared
WEB-0264,LINKED_RESOURCE,https://www.federalreserve.gov/releases/g17/20050914/g17.txt,.txt,ASCII,table-link,1,PUBLIC_GET_NO_AUTH,shared
WEB-0264,LINKED_RESOURCE,https://www.federalreserve.gov/releases/g17/20050914/g17_sup.pdf,.pdf,PDF,table-link,1,PUBLIC_GET_NO_AUTH,shared
WEB-0264,LINKED_RESOURCE,https://www.federalreserve.gov/releases/g17/20050914/g17_sup.txt,.txt,ASCII,table-link,1,PUBLIC_GET_NO_AUTH,shared
WEB-0264,LINKED_RESOURCE,https://www.federalreserve.gov/releases/g17/20050816/g17.pdf,.pdf,PDF,table-link,1,PUBLIC_GET_NO_AUTH,shared
WEB-0264,LINKED_RESOURCE,https://www.federalreserve.gov/releases/g17/20050816/g17.txt,.txt,ASCII,table-link,1,PUBLIC_GET_NO_AUTH,shared
WEB-0264,LINKED_RESOURCE,https://www.federalreserve.gov/releases/g17/20050816/g17_sup.pdf,.pdf,PDF,table-link,1,PUBLIC_GET_NO_AUTH,shared
WEB-0264,LINKED_RESOURCE,https://www.federalreserve.gov/releases/g17/20050816/g17_sup.txt,.txt,ASCII,table-link,1,PUBLIC_GET_NO_AUTH,shared
WEB-0264,LINKED_RESOURCE,https://www.federalreserve.gov/releases/g17/20050715/g17.pdf,.pdf,PDF,table-link,1,PUBLIC_GET_NO_AUTH,shared
WEB-0264,LINKED_RESOURCE,https://www.federalreserve.gov/releases/g17/20050715/g17.txt,.txt,ASCII,table-link,1,PUBLIC_GET_NO_AUTH,shared
WEB-0264,LINKED_RESOURCE,https://www.federalreserve.gov/releases/g17/20050715/g17_sup.pdf,.pdf,PDF,table-link,1,PUBLIC_GET_NO_AUTH,shared
WEB-0264,LINKED_RESOURCE,https://www.federalreserve.gov/releases/g17/20050715/g17_sup.txt,.txt,ASCII,table-link,1,PUBLIC_GET_NO_AUTH,shared
WEB-0264,LINKED_RESOURCE,https://www.federalreserve.gov/releases/g17/20050615/g17.pdf,.pdf,PDF,table-link,1,PUBLIC_GET_NO_AUTH,shared
WEB-0264,LINKED_RESOURCE,https://www.federalreserve.gov/releases/g17/20050615/g17.txt,.txt,ASCII,table-link,1,PUBLIC_GET_NO_AUTH,shared
WEB-0264,LINKED_RESOURCE,https://www.federalreserve.gov/releases/g17/20050615/g17_sup.pdf,.pdf,PDF,table-link,1,PUBLIC_GET_NO_AUTH,shared
WEB-0264,LINKED_RESOURCE,https://www.federalreserve.gov/releases/g17/20050615/g17_sup.txt,.txt,ASCII,table-link,1,PUBLIC_GET_NO_AUTH,shared
WEB-0264,LINKED_RESOURCE,https://www.federalreserve.gov/releases/g17/20050517/g17.pdf,.pdf,PDF,table-link,1,PUBLIC_GET_NO_AUTH,shared
WEB-0264,LINKED_RESOURCE,https://www.federalreserve.gov/releases/g17/20050517/g17.txt,.txt,ASCII,table-link,1,PUBLIC_GET_NO_AUTH,shared
WEB-0264,LINKED_RESOURCE,https://www.federalreserve.gov/releases/g17/20050517/g17_sup.pdf,.pdf,PDF,table-link,1,PUBLIC_GET_NO_AUTH,shared
WEB-0264,LINKED_RESOURCE,https://www.federalreserve.gov/releases/g17/20050517/g17_sup.txt,.txt,ASCII,table-link,1,PUBLIC_GET_NO_AUTH,shared
WEB-0264,LINKED_RESOURCE,https://www.federalreserve.gov/releases/g17/20050415/g17.pdf,.pdf,PDF,table-link,1,PUBLIC_GET_NO_AUTH,shared
WEB-0264,LINKED_RESOURCE,https://www.federalreserve.gov/releases/g17/20050415/g17.txt,.txt,ASCII,table-link,1,PUBLIC_GET_NO_AUTH,shared
WEB-0264,LINKED_RESOURCE,https://www.federalreserve.gov/releases/g17/20050415/g17_sup.pdf,.pdf,PDF,table-link,1,PUBLIC_GET_NO_AUTH,shared
WEB-0264,LINKED_RESOURCE,https://www.federalreserve.gov/releases/g17/20050415/g17_sup.txt,.txt,ASCII,table-link,1,PUBLIC_GET_NO_AUTH,shared
WEB-0264,LINKED_RESOURCE,https://www.federalreserve.gov/releases/g17/20050316/g17.pdf,.pdf,PDF,table-link,1,PUBLIC_GET_NO_AUTH,shared
WEB-0264,LINKED_RESOURCE,https://www.federalreserve.gov/releases/g17/20050316/g17.txt,.txt,ASCII,table-link,1,PUBLIC_GET_NO_AUTH,shared
WEB-0264,LINKED_RESOURCE,https://www.federalreserve.gov/releases/g17/20050316/g17_sup.pdf,.pdf,PDF,table-link,1,PUBLIC_GET_NO_AUTH,shared
WEB-0264,LINKED_RESOURCE,https://www.federalreserve.gov/releases/g17/20050316/g17_sup.txt,.txt,ASCII,table-link,1,PUBLIC_GET_NO_AUTH,shared
WEB-0264,LINKED_RESOURCE,https://www.federalreserve.gov/releases/g17/20050216/g17.pdf,.pdf,PDF,table-link,1,PUBLIC_GET_NO_AUTH,shared
WEB-0264,LINKED_RESOURCE,https://www.federalreserve.gov/releases/g17/20050216/g17.txt,.txt,ASCII,table-link,1,PUBLIC_GET_NO_AUTH,shared
WEB-0264,LINKED_RESOURCE,https://www.federalreserve.gov/releases/g17/20050216/g17_sup.pdf,.pdf,PDF,table-link,1,PUBLIC_GET_NO_AUTH,shared
WEB-0264,LINKED_RESOURCE,https://www.federalreserve.gov/releases/g17/20050216/g17_sup.txt,.txt,ASCII,table-link,1,PUBLIC_GET_NO_AUTH,shared
WEB-0264,LINKED_RESOURCE,https://www.federalreserve.gov/releases/g17/20050114/g17.pdf,.pdf,PDF,table-link,1,PUBLIC_GET_NO_AUTH,shared
WEB-0264,LINKED_RESOURCE,https://www.federalreserve.gov/releases/g17/20050114/g17.txt,.txt,ASCII,table-link,1,PUBLIC_GET_NO_AUTH,shared
WEB-0264,LINKED_RESOURCE,https://www.federalreserve.gov/releases/g17/20050114/g17_sup.pdf,.pdf,PDF,table-link,1,PUBLIC_GET_NO_AUTH,shared
WEB-0264,LINKED_RESOURCE,https://www.federalreserve.gov/releases/g17/20050114/g17_sup.txt,.txt,ASCII,table-link,1,PUBLIC_GET_NO_AUTH,shared
WEB-0264,LINKED_RESOURCE,https://www.federalreserve.gov/releases/g17/Revisions/20041222/g17rev.pdf,.pdf,PDF,table-link,1,PUBLIC_GET_NO_AUTH,shared
WEB-0264,LINKED_RESOURCE,https://www.federalreserve.gov/releases/g17/Revisions/20041222/g17rev.txt,.txt,ASCII,table-link,1,PUBLIC_GET_NO_AUTH,shared
WEB-0264,LINKED_RESOURCE,https://www.federalreserve.gov/releases/g17/20041214/g17.pdf,.pdf,PDF,table-link,1,PUBLIC_GET_NO_AUTH,shared
WEB-0264,LINKED_RESOURCE,https://www.federalreserve.gov/releases/g17/20041214/g17.txt,.txt,ASCII,table-link,1,PUBLIC_GET_NO_AUTH,shared
WEB-0264,LINKED_RESOURCE,https://www.federalreserve.gov/releases/g17/20041214/g17_sup.pdf,.pdf,PDF,table-link,1,PUBLIC_GET_NO_AUTH,shared
WEB-0264,LINKED_RESOURCE,https://www.federalreserve.gov/releases/g17/20041214/g17_sup.txt,.txt,ASCII,table-link,1,PUBLIC_GET_NO_AUTH,shared
WEB-0264,LINKED_RESOURCE,https://www.federalreserve.gov/releases/g17/20041117/g17.pdf,.pdf,PDF,table-link,1,PUBLIC_GET_NO_AUTH,shared
WEB-0264,LINKED_RESOURCE,https://www.federalreserve.gov/releases/g17/20041117/g17.txt,.txt,ASCII,table-link,1,PUBLIC_GET_NO_AUTH,shared
WEB-0264,LINKED_RESOURCE,https://www.federalreserve.gov/releases/g17/20041117/g17_sup.pdf,.pdf,PDF,table-link,1,PUBLIC_GET_NO_AUTH,shared
WEB-0264,LINKED_RESOURCE,https://www.federalreserve.gov/releases/g17/20041117/g17_sup.txt,.txt,ASCII,table-link,1,PUBLIC_GET_NO_AUTH,shared
WEB-0264,LINKED_RESOURCE,https://www.federalreserve.gov/releases/g17/20041015/g17.pdf,.pdf,PDF,table-link,1,PUBLIC_GET_NO_AUTH,shared
WEB-0264,LINKED_RESOURCE,https://www.federalreserve.gov/releases/g17/20041015/g17.txt,.txt,ASCII,table-link,1,PUBLIC_GET_NO_AUTH,shared
WEB-0264,LINKED_RESOURCE,https://www.federalreserve.gov/releases/g17/20041015/g17_sup.pdf,.pdf,PDF,table-link,1,PUBLIC_GET_NO_AUTH,shared
WEB-0264,LINKED_RESOURCE,https://www.federalreserve.gov/releases/g17/20041015/g17_sup.txt,.txt,ASCII,table-link,1,PUBLIC_GET_NO_AUTH,shared
WEB-0264,LINKED_RESOURCE,https://www.federalreserve.gov/releases/g17/20040915/g17.pdf,.pdf,PDF,table-link,1,PUBLIC_GET_NO_AUTH,shared
WEB-0264,LINKED_RESOURCE,https://www.federalreserve.gov/releases/g17/20040915/g17.txt,.txt,ASCII,table-link,1,PUBLIC_GET_NO_AUTH,shared
WEB-0264,LINKED_RESOURCE,https://www.federalreserve.gov/releases/g17/20040915/g17_sup.pdf,.pdf,PDF,table-link,1,PUBLIC_GET_NO_AUTH,shared
WEB-0264,LINKED_RESOURCE,https://www.federalreserve.gov/releases/g17/20040915/g17_sup.txt,.txt,ASCII,table-link,1,PUBLIC_GET_NO_AUTH,shared
WEB-0264,LINKED_RESOURCE,https://www.federalreserve.gov/releases/g17/20040817/g17.pdf,.pdf,PDF,table-link,1,PUBLIC_GET_NO_AUTH,shared
WEB-0264,LINKED_RESOURCE,https://www.federalreserve.gov/releases/g17/20040817/g17.txt,.txt,ASCII,table-link,1,PUBLIC_GET_NO_AUTH,shared
WEB-0264,LINKED_RESOURCE,https://www.federalreserve.gov/releases/g17/20040817/g17_sup.pdf,.pdf,PDF,table-link,1,PUBLIC_GET_NO_AUTH,shared
WEB-0264,LINKED_RESOURCE,https://www.federalreserve.gov/releases/g17/20040817/g17_sup.txt,.txt,ASCII,table-link,1,PUBLIC_GET_NO_AUTH,shared
WEB-0264,LINKED_RESOURCE,https://www.federalreserve.gov/releases/g17/20040715/g17.pdf,.pdf,PDF,table-link,1,PUBLIC_GET_NO_AUTH,shared
WEB-0264,LINKED_RESOURCE,https://www.federalreserve.gov/releases/g17/20040715/g17.txt,.txt,ASCII,table-link,1,PUBLIC_GET_NO_AUTH,shared
WEB-0264,LINKED_RESOURCE,https://www.federalreserve.gov/releases/g17/20040715/g17_sup.pdf,.pdf,PDF,table-link,1,PUBLIC_GET_NO_AUTH,shared
WEB-0264,LINKED_RESOURCE,https://www.federalreserve.gov/releases/g17/20040715/g17_sup.txt,.txt,ASCII,table-link,1,PUBLIC_GET_NO_AUTH,shared
WEB-0264,LINKED_RESOURCE,https://www.federalreserve.gov/releases/g17/20040616/g17.pdf,.pdf,PDF,table-link,1,PUBLIC_GET_NO_AUTH,shared
WEB-0264,LINKED_RESOURCE,https://www.federalreserve.gov/releases/g17/20040616/g17.txt,.txt,ASCII,table-link,1,PUBLIC_GET_NO_AUTH,shared
WEB-0264,LINKED_RESOURCE,https://www.federalreserve.gov/releases/g17/20040616/g17_sup.pdf,.pdf,PDF,table-link,1,PUBLIC_GET_NO_AUTH,shared
WEB-0264,LINKED_RESOURCE,https://www.federalreserve.gov/releases/g17/20040616/g17_sup.txt,.txt,ASCII,table-link,1,PUBLIC_GET_NO_AUTH,shared
WEB-0264,LINKED_RESOURCE,https://www.federalreserve.gov/releases/g17/20040514/g17.pdf,.pdf,PDF,table-link,1,PUBLIC_GET_NO_AUTH,shared
WEB-0264,LINKED_RESOURCE,https://www.federalreserve.gov/releases/g17/20040514/g17.txt,.txt,ASCII,table-link,1,PUBLIC_GET_NO_AUTH,shared
WEB-0264,LINKED_RESOURCE,https://www.federalreserve.gov/releases/g17/20040514/g17_sup.pdf,.pdf,PDF,table-link,1,PUBLIC_GET_NO_AUTH,shared
WEB-0264,LINKED_RESOURCE,https://www.federalreserve.gov/releases/g17/20040514/g17_sup.txt,.txt,ASCII,table-link,1,PUBLIC_GET_NO_AUTH,shared
WEB-0264,LINKED_RESOURCE,https://www.federalreserve.gov/releases/g17/20040416/g17.pdf,.pdf,PDF,table-link,1,PUBLIC_GET_NO_AUTH,shared
WEB-0264,LINKED_RESOURCE,https://www.federalreserve.gov/releases/g17/20040416/g17.txt,.txt,ASCII,table-link,1,PUBLIC_GET_NO_AUTH,shared
WEB-0264,LINKED_RESOURCE,https://www.federalreserve.gov/releases/g17/20040416/g17_sup.pdf,.pdf,PDF,table-link,1,PUBLIC_GET_NO_AUTH,shared
WEB-0264,LINKED_RESOURCE,https://www.federalreserve.gov/releases/g17/20040416/g17_sup.txt,.txt,ASCII,table-link,1,PUBLIC_GET_NO_AUTH,shared
WEB-0264,LINKED_RESOURCE,https://www.federalreserve.gov/releases/g17/20040315/g17.pdf,.pdf,PDF,table-link,1,PUBLIC_GET_NO_AUTH,shared
WEB-0264,LINKED_RESOURCE,https://www.federalreserve.gov/releases/g17/20040315/g17.txt,.txt,ASCII,table-link,1,PUBLIC_GET_NO_AUTH,shared
WEB-0264,LINKED_RESOURCE,https://www.federalreserve.gov/releases/g17/20040315/g17_sup.pdf,.pdf,PDF,table-link,1,PUBLIC_GET_NO_AUTH,shared
WEB-0264,LINKED_RESOURCE,https://www.federalreserve.gov/releases/g17/20040315/g17_sup.txt,.txt,ASCII,table-link,1,PUBLIC_GET_NO_AUTH,shared
WEB-0264,LINKED_RESOURCE,https://www.federalreserve.gov/releases/g17/20040217/g17.pdf,.pdf,PDF,table-link,1,PUBLIC_GET_NO_AUTH,shared
WEB-0264,LINKED_RESOURCE,https://www.federalreserve.gov/releases/g17/20040217/g17.txt,.txt,ASCII,table-link,1,PUBLIC_GET_NO_AUTH,shared
WEB-0264,LINKED_RESOURCE,https://www.federalreserve.gov/releases/g17/20040217/g17_sup.pdf,.pdf,PDF,table-link,1,PUBLIC_GET_NO_AUTH,shared
WEB-0264,LINKED_RESOURCE,https://www.federalreserve.gov/releases/g17/20040217/g17_sup.txt,.txt,ASCII,table-link,1,PUBLIC_GET_NO_AUTH,shared
WEB-0264,LINKED_RESOURCE,https://www.federalreserve.gov/releases/g17/20040116/g17.pdf,.pdf,PDF,table-link,1,PUBLIC_GET_NO_AUTH,shared
WEB-0264,LINKED_RESOURCE,https://www.federalreserve.gov/releases/g17/20040116/g17.txt,.txt,ASCII,table-link,1,PUBLIC_GET_NO_AUTH,shared
WEB-0264,LINKED_RESOURCE,https://www.federalreserve.gov/releases/g17/20040116/g17_sup.pdf,.pdf,PDF,table-link,1,PUBLIC_GET_NO_AUTH,shared
WEB-0264,LINKED_RESOURCE,https://www.federalreserve.gov/releases/g17/20040116/g17_sup.txt,.txt,ASCII,table-link,1,PUBLIC_GET_NO_AUTH,shared
WEB-0264,LINKED_RESOURCE,https://www.federalreserve.gov/releases/g17/20031216/g17.pdf,.pdf,PDF,table-link,1,PUBLIC_GET_NO_AUTH,shared
WEB-0264,LINKED_RESOURCE,https://www.federalreserve.gov/releases/g17/20031216/g17.txt,.txt,ASCII,table-link,1,PUBLIC_GET_NO_AUTH,shared
WEB-0264,LINKED_RESOURCE,https://www.federalreserve.gov/releases/g17/20031216/g17_sup.pdf,.pdf,PDF,table-link,1,PUBLIC_GET_NO_AUTH,shared
WEB-0264,LINKED_RESOURCE,https://www.federalreserve.gov/releases/g17/20031216/g17_sup.txt,.txt,ASCII,table-link,1,PUBLIC_GET_NO_AUTH,shared
WEB-0264,LINKED_RESOURCE,https://www.federalreserve.gov/releases/g17/20031114/g17.pdf,.pdf,PDF,table-link,1,PUBLIC_GET_NO_AUTH,shared
WEB-0264,LINKED_RESOURCE,https://www.federalreserve.gov/releases/g17/20031114/g17.txt,.txt,ASCII,table-link,1,PUBLIC_GET_NO_AUTH,shared
WEB-0264,LINKED_RESOURCE,https://www.federalreserve.gov/releases/g17/20031114/g17_sup.pdf,.pdf,PDF,table-link,1,PUBLIC_GET_NO_AUTH,shared
WEB-0264,LINKED_RESOURCE,https://www.federalreserve.gov/releases/g17/20031114/g17_sup.txt,.txt,ASCII,table-link,1,PUBLIC_GET_NO_AUTH,shared
WEB-0264,LINKED_RESOURCE,https://www.federalreserve.gov/releases/g17/Revisions/20031110/g17rev.pdf,.pdf,PDF,table-link,1,PUBLIC_GET_NO_AUTH,shared
WEB-0264,LINKED_RESOURCE,https://www.federalreserve.gov/releases/g17/Revisions/20031110/g17rev.txt,.txt,ASCII,table-link,1,PUBLIC_GET_NO_AUTH,shared
WEB-0264,LINKED_RESOURCE,https://www.federalreserve.gov/releases/g17/20031016/g17.pdf,.pdf,PDF,table-link,1,PUBLIC_GET_NO_AUTH,shared
WEB-0264,LINKED_RESOURCE,https://www.federalreserve.gov/releases/g17/20031016/g17.txt,.txt,ASCII,table-link,1,PUBLIC_GET_NO_AUTH,shared
WEB-0264,LINKED_RESOURCE,https://www.federalreserve.gov/releases/g17/20031016/g17_sup.pdf,.pdf,PDF,table-link,1,PUBLIC_GET_NO_AUTH,shared
WEB-0264,LINKED_RESOURCE,https://www.federalreserve.gov/releases/g17/20031016/g17_sup.txt,.txt,ASCII,table-link,1,PUBLIC_GET_NO_AUTH,shared
WEB-0264,LINKED_RESOURCE,https://www.federalreserve.gov/releases/g17/20030915/g17.pdf,.pdf,PDF,table-link,1,PUBLIC_GET_NO_AUTH,shared
WEB-0264,LINKED_RESOURCE,https://www.federalreserve.gov/releases/g17/20030915/g17.txt,.txt,ASCII,table-link,1,PUBLIC_GET_NO_AUTH,shared
WEB-0264,LINKED_RESOURCE,https://www.federalreserve.gov/releases/g17/20030915/g17_sup.pdf,.pdf,PDF,table-link,1,PUBLIC_GET_NO_AUTH,shared
WEB-0264,LINKED_RESOURCE,https://www.federalreserve.gov/releases/g17/20030915/g17_sup.txt,.txt,ASCII,table-link,1,PUBLIC_GET_NO_AUTH,shared
WEB-0264,LINKED_RESOURCE,https://www.federalreserve.gov/releases/g17/20030815/g17.pdf,.pdf,PDF,table-link,1,PUBLIC_GET_NO_AUTH,shared
WEB-0264,LINKED_RESOURCE,https://www.federalreserve.gov/releases/g17/20030815/g17.txt,.txt,ASCII,table-link,1,PUBLIC_GET_NO_AUTH,shared
WEB-0264,LINKED_RESOURCE,https://www.federalreserve.gov/releases/g17/20030815/g17_sup.pdf,.pdf,PDF,table-link,1,PUBLIC_GET_NO_AUTH,shared
WEB-0264,LINKED_RESOURCE,https://www.federalreserve.gov/releases/g17/20030815/g17_sup.txt,.txt,ASCII,table-link,1,PUBLIC_GET_NO_AUTH,shared
WEB-0264,LINKED_RESOURCE,https://www.federalreserve.gov/releases/g17/20030716/g17.pdf,.pdf,PDF,table-link,1,PUBLIC_GET_NO_AUTH,shared
WEB-0264,LINKED_RESOURCE,https://www.federalreserve.gov/releases/g17/20030716/g17.txt,.txt,ASCII,table-link,1,PUBLIC_GET_NO_AUTH,shared
WEB-0264,LINKED_RESOURCE,https://www.federalreserve.gov/releases/g17/20030716/g17_sup.pdf,.pdf,PDF,table-link,1,PUBLIC_GET_NO_AUTH,shared
WEB-0264,LINKED_RESOURCE,https://www.federalreserve.gov/releases/g17/20030716/g17_sup.txt,.txt,ASCII,table-link,1,PUBLIC_GET_NO_AUTH,shared
WEB-0264,LINKED_RESOURCE,https://www.federalreserve.gov/releases/g17/20030617/g17.pdf,.pdf,PDF,table-link,1,PUBLIC_GET_NO_AUTH,shared
WEB-0264,LINKED_RESOURCE,https://www.federalreserve.gov/releases/g17/20030617/g17.txt,.txt,ASCII,table-link,1,PUBLIC_GET_NO_AUTH,shared
WEB-0264,LINKED_RESOURCE,https://www.federalreserve.gov/releases/g17/20030617/g17_sup.pdf,.pdf,PDF,table-link,1,PUBLIC_GET_NO_AUTH,shared
WEB-0264,LINKED_RESOURCE,https://www.federalreserve.gov/releases/g17/20030617/g17_sup.txt,.txt,ASCII,table-link,1,PUBLIC_GET_NO_AUTH,shared
WEB-0264,LINKED_RESOURCE,https://www.federalreserve.gov/releases/g17/20030515/g17.pdf,.pdf,PDF,table-link,1,PUBLIC_GET_NO_AUTH,shared
WEB-0264,LINKED_RESOURCE,https://www.federalreserve.gov/releases/g17/20030515/g17.txt,.txt,ASCII,table-link,1,PUBLIC_GET_NO_AUTH,shared
WEB-0264,LINKED_RESOURCE,https://www.federalreserve.gov/releases/g17/20030515/g17_sup.pdf,.pdf,PDF,table-link,1,PUBLIC_GET_NO_AUTH,shared
WEB-0264,LINKED_RESOURCE,https://www.federalreserve.gov/releases/g17/20030515/g17_sup.txt,.txt,ASCII,table-link,1,PUBLIC_GET_NO_AUTH,shared
WEB-0264,LINKED_RESOURCE,https://www.federalreserve.gov/releases/g17/20030415/g17.pdf,.pdf,PDF,table-link,1,PUBLIC_GET_NO_AUTH,shared
WEB-0264,LINKED_RESOURCE,https://www.federalreserve.gov/releases/g17/20030415/g17.txt,.txt,ASCII,table-link,1,PUBLIC_GET_NO_AUTH,shared
WEB-0264,LINKED_RESOURCE,https://www.federalreserve.gov/releases/g17/20030415/g17_sup.pdf,.pdf,PDF,table-link,1,PUBLIC_GET_NO_AUTH,shared
WEB-0264,LINKED_RESOURCE,https://www.federalreserve.gov/releases/g17/20030415/g17_sup.txt,.txt,ASCII,table-link,1,PUBLIC_GET_NO_AUTH,shared
WEB-0264,LINKED_RESOURCE,https://www.federalreserve.gov/releases/g17/20030314/g17.pdf,.pdf,PDF,table-link,1,PUBLIC_GET_NO_AUTH,shared
WEB-0264,LINKED_RESOURCE,https://www.federalreserve.gov/releases/g17/20030314/g17.txt,.txt,ASCII,table-link,1,PUBLIC_GET_NO_AUTH,shared
WEB-0264,LINKED_RESOURCE,https://www.federalreserve.gov/releases/g17/20030314/g17_sup.pdf,.pdf,PDF,table-link,1,PUBLIC_GET_NO_AUTH,shared
WEB-0264,LINKED_RESOURCE,https://www.federalreserve.gov/releases/g17/20030314/g17_sup.txt,.txt,ASCII,table-link,1,PUBLIC_GET_NO_AUTH,shared
WEB-0264,LINKED_RESOURCE,https://www.federalreserve.gov/releases/g17/20030214/g17.pdf,.pdf,PDF,table-link,1,PUBLIC_GET_NO_AUTH,shared
WEB-0264,LINKED_RESOURCE,https://www.federalreserve.gov/releases/g17/20030214/g17.txt,.txt,ASCII,table-link,1,PUBLIC_GET_NO_AUTH,shared
WEB-0264,LINKED_RESOURCE,https://www.federalreserve.gov/releases/g17/20030214/g17_sup.pdf,.pdf,PDF,table-link,1,PUBLIC_GET_NO_AUTH,shared
WEB-0264,LINKED_RESOURCE,https://www.federalreserve.gov/releases/g17/20030214/g17_sup.txt,.txt,ASCII,table-link,1,PUBLIC_GET_NO_AUTH,shared
WEB-0264,LINKED_RESOURCE,https://www.federalreserve.gov/releases/g17/20030117/g17.pdf,.pdf,PDF,table-link,1,PUBLIC_GET_NO_AUTH,shared
WEB-0264,LINKED_RESOURCE,https://www.federalreserve.gov/releases/g17/20030117/g17.txt,.txt,ASCII,table-link,1,PUBLIC_GET_NO_AUTH,shared
WEB-0264,LINKED_RESOURCE,https://www.federalreserve.gov/releases/g17/20030117/g17_sup.pdf,.pdf,PDF,table-link,1,PUBLIC_GET_NO_AUTH,shared
WEB-0264,LINKED_RESOURCE,https://www.federalreserve.gov/releases/g17/20030117/g17_sup.txt,.txt,ASCII,table-link,1,PUBLIC_GET_NO_AUTH,shared
WEB-0264,LINKED_RESOURCE,https://www.federalreserve.gov/releases/g17/20021217/g17.pdf,.pdf,PDF,table-link,1,PUBLIC_GET_NO_AUTH,shared
WEB-0264,LINKED_RESOURCE,https://www.federalreserve.gov/releases/g17/20021217/g17.txt,.txt,ASCII,table-link,1,PUBLIC_GET_NO_AUTH,shared
WEB-0264,LINKED_RESOURCE,https://www.federalreserve.gov/releases/g17/20021217/g17_sup.pdf,.pdf,PDF,table-link,1,PUBLIC_GET_NO_AUTH,shared
WEB-0264,LINKED_RESOURCE,https://www.federalreserve.gov/releases/g17/20021217/g17_sup.txt,.txt,ASCII,table-link,1,PUBLIC_GET_NO_AUTH,shared
WEB-0264,LINKED_RESOURCE,https://www.federalreserve.gov/releases/g17/Revisions/20021205/g17rev.pdf,.pdf,PDF,table-link,1,PUBLIC_GET_NO_AUTH,shared
WEB-0264,LINKED_RESOURCE,https://www.federalreserve.gov/releases/g17/Revisions/20021205/g17rev.txt,.txt,ASCII,table-link,1,PUBLIC_GET_NO_AUTH,shared
WEB-0264,LINKED_RESOURCE,https://www.federalreserve.gov/releases/g17/20021115/g17.pdf,.pdf,PDF,table-link,1,PUBLIC_GET_NO_AUTH,shared
WEB-0264,LINKED_RESOURCE,https://www.federalreserve.gov/releases/g17/20021115/g17.txt,.txt,ASCII,table-link,1,PUBLIC_GET_NO_AUTH,shared
WEB-0264,LINKED_RESOURCE,https://www.federalreserve.gov/releases/g17/20021115/g17_sup.pdf,.pdf,PDF,table-link,1,PUBLIC_GET_NO_AUTH,shared
WEB-0264,LINKED_RESOURCE,https://www.federalreserve.gov/releases/g17/20021115/g17_sup.txt,.txt,ASCII,table-link,1,PUBLIC_GET_NO_AUTH,shared
WEB-0264,LINKED_RESOURCE,https://www.federalreserve.gov/releases/g17/20021017/g17.pdf,.pdf,PDF,table-link,1,PUBLIC_GET_NO_AUTH,shared
WEB-0264,LINKED_RESOURCE,https://www.federalreserve.gov/releases/g17/20021017/g17.txt,.txt,ASCII,table-link,1,PUBLIC_GET_NO_AUTH,shared
WEB-0264,LINKED_RESOURCE,https://www.federalreserve.gov/releases/g17/20021017/g17_sup.pdf,.pdf,PDF,table-link,1,PUBLIC_GET_NO_AUTH,shared
WEB-0264,LINKED_RESOURCE,https://www.federalreserve.gov/releases/g17/20021017/g17_sup.txt,.txt,ASCII,table-link,1,PUBLIC_GET_NO_AUTH,shared
WEB-0264,LINKED_RESOURCE,https://www.federalreserve.gov/releases/g17/20020917/g17.pdf,.pdf,PDF,table-link,1,PUBLIC_GET_NO_AUTH,shared
WEB-0264,LINKED_RESOURCE,https://www.federalreserve.gov/releases/g17/20020917/g17.txt,.txt,ASCII,table-link,1,PUBLIC_GET_NO_AUTH,shared
WEB-0264,LINKED_RESOURCE,https://www.federalreserve.gov/releases/g17/20020917/g17_sup.pdf,.pdf,PDF,table-link,1,PUBLIC_GET_NO_AUTH,shared
WEB-0264,LINKED_RESOURCE,https://www.federalreserve.gov/releases/g17/20020917/g17_sup.txt,.txt,ASCII,table-link,1,PUBLIC_GET_NO_AUTH,shared
WEB-0264,LINKED_RESOURCE,https://www.federalreserve.gov/releases/g17/20020815/g17.pdf,.pdf,PDF,table-link,1,PUBLIC_GET_NO_AUTH,shared
WEB-0264,LINKED_RESOURCE,https://www.federalreserve.gov/releases/g17/20020815/g17.txt,.txt,ASCII,table-link,1,PUBLIC_GET_NO_AUTH,shared
WEB-0264,LINKED_RESOURCE,https://www.federalreserve.gov/releases/g17/20020815/g17_sup.pdf,.pdf,PDF,table-link,1,PUBLIC_GET_NO_AUTH,shared
WEB-0264,LINKED_RESOURCE,https://www.federalreserve.gov/releases/g17/20020815/g17_sup.txt,.txt,ASCII,table-link,1,PUBLIC_GET_NO_AUTH,shared
WEB-0264,LINKED_RESOURCE,https://www.federalreserve.gov/releases/g17/20020716/g17.pdf,.pdf,PDF,table-link,1,PUBLIC_GET_NO_AUTH,shared
WEB-0264,LINKED_RESOURCE,https://www.federalreserve.gov/releases/g17/20020716/g17.txt,.txt,ASCII,table-link,1,PUBLIC_GET_NO_AUTH,shared
WEB-0264,LINKED_RESOURCE,https://www.federalreserve.gov/releases/g17/20020716/g17_sup.pdf,.pdf,PDF,table-link,1,PUBLIC_GET_NO_AUTH,shared
WEB-0264,LINKED_RESOURCE,https://www.federalreserve.gov/releases/g17/20020716/g17_sup.txt,.txt,ASCII,table-link,1,PUBLIC_GET_NO_AUTH,shared
WEB-0264,LINKED_RESOURCE,https://www.federalreserve.gov/releases/g17/20020614/g17.pdf,.pdf,PDF,table-link,1,PUBLIC_GET_NO_AUTH,shared
WEB-0264,LINKED_RESOURCE,https://www.federalreserve.gov/releases/g17/20020614/g17.txt,.txt,ASCII,table-link,1,PUBLIC_GET_NO_AUTH,shared
WEB-0264,LINKED_RESOURCE,https://www.federalreserve.gov/releases/g17/20020614/g17_sup.pdf,.pdf,PDF,table-link,1,PUBLIC_GET_NO_AUTH,shared
WEB-0264,LINKED_RESOURCE,https://www.federalreserve.gov/releases/g17/20020614/g17_sup.txt,.txt,ASCII,table-link,1,PUBLIC_GET_NO_AUTH,shared
WEB-0264,LINKED_RESOURCE,https://www.federalreserve.gov/releases/g17/20020515/g17.pdf,.pdf,PDF,table-link,1,PUBLIC_GET_NO_AUTH,shared
WEB-0264,LINKED_RESOURCE,https://www.federalreserve.gov/releases/g17/20020515/g17.txt,.txt,ASCII,table-link,1,PUBLIC_GET_NO_AUTH,shared
WEB-0264,LINKED_RESOURCE,https://www.federalreserve.gov/releases/g17/20020515/g17_sup.pdf,.pdf,PDF,table-link,1,PUBLIC_GET_NO_AUTH,shared
WEB-0264,LINKED_RESOURCE,https://www.federalreserve.gov/releases/g17/20020515/g17_sup.txt,.txt,ASCII,table-link,1,PUBLIC_GET_NO_AUTH,shared
WEB-0264,LINKED_RESOURCE,https://www.federalreserve.gov/releases/g17/20020416/g17.pdf,.pdf,PDF,table-link,1,PUBLIC_GET_NO_AUTH,shared
WEB-0264,LINKED_RESOURCE,https://www.federalreserve.gov/releases/g17/20020416/g17.txt,.txt,ASCII,table-link,1,PUBLIC_GET_NO_AUTH,shared
WEB-0264,LINKED_RESOURCE,https://www.federalreserve.gov/releases/g17/20020416/g17_sup.pdf,.pdf,PDF,table-link,1,PUBLIC_GET_NO_AUTH,shared
WEB-0264,LINKED_RESOURCE,https://www.federalreserve.gov/releases/g17/20020416/g17_sup.txt,.txt,ASCII,table-link,1,PUBLIC_GET_NO_AUTH,shared
WEB-0264,LINKED_RESOURCE,https://www.federalreserve.gov/releases/g17/20020315/g17.pdf,.pdf,PDF,table-link,1,PUBLIC_GET_NO_AUTH,shared
WEB-0264,LINKED_RESOURCE,https://www.federalreserve.gov/releases/g17/20020315/g17.txt,.txt,ASCII,table-link,1,PUBLIC_GET_NO_AUTH,shared
WEB-0264,LINKED_RESOURCE,https://www.federalreserve.gov/releases/g17/20020315/g17_sup.pdf,.pdf,PDF,table-link,1,PUBLIC_GET_NO_AUTH,shared
WEB-0264,LINKED_RESOURCE,https://www.federalreserve.gov/releases/g17/20020315/g17_sup.txt,.txt,ASCII,table-link,1,PUBLIC_GET_NO_AUTH,shared
WEB-0264,LINKED_RESOURCE,https://www.federalreserve.gov/releases/g17/20020215/g17.pdf,.pdf,PDF,table-link,1,PUBLIC_GET_NO_AUTH,shared
WEB-0264,LINKED_RESOURCE,https://www.federalreserve.gov/releases/g17/20020215/g17.txt,.txt,ASCII,table-link,1,PUBLIC_GET_NO_AUTH,shared
WEB-0264,LINKED_RESOURCE,https://www.federalreserve.gov/releases/g17/20020215/g17_sup.pdf,.pdf,PDF,table-link,1,PUBLIC_GET_NO_AUTH,shared
WEB-0264,LINKED_RESOURCE,https://www.federalreserve.gov/releases/g17/20020215/g17_sup.txt,.txt,ASCII,table-link,1,PUBLIC_GET_NO_AUTH,shared
WEB-0264,LINKED_RESOURCE,https://www.federalreserve.gov/releases/g17/20020116/g17.pdf,.pdf,PDF,table-link,1,PUBLIC_GET_NO_AUTH,shared
WEB-0264,LINKED_RESOURCE,https://www.federalreserve.gov/releases/g17/20020116/g17.txt,.txt,ASCII,table-link,1,PUBLIC_GET_NO_AUTH,shared
WEB-0264,LINKED_RESOURCE,https://www.federalreserve.gov/releases/g17/20020116/g17_sup.pdf,.pdf,PDF,table-link,1,PUBLIC_GET_NO_AUTH,shared
WEB-0264,LINKED_RESOURCE,https://www.federalreserve.gov/releases/g17/20020116/g17_sup.txt,.txt,ASCII,table-link,1,PUBLIC_GET_NO_AUTH,shared
WEB-0264,LINKED_RESOURCE,https://www.federalreserve.gov/releases/g17/20011214/g17.pdf,.pdf,PDF,table-link,1,PUBLIC_GET_NO_AUTH,shared
WEB-0264,LINKED_RESOURCE,https://www.federalreserve.gov/releases/g17/20011214/g17.txt,.txt,ASCII,table-link,1,PUBLIC_GET_NO_AUTH,shared
WEB-0264,LINKED_RESOURCE,https://www.federalreserve.gov/releases/g17/20011214/g17_sup.pdf,.pdf,PDF,table-link,1,PUBLIC_GET_NO_AUTH,shared
WEB-0264,LINKED_RESOURCE,https://www.federalreserve.gov/releases/g17/20011214/g17_sup.txt,.txt,ASCII,table-link,1,PUBLIC_GET_NO_AUTH,shared
WEB-0264,LINKED_RESOURCE,https://www.federalreserve.gov/releases/g17/Revisions/20011127/g17rev.pdf,.pdf,PDF,table-link,1,PUBLIC_GET_NO_AUTH,shared
WEB-0264,LINKED_RESOURCE,https://www.federalreserve.gov/releases/g17/Revisions/20011127/g17rev.txt,.txt,ASCII,table-link,1,PUBLIC_GET_NO_AUTH,shared
WEB-0264,LINKED_RESOURCE,https://www.federalreserve.gov/releases/g17/20011116/g17.pdf,.pdf,PDF,table-link,1,PUBLIC_GET_NO_AUTH,shared
WEB-0264,LINKED_RESOURCE,https://www.federalreserve.gov/releases/g17/20011116/g17.txt,.txt,ASCII,table-link,1,PUBLIC_GET_NO_AUTH,shared
WEB-0264,LINKED_RESOURCE,https://www.federalreserve.gov/releases/g17/20011116/g17_sup.pdf,.pdf,PDF,table-link,1,PUBLIC_GET_NO_AUTH,shared
WEB-0264,LINKED_RESOURCE,https://www.federalreserve.gov/releases/g17/20011116/g17_sup.txt,.txt,ASCII,table-link,1,PUBLIC_GET_NO_AUTH,shared
WEB-0264,LINKED_RESOURCE,https://www.federalreserve.gov/releases/g17/20011016/g17.pdf,.pdf,PDF,table-link,1,PUBLIC_GET_NO_AUTH,shared
WEB-0264,LINKED_RESOURCE,https://www.federalreserve.gov/releases/g17/20011016/g17.txt,.txt,ASCII,table-link,1,PUBLIC_GET_NO_AUTH,shared
WEB-0264,LINKED_RESOURCE,https://www.federalreserve.gov/releases/g17/20011016/g17_sup.pdf,.pdf,PDF,table-link,1,PUBLIC_GET_NO_AUTH,shared
WEB-0264,LINKED_RESOURCE,https://www.federalreserve.gov/releases/g17/20011016/g17_sup.txt,.txt,ASCII,table-link,1,PUBLIC_GET_NO_AUTH,shared
WEB-0264,LINKED_RESOURCE,https://www.federalreserve.gov/releases/g17/20010914/g17.pdf,.pdf,PDF,table-link,1,PUBLIC_GET_NO_AUTH,shared
WEB-0264,LINKED_RESOURCE,https://www.federalreserve.gov/releases/g17/20010914/g17.txt,.txt,ASCII,table-link,1,PUBLIC_GET_NO_AUTH,shared
WEB-0264,LINKED_RESOURCE,https://www.federalreserve.gov/releases/g17/20010914/g17_sup.pdf,.pdf,PDF,table-link,1,PUBLIC_GET_NO_AUTH,shared
WEB-0264,LINKED_RESOURCE,https://www.federalreserve.gov/releases/g17/20010914/g17_sup.txt,.txt,ASCII,table-link,1,PUBLIC_GET_NO_AUTH,shared
WEB-0264,LINKED_RESOURCE,https://www.federalreserve.gov/releases/g17/20010815/g17.pdf,.pdf,PDF,table-link,1,PUBLIC_GET_NO_AUTH,shared
WEB-0264,LINKED_RESOURCE,https://www.federalreserve.gov/releases/g17/20010815/g17.txt,.txt,ASCII,table-link,1,PUBLIC_GET_NO_AUTH,shared
WEB-0264,LINKED_RESOURCE,https://www.federalreserve.gov/releases/g17/20010815/g17_sup.pdf,.pdf,PDF,table-link,1,PUBLIC_GET_NO_AUTH,shared
WEB-0264,LINKED_RESOURCE,https://www.federalreserve.gov/releases/g17/20010815/g17_sup.txt,.txt,ASCII,table-link,1,PUBLIC_GET_NO_AUTH,shared
WEB-0264,LINKED_RESOURCE,https://www.federalreserve.gov/releases/g17/20010717/g17.pdf,.pdf,PDF,table-link,1,PUBLIC_GET_NO_AUTH,shared
WEB-0264,LINKED_RESOURCE,https://www.federalreserve.gov/releases/g17/20010717/g17.txt,.txt,ASCII,table-link,1,PUBLIC_GET_NO_AUTH,shared
WEB-0264,LINKED_RESOURCE,https://www.federalreserve.gov/releases/g17/20010717/g17_sup.pdf,.pdf,PDF,table-link,1,PUBLIC_GET_NO_AUTH,shared
WEB-0264,LINKED_RESOURCE,https://www.federalreserve.gov/releases/g17/20010717/g17_sup.txt,.txt,ASCII,table-link,1,PUBLIC_GET_NO_AUTH,shared
WEB-0264,LINKED_RESOURCE,https://www.federalreserve.gov/releases/g17/20010615/g17.pdf,.pdf,PDF,table-link,1,PUBLIC_GET_NO_AUTH,shared
WEB-0264,LINKED_RESOURCE,https://www.federalreserve.gov/releases/g17/20010615/g17.txt,.txt,ASCII,table-link,1,PUBLIC_GET_NO_AUTH,shared
WEB-0264,LINKED_RESOURCE,https://www.federalreserve.gov/releases/g17/20010615/g17_sup.pdf,.pdf,PDF,table-link,1,PUBLIC_GET_NO_AUTH,shared
WEB-0264,LINKED_RESOURCE,https://www.federalreserve.gov/releases/g17/20010615/g17_sup.txt,.txt,ASCII,table-link,1,PUBLIC_GET_NO_AUTH,shared
WEB-0264,LINKED_RESOURCE,https://www.federalreserve.gov/releases/g17/20010514/g17.pdf,.pdf,PDF,table-link,1,PUBLIC_GET_NO_AUTH,shared
WEB-0264,LINKED_RESOURCE,https://www.federalreserve.gov/releases/g17/20010514/g17.txt,.txt,ASCII,table-link,1,PUBLIC_GET_NO_AUTH,shared
WEB-0264,LINKED_RESOURCE,https://www.federalreserve.gov/releases/g17/20010514/g17_sup.pdf,.pdf,PDF,table-link,1,PUBLIC_GET_NO_AUTH,shared
WEB-0264,LINKED_RESOURCE,https://www.federalreserve.gov/releases/g17/20010514/g17_sup.txt,.txt,ASCII,table-link,1,PUBLIC_GET_NO_AUTH,shared
WEB-0264,LINKED_RESOURCE,https://www.federalreserve.gov/releases/g17/20010417/g17.pdf,.pdf,PDF,table-link,1,PUBLIC_GET_NO_AUTH,shared
WEB-0264,LINKED_RESOURCE,https://www.federalreserve.gov/releases/g17/20010417/g17.txt,.txt,ASCII,table-link,1,PUBLIC_GET_NO_AUTH,shared
WEB-0264,LINKED_RESOURCE,https://www.federalreserve.gov/releases/g17/20010417/g17_sup.pdf,.pdf,PDF,table-link,1,PUBLIC_GET_NO_AUTH,shared
WEB-0264,LINKED_RESOURCE,https://www.federalreserve.gov/releases/g17/20010417/g17_sup.txt,.txt,ASCII,table-link,1,PUBLIC_GET_NO_AUTH,shared
WEB-0264,LINKED_RESOURCE,https://www.federalreserve.gov/releases/g17/20010316/g17.pdf,.pdf,PDF,table-link,1,PUBLIC_GET_NO_AUTH,shared
WEB-0264,LINKED_RESOURCE,https://www.federalreserve.gov/releases/g17/20010316/g17.txt,.txt,ASCII,table-link,1,PUBLIC_GET_NO_AUTH,shared
WEB-0264,LINKED_RESOURCE,https://www.federalreserve.gov/releases/g17/20010316/g17_sup.pdf,.pdf,PDF,table-link,1,PUBLIC_GET_NO_AUTH,shared
WEB-0264,LINKED_RESOURCE,https://www.federalreserve.gov/releases/g17/20010316/g17_sup.txt,.txt,ASCII,table-link,1,PUBLIC_GET_NO_AUTH,shared
WEB-0264,LINKED_RESOURCE,https://www.federalreserve.gov/releases/g17/20010216/g17.pdf,.pdf,PDF,table-link,1,PUBLIC_GET_NO_AUTH,shared
WEB-0264,LINKED_RESOURCE,https://www.federalreserve.gov/releases/g17/20010216/g17.txt,.txt,ASCII,table-link,1,PUBLIC_GET_NO_AUTH,shared
WEB-0264,LINKED_RESOURCE,https://www.federalreserve.gov/releases/g17/20010216/g17_sup.pdf,.pdf,PDF,table-link,1,PUBLIC_GET_NO_AUTH,shared
WEB-0264,LINKED_RESOURCE,https://www.federalreserve.gov/releases/g17/20010216/g17_sup.txt,.txt,ASCII,table-link,1,PUBLIC_GET_NO_AUTH,shared
WEB-0264,LINKED_RESOURCE,https://www.federalreserve.gov/releases/g17/20010117/g17.pdf,.pdf,PDF,table-link,1,PUBLIC_GET_NO_AUTH,shared
WEB-0264,LINKED_RESOURCE,https://www.federalreserve.gov/releases/g17/20010117/g17.txt,.txt,ASCII,table-link,1,PUBLIC_GET_NO_AUTH,shared
WEB-0264,LINKED_RESOURCE,https://www.federalreserve.gov/releases/g17/20001215/g17.pdf,.pdf,PDF,table-link,1,PUBLIC_GET_NO_AUTH,shared
WEB-0264,LINKED_RESOURCE,https://www.federalreserve.gov/releases/g17/20001215/g17.txt,.txt,ASCII,table-link,1,PUBLIC_GET_NO_AUTH,shared
WEB-0264,LINKED_RESOURCE,https://www.federalreserve.gov/releases/g17/Revisions/20001205/g17rev.pdf,.pdf,PDF,table-link,1,PUBLIC_GET_NO_AUTH,shared
WEB-0264,LINKED_RESOURCE,https://www.federalreserve.gov/releases/g17/Revisions/20001205/g17rev.txt,.txt,ASCII,table-link,1,PUBLIC_GET_NO_AUTH,shared
WEB-0264,LINKED_RESOURCE,https://www.federalreserve.gov/releases/g17/20001115/g17.pdf,.pdf,PDF,table-link,1,PUBLIC_GET_NO_AUTH,shared
WEB-0264,LINKED_RESOURCE,https://www.federalreserve.gov/releases/g17/20001115/g17.txt,.txt,ASCII,table-link,1,PUBLIC_GET_NO_AUTH,shared
WEB-0264,LINKED_RESOURCE,https://www.federalreserve.gov/releases/g17/20001017/g17.pdf,.pdf,PDF,table-link,1,PUBLIC_GET_NO_AUTH,shared
WEB-0264,LINKED_RESOURCE,https://www.federalreserve.gov/releases/g17/20001017/g17.txt,.txt,ASCII,table-link,1,PUBLIC_GET_NO_AUTH,shared
WEB-0264,LINKED_RESOURCE,https://www.federalreserve.gov/releases/g17/20000915/g17.pdf,.pdf,PDF,table-link,1,PUBLIC_GET_NO_AUTH,shared
WEB-0264,LINKED_RESOURCE,https://www.federalreserve.gov/releases/g17/20000915/g17.txt,.txt,ASCII,table-link,1,PUBLIC_GET_NO_AUTH,shared
WEB-0264,LINKED_RESOURCE,https://www.federalreserve.gov/releases/g17/20000815/g17.pdf,.pdf,PDF,table-link,1,PUBLIC_GET_NO_AUTH,shared
WEB-0264,LINKED_RESOURCE,https://www.federalreserve.gov/releases/g17/20000815/g17.txt,.txt,ASCII,table-link,1,PUBLIC_GET_NO_AUTH,shared
WEB-0264,LINKED_RESOURCE,https://www.federalreserve.gov/releases/g17/20000714/g17.pdf,.pdf,PDF,table-link,1,PUBLIC_GET_NO_AUTH,shared
WEB-0264,LINKED_RESOURCE,https://www.federalreserve.gov/releases/g17/20000714/g17.txt,.txt,ASCII,table-link,1,PUBLIC_GET_NO_AUTH,shared
WEB-0264,LINKED_RESOURCE,https://www.federalreserve.gov/releases/g17/20000615/g17.pdf,.pdf,PDF,table-link,1,PUBLIC_GET_NO_AUTH,shared
WEB-0264,LINKED_RESOURCE,https://www.federalreserve.gov/releases/g17/20000615/g17.txt,.txt,ASCII,table-link,1,PUBLIC_GET_NO_AUTH,shared
WEB-0264,LINKED_RESOURCE,https://www.federalreserve.gov/releases/g17/20000515/g17.pdf,.pdf,PDF,table-link,1,PUBLIC_GET_NO_AUTH,shared
WEB-0264,LINKED_RESOURCE,https://www.federalreserve.gov/releases/g17/20000515/g17.txt,.txt,ASCII,table-link,1,PUBLIC_GET_NO_AUTH,shared
WEB-0264,LINKED_RESOURCE,https://www.federalreserve.gov/releases/g17/20000414/g17.pdf,.pdf,PDF,table-link,1,PUBLIC_GET_NO_AUTH,shared
WEB-0264,LINKED_RESOURCE,https://www.federalreserve.gov/releases/g17/20000414/g17.txt,.txt,ASCII,table-link,1,PUBLIC_GET_NO_AUTH,shared
WEB-0264,LINKED_RESOURCE,https://www.federalreserve.gov/releases/g17/20000315/g17.pdf,.pdf,PDF,table-link,1,PUBLIC_GET_NO_AUTH,shared
WEB-0264,LINKED_RESOURCE,https://www.federalreserve.gov/releases/g17/20000315/g17.txt,.txt,ASCII,table-link,1,PUBLIC_GET_NO_AUTH,shared
WEB-0264,LINKED_RESOURCE,https://www.federalreserve.gov/releases/g17/20000215/g17.pdf,.pdf,PDF,table-link,1,PUBLIC_GET_NO_AUTH,shared
WEB-0264,LINKED_RESOURCE,https://www.federalreserve.gov/releases/g17/20000215/g17.txt,.txt,ASCII,table-link,1,PUBLIC_GET_NO_AUTH,shared
WEB-0264,LINKED_RESOURCE,https://www.federalreserve.gov/releases/g17/20000114/g17.pdf,.pdf,PDF,table-link,1,PUBLIC_GET_NO_AUTH,shared
WEB-0264,LINKED_RESOURCE,https://www.federalreserve.gov/releases/g17/20000114/g17.txt,.txt,ASCII,table-link,1,PUBLIC_GET_NO_AUTH,shared
WEB-0264,LINKED_RESOURCE,https://www.federalreserve.gov/releases/g17/19991215/g17.pdf,.pdf,PDF,table-link,1,PUBLIC_GET_NO_AUTH,shared
WEB-0264,LINKED_RESOURCE,https://www.federalreserve.gov/releases/g17/19991215/g17.txt,.txt,ASCII,table-link,1,PUBLIC_GET_NO_AUTH,shared
WEB-0264,LINKED_RESOURCE,https://www.federalreserve.gov/releases/g17/Revisions/19991130/g17.pdf,.pdf,PDF,table-link,1,PUBLIC_GET_NO_AUTH,shared
WEB-0264,LINKED_RESOURCE,https://www.federalreserve.gov/releases/g17/Revisions/19991130/g17.txt,.txt,ASCII,table-link,1,PUBLIC_GET_NO_AUTH,shared
WEB-0264,LINKED_RESOURCE,https://www.federalreserve.gov/releases/g17/19991116/g17.pdf,.pdf,PDF,table-link,1,PUBLIC_GET_NO_AUTH,shared
WEB-0264,LINKED_RESOURCE,https://www.federalreserve.gov/releases/g17/19991116/g17.txt,.txt,ASCII,table-link,1,PUBLIC_GET_NO_AUTH,shared
WEB-0264,LINKED_RESOURCE,https://www.federalreserve.gov/releases/g17/19991015/g17.pdf,.pdf,PDF,table-link,1,PUBLIC_GET_NO_AUTH,shared
WEB-0264,LINKED_RESOURCE,https://www.federalreserve.gov/releases/g17/19991015/g17.txt,.txt,ASCII,table-link,1,PUBLIC_GET_NO_AUTH,shared
WEB-0264,LINKED_RESOURCE,https://www.federalreserve.gov/releases/g17/19990916/g17.pdf,.pdf,PDF,table-link,1,PUBLIC_GET_NO_AUTH,shared
WEB-0264,LINKED_RESOURCE,https://www.federalreserve.gov/releases/g17/19990916/g17.txt,.txt,ASCII,table-link,1,PUBLIC_GET_NO_AUTH,shared
WEB-0264,LINKED_RESOURCE,https://www.federalreserve.gov/releases/g17/19990817/g17.pdf,.pdf,PDF,table-link,1,PUBLIC_GET_NO_AUTH,shared
WEB-0264,LINKED_RESOURCE,https://www.federalreserve.gov/releases/g17/19990817/g17.txt,.txt,ASCII,table-link,1,PUBLIC_GET_NO_AUTH,shared
WEB-0264,LINKED_RESOURCE,https://www.federalreserve.gov/releases/g17/19990716/g17.pdf,.pdf,PDF,table-link,1,PUBLIC_GET_NO_AUTH,shared
WEB-0264,LINKED_RESOURCE,https://www.federalreserve.gov/releases/g17/19990716/g17.txt,.txt,ASCII,table-link,1,PUBLIC_GET_NO_AUTH,shared
WEB-0264,LINKED_RESOURCE,https://www.federalreserve.gov/releases/g17/19990616/g17.pdf,.pdf,PDF,table-link,1,PUBLIC_GET_NO_AUTH,shared
WEB-0264,LINKED_RESOURCE,https://www.federalreserve.gov/releases/g17/19990616/g17.txt,.txt,ASCII,table-link,1,PUBLIC_GET_NO_AUTH,shared
WEB-0264,LINKED_RESOURCE,https://www.federalreserve.gov/releases/g17/19990514/g17.pdf,.pdf,PDF,table-link,1,PUBLIC_GET_NO_AUTH,shared
WEB-0264,LINKED_RESOURCE,https://www.federalreserve.gov/releases/g17/19990514/g17.txt,.txt,ASCII,table-link,1,PUBLIC_GET_NO_AUTH,shared
WEB-0264,LINKED_RESOURCE,https://www.federalreserve.gov/releases/g17/19990416/g17.pdf,.pdf,PDF,table-link,1,PUBLIC_GET_NO_AUTH,shared
WEB-0264,LINKED_RESOURCE,https://www.federalreserve.gov/releases/g17/19990416/g17.txt,.txt,ASCII,table-link,1,PUBLIC_GET_NO_AUTH,shared
WEB-0264,LINKED_RESOURCE,https://www.federalreserve.gov/releases/g17/19990316/g17.pdf,.pdf,PDF,table-link,1,PUBLIC_GET_NO_AUTH,shared
WEB-0264,LINKED_RESOURCE,https://www.federalreserve.gov/releases/g17/19990316/g17.txt,.txt,ASCII,table-link,1,PUBLIC_GET_NO_AUTH,shared
WEB-0264,LINKED_RESOURCE,https://www.federalreserve.gov/releases/g17/19990217/g17.pdf,.pdf,PDF,table-link,1,PUBLIC_GET_NO_AUTH,shared
WEB-0264,LINKED_RESOURCE,https://www.federalreserve.gov/releases/g17/19990217/g17.txt,.txt,ASCII,table-link,1,PUBLIC_GET_NO_AUTH,shared
WEB-0264,LINKED_RESOURCE,https://www.federalreserve.gov/releases/g17/19990115/g17.pdf,.pdf,PDF,table-link,1,PUBLIC_GET_NO_AUTH,shared
WEB-0264,LINKED_RESOURCE,https://www.federalreserve.gov/releases/g17/19990115/g17.txt,.txt,ASCII,table-link,1,PUBLIC_GET_NO_AUTH,shared
WEB-0264,LINKED_RESOURCE,https://www.federalreserve.gov/releases/g17/19981216/g17.pdf,.pdf,PDF,table-link,1,PUBLIC_GET_NO_AUTH,shared
WEB-0264,LINKED_RESOURCE,https://www.federalreserve.gov/releases/g17/19981216/g17.txt,.txt,ASCII,table-link,1,PUBLIC_GET_NO_AUTH,shared
WEB-0264,LINKED_RESOURCE,https://www.federalreserve.gov/releases/g17/Revisions/19981124/g17.pdf,.pdf,PDF,table-link,1,PUBLIC_GET_NO_AUTH,shared
WEB-0264,LINKED_RESOURCE,https://www.federalreserve.gov/releases/g17/Revisions/19981124/g17.txt,.txt,ASCII,table-link,1,PUBLIC_GET_NO_AUTH,shared
WEB-0264,LINKED_RESOURCE,https://www.federalreserve.gov/releases/g17/19981116/g17.pdf,.pdf,PDF,table-link,1,PUBLIC_GET_NO_AUTH,shared
WEB-0264,LINKED_RESOURCE,https://www.federalreserve.gov/releases/g17/19981116/g17.txt,.txt,ASCII,table-link,1,PUBLIC_GET_NO_AUTH,shared
WEB-0264,LINKED_RESOURCE,https://www.federalreserve.gov/releases/g17/19981016/g17.pdf,.pdf,PDF,table-link,1,PUBLIC_GET_NO_AUTH,shared
WEB-0264,LINKED_RESOURCE,https://www.federalreserve.gov/releases/g17/19981016/g17.txt,.txt,ASCII,table-link,1,PUBLIC_GET_NO_AUTH,shared
WEB-0264,LINKED_RESOURCE,https://www.federalreserve.gov/releases/g17/19980916/g17.pdf,.pdf,PDF,table-link,1,PUBLIC_GET_NO_AUTH,shared
WEB-0264,LINKED_RESOURCE,https://www.federalreserve.gov/releases/g17/19980916/g17.txt,.txt,ASCII,table-link,1,PUBLIC_GET_NO_AUTH,shared
WEB-0264,LINKED_RESOURCE,https://www.federalreserve.gov/releases/g17/19980814/g17.pdf,.pdf,PDF,table-link,1,PUBLIC_GET_NO_AUTH,shared
WEB-0264,LINKED_RESOURCE,https://www.federalreserve.gov/releases/g17/19980814/g17.txt,.txt,ASCII,table-link,1,PUBLIC_GET_NO_AUTH,shared
WEB-0264,LINKED_RESOURCE,https://www.federalreserve.gov/releases/g17/19980716/g17.pdf,.pdf,PDF,table-link,1,PUBLIC_GET_NO_AUTH,shared
WEB-0264,LINKED_RESOURCE,https://www.federalreserve.gov/releases/g17/19980716/g17.txt,.txt,ASCII,table-link,1,PUBLIC_GET_NO_AUTH,shared
WEB-0264,LINKED_RESOURCE,https://www.federalreserve.gov/releases/g17/19980616/g17.pdf,.pdf,PDF,table-link,1,PUBLIC_GET_NO_AUTH,shared
WEB-0264,LINKED_RESOURCE,https://www.federalreserve.gov/releases/g17/19980616/g17.txt,.txt,ASCII,table-link,1,PUBLIC_GET_NO_AUTH,shared
WEB-0264,LINKED_RESOURCE,https://www.federalreserve.gov/releases/g17/19980515/g17.pdf,.pdf,PDF,table-link,1,PUBLIC_GET_NO_AUTH,shared
WEB-0264,LINKED_RESOURCE,https://www.federalreserve.gov/releases/g17/19980515/g17.txt,.txt,ASCII,table-link,1,PUBLIC_GET_NO_AUTH,shared
WEB-0264,LINKED_RESOURCE,https://www.federalreserve.gov/releases/g17/19980417/g17.pdf,.pdf,PDF,table-link,1,PUBLIC_GET_NO_AUTH,shared
WEB-0264,LINKED_RESOURCE,https://www.federalreserve.gov/releases/g17/19980417/g17.txt,.txt,ASCII,table-link,1,PUBLIC_GET_NO_AUTH,shared
WEB-0264,LINKED_RESOURCE,https://www.federalreserve.gov/releases/g17/19980317/g17.pdf,.pdf,PDF,table-link,1,PUBLIC_GET_NO_AUTH,shared
WEB-0264,LINKED_RESOURCE,https://www.federalreserve.gov/releases/g17/19980317/g17.txt,.txt,ASCII,table-link,1,PUBLIC_GET_NO_AUTH,shared
WEB-0264,LINKED_RESOURCE,https://www.federalreserve.gov/releases/g17/19980217/g17.pdf,.pdf,PDF,table-link,1,PUBLIC_GET_NO_AUTH,shared
WEB-0264,LINKED_RESOURCE,https://www.federalreserve.gov/releases/g17/19980217/g17.txt,.txt,ASCII,table-link,1,PUBLIC_GET_NO_AUTH,shared
WEB-0264,LINKED_RESOURCE,https://www.federalreserve.gov/releases/g17/19980116/g17.pdf,.pdf,PDF,table-link,1,PUBLIC_GET_NO_AUTH,shared
WEB-0264,LINKED_RESOURCE,https://www.federalreserve.gov/releases/g17/19980116/g17.txt,.txt,ASCII,table-link,1,PUBLIC_GET_NO_AUTH,shared
WEB-0264,LINKED_RESOURCE,https://www.federalreserve.gov/releases/g17/19971215/g17.pdf,.pdf,PDF,table-link,1,PUBLIC_GET_NO_AUTH,shared
WEB-0264,LINKED_RESOURCE,https://www.federalreserve.gov/releases/g17/19971215/g17.txt,.txt,ASCII,table-link,1,PUBLIC_GET_NO_AUTH,shared
WEB-0264,LINKED_RESOURCE,https://www.federalreserve.gov/releases/g17/Revisions/19971209/g17.pdf,.pdf,PDF,table-link,1,PUBLIC_GET_NO_AUTH,shared
WEB-0264,LINKED_RESOURCE,https://www.federalreserve.gov/releases/g17/Revisions/19971209/g17.txt,.txt,ASCII,table-link,1,PUBLIC_GET_NO_AUTH,shared
WEB-0264,LINKED_RESOURCE,https://www.federalreserve.gov/releases/g17/Revisions/19970127/g17.pdf,.pdf,PDF,table-link,1,PUBLIC_GET_NO_AUTH,shared
WEB-0264,LINKED_RESOURCE,https://www.federalreserve.gov/releases/g17/Revisions/19970127/g17.txt,.txt,ASCII,table-link,1,PUBLIC_GET_NO_AUTH,shared
WEB-0266,LINKED_RESOURCE,https://www.federalreserve.gov/datadownload/Choose.aspx?rel=H10,.aspx,Data Download,anchor,1,PUBLIC_GET_NO_AUTH,shared
WEB-0266,LINKED_RESOURCE,https://www.federalreserve.gov/releases/h10/data/FRB_h10_xml.zip,.zip,XML,anchor,1,PUBLIC_GET_NO_AUTH,shared
WEB-0289,LINKED_RESOURCE,https://www.gov.cn/zhengce/2015-04/01/content_5712727.htm,.htm,视频下载,anchor,1,PUBLIC_GET_NO_AUTH,shared
WEB-0301,LINKED_RESOURCE,https://www.iata.org/contentassets/ea385fd7df5f4a46a4538da2c988eddd/2024-06-02-01-ar.pdf,.pdf,قطاع الطيران العالمي يقلّص حجم الأموال المجمّدة لدى الحكومات إلى 1.8 مليار دولار أمريكي,anchor,1,PUBLIC_GET_NO_AUTH,private_only
WEB-0310,LINKED_RESOURCE,https://www.ifrs.org/content/dam/ifrs/about-us/legal-and-governance/legal-docs/modern-slavery-statement.pdf,.pdf,Modern slavery statement,anchor,1,PUBLIC_GET_NO_AUTH,private_only
WEB-0310,LINKED_RESOURCE,https://www.ifrs.org/content/dam/ifrs/about-us/legal-and-governance/legal-docs/trade-mark-guidelines.pdf,.pdf,Trade mark guidelines,anchor,1,PUBLIC_GET_NO_AUTH,private_only
WEB-0351,LINKED_RESOURCE,https://www.nber.org/sites/default/files/2023-03/BCDC_spreadsheet_for_website.xlsx,.xlsx,Downloadable Excel File of Business Cycle Expansions and Contractions,anchor,1,PUBLIC_GET_NO_AUTH,private_only
WEB-0351,LINKED_RESOURCE,https://www.nber.org/sites/default/files/2023-03/BCDC_printed_spreadsheet.pdf,.pdf,.PDF version,anchor,1,PUBLIC_GET_NO_AUTH,private_only
WEB-0351,LINKED_RESOURCE,https://data.nber.org/cycles/,,JSON file format,anchor,1,PUBLIC_GET_NO_AUTH,private_only
WEB-0364,LINKED_RESOURCE,https://www.policyuncertainty.com/media/China_Mainland_Paper_EPU.xlsx,.xlsx,Download Data,anchor,1,PUBLIC_GET_NO_AUTH,private_only
WEB-0364,LINKED_RESOURCE,https://www.policyuncertainty.com/media/China_Mainland_Papers_Annotated_Index.pdf,.pdf,Download Annotated Index,anchor,1,PUBLIC_GET_NO_AUTH,private_only
WEB-0382,LINKED_RESOURCE,https://www.safe.gov.cn/safe/2024/1227/25585.html,.html,国家外汇管理局关于印发《银行外汇风险交易报告管理办法（试...,anchor,1,PUBLIC_GET_NO_AUTH,shared
WEB-0382,LINKED_RESOURCE,https://www.safe.gov.cn/safe/2026/0327/27302.html,.html,2025年中国国际收支报告,anchor,1,PUBLIC_GET_NO_AUTH,shared
WEB-0382,LINKED_RESOURCE,https://www.safe.gov.cn/safe/2025/0930/26620.html,.html,2025年上半年中国国际收支报告,anchor,1,PUBLIC_GET_NO_AUTH,shared
WEB-0382,LINKED_RESOURCE,https://www.safe.gov.cn/safe/2025/0328/25914.html,.html,2024年中国国际收支报告,anchor,1,PUBLIC_GET_NO_AUTH,shared
WEB-0388,LINKED_RESOURCE,https://www.sec.gov/Archives/edgar/data/1668717/000119312524052002/0001193125-24-052002.txt,.txt,0001193125-24-052002.txt,table-link,1,PUBLIC_GET_NO_AUTH,shared
WEB-0393,LINKED_RESOURCE,https://www.sge.com.cn/cpfw/bdxz,,表单下载,anchor,1,PUBLIC_GET_NO_AUTH,shared
WEB-0469,LINKED_RESOURCE,https://www.sse.com.cn/home/app/update/,,APP下载,anchor,1,PUBLIC_GET_NO_AUTH,private_only
WEB-0469,LINKED_RESOURCE,https://www.sse.com.cn/home/component/news/c/c_20260814_10828948.shtml,.shtml,中国证监会发布上市公司2025年年度财务报告会计监管报告,anchor,1,PUBLIC_GET_NO_AUTH,private_only
WEB-0469,LINKED_RESOURCE,https://www.sse.com.cn/aboutus/mediacenter/conference/c/10828976/files/feaaeec72cb749c294b76dff72043383.pdf,.pdf,第五百一十四期新闻发布会,anchor,1,PUBLIC_GET_NO_AUTH,private_only
WEB-0469,LINKED_RESOURCE,https://www.sse.com.cn/aboutus/mediacenter/conference/c/10828308/files/2c803b09152c48bdbad6b3db41f71746.pdf,.pdf,第五百一十三期新闻发布会,anchor,1,PUBLIC_GET_NO_AUTH,private_only
WEB-0469,LINKED_RESOURCE,https://www.sse.com.cn/aboutus/mediacenter/conference/c/10827492/files/ce02bd6f239042729ffeab6202253a65.pdf,.pdf,第五百一十二期新闻发布会,anchor,1,PUBLIC_GET_NO_AUTH,private_only
WEB-0469,LINKED_RESOURCE,https://www.sse.com.cn/aboutus/mediacenter/conference/c/10826679/files/b69f212457e44d76a02d8efc07fdf30b.pdf,.pdf,第五百一十一期新闻发布会,anchor,1,PUBLIC_GET_NO_AUTH,private_only
WEB-0471,LINKED_RESOURCE,https://www.stats.gov.cn/sj/zxfb/202501/P020250127324149881531.xlsx,.xlsx,相关数据表,anchor,1,PUBLIC_GET_NO_AUTH,shared
WEB-0472,LINKED_RESOURCE,https://www.stats.gov.cn/xxgk/sjfb/zxfb2020/202412/P020241227323532210431.xlsx,.xlsx,相关数据表,anchor,1,PUBLIC_GET_NO_AUTH,shared
WEB-0492,LINKED_RESOURCE,https://openknowledge.worldbank.org/bitstreams/8e6bcf71-89a1-443b-bbe9-6c39a496d7ab/download,,https://openknowledge.worldbank.org/bitstreams/8e6bcf71-89a1-443b-bbe9-6c39a496d7ab/download,anchor,1,PUBLIC_GET_NO_AUTH,shared
WEB-0495,LINKED_RESOURCE,https://documents1.worldbank.org/curated/en/099027005152320346/pdf/IDU0ea0213ae0e0f804ba309c7a00638cf710a36.pdf,.pdf,Normalization of Crisis is No Road for Stabilization,anchor,1,PUBLIC_GET_NO_AUTH,shared
WEB-0496,LINKED_RESOURCE,https://openknowledge.worldbank.org/bitstreams/27189ca2-d947-4ca2-8e3f-a36b3b5bf4ba/download,,https://openknowledge.worldbank.org/bitstreams/27189ca2-d947-4ca2-8e3f-a36b3b5bf4ba/download,anchor,1,PUBLIC_GET_NO_AUTH,shared
WEB-0496,LINKED_RESOURCE,https://openknowledge.worldbank.org/bitstreams/44f54d51-6b06-4ac3-b886-38a46754229f/download,,https://openknowledge.worldbank.org/bitstreams/44f54d51-6b06-4ac3-b886-38a46754229f/download,anchor,1,PUBLIC_GET_NO_AUTH,shared
WEB-0496,LINKED_RESOURCE,https://openknowledge.worldbank.org/bitstreams/0645a74d-c76d-4501-9ef6-2a34f6f4794f/download,,https://openknowledge.worldbank.org/bitstreams/0645a74d-c76d-4501-9ef6-2a34f6f4794f/download,anchor,1,PUBLIC_GET_NO_AUTH,shared
WEB-0496,LINKED_RESOURCE,https://openknowledge.worldbank.org/bitstreams/d458fda1-20b0-4d57-b651-351f8612f559/download,,https://openknowledge.worldbank.org/bitstreams/d458fda1-20b0-4d57-b651-351f8612f559/download,anchor,1,PUBLIC_GET_NO_AUTH,shared
WEB-0497,LINKED_RESOURCE,https://www.worldbank.org/en/publication/global-economic-prospects#downloads,,Downloads,anchor,1,PUBLIC_GET_NO_AUTH,shared
WEB-0497,LINKED_RESOURCE,https://thedocs.worldbank.org/en/doc/399f7262c01cf21e4918b6b22627ac19-0050012026/related/Global-Monthly-July-2026.pdf,.pdf,Title,anchor,1,PUBLIC_GET_NO_AUTH,shared
WEB-0497,LINKED_RESOURCE,https://bit.ly/CMO-April-2026,,Download the April issue,anchor,1,PUBLIC_GET_NO_AUTH,shared
WEB-0497,LINKED_RESOURCE,https://bit.ly/GEP-Jun-2026-Foreword,,Download Foreword,anchor,1,PUBLIC_GET_NO_AUTH,shared
WEB-0497,LINKED_RESOURCE,https://thedocs.worldbank.org/en/doc/2b672b3b0415d6b66c45b66579db4ef5-0050012026/related/GEP-Jun-2026-Chapter-1-Highlights.pdf,.pdf,Highlights,anchor,1,PUBLIC_GET_NO_AUTH,shared
WEB-0497,LINKED_RESOURCE,https://thedocs.worldbank.org/en/doc/2b672b3b0415d6b66c45b66579db4ef5-0050012026/related/GEP-Jun-2026-Chapter-1-charts-data.zip,.zip,Charts and Data,anchor,1,PUBLIC_GET_NO_AUTH,shared
WEB-0497,LINKED_RESOURCE,https://thedocs.worldbank.org/en/doc/2b672b3b0415d6b66c45b66579db4ef5-0050012026/related/GEP-Jun-2026-Chapter-2-Highlights.pdf,.pdf,Highlights,anchor,1,PUBLIC_GET_NO_AUTH,shared
WEB-0497,LINKED_RESOURCE,https://thedocs.worldbank.org/en/doc/2b672b3b0415d6b66c45b66579db4ef5-0050012026/related/GEP-Jun-2026-Chapter-2-charts-data.zip,.zip,Charts and Data,anchor,1,PUBLIC_GET_NO_AUTH,shared
WEB-0497,LINKED_RESOURCE,https://thedocs.worldbank.org/en/doc/2b672b3b0415d6b66c45b66579db4ef5-0050012026/related/GEP-Jun-2026-Box-2-1.pdf,.pdf,Box,anchor,1,PUBLIC_GET_NO_AUTH,shared
WEB-0497,LINKED_RESOURCE,https://thedocs.worldbank.org/en/doc/2b672b3b0415d6b66c45b66579db4ef5-0050012026/related/GEP-June-2026-Chapter2-Box1.xlsx,.xlsx,Charts,anchor,1,PUBLIC_GET_NO_AUTH,shared
WEB-0497,LINKED_RESOURCE,https://thedocs.worldbank.org/en/doc/2b672b3b0415d6b66c45b66579db4ef5-0050012026/related/GEP-Jun-2026-Chapter-2-Box-LIC-table.xlsx,.xlsx,Data,anchor,1,PUBLIC_GET_NO_AUTH,shared
WEB-0497,LINKED_RESOURCE,https://thedocs.worldbank.org/en/doc/2b672b3b0415d6b66c45b66579db4ef5-0050012026/related/GEP-Jun-2026-Box-1-1.pdf,.pdf,Box,anchor,1,PUBLIC_GET_NO_AUTH,shared
WEB-0497,LINKED_RESOURCE,https://thedocs.worldbank.org/en/doc/2b672b3b0415d6b66c45b66579db4ef5-0050012026/related/GEP-June-2026-Chapter1-Box-1-1.xlsx,.xlsx,Charts,anchor,1,PUBLIC_GET_NO_AUTH,shared
WEB-0497,LINKED_RESOURCE,https://thedocs.worldbank.org/en/doc/2b672b3b0415d6b66c45b66579db4ef5-0050012026/related/GEP-Jun-2026-Box-1-2.pdf,.pdf,Box,anchor,1,PUBLIC_GET_NO_AUTH,shared
WEB-0497,LINKED_RESOURCE,https://thedocs.worldbank.org/en/doc/2b672b3b0415d6b66c45b66579db4ef5-0050012026/related/GEP-June-2026-Chapter1-Box-1-2.xlsx,.xlsx,Charts,anchor,1,PUBLIC_GET_NO_AUTH,shared
WEB-0497,LINKED_RESOURCE,https://thedocs.worldbank.org/en/doc/2b672b3b0415d6b66c45b66579db4ef5-0050012026/related/GEP-Jun-2026-Chapter-3-highlights.pdf,.pdf,Highlights,anchor,1,PUBLIC_GET_NO_AUTH,shared
WEB-0497,LINKED_RESOURCE,https://thedocs.worldbank.org/en/doc/2b672b3b0415d6b66c45b66579db4ef5-0050012026/related/GEP-June-2026-Chapter3-Fig3-1-B3-1-1.xlsx,.xlsx,Charts,anchor,1,PUBLIC_GET_NO_AUTH,shared
WEB-0497,LINKED_RESOURCE,https://thedocs.worldbank.org/en/doc/2b672b3b0415d6b66c45b66579db4ef5-0050012026/related/GEP-Jun-2026-Chapter-4-highlights.pdf,.pdf,Highlights,anchor,1,PUBLIC_GET_NO_AUTH,shared
WEB-0497,LINKED_RESOURCE,https://thedocs.worldbank.org/en/doc/2b672b3b0415d6b66c45b66579db4ef5-0050012026/related/GEP-June-2026-Chapter4-Fig4-1-A4-2-1.zip,.zip,Charts,anchor,1,PUBLIC_GET_NO_AUTH,shared
WEB-0497,LINKED_RESOURCE,https://thedocs.worldbank.org/en/doc/2b672b3b0415d6b66c45b66579db4ef5-0050012026/related/GEP-Jun-2026-Box-3-1.pdf,.pdf,Box,anchor,1,PUBLIC_GET_NO_AUTH,shared
WEB-0497,LINKED_RESOURCE,https://thedocs.worldbank.org/en/doc/2b672b3b0415d6b66c45b66579db4ef5-0050012026/related/GEP-June-2026-Chapter3-FigB3-1-1.xlsx,.xlsx,Charts,anchor,1,PUBLIC_GET_NO_AUTH,shared
WEB-0497,LINKED_RESOURCE,https://thedocs.worldbank.org/en/doc/cb15f6d7442eadedf75bb95c4fdec1b3-0350012022/related/Global-Economic-Prospects-January-2022-Topical-Issue-2.pdf,.pdf,Impact of COVID-19 on global income inequality,table-link,1,PUBLIC_GET_NO_AUTH,shared
WEB-0497,LINKED_RESOURCE,https://openknowledge.worldbank.org/bitstream/handle/10986/33748/9781464815539.pdf,.pdf,June 2020,anchor,1,PUBLIC_GET_NO_AUTH,shared
WEB-0497,LINKED_RESOURCE,https://thedocs.worldbank.org/en/doc/4aa0b654ecdbaf8302d5901aaada3fbf-0350012021/related/Global-Economic-Prospects-January-2019.pdf,.pdf,January 2019,anchor,1,PUBLIC_GET_NO_AUTH,shared
WEB-0497,LINKED_RESOURCE,https://thedocs.worldbank.org/en/doc/18ad707266f7740bced755498ae0307a-0350012022/related/Global-Economic-Prospects-June-2022-Topical-Issue-1.pdf,.pdf,Global stagflation,table-link,1,PUBLIC_GET_NO_AUTH,shared
WEB-0497,LINKED_RESOURCE,https://thedocs.worldbank.org/en/doc/600223300a3685fe68016a484ee867fb-0350012021/related/Global-Economic-Prospects-June-2021-Topical-Issue-2.pdf,.pdf,Emerging inflation pressures: Cause for alarm?,table-link,1,PUBLIC_GET_NO_AUTH,shared
WEB-0497,LINKED_RESOURCE,https://thedocs.worldbank.org/en/doc/4aa0b654ecdbaf8302d5901aaada3fbf-0350012021/related/Global-Economic-Prospects-January-2020.pdf,.pdf,January 2020,anchor,1,PUBLIC_GET_NO_AUTH,shared
WEB-0497,LINKED_RESOURCE,https://thedocs.worldbank.org/en/doc/4aa0b654ecdbaf8302d5901aaada3fbf-0350012021/related/Global-Economic-Prospects-June-2019.pdf,.pdf,June 2019,anchor,1,PUBLIC_GET_NO_AUTH,shared
WEB-0497,LINKED_RESOURCE,https://openknowledge.worldbank.org/bitstream/handle/10986/38030/GEP-January-2023-Topical-Issue-2.pdf,.pdf,"Small states: Overlapping crises, multiple challenges",table-link,1,PUBLIC_GET_NO_AUTH,shared
WEB-0497,LINKED_RESOURCE,https://openknowledge.worldbank.org/bitstream/handle/10986/34710/9781464816123.pdf,.pdf,January 2021,anchor,1,PUBLIC_GET_NO_AUTH,shared
WEB-0497,LINKED_RESOURCE,https://thedocs.worldbank.org/en/doc/4aa0b654ecdbaf8302d5901aaada3fbf-0350012021/related/Global-Economic-Prospects-June-2018.pdf,.pdf,June 2018,anchor,1,PUBLIC_GET_NO_AUTH,shared
WEB-0497,LINKED_RESOURCE,https://thedocs.worldbank.org/en/doc/4aa0b654ecdbaf8302d5901aaada3fbf-0350012021/related/Global-Economic-Prospects-January-2018.pdf,.pdf,January 2018,anchor,1,PUBLIC_GET_NO_AUTH,shared
WEB-0497,LINKED_RESOURCE,https://thedocs.worldbank.org/en/doc/4aa0b654ecdbaf8302d5901aaada3fbf-0350012021/related/Global-Economic-Prospects-January-2016.pdf,.pdf,January 2016,anchor,1,PUBLIC_GET_NO_AUTH,shared
WEB-0497,LINKED_RESOURCE,https://thedocs.worldbank.org/en/doc/f43fb9163f5e4704740c30b614a9ad59-0050012024/related/GEP-June-2024-Topical-Issue-1-Box3-1.pdf,.pdf,Public investment dynamics around adverse events,table-link,1,PUBLIC_GET_NO_AUTH,shared
WEB-0497,LINKED_RESOURCE,https://thedocs.worldbank.org/en/doc/f43fb9163f5e4704740c30b614a9ad59-0050012024/related/GEP-June-2024-Topical-Issue-1-Box3-2.pdf,.pdf,Macroeconomic impacts of public investment: A literature review,table-link,1,PUBLIC_GET_NO_AUTH,shared
WEB-0497,LINKED_RESOURCE,https://thedocs.worldbank.org/en/doc/661f109500bf58fa36a4a46eeace6786-0050012024/related/GEP-Jan-2024-Box3-1.pdf,.pdf,Sparking investment accelerations: Lessons from country case studies,table-link,1,PUBLIC_GET_NO_AUTH,shared
WEB-0497,LINKED_RESOURCE,https://openknowledge.worldbank.org/bitstream/handle/10986/38030/GEP-January-2023-Topical-Issue-1.pdf,.pdf,Investment growth after the pandemic,table-link,1,PUBLIC_GET_NO_AUTH,shared
WEB-0497,LINKED_RESOURCE,https://thedocs.worldbank.org/en/doc/4aa0b654ecdbaf8302d5901aaada3fbf-0350012021/related/Global-Economic-Prospects-January-2017.pdf,.pdf,January 2017,anchor,1,PUBLIC_GET_NO_AUTH,shared
WEB-0497,LINKED_RESOURCE,https://thedocs.worldbank.org/en/doc/4aa0b654ecdbaf8302d5901aaada3fbf-0350012021/related/Global-Economic-Prospects-June-2016.pdf,.pdf,June 2016,anchor,1,PUBLIC_GET_NO_AUTH,shared
WEB-0497,LINKED_RESOURCE,https://thedocs.worldbank.org/en/doc/4aa0b654ecdbaf8302d5901aaada3fbf-0350012021/related/Global-Economic-Prospects-January-2015.pdf,.pdf,January 2015,anchor,1,PUBLIC_GET_NO_AUTH,shared
WEB-0497,LINKED_RESOURCE,https://thedocs.worldbank.org/en/doc/4aa0b654ecdbaf8302d5901aaada3fbf-0350012021/related/Global-Economic-Prospects-June-2015.pdf,.pdf,June 2015,anchor,1,PUBLIC_GET_NO_AUTH,shared
WEB-0497,LINKED_RESOURCE,https://thedocs.worldbank.org/en/doc/f43fb9163f5e4704740c30b614a9ad59-0050012024/related/GEP-June-2024-Topical-Issue-2.pdf,.pdf,"Fiscal challenges in small states: Weathering storms, rebuilding resilience",table-link,1,PUBLIC_GET_NO_AUTH,shared
WEB-0497,LINKED_RESOURCE,https://thedocs.worldbank.org/en/doc/661f109500bf58fa36a4a46eeace6786-0050012024/related/GEP-Jan-2024-Box4-1.pdf,.pdf,How does procyclical fiscal policy affect output growth?,table-link,1,PUBLIC_GET_NO_AUTH,shared
WEB-0497,LINKED_RESOURCE,https://thedocs.worldbank.org/en/doc/661f109500bf58fa36a4a46eeace6786-0050012024/related/GEP-Jan-2024-Box4-2.pdf,.pdf,Do fiscal rules and sovereign wealth funds make a difference? Lessons from country case studies,table-link,1,PUBLIC_GET_NO_AUTH,shared
WEB-0497,LINKED_RESOURCE,https://thedocs.worldbank.org/en/doc/cb15f6d7442eadedf75bb95c4fdec1b3-0350012022/related/Global-Economic-Prospects-January-2022-Topical-Issue-1.pdf,.pdf,Resolving high debt after the pandemic: Lessons from past episodes of debt relief,table-link,1,PUBLIC_GET_NO_AUTH,shared
WEB-0497,LINKED_RESOURCE,https://thedocs.worldbank.org/en/doc/4aa0b654ecdbaf8302d5901aaada3fbf-0350012021/related/Global-Economic-Prospects-June-2017.pdf,.pdf,June 2017,anchor,1,PUBLIC_GET_NO_AUTH,shared
WEB-0497,LINKED_RESOURCE,https://thedocs.worldbank.org/en/doc/18ad707266f7740bced755498ae0307a-0350012022/related/Global-Economic-Prospects-June-2022-Topical-Issue-2.pdf,.pdf,Russia’s invasion of Ukraine: Implications for energy markets and activity,table-link,1,PUBLIC_GET_NO_AUTH,shared
WEB-0497,LINKED_RESOURCE,https://thedocs.worldbank.org/en/doc/cb15f6d7442eadedf75bb95c4fdec1b3-0350012022/related/Global-Economic-Prospects-January-2022-Topical-Issue-3.pdf,.pdf,Commodity price cycles: Drivers and policies,table-link,1,PUBLIC_GET_NO_AUTH,shared
WEB-0497,LINKED_RESOURCE,https://thedocs.worldbank.org/en/doc/600223300a3685fe68016a484ee867fb-0350012021/related/Global-Economic-Prospects-June-2021-Topical-Issue-1.pdf,.pdf,High trade costs: Causes and remedies,table-link,1,PUBLIC_GET_NO_AUTH,shared
WEB-0497,LINKED_RESOURCE,https://thedocs.worldbank.org/en/doc/2b672b3b0415d6b66c45b66579db4ef5-0050012026/related/GEP-Jun-2026-All-Charts-Data.zip,.zip,All charts and data (Zip),anchor,1,PUBLIC_GET_NO_AUTH,shared
WEB-0497,LINKED_RESOURCE,https://openknowledge.worldbank.org/bitstream/handle/10986/38030/GEP-January-2023-All-Charts.zip,.zip,Jan. 2023,anchor,1,PUBLIC_GET_NO_AUTH,shared
WEB-0497,LINKED_RESOURCE,https://openknowledge.worldbank.org/bitstream/handle/10986/37224/Global-Economic-Prospects-June-2022-All-Charts.zip,.zip,June 2022,anchor,1,PUBLIC_GET_NO_AUTH,shared
WEB-0497,LINKED_RESOURCE,https://openknowledge.worldbank.org/bitstream/handle/10986/36519/Global-Economic-Prospects-January-2022-All-charts.zip,.zip,Jan. 2022,anchor,1,PUBLIC_GET_NO_AUTH,shared
WEB-0497,LINKED_RESOURCE,https://thedocs.worldbank.org/en/doc/600223300a3685fe68016a484ee867fb-0350012021/related/Global-Economic-Prospects-June-2021-All-charts.zip,.zip,June 2021,anchor,1,PUBLIC_GET_NO_AUTH,shared
WEB-0497,LINKED_RESOURCE,https://openknowledge.worldbank.org/bitstream/handle/10986/34710/211612Charts.zip,.zip,Jan. 2021,anchor,1,PUBLIC_GET_NO_AUTH,shared
WEB-0497,LINKED_RESOURCE,https://openknowledge.worldbank.org/bitstream/handle/10986/33748/211553Charts.zip,.zip,June 2020,anchor,1,PUBLIC_GET_NO_AUTH,shared
WEB-0497,LINKED_RESOURCE,https://openknowledge.worldbank.org/bitstream/handle/10986/33044/211469Charts.zip,.zip,Jan. 2020,anchor,1,PUBLIC_GET_NO_AUTH,shared
WEB-0497,LINKED_RESOURCE,https://openknowledge.worldbank.org/bitstream/handle/10986/31655/211398Charts.zip,.zip,June 2019,anchor,1,PUBLIC_GET_NO_AUTH,shared
WEB-0497,LINKED_RESOURCE,https://openknowledge.worldbank.org/bitstream/handle/10986/31066/211386Charts.zip,.zip,Jan. 2019,anchor,1,PUBLIC_GET_NO_AUTH,shared
WEB-0497,LINKED_RESOURCE,https://openknowledge.worldbank.org/bitstream/handle/10986/29801/211257Charts.zip,.zip,June 2018,anchor,1,PUBLIC_GET_NO_AUTH,shared
WEB-0497,LINKED_RESOURCE,https://openknowledge.worldbank.org/bitstream/handle/10986/28932/Global-Economic-Prospects-Jan-2018-Charts.zip,.zip,Jan. 2018,anchor,1,PUBLIC_GET_NO_AUTH,shared
WEB-0497,LINKED_RESOURCE,https://pubdocs.worldbank.org/en/240811493655483229/Global-Economic-Prospects-June-2017-Charts.zip,.zip,June 2017,anchor,1,PUBLIC_GET_NO_AUTH,shared
WEB-0497,LINKED_RESOURCE,https://openknowledge.worldbank.org/bitstream/handle/10986/25823/Global-Economic-Prospects-January-2017-Charts.zip,.zip,Jan. 2017,anchor,1,PUBLIC_GET_NO_AUTH,shared
WEB-0497,LINKED_RESOURCE,https://pubdocs.worldbank.org/en/436531484060034226/Global-Economic-Prospects-June-2016-all-charts.zip,.zip,June 2016,anchor,1,PUBLIC_GET_NO_AUTH,shared
WEB-0497,LINKED_RESOURCE,https://openknowledge.worldbank.org/bitstream/handle/10986/38030/GEP-January-2023.pdf,.pdf,January 2023,anchor,1,PUBLIC_GET_NO_AUTH,shared
WEB-0497,LINKED_RESOURCE,https://openknowledge.worldbank.org/bitstream/handle/10986/37224/9781464818431.pdf,.pdf,June 2022,anchor,1,PUBLIC_GET_NO_AUTH,shared
WEB-0497,LINKED_RESOURCE,https://openknowledge.worldbank.org/bitstream/handle/10986/36519/9781464817601.pdf,.pdf,January 2022,anchor,1,PUBLIC_GET_NO_AUTH,shared
WEB-0497,LINKED_RESOURCE,https://thedocs.worldbank.org/en/doc/600223300a3685fe68016a484ee867fb-0350012021/original/Global-Economic-Prospects-June-2021.pdf,.pdf,June 2021,anchor,1,PUBLIC_GET_NO_AUTH,shared
WEB-0497,LINKED_RESOURCE,https://thedocs.worldbank.org/en/doc/4aa0b654ecdbaf8302d5901aaada3fbf-0350012021/related/Global-Economic-Prospects-June-2014.pdf,.pdf,June 2014,anchor,1,PUBLIC_GET_NO_AUTH,shared
WEB-0497,LINKED_RESOURCE,https://thedocs.worldbank.org/en/doc/4aa0b654ecdbaf8302d5901aaada3fbf-0350012021/related/Global-Economic-Prospects-January-2014.pdf,.pdf,January 2014,anchor,1,PUBLIC_GET_NO_AUTH,shared
WEB-0497,LINKED_RESOURCE,https://thedocs.worldbank.org/en/doc/4aa0b654ecdbaf8302d5901aaada3fbf-0350012021/related/Global-Economic-Prospects-June-2013.pdf,.pdf,June 2013,anchor,1,PUBLIC_GET_NO_AUTH,shared
WEB-0497,LINKED_RESOURCE,https://thedocs.worldbank.org/en/doc/4aa0b654ecdbaf8302d5901aaada3fbf-0350012021/related/Global-Economic-Prospects-January-2013.pdf,.pdf,January 2013,anchor,1,PUBLIC_GET_NO_AUTH,shared
WEB-0497,LINKED_RESOURCE,https://thedocs.worldbank.org/en/doc/4aa0b654ecdbaf8302d5901aaada3fbf-0350012021/related/Global-Economic-Prospects-June-2012.pdf,.pdf,June 2012,anchor,1,PUBLIC_GET_NO_AUTH,shared
WEB-0497,LINKED_RESOURCE,https://thedocs.worldbank.org/en/doc/4aa0b654ecdbaf8302d5901aaada3fbf-0350012021/related/Global-Economic-Prospects-January-2012.pdf,.pdf,January 2012,anchor,1,PUBLIC_GET_NO_AUTH,shared
WEB-0497,LINKED_RESOURCE,https://thedocs.worldbank.org/en/doc/4aa0b654ecdbaf8302d5901aaada3fbf-0350012021/related/Global-Economic-Prospects-June-2011.pdf,.pdf,June 2011,anchor,1,PUBLIC_GET_NO_AUTH,shared
WEB-0497,LINKED_RESOURCE,https://thedocs.worldbank.org/en/doc/4aa0b654ecdbaf8302d5901aaada3fbf-0350012021/related/Global-Economic-Prospects-January-2011.pdf,.pdf,January 2011,anchor,1,PUBLIC_GET_NO_AUTH,shared
WEB-0497,LINKED_RESOURCE,https://thedocs.worldbank.org/en/doc/4aa0b654ecdbaf8302d5901aaada3fbf-0350012021/related/Global-Economic-Prospects-June-2010.pdf,.pdf,June 2010,anchor,1,PUBLIC_GET_NO_AUTH,shared
WEB-0497,LINKED_RESOURCE,https://thedocs.worldbank.org/en/doc/4aa0b654ecdbaf8302d5901aaada3fbf-0350012021/related/Global-Economic-Prospects-January-2010.pdf,.pdf,January 2010,anchor,1,PUBLIC_GET_NO_AUTH,shared
WEB-0497,LINKED_RESOURCE,https://thedocs.worldbank.org/en/doc/4aa0b654ecdbaf8302d5901aaada3fbf-0350012021/related/Global-Economic-Prospects-2009.pdf,.pdf,2009,anchor,1,PUBLIC_GET_NO_AUTH,shared
WEB-0497,LINKED_RESOURCE,https://thedocs.worldbank.org/en/doc/4aa0b654ecdbaf8302d5901aaada3fbf-0350012021/related/Global-Economic-Prospects-2008.pdf,.pdf,2008,anchor,1,PUBLIC_GET_NO_AUTH,shared
WEB-0497,LINKED_RESOURCE,https://thedocs.worldbank.org/en/doc/4aa0b654ecdbaf8302d5901aaada3fbf-0350012021/related/Global-Economic-Prospects-2007.pdf,.pdf,2007,anchor,1,PUBLIC_GET_NO_AUTH,shared
WEB-0497,LINKED_RESOURCE,https://thedocs.worldbank.org/en/doc/4aa0b654ecdbaf8302d5901aaada3fbf-0350012021/related/Global-Economic-Prospects-2006.pdf,.pdf,2006,anchor,1,PUBLIC_GET_NO_AUTH,shared
WEB-0497,LINKED_RESOURCE,https://thedocs.worldbank.org/en/doc/4aa0b654ecdbaf8302d5901aaada3fbf-0350012021/related/Global-Economic-Prospects-2005.pdf,.pdf,2005,anchor,1,PUBLIC_GET_NO_AUTH,shared
WEB-0497,LINKED_RESOURCE,https://thedocs.worldbank.org/en/doc/4aa0b654ecdbaf8302d5901aaada3fbf-0350012021/related/Global-Economic-Prospects-2004.pdf,.pdf,2004,anchor,1,PUBLIC_GET_NO_AUTH,shared
WEB-0497,LINKED_RESOURCE,https://thedocs.worldbank.org/en/doc/4aa0b654ecdbaf8302d5901aaada3fbf-0350012021/related/Global-Economic-Prospects-2003.pdf,.pdf,2003,anchor,1,PUBLIC_GET_NO_AUTH,shared
WEB-0497,LINKED_RESOURCE,https://thedocs.worldbank.org/en/doc/4aa0b654ecdbaf8302d5901aaada3fbf-0350012021/related/Global-Economic-Prospects-2002.pdf,.pdf,2002,anchor,1,PUBLIC_GET_NO_AUTH,shared
WEB-0497,LINKED_RESOURCE,https://thedocs.worldbank.org/en/doc/2b672b3b0415d6b66c45b66579db4ef5-0050012026/related/GEP-Jun-2026-gdp-growth.pdf,.pdf,June '26 (PDF),anchor,1,PUBLIC_GET_NO_AUTH,shared
WEB-0497,LINKED_RESOURCE,https://thedocs.worldbank.org/en/doc/7ce50b5aa95bef66048680bba9926ec8-0050012026/related/GEP-Jan-2026-gdp-growth.pdf,.pdf,Jan '26 (PDF),anchor,1,PUBLIC_GET_NO_AUTH,shared
WEB-0497,LINKED_RESOURCE,https://thedocs.worldbank.org/en/doc/8bf0b62ec6bcb886d97295ad930059e9-0050012025/related/GEP-June-2025-gdp-growth.pdf,.pdf,June '25 (PDF),anchor,1,PUBLIC_GET_NO_AUTH,shared
WEB-0497,LINKED_RESOURCE,https://thedocs.worldbank.org/en/doc/c50bc3c87bc2666b9e5fa6699b0b2849-0050012025/related/GEP-January-2025-gdp-growth.pdf,.pdf,Jan '25 (PDF),anchor,1,PUBLIC_GET_NO_AUTH,shared
WEB-0497,LINKED_RESOURCE,https://thedocs.worldbank.org/en/doc/2b672b3b0415d6b66c45b66579db4ef5-0050012026/related/GEP-GDP-growth-2020-2024.zip,.zip,2020-24 (zip),anchor,1,PUBLIC_GET_NO_AUTH,shared
WEB-0497,LINKED_RESOURCE,https://thedocs.worldbank.org/en/doc/2d83dc6f2b64291e7c6943d1b6a2eea9-0350012021/related/GEP-GDP-growth-2015-2019.zip,.zip,2015-19 (zip),anchor,1,PUBLIC_GET_NO_AUTH,shared
WEB-0497,LINKED_RESOURCE,https://thedocs.worldbank.org/en/doc/2d83dc6f2b64291e7c6943d1b6a2eea9-0350012021/related/GEP-GDP-growth-2010-2014.zip,.zip,2010-14 (zip),anchor,1,PUBLIC_GET_NO_AUTH,shared
WEB-0497,LINKED_RESOURCE,https://thedocs.worldbank.org/en/doc/2d83dc6f2b64291e7c6943d1b6a2eea9-0350012021/related/GEP-GDP-growth-2005-2009.zip,.zip,2005-09 (zip),anchor,1,PUBLIC_GET_NO_AUTH,shared
WEB-0497,LINKED_RESOURCE,https://thedocs.worldbank.org/en/doc/2d83dc6f2b64291e7c6943d1b6a2eea9-0350012021/related/GEP-GDP-growth-2000-2004.zip,.zip,2000-04 (zip),anchor,1,PUBLIC_GET_NO_AUTH,shared
WEB-0498,LINKED_RESOURCE,https://thedocs.worldbank.org/en/doc/f3138644a1e8e2bb631399ae11d6c408-0050012026/related/CMO-April-2026-Forecasts.pdf,.pdf,Price forecasts,table-link,1,PUBLIC_GET_NO_AUTH,shared
