"scope","relative_path","size_bytes","mtime_utc","sha256"
"V4.0_PLAN","05_全球经济周期与亚非拉国别风险多币种储备智能决策平台总计划书.tex","203441","2026-08-15T17:52:23.277Z","17b6c8dce3637ba949c1583ff2d7f788053b3591ca3b1987f49956b99d79c293"
"V4.0_PLAN","05_全球经济周期与亚非拉国别风险多币种储备智能决策平台总计划书.pdf","632876","2026-08-15T17:52:56.794Z","1e8cb0972e07006264dfbc577f2be7b8749e8bc37a2c2cd40c4a47bdef855b0a"
"ARCHIVE_V1.0","00_交接入口/本地表格资产结构清单.csv","4399","2026-08-15T19:41:00.931Z","da73c829c8956c45d4d0b99e1dae324664facd0342029469ff0737809486a56b"
"ARCHIVE_V1.0","00_交接入口/缺失受限与待办清单.csv","93368","2026-08-15T19:41:15.136Z","e4a616df1eb0e73059c509c927b70d7b0d06b4f8aaa93f1b3cffbfc2621949ea"
"ARCHIVE_V1.0","00_交接入口/研究资料总清单.csv","1063820","2026-08-15T19:41:15.109Z","86df91c58f9ea39dd317914ec31e0ff45827fd8e58b786ae4027d42bcc17f0fa"
"ARCHIVE_V1.0","00_交接入口/研究资料总清单.jsonl","1573181","2026-08-15T19:41:15.124Z","5c4fdd189e32160f4e06494f3390467196e23f99f1b5603fbdc2248befc658ac"
"ARCHIVE_V1.0","00_交接入口/引用与结论关系.csv","702211","2026-08-15T19:41:15.132Z","4d0e34adc2acd9344d490762c5cf05f595f32b3741568bcef2a0e3e7b828bb6d"
"ARCHIVE_V1.0","00_交接入口/原件可读性与文件头验收.csv","61914","2026-08-15T19:41:15.099Z","8e91da1ee6d1fe2ee16a2c11b128140033158bdfa3e19b106a11719c344e92b5"
"ARCHIVE_V1.0","00_交接入口/终态闭包统计.csv","223","2026-08-15T19:41:17.313Z","187ea5ab45334c4a24828b3974ec1e76b1f51678a6fab467968d23f894ab0a2a"
"ARCHIVE_V1.0","00_交接入口/资料卡/LCL-0001.md","663","2026-08-15T19:41:16.645Z","6eaa55afc6344951f775743ef9c10184d45008222c6633af915832ee793264b6"
"ARCHIVE_V1.0","00_交接入口/资料卡/LCL-0002.md","649","2026-08-15T19:41:16.647Z","0b5bed5fcc4e42ba959d127191c640a00700032400a51077ac48a81b76ec033d"
"ARCHIVE_V1.0","00_交接入口/资料卡/LCL-0003.md","710","2026-08-15T19:41:16.647Z","bddb7781b63190c47a687cc93d2667f39004cfb12788efe72f989f1da2e22225"
"ARCHIVE_V1.0","00_交接入口/资料卡/LCL-0004.md","712","2026-08-15T19:41:16.648Z","bb8d9c584b986c32132ec638b87e821fb05414c56a6a6f0c2e2df3f8ce05545e"
"ARCHIVE_V1.0","00_交接入口/资料卡/LCL-0005.md","707","2026-08-15T19:41:16.649Z","55876d6024f9549e046fca4d99e907024105735f41070f72baf88846f1cfdf6f"
"ARCHIVE_V1.0","00_交接入口/资料卡/LCL-0006.md","724","2026-08-15T19:41:16.651Z","6d8daaf80241f37242aa90ef0276eb706927eb10ea684817fc0f593739055318"
"ARCHIVE_V1.0","00_交接入口/资料卡/LCL-0007.md","715","2026-08-15T19:41:16.652Z","157aa0af4a2e54c6b3c04aa9617147c0c6aaef330688eb56c485b5d3899819f2"
"ARCHIVE_V1.0","00_交接入口/资料卡/LCL-0008.md","716","2026-08-15T19:41:16.653Z","2b4b6e4bab7d80c1b33260a0ccee0e470ccede28b8266940bfd5cda289d0d440"
"ARCHIVE_V1.0","00_交接入口/资料卡/LCL-0009.md","706","2026-08-15T19:41:16.654Z","f083f8907294ee1ad225b4dbb495debcc55968db2035aea6e3ebfd7b7501ba3d"
"ARCHIVE_V1.0","00_交接入口/资料卡/LCL-0010.md","709","2026-08-15T19:41:16.655Z","c426ea0ecd425012f583ffe373e61655a7353a2399fb0d4add63d085584b3c51"
"ARCHIVE_V1.0","00_交接入口/资料卡/LCL-0011.md","706","2026-08-15T19:41:16.657Z","d964c58d46e746f2f718e7fcb1b4db6709a59536b522754e67e89e1a5affb93a"
"ARCHIVE_V1.0","00_交接入口/资料卡/LCL-0012.md","685","2026-08-15T19:41:16.657Z","f774bf8232704168c597ef81696124ef5a4ef25c21a1f02c8c0f7570a25fe6a1"
"ARCHIVE_V1.0","00_交接入口/资料卡/LCL-0013.md","697","2026-08-15T19:41:16.659Z","27abcd57129bcdcf64d27f3525b03f708e7a8c8aba6af9f36c38d7e64296f9ae"
"ARCHIVE_V1.0","00_交接入口/资料卡/LCL-0014.md","697","2026-08-15T19:41:16.660Z","ca2548735f7902415fc5f38efc3145dd94c47b1f278add322bf5be988e894d71"
"ARCHIVE_V1.0","00_交接入口/资料卡/LCL-0015.md","696","2026-08-15T19:41:16.660Z","fa93f0d6ec95c0eef4f131b41a860500197a121ddc00c5ff363a5f0b6bd0dce0"
"ARCHIVE_V1.0","00_交接入口/资料卡/LCL-0016.md","691","2026-08-15T19:41:16.661Z","c2630c62e05ce4bd0fe75fa03ff4f84c7d2fbb95e25bcd2aff66b951435c5f7d"
"ARCHIVE_V1.0","00_交接入口/资料卡/LCL-0017.md","694","2026-08-15T19:41:16.663Z","6a05966aa93314484289802c8a551a720837d6753b3cefd49fffc7805bbdadeb"
"ARCHIVE_V1.0","00_交接入口/资料卡/LCL-0018.md","691","2026-08-15T19:41:16.664Z","a6e033aeddf22fd847aef249d39c6aeb46bf72a47e3dfb98b2bfc011d6f517a1"
"ARCHIVE_V1.0","00_交接入口/资料卡/LCL-0019.md","694","2026-08-15T19:41:16.665Z","9e1aa1b83f8040e41e944acbf4d258ca7f406050994c2d9f885ab92a0428219e"
"ARCHIVE_V1.0","00_交接入口/资料卡/LCL-0020.md","700","2026-08-15T19:41:16.666Z","273297e830c0028e49605d3243c4cae6418674ce0b4ccfeedeeaa4b9edbbb381"
"ARCHIVE_V1.0","00_交接入口/资料卡/LCL-0021.md","700","2026-08-15T19:41:16.667Z","cfec751ac0b215a064f361caa6ac79135cebf4811e6bdf3d37fdae54132fd12e"
"ARCHIVE_V1.0","00_交接入口/资料卡/LCL-0022.md","706","2026-08-15T19:41:16.669Z","88104b65930b668a28272b483f8075edfa8414b358a860e583064b0a068d1229"
"ARCHIVE_V1.0","00_交接入口/资料卡/LCL-0023.md","697","2026-08-15T19:41:16.670Z","71ef76d00e62ea92e782f7334162b063169e7b84df651f447fc590b105cbcb91"
"ARCHIVE_V1.0","00_交接入口/资料卡/LCL-0024.md","697","2026-08-15T19:41:16.671Z","ab2f829447621bf0b03437d0ece103bcc47900afe755c3234bd0a8eac5d52a47"
"ARCHIVE_V1.0","00_交接入口/资料卡/LCL-0025.md","700","2026-08-15T19:41:16.672Z","a42d078a6bdeab06dff86d2916ed902963a672dd3e7d74965f785682fec96035"
"ARCHIVE_V1.0","00_交接入口/资料卡/LCL-0026.md","700","2026-08-15T19:41:16.673Z","497be47e8ccc30ccc7d89f3891fb83a90a1cef1fe05e59cf90201b5da3fa2181"
"ARCHIVE_V1.0","00_交接入口/资料卡/LCL-0027.md","703","2026-08-15T19:41:16.675Z","c0432df3dd845cbdc3b7a4603340456f8c625aecd5a803bd305465d2755b8cc9"
"ARCHIVE_V1.0","00_交接入口/资料卡/LCL-0028.md","706","2026-08-15T19:41:16.676Z","b2e4c189e994ee9630e8f7f89a0973bad1d0f0e66df0b2eb397122881033cd7e"
"ARCHIVE_V1.0","00_交接入口/资料卡/LCL-0029.md","700","2026-08-15T19:41:16.676Z","18bae55b7960b43de48e4a98878f511ee22feee5bd7bc14326c61eda30577efa"
"ARCHIVE_V1.0","00_交接入口/资料卡/LCL-0030.md","700","2026-08-15T19:41:16.677Z","3d33eb54df778209594624e4d592e19eefa7c7799f3f0670e0ad56552344fd48"
"ARCHIVE_V1.0","00_交接入口/资料卡/LCL-0031.md","705","2026-08-15T19:41:16.678Z","758b06df1a3675704d57a0115de69a2a83d7c42cd3defdde587fe02ed851fde6"
"ARCHIVE_V1.0","00_交接入口/资料卡/LCL-0032.md","697","2026-08-15T19:41:16.679Z","e2ec2cedbada41577a096be38ad37eef8c453fc074aa88da0b58c178838b7498"
"ARCHIVE_V1.0","00_交接入口/资料卡/LCL-0033.md","699","2026-08-15T19:41:16.681Z","b8b04ef35d2d47ea6f58bb76ef3ae69e626b0c552e9c07546d0c248e71c1899b"
"ARCHIVE_V1.0","00_交接入口/资料卡/LCL-0034.md","705","2026-08-15T19:41:16.683Z","25870f5744f04e4bb36b460d85b0b66fcaaab2a85e403566697e30a9b61f6021"
"ARCHIVE_V1.0","00_交接入口/资料卡/LCL-0035.md","696","2026-08-15T19:41:16.683Z","d447c1b59c6d0d5705c39305a7e62814ab50fca37a2df83c11a19826bf92f170"
"ARCHIVE_V1.0","00_交接入口/资料卡/LCL-0036.md","696","2026-08-15T19:41:16.684Z","9b1887682155f8fe479acbd85b33f1155466cd8d619427337dcdc78f095a4a8d"
"ARCHIVE_V1.0","00_交接入口/资料卡/LCL-0037.md","702","2026-08-15T19:41:16.685Z","b74f06769403fc497a76018280d14e7d4c28eb0b18b0ce322a01c21cd8c2292b"
"ARCHIVE_V1.0","00_交接入口/资料卡/LCL-0038.md","697","2026-08-15T19:41:16.686Z","ba45cf843cb748becb3566acd5d5b124f8b2dc7f58de6cf814bc49318bf1da74"
"ARCHIVE_V1.0","00_交接入口/资料卡/LCL-0039.md","687","2026-08-15T19:41:16.687Z","357bcb447c1f1c1fc53f670347e52d0f3d30c7c3367e08a43abbd1413d74fc0a"
"ARCHIVE_V1.0","00_交接入口/资料卡/LCL-0040.md","690","2026-08-15T19:41:16.689Z","1d3ffc2f3b4d16941e8708db4582bdb1cd074f84e0d1b7590e4c742df404cbd0"
"ARCHIVE_V1.0","00_交接入口/资料卡/LCL-0041.md","688","2026-08-15T19:41:16.690Z","5a20da6598a02843412e13b80c464b0f604f8e5517fc513449cf3bd6c1ec3e92"
"ARCHIVE_V1.0","00_交接入口/资料卡/LCL-0042.md","684","2026-08-15T19:41:16.691Z","5007e8e9705fa9a8fef7a8a77d6fd4e645fc5af5d1416c20aa8b1e41e4ab995c"
"ARCHIVE_V1.0","00_交接入口/资料卡/LCL-0043.md","678","2026-08-15T19:41:16.691Z","383afd441cca59fe00bcade43845c189c3a8aba1a849e545576879101dd6b72d"
"ARCHIVE_V1.0","00_交接入口/资料卡/LCL-0044.md","699","2026-08-15T19:41:16.693Z","952ae76ffcf8ae8ef643cfd7a1b513a03ff22f278780826da71b27cd31e92cdf"
"ARCHIVE_V1.0","00_交接入口/资料卡/LCL-0045.md","694","2026-08-15T19:41:16.693Z","04ce383c14374de46d14c747f57a1fee6a978cbd3f597fbb8b72795bc6a172f1"
"ARCHIVE_V1.0","00_交接入口/资料卡/LCL-0046.md","695","2026-08-15T19:41:16.694Z","4f66da6f28e2f0f87167219a43140cae82f6f5dc8762c8244ab63758d154f7dd"
"ARCHIVE_V1.0","00_交接入口/资料卡/LCL-0047.md","690","2026-08-15T19:41:16.695Z","2683b3a7626ff39a411c72d9fb5f8e782284708ccb28e065c7410060bcbae173"
"ARCHIVE_V1.0","00_交接入口/资料卡/LCL-0048.md","703","2026-08-15T19:41:16.696Z","f209ce6f172e68f543eb287419ae5e29be2e25b871629aff0e6e4bdc4c7648a3"
"ARCHIVE_V1.0","00_交接入口/资料卡/LCL-0049.md","672","2026-08-15T19:41:16.697Z","35f13c4f7ef77f5ad72767e740cbcbebfef793939d56137fa2e379b3eb55db95"
"ARCHIVE_V1.0","00_交接入口/资料卡/LCL-0050.md","741","2026-08-15T19:41:16.698Z","9bd1a726067ff1a8e82ffde803f954cbc52447efa588417a54209d9464b0d219"
"ARCHIVE_V1.0","00_交接入口/资料卡/LCL-0051.md","741","2026-08-15T19:41:16.699Z","f410adeb8f082d0679a3f123833b31a5d43e6dfc796127b80eaf27504f0c4ebd"
"ARCHIVE_V1.0","00_交接入口/资料卡/LCL-0052.md","747","2026-08-15T19:41:16.700Z","79df01011b7c7c1ffae4b9dfbfcf105df8a36614264531ae6208ef000c09b5a6"
"ARCHIVE_V1.0","00_交接入口/资料卡/LCL-0053.md","747","2026-08-15T19:41:16.701Z","5f5169e09b3dc4435eec81521cfb0b07646adb151902452148f4ec570d7bd83b"
"ARCHIVE_V1.0","00_交接入口/资料卡/LCL-0054.md","747","2026-08-15T19:41:16.702Z","c791ccffdb10c56b20c87fb624de4661050130f060410f8d14693d2786902825"
"ARCHIVE_V1.0","00_交接入口/资料卡/LCL-0055.md","723","2026-08-15T19:41:16.702Z","9e93bb7fec2d1980fcb936b76cb5d8bf3e87aa8c862c714c0a3413874216fb67"
"ARCHIVE_V1.0","00_交接入口/资料卡/LCL-0056.md","723","2026-08-15T19:41:16.703Z","fd4599189d68ba67013a930998a89d51633097e218e4b0410a6064a0697825fe"
"ARCHIVE_V1.0","00_交接入口/资料卡/LCL-0057.md","789","2026-08-15T19:41:16.704Z","38f0f590df591f2c13bd4e50743ec5be3d253cfd738f7074c7128986a6ceeaaa"
"ARCHIVE_V1.0","00_交接入口/资料卡/LCL-0058.md","789","2026-08-15T19:41:16.705Z","3dbc0a5a82590442130e161bc88712c09b69d37129fe5687b7ab87ef837b750b"
"ARCHIVE_V1.0","00_交接入口/资料卡/LCL-0059.md","807","2026-08-15T19:41:16.707Z","d73d9a59e15d55c31ed35fb89c638d61d0ff4d954184c7656daf0eb6ec766003"
"ARCHIVE_V1.0","00_交接入口/资料卡/LCL-0060.md","807","2026-08-15T19:41:16.707Z","b88992a9e95306b0c2f1661bf9b4a605358ea2d360fc079c1b1401dbc27959ff"
"ARCHIVE_V1.0","00_交接入口/资料卡/LCL-0061.md","843","2026-08-15T19:41:16.709Z","f86c7ebc34d01f30b9bbdfed597484b88c099e55659ec6ab116f99835cdad198"
"ARCHIVE_V1.0","00_交接入口/资料卡/LCL-0062.md","843","2026-08-15T19:41:16.711Z","8c30f9d3e4dc4d6e9ce3c83d0f0506cb9568b101c3692b8ca8e31b60e610256e"
"ARCHIVE_V1.0","00_交接入口/资料卡/LCL-0063.md","791","2026-08-15T19:41:16.711Z","5bf4a024736fb61cf1012f3a08e7b5d6caaa6e684e3ed19635eea8c1e2f82077"
"ARCHIVE_V1.0","00_交接入口/资料卡/LCL-0064.md","777","2026-08-15T19:41:16.712Z","f0c60279b2cbece22025c1087af830c60d3a84bf411a820c4bcdd9e80807c7c5"
"ARCHIVE_V1.0","00_交接入口/资料卡/LCL-0065.md","777","2026-08-15T19:41:16.713Z","a3b59d9d80625eb43949cfbf53c8e31fca7743d26f454f327088de92537e715c"
"ARCHIVE_V1.0","00_交接入口/资料卡/LCL-0066.md","815","2026-08-15T19:41:16.714Z","3cbc425cc9b9dcfde1e89ee7904bb7cf73b5136349b347b755a70e9627e7b2e9"
"ARCHIVE_V1.0","00_交接入口/资料卡/LCL-0067.md","801","2026-08-15T19:41:16.715Z","936b82e96d245e87180a8b711e7a7e367d9ac28a19291d2ac11bd17b74e1c67f"
"ARCHIVE_V1.0","00_交接入口/资料卡/LCL-0068.md","801","2026-08-15T19:41:16.716Z","2800cc7ff4e69605bc77f1a08096c3c9e613c533cfd9a6dd4b66d1cfefa2dea2"
"ARCHIVE_V1.0","00_交接入口/资料卡/LCL-0069.md","819","2026-08-15T19:41:16.717Z","d3e4dc493b84f60ce4937bb53b4dbaf98dbb12378bafa0319e9a0e22a96711e5"
"ARCHIVE_V1.0","00_交接入口/资料卡/LCL-0070.md","805","2026-08-15T19:41:16.717Z","5b4d3929e297a5683c894caa6bfb9972aa1a66c4ad19ad091ecc6a167c7c8f1d"
"ARCHIVE_V1.0","00_交接入口/资料卡/LCL-0071.md","805","2026-08-15T19:41:16.719Z","db0a970305a3e25e28c456c9a90156af922fc9c1cdb44264cec96bc8632a0061"
"ARCHIVE_V1.0","00_交接入口/资料卡/LCL-0072.md","691","2026-08-15T19:41:16.720Z","5badcb09710bd13b12a244dc1e5e96ce22a5a2ca84c95a4b0e9210f95e6172c8"
"ARCHIVE_V1.0","00_交接入口/资料卡/LCL-0073.md","683","2026-08-15T19:41:16.721Z","2f6da694d6565d70521508b9b0d6b76493a58716db96c2075da14130d4f4137d"
"ARCHIVE_V1.0","00_交接入口/资料卡/LCL-0074.md","747","2026-08-15T19:41:16.721Z","01244ac39286b04cd69cd7d8a0039a460cd95487c36b3202c78b26be5d1daf7c"
"ARCHIVE_V1.0","00_交接入口/资料卡/LCL-0075.md","711","2026-08-15T19:41:16.723Z","370dd50aa10e88ce9caf3aa5e384b94ec7c6490b9fc183d70a2ce58886a8e388"
"ARCHIVE_V1.0","00_交接入口/资料卡/LCL-0076.md","717","2026-08-15T19:41:16.724Z","d39207df8de45950b0d5f6e8e631add43fba2e0081356d359cf0b0ee3726a35c"
"ARCHIVE_V1.0","00_交接入口/资料卡/LCL-0077.md","650","2026-08-15T19:41:16.725Z","3029f469254f786f95969a9e92c3f6f2b2790b437c0169171dfd184bbcb7c659"
"ARCHIVE_V1.0","00_交接入口/资料卡/LCL-0078.md","711","2026-08-15T19:41:16.726Z","3aeefb79d2ca4d7915e621da75540115103977c19b311a219a589451e62a93ca"
"ARCHIVE_V1.0","00_交接入口/资料卡/LCL-0079.md","682","2026-08-15T19:41:16.727Z","55bc4c4d4e094f4360919d774d2d203737169cbc3ee9090b8a0f448d50fd8cad"
"ARCHIVE_V1.0","00_交接入口/资料卡/LCL-0080.md","652","2026-08-15T19:41:16.729Z","1620a9698e54b2959124301b3d5a1836cc400b2ee2e5aa9ed18488c355ef8483"
"ARCHIVE_V1.0","00_交接入口/资料卡/LCL-0081.md","693","2026-08-15T19:41:16.730Z","cc37c3c41742da7a7f1aeca8f012fae191c7055cb228d11c6705ee538e2f6550"
"ARCHIVE_V1.0","00_交接入口/资料卡/LCL-0082.md","819","2026-08-15T19:41:16.731Z","276f5184696e8afd70947771d0878b4f4729362ca158da983b551cacf91ba1cc"
"ARCHIVE_V1.0","00_交接入口/资料卡/LCL-0083.md","855","2026-08-15T19:41:16.731Z","c4f3a879f960ba1be55f60107c1ec22e512c34db999125bd7daa1ddca378c96a"
"ARCHIVE_V1.0","00_交接入口/资料卡/LCL-0084.md","825","2026-08-15T19:41:16.732Z","3d499353e5de7f3f14a4557ab4921c183fbfe1c613e5c1dca7c68cae642753d9"
"ARCHIVE_V1.0","00_交接入口/资料卡/LCL-0085.md","861","2026-08-15T19:41:16.733Z","5b6483b8757e31f6e2a00565edbb3b86312e49c870cd006810001ef6e2b21d3e"
"ARCHIVE_V1.0","00_交接入口/资料卡/LCL-0086.md","857","2026-08-15T19:41:16.734Z","f52d8e1cf2b73ceeec93b94f489fe5bf23c530337f63d29a73894bf539c7e3fd"
"ARCHIVE_V1.0","00_交接入口/资料卡/LCL-0087.md","893","2026-08-15T19:41:16.735Z","6bb57ed4921d81943e31486e2468c079e609c64c145697689ec5c445a6e77ba1"
"ARCHIVE_V1.0","00_交接入口/资料卡/LCL-0088.md","827","2026-08-15T19:41:16.736Z","ab9dc89c10a305f79d7739e640ae0eadd2a4ebd70a702735b33de5b1209feb3a"
"ARCHIVE_V1.0","00_交接入口/资料卡/LCL-0089.md","863","2026-08-15T19:41:16.737Z","db2a789d58b5afcd8378b0bc7e781134d0f5459f9f80fa476481cbcaf32e42c0"
"ARCHIVE_V1.0","00_交接入口/资料卡/LCL-0090.md","772","2026-08-15T19:41:16.737Z","e3c3230cd3b97b1201b66447034fe6be57afd7050adaa13021a76e4d1d7e6e28"
"ARCHIVE_V1.0","00_交接入口/资料卡/LCL-0091.md","772","2026-08-15T19:41:16.739Z","5cd1a2e127d9f5d6a7bfcd759de384ec01f71caa9f530fb40a71b6369190b8e2"
"ARCHIVE_V1.0","00_交接入口/资料卡/LCL-0092.md","772","2026-08-15T19:41:16.740Z","70bbeb2a0619e6f0449f22e7c18525d6b87ac832f06601a89d2e0fbbe20eb839"
"ARCHIVE_V1.0","00_交接入口/资料卡/LCL-0093.md","766","2026-08-15T19:41:16.741Z","04cf4615e4783e13fcef6b7a087a70669cac475d0880120fab84dc60ad4695ae"
"ARCHIVE_V1.0","00_交接入口/资料卡/LCL-0094.md","778","2026-08-15T19:41:16.741Z","de0eed68877f7323eb0672413be58ca12660f94d427f2fe38ea7988f060291b3"
"ARCHIVE_V1.0","00_交接入口/资料卡/LCL-0095.md","778","2026-08-15T19:41:16.743Z","13fe1c9715b9a2f91c3010865da9d90bafe3fc67a191e8aad27f39776407acf1"
"ARCHIVE_V1.0","00_交接入口/资料卡/LCL-0096.md","774","2026-08-15T19:41:16.744Z","1ff89d00f954592259584dc6202c73fe90fae77d3a3db6a5a3b82ee217cbdeac"
"ARCHIVE_V1.0","00_交接入口/资料卡/LCL-0097.md","774","2026-08-15T19:41:16.745Z","62e9d1417d90218c7547514ffd574ea338f2c77f50bcaaf1c34befdebd36bfed"
"ARCHIVE_V1.0","00_交接入口/资料卡/LCL-0098.md","778","2026-08-15T19:41:16.745Z","e0cd12fd6e41c4f56842bdaa87442b4093b6f515ea3c32ebd0b61a66a702118d"
"ARCHIVE_V1.0","00_交接入口/资料卡/LCL-0099.md","760","2026-08-15T19:41:16.747Z","a5071e98416d91678fdf3aaccb67734301280d6df31f459fee758a4efdbe52f7"
"ARCHIVE_V1.0","00_交接入口/资料卡/LCL-0100.md","772","2026-08-15T19:41:16.748Z","df3d93dfe870161a1e578319fa39c9ee283599388ae465e7e7479cea96c91786"
"ARCHIVE_V1.0","00_交接入口/资料卡/LCL-0101.md","798","2026-08-15T19:41:16.749Z","abd9c4023b794896ef52b27f04288e1bcf2e24a186a80834fe62228de2a00993"
"ARCHIVE_V1.0","00_交接入口/资料卡/LCL-0102.md","766","2026-08-15T19:41:16.750Z","fd2c72881c3b5a3da41b72f3bfb393b1baba71191e7b85708c0805287c94568f"
"ARCHIVE_V1.0","00_交接入口/资料卡/LCL-0103.md","778","2026-08-15T19:41:16.751Z","f40b66c09ce4f92c9bc785b2b01367d3d1e70990fe047eaafb86a50b5e480907"
"ARCHIVE_V1.0","00_交接入口/资料卡/LCL-0104.md","780","2026-08-15T19:41:16.753Z","4cbc0b3f96a846fdeb011ca3b12665a48e101fb65dacc614ccdaff8695ffdfd1"
"ARCHIVE_V1.0","00_交接入口/资料卡/LCL-0105.md","780","2026-08-15T19:41:16.754Z","c29d91ea9d217df27f255fef4a0b959aa2712b1cc6ec5a08ebe3fc641d706c8a"
"ARCHIVE_V1.0","00_交接入口/资料卡/LCL-0106.md","780","2026-08-15T19:41:16.755Z","1af33c24bdf3f52d3ee2eff216839f3550ed91d5a05567bfc6eb955be7bf4956"
"ARCHIVE_V1.0","00_交接入口/资料卡/LCL-0107.md","774","2026-08-15T19:41:16.755Z","6791c6a4f83d291b2714dbe912cccfc2429c6b67700f385dbb1c47297d1bda61"
"ARCHIVE_V1.0","00_交接入口/资料卡/LCL-0108.md","792","2026-08-15T19:41:16.756Z","02b31bcea35e4a98204cbdeae1f67ac156008dc1ab1ebb38c0f55898d5f5f525"
"ARCHIVE_V1.0","00_交接入口/资料卡/LCL-0109.md","786","2026-08-15T19:41:16.757Z","90e49e8d0f1820b6b5e29e6b3ee9a1a1ff500e5f8dced2550e81535a1e45693b"
"ARCHIVE_V1.0","00_交接入口/资料卡/LCL-0110.md","786","2026-08-15T19:41:16.759Z","54c88fef738ae74d0bbf0a14f46996b8cadcd1749c6eb2220d115427c0d2bd00"
"ARCHIVE_V1.0","00_交接入口/资料卡/LCL-0111.md","782","2026-08-15T19:41:16.759Z","adaabc011cb869c22d78219b6979d9729883da4aee95a7c5d7371144e3fcd9e6"
"ARCHIVE_V1.0","00_交接入口/资料卡/LCL-0112.md","782","2026-08-15T19:41:16.760Z","0531ff50226e001892c671cb8a72b61b395deaa3c787cb4fffb776dfb4563b46"
"ARCHIVE_V1.0","00_交接入口/资料卡/LCL-0113.md","786","2026-08-15T19:41:16.761Z","a83d04d7906a32677d157758debce29a9e06dd270ad8b0433aa819e8069c71f0"
"ARCHIVE_V1.0","00_交接入口/资料卡/LCL-0114.md","768","2026-08-15T19:41:16.762Z","1393fb940a806ca3ea8e1803234c84a5c8a11aac017da92754c98af0e562ef20"
"ARCHIVE_V1.0","00_交接入口/资料卡/LCL-0115.md","786","2026-08-15T19:41:16.763Z","f0ee1a0498039dc925264743e57933aea93a4150667aaa1c8af0de0cb2f417a6"
"ARCHIVE_V1.0","00_交接入口/资料卡/LCL-0116.md","780","2026-08-15T19:41:16.764Z","41986a9daaccca903933677c01ad92d25462c2ee2b674ff53029e7273991b221"
"ARCHIVE_V1.0","00_交接入口/资料卡/LCL-0117.md","774","2026-08-15T19:41:16.765Z","970ea7b69baf11735bff74ae77102de9b3f1f789c0b1c6656301aef4c8c58029"
"ARCHIVE_V1.0","00_交接入口/资料卡/LCL-0118.md","779","2026-08-15T19:41:16.767Z","682d2d59a85411316bff14ba400944655668e92f359cbbabc212c6411f31f982"
"ARCHIVE_V1.0","00_交接入口/资料卡/LCL-0119.md","784","2026-08-15T19:41:16.767Z","909d381310b8ff1e3d748873a395b7efb989eb7d0cb56f2321d9dff234f3813e"
"ARCHIVE_V1.0","00_交接入口/资料卡/LCL-0120.md","784","2026-08-15T19:41:16.769Z","beb86682fdd17ca5cbdfabffdd904c320bac830f867e39c61b00ccfb07bee8de"
"ARCHIVE_V1.0","00_交接入口/资料卡/LCL-0121.md","773","2026-08-15T19:41:16.771Z","676bb3a46a2e7c7179ba594e314fbfa701f3784e9a33aa5e6fc16ae04161ec6f"
"ARCHIVE_V1.0","00_交接入口/资料卡/LCL-0122.md","785","2026-08-15T19:41:16.772Z","60b12791229a745ed9b057af72124ba1542a7063e3a9de9d6f89cbb9b018019a"
"ARCHIVE_V1.0","00_交接入口/资料卡/LCL-0123.md","782","2026-08-15T19:41:16.773Z","38d1a8b4160c4550040a6d6877a3ce34bca190673bb3c7bcacf6d48882afff52"
"ARCHIVE_V1.0","00_交接入口/资料卡/LCL-0124.md","778","2026-08-15T19:41:16.773Z","14bede14ae16ea01b5cdddd114a910e1bd1ef5bfd2f8ba1c2d8aea6bdecc4a7e"
"ARCHIVE_V1.0","00_交接入口/资料卡/LCL-0125.md","778","2026-08-15T19:41:16.774Z","c17aceb7d39b63bb4911f39f2b093741a2275c37bf0850f995439f487d91296a"
"ARCHIVE_V1.0","00_交接入口/资料卡/LCL-0126.md","782","2026-08-15T19:41:16.775Z","1ad7cc9b5df6366e8cd5c7045df5f04d07523b5526add4ed0cea6d65f7cbcc79"
"ARCHIVE_V1.0","00_交接入口/资料卡/LCL-0127.md","764","2026-08-15T19:41:16.776Z","2e39eaaf14b573fe68b150d9b212cbcaa2ee8d2e816edb5b32ead49381bfad40"
"ARCHIVE_V1.0","00_交接入口/资料卡/LCL-0128.md","785","2026-08-15T19:41:16.777Z","081a4cc6df8fbd8c5a9a9d8ffcc5e7375451bc3bc80b7b888c6f837b7769135b"
"ARCHIVE_V1.0","00_交接入口/资料卡/LCL-0129.md","784","2026-08-15T19:41:16.778Z","030da3a3eb05598e3ccff8e740746848ab62311f8e5099497cb131cac420d1b5"
"ARCHIVE_V1.0","00_交接入口/资料卡/LCL-0130.md","773","2026-08-15T19:41:16.779Z","264c8a24888703d4872ca2026be023a8fe328f83df7753ec03c61cdca65f49f3"
"ARCHIVE_V1.0","00_交接入口/资料卡/LCL-0131.md","754","2026-08-15T19:41:16.779Z","be62a3882d9e455d47b2d3cd6462f208c6c2fa637ad233d6a764d0e9f8b36e6b"
"ARCHIVE_V1.0","00_交接入口/资料卡/LCL-0132.md","754","2026-08-15T19:41:16.780Z","9b97777eb883fa13b21eb4c9368879f0e6d8be567114b602dcb44d9b7b314c4b"
"ARCHIVE_V1.0","00_交接入口/资料卡/LCL-0133.md","754","2026-08-15T19:41:16.781Z","151f37506cd806b701b54b34ab1983470bfe4722e88de61efea19235f29936ae"
"ARCHIVE_V1.0","00_交接入口/资料卡/LCL-0134.md","760","2026-08-15T19:41:16.782Z","53492f0484f25aa08256ed9d910b81b145c5f3583ececead9a0b5d5406a69857"
"ARCHIVE_V1.0","00_交接入口/资料卡/LCL-0135.md","754","2026-08-15T19:41:16.783Z","c00bfa75abaae68aab48444b3f57318071ae8b2532ff61cc8b0cc13652661838"
"ARCHIVE_V1.0","00_交接入口/资料卡/LCL-0136.md","760","2026-08-15T19:41:16.784Z","5654559b699bc98af110637957127a5510cf634e758b2c3f27e3fd326e0bb09a"
"ARCHIVE_V1.0","00_交接入口/资料卡/LCL-0137.md","754","2026-08-15T19:41:16.786Z","084456a94aacc7c814d51215bcbe736d6d519f8412aae3660aa83e8b84dbc81c"
"ARCHIVE_V1.0","00_交接入口/资料卡/LCL-0138.md","754","2026-08-15T19:41:16.787Z","5165d2ba90b0c6fb625335b2932c9e33cdd2fe0551855e6c97d8459ec1847c91"
"ARCHIVE_V1.0","00_交接入口/资料卡/LCL-0139.md","754","2026-08-15T19:41:16.789Z","e3de7dbd316533a386eff82cbad0ebfdb40b267295e2f3bdc0cf969c44b9b1dd"
"ARCHIVE_V1.0","00_交接入口/资料卡/LCL-0140.md","750","2026-08-15T19:41:16.791Z","0f10210a6a48555716f4cc422fe8d96c9a082f4d212e18d7fca3d17725795704"
"ARCHIVE_V1.0","00_交接入口/资料卡/LCL-0141.md","748","2026-08-15T19:41:16.791Z","04a82ffac324cd5b12573a7374617804a2cf1642d8f7fc455850139e22eb5900"
"ARCHIVE_V1.0","00_交接入口/资料卡/LCL-0142.md","754","2026-08-15T19:41:16.792Z","2a440bbf573c13dd0fa328b8e310a73868c7404de03787b2b7af2920bafc16b0"
"ARCHIVE_V1.0","00_交接入口/资料卡/LCL-0143.md","823","2026-08-15T19:41:16.793Z","3be6a1014ddf1fa3a5c2b82f6ecd1f1a4ef587481ce01a681a7bd56efecdf8e4"
"ARCHIVE_V1.0","00_交接入口/资料卡/LCL-0144.md","819","2026-08-15T19:41:16.794Z","ed683f148ecfe96b4ccaa7e5d7bb177827c40785e5a3b6121712bc793125c431"
"ARCHIVE_V1.0","00_交接入口/资料卡/LCL-0145.md","763","2026-08-15T19:41:16.795Z","c9968c37cbe8771346ffc8285f171bf24d592ff684988bb3d235da9a64a26443"
"ARCHIVE_V1.0","00_交接入口/资料卡/LCL-0146.md","831","2026-08-15T19:41:16.796Z","6563cbe85f42ec4a3624ae93355b2cc7d645e920948547a5fb62cb4b60678134"
"ARCHIVE_V1.0","00_交接入口/资料卡/LCL-0147.md","819","2026-08-15T19:41:16.796Z","a25f11f5114252adec31683e458b3cafb630c3766bc825ed00fa4021b8e3d1a8"
"ARCHIVE_V1.0","00_交接入口/资料卡/LCL-0148.md","656","2026-08-15T19:41:16.797Z","3f76848831133c294d4a086407f1d4476b57448ca8d3c309b1cbae817108f055"
"ARCHIVE_V1.0","00_交接入口/资料卡/LCL-0149.md","769","2026-08-15T19:41:16.798Z","5fdb99c71c0a9908364f7678ed3619e993be0513b70fa7e1805777fe96cf6197"
"ARCHIVE_V1.0","00_交接入口/资料卡/LCL-0150.md","747","2026-08-15T19:41:16.799Z","82a82d0d667fcc027103376c769ffea359a8ea9b1e8111af91800e3ca1478eda"
"ARCHIVE_V1.0","00_交接入口/资料卡/LCL-0151.md","747","2026-08-15T19:41:16.800Z","9ad66388ea9d473bec396f23f40459e87ce183f56b12c7bd2a2198af87fa35bf"
"ARCHIVE_V1.0","00_交接入口/资料卡/LCL-0152.md","753","2026-08-15T19:41:16.802Z","4849dd3fabf76f8d8c3bd52c7d0883b67b50a91c605c9540b95cfc5f55443cbf"
"ARCHIVE_V1.0","00_交接入口/资料卡/LCL-0153.md","747","2026-08-15T19:41:16.803Z","531a66c4fc694ae1c328de136aef08daf4cc9110d9866f3a6f4ec425f0e8d409"
"ARCHIVE_V1.0","00_交接入口/资料卡/LCL-0154.md","751","2026-08-15T19:41:16.803Z","b82253fad6160a307b4762a95efd177efc02593d4af0bad9d1c210b6c3cc87fb"
"ARCHIVE_V1.0","00_交接入口/资料卡/LCL-0155.md","743","2026-08-15T19:41:16.804Z","f26d5b85b770b5bfa63db53086cb769b2c9bf7b30e8c555abf6ea2579bbf7a91"
"ARCHIVE_V1.0","00_交接入口/资料卡/LCL-0156.md","765","2026-08-15T19:41:16.805Z","fe2ee2bd1d0f005cea6a32562bcf244394168826139079ace5d34c676630781f"
"ARCHIVE_V1.0","00_交接入口/资料卡/LCL-0157.md","747","2026-08-15T19:41:16.806Z","b8dc431152b79b70391e92de5d9f4f10c4c53fa04ea1b74dda791e64fbd89df2"
"ARCHIVE_V1.0","00_交接入口/资料卡/LCL-0158.md","735","2026-08-15T19:41:16.807Z","56b5c6a425caa377a784f2de3903b5096f6f965989787521f08c34ef06a819b3"
"ARCHIVE_V1.0","00_交接入口/资料卡/LCL-0159.md","735","2026-08-15T19:41:16.809Z","10f002a7c8b99e93ef2134dfa88df4ab52ed718211fce9d5c24e27b3370db5fb"
"ARCHIVE_V1.0","00_交接入口/资料卡/LCL-0160.md","769","2026-08-15T19:41:16.810Z","80fe67afba9e7fa77397e345486dbc30caccf70c4cd4695c4601584820fe6f4c"
"ARCHIVE_V1.0","00_交接入口/资料卡/LCL-0161.md","737","2026-08-15T19:41:16.810Z","704ff0b4bd260b6b9992b5013e1ddf942718d98eb47fce971e88d0f3fe90f256"
"ARCHIVE_V1.0","00_交接入口/资料卡/LCL-0162.md","643","2026-08-15T19:41:16.811Z","7436fd14480780871ea2c6fae24baa61378bf516a4e6748f88ad6a4ce9fdf3b6"
"ARCHIVE_V1.0","00_交接入口/资料卡/LCL-0163.md","665","2026-08-15T19:41:16.812Z","2be60d84da0a4ce9f8762c5670334ff2ecadce8c647f37902335bec724cb93b5"
"ARCHIVE_V1.0","00_交接入口/资料卡/LCL-0164.md","819","2026-08-15T19:41:16.812Z","04acdf8b01e80974cebb63c7577d7ec86970c836526d5b765d3a4b52e17933f8"
"ARCHIVE_V1.0","00_交接入口/资料卡/LCL-0165.md","855","2026-08-15T19:41:16.813Z","92ec4603dbf5000a0b4e1af543d71ed10437622d764650345c42a1a03176e26e"
"ARCHIVE_V1.0","00_交接入口/资料卡/LCL-0166.md","799","2026-08-15T19:41:16.814Z","fe7471376212c51a41722bb4aeda2ba1fe57091aceccbfd34f0b1c6639b3b371"
"ARCHIVE_V1.0","00_交接入口/资料卡/LCL-0167.md","772","2026-08-15T19:41:16.815Z","92522b116a8ef5c2c40c687e493fc9768b8d4828200a98d84848911cdaa57a87"
"ARCHIVE_V1.0","00_交接入口/资料卡/LCL-0168.md","784","2026-08-15T19:41:16.816Z","f319a460168b3b82c98624637ed227e4d826bf16720852fbec9c1c83bca450d5"
"ARCHIVE_V1.0","00_交接入口/资料卡/LCL-0169.md","808","2026-08-15T19:41:16.817Z","7e1ef20c4ede04dc9c5e8595fc7bb701cabc3b546bf1fed58d6143b07c684f8e"
"ARCHIVE_V1.0","00_交接入口/资料卡/LCL-0170.md","808","2026-08-15T19:41:16.817Z","a5484a3d69a1dba5f1f805c71fe4608a24cceb51a8d24710113f8c2f77d81d46"
"ARCHIVE_V1.0","00_交接入口/资料卡/LCL-0171.md","808","2026-08-15T19:41:16.819Z","a3c6668323016390a6f8484a97b4b957a4d9eead0643b08394eece3d3d08e53f"
"ARCHIVE_V1.0","00_交接入口/资料卡/LCL-0172.md","784","2026-08-15T19:41:16.820Z","3f85c136b9e232d1a51a6d3c8a42c9633f34110872db000ae4f8c341b774aa02"
"ARCHIVE_V1.0","00_交接入口/资料卡/LCL-0173.md","784","2026-08-15T19:41:16.821Z","8b9d90f0bf8e17a02b8513590bddcf1ea15c75499e35e17f834ca88fdde1c50b"
"ARCHIVE_V1.0","00_交接入口/资料卡/LCL-0174.md","790","2026-08-15T19:41:16.822Z","49e076a1d357f9576560e1ed5fb20c3561994923ac06b40de19992debd3f94a4"
"ARCHIVE_V1.0","00_交接入口/资料卡/LCL-0175.md","796","2026-08-15T19:41:16.823Z","f7d5e134ef6983f42ae9877a85a01584387ad872ef97fe362bedbee7176a5181"
"ARCHIVE_V1.0","00_交接入口/资料卡/LCL-0176.md","795","2026-08-15T19:41:16.824Z","947a5e102f09162831db437ab07220b2847edb27f0bb492e74c964e0989ee3e8"
"ARCHIVE_V1.0","00_交接入口/资料卡/LCL-0177.md","772","2026-08-15T19:41:16.825Z","310ee4c1e522e535ddaecc248244ae4c20324af54b61f326e446d64c62af5fef"
"ARCHIVE_V1.0","00_交接入口/资料卡/LCL-0178.md","766","2026-08-15T19:41:16.826Z","6b8a3741ce20ac613717a717ceccc438c3fcfd3c0a8f31a33e597db7374dd0d7"
"ARCHIVE_V1.0","00_交接入口/资料卡/LCL-0179.md","715","2026-08-15T19:41:16.826Z","9e52c558a0484698e85a4481ac22de294f0c51860ca11c14eff326eb8b63f198"
"ARCHIVE_V1.0","00_交接入口/资料卡/LCL-0180.md","732","2026-08-15T19:41:16.828Z","a33475bb8848ba9040d7cfa17a845ae024d9e7ea0895e81796d1d7e65f387972"
"ARCHIVE_V1.0","00_交接入口/资料卡/REF-0001.md","667","2026-08-15T19:41:17.312Z","b55a19e941e5908748f7f97310e7c10ece54ab687ce1e936b272adc96189ceef"
"ARCHIVE_V1.0","00_交接入口/资料卡/WEB-0001.md","841","2026-08-15T19:41:16.829Z","7205270fbacb75d4610648bcb848a92961b230454eec20ba8334f4bf0258bb03"
"ARCHIVE_V1.0","00_交接入口/资料卡/WEB-0002.md","857","2026-08-15T19:41:16.830Z","9403869667f252790eb3239c01e1546d47c07eb634e8413510dccfe3fc9eb0ff"
"ARCHIVE_V1.0","00_交接入口/资料卡/WEB-0003.md","882","2026-08-15T19:41:16.831Z","ff225254b0c50514b83a655aff017cecb7354a7125857979f7d2a279eabfab30"
"ARCHIVE_V1.0","00_交接入口/资料卡/WEB-0004.md","749","2026-08-15T19:41:16.832Z","40032137d83b6220ad691cc527bb0095938dded7b91049f32fff1ace892056e8"
"ARCHIVE_V1.0","00_交接入口/资料卡/WEB-0005.md","731","2026-08-15T19:41:16.833Z","f36f32899b39017d627ef77e7ae99d0997cdae2d00ae384f4b70e81cea3ff962"
"ARCHIVE_V1.0","00_交接入口/资料卡/WEB-0006.md","735","2026-08-15T19:41:16.833Z","cba5483a10b3194761ff9718b6185857421656f3f2423f02d714bcc87a6d8063"
"ARCHIVE_V1.0","00_交接入口/资料卡/WEB-0007.md","728","2026-08-15T19:41:16.834Z","c491097a09298cbf2593aa48a3abe17114547677fe3bb0c1abed74d9be6a1d6b"
"ARCHIVE_V1.0","00_交接入口/资料卡/WEB-0008.md","911","2026-08-15T19:41:16.835Z","7aba1ac5c46c3a49f48d7dd8bcd0c2c503bc9b7dc1be0a35a9a79efaf46d9004"
"ARCHIVE_V1.0","00_交接入口/资料卡/WEB-0009.md","667","2026-08-15T19:41:16.835Z","a21c3c7918366732fd7b930ded06a6352388bb36292574a4e676450903a11097"
"ARCHIVE_V1.0","00_交接入口/资料卡/WEB-0010.md","705","2026-08-15T19:41:16.837Z","503f969dff88aa0070a2eaf72a085e1da58ff206d7a368417ef20295d09bff24"
"ARCHIVE_V1.0","00_交接入口/资料卡/WEB-0011.md","932","2026-08-15T19:41:16.837Z","6f66fb8761b790febd85acc4e6560de95fbdf64e7ef7fba937bc82a911beec64"
"ARCHIVE_V1.0","00_交接入口/资料卡/WEB-0012.md","691","2026-08-15T19:41:16.839Z","8b9bc4faf1b7ff2f961134df0bfdec63d3bf5d3befd12dfdcac5be103854a866"
"ARCHIVE_V1.0","00_交接入口/资料卡/WEB-0013.md","853","2026-08-15T19:41:16.840Z","314aae547ba4ce26c223af05707d466c6602420e700b3bc54454a2eeef2d32ab"
"ARCHIVE_V1.0","00_交接入口/资料卡/WEB-0014.md","839","2026-08-15T19:41:16.841Z","35b0e9576e603cde3b0e7eb3282f682b659541c9d739f133e46b967e5ff8b122"
"ARCHIVE_V1.0","00_交接入口/资料卡/WEB-0015.md","1521","2026-08-15T19:41:16.841Z","d8620a09011cc3ddacb172c6ac616fc6cc191181f30caf4272f0381745599468"
"ARCHIVE_V1.0","00_交接入口/资料卡/WEB-0016.md","887","2026-08-15T19:41:16.843Z","3e8e67f90436eb624d9081028ad7166982a54d942ab5ce6dd84826e3a11ec59a"
"ARCHIVE_V1.0","00_交接入口/资料卡/WEB-0017.md","785","2026-08-15T19:41:16.844Z","0124189b0a36e7ddd146cd55339c46f4a8af866c951cf81f41f3648fca47e213"
"ARCHIVE_V1.0","00_交接入口/资料卡/WEB-0018.md","743","2026-08-15T19:41:16.845Z","a5273bf87c8b7b5bd710dff7ed6cf31f4c34282d4776fda69e888e303fcca22a"
"ARCHIVE_V1.0","00_交接入口/资料卡/WEB-0019.md","755","2026-08-15T19:41:16.846Z","69e94d6dccdb0947af4ebd569e9e59fd8b81aa5039cafa0c0bf87030e9810c0c"
"ARCHIVE_V1.0","00_交接入口/资料卡/WEB-0020.md","1075","2026-08-15T19:41:16.847Z","9f3620950f32af4ecad5d2f71c45f57907b051837579646b9fb7adddaa6b691a"
"ARCHIVE_V1.0","00_交接入口/资料卡/WEB-0021.md","903","2026-08-15T19:41:16.847Z","35c07ca8bd674fd1c844429ef07912ca89ee0ee471cb4123c5cfaf90c1603933"
"ARCHIVE_V1.0","00_交接入口/资料卡/WEB-0022.md","708","2026-08-15T19:41:16.849Z","1b9cdd9e149accabf24a66f63e0d95db89985875cb16f1e1a82cb61abc9e37d2"
"ARCHIVE_V1.0","00_交接入口/资料卡/WEB-0023.md","692","2026-08-15T19:41:16.850Z","0cc35a44df9cef996ff2bd43a244101c2dd75dd472eff304cd794bbad63b1799"
"ARCHIVE_V1.0","00_交接入口/资料卡/WEB-0024.md","867","2026-08-15T19:41:16.851Z","87ce90e13db69cc03f9151352a41fc48d0623f8457ec151e3c172c06987b8011"
"ARCHIVE_V1.0","00_交接入口/资料卡/WEB-0025.md","797","2026-08-15T19:41:16.852Z","b167246be1e4285d6c7e7e1af76508d2a48bf2342c5aeba8b5ac978df2ddfc02"
"ARCHIVE_V1.0","00_交接入口/资料卡/WEB-0026.md","1132","2026-08-15T19:41:16.853Z","1e88974987b877e7196d2d11bc88a2f78c3bcdb29ed9fd0200b3568d77085334"
"ARCHIVE_V1.0","00_交接入口/资料卡/WEB-0027.md","838","2026-08-15T19:41:16.854Z","269f07d1c20a9cf54293b4f5a9283e4017e9a368a18cb1595d7fde447035d4f9"
"ARCHIVE_V1.0","00_交接入口/资料卡/WEB-0028.md","674","2026-08-15T19:41:16.855Z","101b17c3cb50a5704147e7dd0e9cb334c6d47685594e3b12f2e8d68ea3dc6105"
"ARCHIVE_V1.0","00_交接入口/资料卡/WEB-0029.md","721","2026-08-15T19:41:16.857Z","567a70e0a15a1848bbeb01e11e1847afe5236d68840b6de649938086bf1dacb3"
"ARCHIVE_V1.0","00_交接入口/资料卡/WEB-0030.md","733","2026-08-15T19:41:16.858Z","c245fc945f9344ae556254db3ae46484baa8bd9f915c6cd5ff9187676626f7bf"
"ARCHIVE_V1.0","00_交接入口/资料卡/WEB-0031.md","775","2026-08-15T19:41:16.859Z","837c33774a1a17eeaa47e1eb9c658c02658d525fba5e71b0ae59c8f205e7eb4d"
"ARCHIVE_V1.0","00_交接入口/资料卡/WEB-0032.md","775","2026-08-15T19:41:16.860Z","26420746d52cff0097c323eb30b7e9729af99940f7794e67373c61d92876cf07"
"ARCHIVE_V1.0","00_交接入口/资料卡/WEB-0033.md","1546","2026-08-15T19:41:16.861Z","e67c179fca61ed7d11bad488870a64d76bd5649917f414252152fb60dfde794a"
"ARCHIVE_V1.0","00_交接入口/资料卡/WEB-0034.md","752","2026-08-15T19:41:16.862Z","8ab828255c0678e349000b556f93c31932e3c00b0698d60608243c52b23bca6f"
"ARCHIVE_V1.0","00_交接入口/资料卡/WEB-0035.md","774","2026-08-15T19:41:16.863Z","564bb25536a65a4838c2f01dc6d1647e2a64bd7f5efc1b1d5d99030ce3c8f172"
"ARCHIVE_V1.0","00_交接入口/资料卡/WEB-0036.md","812","2026-08-15T19:41:16.863Z","0844bd82a4ca0df32dcec091e57dec5e752c7e585fd47c51afd54858ca2f7a4b"
"ARCHIVE_V1.0","00_交接入口/资料卡/WEB-0037.md","862","2026-08-15T19:41:16.864Z","030fd1fddea846a719079d99eb21b4bcfc02bde046a239259baf9ad1f8e09006"
"ARCHIVE_V1.0","00_交接入口/资料卡/WEB-0038.md","703","2026-08-15T19:41:16.865Z","c4132f8d0ee3028e6e063524468106cb8c92461344c7a8bd9bd088edae6c4895"
"ARCHIVE_V1.0","00_交接入口/资料卡/WEB-0039.md","1054","2026-08-15T19:41:16.865Z","404e5b220b5a9779ddd8b41a25220a44747d005557b6c20691f4dce7dcb41245"
"ARCHIVE_V1.0","00_交接入口/资料卡/WEB-0040.md","1397","2026-08-15T19:41:16.866Z","170e6a19464550effbdf6ee05ca59a223f86805d8efe52f6dcfcec1bf6a29f76"
"ARCHIVE_V1.0","00_交接入口/资料卡/WEB-0041.md","746","2026-08-15T19:41:16.869Z","d807257cb7b0f006b186ca175cfcb7a0dd8915b2ebbaa51dbabffefd4b37ca98"
"ARCHIVE_V1.0","00_交接入口/资料卡/WEB-0042.md","899","2026-08-15T19:41:16.869Z","53cbc28f7b3c92115bb726df52d3bcaba678d825b35d6d94e3ad7f49a5521d14"
"ARCHIVE_V1.0","00_交接入口/资料卡/WEB-0043.md","911","2026-08-15T19:41:16.870Z","715270755593247f169426b70af4d12422923845803af227a5eb3e2745a2a432"
"ARCHIVE_V1.0","00_交接入口/资料卡/WEB-0044.md","819","2026-08-15T19:41:16.871Z","f9fc64873aa50b5b3f7350d836f926f77c534af530ec60ab1123255d454a5d54"
"ARCHIVE_V1.0","00_交接入口/资料卡/WEB-0045.md","1260","2026-08-15T19:41:16.871Z","c1bfe679555680a8efb72b9ad9ab8ef7898536483b6aea9666b9172d26995b4c"
"ARCHIVE_V1.0","00_交接入口/资料卡/WEB-0046.md","1063","2026-08-15T19:41:16.872Z","71dcce20133aaf741b1e96b61c32ff3edd24bdd512b5022ca40b9f012ca8efa3"
"ARCHIVE_V1.0","00_交接入口/资料卡/WEB-0047.md","709","2026-08-15T19:41:16.873Z","ae2b5e1f7101abc585422eea4ef27cce766353d6a724a2d7ef185d1af3c3ec60"
"ARCHIVE_V1.0","00_交接入口/资料卡/WEB-0048.md","1467","2026-08-15T19:41:16.874Z","f61b7cc5fa57578c70bbfcccd628f5ce077cfc79a12458393908bb130780160c"
"ARCHIVE_V1.0","00_交接入口/资料卡/WEB-0049.md","990","2026-08-15T19:41:16.876Z","724df1dc5b9e8d36dc3756f83a431a9570a02f6f12998b38700a61f6d2a6d59b"
"ARCHIVE_V1.0","00_交接入口/资料卡/WEB-0050.md","1482","2026-08-15T19:41:16.876Z","561b7893ca0b3fc8a34dab40204cb102b238ff6db83fcb9ed1466a2928ba8a41"
"ARCHIVE_V1.0","00_交接入口/资料卡/WEB-0051.md","846","2026-08-15T19:41:16.877Z","8d22e406f06860997a18e993573565aeacbc9e2c544358bfe9376ccabd5c385a"
"ARCHIVE_V1.0","00_交接入口/资料卡/WEB-0052.md","725","2026-08-15T19:41:16.878Z","a009cb37111b09b78a96dcd4c46355f31a895b999f449988d70836c6a819c0c2"
"ARCHIVE_V1.0","00_交接入口/资料卡/WEB-0053.md","883","2026-08-15T19:41:16.879Z","ef29b7448d4a5f01062f8616b7d57aee75323a57d072bb55f6a5629b3fa1356b"
"ARCHIVE_V1.0","00_交接入口/资料卡/WEB-0054.md","701","2026-08-15T19:41:16.879Z","95f42af155058bdbde23ba77175ba823e9c2439a633783dc58d80ff2f25e58cf"
"ARCHIVE_V1.0","00_交接入口/资料卡/WEB-0055.md","698","2026-08-15T19:41:16.880Z","0184c2f792040ecbdc656683f2ad6303b68a52ef52f1fcccd7149fc4cb386849"
"ARCHIVE_V1.0","00_交接入口/资料卡/WEB-0056.md","807","2026-08-15T19:41:16.882Z","26f68268b583a7ee675c1a00f8a1c9a00b10e73bca425bc917b9b2d1f813ae61"
"ARCHIVE_V1.0","00_交接入口/资料卡/WEB-0057.md","710","2026-08-15T19:41:16.882Z","6e6b044a95f0c44b7fcc794e42bc19a0314e69b6f56f8596d973d4de4b14363f"
"ARCHIVE_V1.0","00_交接入口/资料卡/WEB-0058.md","763","2026-08-15T19:41:16.883Z","21c390250f46bd72ad1eab4a6a6789a38b9f568c8b378b64ed1d58478f8ce761"
"ARCHIVE_V1.0","00_交接入口/资料卡/WEB-0059.md","925","2026-08-15T19:41:16.884Z","8baf8463d54f88f4dee06de3570a3906d41f114b303e3f898b9880d34a77d376"
"ARCHIVE_V1.0","00_交接入口/资料卡/WEB-0060.md","949","2026-08-15T19:41:16.884Z","b469471471e9c0f2f2b53db8aed4c32b7bd04e978cceea5e42164bc3a2cf410d"
"ARCHIVE_V1.0","00_交接入口/资料卡/WEB-0061.md","720","2026-08-15T19:41:16.886Z","d544bbb419fdbcee338b6f829474fcdde03788e08e7f841196f0fb8c4ffb5070"
"ARCHIVE_V1.0","00_交接入口/资料卡/WEB-0062.md","684","2026-08-15T19:41:16.887Z","45c17ebfb1012dc61a16e9353972418a55f1c40f9f76174ee19d3a38aff58774"
"ARCHIVE_V1.0","00_交接入口/资料卡/WEB-0063.md","676","2026-08-15T19:41:16.888Z","bc070b23ddf3c8be5a350957a275c5dbe372d48d3c461292c32136b41b6c2d7e"
"ARCHIVE_V1.0","00_交接入口/资料卡/WEB-0064.md","691","2026-08-15T19:41:16.889Z","72b2bb8a5c332773d7f3bb2029dbf18d50b08f59df8ac3e605f4ce0925a221aa"
"ARCHIVE_V1.0","00_交接入口/资料卡/WEB-0065.md","691","2026-08-15T19:41:16.889Z","5a6e34dcb306f6f84b5f32d0ac381c75370ae49a67afb053a2d16a9be397a9f6"
"ARCHIVE_V1.0","00_交接入口/资料卡/WEB-0066.md","689","2026-08-15T19:41:16.890Z","444345c0bfc0563a10ef89e27674a542c980484fcaf09ef28bb47493fce61054"
"ARCHIVE_V1.0","00_交接入口/资料卡/WEB-0067.md","849","2026-08-15T19:41:16.891Z","aaa7d84d5357b11c1e9a3b07a7d60cf51ddd43773ca57c82c90be359840f1189"
"ARCHIVE_V1.0","00_交接入口/资料卡/WEB-0068.md","716","2026-08-15T19:41:16.892Z","b320f753ad1decca41a647563a6b787c5a86ae247248122125ec6796e9ce1f19"
"ARCHIVE_V1.0","00_交接入口/资料卡/WEB-0069.md","693","2026-08-15T19:41:16.893Z","43484bd3686a97677d3b7bd694591edf3a40dc7c70ce8a7787215c2396681d5a"
"ARCHIVE_V1.0","00_交接入口/资料卡/WEB-0070.md","707","2026-08-15T19:41:16.893Z","784afb53f5b13fcd95e1a147360521e7fee0048cae6a08c562cebe97aea16830"
"ARCHIVE_V1.0","00_交接入口/资料卡/WEB-0071.md","872","2026-08-15T19:41:16.895Z","1e793fc3ecc5ec02f3d5e9bf7e2bce9e79bba7fdb492687e6305b2b7baacc10e"
"ARCHIVE_V1.0","00_交接入口/资料卡/WEB-0072.md","845","2026-08-15T19:41:16.896Z","148dcec6fcabbda2288a732e61944086877b77f06490248bb45bf34ffa134650"
"ARCHIVE_V1.0","00_交接入口/资料卡/WEB-0073.md","1179","2026-08-15T19:41:16.897Z","e39a0fe6da31bc9638fce83c58790f0b488e47a34d7631fe88483a128e8ac71a"
"ARCHIVE_V1.0","00_交接入口/资料卡/WEB-0074.md","1384","2026-08-15T19:41:16.899Z","827dd9a5c687c8ea268e24ecdb69aa3418d2f2532e7882e7995819c2c6b79f6b"
"ARCHIVE_V1.0","00_交接入口/资料卡/WEB-0075.md","944","2026-08-15T19:41:16.899Z","0e3daccbd6e9effc4bf44a9a368ca40eda99b0e8952aace538689f21da993885"
"ARCHIVE_V1.0","00_交接入口/资料卡/WEB-0076.md","791","2026-08-15T19:41:16.900Z","50d17170024f1c3f5a3531eea070b57bc2af76d428b0d0f6f09c9b7e7a042ae8"
"ARCHIVE_V1.0","00_交接入口/资料卡/WEB-0077.md","820","2026-08-15T19:41:16.901Z","6828c4c8fc7056de96d86e3355cf3c3777653bfcf6ac0134b3aff0ed0071dd2f"
"ARCHIVE_V1.0","00_交接入口/资料卡/WEB-0078.md","1054","2026-08-15T19:41:16.902Z","cda6c3cba51ac9c026fabbc2fad2466c1fb255b5f52482ddff6250c2da46f3a9"
"ARCHIVE_V1.0","00_交接入口/资料卡/WEB-0079.md","864","2026-08-15T19:41:16.903Z","4a93a596baf096af604dcaf9289966bd317aeaf7cef9dd5ba1b90595267c24e7"
"ARCHIVE_V1.0","00_交接入口/资料卡/WEB-0080.md","883","2026-08-15T19:41:16.904Z","643e3ec558272df3e11206d1fabca1f4edb9f2257cb1e1866daff22d8cc55c79"
"ARCHIVE_V1.0","00_交接入口/资料卡/WEB-0081.md","773","2026-08-15T19:41:16.905Z","cedd2a06c244d99b0244a5b150d44e2705d6b0549fb9e11281e3ea74068572de"
"ARCHIVE_V1.0","00_交接入口/资料卡/WEB-0082.md","831","2026-08-15T19:41:16.906Z","4151f4bfb7b2e0174915c1b0bf19dd7758102a2fd3f4b7a872063e26b51b044c"
"ARCHIVE_V1.0","00_交接入口/资料卡/WEB-0083.md","796","2026-08-15T19:41:16.907Z","97691e9839dd5c45e00d4332083fe34c9eb3c4686b4791418692d20903bcd68f"
"ARCHIVE_V1.0","00_交接入口/资料卡/WEB-0084.md","797","2026-08-15T19:41:16.907Z","7ecc4150f0aeeaac4546e3f185fe1ae7774db6824d2a3aafcad82e6e82e8fe8d"
"ARCHIVE_V1.0","00_交接入口/资料卡/WEB-0085.md","741","2026-08-15T19:41:16.909Z","421c8f79cd914adbcd363496f6c9699a6d55f50f0a4a53b312297c90e50fbdac"
"ARCHIVE_V1.0","00_交接入口/资料卡/WEB-0086.md","756","2026-08-15T19:41:16.910Z","bb651b4ee973307da72a3ff273291367d5ce6302d0026dede44254be9082bec8"
"ARCHIVE_V1.0","00_交接入口/资料卡/WEB-0087.md","900","2026-08-15T19:41:16.911Z","d8d1de9d1458c0e6f8d978e1fc4531c2164c1c44c6ccbb065a1404b96eb86bda"
"ARCHIVE_V1.0","00_交接入口/资料卡/WEB-0088.md","763","2026-08-15T19:41:16.912Z","34541aa0958cc87537258ba792d8de4f77ef5e9d7ce79deb5ed643371a6658af"
"ARCHIVE_V1.0","00_交接入口/资料卡/WEB-0089.md","908","2026-08-15T19:41:16.913Z","892605ce60f618e3fac853b79fc302d67e6d980c732dc026d2546b2125237ba8"
"ARCHIVE_V1.0","00_交接入口/资料卡/WEB-0090.md","846","2026-08-15T19:41:16.913Z","3416e8b318f1f4398cbdbc2676923f80e2dd1e845773c7c0eadfa904cfdd84df"
"ARCHIVE_V1.0","00_交接入口/资料卡/WEB-0091.md","674","2026-08-15T19:41:16.914Z","b3c394d6dda8db1106a403cf6bc0bedfc205d4e03db855053555c780544624d1"
"ARCHIVE_V1.0","00_交接入口/资料卡/WEB-0092.md","1405","2026-08-15T19:41:16.915Z","90ec5c3166020ff3d0999bb148c7d062ea046696ab463dfe7878549c3dfa7358"
"ARCHIVE_V1.0","00_交接入口/资料卡/WEB-0093.md","750","2026-08-15T19:41:16.916Z","b6730a543a1506bcb18318b5efd30331f49bfc5a6d68a0d9560e4a06560d5cb6"
"ARCHIVE_V1.0","00_交接入口/资料卡/WEB-0094.md","829","2026-08-15T19:41:16.917Z","ca8c9a124db54ed41c598e3d8744a99f3c8e6528848cfd68629fb966967c554f"
"ARCHIVE_V1.0","00_交接入口/资料卡/WEB-0095.md","887","2026-08-15T19:41:16.919Z","2dc5b0412ae3ea665239066ff09f6a4bf5d597ba5a66e8eab481895949764831"
"ARCHIVE_V1.0","00_交接入口/资料卡/WEB-0096.md","727","2026-08-15T19:41:16.919Z","cffc2483a5a5a783ff2b047bd2a56180df573304165e8f13a12d81bfb62eb824"
"ARCHIVE_V1.0","00_交接入口/资料卡/WEB-0097.md","738","2026-08-15T19:41:16.920Z","2c58a4b00f05faa9470735dc7e0489a1b5776e9fff1cc50e68dfaf05ff8cce4b"
"ARCHIVE_V1.0","00_交接入口/资料卡/WEB-0098.md","1234","2026-08-15T19:41:16.921Z","473e2a7c953e2a0207a71ad14ce015273a04de8d98d5d2eb4b6bf028228fd0b9"
"ARCHIVE_V1.0","00_交接入口/资料卡/WEB-0099.md","1031","2026-08-15T19:41:16.922Z","65e4fea4d80eb0bb80b0c8abc6feef317e141f505da4610fe745732914c71ea5"
"ARCHIVE_V1.0","00_交接入口/资料卡/WEB-0100.md","918","2026-08-15T19:41:16.923Z","af0386cf17dd66dd5538289f43a49a90b66a135ea6113c4e497ddd7a540ac4bb"
"ARCHIVE_V1.0","00_交接入口/资料卡/WEB-0101.md","1205","2026-08-15T19:41:16.924Z","8e179b19b1f88fc7add86a61e0458848e9642ea6e08e814b0e9be4f25d4ebfe4"
"ARCHIVE_V1.0","00_交接入口/资料卡/WEB-0102.md","780","2026-08-15T19:41:16.925Z","e81f6b56c2bd820ee7ef38128be35aef1db91e80d49b64f7a5c782bdd21b316e"
"ARCHIVE_V1.0","00_交接入口/资料卡/WEB-0103.md","827","2026-08-15T19:41:16.926Z","ef069bded12aa571bb4366c3d5a372e231074a4a1ad1c2f748a8d4c43101d128"
"ARCHIVE_V1.0","00_交接入口/资料卡/WEB-0104.md","848","2026-08-15T19:41:16.926Z","629e8e24337238b0ba1bb18d28cba623b1c7ce1ccae035d1b37f1cdf62d11c2a"
"ARCHIVE_V1.0","00_交接入口/资料卡/WEB-0105.md","787","2026-08-15T19:41:16.928Z","e666dcdd338abcc131230bd74b9331bcdf9a1a852217d8e0f1a935f6c80cfac9"
"ARCHIVE_V1.0","00_交接入口/资料卡/WEB-0106.md","870","2026-08-15T19:41:16.929Z","aa6ca9f53cb8553958401ce649aa9fd9098583b4566c0b506e74dfc1699ab9c1"
"ARCHIVE_V1.0","00_交接入口/资料卡/WEB-0107.md","773","2026-08-15T19:41:16.929Z","e0ce1b98542d79c3d4efa5666e45c6cd0205f62e1e733bd31c1a6d8bb3763a93"
"ARCHIVE_V1.0","00_交接入口/资料卡/WEB-0108.md","975","2026-08-15T19:41:16.931Z","034637d7dd5ba7e9560dcfda6749cb710ecfa05bfd3d8dd992c95c637b537784"
"ARCHIVE_V1.0","00_交接入口/资料卡/WEB-0109.md","1006","2026-08-15T19:41:16.932Z","7a93e0458d0866484de317f0c16b737af8003b1aab408c23474e0d537e0859e2"
"ARCHIVE_V1.0","00_交接入口/资料卡/WEB-0110.md","809","2026-08-15T19:41:16.932Z","d253b6e4c1d12aa2773266c03014d411ebc28270481e97e685e9b6d6aa5bf864"
"ARCHIVE_V1.0","00_交接入口/资料卡/WEB-0111.md","645","2026-08-15T19:41:16.933Z","4bd26e97557e250abcec31b59991905193d9a145ff12ccaf086211aaa65cfd70"
"ARCHIVE_V1.0","00_交接入口/资料卡/WEB-0112.md","645","2026-08-15T19:41:16.934Z","a68ce59fe1d8c2a92af835c47b81781f0973743490c47732bd9350c44c788c70"
"ARCHIVE_V1.0","00_交接入口/资料卡/WEB-0113.md","657","2026-08-15T19:41:16.936Z","581b2c1f422469658dea7eac7ae8592262820f2308056c87173809810cdc4b8a"
"ARCHIVE_V1.0","00_交接入口/资料卡/WEB-0114.md","893","2026-08-15T19:41:16.936Z","f90d10e90b199fe97366d25f68da955a10199d2521107b0c9617da229983bab9"
"ARCHIVE_V1.0","00_交接入口/资料卡/WEB-0115.md","891","2026-08-15T19:41:16.937Z","b782408294e2bb510b67ab3761d2816059870968953744513331a4b26342c549"
"ARCHIVE_V1.0","00_交接入口/资料卡/WEB-0116.md","793","2026-08-15T19:41:16.938Z","591c12aa6b21d1876c2f858e3cc06cdf30a8bf8cc87c4aec1dab1fdc12ffff43"
"ARCHIVE_V1.0","00_交接入口/资料卡/WEB-0117.md","833","2026-08-15T19:41:16.939Z","29ca10beed1d2544bb19ac8cf27198923ed20e80bdf8f6831264faa5a9231c7c"
"ARCHIVE_V1.0","00_交接入口/资料卡/WEB-0118.md","727","2026-08-15T19:41:16.940Z","6dd966d4ab9135f641845466a495f2690c4111c58157de7ed3bd74d0f0db24f4"
"ARCHIVE_V1.0","00_交接入口/资料卡/WEB-0119.md","748","2026-08-15T19:41:16.942Z","c973fe0b1c42e4446448f49ca5fb13000e70531ef721f980dffe81a53306d984"
"ARCHIVE_V1.0","00_交接入口/资料卡/WEB-0120.md","823","2026-08-15T19:41:16.942Z","3f83e79fd0f57eecfa5e41a72dbc441b06575dc8e68e036f6471c5ea6173af0d"
"ARCHIVE_V1.0","00_交接入口/资料卡/WEB-0121.md","857","2026-08-15T19:41:16.943Z","c09499c27b0152bbf9e98247a380361f9e1e1cb5c8cc3a1668f161f503653208"
"ARCHIVE_V1.0","00_交接入口/资料卡/WEB-0122.md","854","2026-08-15T19:41:16.944Z","87e87fac76be1a78031471388aba61ca56a74bd3b0e841677ebe89648097122e"
"ARCHIVE_V1.0","00_交接入口/资料卡/WEB-0123.md","881","2026-08-15T19:41:16.945Z","e41d4dea87ab6a2fe016a3a9943f2d9bbc345daed8f4f6501a59948ba7d604f0"
"ARCHIVE_V1.0","00_交接入口/资料卡/WEB-0124.md","710","2026-08-15T19:41:16.946Z","4067692b28e9884e83f0396089ef5dab0cfdfada926c1f8fba48d3edaa0c8f14"
"ARCHIVE_V1.0","00_交接入口/资料卡/WEB-0125.md","682","2026-08-15T19:41:16.947Z","93ea92a9cd1d47d045fb3789c1add5aa421632360b0ef216a10aac511a1050ae"
"ARCHIVE_V1.0","00_交接入口/资料卡/WEB-0126.md","708","2026-08-15T19:41:16.948Z","bce2b213da8a034658c796091c585a6272d293e4df27cb56a664b3ceab015e84"
"ARCHIVE_V1.0","00_交接入口/资料卡/WEB-0127.md","807","2026-08-15T19:41:16.949Z","aa40e53751721f43874bbfc9d1d02ae3b2fca79dbd75b4412094b85e8ca61970"
"ARCHIVE_V1.0","00_交接入口/资料卡/WEB-0128.md","1398","2026-08-15T19:41:16.950Z","9ca35218e5386e2a966c5f6ca2fab9241d133dd9aa8a624188ca0e07dc27daa3"
"ARCHIVE_V1.0","00_交接入口/资料卡/WEB-0129.md","1035","2026-08-15T19:41:16.950Z","b247d6114bb325b606b23d8173990461c05d58d0c8fb4a4f7e6579a58f75fcd5"
"ARCHIVE_V1.0","00_交接入口/资料卡/WEB-0130.md","711","2026-08-15T19:41:16.951Z","fb868272fd3f3e8ed8f9d8ab4b9e581bc9eba7c786fa956a8e5401bfae1db566"
"ARCHIVE_V1.0","00_交接入口/资料卡/WEB-0131.md","836","2026-08-15T19:41:16.952Z","71e052aff033411f20412b6fc24c1a086b0e2beeb0532219ea9473096758f47b"
"ARCHIVE_V1.0","00_交接入口/资料卡/WEB-0132.md","1141","2026-08-15T19:41:16.952Z","ae22f2667838c4103b0e7b9c6d3905ffa156d3a8078cfc664b8958671cd710e2"
"ARCHIVE_V1.0","00_交接入口/资料卡/WEB-0133.md","784","2026-08-15T19:41:16.954Z","de5bb3278ab0b7b5f084485fa9faa1bc1539a5821510b1865dd5956b7812afb5"
"ARCHIVE_V1.0","00_交接入口/资料卡/WEB-0134.md","679","2026-08-15T19:41:16.955Z","9081d3fce8e19dd53971c7a610ce5f5b042e7622b76d451e838ccab5a0701c7a"
"ARCHIVE_V1.0","00_交接入口/资料卡/WEB-0135.md","838","2026-08-15T19:41:16.956Z","8c3aff4361b501e78aa5be25c9a27e61c1d75dc4e616304e24af3747ec04370d"
"ARCHIVE_V1.0","00_交接入口/资料卡/WEB-0136.md","832","2026-08-15T19:41:16.957Z","309749bab883c67e7f4eeea3dba904289cb6fb7bb2b454814d10150f447d1505"
"ARCHIVE_V1.0","00_交接入口/资料卡/WEB-0137.md","834","2026-08-15T19:41:16.958Z","e0856a5666ea1b422002b994d21f33f7548b0cb09cd95df430a7a3b8241fc314"
"ARCHIVE_V1.0","00_交接入口/资料卡/WEB-0138.md","828","2026-08-15T19:41:16.959Z","dad1615fbc668462709276d8fbe183a24e20ce66ac86b033f5f7a4a52a95ef40"
"ARCHIVE_V1.0","00_交接入口/资料卡/WEB-0139.md","995","2026-08-15T19:41:16.961Z","a714d4ab59f13068db8850af0c4070f4474a99d332ad53da28dc4a84efe973e8"
"ARCHIVE_V1.0","00_交接入口/资料卡/WEB-0140.md","696","2026-08-15T19:41:16.961Z","8f07aa0f6839daabec043fa24121450123242059409d86c6f32c58797effec10"
"ARCHIVE_V1.0","00_交接入口/资料卡/WEB-0141.md","1520","2026-08-15T19:41:16.962Z","16e4e42e87fd48d2811215ea39e410e0fbfc08da5268fe185a4de2ec6f6aa843"
"ARCHIVE_V1.0","00_交接入口/资料卡/WEB-0142.md","753","2026-08-15T19:41:16.962Z","09b99eaa36c36e0e31bf097741abe3f240e1922ee4002f04fda53b60a62783c4"
"ARCHIVE_V1.0","00_交接入口/资料卡/WEB-0143.md","849","2026-08-15T19:41:16.963Z","9680b814a7c94ae087ac7b3e13902cd2f4623f4bd19328ed59476c2f1868a0d1"
"ARCHIVE_V1.0","00_交接入口/资料卡/WEB-0144.md","750","2026-08-15T19:41:16.965Z","efcaebf6fac8c333ca6e60e40bf4dbdd56b50a3220362eb9baaaf072566b34f2"
"ARCHIVE_V1.0","00_交接入口/资料卡/WEB-0145.md","754","2026-08-15T19:41:16.966Z","176be99c61d69951a5fb1f179d53bd248a749e5b3c066e33ca06757079c57ebd"
"ARCHIVE_V1.0","00_交接入口/资料卡/WEB-0146.md","935","2026-08-15T19:41:16.966Z","71e8cb058896060975c7e4da847236fcaf5d5df02f3a61e1fd2a304986d1bc17"
"ARCHIVE_V1.0","00_交接入口/资料卡/WEB-0147.md","954","2026-08-15T19:41:16.967Z","b4c70eff0487b22fedf881e809cb6d9107fd06b33c2d4b620c1554d097d69eef"
"ARCHIVE_V1.0","00_交接入口/资料卡/WEB-0148.md","1049","2026-08-15T19:41:16.968Z","d18a2797edb0a22bf11e4f269ebaae8ab12375c203546fb13b9fe1dd1656eeb8"
"ARCHIVE_V1.0","00_交接入口/资料卡/WEB-0149.md","1704","2026-08-15T19:41:16.969Z","6cf55dbc265aa36ef8b76af19b21e7db22c1a8fd26e4ed05c9f86610c0b308d9"
"ARCHIVE_V1.0","00_交接入口/资料卡/WEB-0150.md","898","2026-08-15T19:41:16.969Z","9abeef526736c7b911fa0696c709306379d1082e06de63455e5085a20e00a2e0"
"ARCHIVE_V1.0","00_交接入口/资料卡/WEB-0151.md","783","2026-08-15T19:41:16.971Z","1f7fda18511d4a665bdb61855fb33d1e935257ce554a41481fac890d543c73ed"
"ARCHIVE_V1.0","00_交接入口/资料卡/WEB-0152.md","822","2026-08-15T19:41:16.973Z","f6100859219f6800d43da0537ff312afb5d16c89f10ee002b82c48b198b20201"
"ARCHIVE_V1.0","00_交接入口/资料卡/WEB-0153.md","832","2026-08-15T19:41:16.973Z","538e3880ade5471893241b1def23742697721a0d0093546116f4a2e43439c2da"
"ARCHIVE_V1.0","00_交接入口/资料卡/WEB-0154.md","820","2026-08-15T19:41:16.975Z","38644e11afe84157c7cc3d2dcc86d784a3b227f57be42edf9de47b0be23e14a8"
"ARCHIVE_V1.0","00_交接入口/资料卡/WEB-0155.md","830","2026-08-15T19:41:16.975Z","f8280a7e75f4b76a1b0fcfac96ca37b9779d2d7be324eae6e0c46fec16988af3"
"ARCHIVE_V1.0","00_交接入口/资料卡/WEB-0156.md","888","2026-08-15T19:41:16.976Z","e739f2df939174b6f0325dfe90db072ca45f815de70c36066aabde74e07360a4"
"ARCHIVE_V1.0","00_交接入口/资料卡/WEB-0157.md","733","2026-08-15T19:41:16.977Z","e89a01af29c91e316c51d1fa0140ec812e774bf518e23000569387b5c3edbbf3"
"ARCHIVE_V1.0","00_交接入口/资料卡/WEB-0158.md","1167","2026-08-15T19:41:16.978Z","d1612e57d6f4814eb69bce3e5f0b3e32c4318a8cc462328d0349d26cf2aa1944"
"ARCHIVE_V1.0","00_交接入口/资料卡/WEB-0159.md","1189","2026-08-15T19:41:16.979Z","9ca7a98bcb77fe67e4a4a7eb9e7d4ff60b780fdcf06cd3193ef3c78aba219d44"
"ARCHIVE_V1.0","00_交接入口/资料卡/WEB-0160.md","814","2026-08-15T19:41:16.980Z","837788e63f4c056e0419eeff1c3509bb071f0c70fba54f870c3ede428d070f6c"
"ARCHIVE_V1.0","00_交接入口/资料卡/WEB-0161.md","1033","2026-08-15T19:41:16.981Z","7f013522878c1a8609c6138ef9ae7861d45ebd736cd0d35e8f6d89c5cb3b4591"
"ARCHIVE_V1.0","00_交接入口/资料卡/WEB-0162.md","1019","2026-08-15T19:41:16.981Z","3d53db6546eea11d96e6357ee40dac7dce44fd1e1c56ad92257e13f3fd06ebeb"
"ARCHIVE_V1.0","00_交接入口/资料卡/WEB-0163.md","853","2026-08-15T19:41:16.983Z","4c4930a7ef5d1e39086102c187e1fa1d9ed7c9bcf27460e95c0627375323d5f4"
"ARCHIVE_V1.0","00_交接入口/资料卡/WEB-0164.md","673","2026-08-15T19:41:16.984Z","2515c894ea60e8a3a930b7b3776168603d39e7074bdb70871f51d0b005cf11ae"
"ARCHIVE_V1.0","00_交接入口/资料卡/WEB-0165.md","1428","2026-08-15T19:41:16.984Z","15e55e6a1a15c4489f638c0b5979f211e502409108c453ee8b04ddd4ca5a4dea"
"ARCHIVE_V1.0","00_交接入口/资料卡/WEB-0166.md","1047","2026-08-15T19:41:16.985Z","b696186e069936547b5768938261eb3efc6b6f77ca7eaeb5ce4b323704992761"
"ARCHIVE_V1.0","00_交接入口/资料卡/WEB-0167.md","698","2026-08-15T19:41:16.986Z","b755d0204967dceb5cea6e3c51783b838328f9c47f3cd4ce8532004be52ae216"
"ARCHIVE_V1.0","00_交接入口/资料卡/WEB-0168.md","928","2026-08-15T19:41:16.988Z","c898dd485cd0eb67bb8b2a96bf73cd0ba80faa608613da4225fbcb7e040a9b90"
"ARCHIVE_V1.0","00_交接入口/资料卡/WEB-0169.md","737","2026-08-15T19:41:16.989Z","d13d5bdf25a20f6746af7973ffa2b75a7d43c312b84b79874a7c2aecc0e2410f"
"ARCHIVE_V1.0","00_交接入口/资料卡/WEB-0170.md","713","2026-08-15T19:41:16.989Z","94fe5e55005ed4ea3cfe4c009b0534e41e2c9b8611a7acd31499d99b8469c3c8"
"ARCHIVE_V1.0","00_交接入口/资料卡/WEB-0171.md","748","2026-08-15T19:41:16.990Z","6a0d01896c3c60b07891cb53f17d8e1114236eabeda809f08759c88abef2098d"
"ARCHIVE_V1.0","00_交接入口/资料卡/WEB-0172.md","709","2026-08-15T19:41:16.991Z","caf31be3149a25d53a76acce85b874a2e9cd54103980861e846a27dae8458a20"
"ARCHIVE_V1.0","00_交接入口/资料卡/WEB-0173.md","666","2026-08-15T19:41:16.992Z","88739df2c6c297b7f2ae3447267042dc8d1ee384a86fd419514c5987d96c4736"
"ARCHIVE_V1.0","00_交接入口/资料卡/WEB-0174.md","794","2026-08-15T19:41:16.993Z","0ba927b0898f04add96c7e7a48bcd735f71b644717a2f076f73a1d9a4301f7b3"
"ARCHIVE_V1.0","00_交接入口/资料卡/WEB-0175.md","831","2026-08-15T19:41:16.995Z","e237677da680e6b15018e1d2586fef3235740987d40bcf36de5de04ec7bdf0f7"
"ARCHIVE_V1.0","00_交接入口/资料卡/WEB-0176.md","756","2026-08-15T19:41:16.996Z","cbd5fba1d87f31ad63bee2c019f549108757953bc6040fac08554016affa5cd8"
"ARCHIVE_V1.0","00_交接入口/资料卡/WEB-0177.md","739","2026-08-15T19:41:16.997Z","da6313bdef2e715520156b37c77248dfe4dd5b5f578b2d93f69f7a886a1f0025"
"ARCHIVE_V1.0","00_交接入口/资料卡/WEB-0178.md","859","2026-08-15T19:41:16.997Z","be2d0a9bd6d6e39da7374fda42d51100c1ea27738538f79a529873f390a692ba"
"ARCHIVE_V1.0","00_交接入口/资料卡/WEB-0179.md","758","2026-08-15T19:41:16.999Z","0611afcb933fea37a4d273d1262f53309fe9576af718e09e5580f30a67102a18"
"ARCHIVE_V1.0","00_交接入口/资料卡/WEB-0180.md","744","2026-08-15T19:41:17.000Z","0f08d17c82972ab477504976866e46c605ef5a5dd4547e75df5886bd4f9a1b43"
"ARCHIVE_V1.0","00_交接入口/资料卡/WEB-0181.md","804","2026-08-15T19:41:17.000Z","9ad1d98fb25fd9e6774b5ee3767873e699c7245bf78d218373b2a20d159247e8"
"ARCHIVE_V1.0","00_交接入口/资料卡/WEB-0182.md","707","2026-08-15T19:41:17.001Z","3c4a572211ac01fdc33d7c89ea3d620799be40d00e089fc250942da3e5338fa8"
"ARCHIVE_V1.0","00_交接入口/资料卡/WEB-0183.md","1395","2026-08-15T19:41:17.002Z","8d5f93a00dfe68d9849d8e96b5d521612e3976112517900e73d513a767cafb90"
"ARCHIVE_V1.0","00_交接入口/资料卡/WEB-0184.md","760","2026-08-15T19:41:17.003Z","05b2f7b6eeb3ded9b1d6ae843a38ec867fef77d88ef99163359502ccf5727822"
"ARCHIVE_V1.0","00_交接入口/资料卡/WEB-0185.md","683","2026-08-15T19:41:17.004Z","53f66bfdbe71d81542609187dc08b36ad5c87031376f18782aff1b9d982f17de"
"ARCHIVE_V1.0","00_交接入口/资料卡/WEB-0186.md","861","2026-08-15T19:41:17.005Z","a8e42f7da0996b8948117a55b274f15ca3f2290a12f080ea48b0fb812be139a8"
"ARCHIVE_V1.0","00_交接入口/资料卡/WEB-0187.md","907","2026-08-15T19:41:17.006Z","c96459516a76d719cf84564609a31252c4d2fd0e86fe18a4f24778afa94bb3b6"
"ARCHIVE_V1.0","00_交接入口/资料卡/WEB-0188.md","1020","2026-08-15T19:41:17.007Z","d93135f8ea8aa3963e7c976e6db7121c91c8db4f4726f5e9624cefce0f218c3e"
"ARCHIVE_V1.0","00_交接入口/资料卡/WEB-0189.md","924","2026-08-15T19:41:17.007Z","d68235d52f3ba1e8f56a3cca2ba8c68c01d489b7ab1fb6f03f17fcd89e128b6a"
"ARCHIVE_V1.0","00_交接入口/资料卡/WEB-0190.md","978","2026-08-15T19:41:17.009Z","21c604bf06de53879943a7535dcbc74248fa85bf43922301b2c070a4ad20b8fb"
"ARCHIVE_V1.0","00_交接入口/资料卡/WEB-0191.md","1016","2026-08-15T19:41:17.010Z","3fe7fb80fba1e62eda461e10eaf9ff6f36f679f680264d2ecc475f275e6d7aff"
"ARCHIVE_V1.0","00_交接入口/资料卡/WEB-0192.md","1017","2026-08-15T19:41:17.011Z","2d0a75c800acdc6adec23a7a7b946c4af2eb838a6efce3c52f6300e5479bc6d1"
"ARCHIVE_V1.0","00_交接入口/资料卡/WEB-0193.md","702","2026-08-15T19:41:17.012Z","bcd700497db12d9b371c85949f271d79676c42de839a1fd17129e31fe5d1d07c"
"ARCHIVE_V1.0","00_交接入口/资料卡/WEB-0194.md","995","2026-08-15T19:41:17.012Z","3175c7792245e109c584d957f0fe9a1648c4de2c4fe80bd75ad14d504552aa5e"
"ARCHIVE_V1.0","00_交接入口/资料卡/WEB-0195.md","1111","2026-08-15T19:41:17.014Z","9549da54a36398994584835fa1f2cbb796aeb06132710eb7ae21bbc13724f437"
"ARCHIVE_V1.0","00_交接入口/资料卡/WEB-0196.md","758","2026-08-15T19:41:17.014Z","2f8f4a59e694365976d6d365ce7494c35520a8bd45351111d90a6ef63836c90d"
"ARCHIVE_V1.0","00_交接入口/资料卡/WEB-0197.md","913","2026-08-15T19:41:17.015Z","1cc941a1ccc82cb148ce4a93fe44540ae8912f580d9120779024186c1f1ff83e"
"ARCHIVE_V1.0","00_交接入口/资料卡/WEB-0198.md","1113","2026-08-15T19:41:17.016Z","d1dafcf34a67df281cbc95a1019eb30e840c1add0072fdc7c28e5ca4e107c88a"
"ARCHIVE_V1.0","00_交接入口/资料卡/WEB-0199.md","1136","2026-08-15T19:41:17.017Z","84abae901b2ac53484d4c1f14ecb189aea05a4b5a87666154b1352f33b2805ab"
"ARCHIVE_V1.0","00_交接入口/资料卡/WEB-0200.md","934","2026-08-15T19:41:17.017Z","465d0665b0de234ca6ac52c6f22cfb56fb8846c464525af9086e0a334a86817c"
"ARCHIVE_V1.0","00_交接入口/资料卡/WEB-0201.md","793","2026-08-15T19:41:17.019Z","9e0abddaa5295d130760f64470aeb076b002e731e1be79ba75d2d93d94568759"
"ARCHIVE_V1.0","00_交接入口/资料卡/WEB-0202.md","876","2026-08-15T19:41:17.020Z","a42187bc805b05309e6b4fa364dadb803c748fce6e9b7dc7eb7195616a6c200a"
"ARCHIVE_V1.0","00_交接入口/资料卡/WEB-0203.md","857","2026-08-15T19:41:17.021Z","058ed937c2c3f8c4f0faadfd95a57bee8e6481077e144ad258dc9b72549b2557"
"ARCHIVE_V1.0","00_交接入口/资料卡/WEB-0204.md","903","2026-08-15T19:41:17.022Z","00cab539cfbade521b64a3c45a120467f5fd4a1b49064f40284de0418449afa0"
"ARCHIVE_V1.0","00_交接入口/资料卡/WEB-0205.md","883","2026-08-15T19:41:17.023Z","5931df9422387b760b613c26bc072c5abc2fbe38b673f57de9c46981720fdb78"
"ARCHIVE_V1.0","00_交接入口/资料卡/WEB-0206.md","721","2026-08-15T19:41:17.024Z","f8b8160c705990a225145dc7c5382f49e56df468577ffc781643035acc459626"
"ARCHIVE_V1.0","00_交接入口/资料卡/WEB-0207.md","848","2026-08-15T19:41:17.025Z","e777af7b3271267877bac433d58ebcfd61cf4ea248c4bb3ef952aa1730e6a162"
"ARCHIVE_V1.0","00_交接入口/资料卡/WEB-0208.md","765","2026-08-15T19:41:17.026Z","6376c5044e7d5e45442e9a9e74f2cc14c158ab96c8009dbbd341c87c9a81a2b1"
"ARCHIVE_V1.0","00_交接入口/资料卡/WEB-0209.md","898","2026-08-15T19:41:17.027Z","f5d71195d3bd35a0d8a2eac90e462a72fec1e77a6af6c3e5e46b5c2b5431d2bb"
"ARCHIVE_V1.0","00_交接入口/资料卡/WEB-0210.md","765","2026-08-15T19:41:17.027Z","f5cd245511ab710e9bf29fca71c0823b36e96c790e1fb19d14bfb7f257d8887c"
"ARCHIVE_V1.0","00_交接入口/资料卡/WEB-0211.md","872","2026-08-15T19:41:17.029Z","771556beefb4a6b12b3faf86af888a55016a04b220c86377f0add0bf925faaaa"
"ARCHIVE_V1.0","00_交接入口/资料卡/WEB-0212.md","930","2026-08-15T19:41:17.030Z","698ccfb643b7c2f273665e2bda45ce59a1981c46de142bec674e5a3ae8c5176d"
"ARCHIVE_V1.0","00_交接入口/资料卡/WEB-0213.md","831","2026-08-15T19:41:17.031Z","8ea06fca37fc1e1f4a9daffffa091df844e45d519a048ed26a4a92d4e877d389"
"ARCHIVE_V1.0","00_交接入口/资料卡/WEB-0214.md","1843","2026-08-15T19:41:17.032Z","3170dec8c864d20453309b405539ba78c3e05347ec27a87459324dc0ffcb67f1"
"ARCHIVE_V1.0","00_交接入口/资料卡/WEB-0215.md","783","2026-08-15T19:41:17.033Z","dccfddb96a888f5d133c8aeedd540418b7a9538af1611b0c03fc75a2f39a5eb0"
"ARCHIVE_V1.0","00_交接入口/资料卡/WEB-0216.md","1094","2026-08-15T19:41:17.033Z","5020f0d39a2e1bc26bbeccc54530eff34b97b85b8ab5f8a3c9fc9db5e50802f7"
"ARCHIVE_V1.0","00_交接入口/资料卡/WEB-0217.md","686","2026-08-15T19:41:17.034Z","0782f3d89b85c82676e4748522515b5ce9e943a1e83eba045467a48bd4892654"
"ARCHIVE_V1.0","00_交接入口/资料卡/WEB-0218.md","752","2026-08-15T19:41:17.035Z","4460ac3d56e69463f0192c614295ea6edcdb60ea6bb4987b11a6d598d3ade674"
"ARCHIVE_V1.0","00_交接入口/资料卡/WEB-0219.md","868","2026-08-15T19:41:17.036Z","c9a1fb651873d73456ea7304dc51bffa032c3cc1cd6b9f3e3552162c46427a3f"
"ARCHIVE_V1.0","00_交接入口/资料卡/WEB-0220.md","785","2026-08-15T19:41:17.037Z","8799a7b2b876be708482290b07b102adc2ee3a0b9f46ec86546e352d667b56d5"
"ARCHIVE_V1.0","00_交接入口/资料卡/WEB-0221.md","649","2026-08-15T19:41:17.039Z","6401c37220ad23baa90111d0649f4de87b4c23660773de16e035e1dd33159bc9"
"ARCHIVE_V1.0","00_交接入口/资料卡/WEB-0222.md","649","2026-08-15T19:41:17.039Z","1cedc3436431eb2e20da338450d37ca159ff20519df8c15f26e9da77c594e403"
"ARCHIVE_V1.0","00_交接入口/资料卡/WEB-0223.md","837","2026-08-15T19:41:17.040Z","ae65c76cbe369702ad947b66aac5168a67ca979051670f3580df2f272f07ce9a"
"ARCHIVE_V1.0","00_交接入口/资料卡/WEB-0224.md","743","2026-08-15T19:41:17.041Z","82e1834fa690cb6c7999ddd63ee64387514248cd9905623edf78e28daff43187"
"ARCHIVE_V1.0","00_交接入口/资料卡/WEB-0225.md","949","2026-08-15T19:41:17.042Z","1da523aa89b07a2b220461f8c2960f27f388dfe22b919785227c7063ca4d763f"
"ARCHIVE_V1.0","00_交接入口/资料卡/WEB-0226.md","913","2026-08-15T19:41:17.042Z","67b2b97f160d48b03e74325acf7672a9be329a3e77c3275d96437b74a4a7d5ba"
"ARCHIVE_V1.0","00_交接入口/资料卡/WEB-0227.md","844","2026-08-15T19:41:17.043Z","1fc71573b53120ed6ae85c87adf3c290188a3314ce689c0f579e2dc0fe04c01d"
"ARCHIVE_V1.0","00_交接入口/资料卡/WEB-0228.md","1356","2026-08-15T19:41:17.044Z","85ee4ce06765fed59bec43892d8f68fc13c61b57206ff885c67a0413fb0ae161"
"ARCHIVE_V1.0","00_交接入口/资料卡/WEB-0229.md","815","2026-08-15T19:41:17.044Z","15ee0839aa844450325635b17fc41fdd2b3b85e6de30ba7beef9cf187a187247"
"ARCHIVE_V1.0","00_交接入口/资料卡/WEB-0230.md","724","2026-08-15T19:41:17.046Z","d46d13955dca8319b075af550d199d6a1279cc02172cad04b9c577949654443b"
"ARCHIVE_V1.0","00_交接入口/资料卡/WEB-0231.md","667","2026-08-15T19:41:17.047Z","f97f5d853bc2bb50eb613ab13f3141e6399cde42a7a8b6e7ed48efcc18756c16"
"ARCHIVE_V1.0","00_交接入口/资料卡/WEB-0232.md","905","2026-08-15T19:41:17.047Z","a8f521de76be949a8b86d2a3623be67c405926084434b42d3f2faa1921044f33"
"ARCHIVE_V1.0","00_交接入口/资料卡/WEB-0233.md","774","2026-08-15T19:41:17.049Z","102e71f0b8080aff2146c31e7b89440a51db8e5c7d3a092cc00f3f52e8805923"
"ARCHIVE_V1.0","00_交接入口/资料卡/WEB-0234.md","767","2026-08-15T19:41:17.051Z","05020d9548e1318556f0424b96cdf4e07f842ed22cd6b4ad58e3d5c490eb8daa"
"ARCHIVE_V1.0","00_交接入口/资料卡/WEB-0235.md","1040","2026-08-15T19:41:17.052Z","0c04219fb3484f138c7daf17a4fb176c36be1d258d68cf0e398c6bde78b92cdc"
"ARCHIVE_V1.0","00_交接入口/资料卡/WEB-0236.md","1475","2026-08-15T19:41:17.052Z","f71b7434bc64f814196cdec723f5795b0dab3515a7b791a11c83c4348539bf95"
"ARCHIVE_V1.0","00_交接入口/资料卡/WEB-0237.md","906","2026-08-15T19:41:17.053Z","1903d5ee9aea9771f727f86846fe68167c453b4550261f498dbae7397cadaa67"
"ARCHIVE_V1.0","00_交接入口/资料卡/WEB-0238.md","931","2026-08-15T19:41:17.054Z","6a3b9878e96ecb8ef1159091e2490bcec944b2d62c20af3919cf5f2d6eadb969"
"ARCHIVE_V1.0","00_交接入口/资料卡/WEB-0239.md","1117","2026-08-15T19:41:17.055Z","05321d8c1ebaa0cb44e706da4fda4b24b2cd2ce11f7cdf40414b3b5555f916da"
"ARCHIVE_V1.0","00_交接入口/资料卡/WEB-0240.md","736","2026-08-15T19:41:17.056Z","20459fb64ae6d6b74bbcc3e215c450bcb5c2928cba3cc420ef3d6f26c0fd4b20"
"ARCHIVE_V1.0","00_交接入口/资料卡/WEB-0241.md","731","2026-08-15T19:41:17.057Z","7f4240c544d0d4e70974d60016bc6b7fb73ecf64fd328f5fe64e19ae1d791d68"
"ARCHIVE_V1.0","00_交接入口/资料卡/WEB-0242.md","1338","2026-08-15T19:41:17.057Z","e08272e975ad297adbeafcc106a221ebb18e37b25894da197359e06424bdffd9"
"ARCHIVE_V1.0","00_交接入口/资料卡/WEB-0243.md","748","2026-08-15T19:41:17.059Z","065633aecc36e02a5f3621fc2c1005e99daa913c0fcf77304f00052bdf452be8"
"ARCHIVE_V1.0","00_交接入口/资料卡/WEB-0244.md","881","2026-08-15T19:41:17.060Z","904a866c3e10d75bbd09601a384e76e03546821aefaa95d1316fcfe2d0354046"
"ARCHIVE_V1.0","00_交接入口/资料卡/WEB-0245.md","762","2026-08-15T19:41:17.061Z","0cffb27132b756dcedbd69ee06a7a8ecfc7796cc05cf071cb7b7874047db11c5"
"ARCHIVE_V1.0","00_交接入口/资料卡/WEB-0246.md","901","2026-08-15T19:41:17.062Z","e7a54afd514817efff6e92518c0bf7c0fecce57f727d6bd393f1690a8037cd62"
"ARCHIVE_V1.0","00_交接入口/资料卡/WEB-0247.md","760","2026-08-15T19:41:17.064Z","462bdd8e988130dfdd24807ffd148fc71c4aefa1bd501952478ce86df1341747"
"ARCHIVE_V1.0","00_交接入口/资料卡/WEB-0248.md","713","2026-08-15T19:41:17.064Z","6f329a5237ce95bb0b3f29ac273caf77278de1d98d50fa93afcfd3fd90beff60"
"ARCHIVE_V1.0","00_交接入口/资料卡/WEB-0249.md","877","2026-08-15T19:41:17.065Z","457269e55535ada0de2110c27ec87e3bd22b7a7668a38fc878a6ac2b9b767d44"
"ARCHIVE_V1.0","00_交接入口/资料卡/WEB-0250.md","728","2026-08-15T19:41:17.066Z","bcba0608da214af1a65713fde49a3cc73b20c454afb64d480b805b986deacb2f"
"ARCHIVE_V1.0","00_交接入口/资料卡/WEB-0251.md","675","2026-08-15T19:41:17.067Z","641f81b40219e0e1a6b84fb8d068021c4c3fe17f7511e3726e412865f2e36714"
"ARCHIVE_V1.0","00_交接入口/资料卡/WEB-0252.md","1532","2026-08-15T19:41:17.069Z","000cdf97b780c8645a1969a0dc1d91336bc84732e66ba0a3d6c97734e3fa7a19"
"ARCHIVE_V1.0","00_交接入口/资料卡/WEB-0253.md","1250","2026-08-15T19:41:17.069Z","db7695c603a62e46d6ffee2504ceda6a86c5a3d4c0be48389b4e179f5cc8ba8a"
"ARCHIVE_V1.0","00_交接入口/资料卡/WEB-0254.md","969","2026-08-15T19:41:17.071Z","5fc3cdc61a834f8a30a2582ce3d4e8d2c6e1474c9c3df2ccc3179a148d3b5f01"
"ARCHIVE_V1.0","00_交接入口/资料卡/WEB-0255.md","850","2026-08-15T19:41:17.072Z","ec055e8707709a733ddadacabfd1668e0cd1590535ede661a443c4063a5fae38"
"ARCHIVE_V1.0","00_交接入口/资料卡/WEB-0256.md","919","2026-08-15T19:41:17.073Z","602af79f8636b4bdbc14b4c51ec05646966246b79bec2418f6cfef33fb97e553"
"ARCHIVE_V1.0","00_交接入口/资料卡/WEB-0257.md","1745","2026-08-15T19:41:17.074Z","c719d671092c13c721cfe66942cbb3afb3e13908b25b329509f516334ea21a20"
"ARCHIVE_V1.0","00_交接入口/资料卡/WEB-0258.md","1164","2026-08-15T19:41:17.074Z","76a58fdcfc81d120422ff8c52b1b4203da8dc29382b2ac00da11dfa50194ce40"
"ARCHIVE_V1.0","00_交接入口/资料卡/WEB-0259.md","1167","2026-08-15T19:41:17.075Z","82d2f77392132b4936e403cad83d6ffd0be618805b404ea0125316674b7ffc84"
"ARCHIVE_V1.0","00_交接入口/资料卡/WEB-0260.md","1745","2026-08-15T19:41:17.076Z","51657bcda3f2f1da1da8c8301f54a4300d527ce5ce58140fe63da493d5481ff3"
"ARCHIVE_V1.0","00_交接入口/资料卡/WEB-0261.md","1248","2026-08-15T19:41:17.077Z","53dd860fb5f622bac6c104da73b93cd46abd28148885ada0c74de0be2b8de489"
"ARCHIVE_V1.0","00_交接入口/资料卡/WEB-0262.md","2028","2026-08-15T19:41:17.077Z","84848d49d026b70732806567355bd168a8bb3a161206a699b3205118e7df6fc0"
"ARCHIVE_V1.0","00_交接入口/资料卡/WEB-0263.md","1159","2026-08-15T19:41:17.079Z","f3cbf641cc3dd13d5daa2b26beb8aef3b135b951b13e96247220f1f4014a4bb4"
"ARCHIVE_V1.0","00_交接入口/资料卡/WEB-0264.md","1141","2026-08-15T19:41:17.080Z","9bb5fa81c16eaae9f08da9a110f6c67339a0a9fc7b855fac21606426bcac8cd6"
"ARCHIVE_V1.0","00_交接入口/资料卡/WEB-0265.md","938","2026-08-15T19:41:17.081Z","412efde161006e681d81e9fe1c5327731e42c694c96b521200d04ca9e938d00d"
"ARCHIVE_V1.0","00_交接入口/资料卡/WEB-0266.md","1158","2026-08-15T19:41:17.082Z","feca3710db9d9cefd7026739263e98a6ce4ed7a34037ea119894c359de2852f5"
"ARCHIVE_V1.0","00_交接入口/资料卡/WEB-0267.md","957","2026-08-15T19:41:17.083Z","c88e8ece754a1981fd753e04b5f07e598bb623a96cff8c7874a298c627792c0b"
"ARCHIVE_V1.0","00_交接入口/资料卡/WEB-0268.md","815","2026-08-15T19:41:17.083Z","1dccefe9a842182bdb8f45b51a94de31ba1d012694c2e2e905ea7a6056f8354c"
"ARCHIVE_V1.0","00_交接入口/资料卡/WEB-0269.md","705","2026-08-15T19:41:17.084Z","d2940b88fd25651b6a11e11e270b2e9c958c265828606895229a001ce2c1c103"
"ARCHIVE_V1.0","00_交接入口/资料卡/WEB-0270.md","709","2026-08-15T19:41:17.085Z","19f59701d2d136bdfaa1188f3a6a8af5a484a6507307f0ec0fd2eb2ef4490b9a"
"ARCHIVE_V1.0","00_交接入口/资料卡/WEB-0271.md","684","2026-08-15T19:41:17.086Z","eb0f7453756e40cee2a48c02604a80dc1bfb3cddd9a0d91ca0c25cfaaa4ca1d0"
"ARCHIVE_V1.0","00_交接入口/资料卡/WEB-0272.md","692","2026-08-15T19:41:17.087Z","bac5d0f2dc793fcf6a658bbf7ad41f84be1f7deea367059f355ddd9b66ab0e05"
"ARCHIVE_V1.0","00_交接入口/资料卡/WEB-0273.md","838","2026-08-15T19:41:17.088Z","761b1c4bfcdb7794183930ab7cae308791737aa27255b2e641b7d448ce093537"
"ARCHIVE_V1.0","00_交接入口/资料卡/WEB-0274.md","1528","2026-08-15T19:41:17.089Z","45b48ecbf2408e1e6c5233cc3fd5b19aae603ab01d68a4267b4ab2a5f69b4d5b"
"ARCHIVE_V1.0","00_交接入口/资料卡/WEB-0275.md","816","2026-08-15T19:41:17.089Z","e606071ee516d1baac7d117c86f60462dfa08d0b7edd5f98831b1df7a43478e8"
"ARCHIVE_V1.0","00_交接入口/资料卡/WEB-0276.md","1802","2026-08-15T19:41:17.090Z","8069ce80bb9c378f37f47ba667078404f99ab71e026a46007f071f3b80cf2cef"
"ARCHIVE_V1.0","00_交接入口/资料卡/WEB-0277.md","1396","2026-08-15T19:41:17.091Z","8fb54c4ad2bee2a9c995217d27999f5b57d754395bd459bbf0db98ed7fbdde0b"
"ARCHIVE_V1.0","00_交接入口/资料卡/WEB-0278.md","1390","2026-08-15T19:41:17.092Z","185e6a98437760b9e4e084756ba3949527c264107d7949c2017b770650296428"
"ARCHIVE_V1.0","00_交接入口/资料卡/WEB-0279.md","1057","2026-08-15T19:41:17.093Z","7083845129c7193f2ace109ed8408eebab71ea0c1e60e1594b6f462d1df98221"
"ARCHIVE_V1.0","00_交接入口/资料卡/WEB-0280.md","1117","2026-08-15T19:41:17.093Z","ccd5c048699a0425b6049335c695d1d3337775f4d4c65bc637793694349c6fc6"
"ARCHIVE_V1.0","00_交接入口/资料卡/WEB-0281.md","1004","2026-08-15T19:41:17.095Z","000ff3c526f5a93a8613e11ae32466cc7b32476fc2a5c1cc870e77fd11a9a457"
"ARCHIVE_V1.0","00_交接入口/资料卡/WEB-0282.md","896","2026-08-15T19:41:17.096Z","d6ae20661621bcece7e4f7042d0b9d3a9cce4cfeada4adf7a86710a66a66a658"
"ARCHIVE_V1.0","00_交接入口/资料卡/WEB-0283.md","844","2026-08-15T19:41:17.097Z","4bc0b92a9a2aa0dbc996586ab46b23ccdb5de59c811ff05b1607272a30ea234f"
"ARCHIVE_V1.0","00_交接入口/资料卡/WEB-0284.md","786","2026-08-15T19:41:17.098Z","7f865d956e7510ead04e786dd895ec26a334cbd4efad5231210955fa6a2c4fab"
"ARCHIVE_V1.0","00_交接入口/资料卡/WEB-0285.md","796","2026-08-15T19:41:17.099Z","b0aec205c3f5fe13369f230eaa86b10f6bbe90f5d1e2842fe91e5ea74396764b"
"ARCHIVE_V1.0","00_交接入口/资料卡/WEB-0286.md","647","2026-08-15T19:41:17.100Z","9fe209d955172b252431a77f8178432ad0d775fd1e124b000bfd8d5967e0ea9f"
"ARCHIVE_V1.0","00_交接入口/资料卡/WEB-0287.md","829","2026-08-15T19:41:17.100Z","bbbeb5dac499563ba9fe20e4d232c849b17c3c737ba344a6fe9e56116ae333a1"
"ARCHIVE_V1.0","00_交接入口/资料卡/WEB-0288.md","858","2026-08-15T19:41:17.101Z","0d9f7840250d698b2491be6c83dbde5ee67d9d296aba17281db0983667ca5575"
"ARCHIVE_V1.0","00_交接入口/资料卡/WEB-0289.md","898","2026-08-15T19:41:17.102Z","abdce18c4d843f3d2c2e438e9d9c4c6ba763a6eeaf88e311b434600f9ab91d3f"
"ARCHIVE_V1.0","00_交接入口/资料卡/WEB-0290.md","770","2026-08-15T19:41:17.102Z","704fc718637a6f3073bd90dc781f64a691b9c42307b70944e893ad06402057ba"
"ARCHIVE_V1.0","00_交接入口/资料卡/WEB-0291.md","689","2026-08-15T19:41:17.103Z","bfc3e2fda47c5972b54642d1a7bdf4172aef4eea63e5b675355c919a627eb863"
"ARCHIVE_V1.0","00_交接入口/资料卡/WEB-0292.md","688","2026-08-15T19:41:17.104Z","fbd7159a20e05c566fa15e4eea8b8c9c4403a19f91bb85c4c178a7773ca8102f"
"ARCHIVE_V1.0","00_交接入口/资料卡/WEB-0293.md","758","2026-08-15T19:41:17.105Z","787eededde5fcbda63dda4d4f8058478a2b614b172ae42b344fb082669366752"
"ARCHIVE_V1.0","00_交接入口/资料卡/WEB-0294.md","763","2026-08-15T19:41:17.106Z","56d48eb7a47e451b41c08e248690eb691dab38848910e26cda04f4f10d102dfc"
"ARCHIVE_V1.0","00_交接入口/资料卡/WEB-0295.md","902","2026-08-15T19:41:17.107Z","add9b1059e86785cb70c40ec613865e010179f8ab439d40c7bbc4bf24a71a6f2"
"ARCHIVE_V1.0","00_交接入口/资料卡/WEB-0296.md","825","2026-08-15T19:41:17.107Z","5f1fdbbe7ce017392a9a8183a59d429d248cd1c79a20906dc7bda79654004372"
"ARCHIVE_V1.0","00_交接入口/资料卡/WEB-0297.md","1121","2026-08-15T19:41:17.110Z","c17f44d593da2256b32f1edcb2f1a7d365d4f3eba61a09ee9532b5450bf104a8"
"ARCHIVE_V1.0","00_交接入口/资料卡/WEB-0298.md","884","2026-08-15T19:41:17.111Z","d4702778f45d226c741fca5f9c3b97bcd862567879dbeb6d4e03538fe7cfccc5"
"ARCHIVE_V1.0","00_交接入口/资料卡/WEB-0299.md","784","2026-08-15T19:41:17.112Z","a0d747a633f8eef6acd77700e11c7815c19cecc4a5a189eefb7dea46d3360bdf"
"ARCHIVE_V1.0","00_交接入口/资料卡/WEB-0300.md","898","2026-08-15T19:41:17.113Z","95c8ff7a9dc55827e78677959e27a28056427459e037f263f1bc3cdef45842fd"
"ARCHIVE_V1.0","00_交接入口/资料卡/WEB-0301.md","938","2026-08-15T19:41:17.114Z","c1e7fd6c79808d6534eb488ecd6efa0af9755d6ca0abc327889eedd103370ec2"
"ARCHIVE_V1.0","00_交接入口/资料卡/WEB-0302.md","703","2026-08-15T19:41:17.115Z","a0494f861e292423f8620f44e747e6ca455b72f1803de939df88c3c18bb67ca7"
"ARCHIVE_V1.0","00_交接入口/资料卡/WEB-0303.md","1021","2026-08-15T19:41:17.116Z","c0364e99c3c18973aa0141631fcbd1470b4978963a74552dc5939f3237f74b6a"
"ARCHIVE_V1.0","00_交接入口/资料卡/WEB-0304.md","728","2026-08-15T19:41:17.117Z","5d308c171f0315f96312a0d13fb868191eb6364ad95b20bb41bb23c84ef69252"
"ARCHIVE_V1.0","00_交接入口/资料卡/WEB-0305.md","707","2026-08-15T19:41:17.118Z","08771dae82f4173df7aaee269a41577e5e630a35f038ae4f8477ef72cbdacfe5"
"ARCHIVE_V1.0","00_交接入口/资料卡/WEB-0306.md","1101","2026-08-15T19:41:17.119Z","b5900d4f95cc047aad9598ca1cbd3d8aee053ece4dc957c9b6b2ecea934f7245"
"ARCHIVE_V1.0","00_交接入口/资料卡/WEB-0307.md","945","2026-08-15T19:41:17.119Z","1c40b8a19d4cc91029c63e35f84b2c99ad9e2846f6984fd8dc568916b4d0eaae"
"ARCHIVE_V1.0","00_交接入口/资料卡/WEB-0308.md","677","2026-08-15T19:41:17.120Z","e99c8a54b522218939d8fd164110523c01dac2eca7112188b8558da6159189dc"
"ARCHIVE_V1.0","00_交接入口/资料卡/WEB-0309.md","872","2026-08-15T19:41:17.121Z","f069f2d27f6a91bd18b63b01639657102b16ebfc0e8fbf126ce89cd6ba90bfe1"
"ARCHIVE_V1.0","00_交接入口/资料卡/WEB-0310.md","1128","2026-08-15T19:41:17.123Z","873a7d091fee4fbf7fa97a413cd64bdb1836edebf41ba8ab70c127eb869bc13b"
"ARCHIVE_V1.0","00_交接入口/资料卡/WEB-0311.md","696","2026-08-15T19:41:17.123Z","422485f2250236231fdeeb92f6acdbe7e012fbf797f200d1de0dada4181d961b"
"ARCHIVE_V1.0","00_交接入口/资料卡/WEB-0312.md","769","2026-08-15T19:41:17.124Z","beffda2300f5be95df84637f87da27424570bb48befce8bcd4ddd14cb3a93611"
"ARCHIVE_V1.0","00_交接入口/资料卡/WEB-0313.md","742","2026-08-15T19:41:17.125Z","01c0ecdb296e0578a5c3847afc4e7283d369dcd2b461866622f4b828f5108a0b"
"ARCHIVE_V1.0","00_交接入口/资料卡/WEB-0314.md","773","2026-08-15T19:41:17.126Z","5999f568876d02a03bed9185b972fc0c394ecc79c693a3dffda5831ab0713d42"
"ARCHIVE_V1.0","00_交接入口/资料卡/WEB-0315.md","682","2026-08-15T19:41:17.127Z","bb0b18567387169c019ac620d60d233f54824ad010b87bcf79b10f416f046712"
"ARCHIVE_V1.0","00_交接入口/资料卡/WEB-0316.md","658","2026-08-15T19:41:17.129Z","f075cac9f15ea02ab4f796c7f3307225b1c8b0ab128871cf745a40b2687c61da"
"ARCHIVE_V1.0","00_交接入口/资料卡/WEB-0317.md","851","2026-08-15T19:41:17.130Z","9b3a64b9b5e30c35ec2f5755adbdd93fd1edc8b13a0ec997362a9ae2f3d1e5cc"
"ARCHIVE_V1.0","00_交接入口/资料卡/WEB-0318.md","1069","2026-08-15T19:41:17.131Z","dfcc3695db6336bafa434d1b0a7b15272524ac59cd29d10fac5510e5299bbc61"
"ARCHIVE_V1.0","00_交接入口/资料卡/WEB-0319.md","838","2026-08-15T19:41:17.131Z","33ef29e8fba50698e3922d50ed655d5e6cbb6de2170fe81bae3ccaef58a6b075"
"ARCHIVE_V1.0","00_交接入口/资料卡/WEB-0320.md","772","2026-08-15T19:41:17.132Z","5fa713d358bfa5c968759432f48acb5e3cfac5b14f1c91d650119f4cc499fbe3"
"ARCHIVE_V1.0","00_交接入口/资料卡/WEB-0321.md","777","2026-08-15T19:41:17.133Z","8c95f53e0dbd023b04bcec9af02fe66b7bb43e8b2f3d79c60bdcd5aae08a1f7b"
"ARCHIVE_V1.0","00_交接入口/资料卡/WEB-0322.md","683","2026-08-15T19:41:17.134Z","54941ce245f651b825ae29a92c393ed6dd66bb94390f2324ee8061365c138b49"
"ARCHIVE_V1.0","00_交接入口/资料卡/WEB-0323.md","786","2026-08-15T19:41:17.135Z","89a83c691fa4b59c9ac9b58fb830c173e5e961930e3190cbdaf82720d558be97"
"ARCHIVE_V1.0","00_交接入口/资料卡/WEB-0324.md","879","2026-08-15T19:41:17.136Z","4bf0d289018539dcf6486d5f24ca4b64f6dba834569149a3cc6a27ecbe2328b1"
"ARCHIVE_V1.0","00_交接入口/资料卡/WEB-0325.md","767","2026-08-15T19:41:17.136Z","558f7bae2e08f92df87b99271061c0a642a7e84994cab278c524697c0576836f"
"ARCHIVE_V1.0","00_交接入口/资料卡/WEB-0326.md","926","2026-08-15T19:41:17.137Z","14c55985a3215ad8a3ee1b70747aeb371567ee4729a303c40ad8c3392dea4353"
"ARCHIVE_V1.0","00_交接入口/资料卡/WEB-0327.md","771","2026-08-15T19:41:17.139Z","979f72e5d96deb1b49c28b650f6fca2335988915d41324f110ee26383fd48c7e"
"ARCHIVE_V1.0","00_交接入口/资料卡/WEB-0328.md","859","2026-08-15T19:41:17.139Z","21044be55c999db3d6db807950ce061bcb61f747cbbd759ee9413cc312743fc8"
"ARCHIVE_V1.0","00_交接入口/资料卡/WEB-0329.md","1019","2026-08-15T19:41:17.140Z","e2f724ece643b233c14949b178690cb0fb9300aa8804ad0fdf6af5585f879612"
"ARCHIVE_V1.0","00_交接入口/资料卡/WEB-0330.md","969","2026-08-15T19:41:17.142Z","7d41da6d6a99caf9dfa3f959f3ad788b982d0c87212ebc04c016c851f4d050ab"
"ARCHIVE_V1.0","00_交接入口/资料卡/WEB-0331.md","1527","2026-08-15T19:41:17.143Z","b909059359a787285de86575ccaf6846c9f041f9bd141b9ffe385705cf6225ba"
"ARCHIVE_V1.0","00_交接入口/资料卡/WEB-0332.md","1188","2026-08-15T19:41:17.144Z","4c5307183bc1a3be3e9c33f62e367acbe34aa8e90b03f298bacdc7a4962b1c32"
"ARCHIVE_V1.0","00_交接入口/资料卡/WEB-0333.md","795","2026-08-15T19:41:17.144Z","4d78339439c62cdbae094770c75bfc266c82aa57512eede9144e074ef010c49e"
"ARCHIVE_V1.0","00_交接入口/资料卡/WEB-0334.md","1821","2026-08-15T19:41:17.145Z","bed3bd02b7c0661e6cf842cb9ef8524e576c1c15233e512a3b733b0aea3f2c2a"
"ARCHIVE_V1.0","00_交接入口/资料卡/WEB-0335.md","1543","2026-08-15T19:41:17.146Z","b8f65322fe2637e6f50c14a4e2441a7a1f993cdfcfb85bad5fb34ee5521fe39a"
"ARCHIVE_V1.0","00_交接入口/资料卡/WEB-0336.md","799","2026-08-15T19:41:17.147Z","1f5a320efaba0b232311a998601a685e60d30f0e00a1b26f11e7592affa2f3f8"
"ARCHIVE_V1.0","00_交接入口/资料卡/WEB-0337.md","723","2026-08-15T19:41:17.148Z","ba46203709a8e72f80866b7b7bbc6d82007f2446f11a1f20ead1bc371a1e1d92"
"ARCHIVE_V1.0","00_交接入口/资料卡/WEB-0338.md","713","2026-08-15T19:41:17.149Z","5dcc09bff79515f62fad94a560f68ff1946ebda9892326ea404e61b63d04196f"
"ARCHIVE_V1.0","00_交接入口/资料卡/WEB-0339.md","733","2026-08-15T19:41:17.150Z","60c3892fbf6ef15e31b551d9bf5b55447d4e4ef9e0e668d71e7aae9e5fbcd90f"
"ARCHIVE_V1.0","00_交接入口/资料卡/WEB-0340.md","740","2026-08-15T19:41:17.150Z","76d243ede6d1b41be3a49e43fe29f2229271ec24b93fbcc4f4e117dfab6469c3"
"ARCHIVE_V1.0","00_交接入口/资料卡/WEB-0341.md","733","2026-08-15T19:41:17.152Z","0db4e03953f27a6f9272776a86df37d107c3b2ec52d4d8af2ff848f6aec19887"
"ARCHIVE_V1.0","00_交接入口/资料卡/WEB-0342.md","778","2026-08-15T19:41:17.152Z","0fd1a77f323175dcc86b3ec4becf7bca541b51b587c49c944846e92a908675a7"
"ARCHIVE_V1.0","00_交接入口/资料卡/WEB-0343.md","748","2026-08-15T19:41:17.154Z","dedf599a41f40edbab52d245e0c0e0c284f2cc9288dc5a9f7bc02fde1b3f1f04"
"ARCHIVE_V1.0","00_交接入口/资料卡/WEB-0344.md","1616","2026-08-15T19:41:17.154Z","eead2c23dd345442b6db34a2918682cbba55b04fa55efb8e58f2a162bedb50a0"
"ARCHIVE_V1.0","00_交接入口/资料卡/WEB-0345.md","850","2026-08-15T19:41:17.156Z","f907a42f5eb0bfc267857ad8f6f00f2503a261040b20d83386672b0a31d5f8cb"
"ARCHIVE_V1.0","00_交接入口/资料卡/WEB-0346.md","714","2026-08-15T19:41:17.157Z","256ec7d944ad9938b68e9632e3a1006f3b192e01b3a39e1891d82eab52c656a4"
"ARCHIVE_V1.0","00_交接入口/资料卡/WEB-0347.md","858","2026-08-15T19:41:17.159Z","9909f14f74540a6c63d323b42779da11fabddb38b38929df6660ca982589445d"
"ARCHIVE_V1.0","00_交接入口/资料卡/WEB-0348.md","1052","2026-08-15T19:41:17.159Z","9465c25189ec30733f5b218d8fee206c4e84812d1371a63895b0090a6f94001f"
"ARCHIVE_V1.0","00_交接入口/资料卡/WEB-0349.md","1040","2026-08-15T19:41:17.160Z","7a456ecc15e1c0e71a2179568a259463933cb8e2efd49c32b48ca6ac74de5bd4"
"ARCHIVE_V1.0","00_交接入口/资料卡/WEB-0350.md","921","2026-08-15T19:41:17.161Z","609d8c3adcefad90b0451e0714c33ecf22b4dc33f96f3be876a1a18c394678d7"
"ARCHIVE_V1.0","00_交接入口/资料卡/WEB-0351.md","1093","2026-08-15T19:41:17.162Z","ee7d4b2147b954f11854bd8c435316f20649de8fddde3b58d8ec3730d9a82224"
"ARCHIVE_V1.0","00_交接入口/资料卡/WEB-0352.md","859","2026-08-15T19:41:17.163Z","811c07dc10c7e9c0418b0c943ed6d0a8d7ed8dade7002aef29b6862fba78500a"
"ARCHIVE_V1.0","00_交接入口/资料卡/WEB-0353.md","752","2026-08-15T19:41:17.164Z","01e066ee0ebfe85fa29e766ef8bb58be330878dc0aa8d2c9747a4306ca3e2f2c"
"ARCHIVE_V1.0","00_交接入口/资料卡/WEB-0354.md","660","2026-08-15T19:41:17.165Z","9a946ea820bc7ec597ecc0b5d978a41a4654c16bc3cc288648bb2991bbbc66ac"
"ARCHIVE_V1.0","00_交接入口/资料卡/WEB-0355.md","841","2026-08-15T19:41:17.165Z","2384407b55f4caaa3e193db32479fadfa168414c4ecabede28a5ad582d0e3db1"
"ARCHIVE_V1.0","00_交接入口/资料卡/WEB-0356.md","738","2026-08-15T19:41:17.166Z","8a43109ba4cbc8f65c8cc8ea52af5779439951d12bae2ae887ac48ee6fecae48"
"ARCHIVE_V1.0","00_交接入口/资料卡/WEB-0357.md","883","2026-08-15T19:41:17.168Z","e6b782c4b06aec2443115523c136f6ab1ee3e760448e3a21eeb0dd7dd89c6293"
"ARCHIVE_V1.0","00_交接入口/资料卡/WEB-0358.md","792","2026-08-15T19:41:17.169Z","b3be11f8676a494a3cbc56742ac39141d4676020df5efc0be420f835fa78e418"
"ARCHIVE_V1.0","00_交接入口/资料卡/WEB-0359.md","852","2026-08-15T19:41:17.169Z","b01cedb2d987b428f3170027b5d1a2b720c2543110b92cbd0e6281dc0259ebd7"
"ARCHIVE_V1.0","00_交接入口/资料卡/WEB-0360.md","900","2026-08-15T19:41:17.170Z","d7048c3f9c0d7c94502e9de4aae0607a5421cf9e87af077a124c1962c0462776"
"ARCHIVE_V1.0","00_交接入口/资料卡/WEB-0361.md","755","2026-08-15T19:41:17.172Z","65797cc0d0c045ebba5840f1075a077164ad3f99d95866be2f8bec9b47a01d4b"
"ARCHIVE_V1.0","00_交接入口/资料卡/WEB-0362.md","734","2026-08-15T19:41:17.173Z","fb18e08b3f5f139e1d947ea34ab45d8ff4ad0e0b4e907e065b00c08cb00232a1"
"ARCHIVE_V1.0","00_交接入口/资料卡/WEB-0363.md","1685","2026-08-15T19:41:17.174Z","fd971ca71ff1619112528f83b64959501b67f933429afa4839758db7e02ef863"
"ARCHIVE_V1.0","00_交接入口/资料卡/WEB-0364.md","935","2026-08-15T19:41:17.175Z","e4b829660338147dea1278626e7f40ea7527b6e05be3d55ac3a0fc0dd19fa276"
"ARCHIVE_V1.0","00_交接入口/资料卡/WEB-0365.md","1012","2026-08-15T19:41:17.176Z","6d9ff101da21d10c93433f9cc0829490ec9388c02537b74dd9d2f9c497ae7e51"
"ARCHIVE_V1.0","00_交接入口/资料卡/WEB-0366.md","886","2026-08-15T19:41:17.177Z","e3e471873c8b9933fc04cf09dddfb52528b38cc11c02aa00fe59dc60a8f0f4f0"
"ARCHIVE_V1.0","00_交接入口/资料卡/WEB-0367.md","913","2026-08-15T19:41:17.178Z","a8c2e743f8f3226be5cb873160df01cfb34ad2abd604b5a5a0b249c0ebbe2653"
"ARCHIVE_V1.0","00_交接入口/资料卡/WEB-0368.md","834","2026-08-15T19:41:17.178Z","7b2127f73c37cf6a4fd65311c2fd1af9b305a0e5939d12fdc5767abb3bcba95f"
"ARCHIVE_V1.0","00_交接入口/资料卡/WEB-0369.md","1026","2026-08-15T19:41:17.179Z","ece368437befec1d0a014234b5684f168e3617bad0d577baeecbb944d506601e"
"ARCHIVE_V1.0","00_交接入口/资料卡/WEB-0370.md","656","2026-08-15T19:41:17.179Z","1834a7ecd46b8fa34e1348e8c0942cf0b0efd8f7fefb3693fd9ee706b4600917"
"ARCHIVE_V1.0","00_交接入口/资料卡/WEB-0371.md","815","2026-08-15T19:41:17.181Z","635b43a8d68a78159b3234d6c0d755ab771795088e95948b58515ce6915055df"
"ARCHIVE_V1.0","00_交接入口/资料卡/WEB-0372.md","764","2026-08-15T19:41:17.182Z","04033403aa5adcb36a78eb8693912871b16c115aeb758e5befb6ba92b3664bcd"
"ARCHIVE_V1.0","00_交接入口/资料卡/WEB-0373.md","752","2026-08-15T19:41:17.183Z","7f791cfb381f427a586ae52c56b63352fe463c17e5346886682be8581bd47641"
"ARCHIVE_V1.0","00_交接入口/资料卡/WEB-0374.md","822","2026-08-15T19:41:17.184Z","74fbfb637382b82ee6b5b30327e909716ee273dbb6bcb20177e7808799fc2821"
"ARCHIVE_V1.0","00_交接入口/资料卡/WEB-0375.md","736","2026-08-15T19:41:17.185Z","fc4ce2a5a93d1a976a34f6d4dc720790fd7b520630d97e9ce2a3b51466ab5acf"
"ARCHIVE_V1.0","00_交接入口/资料卡/WEB-0376.md","882","2026-08-15T19:41:17.186Z","e1a90f9b6403ac6dc8ed557782be3f26b05d5e7c70a0afb8d77f0d4027441e60"
"ARCHIVE_V1.0","00_交接入口/资料卡/WEB-0377.md","776","2026-08-15T19:41:17.186Z","101dada9a2326593c0f4744a19ad6659cc56f01a86ffbadcfd0bf9b630c79d0a"
"ARCHIVE_V1.0","00_交接入口/资料卡/WEB-0378.md","768","2026-08-15T19:41:17.187Z","f06913e62aa87917f25f646565cf990c8b28193e1e6f1ed80506cdd6611cb00b"
"ARCHIVE_V1.0","00_交接入口/资料卡/WEB-0379.md","753","2026-08-15T19:41:17.190Z","788927d00cddc5a612d7f2b797910a5969944cd9f82a1d338505a202a590429a"
"ARCHIVE_V1.0","00_交接入口/资料卡/WEB-0380.md","688","2026-08-15T19:41:17.190Z","f806da0a82fdeebedf1366c914e4b618b012d5d4373144d2d6951229ed0c6964"
"ARCHIVE_V1.0","00_交接入口/资料卡/WEB-0381.md","698","2026-08-15T19:41:17.191Z","0a8131fc10b594562572808f86865937db1b812f6c4061821bb2edfe4e2ed055"
"ARCHIVE_V1.0","00_交接入口/资料卡/WEB-0382.md","960","2026-08-15T19:41:17.192Z","404e18a3ad1d8b738e7ac089cf5c8cfc9a38b99b945067bf16b397be2e30db86"
"ARCHIVE_V1.0","00_交接入口/资料卡/WEB-0383.md","793","2026-08-15T19:41:17.193Z","ed4654885b65dcb22dcf446e57f005ebf4fb2d39b504a9133a54e2f61d347706"
"ARCHIVE_V1.0","00_交接入口/资料卡/WEB-0384.md","913","2026-08-15T19:41:17.194Z","534c24ca2bc94ffe13a54cd3bd6c7f93910092079845800a07f34979ef977092"
"ARCHIVE_V1.0","00_交接入口/资料卡/WEB-0385.md","964","2026-08-15T19:41:17.195Z","dda2b318fb797aa91ece388d836b4eaf3709d3a771fbabfdaf2c985e0092ecf3"
"ARCHIVE_V1.0","00_交接入口/资料卡/WEB-0386.md","947","2026-08-15T19:41:17.196Z","3c6c0fccc4885b5e0a4b86a3896b133c7009295b71b3282a3be58713c1c987cc"
"ARCHIVE_V1.0","00_交接入口/资料卡/WEB-0387.md","949","2026-08-15T19:41:17.196Z","8ecd48a1e5aba2faa5fad59be12b48be8de93a9084247001ddaeade465bcf066"
"ARCHIVE_V1.0","00_交接入口/资料卡/WEB-0388.md","983","2026-08-15T19:41:17.198Z","a5c7633cd2928e8d1f1dc9a694208ebc9d67d369b0ece399c56243e495261575"
"ARCHIVE_V1.0","00_交接入口/资料卡/WEB-0389.md","850","2026-08-15T19:41:17.199Z","1d1849ea79f9c2fe0817ec32ca44a7d7e028fcc8d29c9f366c7324106b4fa535"
"ARCHIVE_V1.0","00_交接入口/资料卡/WEB-0390.md","874","2026-08-15T19:41:17.200Z","8b659bd78447beb4cf370b353edbec15ec29a3dda8b9deb2bfdb7565e2ea046a"
"ARCHIVE_V1.0","00_交接入口/资料卡/WEB-0391.md","871","2026-08-15T19:41:17.201Z","f966cb4ff8e1e0bf27995df5eeaade089b4b3b8c3f069c0903514eb6d457e213"
"ARCHIVE_V1.0","00_交接入口/资料卡/WEB-0392.md","1259","2026-08-15T19:41:17.202Z","5e8c520ff29ae0b6f23fca9f7517f4414e9159821ee5268ad888d27760f113f0"
"ARCHIVE_V1.0","00_交接入口/资料卡/WEB-0393.md","891","2026-08-15T19:41:17.204Z","8404a834d704a774cd79eef24a7640d97ef53d89d981f60dc9055e5cc5ab4b54"
"ARCHIVE_V1.0","00_交接入口/资料卡/WEB-0394.md","900","2026-08-15T19:41:17.205Z","8b3484b41f2f8ec241ebf1901b88ee7f5a97c5ad6f561364ac819838ba11da2d"
"ARCHIVE_V1.0","00_交接入口/资料卡/WEB-0395.md","1950","2026-08-15T19:41:17.206Z","b26377898df10d8dc38ca6d3b1f3f7dee167bca070671973bac798c0f711b049"
"ARCHIVE_V1.0","00_交接入口/资料卡/WEB-0396.md","1734","2026-08-15T19:41:17.207Z","d0e1ec1f3d062efbe25c7adce270d188ab478bf4cb831f6c9dadb4dd5885dca4"
"ARCHIVE_V1.0","00_交接入口/资料卡/WEB-0397.md","1728","2026-08-15T19:41:17.208Z","f1dbd1868723fc586602440877bc0baf09d543be5613325c59d7095219b54faf"
"ARCHIVE_V1.0","00_交接入口/资料卡/WEB-0398.md","1734","2026-08-15T19:41:17.208Z","6403b262086b0efb34fed80818dd52bb3ae6a342191d54daffa8ab905a785757"
"ARCHIVE_V1.0","00_交接入口/资料卡/WEB-0399.md","1728","2026-08-15T19:41:17.209Z","062262d2fa10bb16b7fc0836d814236743ef3df3993e873ebf2447f172d3b94c"
"ARCHIVE_V1.0","00_交接入口/资料卡/WEB-0400.md","1734","2026-08-15T19:41:17.210Z","5c06fcc44e1363176ccabe34a40ca28a87aec7b04a08b610dbb928f8919baa45"
"ARCHIVE_V1.0","00_交接入口/资料卡/WEB-0401.md","1728","2026-08-15T19:41:17.210Z","09587f068e6f6bd70f90d016b695c02792606dededf704c4879576a0235bd827"
"ARCHIVE_V1.0","00_交接入口/资料卡/WEB-0402.md","1734","2026-08-15T19:41:17.211Z","404d695562f137a764ed2a2c9fdec399ace98c8b7c2ddd9f1c05a480a6636e67"
"ARCHIVE_V1.0","00_交接入口/资料卡/WEB-0403.md","1728","2026-08-15T19:41:17.212Z","b13620b96945a33e8bbb9c218ab95c020c17a91833959f71d17f045bc48856be"
"ARCHIVE_V1.0","00_交接入口/资料卡/WEB-0404.md","1734","2026-08-15T19:41:17.213Z","757edaa73bddf6a86ac2e273ee017faad4f316f07b959ce78fcb329c6f6e0d0c"
"ARCHIVE_V1.0","00_交接入口/资料卡/WEB-0405.md","1728","2026-08-15T19:41:17.214Z","02d0f37a1e53d4262c229ff81d9bc79e906034f661bc866a5b1da2f9198df73f"
"ARCHIVE_V1.0","00_交接入口/资料卡/WEB-0406.md","1734","2026-08-15T19:41:17.215Z","f873b5fe1a9676d96b5e7c8c325fc9b1dd997672e4a55c660c56ed6b72ab4664"
"ARCHIVE_V1.0","00_交接入口/资料卡/WEB-0407.md","1728","2026-08-15T19:41:17.215Z","59e60bc1ffbcc33116bf760583f75040d0fc6f7a615a62a1f574aac441678cad"
"ARCHIVE_V1.0","00_交接入口/资料卡/WEB-0408.md","1734","2026-08-15T19:41:17.216Z","03a1cd8d6c963efbe5605bfd9a025d73d43d88c6f1bd044fd0522e4ae79cb9ad"
"ARCHIVE_V1.0","00_交接入口/资料卡/WEB-0409.md","1728","2026-08-15T19:41:17.217Z","503f7d1fa9765665058f2cc74cc77e963a134cd42b785bd180d80008cfcbbee9"
"ARCHIVE_V1.0","00_交接入口/资料卡/WEB-0410.md","1734","2026-08-15T19:41:17.219Z","c80d05e2e11f0f00faaceab08f5a8a6b2fad9b5390e936c5639d221d14cad0e3"
"ARCHIVE_V1.0","00_交接入口/资料卡/WEB-0411.md","1728","2026-08-15T19:41:17.220Z","f7f1a8565043da0592fb71a727f1109a0fc5d07ae215de4e9948e5ae527b3d80"
"ARCHIVE_V1.0","00_交接入口/资料卡/WEB-0412.md","1734","2026-08-15T19:41:17.221Z","7cc83c8c6094033c5a076974a97669c96ef2f0ff7416e0af597c08c263cdbe11"
"ARCHIVE_V1.0","00_交接入口/资料卡/WEB-0413.md","1728","2026-08-15T19:41:17.221Z","fd33c0e73e0100be9d441525786febf17ac28185d8d8f96fd23b83d89048d611"
"ARCHIVE_V1.0","00_交接入口/资料卡/WEB-0414.md","1734","2026-08-15T19:41:17.222Z","de86ec8e7e2b47eedb4a2a4a73e51f92623b27db022c994a400fd3ddad918478"
"ARCHIVE_V1.0","00_交接入口/资料卡/WEB-0415.md","1728","2026-08-15T19:41:17.223Z","90c050e9d32b4050bbf293e75f1e2944b64603ab8c14803ff7f8da063078cd7e"
"ARCHIVE_V1.0","00_交接入口/资料卡/WEB-0416.md","1734","2026-08-15T19:41:17.224Z","f669274dfd5ae26f07e9ebacc858c148c771631ce26fa66f7d3735928813b3d5"
"ARCHIVE_V1.0","00_交接入口/资料卡/WEB-0417.md","1728","2026-08-15T19:41:17.225Z","7663db9c84af8bd979f09329f675780caac618ddf78a2ef56306d56d2597da58"
"ARCHIVE_V1.0","00_交接入口/资料卡/WEB-0418.md","1734","2026-08-15T19:41:17.226Z","b16764a50cdfaf1d984435f95478b3a197eb7a720bacb129f73449d3d2196f1c"
"ARCHIVE_V1.0","00_交接入口/资料卡/WEB-0419.md","1728","2026-08-15T19:41:17.226Z","a637f7bdf24372f143e170908d1bb7e858b701ff918762119a2032774cb069a5"
"ARCHIVE_V1.0","00_交接入口/资料卡/WEB-0420.md","1734","2026-08-15T19:41:17.227Z","fe5b48ba2f5ae9b0032e92b2f8d61d82290ef159a2fd544d9ed6f37b478fc340"
"ARCHIVE_V1.0","00_交接入口/资料卡/WEB-0421.md","1728","2026-08-15T19:41:17.227Z","a9916ce3ad62f4b47ca8d7dfe202f595f9cbec33ae49c6047980ec521e14c22a"
"ARCHIVE_V1.0","00_交接入口/资料卡/WEB-0422.md","1734","2026-08-15T19:41:17.229Z","f28c9192e1e2cd9e976a817b361d6639ce6d29820817b86b6cca160f5c652b8d"
"ARCHIVE_V1.0","00_交接入口/资料卡/WEB-0423.md","1728","2026-08-15T19:41:17.230Z","dcc6fe3e5da4ef4847715b02026ddc1f91044aba604488182782c583852216c0"
"ARCHIVE_V1.0","00_交接入口/资料卡/WEB-0424.md","1734","2026-08-15T19:41:17.231Z","a2187bb104fbc6ac6346dcd782df55b9845f389015344ca709d6fefd8b9af36b"
"ARCHIVE_V1.0","00_交接入口/资料卡/WEB-0425.md","1728","2026-08-15T19:41:17.232Z","e21ae83407d2c8b69ac1d5474c9270d5b6177bede541a886738322f3dec17df3"
"ARCHIVE_V1.0","00_交接入口/资料卡/WEB-0426.md","1734","2026-08-15T19:41:17.233Z","c36f80d0a0523d8cf3b00561c2ca6468424e3fdddc8892decc0e99897da82e16"
"ARCHIVE_V1.0","00_交接入口/资料卡/WEB-0427.md","1728","2026-08-15T19:41:17.233Z","b41525584df43279c1e3dc4b62f48cb6d0fb560274e3f4cd79738d03a72aa135"
"ARCHIVE_V1.0","00_交接入口/资料卡/WEB-0428.md","1734","2026-08-15T19:41:17.235Z","8234f8b9a77d7ce1920ec3f5a4acb7e536cf97184ef5a322467eec96ccc1580e"
"ARCHIVE_V1.0","00_交接入口/资料卡/WEB-0429.md","1728","2026-08-15T19:41:17.236Z","4419123869f47b1184f5235976ad8da23a376c08765405d4a4ca2107236735a6"
"ARCHIVE_V1.0","00_交接入口/资料卡/WEB-0430.md","1734","2026-08-15T19:41:17.237Z","b399bf8c346862a5f7fe5f7178cdaca43dcfbcb84d99463672b8f606303db63a"
"ARCHIVE_V1.0","00_交接入口/资料卡/WEB-0431.md","1728","2026-08-15T19:41:17.238Z","e76e4bc12bd3c855a0f3fc4766bb10cdacc85985dde10267d6cbe266d636b47b"
"ARCHIVE_V1.0","00_交接入口/资料卡/WEB-0432.md","1734","2026-08-15T19:41:17.239Z","e89d0298641a99d2dffe61ee4fa63e7e3ad677a7367dc3fbc5b4389f02e4aa85"
"ARCHIVE_V1.0","00_交接入口/资料卡/WEB-0433.md","1728","2026-08-15T19:41:17.239Z","f4c7668718ea6d1c4f9db4b45a8237b7e53abe4239acdb1f6cd31817e4de8192"
"ARCHIVE_V1.0","00_交接入口/资料卡/WEB-0434.md","1734","2026-08-15T19:41:17.241Z","13d79c43565d6689b698ca0268d0083f184e5bbd8512db7c7e93e015f83598bb"
"ARCHIVE_V1.0","00_交接入口/资料卡/WEB-0435.md","1728","2026-08-15T19:41:17.242Z","ad071fbdd8eb01b2ab3297a0045dd24ff4940047705596a9d61ca866159ecfb1"
"ARCHIVE_V1.0","00_交接入口/资料卡/WEB-0436.md","1734","2026-08-15T19:41:17.243Z","e0fdd451bd4a588f3f87bad03133252435199528beff1af4fc6d465c397a9b12"
"ARCHIVE_V1.0","00_交接入口/资料卡/WEB-0437.md","1728","2026-08-15T19:41:17.243Z","b077d495ecf3368e9d2aacd4a42ebf152806dce837991b26c666e02aa4df65f9"
"ARCHIVE_V1.0","00_交接入口/资料卡/WEB-0438.md","1734","2026-08-15T19:41:17.245Z","548a4fbfc5c0fcf4906daae2ac8c3e94ecfcab8fa02683af18f2f3a5762f9e4a"
"ARCHIVE_V1.0","00_交接入口/资料卡/WEB-0439.md","1728","2026-08-15T19:41:17.246Z","62802eaf39874a4cce8cfe774bc9aaeb44454f711763403125b3ed0f897e3998"
"ARCHIVE_V1.0","00_交接入口/资料卡/WEB-0440.md","1734","2026-08-15T19:41:17.246Z","8c6b7b337722153d4f44a0e1e6ae60db48d95cf8e85114e7027a748b2de6d51c"
"ARCHIVE_V1.0","00_交接入口/资料卡/WEB-0441.md","1728","2026-08-15T19:41:17.247Z","dec7c95b4f84f05d5d279c6c2f71e0d028507c0a08dc41d13a79da0f0458f9ad"
"ARCHIVE_V1.0","00_交接入口/资料卡/WEB-0442.md","1734","2026-08-15T19:41:17.247Z","b3b0e224bdb9b75741284907a1d32d506b372894f33131d9c981ee758b003433"
"ARCHIVE_V1.0","00_交接入口/资料卡/WEB-0443.md","1728","2026-08-15T19:41:17.250Z","4db52f061966a87501abd8a1ed1dc156cc98646f30e72a6d7066fffba1d9d0f3"
"ARCHIVE_V1.0","00_交接入口/资料卡/WEB-0444.md","1734","2026-08-15T19:41:17.251Z","a335f89977340e68d4cd8e88c4785f83f404691b52ed1cdf254527fa188a7c76"
"ARCHIVE_V1.0","00_交接入口/资料卡/WEB-0445.md","1728","2026-08-15T19:41:17.252Z","356380e7a9974fee9683b873e9539117ee727c9a30d5228fb8b6ecba1f381a91"
"ARCHIVE_V1.0","00_交接入口/资料卡/WEB-0446.md","1734","2026-08-15T19:41:17.252Z","0bf435d5895d1712ff27e4021ed3d70365d945a353ceba604f65d7644d6f53e6"
"ARCHIVE_V1.0","00_交接入口/资料卡/WEB-0447.md","1728","2026-08-15T19:41:17.253Z","ad088c44e8e4c9dcda647d9e114a4c92f1a5f97d4c00633cbf90456e2de442f9"
"ARCHIVE_V1.0","00_交接入口/资料卡/WEB-0448.md","1734","2026-08-15T19:41:17.255Z","f54e42b6ee62d445b065daa2ad2f28592d4ae41a83f38fbe5ccf0c746888818b"
"ARCHIVE_V1.0","00_交接入口/资料卡/WEB-0449.md","1728","2026-08-15T19:41:17.256Z","7f215405b452299c57dcba1fb3ddf3971e5c25a687ecc760bf5b67810de7783d"
"ARCHIVE_V1.0","00_交接入口/资料卡/WEB-0450.md","1734","2026-08-15T19:41:17.257Z","3004b9c7232f22db5db68574481b54e9d6864be2b138d277cdb94682f41936a8"
"ARCHIVE_V1.0","00_交接入口/资料卡/WEB-0451.md","1728","2026-08-15T19:41:17.258Z","5d6735ac2bb87d9bc7edf3559ad4442a252561fa5abfa80f69a3264ded4016d1"
"ARCHIVE_V1.0","00_交接入口/资料卡/WEB-0452.md","1734","2026-08-15T19:41:17.259Z","41421539901649bc7aebc59127111339d0b545d8fcc61af963966fe22b353bac"
"ARCHIVE_V1.0","00_交接入口/资料卡/WEB-0453.md","1728","2026-08-15T19:41:17.260Z","a412f94e6f3e51384f5fe39285ed1914238b697b9fa9200acad0e05878a08e14"
"ARCHIVE_V1.0","00_交接入口/资料卡/WEB-0454.md","1734","2026-08-15T19:41:17.261Z","37b2934e6cd489173999e911abc217e3ccd931d883e3483bd389f1d01d583b4e"
"ARCHIVE_V1.0","00_交接入口/资料卡/WEB-0455.md","1728","2026-08-15T19:41:17.263Z","1d5cf616f4f7aad09a4e25059fca0c53d7697b85f09978ca85eacc20d3c6b17b"
"ARCHIVE_V1.0","00_交接入口/资料卡/WEB-0456.md","1734","2026-08-15T19:41:17.264Z","4ab5dddf0a19e56aa140409125a0ec5812bccf26029d34be55b3222d52ee7a37"
"ARCHIVE_V1.0","00_交接入口/资料卡/WEB-0457.md","1728","2026-08-15T19:41:17.265Z","21ccacf98aca0dd9391398dcf22b989eb646c1535cd8b204f74d8e99f53b3d03"
"ARCHIVE_V1.0","00_交接入口/资料卡/WEB-0458.md","1162","2026-08-15T19:41:17.265Z","41145e885d65b6e87e9a81fab985b4dadc4fbffda5b6e6830471b514bc4a5f42"
"ARCHIVE_V1.0","00_交接入口/资料卡/WEB-0459.md","834","2026-08-15T19:41:17.266Z","c4e3bbdcf95d778265733a9af1e00c1ff37bb4d7b2a451fabcaa42c154371330"
"ARCHIVE_V1.0","00_交接入口/资料卡/WEB-0460.md","673","2026-08-15T19:41:17.268Z","b7f93ae9ffe6141bf89607406390cb75cd3662579014d510b0268c5b5779cb27"
"ARCHIVE_V1.0","00_交接入口/资料卡/WEB-0461.md","817","2026-08-15T19:41:17.269Z","7b4db3646915669a425b7598dda80767507575c8632ef37d4485656ba4e2d2df"
"ARCHIVE_V1.0","00_交接入口/资料卡/WEB-0462.md","994","2026-08-15T19:41:17.270Z","48ebd5e4eedb2143e31a9a1c1d8ac45efcf41099b2db8ede36a92d18e54cc506"
"ARCHIVE_V1.0","00_交接入口/资料卡/WEB-0463.md","1023","2026-08-15T19:41:17.270Z","f41fa1ac4247ce40fea8b25c3abf401b19c57a3eb52b504077e5f9d7830297f0"
"ARCHIVE_V1.0","00_交接入口/资料卡/WEB-0464.md","1010","2026-08-15T19:41:17.272Z","b59032f74690be0662ceca22338af90d6c7fe03290672b233b8c6631b124e722"
"ARCHIVE_V1.0","00_交接入口/资料卡/WEB-0465.md","787","2026-08-15T19:41:17.273Z","779e287112bc959a2cc22b6b772664f6236df6f9d630e90727fbe5c5273e3ca9"
"ARCHIVE_V1.0","00_交接入口/资料卡/WEB-0466.md","671","2026-08-15T19:41:17.274Z","c5edef8055b3f863b4bdf1f090a9b41b7f639bf02b05e3b81724b775f10e42db"
"ARCHIVE_V1.0","00_交接入口/资料卡/WEB-0467.md","671","2026-08-15T19:41:17.274Z","af2e2d7f649a9dcc88635a365c25fb7ef8d1cdb77aa2acd45bdaf98c68733ea9"
"ARCHIVE_V1.0","00_交接入口/资料卡/WEB-0468.md","764","2026-08-15T19:41:17.275Z","6cdf5984ec6216d41994b2e1b7715fc1bc9908b4b016adfafd1228a049caafaf"
"ARCHIVE_V1.0","00_交接入口/资料卡/WEB-0469.md","993","2026-08-15T19:41:17.276Z","de5aee802c48528133d6246e948f3a871ee497d5b40f1c481bb67ac28a4aef66"
"ARCHIVE_V1.0","00_交接入口/资料卡/WEB-0470.md","738","2026-08-15T19:41:17.277Z","89c64de57d81a3b9d1a52b82d5392b0f71218f7d03037a694e56cc83e07b740b"
"ARCHIVE_V1.0","00_交接入口/资料卡/WEB-0471.md","889","2026-08-15T19:41:17.277Z","8970e307f53cdebf0dbad9c10019c5e93c8652b60c47a8c6bba8648b40b682af"
"ARCHIVE_V1.0","00_交接入口/资料卡/WEB-0472.md","838","2026-08-15T19:41:17.279Z","fe7225827cc51b2c23d3da76688c71166752e7f3474cbe96455253dd12355452"
"ARCHIVE_V1.0","00_交接入口/资料卡/WEB-0473.md","840","2026-08-15T19:41:17.280Z","17fb99742ff2268909a66bba9f1f73f4e009e99a4ecd0c8f9bed3004cd1296f7"
"ARCHIVE_V1.0","00_交接入口/资料卡/WEB-0474.md","777","2026-08-15T19:41:17.281Z","21d1b3ab2fafbd82cd0127359ed406b9758a3d8dfcfa14d62f7a39965a9d9c05"
"ARCHIVE_V1.0","00_交接入口/资料卡/WEB-0475.md","865","2026-08-15T19:41:17.282Z","e33d38a6d3a721b4ce18f62190c4e64abafd8846d8b5645043197ea22aa77f08"
"ARCHIVE_V1.0","00_交接入口/资料卡/WEB-0476.md","809","2026-08-15T19:41:17.283Z","b1c8ce69aada31e72b0dc376ef6011b4ff8d74411582df957596c7c5f7049d7d"
"ARCHIVE_V1.0","00_交接入口/资料卡/WEB-0477.md","701","2026-08-15T19:41:17.284Z","392042afef865680e3882e79e9ba9a03d20105abd02ac5881f3dfd6a87d131a3"
"ARCHIVE_V1.0","00_交接入口/资料卡/WEB-0478.md","765","2026-08-15T19:41:17.285Z","232b676c841af001ffd959103881469f1e8f5b615e58426e3bf6bcd48c7547a7"
"ARCHIVE_V1.0","00_交接入口/资料卡/WEB-0479.md","891","2026-08-15T19:41:17.286Z","f11cd56bc2322dc18b9c744c42b6bf5ef2ba22e3204f3c14800ea774c73ccb33"
"ARCHIVE_V1.0","00_交接入口/资料卡/WEB-0480.md","750","2026-08-15T19:41:17.287Z","c899b69f11702f4efe390d743b7cea0b2675d12e575145f3e08e45e9c7f891d4"
"ARCHIVE_V1.0","00_交接入口/资料卡/WEB-0481.md","772","2026-08-15T19:41:17.287Z","03db803b4c33a7ab029c62a60c2ac24e84c22ae976e4173b693c9ea9f3d2d463"
"ARCHIVE_V1.0","00_交接入口/资料卡/WEB-0482.md","811","2026-08-15T19:41:17.289Z","57f951c6d6206dfb44517ed396754b295a92f738b08eb806695350e6fdac5442"
"ARCHIVE_V1.0","00_交接入口/资料卡/WEB-0483.md","873","2026-08-15T19:41:17.289Z","7b951f8ade907a66778c3ff323584deb45754bb76963f7dbf075f4ff01002bb4"
"ARCHIVE_V1.0","00_交接入口/资料卡/WEB-0484.md","762","2026-08-15T19:41:17.290Z","2861d542de7857cb9313269ce75d48b1694fe5ec04d0f247876d576756375e02"
"ARCHIVE_V1.0","00_交接入口/资料卡/WEB-0485.md","1108","2026-08-15T19:41:17.291Z","26f0ba5764fac3cb16fe261e87bf4a8ee5f6fa79ee74b77d765d8ce4c697e42b"
"ARCHIVE_V1.0","00_交接入口/资料卡/WEB-0486.md","1016","2026-08-15T19:41:17.292Z","1bf43760a0bf03a2c3196320beb59c0c04ab333cb5653f2e2f2c3fb550b0d34f"
"ARCHIVE_V1.0","00_交接入口/资料卡/WEB-0487.md","1033","2026-08-15T19:41:17.293Z","d3ce635eb8221c2069e64b162d2aa1268860f089eb4bc212f55bea5eb8a38864"
"ARCHIVE_V1.0","00_交接入口/资料卡/WEB-0488.md","1137","2026-08-15T19:41:17.293Z","b797712131a7664b6661d31f0a621b84fd8bb78de691e52feca3dee41c921ac0"
"ARCHIVE_V1.0","00_交接入口/资料卡/WEB-0489.md","1613","2026-08-15T19:41:17.294Z","108f78b20a5e02634a40ff8a242b67116e0411178b1584cc7502583a7155574b"
"ARCHIVE_V1.0","00_交接入口/资料卡/WEB-0490.md","1018","2026-08-15T19:41:17.295Z","460ec9b928b514491f131cf7a403aaff60cdbb263c105724f26f252e66de2c2c"
"ARCHIVE_V1.0","00_交接入口/资料卡/WEB-0491.md","920","2026-08-15T19:41:17.295Z","76e74eb0f2c048881cfb4170cdb65c792e1268b8ed4c8e2119b0fdf775e118de"
"ARCHIVE_V1.0","00_交接入口/资料卡/WEB-0492.md","916","2026-08-15T19:41:17.297Z","3e10ba5f090193928499a33108c6d3f4a9eb3f61b093512ee0f86ba621b92482"
"ARCHIVE_V1.0","00_交接入口/资料卡/WEB-0493.md","910","2026-08-15T19:41:17.299Z","cac5c12f2f4677db93d830bb145f3cc56b0ba4125c07f2982364b83b17bde67e"
"ARCHIVE_V1.0","00_交接入口/资料卡/WEB-0494.md","1035","2026-08-15T19:41:17.299Z","546c3571c2677e59751b9ff682051615c74bdbc3c059d6f3fa41b5e971dd0f8c"
"ARCHIVE_V1.0","00_交接入口/资料卡/WEB-0495.md","1041","2026-08-15T19:41:17.300Z","38b234b7ce74adbb756da18a204885e255e5dea9a53ce92e2f9622333943b6a6"
"ARCHIVE_V1.0","00_交接入口/资料卡/WEB-0496.md","2070","2026-08-15T19:41:17.301Z","6ccd6169225bc186e9ccc8312fd94228377bf17b9e450a45a82272b6ee3ced07"
"ARCHIVE_V1.0","00_交接入口/资料卡/WEB-0497.md","951","2026-08-15T19:41:17.301Z","8dd919291830166c4ce08c0fba784ba07604c6accb3fc0ce9464ed0e7108d9fc"
"ARCHIVE_V1.0","00_交接入口/资料卡/WEB-0498.md","1619","2026-08-15T19:41:17.302Z","21d886dadac7ca810b60a6442d79959779b2dda8b038b0e9f252c8a378855871"
"ARCHIVE_V1.0","00_交接入口/资料卡/WEB-0499.md","682","2026-08-15T19:41:17.304Z","5e30b1d59883fa9b72f94796c8a10c5c2531177a047d54c4cf9f000dcee45ceb"
"ARCHIVE_V1.0","00_交接入口/资料卡/WEB-0500.md","695","2026-08-15T19:41:17.305Z","f0ab52add8b37bbcc221d4c56b1cb0539c9a09cb490239180c01c330de7b5ce9"
"ARCHIVE_V1.0","00_交接入口/资料卡/WEB-0501.md","692","2026-08-15T19:41:17.306Z","794f8a667d4b786e08c670a2de9639f014037dd98efe9d0e76946ec7cff6a47f"
"ARCHIVE_V1.0","00_交接入口/资料卡/WEB-0502.md","690","2026-08-15T19:41:17.307Z","7e30fcd2149c1544756b6e7a5111fdb86b3a7c396a474f4d8b935b4521674f64"
"ARCHIVE_V1.0","00_交接入口/资料卡/WEB-0503.md","655","2026-08-15T19:41:17.307Z","9f2d3806c6bdca9c06aa8b3f2b863e064d20b5f4db1ccc23a8d8d54fd0242750"
"ARCHIVE_V1.0","00_交接入口/资料卡/WEB-0504.md","667","2026-08-15T19:41:17.308Z","f5f7d133865a1bd78f34cfe9b6716ab4a6e532aa46dad65265393328f833c308"
"ARCHIVE_V1.0","00_交接入口/资料卡/WEB-0505.md","654","2026-08-15T19:41:17.309Z","ed638312fbc4504336cf1a43f7980ffe3377141eaef020e0b116c26267795c57"
"ARCHIVE_V1.0","00_交接入口/资料卡/WEB-0506.md","666","2026-08-15T19:41:17.310Z","e0a2853e63d9b02a2599e7e022fd5eaf649d543cc47a1628a6581cc96670a65f"
"ARCHIVE_V1.0","00_交接入口/资料卡/WEB-0507.md","813","2026-08-15T19:41:17.311Z","676363e5264a16c284f4f8adbbce2632af2d9303506a162518441ec989467ce4"
"ARCHIVE_V1.0","00_交接入口/AI_CONTEXT.json","2078","2026-08-15T19:41:17.326Z","f79b25c9a0cd3eac60f4105a62dd4940b2367c1e18ef6996b19b4a948f8d7e42"
"ARCHIVE_V1.0","00_交接入口/AI_HANDOFF_TEST_RESULTS.md","2500","2026-08-15T19:41:17.325Z","d0c61324b13823a1f5e830f15a21befaec462df7817f7632919e8b1f41a11024"
"ARCHIVE_V1.0","00_交接入口/AI_HANDOFF_TESTS.json","4206","2026-08-15T19:41:17.324Z","94dd672432b396abd5697075669c93d879cb8294fe6f6fddb2d642e4dd5e42b3"
"ARCHIVE_V1.0","00_交接入口/AI_HANDOFF.md","819","2026-08-15T19:41:17.328Z","0562a8ce368f6e8f5922f64938a2b5993c9902c39cdf4c0670bc771dc025a6ad"
"ARCHIVE_V1.0","00_交接入口/checksums_sha256.txt","140919","2026-08-15T19:44:59.211Z","01cdf37a25158e676c32518134d7d9f0b0f7ebbbfb25863a10e5f1bffe2466d3"
"ARCHIVE_V1.0","00_交接入口/legacy_inconsistencies.csv","563","2026-08-15T19:41:16.471Z","d00c73793d3f2d5406f2aa1167d249fae85030291fe31bffeab8d46a0efb0d1e"
"ARCHIVE_V1.0","00_交接入口/license_matrix.csv","1043","2026-08-15T19:41:15.137Z","4ff5492861a8dea60245bb7727ce127b3f5507325441d86a8533cea754411f14"
"ARCHIVE_V1.0","00_交接入口/README_研究资料包.md","1123","2026-08-15T19:41:17.326Z","c30ce36c08e6e84c1877e6a33616ac4729752ae281f1607b11c66cfda8f4d346"
"ARCHIVE_V1.0","01_比赛与项目基线/本地原件/02数据创新平台.pdf","170561","2026-05-31T13:34:45.000Z","633a1bad02eb6bbc88b06960a6409f6eea6b2f3f9b24a645d653f55aa33e8e00"
"ARCHIVE_V1.0","01_比赛与项目基线/本地原件/生成评分标准表.mjs","12224","2026-08-13T06:41:43.057Z","e8d5e0d960916c03fee75e9a280892b0394e141f6e225c379249fd09cf0a7b1e"
"ARCHIVE_V1.0","01_比赛与项目基线/本地原件/预览_硬性要求与评分标准.png","445139","2026-08-13T06:41:55.285Z","09a7f53344f9eb2b7fc114a8b7d80c998169a295f4c258e5869388033021263a"
"ARCHIVE_V1.0","01_比赛与项目基线/本地原件/预览_整体流程.png","174557","2026-08-13T06:41:55.457Z","5d383508c56d3ab9e811c6bf5faf8b29ebe6c01c6a44cf66ccac474cac83e13e"
"ARCHIVE_V1.0","01_比赛与项目基线/本地原件/XH-202612_Smartbi AI驱动的数据创新平台研究.pdf","371900","2026-04-25T05:16:20.000Z","f340b535e9a64e681030a6e45be673a9704163b77c29b49575aaae6d0475b242"
"ARCHIVE_V1.0","01_比赛与项目基线/本地原件/XH-202612比赛硬性要求与评分标准_含技术方案.xlsx","11694","2026-08-13T06:41:56.168Z","29f5360c483e95434bd813060528e7fcd566a02fdfa0057cabaf06c8ed3b5867"
"ARCHIVE_V1.0","02_方案演进与调研报告/本地原件/方案整合与实施路径/方案整合与实施路径.pdf","257271","2026-08-14T14:10:07.777Z","88a7b97b7afd4bcda622d0cf510c7d772a2e1a8891fc3273d48965e036051ff8"
"ARCHIVE_V1.0","02_方案演进与调研报告/本地原件/方案整合与实施路径/方案整合与实施路径.tex","23584","2026-08-14T11:42:17.722Z","43c046224dbfe9a6fba1b674f16937469f6f5313587b491864aa8ea80a7ef740"
"ARCHIVE_V1.0","02_方案演进与调研报告/本地原件/方案整合与实施路径/build/方案整合与实施路径.pdf","250703","2026-08-14T11:55:12.432Z","038613ed2177f92bf58b02c872c3ccefe3671eefbbf4ae6e36551fd0af86ffbf"
"ARCHIVE_V1.0","02_方案演进与调研报告/本地原件/计划书/01_项目可行性研究与参赛方案书.pdf","390382","2026-08-15T10:14:02.809Z","42f7992ea729ec4589013232c9d1d1b782f3aa70b8d3f44df6f180a86b5e3815"
"ARCHIVE_V1.0","02_方案演进与调研报告/本地原件/计划书/01_项目可行性研究与参赛方案书.tex","67331","2026-08-15T12:20:15.724Z","6c7d13e45b64e9db6e6fb712ad610ae9931e13f59ea645d61b667ba577375a91"
"ARCHIVE_V1.0","02_方案演进与调研报告/本地原件/计划书/02_项目执行与协作手册.pdf","346259","2026-08-15T12:24:51.844Z","540d8960b43c2b101c231dc96dc44c82bb0ac4be57990983e9ee037f3ca51807"
"ARCHIVE_V1.0","02_方案演进与调研报告/本地原件/计划书/02_项目执行与协作手册.tex","44193","2026-08-15T12:23:12.914Z","8eef1e280ff443b2da39cf68de499d64b417fb5a960bcc1d2fd279d2311276bd"
"ARCHIVE_V1.0","02_方案演进与调研报告/本地原件/计划书/03_多币种流动性与黄金战略储备周期配置计划书.pdf","345721","2026-08-15T13:57:37.780Z","b79b704b604e4c325b87ec06b8648655b112f6d13db8131e10072836b90de63f"
"ARCHIVE_V1.0","02_方案演进与调研报告/本地原件/计划书/03_多币种流动性与黄金战略储备周期配置计划书.tex","55815","2026-08-15T13:57:17.390Z","797bbb635ba521647a7e0f693072c51876b1dca2d444cbb783812bccadd86587"
"ARCHIVE_V1.0","02_方案演进与调研报告/本地原件/计划书/04_亚非拉国别风险与多币种储备智能决策平台总计划书.pdf","558120","2026-08-15T16:22:33.398Z","b7de5841fb32949c2d732ffaf9c1488129bdf67262c5f1582cf8e7e5c7808e07"
"ARCHIVE_V1.0","02_方案演进与调研报告/本地原件/计划书/04_亚非拉国别风险与多币种储备智能决策平台总计划书.tex","159422","2026-08-15T16:22:13.697Z","b995764d6208f736317ad9a8fa72c56a105fb79ed54f9a04c9ae5e8b026fd56a"
"ARCHIVE_V1.0","02_方案演进与调研报告/本地原件/计划书/05_全球经济周期与亚非拉国别风险多币种储备智能决策平台总计划书.pdf","632876","2026-08-15T17:52:56.794Z","1e8cb0972e07006264dfbc577f2be7b8749e8bc37a2c2cd40c4a47bdef855b0a"
"ARCHIVE_V1.0","02_方案演进与调研报告/本地原件/计划书/05_全球经济周期与亚非拉国别风险多币种储备智能决策平台总计划书.tex","203441","2026-08-15T17:52:23.277Z","17b6c8dce3637ba949c1583ff2d7f788053b3591ca3b1987f49956b99d79c293"
"ARCHIVE_V1.0","02_方案演进与调研报告/本地原件/计划书/飞书兼容_Mermaid_项目实施与数据采集全景图_预览.png","225947","2026-08-15T13:08:23.937Z","77d10ec3570889fe99489585404284555d7a7ba0058c848952edb49657493c72"
"ARCHIVE_V1.0","02_方案演进与调研报告/本地原件/计划书/飞书兼容_Mermaid_项目实施与数据采集全景图.mmd","17292","2026-08-15T13:06:21.885Z","29f1d9c703e077fec2db8f332c5ebb112daa90ba8ddd4cdb73bc88f23366bcab"
"ARCHIVE_V1.0","02_方案演进与调研报告/本地原件/计划书/飞书兼容_Mermaid_项目实施与数据采集全景图.svg","368327","2026-08-15T13:07:08.506Z","66f1c1a910bdbb50d2649ec78bdecb1eed1f22361ff8f72b92a8f7d7e16cd83b"
"ARCHIVE_V1.0","02_方案演进与调研报告/本地原件/计划书/飞书兼容_Mermaid_V3.0_数据采集处理与Smartbi落地全流程_预览.png","334810","2026-08-15T15:22:44.520Z","c7319fa95831f06e5a54c447125201296112e42c580ac16db6cc05aa40d3b95a"
"ARCHIVE_V1.0","02_方案演进与调研报告/本地原件/计划书/飞书兼容_Mermaid_V3.0_数据采集处理与Smartbi落地全流程.mmd","7025","2026-08-15T15:18:42.290Z","711cc530a4726cebdb0db425f2ea961deae6b8e4b44dfb0e127bf0859aa04192"
"ARCHIVE_V1.0","02_方案演进与调研报告/本地原件/计划书/飞书兼容_Mermaid_V3.0_数据采集处理与Smartbi落地全流程.svg","251245","2026-08-15T15:22:41.207Z","85b22d183d1e48bcc5362f0c6f803bdea1f2d776ceeb31230e332ca8aba1f5c1"
"ARCHIVE_V1.0","02_方案演进与调研报告/本地原件/计划书/飞书兼容_Mermaid_V4.0_全球经济周期与系统性危机全流程_预览.png","279435","2026-08-15T17:46:03.408Z","7b38aba0e33678157c6eb49a3a350d3013af4c2f4abd5a522ca30fe8018da762"
"ARCHIVE_V1.0","02_方案演进与调研报告/本地原件/计划书/飞书兼容_Mermaid_V4.0_全球经济周期与系统性危机全流程.mmd","3982","2026-08-15T17:45:34.096Z","c89d3beea7406f701a5684d2fece05bb2a26b4afe312b1e09c28d15e7a4a72f1"
"ARCHIVE_V1.0","02_方案演进与调研报告/本地原件/计划书/飞书兼容_Mermaid_V4.0_全球经济周期与系统性危机全流程.svg","158694","2026-08-15T17:46:00.409Z","bf2c79bf71a4a369a91734d3a3317fe6ec1a3e86c2e10687cb1e646af5ca2d6c"
"ARCHIVE_V1.0","02_方案演进与调研报告/本地原件/计划书/planbook-style.tex","4983","2026-08-15T12:07:02.117Z","4465cd19bbae7f0f6c33c3fe6cdb1bbaa53fe04e34cf1efec3eb342bbad80b8c"
"ARCHIVE_V1.0","02_方案演进与调研报告/本地原件/计划书/references.bib","7228","2026-08-15T12:05:17.536Z","325b8b87a60a4ff17ed3c01c3292399a7a9422c06aca871cf9afdb0813289991"
"ARCHIVE_V1.0","02_方案演进与调研报告/本地原件/跨国公司黄金硬通货需求调研报告.md","21783","2026-08-14T09:53:40.254Z","bcb10c72d994d999b3aaa6dc1d3197fa6f0d5ecabf9b4a2da6e21fde25037491"
"ARCHIVE_V1.0","02_方案演进与调研报告/本地原件/命题可行性验证报告.md","8429","2026-08-14T15:23:07.639Z","0a8d768ea14dd9944e1b993c24d5485c9ae737fc0e80a6b49186efe45244f27d"
"ARCHIVE_V1.0","02_方案演进与调研报告/本地原件/企业资产配置调研报告.md","24416","2026-08-14T09:28:31.874Z","9ca9ea8832c040e297e965bc2e240a223feee726c68b6014f1ec132dda1973a1"
"ARCHIVE_V1.0","02_方案演进与调研报告/本地原件/题意符合性评估报告.md","9365","2026-08-14T11:37:19.456Z","40274261ec4d1021388476b44058f22d4f3d0b6f505d14efc1fe52b9ac6a173b"
"ARCHIVE_V1.0","03_案例库与证据/本地原件/案例库/地缘冲突与制裁篇/01_2022俄乌冲突-外储冻结/案例档案.md","10795","2026-08-14T15:39:20.571Z","38ca61de31aa3259853a3a9ddf8f731ff127fa831e7b9996a9cdb3224bdb7357"
"ARCHIVE_V1.0","03_案例库与证据/本地原件/案例库/地缘冲突与制裁篇/02_2022俄罗斯黄金制裁免疫/案例档案.md","9299","2026-08-14T15:39:56.819Z","e2444232ad868b3695fc26bece3b20e0bbf3b775a4e008b7b6423387bc7d6c58"
"ARCHIVE_V1.0","03_案例库与证据/本地原件/案例库/地缘冲突与制裁篇/03_2024以色列-伊朗冲突/案例档案.md","8594","2026-08-14T16:39:20.753Z","8ecdfc4fa6a231bd29f6910da7493d973cae89f7f71d11864522218f0cfc696e"
"ARCHIVE_V1.0","03_案例库与证据/本地原件/案例库/地缘冲突与制裁篇/04_2012-2013土耳其-伊朗黄金换天然气/案例档案.md","10060","2026-08-14T15:41:12.997Z","d057d8669e89b23b30914046bc2456f01b961cc5309c340c232658e8ac3ba693"
"ARCHIVE_V1.0","03_案例库与证据/本地原件/案例库/地缘冲突与制裁篇/05_2019委内瑞拉伦敦黄金冻结/案例档案.md","10256","2026-08-14T15:42:28.831Z","1f80da0956f174443d8424d31f058e18b6992a37d3530362b29bcff965028a22"
"ARCHIVE_V1.0","03_案例库与证据/本地原件/案例库/地缘冲突与制裁篇/06_2014克里米亚危机-卢布暴跌/案例档案.md","9137","2026-08-14T15:43:03.481Z","2abedfa0bc2bb4b73717366ac63a19e217295a93ac323fcd98f58a96625840ef"
"ARCHIVE_V1.0","03_案例库与证据/本地原件/案例库/地缘冲突与制裁篇/07_2018特朗普对伊制裁/案例档案.md","8991","2026-08-14T15:43:39.369Z","b13566a822205feaa32841ca66c1fd957f1fe190bf5cfe86fcec538e2d49548c"
"ARCHIVE_V1.0","03_案例库与证据/本地原件/案例库/地缘冲突与制裁篇/08_2023苏丹内战黄金经济/案例档案.md","9849","2026-08-14T15:44:38.138Z","9534ba2c0b824032ed9abfcea5c0fd3db8262d05c14348fc91563d5c0aa27c10"
"ARCHIVE_V1.0","03_案例库与证据/本地原件/案例库/调研方向与跨国企业筛选报告.md","10585","2026-08-14T15:52:00.725Z","be0edfc04bfff8569793ca7f38258694192c192ca55accffb6dd3b253f9138ad"
"ARCHIVE_V1.0","03_案例库与证据/本地原件/案例库/宏观危机篇/01_1929大萧条/案例档案.md","7428","2026-08-14T14:07:26.720Z","957431b19084505f08005bbeee7927dfd21d0a0c473409b517142ea82e00cf92"
"ARCHIVE_V1.0","03_案例库与证据/本地原件/案例库/宏观危机篇/02_1933罗斯福黄金新政/案例档案.md","7952","2026-08-14T14:07:05.503Z","41c175c310fa25d47387304827f48cfaa455bf36835c16ae315400ca68587274"
"ARCHIVE_V1.0","03_案例库与证据/本地原件/案例库/宏观危机篇/03_1971布雷顿森林解体/案例档案.md","7637","2026-08-14T14:07:09.217Z","60cf5753a3aea3ea5f4ef82eb3031587a39509722f38a9b86a451d2685d40f10"
"ARCHIVE_V1.0","03_案例库与证据/本地原件/案例库/宏观危机篇/04_1973-1980滞胀大牛市/案例档案.md","7896","2026-08-14T14:07:18.330Z","0c1aaedf791fe58dead1c9f122b52f95a682fdba0d2b63e9f71c48f169e7d087"
"ARCHIVE_V1.0","03_案例库与证据/本地原件/案例库/宏观危机篇/06_1987黑色星期一/案例档案.md","8557","2026-08-14T14:07:36.292Z","636509e5f9c15a3b4e02ecbf00ba93ebb5e62d6811f2ddd2838c1eeca200b113"
"ARCHIVE_V1.0","03_案例库与证据/本地原件/案例库/宏观危机篇/07_1997亚洲金融危机/案例档案.md","8544","2026-08-14T14:07:50.521Z","46a87119a61e3db5bbaeb6d675567fab247db48663ced81ded9031084d3ca78d"
"ARCHIVE_V1.0","03_案例库与证据/本地原件/案例库/宏观危机篇/08_2000互联网泡沫/案例档案.md","7902","2026-08-14T14:07:09.749Z","4bdebdb6a3168476ab6369fe8d86331bae90e2c7108bba85ee17410c3fc3c7f8"
"ARCHIVE_V1.0","03_案例库与证据/本地原件/案例库/宏观危机篇/09_2008全球金融危机/案例档案.md","7301","2026-08-14T14:07:25.759Z","22426a399cbebdf82f29c0e1eaf6e68ca064377bc61652494d8476e0877ab9b9"
"ARCHIVE_V1.0","03_案例库与证据/本地原件/案例库/宏观危机篇/10_1990日本资产泡沫破裂/案例档案.md","10433","2026-08-14T15:26:00.108Z","e98534562a7563247fcaae993ad008ac6fc44de3e7fa9a70a551ac739e1c378e"
"ARCHIVE_V1.0","03_案例库与证据/本地原件/案例库/宏观危机篇/11_1994墨西哥龙舌兰危机/案例档案.md","10734","2026-08-14T15:27:01.079Z","e4eb351fdcd1418ec31d724c1a48ab4db0b3ae2822b2183353cdc682f081182c"
"ARCHIVE_V1.0","03_案例库与证据/本地原件/案例库/宏观危机篇/11_2013黄金暴跌（反面案例）/案例档案.md","8478","2026-08-14T14:07:34.380Z","38d5d21f2096ca496954e7dcf5b8d45785d8b61b249149cc877622bc40c31aa5"
"ARCHIVE_V1.0","03_案例库与证据/本地原件/案例库/宏观危机篇/12_1998俄罗斯金融危机/案例档案.md","11093","2026-08-14T16:35:30.306Z","57c13ca0555fb0fc44e43e8c083d6dcc0b9ee065b5a243615f2bf02d1debf67b"
"ARCHIVE_V1.0","03_案例库与证据/本地原件/案例库/宏观危机篇/13_2001阿根廷债务危机/案例档案.md","9797","2026-08-14T16:35:53.695Z","8267298becbfdecdfa572bc34c8f7015eff68d87b37331d58ac9255aa1d6037f"
"ARCHIVE_V1.0","03_案例库与证据/本地原件/案例库/宏观危机篇/14_2010欧洲主权债务危机/案例档案.md","9379","2026-08-14T16:37:19.609Z","b27e887e2ffb6fbc007314dbc8c6bf4a2cbea98cb76de09739dd7d97c2bfcf45"
"ARCHIVE_V1.0","03_案例库与证据/本地原件/案例库/宏观危机篇/15_2020疫情全球市场崩盘/案例档案.md","11285","2026-08-14T15:30:14.744Z","d21febed31c850aab61f9e2cf48107dcdad9e7e07277c17addb5e47be22721ff"
"ARCHIVE_V1.0","03_案例库与证据/本地原件/案例库/宏观危机篇/16_2022美联储激进加息周期/案例档案.md","11786","2026-08-14T15:30:56.753Z","77f24ccb455a254f69286b92f59dfb957c8cb2ad7ad8488207a40cf80e613b11"
"ARCHIVE_V1.0","03_案例库与证据/本地原件/案例库/宏观危机篇/17_1980-2000黄金熊市_反面案例/案例档案.md","9003","2026-08-14T16:39:14.706Z","d92d60172efe85bada598866efa8fc42c7c64ad23880c5dc5424d531d569f207"
"ARCHIVE_V1.0","03_案例库与证据/本地原件/案例库/货币崩溃篇/01_1923魏玛德国恶性通胀/案例档案.md","7006","2026-08-14T14:07:20.412Z","f34a4641742966560eac4994f896f32377e74cf851530e2e51ad0ea244d8a6f6"
"ARCHIVE_V1.0","03_案例库与证据/本地原件/案例库/货币崩溃篇/02_2008津巴布韦恶性通胀/案例档案.md","8972","2026-08-14T16:37:19.615Z","ff098f04bd6fbf7a37b53188a75cffc3e3a87bc9d513a5cb6e51762df9b3d6c3"
"ARCHIVE_V1.0","03_案例库与证据/本地原件/案例库/货币崩溃篇/03_2015-2021委内瑞拉玻利瓦尔/案例档案.md","9136","2026-08-14T16:39:20.747Z","72556782a7a38430e3e41d195b2a1d078a91505d1e5627deee3adab87c7c747a"
"ARCHIVE_V1.0","03_案例库与证据/本地原件/案例库/货币崩溃篇/04_2018土耳其里拉危机/案例档案.md","11871","2026-08-14T15:34:12.329Z","547c9d7278800bda1e49ebcd5c413fb44a490199a5ef18153090919efdb52212"
"ARCHIVE_V1.0","03_案例库与证据/本地原件/案例库/货币崩溃篇/05_2019-2023黎巴嫩镑崩溃/案例档案.md","8116","2026-08-14T14:07:35.528Z","dea2e3120bf55e879cc9c7243d2ca2c8040b97d1d19eecaaa6040752c8dce8c1"
"ARCHIVE_V1.0","03_案例库与证据/本地原件/案例库/货币崩溃篇/06_2022-2024尼日利亚奈拉崩溃/案例档案.md","11287","2026-08-14T15:34:54.772Z","c676fc774e9f49c55769451058253fb211303c5bd26dea5d3617dadcd884121a"
"ARCHIVE_V1.0","03_案例库与证据/本地原件/案例库/货币崩溃篇/07_2022-2024埃及镑贬值/案例档案.md","10894","2026-08-14T15:35:35.999Z","25abdbce17628fda39125f440080675ea49ef5d80ccb47136cc6b4cd99ecc456"
"ARCHIVE_V1.0","03_案例库与证据/本地原件/案例库/货币崩溃篇/08_2010-2025伊朗里亚尔/案例档案.md","11949","2026-08-14T15:36:42.619Z","5b0b15bba05447c6260579521e3b79e694378bbd1d4fb917002aec93447e4525"
"ARCHIVE_V1.0","03_案例库与证据/本地原件/案例库/货币崩溃篇/09_2023-2024阿根廷比索危机/案例档案.md","11977","2026-08-14T15:37:49.864Z","af8a8be173e55c69a061d17635cb8f9d29360174ffc019ca1a02c2a034ce017b"
"ARCHIVE_V1.0","03_案例库与证据/本地原件/案例库/货币崩溃篇/10_1998俄罗斯卢布危机/案例档案.md","8688","2026-08-14T15:38:42.760Z","95092cf2c9a439299add44aa7397c2ab17320549fd544996691483f5850b31d5"
"ARCHIVE_V1.0","03_案例库与证据/本地原件/案例库/微观企业篇/01_MTN尼日利亚/案例档案.md","8063","2026-08-14T15:45:11.596Z","3e8562d7f2430a9784c9e38eedd4541a278849bf66907e4c2984cd00394363d3"
"ARCHIVE_V1.0","03_案例库与证据/本地原件/案例库/微观企业篇/02_雀巢尼日利亚/案例档案.md","7632","2026-08-14T15:45:41.052Z","df56673629223d3ed6ff685757ab7582ba2f3f414e68673dd851b481f0c51fe4"
"ARCHIVE_V1.0","03_案例库与证据/本地原件/案例库/微观企业篇/03_ABInBev阿根廷/案例档案.md","6793","2026-08-14T16:39:20.755Z","bb37d9c9f676f8b9787f7e3879f8eabe247b64f1054713338dd96a5fad6a8db8"
"ARCHIVE_V1.0","03_案例库与证据/本地原件/案例库/微观企业篇/04_传音控股/案例档案.md","8728","2026-08-14T15:46:44.142Z","5e9a59c62da3cb61058c8228f190fe9d6dd25bdb57f5809ff184b2f2c7114acd"
"ARCHIVE_V1.0","03_案例库与证据/本地原件/案例库/微观企业篇/05_华为/案例档案.md","8194","2026-08-14T15:47:13.054Z","4179be7f02249498fa10ff8d5f4d764aea2516a44b886ecfb1a167b94207e21f"
"ARCHIVE_V1.0","03_案例库与证据/本地原件/案例库/微观企业篇/06_雷诺法兴俄罗斯退出/案例档案.md","8769","2026-08-14T15:47:46.079Z","ec8c0df254eccec274ca653b9262554bd98dec52d68d0e56a284932782b7e47d"
"ARCHIVE_V1.0","03_案例库与证据/本地原件/案例库/微观企业篇/07_IATA航司被困资金/案例档案.md","8428","2026-08-14T15:48:19.486Z","4d7670c31db201f252d1019b39e5704ab0489e1dd609f99a05bfb6ca90460204"
"ARCHIVE_V1.0","03_案例库与证据/本地原件/案例库/微观企业篇/08_Palantir黑天鹅黄金/案例档案.md","8027","2026-08-14T15:48:51.070Z","5ffebe5c13edc33cf009e1cb653c8a42a438b99ba5e7b4defaea0c839f1a22ba"
"ARCHIVE_V1.0","03_案例库与证据/本地原件/案例库/微观企业篇/09_Tether黄金储备/案例档案.md","8207","2026-08-14T15:50:26.564Z","bd6ff04a06f0ba260392c74350a38ca8a9ce9e34a11c5c3da42fa68bd39c7230"
"ARCHIVE_V1.0","03_案例库与证据/本地原件/案例库/微观企业篇/10_中国黄金会计错配_反面/案例档案.md","8451","2026-08-14T15:50:59.232Z","d83dfd7c8f2fa7efe070a80465d5813824a087e7f4baf7ec1969b67e90b4ee57"
"ARCHIVE_V1.0","03_案例库与证据/本地原件/案例库/README_案例库总览.md","11555","2026-08-14T15:25:16.374Z","f1e4bf31de5a03501bf477c95f8be48bb860115589ab8c464abbf21cd89379cc"
"ARCHIVE_V1.0","03_案例库与证据/case_index.csv","6588","2026-08-15T19:41:16.478Z","70f8984bc9050d9ab51fca5a1ac0c8c5ba464455c4b428b838569febe8f7a1e9"
"ARCHIVE_V1.0","04_国别货币与中国出海/外部原件/WEB-0039_boards,/original.html","40595","2026-08-15T19:30:29.095Z","c0a10f2418a28068c049160137cb845ae4352b1d2122b1b144c0a82eede9414c"
"ARCHIVE_V1.0","04_国别货币与中国出海/外部原件/WEB-0042_PDF_link_annotation_/original.html","1129485","2026-08-15T19:30:28.871Z","e4a758fb95d8a31735250e7cbd98db3d3f00a6564d9912c93c7243e5f7a2fbce"
"ARCHIVE_V1.0","04_国别货币与中国出海/外部原件/WEB-0043_PDF_link_annotation_/original.html","1128846","2026-08-15T19:30:29.129Z","4f08e99a0bec4fb17e9e482776cf8d6674f266a3059deb3f81cb352ee2fd7dae"
"ARCHIVE_V1.0","04_国别货币与中国出海/外部原件/WEB-0044_World_Bank数据许可/original.html","207425","2026-08-15T19:30:29.476Z","cd24ee59ee1a06d4a0e85e1ee7ce5bb739c5aaf22faf21ae678ece18e173a6f2"
"ARCHIVE_V1.0","04_国别货币与中国出海/外部原件/WEB-0049_8_World_Bank,_Indicator_API_Queries,/original.html","270319","2026-08-15T19:30:32.008Z","5ad17ddf525068fa4f9e8a649a4907ef16037345d9f5ec96223edcaa258134cd"
"ARCHIVE_V1.0","04_国别货币与中国出海/外部原件/WEB-0189_PDF_link_annotation_/original.pdf","441806","2026-08-15T19:30:56.642Z","cb2d45abd8a04243c750d6eea841129897ad1a2f72296574ea18a394719f9c33"
"ARCHIVE_V1.0","04_国别货币与中国出海/外部原件/WEB-0192_umentation,/original.pdf","339102","2026-08-15T19:30:55.939Z","930dee047abf352639b960f057f2b3a5054bf6edad93276b2894925e843f7747"
"ARCHIVE_V1.0","04_国别货币与中国出海/外部原件/WEB-0216_PDF_link_annotation_/original.html","82668","2026-08-15T19:30:57.923Z","49ffc7215a7627f1316bdc27072293d98c944b51cae247a8f80906ded317baaf"
"ARCHIVE_V1.0","04_国别货币与中国出海/外部原件/WEB-0256_2020年FOMC官方新闻稿索引（替代失效汇总链接）/original.html","87431","2026-08-15T19:31:04.195Z","070899943b7f36b3497ee8d50ad1b52b1c12c76979e3d10df80d69fcd9142a5b"
"ARCHIVE_V1.0","04_国别货币与中国出海/外部原件/WEB-0299_url_=/original.html","109350","2026-08-15T19:31:07.453Z","250b4d63170e0ecb41afcb104c2ba2f47106da373faead7730dd6161977b9acb"
"ARCHIVE_V1.0","04_国别货币与中国出海/外部原件/WEB-0301_PDF_link_annotation_/original.html","106599","2026-08-15T19:31:07.681Z","84d04721258d556d8018c54c92bfc7028605569b53001e45f683cfaea9f21811"
"ARCHIVE_V1.0","04_国别货币与中国出海/外部原件/WEB-0336_缺失论文PDF恢复候选/original.html","2220","2026-08-15T19:31:11.994Z","9711c8f2220a9eb0be3400d6db3daad37d873482eb18d6220fa9632ecb46d892"
"ARCHIVE_V1.0","04_国别货币与中国出海/外部原件/WEB-0495_1._世界银行（World_Bank），2023，《Lebanon_Economic_Monitor,_Spring_2023_Normaliz/original.html","28749","2026-08-15T19:31:37.099Z","a5adde4eb82b9472d2529770a5b235bb4778ed2aa4f6e50d0f7b1f4db04cff9d"
"ARCHIVE_V1.0","05_全球周期与历史危机/外部原件/WEB-0020_5._American_Institute_for_Economic_Research（AIER），《The_Federal_Reserve_B/original.pdf","203424","2026-08-15T19:30:27.884Z","b35e0ff1c1df376dba1c2b04704ba79c43ce2bd81470ce2584f053c0744b2397"
"ARCHIVE_V1.0","05_全球周期与历史危机/外部原件/WEB-0099_3._U.S._Department_of_the_Treasury（美国财政部），《Exchange_Stabilization_Fund_–/original.html","112464","2026-08-15T19:30:35.755Z","384f4081f78a6d6c8069d12f369cbf2be84813ea522757b7d2c290769e64209f"
"ARCHIVE_V1.0","05_全球周期与历史危机/外部原件/WEB-0132_1._World_Bank（世界银行），《The_Korean_Financial_Crisis_of_1997_Onset,_Turnarou/original.pdf","3588598","2026-08-15T19:30:41.827Z","37bb349758a9935ed8d20cf7dabe4cecbdd42dd7eaf59b3679b418356baaf301"
"ARCHIVE_V1.0","05_全球周期与历史危机/外部原件/WEB-0149_3._The_Silver_Institute（2026）：《World_Silver_Survey》——白银年度均价（2000：4.95；20/original.pdf","15262541","2026-08-15T19:30:45.394Z","dc7a35277822a20498319fc6737f17b9e8f8fa93e5ce49b6a6565967ae220383"
"ARCHIVE_V1.0","05_全球周期与历史危机/外部原件/WEB-0162_7._美国财政部《1995_年墨西哥金融救援》文件（200_亿美元外汇稳定基金）：_/original.html","181696","2026-08-15T19:30:47.679Z","b3ee0624e6c6b78365bc3b39567ce5da3c59e70b9d647e08401fb3a3e5643b52"
"ARCHIVE_V1.0","05_全球周期与历史危机/外部原件/WEB-0194_1._美国_CPI_数据（2022-06_峰值_9.1%）：美国劳工统计局：_/original.html","100471","2026-08-15T19:30:56.591Z","f85be0158b5c7a950ff34869925f45e0446cbe212aa24c8b354aa36be87d7a7c"
"ARCHIVE_V1.0","05_全球周期与历史危机/外部原件/WEB-0197_Accord,_bubble_formation_and_subsequent_adjustment,/original.html","63804","2026-08-15T19:30:56.905Z","98b838fde242c46644013ba128b2dc638411c00f94766178c660407757704b19"
"ARCHIVE_V1.0","05_全球周期与历史危机/外部原件/WEB-0198_PDF_link_annotation_/original.html","72399","2026-08-15T19:30:57.367Z","6cd7072952339cfab70abd8572101c5400697de5b3dbb03c8f4702a989b0d9d2"
"ARCHIVE_V1.0","05_全球周期与历史危机/外部原件/WEB-0199_PDF_link_annotation_/original.html","68065","2026-08-15T19:30:57.462Z","a86fca936b24ec51f571fce5d2bbb343afd00a7f2252e183a647eed45ca5ad0f"
"ARCHIVE_V1.0","05_全球周期与历史危机/外部原件/WEB-0200_5._日银资金循环统计（家庭金融资产）：日本银行，_/original.html","59428","2026-08-15T19:30:57.517Z","7fb54356d530ac6a3819419e021afbbefed8c6d524a299f30a7e97e4cc495ecf"
"ARCHIVE_V1.0","05_全球周期与历史危机/外部原件/WEB-0235_5._国务院发展研究中心，张瑾《亚洲金融危机回顾与思考》，2022——各国股市跌幅与韩元半年贬值_48%：/original.html","44391","2026-08-15T19:30:59.423Z","0c20a9cc18acee5269db9b0601bf603ab7f69117769ba80d61dc3ebfcda34805"
"ARCHIVE_V1.0","05_全球周期与历史危机/外部原件/WEB-0237_7._《华盛顿协议》（1999-09）：欧洲央行（ECB）声明：_/original.html","208598","2026-08-15T19:31:00.583Z","7b931b488eda4139d49ee3d12499cec2dbc3c70145d9cfccdc54f865f61d9588"
"ARCHIVE_V1.0","05_全球周期与历史危机/外部原件/WEB-0238_1._ECB《The_Financial_Crisis_in_the_Global_Economy》与希腊救助文件：_/original.html","99541","2026-08-15T19:31:01.210Z","59b3037a3a431ff47d47a8b45380fafa46c28b5261ccc47a4fa951f9498667ad"
"ARCHIVE_V1.0","05_全球周期与历史危机/外部原件/WEB-0239_5._Burdekin,_R.C.K.（2005，EconStor_学术档案）：《US_pressure_on_China's_currency/original.pdf","473398","2026-08-15T19:31:03.447Z","7cc53990ea47558ff6fab2afc713e9016476dd9420aaeb59b54c930eb8b0d488"
"ARCHIVE_V1.0","05_全球周期与历史危机/外部原件/WEB-0254_2._美联储加息记录：美联储官网（FOMC_声明与经济预测）：_/original.html","166536","2026-08-15T19:31:03.451Z","9a8e4210b54e07eddbc879859013d6ed4918a79b54e414b721fab663eeeabd05"
"ARCHIVE_V1.0","05_全球周期与历史危机/外部原件/WEB-0318_1._IMF《Mexico_The_Tequila_Crisis》案例研究（比索汇率、外储、救助规模）：_/original.html","14719","2026-08-15T19:31:11.225Z","f4e309c0936f247e787c3245b8264cc34d71419da1d29f0e5bf1f91474772c67"
"ARCHIVE_V1.0","05_全球周期与历史危机/外部原件/WEB-0348_PDF_link_annotation_/original.html","92994","2026-08-15T19:31:13.050Z","801042bc7e8c1269bc91560f5938f22df53d5365a21c3a57715c3491877bd330"
"ARCHIVE_V1.0","05_全球周期与历史危机/外部原件/WEB-0349_PDF_link_annotation_/original.html","80343","2026-08-15T19:31:13.547Z","70ef0bc0f72aea8c3000105cc8e08082c0a674bee4a5f51e6451fcf4a8398af2"
"ARCHIVE_V1.0","05_全球周期与历史危机/外部原件/WEB-0350_sions_and_Contractions,/original.html","72076","2026-08-15T19:31:14.171Z","533a833f40aa26d7a7c81491d10489674dc19d3c37644d1099a59e1dffbe50fd"
"ARCHIVE_V1.0","05_全球周期与历史危机/外部原件/WEB-0351_PDF_link_annotation_/original.html","91464","2026-08-15T19:31:14.430Z","ade985efc926c062fced2a065c915034b8490bdf2ef281cb715e741118570911"
"ARCHIVE_V1.0","05_全球周期与历史危机/外部原件/WEB-0382_7._中国央行_2022_年_11_月重启购金（+32_吨）：国家外汇管理局_2022_年_12_月官方储备数据公报：_/original.html","103172","2026-08-15T19:31:17.251Z","4a5aef0be30586250901fbc607f3b460efc60afad10f855ff6512a8048a9caf8"
"ARCHIVE_V1.0","05_全球周期与历史危机/外部原件/WEB-0458_6._上海期货交易所，2013年12月，《美联储QE决策的时间纵向分析及对金价的影响》——2013年12月18日美联储宣布缩减购债：_/original.pdf","3641317","2026-08-15T19:31:47.585Z","913186f80d341193151f7fce9ec5bcb1cfca7f5d33a8ba2727893c1cdecd46d0"
"ARCHIVE_V1.0","05_全球周期与历史危机/外部原件/WEB-0497_5._世界银行《Global_Economic_Prospects》1995_年墨西哥_GDP_数据（-6.2%）：_/original.html","167419","2026-08-15T19:31:37.778Z","8fb8778bcc71249d0468150580d6b15e49192bc688a7731aaa686e04979eb8fc"
"ARCHIVE_V1.0","06_黄金美元与储备配置/外部原件/WEB-0002__a_href=_/original.html","50382","2026-08-15T19:30:27.395Z","5a19140e05a2c7aa67b27b5af4b0acec69a859ef5dd9ca4feccbd2dff793c452"
"ARCHIVE_V1.0","06_黄金美元与储备配置/外部原件/WEB-0013__a_href=_/original.html","72250","2026-08-15T19:30:27.261Z","14f112f8f20d7815cf5f4fb854a3cb4a7ffe2cbde00504fc7efafafa31ba9d8b"
"ARCHIVE_V1.0","06_黄金美元与储备配置/外部原件/WEB-0026_XLSX_entry_xl_worksheets_sheet4.xml/original.html","70471","2026-08-15T19:30:27.826Z","ae686d1ba00f29ac75ac495fc6dabc3909a0e3893063976f37d3705567d6dd9f"
"ARCHIVE_V1.0","06_黄金美元与储备配置/外部原件/WEB-0040_PDF_link_annotation_/original.html","328466","2026-08-15T19:30:28.996Z","5af957bae8820ee66003644d533d76c2b688025cc474449a524cd780e645739b"
"ARCHIVE_V1.0","06_黄金美元与储备配置/外部原件/WEB-0046_3_World_Bank,_Global_Economic_Monitor,/original.html","45640","2026-08-15T19:30:30.222Z","e167bce407ba779977327205217dfc02da53b35479efc13290a0f0fc9b279512"
"ARCHIVE_V1.0","06_黄金美元与储备配置/外部原件/WEB-0048_PDF_link_annotation_/original.html","115923","2026-08-15T19:30:30.815Z","b37f54cbf4560ad4530590622fe0248710582df44bea0c35623a686e50699aa9"
"ARCHIVE_V1.0","06_黄金美元与储备配置/外部原件/WEB-0050_PDF_link_annotation_/original.html","224335","2026-08-15T19:30:32.091Z","d73c8875622059f843ebba11b950f5a3838808aa07dd8b79a66df805a4e9b0a5"
"ARCHIVE_V1.0","06_黄金美元与储备配置/外部原件/WEB-0060_PDF_link_annotation_/original.html","25545","2026-08-15T19:30:32.591Z","21a09c1bfdaaf102f8bafaac96ff1f6722f1afaec0dc0d678ede00e291a70783"
"ARCHIVE_V1.0","06_黄金美元与储备配置/外部原件/WEB-0098_XLSX_entry_xl_worksheets_sheet4.xml/original.html","122636","2026-08-15T19:30:35.069Z","196a5d2886f47c380e6a1beffb4159d360a044c850df7c474d71faeb74d3c9f7"
"ARCHIVE_V1.0","06_黄金美元与储备配置/外部原件/WEB-0101_XLSX_entry_xl_worksheets_sheet2.xml/original.html","1621196","2026-08-15T19:30:37.991Z","5a17db594ec31292e08f654d7e3437cd4c5f00b4705c60565d62e353357ac871"
"ARCHIVE_V1.0","06_黄金美元与储备配置/外部原件/WEB-0115_缺失论文PDF官方开放CDN恢复候选/original.pdf","4499707","2026-08-15T19:30:39.979Z","696a7249e4992eaa6a94f61f66daae76184226e42b9bda0015d6b33da9b8e4eb"
"ARCHIVE_V1.0","06_黄金美元与储备配置/外部原件/WEB-0139_-_PMC：/original.html","364870","2026-08-15T19:30:42.862Z","448f8a605bf9e9fc593b825ec19a9e026c82e979ba3fa5229358f717690a1496"
"ARCHIVE_V1.0","06_黄金美元与储备配置/外部原件/WEB-0158_XLSX_entry_xl_worksheets_sheet4.xml/original.pdf","823212","2026-08-15T19:30:45.730Z","2a2da8c5d3074ac6f5dfed9ea1ec2acf0f065acd01470e8382efa136b25b0b7b"
"ARCHIVE_V1.0","06_黄金美元与储备配置/外部原件/WEB-0159_XLSX_entry_xl_worksheets_sheet2.xml/original.html","115046","2026-08-15T19:30:46.215Z","765911b1d7b54ae75c968cb815291ff4c0275813e86be87a8279949c9e562518"
"ARCHIVE_V1.0","06_黄金美元与储备配置/外部原件/WEB-0165_PDF_link_annotation_/original.pdf","679258","2026-08-15T19:30:48.586Z","2152f7df72512e41156d9d3cedf79ae828db2162b791281448c7e74d03448e67"
"ARCHIVE_V1.0","06_黄金美元与储备配置/外部原件/WEB-0166_PDF_link_annotation_/original.pdf","1630956","2026-08-15T19:30:49.471Z","4c99d88001146025eddb989034ef3a096b53b11654a57e947d9d2dc6c6d77db1"
"ARCHIVE_V1.0","06_黄金美元与储备配置/外部原件/WEB-0187_change_Reserve_Returns,_BIS_Working_Papers_No._906,_2020,/original.html","22687","2026-08-15T19:30:52.744Z","61cf12682777db0d747928e7407de47ef6ca488ed92897ca86c2bd973d882917"
"ARCHIVE_V1.0","06_黄金美元与储备配置/外部原件/WEB-0190_work,_BIS_Papers_No._38,_2008,/original.pdf","129519","2026-08-15T19:30:55.621Z","e2615e8d13420a7de04a20b91300a3e7f18166c1c3fa37e00730602893d4fb2e"
"ARCHIVE_V1.0","06_黄金美元与储备配置/外部原件/WEB-0191_PDF_link_annotation_/original.html","35140","2026-08-15T19:30:55.060Z","d13eae2b10d576b9e1935948f4d535e96250770952fa87881a1d513cba760c6d"
"ARCHIVE_V1.0","06_黄金美元与储备配置/外部原件/WEB-0195_XLSX_entry_xl_worksheets_sheet2.xml/original.html","147708","2026-08-15T19:30:56.748Z","f8b283e6e44096b16b76e3e0bfb53795145d899ececfa62db0be51a3a98689b7"
"ARCHIVE_V1.0","06_黄金美元与储备配置/外部原件/WEB-0253_XLSX_entry_xl_worksheets_sheet4.xml/original.html","118262","2026-08-15T19:31:03.004Z","99f7d047a834d56de3ce198853c10048ca628a2bfe51bbcb74a462d9faeec7c7"
"ARCHIVE_V1.0","06_黄金美元与储备配置/外部原件/WEB-0257_XLSX_entry_xl_worksheets_sheet4.xml/original.html","87259","2026-08-15T19:31:04.209Z","d66203be141ca7f8641338048eb92170e84fc3f6227986b894bab360628fcf9b"
"ARCHIVE_V1.0","06_黄金美元与储备配置/外部原件/WEB-0258_XLSX_entry_xl_worksheets_sheet4.xml/original.html","82734","2026-08-15T19:31:04.315Z","53e094fa8882f11f5ae8e556297cbe255f94372aaaeb20ef511d61a97e005e6b"
"ARCHIVE_V1.0","06_黄金美元与储备配置/外部原件/WEB-0259_XLSX_entry_xl_worksheets_sheet4.xml/original.html","82508","2026-08-15T19:31:04.864Z","c0ce6af49c66b6df7c3c21831cf189dabc54a46e27ab1b722b1913380368bac2"
"ARCHIVE_V1.0","06_黄金美元与储备配置/外部原件/WEB-0260_XLSX_entry_xl_worksheets_sheet4.xml/original.html","84345","2026-08-15T19:31:04.858Z","f8b50c1aa0fb874b808711914363eaf4f26adfaf15c74649160841d7ddaae3f1"
"ARCHIVE_V1.0","06_黄金美元与储备配置/外部原件/WEB-0261_XLSX_entry_xl_worksheets_sheet4.xml/original.html","87011","2026-08-15T19:31:04.861Z","a72235205e8464b97e6e58508c96fa45f8d4d63d142a61e50dd2746080bc70e0"
"ARCHIVE_V1.0","06_黄金美元与储备配置/外部原件/WEB-0262_XLSX_entry_xl_worksheets_sheet4.xml/original.html","84619","2026-08-15T19:31:05.525Z","737fc2bb2c721f4e8f74008f4c93bc5d83310b350ef8a9546ba04b0eba6a4cee"
"ARCHIVE_V1.0","06_黄金美元与储备配置/外部原件/WEB-0263_XLSX_entry_xl_worksheets_sheet4.xml/original.html","84784","2026-08-15T19:31:05.499Z","1efd54230b27b4b66578c819a8be0c4e59ba3ecf4cf6b8e268e1a72ad13f9ef1"
"ARCHIVE_V1.0","06_黄金美元与储备配置/外部原件/WEB-0264_XLSX_entry_xl_worksheets_sheet2.xml/original.html","332017","2026-08-15T19:31:05.757Z","278d8859b78cb01272d5ec42d17bc64d845ebdec5273a4b9fe84a0337e84fccd"
"ARCHIVE_V1.0","06_黄金美元与储备配置/外部原件/WEB-0265_-_来源：/original.html","87929","2026-08-15T19:31:05.764Z","5abbf644346bd0bd2736fb58def141b1a5d0cf76695876b58b6c09142266a938"
"ARCHIVE_V1.0","06_黄金美元与储备配置/外部原件/WEB-0266_XLSX_entry_xl_worksheets_sheet2.xml/original.html","889264","2026-08-15T19:31:06.273Z","8b7ed75f7028b390b743d03ea58d52a77b05c5bb0efa671833e2e0c57bafb237"
"ARCHIVE_V1.0","06_黄金美元与储备配置/外部原件/WEB-0297_XLSX_entry_xl_worksheets_sheet4.xml/original.pdf","249405","2026-08-15T19:31:05.985Z","4a1278aeb1adda810dd2fdc89ab015f2be03501e376c69136a9b3930453498dd"
"ARCHIVE_V1.0","06_黄金美元与储备配置/外部原件/WEB-0335_论文,论文PDF,完整论文,2026-02-28,一次性,MDPI_PMC,/original.html","2200","2026-08-15T19:31:11.463Z","b608cd833dfb6b8287097ce0e547fd35eed0af1c84fd7e6fbcca831bc971bc49"
"ARCHIVE_V1.0","06_黄金美元与储备配置/外部原件/WEB-0344_PDF_link_annotation_/original.html","24277","2026-08-15T19:31:12.309Z","cfc342773698f938d3e3189c60514bd079340ca1f5420eb2d1d7b682009ff955"
"ARCHIVE_V1.0","06_黄金美元与储备配置/外部原件/WEB-0363_XLSX_entry_xl_worksheets_sheet11.xml/original.html","22597","2026-08-15T19:31:15.267Z","687af66f5541ee7f7d3acc85aa3295c2bb3fdd04b8d3d51f166476d4a35d174d"
"ARCHIVE_V1.0","06_黄金美元与储备配置/外部原件/WEB-0364_-_来源：/original.html","16007","2026-08-15T19:31:15.715Z","ca499dbf622a9bbe9680f34395dd25a0e8e341422c6a6d5eddec94fe237dacf5"
"ARCHIVE_V1.0","06_黄金美元与储备配置/外部原件/WEB-0394_-_SGE_更早历史数据：/original.html","51845","2026-08-15T19:31:18.247Z","3eb2363b1b91e1507b39e224165a0e7c27a7bd0ce5b20496789fe97ffe5dbcab"
"ARCHIVE_V1.0","06_黄金美元与储备配置/外部原件/WEB-0395_XLSX_entry_xl_worksheets_sheet11.xml/original.html","43210","2026-08-15T19:31:18.857Z","13b83fcc2db9b5c383f53a51455aa74fc062ea8e2b1c8b600be96316a76c0667"
"ARCHIVE_V1.0","06_黄金美元与储备配置/外部原件/WEB-0396_XLSX_entry_xl_worksheets_sheet6.xml/original.html","93854","2026-08-15T19:31:18.759Z","906340bb55b8c406153b16b5d3d7ab557156d3c24d983ee9422ba9772cb5ac81"
"ARCHIVE_V1.0","06_黄金美元与储备配置/外部原件/WEB-0397_XLSX_entry_xl_worksheets_sheet6.xml/original.html","93346","2026-08-15T19:31:18.952Z","9325a1236d74c5e4b64a3fe4da96b7c362d03334abb8ea7c0baf78913cef217e"
"ARCHIVE_V1.0","06_黄金美元与储备配置/外部原件/WEB-0398_XLSX_entry_xl_worksheets_sheet6.xml/original.html","89606","2026-08-15T19:31:18.939Z","f3cc3833586ff20dae5f74e5de96cb8bb79fc74460c8762c77340bb543782375"
"ARCHIVE_V1.0","06_黄金美元与储备配置/外部原件/WEB-0399_XLSX_entry_xl_worksheets_sheet6.xml/original.html","89198","2026-08-15T19:31:19.609Z","96fca03f9c18cbdc253b97359df0dc5d3cce81b4d9aec7713263840d3447b09f"
"ARCHIVE_V1.0","06_黄金美元与储备配置/外部原件/WEB-0400_XLSX_entry_xl_worksheets_sheet6.xml/original.html","93856","2026-08-15T19:31:19.587Z","cd9d8f60eb84adbe02aff69202cf1fe88fa9237a0efdaef2d4d904b04ce25204"
"ARCHIVE_V1.0","06_黄金美元与储备配置/外部原件/WEB-0401_XLSX_entry_xl_worksheets_sheet6.xml/original.html","93335","2026-08-15T19:31:19.628Z","534fab2d704bddc2fb248ac6a72aca12aebcdaf246fe58f7d62192381aa275b6"
"ARCHIVE_V1.0","06_黄金美元与储备配置/外部原件/WEB-0402_XLSX_entry_xl_worksheets_sheet6.xml/original.html","93604","2026-08-15T19:31:19.604Z","e02615a09ec6d7cdba0aaf6e35ac1bf0d729dfba310e8f2ffcab129b31be351d"
"ARCHIVE_V1.0","06_黄金美元与储备配置/外部原件/WEB-0403_XLSX_entry_xl_worksheets_sheet6.xml/original.html","93069","2026-08-15T19:31:20.289Z","c481531eb11d987aec8cf7fbd0f24ec23f4cb65cd12fab10ecdbad226d325e37"
"ARCHIVE_V1.0","06_黄金美元与储备配置/外部原件/WEB-0404_XLSX_entry_xl_worksheets_sheet6.xml/original.html","93589","2026-08-15T19:31:20.272Z","46f53c15689884e28f00b3cd3acf44b8a2acbf33ed6292d7baf1892dc04d8302"
"ARCHIVE_V1.0","06_黄金美元与储备配置/外部原件/WEB-0405_XLSX_entry_xl_worksheets_sheet6.xml/original.html","93070","2026-08-15T19:31:20.258Z","f8f222b3a898ba051b6c04b4fe5893a5e069fd8c09cfef0a1303cb1768fe2154"
"ARCHIVE_V1.0","06_黄金美元与储备配置/外部原件/WEB-0406_XLSX_entry_xl_worksheets_sheet6.xml/original.html","92602","2026-08-15T19:31:20.265Z","292940194f56b7788d4b3d01a6ead2c5ca0620192c64d682c7b8ae2d2105458d"
"ARCHIVE_V1.0","06_黄金美元与储备配置/外部原件/WEB-0407_XLSX_entry_xl_worksheets_sheet6.xml/original.html","92090","2026-08-15T19:31:21.232Z","89bd6c85a3fbe8eb2d4f62575fdffc4ac4ef278f1468cc646c10fbd618276b87"
"ARCHIVE_V1.0","06_黄金美元与储备配置/外部原件/WEB-0408_XLSX_entry_xl_worksheets_sheet6.xml/original.html","93853","2026-08-15T19:31:21.224Z","7e2c0e0a731cd1ce0ae051d93209bfabc3c394707dcee1f22491c2ec2970236e"
"ARCHIVE_V1.0","06_黄金美元与储备配置/外部原件/WEB-0409_XLSX_entry_xl_worksheets_sheet6.xml/original.html","93313","2026-08-15T19:31:21.248Z","e8e5ce05be02f5b5b6e2451fc9680a3859f7873d46d3dc56a536bc8b980211c8"
"ARCHIVE_V1.0","06_黄金美元与储备配置/外部原件/WEB-0410_XLSX_entry_xl_worksheets_sheet6.xml/original.html","93864","2026-08-15T19:31:21.228Z","9071ed20165f0c56f7fe373b0033a089c0a0ff7b468580e11b500845e5d87247"
"ARCHIVE_V1.0","06_黄金美元与储备配置/外部原件/WEB-0411_XLSX_entry_xl_worksheets_sheet6.xml/original.html","93322","2026-08-15T19:31:21.576Z","4a7613bc24949f2be0724f9a4efd84653106ccf31715bda76d34bd39eba27073"
"ARCHIVE_V1.0","06_黄金美元与储备配置/外部原件/WEB-0412_XLSX_entry_xl_worksheets_sheet6.xml/original.html","92594","2026-08-15T19:31:21.608Z","d18f7131ea100e17ceee0cccad3cbe156bce4d40bc948314020e317e83067252"
"ARCHIVE_V1.0","06_黄金美元与储备配置/外部原件/WEB-0413_XLSX_entry_xl_worksheets_sheet6.xml/original.html","92093","2026-08-15T19:31:21.598Z","c199aa8ff8cfb6453db92b711fc77f0be3d1a469c87358eac96b80cbb6aa1366"
"ARCHIVE_V1.0","06_黄金美元与储备配置/外部原件/WEB-0414_XLSX_entry_xl_worksheets_sheet6.xml/original.html","91594","2026-08-15T19:31:21.593Z","8d3b55dc40463181d5bc6962b9b109ac8c003b021de46038c75888433e07777e"
"ARCHIVE_V1.0","06_黄金美元与储备配置/外部原件/WEB-0415_XLSX_entry_xl_worksheets_sheet6.xml/original.html","91125","2026-08-15T19:31:22.251Z","c8935b3ded422b3b9582714d1c348603bdd3f2aae0421cbd27c1837a551c0982"
"ARCHIVE_V1.0","06_黄金美元与储备配置/外部原件/WEB-0416_XLSX_entry_xl_worksheets_sheet6.xml/original.html","93860","2026-08-15T19:31:22.587Z","ee9b43174ba9c4f4db453d193470f14926b7a55e710befaf4431ee778ab387ef"
"ARCHIVE_V1.0","06_黄金美元与储备配置/外部原件/WEB-0417_XLSX_entry_xl_worksheets_sheet6.xml/original.html","93323","2026-08-15T19:31:22.248Z","fa87385f2aba2637a9f0625cb4fb2bb8a135ed86883431757ecda892d6560755"
"ARCHIVE_V1.0","06_黄金美元与储备配置/外部原件/WEB-0418_XLSX_entry_xl_worksheets_sheet6.xml/original.html","93858","2026-08-15T19:31:22.257Z","4ab7f128dc1b185cd2561b9ab370b435b1a02264e441c2e0766eddb45766cb3a"
"ARCHIVE_V1.0","06_黄金美元与储备配置/外部原件/WEB-0419_XLSX_entry_xl_worksheets_sheet6.xml/original.html","93335","2026-08-15T19:31:22.923Z","02caec9d915ad8ee5e360c7f5ec2122f686f9a15a1ac4bc237f68f988c6bef12"
"ARCHIVE_V1.0","06_黄金美元与储备配置/外部原件/WEB-0420_XLSX_entry_xl_worksheets_sheet6.xml/original.html","91600","2026-08-15T19:31:22.904Z","fe26c1ffa6ea4d0f0485c61c67f9548f7e67944fe0d04341b9fbec7e61ddf06c"
"ARCHIVE_V1.0","06_黄金美元与储备配置/外部原件/WEB-0421_XLSX_entry_xl_worksheets_sheet6.xml/original.html","91120","2026-08-15T19:31:22.942Z","16f51e89c220914ce621b67e8070a19442df70993a9322b05e527eca937326ed"
"ARCHIVE_V1.0","06_黄金美元与储备配置/外部原件/WEB-0422_XLSX_entry_xl_worksheets_sheet6.xml/original.html","91608","2026-08-15T19:31:22.915Z","c6e8324dded89a4370db63b305f5fbb75a9712a78752d80e65cf479055e392e3"
"ARCHIVE_V1.0","06_黄金美元与储备配置/外部原件/WEB-0423_XLSX_entry_xl_worksheets_sheet6.xml/original.html","91136","2026-08-15T19:31:23.561Z","895bd907e02c79331eca50a197d31971dc3341ab46aee39d66e502a4952b7c03"
"ARCHIVE_V1.0","06_黄金美元与储备配置/外部原件/WEB-0424_XLSX_entry_xl_worksheets_sheet6.xml/original.html","93860","2026-08-15T19:31:23.541Z","09d1f8adc0e4ada82d8a64db2b8d1ad29d65927cb13241133cae3864ec20ca29"
"ARCHIVE_V1.0","06_黄金美元与储备配置/外部原件/WEB-0425_XLSX_entry_xl_worksheets_sheet6.xml/original.html","93326","2026-08-15T19:31:23.605Z","c2bc63f925c765e8d0c2e55f07edeb4b82963ccd269099c7f0a47577528549cc"
"ARCHIVE_V1.0","06_黄金美元与储备配置/外部原件/WEB-0426_XLSX_entry_xl_worksheets_sheet6.xml/original.html","93869","2026-08-15T19:31:23.557Z","210aa22a69c16ef529958404b450c7eab9786e6e89626f39bc893bb017d254fc"
"ARCHIVE_V1.0","06_黄金美元与储备配置/外部原件/WEB-0427_XLSX_entry_xl_worksheets_sheet6.xml/original.html","93358","2026-08-15T19:31:24.217Z","e981201d774c870e7516386a0a19bcad96d938802a427de888bd1cf072ca9095"
"ARCHIVE_V1.0","06_黄金美元与储备配置/外部原件/WEB-0428_XLSX_entry_xl_worksheets_sheet6.xml/original.html","92597","2026-08-15T19:31:24.559Z","fef212979bf2e2c32040eed73a50d6a3ca6de57eba7aeae8003b956fe879d156"
"ARCHIVE_V1.0","06_黄金美元与储备配置/外部原件/WEB-0429_XLSX_entry_xl_worksheets_sheet6.xml/original.html","92103","2026-08-15T19:31:24.237Z","197edf1d64e885969c679d2daf7bf0400fa15dc3a4d5c3177aeeb183f9d3b854"
"ARCHIVE_V1.0","06_黄金美元与储备配置/外部原件/WEB-0430_XLSX_entry_xl_worksheets_sheet6.xml/original.html","93600","2026-08-15T19:31:24.242Z","e162e6f68516e61a78fb53ca88d847f4add7ac8c1604ac82ae7a2ecd514351fe"
"ARCHIVE_V1.0","06_黄金美元与储备配置/外部原件/WEB-0431_XLSX_entry_xl_worksheets_sheet6.xml/original.html","93063","2026-08-15T19:31:25.214Z","a480d87204f6e0fc3b0fbcb728ece6a956265800dde682f639640b8b4ceb8522"
"ARCHIVE_V1.0","06_黄金美元与储备配置/外部原件/WEB-0432_XLSX_entry_xl_worksheets_sheet6.xml/original.html","93856","2026-08-15T19:31:24.876Z","239a2b96175fd07b0843a9bdf5cb77526d1ae6263bbb0da15866ddd071d89d6c"
"ARCHIVE_V1.0","06_黄金美元与储备配置/外部原件/WEB-0433_XLSX_entry_xl_worksheets_sheet6.xml/original.html","93335","2026-08-15T19:31:25.179Z","e9b99c4175880b9cdfa077cde8228482d85c233515f138b8795da19eac14e74e"
"ARCHIVE_V1.0","06_黄金美元与储备配置/外部原件/WEB-0434_XLSX_entry_xl_worksheets_sheet6.xml/original.html","93850","2026-08-15T19:31:24.925Z","e7ddc428d21bbf797239a0de398906bb460bae14e898d592b3ae045b313b17b9"
"ARCHIVE_V1.0","06_黄金美元与储备配置/外部原件/WEB-0435_XLSX_entry_xl_worksheets_sheet6.xml/original.html","93319","2026-08-15T19:31:25.573Z","be215e3987aab66bc03c7e8e75df4831a5676930d310c757cb50bc4e9cb7ba2d"
"ARCHIVE_V1.0","06_黄金美元与储备配置/外部原件/WEB-0436_XLSX_entry_xl_worksheets_sheet6.xml/original.html","93895","2026-08-15T19:31:25.550Z","9b9be57f907ec2ffe3e260657140a214859f22acb369552941df7d231aad8344"
"ARCHIVE_V1.0","06_黄金美元与储备配置/外部原件/WEB-0437_XLSX_entry_xl_worksheets_sheet6.xml/original.html","93330","2026-08-15T19:31:25.529Z","c644de421a1ea263a778479afae70f53872b1c9a52f32d2dea6f6b6ddee0d837"
"ARCHIVE_V1.0","06_黄金美元与储备配置/外部原件/WEB-0438_XLSX_entry_xl_worksheets_sheet6.xml/original.html","90697","2026-08-15T19:31:25.539Z","061cf6cf0aad645bfef08cb38bc97bf88acb6d9cb54d2ac0ea3e777f1d4f82eb"
"ARCHIVE_V1.0","06_黄金美元与储备配置/外部原件/WEB-0439_XLSX_entry_xl_worksheets_sheet6.xml/original.html","90197","2026-08-15T19:31:26.217Z","77aa397d58d88ad76ca8125c54f1be13b724ad03d4af08b6f19cc27c666556ec"
"ARCHIVE_V1.0","06_黄金美元与储备配置/外部原件/WEB-0440_XLSX_entry_xl_worksheets_sheet6.xml/original.html","93663","2026-08-15T19:31:26.188Z","453ab396e601a41dc002ddb94f2106edecfe63681eed7f7461f0e37c1a3b5272"
"ARCHIVE_V1.0","06_黄金美元与储备配置/外部原件/WEB-0441_XLSX_entry_xl_worksheets_sheet6.xml/original.html","93068","2026-08-15T19:31:26.235Z","3d5409c15e6df18781ec1ab955d7e8b8f245073b70e288eb93506ad899a3cadd"
"ARCHIVE_V1.0","06_黄金美元与储备配置/外部原件/WEB-0442_XLSX_entry_xl_worksheets_sheet6.xml/original.html","93981","2026-08-15T19:31:26.211Z","cae1df34a49fe84e7534d62cdbde95a8b234afd8e0261f58b70188c39d6bf5be"
"ARCHIVE_V1.0","06_黄金美元与储备配置/外部原件/WEB-0443_XLSX_entry_xl_worksheets_sheet6.xml/original.html","93362","2026-08-15T19:31:26.871Z","4bf55b3e0dbfb0e6861a73f22658ce8b9a63512d1af993cb0e51ccd5d8a34f01"
"ARCHIVE_V1.0","06_黄金美元与储备配置/外部原件/WEB-0444_XLSX_entry_xl_worksheets_sheet6.xml/original.html","93670","2026-08-15T19:31:26.855Z","b79eb64050180ea4453882bc91e1f560b91b82fbad9c1753d668fa9e0bed1fd6"
"ARCHIVE_V1.0","06_黄金美元与储备配置/外部原件/WEB-0445_XLSX_entry_xl_worksheets_sheet6.xml/original.html","93177","2026-08-15T19:31:26.893Z","964344aa3add837e8a1db3b264b57d082df85a02ff58f11fde5c86d89f7628be"
"ARCHIVE_V1.0","06_黄金美元与储备配置/外部原件/WEB-0446_XLSX_entry_xl_worksheets_sheet6.xml/original.html","87652","2026-08-15T19:31:26.864Z","56c31e1afec20db4692afdeaac492cd58035ee143fda31581b15ca47d8a01f1f"
"ARCHIVE_V1.0","06_黄金美元与储备配置/外部原件/WEB-0447_XLSX_entry_xl_worksheets_sheet6.xml/original.html","87344","2026-08-15T19:31:27.537Z","84c4e8195561e7f345c0a0de91bc6deb4f0eb4a245a343f8bc169c8688d2f4ba"
"ARCHIVE_V1.0","06_黄金美元与储备配置/外部原件/WEB-0448_XLSX_entry_xl_worksheets_sheet6.xml/original.html","93893","2026-08-15T19:31:27.527Z","f930f397812741fa2da818231bcb7a1e8039e6a5f3df27bbbe060448488f6494"
"ARCHIVE_V1.0","06_黄金美元与储备配置/外部原件/WEB-0449_XLSX_entry_xl_worksheets_sheet6.xml/original.html","93442","2026-08-15T19:31:27.564Z","3b03b31eb4f02f7e2859097c04a1e1415ed93076dcb57bbc69ca7ec588c8989b"
"ARCHIVE_V1.0","06_黄金美元与储备配置/外部原件/WEB-0450_XLSX_entry_xl_worksheets_sheet6.xml/original.html","93958","2026-08-15T19:31:27.532Z","18fb4d1bdddcd8707d3e74aade1eeff5c93f256f498b0611340908a85db158a5"
"ARCHIVE_V1.0","06_黄金美元与储备配置/外部原件/WEB-0451_XLSX_entry_xl_worksheets_sheet6.xml/original.html","93429","2026-08-15T19:31:28.205Z","b930bcbdf4dff6b32008959640ed3018714ddfde05721c52e67f1c5b5b412d61"
"ARCHIVE_V1.0","06_黄金美元与储备配置/外部原件/WEB-0452_XLSX_entry_xl_worksheets_sheet6.xml/original.html","91710","2026-08-15T19:31:28.192Z","7f15319fb38fae04bc60b40d9191e60bbf89090f12338768ab34f97e8693fef7"
"ARCHIVE_V1.0","06_黄金美元与储备配置/外部原件/WEB-0453_XLSX_entry_xl_worksheets_sheet6.xml/original.html","91174","2026-08-15T19:31:28.221Z","6008b0f871fe6246d2e2af2c00e56edb79808af06e371a5d13ce616d0e609350"
"ARCHIVE_V1.0","06_黄金美元与储备配置/外部原件/WEB-0454_XLSX_entry_xl_worksheets_sheet6.xml/original.html","93977","2026-08-15T19:31:28.191Z","7618db92fd1e6c5c63f08dc78c84f1f67e61b7e7f84af8998457b65016e8d1d3"
"ARCHIVE_V1.0","06_黄金美元与储备配置/外部原件/WEB-0455_XLSX_entry_xl_worksheets_sheet6.xml/original.html","93345","2026-08-15T19:31:28.859Z","d22e93504985c4c9ca58a595c7fc36643f0acc28999db17b5536d92d8efd597a"
"ARCHIVE_V1.0","06_黄金美元与储备配置/外部原件/WEB-0456_XLSX_entry_xl_worksheets_sheet6.xml/original.html","91702","2026-08-15T19:31:28.840Z","d1b4a85a65d2e9415d3ce623007e79c66233d56824411416dc60800718092585"
"ARCHIVE_V1.0","06_黄金美元与储备配置/外部原件/WEB-0457_XLSX_entry_xl_worksheets_sheet6.xml/original.html","91137","2026-08-15T19:31:28.880Z","213d49101de98d19cc271ae1a3a8af41347089fd2494679b940cae8d4298949a"
"ARCHIVE_V1.0","06_黄金美元与储备配置/外部原件/WEB-0492_17_World_Bank,_Commodity_Markets_Pink_Sheet,/original.html","59707","2026-08-15T19:31:35.460Z","3e96c0a8a4d1bab86d77b1a265a36c3128a9de8b18f5bd4c6bdcc05d7ce7b5a1"
"ARCHIVE_V1.0","06_黄金美元与储备配置/外部原件/WEB-0494_2._世界银行（World_Bank），2022，《Lebanon's_Crisis_Great_Denial_in_the_Deliberat/original.html","29047","2026-08-15T19:31:36.646Z","f2ba93d76663b51c7f6fd6c4985f85b0dd6f6e0a3b4cd31d4e5031f169a84605"
"ARCHIVE_V1.0","06_黄金美元与储备配置/外部原件/WEB-0496_XLSX_entry_xl_worksheets_sheet4.xml/original.html","33074","2026-08-15T19:31:37.094Z","eba5d8d969f0783a17fd8df87a62a2f7ce5f8e127531dd2b39e83f3c67e5aa74"
"ARCHIVE_V1.0","07_会计合规与制裁/外部原件/WEB-0045_8._俄罗斯_2015_年_GDP（-2%）：世界银行_WDI：_/original.html","72642","2026-08-15T19:30:37.707Z","7447019ebfbce3dcaa9b0a94b0b61636be37971f0b3d616c66d5a99a4add65a4"
"ARCHIVE_V1.0","07_会计合规与制裁/外部原件/WEB-0128_7._2014_年西方制裁（首轮）：EU_美国财政部_OFAC_公告：_/original.html","43302","2026-08-15T19:30:39.797Z","0e39c929dcf0b768c0a2e59741cf65cc083b62f9e0a917fca841084ccc441185"
"ARCHIVE_V1.0","07_会计合规与制裁/外部原件/WEB-0129_PDF_link_annotation_/original.html","43865","2026-08-15T19:30:40.232Z","5aafdc4b029b73a5f0b1c40d5d76524c166a2b5a651f80d88c198505a0eca6b4"
"ARCHIVE_V1.0","07_会计合规与制裁/外部原件/WEB-0146_BBVA_公告，2022/original.pdf","1225454","2026-08-15T19:30:43.511Z","9004d2bc2cb1d9b537a94eec5d54bada471337ba9c07618d2632d1283ba8454d"
"ARCHIVE_V1.0","07_会计合规与制裁/外部原件/WEB-0303_4._IAS_29《恶性通货膨胀经济中的财务报告》准则文本：IFRS_Foundation：_/original.html","131324","2026-08-15T19:31:08.083Z","750c6e9d574555e94a2839e970a1024cb395a8bd73ecc82f963f71864bcc2990"
"ARCHIVE_V1.0","07_会计合规与制裁/外部原件/WEB-0306_PDF_link_annotation_/original.pdf","834187","2026-08-15T19:31:10.127Z","8bb6c5d433bb3e82a5a3898055dd339097d6d08769b6f2e3d4469d429b7f776e"
"ARCHIVE_V1.0","07_会计合规与制裁/外部原件/WEB-0307_PDF_link_annotation_/original.pdf","103226","2026-08-15T19:31:09.233Z","401797c13f6b3d258404b37318a130eb6ca1ea4cc6f948abedf4ec61331e1681"
"ARCHIVE_V1.0","07_会计合规与制裁/外部原件/WEB-0309_Economies,/original.html","112988","2026-08-15T19:31:09.691Z","6c3c53105d29c7aa15f91081a1541bf6df5804d566b6c36d790d90ba6ffca317"
"ARCHIVE_V1.0","07_会计合规与制裁/外部原件/WEB-0310_PDF_link_annotation_/original.html","112316","2026-08-15T19:31:10.081Z","e59959490a30e0f4a1d97eeaf7d1c50dcd3507c1d1ba5975cd6a9a5d1878a57e"
"ARCHIVE_V1.0","07_会计合规与制裁/外部原件/WEB-0469_1._传音控股_2023_2024_年报与三季报（人民币营收、非洲占比、汇率损失）：上交所披露：_/original.html","65612","2026-08-15T19:31:30.135Z","17fdad65a93aaa230dcc2204d6ce941c869285328f4924c05e0ebb03fbc50512"
"ARCHIVE_V1.0","07_会计合规与制裁/外部原件/WEB-0493_3._苏丹_GDP（2023_年_-12%～-18%）：世界银行《Sudan_Economic_Update》：_/original.html","60302","2026-08-15T19:31:36.000Z","86043ce3cdb8fa93c2c4fc966b59cfa6ddf2a6e167b9ee6e1cff3465ea4122ee"
"ARCHIVE_V1.0","07_会计合规与制裁/外部原件/WEB-0498_8._布伦特_2024_年走势：世界银行_Pink_Sheet：_/original.html","56306","2026-08-15T19:31:37.739Z","784446daf44a99707abc5fa3b059233ba6ea7b6b80d0352a75825e9ee4287d17"
"ARCHIVE_V1.0","08_企业案例与公开披露/外部原件/WEB-0008_中国期货业协会分析框架，2022/original.pdf","1184382","2026-08-15T19:30:27.046Z","b62a2d2650c0a35acc1e9c8585a5fd252cef7b1aa31928b414af748ca1456110"
"ARCHIVE_V1.0","08_企业案例与公开披露/外部原件/WEB-0011_人民银行，2022/original.html","32106","2026-08-15T19:30:28.349Z","876d048a0421cf84f86f5f6fee7311f412caaac18baf14473872120d4c402430"
"ARCHIVE_V1.0","08_企业案例与公开披露/外部原件/WEB-0016_UBS_GFOR_2025/original.pdf","7827105","2026-08-15T19:30:41.146Z","26e00fa9571bf5bf95269fcfbfb02e22da91ea5debca251202bebbd8d74bc2a3"
"ARCHIVE_V1.0","08_企业案例与公开披露/外部原件/WEB-0073_3._美国财政部年报（1940，圣路易斯联储_FRASER_档案）：1911–1932_年白银年均价格表，1929_年_53.3_美分、1932/original.pdf","21109679","2026-08-15T19:30:33.823Z","76c9e427a5389249ecc8a95b51bde570900dc76a90b55bb867737e7c9a868171"
"ARCHIVE_V1.0","08_企业案例与公开披露/外部原件/WEB-0103_公开年报/original.pdf","1343438","2026-08-15T19:30:38.677Z","40c5c7dc897f01e6c970b306c1e7733da7fbb78ae79c33fb83e191de04498948"
"ARCHIVE_V1.0","08_企业案例与公开披露/外部原件/WEB-0108_上海市委金融办，2025-03/original.html","15481","2026-08-15T19:30:39.217Z","3ac76749a122f7400d8acd37ace2a561824e1e479aa6087e7409ae49f7f502ce"
"ARCHIVE_V1.0","08_企业案例与公开披露/外部原件/WEB-0109_上海金融局，2025/original.html","18554","2026-08-15T19:30:39.457Z","7cdc02c52f37918a4c0462dfb1f5193f84f7bb61a6e0edd1098ceef10ccc5a7e"
"ARCHIVE_V1.0","08_企业案例与公开披露/外部原件/WEB-0135_东方财富研报，2021/original.pdf","3089841","2026-08-15T19:30:40.591Z","a179ff5821251c98738df4019bcfec9517bed8e019951b04ff421f6cc42aa570"
"ARCHIVE_V1.0","08_企业案例与公开披露/外部原件/WEB-0136_开源证券，2025-02/original.pdf","8010631","2026-08-15T19:30:41.233Z","f3f682575be1de41c6442ff3a75008e9582a7950e4c25590d429f155d69487d6"
"ARCHIVE_V1.0","08_企业案例与公开披露/外部原件/WEB-0137_开源证券，2025-01/original.pdf","1154746","2026-08-15T19:30:41.695Z","63c0ee11b9ca964fcbb98d8f93d5b00353893080fac8828c8d92cdca66d92240"
"ARCHIVE_V1.0","08_企业案例与公开披露/外部原件/WEB-0138_建筑业实证，2024/original.pdf","540274","2026-08-15T19:30:42.042Z","a85fed46d991ff3f8ef759fd74b6e6925b7ffd9e77f19a178ece2edce6791ce6"
"ARCHIVE_V1.0","08_企业案例与公开披露/外部原件/WEB-0143_《台大管理论丛》/original.pdf","3757855","2026-08-15T19:30:45.330Z","e59664a4c3a8bfc8e5da346bd79fa58afa034efbaed3c1c1724ed0fe37d50d85"
"ARCHIVE_V1.0","08_企业案例与公开披露/外部原件/WEB-0156_上交所重组报告书，2025/original.pdf","6959700","2026-08-15T19:30:53.006Z","7826fdb1f61aa1d010742c80909c92219dc8fecc5abf140cd16bfb423ba0f066"
"ARCHIVE_V1.0","08_企业案例与公开披露/外部原件/WEB-0186_Berkshire_2011_股东信/original.pdf","129396","2026-08-15T19:30:50.499Z","6f5125e45c30007cd3188092cd59d339c7d8266b2f6c8e87387ad397ac1c0083"
"ARCHIVE_V1.0","08_企业案例与公开披露/外部原件/WEB-0188_7._BIS（国际清算银行）1998_年年报第六章——危机对商品与金价的压制作用：/original.pdf","295299","2026-08-15T19:30:54.508Z","bc471d38f6813af429dfa1c1d8052f4e1c4ea67011f05659d9b08dd261f8e48a"
"ARCHIVE_V1.0","08_企业案例与公开披露/外部原件/WEB-0207_CAFI_报告_PDF/original.pdf","4234107","2026-08-15T19:31:03.103Z","2581e09b38a0590a36431440c699135b18e4244ce4709160de794625f78e4c97"
"ARCHIVE_V1.0","08_企业案例与公开披露/外部原件/WEB-0219_CICPA_刊载研究，2017/original.pdf","10041219","2026-08-15T19:30:58.272Z","53004c854d204f8ff6d558d4ab81bf30df7983b4bacc883f48ee752152fb8a5d"
"ARCHIVE_V1.0","08_企业案例与公开披露/外部原件/WEB-0249_CRS，2018/original.pdf","606666","2026-08-15T19:31:02.563Z","ebe41cfb359b977d5efc995a6ddc1a2118c3143e181b4eb49d3f5c736af84a86"
"ARCHIVE_V1.0","08_企业案例与公开披露/外部原件/WEB-0289_办法全文，中国政府网/original.html","49259","2026-08-15T19:31:06.452Z","5ff8d97abe2db67fe4e30eeaee34c91c4af36d90eb9a7c91abdb88b277750ba2"
"ARCHIVE_V1.0","08_企业案例与公开披露/外部原件/WEB-0298_6._IATA《2024_Blocked_Funds_Update》（尼日利亚清兑后、其余国家仍高企）：_/original.html","134420","2026-08-15T19:31:06.486Z","610b2f3a6af7f72684921179376c3856337ce8942b2e5ffecb432022fe30514f"
"ARCHIVE_V1.0","08_企业案例与公开披露/外部原件/WEB-0300_1._IATA《Blocked_Funds_Report》（2023-04_峰值_22.7_亿美元、分国别数据）：_/original.html","131788","2026-08-15T19:31:07.440Z","482bae92a859f2a6e6f45056f061c5a634f08c1183a19f2d22e53e2c6d71c0cd"
"ARCHIVE_V1.0","08_企业案例与公开披露/外部原件/WEB-0345_人社部，2020/original.html","989","2026-08-15T19:31:13.402Z","ba367252c5920c7fac4e12d23a806bf49909b3ad8b9597c5f60c13c7da4a98e3"
"ARCHIVE_V1.0","08_企业案例与公开披露/外部原件/WEB-0352_NBER，2013/original.pdf","2171272","2026-08-15T19:31:15.955Z","06df6a14527b2de68bd19965fc6f77ed0e24b72b10edad154ff4885bae8167b5"
"ARCHIVE_V1.0","08_企业案例与公开披露/外部原件/WEB-0357_金融监管总局官网全文/original.html","20416","2026-08-15T19:31:14.967Z","2746269444dfbb546796f82825e20d277d6f21e04a357922a03218f9a5bd14d6"
"ARCHIVE_V1.0","08_企业案例与公开披露/外部原件/WEB-0359_办法附件测算示例/original.html","8938","2026-08-15T19:31:15.192Z","16181b58c7ecf424fcb3cc3a7b6cfdc57cbcf01a9b3c1691049d677314f0c22e"
"ARCHIVE_V1.0","08_企业案例与公开披露/外部原件/WEB-0368_普华永道，2024/original.pdf","3235033","2026-08-15T19:31:15.644Z","6ed6dce22fcabdb8976ac989998db6b2a708ece80caab6d8a0c85f8c4a4ef6de"
"ARCHIVE_V1.0","08_企业案例与公开披露/外部原件/WEB-0384_《清华大学学报》财务预警综述，2023/original.pdf","2560588","2026-08-15T19:31:16.707Z","d1b4781e4092191bcc280547b170915cde11c11ef51361d22f2687d055d23ec0"
"ARCHIVE_V1.0","08_企业案例与公开披露/外部原件/WEB-0385_2._Newmont_公司_10-K_年报（SEC，2006）——引_LBMA_伦敦下午定盘价年度高_低_均价（2000：279；2001：27/original.html","3578296","2026-08-15T19:31:16.336Z","3835a109b3417981117126d6f0e77e8d18038333822d77e4578d952969b9685b"
"ARCHIVE_V1.0","08_企业案例与公开披露/外部原件/WEB-0386_3._美国SEC备案文件（SPDR_Gold_Trust_FWP，载2008年3月17日金价1011美元纪录），2009年，/original.html","33589","2026-08-15T19:31:16.720Z","4c3d1375f18412a57a80e3541e2048e8bbc87ea3260d9d186123fbf2f5cae25a"
"ARCHIVE_V1.0","08_企业案例与公开披露/外部原件/WEB-0387_3._AB_InBev_2023_年报（阿根廷贬值_+_IAS_29_冲击_3.03_亿美元）：SEC_EDGAR：_/original.html","82525","2026-08-15T19:31:17.008Z","bc5418052ecfb0cda523a7d52fe1bd50d1672d6db5dc2a1db356811fabf2d08d"
"ARCHIVE_V1.0","08_企业案例与公开披露/外部原件/WEB-0388_1._AB_InBev_2023_年报（20-F，IAS_29_重述与贬值负面影响_3.03_亿美元）：SEC_EDGAR：_/original.html","65607","2026-08-15T19:31:17.365Z","7ece4a722bed4c9533e844d743948f2cd479f81960233a408cb6ed1ebe430ebc"
"ARCHIVE_V1.0","08_企业案例与公开披露/外部原件/WEB-0389_AB_InBev_FY2023，SEC/original.html","867071","2026-08-15T19:31:17.626Z","d3d7a5654468c7ec4f5478e0be43d5bdf9b32fcac4f058bb2060d3b44396f5ad"
"ARCHIVE_V1.0","08_企业案例与公开披露/外部原件/WEB-0390_Barrick_2009_年报，SEC/original.html","2528778","2026-08-15T19:31:17.559Z","e7783516ace167cb0f418d36499eba0b12210cbb6d4016617874ff7217b8b71d"
"ARCHIVE_V1.0","08_企业案例与公开披露/外部原件/WEB-0391_4._Palantir_10-Q_10-K（SEC_EDGAR）：_/original.html","38617","2026-08-15T19:31:17.377Z","f264b1979834c89ef8533e8b2772e44edffb5957e65b0a373819b48e0301717a"
"ARCHIVE_V1.0","08_企业案例与公开披露/外部原件/WEB-0393_SGE_官网/original.html","55311","2026-08-15T19:31:18.532Z","2ac5a10dc8035efac669e9fa1766472cf3b7ee25c5bd9d02bf717b98eab3b28b"
"ARCHIVE_V1.0","08_企业案例与公开披露/外部原件/WEB-0459_上期所研究报告/original.pdf","891891","2026-08-15T19:31:35.000Z","80df079acee53af8299567c0f59b914626b95d6aefd639b2cdd2cf68ea91ce63"
"ARCHIVE_V1.0","08_企业案例与公开披露/外部原件/WEB-0471_国家统计局，2025-01/original.html","591116","2026-08-15T19:31:37.533Z","edfb07d005ead65212fd55a4d9cf6ebd3eff49f203cd1b14682f841b0f814da2"
"ARCHIVE_V1.0","08_企业案例与公开披露/外部原件/WEB-0472_2024-12/original.html","272046","2026-08-15T19:31:36.664Z","c9fe941b8fc12b25ae9af33ed8db02711fc6b6bfbe4a7147396141f9bcc96754"
"ARCHIVE_V1.0","10_数据集原件与说明/本地原件/最终数据/最终数据/outputs/019f56e7-91fe-7a43-b1d0-ae50e45c9d0c/黄金价格传导链因素与时序数据_20260724.xlsx","607586","2026-07-24T08:50:06.000Z","d09e495884da50027fb68164f11858d6760fb2bdf6504bccc8cc751e921127fd"
"ARCHIVE_V1.0","10_数据集原件与说明/本地原件/最终数据/最终数据/outputs/019f56e7-91fe-7a43-b1d0-ae50e45c9d0c/黄金价格传导链因素与时序数据_20260724.xlsx.inspect.ndjson","30557280","2026-07-24T08:50:06.000Z","19079124b4bf9620aaaa826251d336fb2f6bc88b23a112934c8d5bc1c0c3a717"
"ARCHIVE_V1.0","10_数据集原件与说明/本地原件/最终数据/最终数据/outputs/019f56e7-91fe-7a43-b1d0-ae50e45c9d0c/金银价格波动影响因素与时序数据_20260726.xlsx","693026","2026-07-26T09:49:54.000Z","07a6f506c6d3bdbb92a64107b7d4bdefae27e0217343fbd40256f9bd7cb2a892"
"ARCHIVE_V1.0","10_数据集原件与说明/本地原件/最终数据/最终数据/outputs/019f56e7-91fe-7a43-b1d0-ae50e45c9d0c/金银价格波动影响因素与时序数据_20260726.xlsx.inspect.ndjson","34974640","2026-07-26T09:49:54.000Z","207ab603f76ec588066120b57d2265c823c38c1b0b467fbc734e11dc3b37ca65"
"ARCHIVE_V1.0","10_数据集原件与说明/本地原件/最终数据/最终数据/outputs/019f56e7-91fe-7a43-b1d0-ae50e45c9d0c/金银价格波动影响因素与时序数据_中文字段版_20260726.xlsx","703197","2026-07-26T09:59:16.000Z","275d610fed3f59ed734ffda7a9ac9aaf0c13331be593dfbe543dd2d7a5beda7c"
"ARCHIVE_V1.0","10_数据集原件与说明/本地原件/最终数据/最终数据/outputs/019f56e7-91fe-7a43-b1d0-ae50e45c9d0c/金银价格波动影响因素与时序数据_中文字段版_20260726.xlsx.inspect.ndjson","35103966","2026-07-26T09:59:16.000Z","65e698de0ccddf71f4ec460e3125c80599abcb306e9a699c7dd5fcb51df74eaa"
"ARCHIVE_V1.0","10_数据集原件与说明/本地原件/最终数据/最终数据/outputs/019f56e7-91fe-7a43-b1d0-ae50e45c9d0c/金银价格预测_官方数据与因素台账_20260713.xlsx","466078","2026-07-13T02:03:20.000Z","b41e86933b324dc3e7ccb9492a19719dca62260de0ddb8d7100625ab7f2d4a4c"
"ARCHIVE_V1.0","10_数据集原件与说明/本地原件/最终数据/最终数据/outputs/019f56e7-91fe-7a43-b1d0-ae50e45c9d0c/金银价格预测_官方数据与因素台账_20260713.xlsx.inspect.ndjson","33120505","2026-07-13T02:03:20.000Z","48964f401365f9a00bb2988bff50b9dc8d19f0b6cb55eea312a71ed3cf81ddfd"
"ARCHIVE_V1.0","10_数据集原件与说明/本地原件/最终数据/最终数据/outputs/019f56e7-91fe-7a43-b1d0-ae50e45c9d0c/gold_factor_previews/00_说明与总览.png","124608","2026-07-24T08:49:46.000Z","1119b5be9ff29b3c7238215c1971e96875a7a468892895c19f32832f635e7ad9"
"ARCHIVE_V1.0","10_数据集原件与说明/本地原件/最终数据/最终数据/outputs/019f56e7-91fe-7a43-b1d0-ae50e45c9d0c/gold_factor_previews/01_价格传导链.png","133001","2026-07-24T08:49:46.000Z","f37fb8d0878f038080804580146b045999d72a8cb84340f620c80f3ba7d34c05"
"ARCHIVE_V1.0","10_数据集原件与说明/本地原件/最终数据/最终数据/outputs/019f56e7-91fe-7a43-b1d0-ae50e45c9d0c/gold_factor_previews/02_影响因素表.png","127133","2026-07-24T08:49:46.000Z","2b1bed9a7167478ae1c8780dd46b51f25bcd1bd00e5c6f5653dc7a97bd794fd3"
"ARCHIVE_V1.0","10_数据集原件与说明/本地原件/最终数据/最终数据/outputs/019f56e7-91fe-7a43-b1d0-ae50e45c9d0c/gold_factor_previews/03_事件关联.png","126190","2026-07-24T08:49:48.000Z","92bc819e939e196bc595150cd744ec721d12df3e3988770d75fd4ee14f5cac40"
"ARCHIVE_V1.0","10_数据集原件与说明/本地原件/最终数据/最终数据/outputs/019f56e7-91fe-7a43-b1d0-ae50e45c9d0c/gold_factor_previews/05_日度对齐主表.png","79706","2026-07-24T08:49:48.000Z","5dd25e5b3153709ac2d6de13a1d4ec0a55cc18838afc94fa005c3385117ea733"
"ARCHIVE_V1.0","10_数据集原件与说明/本地原件/最终数据/最终数据/outputs/019f56e7-91fe-7a43-b1d0-ae50e45c9d0c/gold_factor_previews/06_SGE原始日行情.png","116742","2026-07-24T08:49:48.000Z","5e14af4cfbb32f88b82ee60ce8fba311578edbbc065b296409234edd8630bbf8"
"ARCHIVE_V1.0","10_数据集原件与说明/本地原件/最终数据/最终数据/outputs/019f56e7-91fe-7a43-b1d0-ae50e45c9d0c/gold_factor_previews/07_FRED日度原始.png","38997","2026-07-24T08:49:48.000Z","f3c73d876352d6b37fecd0aa6a6b5381fd5815a912ef27c69ccd023b6fee3970"
"ARCHIVE_V1.0","10_数据集原件与说明/本地原件/最终数据/最终数据/outputs/019f56e7-91fe-7a43-b1d0-ae50e45c9d0c/gold_factor_previews/08_CFTC周度持仓.png","79711","2026-07-24T08:49:48.000Z","5c9174c676032f7ead8fc1d1495b62ca9225a24e67d5fcdd6994b6729affd520"
"ARCHIVE_V1.0","10_数据集原件与说明/本地原件/最终数据/最终数据/outputs/019f56e7-91fe-7a43-b1d0-ae50e45c9d0c/gold_factor_previews/09_月度研究主表.png","78337","2026-07-24T08:49:50.000Z","3a9ab7976cc6a864f670f3ff3c776faf48311bc4ac6bffdf4fa500f10d5eecab"
"ARCHIVE_V1.0","10_数据集原件与说明/本地原件/最终数据/最终数据/outputs/019f56e7-91fe-7a43-b1d0-ae50e45c9d0c/gold_factor_previews/10_GPR月度.png","45417","2026-07-24T08:49:50.000Z","4bcbb1941bbb2b7b2ccb3724147db6274cd7af7f59a31d0887e25c4fb37bce1a"
"ARCHIVE_V1.0","10_数据集原件与说明/本地原件/最终数据/最终数据/outputs/019f56e7-91fe-7a43-b1d0-ae50e45c9d0c/gold_factor_previews/12_来源与口径.png","126958","2026-07-24T08:49:50.000Z","1a7cd2fc26ce5ace80c6c91dfeb881f1c343a683dcf06497a6da6c98c42e9d5a"
"ARCHIVE_V1.0","10_数据集原件与说明/本地原件/最终数据/最终数据/outputs/019f56e7-91fe-7a43-b1d0-ae50e45c9d0c/gold_factor_previews/13_质量检查_导出后复核.png","73920","2026-07-24T08:51:52.000Z","39e58ff57324c6d06c29cea55564c3aaf5e0057e3be747ce9135caf1fd23dea5"
"ARCHIVE_V1.0","10_数据集原件与说明/本地原件/最终数据/最终数据/outputs/019f56e7-91fe-7a43-b1d0-ae50e45c9d0c/gold_factor_previews/13_质量检查.png","58480","2026-07-24T08:49:50.000Z","d450f5a8bdff5d0e8487a085e2c67f21c14b7f8ea1b868e50c38ccc1e5e0fe43"
"ARCHIVE_V1.0","10_数据集原件与说明/本地原件/最终数据/最终数据/outputs/019f56e7-91fe-7a43-b1d0-ae50e45c9d0c/gold_factor_previews/全部工作表总览.png","811187","2026-07-24T08:50:28.000Z","3678a0d3d95b05b7b736c6019ac9ebe661332d88e818d67c212fee287ad6623e"
"ARCHIVE_V1.0","10_数据集原件与说明/本地原件/最终数据/最终数据/outputs/019f56e7-91fe-7a43-b1d0-ae50e45c9d0c/gold_silver_chinese_previews/00_说明与总览.png","143995","2026-07-26T09:59:08.000Z","a3ec852b4a0d32db2b831c2c5e8a7a08fa931060160da8139759ebffc13760ad"
"ARCHIVE_V1.0","10_数据集原件与说明/本地原件/最终数据/最终数据/outputs/019f56e7-91fe-7a43-b1d0-ae50e45c9d0c/gold_silver_chinese_previews/01_金银传导链.png","188010","2026-07-26T09:59:08.000Z","88de314c449aecc89c7b9be201d8666eebf884769d47d43f430eda44c51e3795"
"ARCHIVE_V1.0","10_数据集原件与说明/本地原件/最终数据/最终数据/outputs/019f56e7-91fe-7a43-b1d0-ae50e45c9d0c/gold_silver_chinese_previews/02_金银因素表.png","161264","2026-07-26T09:59:08.000Z","de801b693f6a3e2ae5776b60966a5129ae7ebd2ebb4cee5b63d68357c0707a9c"
"ARCHIVE_V1.0","10_数据集原件与说明/本地原件/最终数据/最终数据/outputs/019f56e7-91fe-7a43-b1d0-ae50e45c9d0c/gold_silver_chinese_previews/03_事件关联.png","144022","2026-07-26T09:59:08.000Z","13db6574965f9a4d0780eaedf157dc799941e492dc5b10e467ac16f5ebd8397b"
"ARCHIVE_V1.0","10_数据集原件与说明/本地原件/最终数据/最终数据/outputs/019f56e7-91fe-7a43-b1d0-ae50e45c9d0c/gold_silver_chinese_previews/04_术语与字段说明.png","162281","2026-07-26T09:59:10.000Z","c6dad85847fb87e50fedd82a3e20a9b2ae3c3e05d6a33f6e607e5a63f563a8fc"
"ARCHIVE_V1.0","10_数据集原件与说明/本地原件/最终数据/最终数据/outputs/019f56e7-91fe-7a43-b1d0-ae50e45c9d0c/gold_silver_chinese_previews/05_金银日度主表.png","114641","2026-07-26T09:59:10.000Z","6df3374331cc23392fb93690976cf6db13958f138fdfdb0099ecfba1e8b755ec"
"ARCHIVE_V1.0","10_数据集原件与说明/本地原件/最终数据/最终数据/outputs/019f56e7-91fe-7a43-b1d0-ae50e45c9d0c/gold_silver_chinese_previews/06_SGE原始日行情.png","122128","2026-07-26T09:59:10.000Z","fecd0334dedff87e1121bfbd387e57c670d5b6aabc0b9aa49e02896b663ff941"
"ARCHIVE_V1.0","10_数据集原件与说明/本地原件/最终数据/最终数据/outputs/019f56e7-91fe-7a43-b1d0-ae50e45c9d0c/gold_silver_chinese_previews/07_FRED日度原始.png","45145","2026-07-26T09:59:10.000Z","af055dcd8210c962652cacadfd12360defd8b27e20e3527078c30f16051567da"
"ARCHIVE_V1.0","10_数据集原件与说明/本地原件/最终数据/最终数据/outputs/019f56e7-91fe-7a43-b1d0-ae50e45c9d0c/gold_silver_chinese_previews/08_CFTC周度持仓.png","84720","2026-07-26T09:59:10.000Z","7f517650ccb89298d61d02353bc0a1686e7753332f6e6c28f849e6f1ee8462e1"
"ARCHIVE_V1.0","10_数据集原件与说明/本地原件/最终数据/最终数据/outputs/019f56e7-91fe-7a43-b1d0-ae50e45c9d0c/gold_silver_chinese_previews/09_金银月度主表.png","90513","2026-07-26T09:59:10.000Z","903bde3062650d226923e29c527e442fd0fc71e6edcab109386c7138e1a57ae2"
"ARCHIVE_V1.0","10_数据集原件与说明/本地原件/最终数据/最终数据/outputs/019f56e7-91fe-7a43-b1d0-ae50e45c9d0c/gold_silver_chinese_previews/10_GPR月度.png","50614","2026-07-26T09:59:10.000Z","50ae9168b1a0005777f8ac5ac6c11375e259f2bd33d3c594fa2251d51b2c6d26"
"ARCHIVE_V1.0","10_数据集原件与说明/本地原件/最终数据/最终数据/outputs/019f56e7-91fe-7a43-b1d0-ae50e45c9d0c/gold_silver_chinese_previews/11_白银年度供需.png","212771","2026-07-26T09:59:10.000Z","4e08455514789bf6023e612587d66283d1bdf7b913f85213163c064b52b385cf"
"ARCHIVE_V1.0","10_数据集原件与说明/本地原件/最终数据/最终数据/outputs/019f56e7-91fe-7a43-b1d0-ae50e45c9d0c/gold_silver_chinese_previews/12_来源与口径.png","173863","2026-07-26T09:59:12.000Z","0594c99a828153a4da1914b08e225808986d005be988f26a85e3b2dd65194fd9"
"ARCHIVE_V1.0","10_数据集原件与说明/本地原件/最终数据/最终数据/outputs/019f56e7-91fe-7a43-b1d0-ae50e45c9d0c/gold_silver_chinese_previews/13_质量检查.png","93223","2026-07-26T09:59:12.000Z","c2b40f26571fa0c495573fa4760318b7da95e034d25dcb4a8679fda664ddfd98"
"ARCHIVE_V1.0","10_数据集原件与说明/本地原件/最终数据/最终数据/outputs/019f56e7-91fe-7a43-b1d0-ae50e45c9d0c/gold_silver_factor_previews/00_说明与总览.png","144119","2026-07-26T09:49:44.000Z","1390256a13216ccaca6c1077130f56ce9d55b8199b3b4d0d14500db82c00c745"
"ARCHIVE_V1.0","10_数据集原件与说明/本地原件/最终数据/最终数据/outputs/019f56e7-91fe-7a43-b1d0-ae50e45c9d0c/gold_silver_factor_previews/03_事件关联.png","144116","2026-07-26T09:49:46.000Z","06da3f27f7692229739bea194ea064b247dc7665d91403d3b4c22fb6ea57de23"
"ARCHIVE_V1.0","10_数据集原件与说明/本地原件/最终数据/最终数据/outputs/019f56e7-91fe-7a43-b1d0-ae50e45c9d0c/gold_silver_factor_previews/05_金银日度主表.png","105951","2026-07-26T09:49:46.000Z","4ff53186d87f4e60fa908f57d066834bd96cdba357438e83bedc5c1fd47371f6"
"ARCHIVE_V1.0","10_数据集原件与说明/本地原件/最终数据/最终数据/outputs/019f56e7-91fe-7a43-b1d0-ae50e45c9d0c/gold_silver_factor_previews/11_白银年度供需.png","198853","2026-07-26T09:49:48.000Z","ae201fe4f96958fb627f89bc3bc2920dc2dee429fbf27738983047940a9171ac"
"ARCHIVE_V1.0","10_数据集原件与说明/本地原件/最终数据/最终数据/outputs/019f56e7-91fe-7a43-b1d0-ae50e45c9d0c/gold_silver_factor_previews/13_质量检查.png","91478","2026-07-26T09:49:48.000Z","2c812c3fd2271b36bd6059b6af591c8eaed5385c7a636d085574267e29602e69"
"ARCHIVE_V1.0","10_数据集原件与说明/本地原件/最终数据/最终数据/outputs/019f56e7-91fe-7a43-b1d0-ae50e45c9d0c/previews/00_使用说明.png","186245","2026-07-13T02:03:14.000Z","6674ffeca2d78280002b5512d578247ac0f97f168d14120a834dd400161afa3c"
"ARCHIVE_V1.0","10_数据集原件与说明/本地原件/最终数据/最终数据/outputs/019f56e7-91fe-7a43-b1d0-ae50e45c9d0c/previews/01_数据目录.png","285424","2026-07-13T02:03:14.000Z","d349052cc2483be4a8e42cf12efd5d11b46272e3178e2c7053f11ffaf0d579f6"
"ARCHIVE_V1.0","10_数据集原件与说明/本地原件/最终数据/最终数据/outputs/019f56e7-91fe-7a43-b1d0-ae50e45c9d0c/previews/02_因素地图.png","151372","2026-07-13T02:03:14.000Z","82d767eca43c82c2deed120cef1903bea1d9c71b87c5b9229ad99cf9bf359a79"
"ARCHIVE_V1.0","10_数据集原件与说明/本地原件/最终数据/最终数据/outputs/019f56e7-91fe-7a43-b1d0-ae50e45c9d0c/previews/03_事件时间线.png","373104","2026-07-13T02:03:16.000Z","9bf143a0e19622d38a1c4597237ba4670a1afd417f3e56e37be8cd7b221eabb9"
"ARCHIVE_V1.0","10_数据集原件与说明/本地原件/最终数据/最终数据/outputs/019f56e7-91fe-7a43-b1d0-ae50e45c9d0c/previews/04_因子扫描.png","205427","2026-07-13T02:03:16.000Z","ace1cbb4c31661fa95d5d112aee024bf283bcb96880769c9ac23b20c8213dac9"
"ARCHIVE_V1.0","10_数据集原件与说明/本地原件/最终数据/最终数据/outputs/019f56e7-91fe-7a43-b1d0-ae50e45c9d0c/previews/05_月度建模表.png","121242","2026-07-13T02:03:16.000Z","bd632993f42bc18fdf7a22890ab056db4365c18c1e78ca29ff5a878c61a32bdf"
"ARCHIVE_V1.0","10_数据集原件与说明/本地原件/最终数据/最终数据/outputs/019f56e7-91fe-7a43-b1d0-ae50e45c9d0c/previews/06_月度价格.png","140889","2026-07-13T02:03:16.000Z","d40b762f5d30e265be4dfc575795ca3d5ec7da5e3e6856a7cb287601e090290f"
"ARCHIVE_V1.0","10_数据集原件与说明/本地原件/最终数据/最终数据/outputs/019f56e7-91fe-7a43-b1d0-ae50e45c9d0c/previews/07_日收益率.png","55990","2026-07-13T02:03:16.000Z","a9ad34115b466bb4d2e5851a41f9bff16481a46bf6194e94617b0bc696aaa74a"
"ARCHIVE_V1.0","10_数据集原件与说明/本地原件/最终数据/最终数据/outputs/019f56e7-91fe-7a43-b1d0-ae50e45c9d0c/previews/08_美元指数.png","39158","2026-07-13T02:03:16.000Z","75c7252fc2e92719cb710ccd0d444efb2d1a5e25d9be04a275865a8dd2a4d211"
"ARCHIVE_V1.0","10_数据集原件与说明/本地原件/最终数据/最终数据/outputs/019f56e7-91fe-7a43-b1d0-ae50e45c9d0c/previews/09_CFTC持仓.png","141856","2026-07-13T02:03:16.000Z","f90ee14bcf6d44cf243ff8b070aec9dda4826b3355dab892de12876319a60748"
"ARCHIVE_V1.0","10_数据集原件与说明/本地原件/最终数据/最终数据/outputs/019f56e7-91fe-7a43-b1d0-ae50e45c9d0c/previews/10_GPR指数.png","82381","2026-07-13T02:03:16.000Z","4a0c2a5477abc7c78dc714c8aa028f3d916ca87051faab8aa8a1757fb4a9eceb"
"ARCHIVE_V1.0","10_数据集原件与说明/本地原件/最终数据/最终数据/outputs/019f56e7-91fe-7a43-b1d0-ae50e45c9d0c/previews/11_质量检查.png","115874","2026-07-13T02:03:16.000Z","64cf48b997c665bc682d344e27c67560d44b7defed4465041bad3279067095c8"
"ARCHIVE_V1.0","10_数据集原件与说明/本地原件/最终数据/最终数据/research/media_sentiment_gold_paper/datasets/processed/China_Mainland_EPU_proxy_2022-02_to_2025-02.csv","4355","2026-07-15T11:37:50.000Z","1fd2cdd557f47c4483eaf3f75a9fcf9acf8d41c4b906219d35fce2222a365a7b"
"ARCHIVE_V1.0","10_数据集原件与说明/本地原件/最终数据/最终数据/research/media_sentiment_gold_paper/datasets/processed/Fed_broad_dollar_proxy_2022-02_to_2025-02.csv","69257","2026-07-15T11:37:50.000Z","10e9314091975551e1d59cc1e10b3ce38b30aeb6803448273d250a721b43e5da"
"ARCHIVE_V1.0","10_数据集原件与说明/本地原件/最终数据/最终数据/research/media_sentiment_gold_paper/datasets/processed/THUOCL_caijing_utf8.csv","58494","2026-07-15T11:37:50.000Z","7835d68446c871cf2b59ef552d7301c04849e4778ec01873abbbc3a220e84a24"
"ARCHIVE_V1.0","10_数据集原件与说明/本地原件/最终数据/最终数据/research/media_sentiment_gold_paper/datasets/processed/US_Treasury_real_yield_proxy_2022-02_to_2025-02.csv","85352","2026-07-15T11:37:50.000Z","9ac2c8e57b9784e9d8715bd00c4b79d0f4ac2fa386400b501c4795c02ba3df20"
"ARCHIVE_V1.0","10_数据集原件与说明/本地原件/最终数据/最终数据/research/media_sentiment_gold_paper/datasets/processed/World_Bank_commodity_proxies_2022-02_to_2025-02.csv","4554","2026-07-15T11:37:50.000Z","fbb27012e156ff32a0347741cefdb5953c6e8fa335a348e4912db08cbcaec814"
"ARCHIVE_V1.0","10_数据集原件与说明/本地原件/最终数据/最终数据/research/media_sentiment_gold_paper/datasets/raw/China_Mainland_Paper_EPU.xlsx","48773","2026-07-13T05:49:04.000Z","16941dfed24eed12afe2d9e92b02a561e2b2f2e4540ae3306893d70985e79222"
"ARCHIVE_V1.0","10_数据集原件与说明/本地原件/最终数据/最终数据/research/media_sentiment_gold_paper/datasets/raw/THUOCL_caijing.txt","62296","2026-07-13T05:28:38.000Z","68e63d2009e59c6f388eeaa789d19b6a681657de3e8e56cc3479b21cd8548542"
"ARCHIVE_V1.0","10_数据集原件与说明/本地原件/最终数据/最终数据/research/media_sentiment_gold_paper/datasets/raw/THUOCL_LICENSE.txt","1063","2026-07-13T05:28:38.000Z","db4b8cca414db4cf487b933d07a0514f77caf44f9f3d392f2bc9d7ba0d511c58"
"ARCHIVE_V1.0","10_数据集原件与说明/本地原件/最终数据/最终数据/research/media_sentiment_gold_paper/metadata/checksums_sha256.txt","2004","2026-07-15T11:37:54.000Z","075c9565cdc8da26036abdfd7500d68d828f924dda58cddae03f23164c1dd309"
"ARCHIVE_V1.0","10_数据集原件与说明/本地原件/最终数据/最终数据/research/media_sentiment_gold_paper/metadata/dataset_manifest.csv","6223","2026-07-15T11:37:50.000Z","a0c7333bbd04c4f0c05619806e23aa9af3b53075b9745496c7a16e94ba3af53c"
"ARCHIVE_V1.0","10_数据集原件与说明/本地原件/最终数据/最终数据/research/media_sentiment_gold_paper/metadata/europepmc_fulltext.xml","289341","2026-07-13T05:20:22.000Z","1aa9d51b0e09a196758e72f6b58f6df55f42216213930d44fa2eb9e541c71799"
"ARCHIVE_V1.0","10_数据集原件与说明/本地原件/最终数据/最终数据/research/media_sentiment_gold_paper/metadata/heywhale_app.js","440614","2026-07-13T05:27:56.000Z","a3f0e314b53435400a271eadc3c164e4a8ea8045bbe39f6f0a5661e2aaf155a7"
"ARCHIVE_V1.0","10_数据集原件与说明/本地原件/最终数据/最终数据/research/media_sentiment_gold_paper/metadata/heywhale_dataset_page.html","1176","2026-07-13T05:27:34.000Z","50b7588d55000764dd1e33733bd0d70319d58c77bede63fa47cb6d597b2d2b57"
"ARCHIVE_V1.0","10_数据集原件与说明/本地原件/最终数据/最终数据/research/media_sentiment_gold_paper/metadata/sge_en_daily.html","48869","2026-07-13T06:02:46.000Z","a0cae3c4742b81f92f67b66afccc3774b688c6b08c043edc1273cddf776d9546"
"ARCHIVE_V1.0","10_数据集原件与说明/本地原件/最终数据/最终数据/research/media_sentiment_gold_paper/metadata/sge_func.js","45483","2026-07-13T05:57:52.000Z","05b2bf8b527f19a71aa6d48cad443622b1453c6af2bff2c00bad5181616ba7b6"
"ARCHIVE_V1.0","10_数据集原件与说明/本地原件/最终数据/最终数据/research/media_sentiment_gold_paper/metadata/sge_main.js","4628","2026-07-13T05:57:52.000Z","095cd996e7b768280dc45a479cdb67e3d8c311d127b6cebd88f474262777d947"
"ARCHIVE_V1.0","10_数据集原件与说明/本地原件/最终数据/最终数据/research/media_sentiment_gold_paper/metadata/sge_quotation_daily_new.html","43810","2026-07-13T05:59:42.000Z","a8a5d352558791a5e9986e6cdb52c6daeafda3d3203c860cf891f7d63deca57b"
"ARCHIVE_V1.0","10_数据集原件与说明/本地原件/最终数据/最终数据/research/media_sentiment_gold_paper/metadata/sge_tools.js","33766","2026-07-13T05:57:52.000Z","3791aae159b6a6b2e37fc533131bdb9d765b425d5823580c9f933ac125b7070e"
"ARCHIVE_V1.0","10_数据集原件与说明/本地原件/最终数据/最终数据/research/media_sentiment_gold_paper/outputs/019f56e7-91fe-7a43-b1d0-ae50e45c9d0c/论文数据来源与复现清单.xlsx","128084","2026-07-15T11:37:54.000Z","0f201c8de76bdc2c20c83ef8877bffd963a685b5a205d0310b446dc516c6cce5"
"ARCHIVE_V1.0","10_数据集原件与说明/本地原件/最终数据/最终数据/research/media_sentiment_gold_paper/outputs/019f56e7-91fe-7a43-b1d0-ae50e45c9d0c/论文数据来源与复现清单.xlsx.inspect.ndjson","4156109","2026-07-15T11:37:54.000Z","3f3960de6bf79f0fdbedd13be0eb34444d13838dd1df9b7c18930753c20d5b75"
"ARCHIVE_V1.0","10_数据集原件与说明/本地原件/最终数据/最终数据/research/media_sentiment_gold_paper/outputs/019f56e7-91fe-7a43-b1d0-ae50e45c9d0c/formula_error_scan.ndjson","60","2026-07-15T11:37:50.000Z","acc0111e19cf44d2753fc9ecd164bf1b27fbd65597463a25cf48bd1c65e90146"
"ARCHIVE_V1.0","10_数据集原件与说明/本地原件/最终数据/最终数据/research/media_sentiment_gold_paper/outputs/019f56e7-91fe-7a43-b1d0-ae50e45c9d0c/previews/导读.png","296719","2026-07-15T11:37:52.000Z","56c9d2012b5808783749b1c3fb08a517d84614c629dbbc47fc67f72be2cd1898"
"ARCHIVE_V1.0","10_数据集原件与说明/本地原件/最终数据/最终数据/research/media_sentiment_gold_paper/outputs/019f56e7-91fe-7a43-b1d0-ae50e45c9d0c/previews/复现风险.png","270198","2026-07-15T11:37:52.000Z","2b200869f2b6818b962d592cddac74298f218b5c6dfeaea682537c73aed3e5bf"
"ARCHIVE_V1.0","10_数据集原件与说明/本地原件/最终数据/最终数据/research/media_sentiment_gold_paper/outputs/019f56e7-91fe-7a43-b1d0-ae50e45c9d0c/previews/美元指数代理.png","274924","2026-07-15T11:37:52.000Z","beec18add2f22e0aa215d267e719cf3c55dd5284f3072ae000d5b41e0498a0e0"
"ARCHIVE_V1.0","10_数据集原件与说明/本地原件/最终数据/最终数据/research/media_sentiment_gold_paper/outputs/019f56e7-91fe-7a43-b1d0-ae50e45c9d0c/previews/商品月度代理.png","347659","2026-07-15T11:37:52.000Z","a4fca2c492d06fd2af7e22e911c9a7391264a7bac57f45c1e008941c328ac087"
"ARCHIVE_V1.0","10_数据集原件与说明/本地原件/最终数据/最终数据/research/media_sentiment_gold_paper/outputs/019f56e7-91fe-7a43-b1d0-ae50e45c9d0c/previews/实际利率代理.png","329095","2026-07-15T11:37:52.000Z","b8cbbd3916426bcf3a30150ee2179b35910a28bf85738bb29d2765b2a9c394b0"
"ARCHIVE_V1.0","10_数据集原件与说明/本地原件/最终数据/最终数据/research/media_sentiment_gold_paper/outputs/019f56e7-91fe-7a43-b1d0-ae50e45c9d0c/previews/数据清单.png","492809","2026-07-15T11:37:52.000Z","d66875fcac53ada943fcc255177b270cdb938ef65fc1e30d7995bec569f933a9"
"ARCHIVE_V1.0","10_数据集原件与说明/本地原件/最终数据/最终数据/research/media_sentiment_gold_paper/outputs/019f56e7-91fe-7a43-b1d0-ae50e45c9d0c/previews/质量检查.png","81621","2026-07-15T11:37:54.000Z","4a831ed5fa86ecdc11af920f5813b77ac9bc9491c13d091a24635481d008dcd4"
"ARCHIVE_V1.0","10_数据集原件与说明/本地原件/最终数据/最终数据/research/media_sentiment_gold_paper/outputs/019f56e7-91fe-7a43-b1d0-ae50e45c9d0c/previews/EPU代理.png","312384","2026-07-15T11:37:52.000Z","fcc4d5d2f09bdd43304cd8e020b395d78215587289576e9a1dcb71b86f538552"
"ARCHIVE_V1.0","10_数据集原件与说明/本地原件/最终数据/最终数据/research/media_sentiment_gold_paper/outputs/019f56e7-91fe-7a43-b1d0-ae50e45c9d0c/previews/THUOCL财经词表.png","95475","2026-07-15T11:37:52.000Z","1d06b1958bc3fdba744a5055c28338172ea6f8e621f45c45be4f31d1fb207fea"
"ARCHIVE_V1.0","10_数据集原件与说明/本地原件/最终数据/最终数据/research/media_sentiment_gold_paper/outputs/019f56e7-91fe-7a43-b1d0-ae50e45c9d0c/workbook_inspect.ndjson","15877","2026-07-15T11:37:50.000Z","0b6ae80ef747fff19c464db237e165e78ab63611686614db7def0cf6320c6353"
"ARCHIVE_V1.0","10_数据集原件与说明/本地原件/最终数据/最终数据/research/media_sentiment_gold_paper/README_论文学习与数据说明.md","9074","2026-07-15T11:37:04.000Z","b423033d42841d2cb258f7f3c6bfefc09eea27ec10ff2ac92c74b6f5123b7347"
"ARCHIVE_V1.0","10_数据集原件与说明/本地原件/最终数据/最终数据/research/media_sentiment_gold_paper/scripts/build_reproducibility_package.mjs","30108","2026-07-15T11:37:22.000Z","78b91219f6df916073a1d55ee6e66f5702532985a664b019a1488c8431d5b82a"
"ARCHIVE_V1.0","12_复现脚本与运行记录/archive_pipeline.mjs","112477","2026-08-15T19:44:48.485Z","ae9733d49427d825e0d92f59b04d9f77d07033b06297ac428aaa870f286f812c"
"ARCHIVE_V1.0","12_复现脚本与运行记录/download_log.jsonl","117056","2026-08-15T19:41:16.473Z","66a4e4f09ec604228c287d84d924bc3d07072d710c4bf93b99b65dd6e4f0cbe8"
"ARCHIVE_V1.0","12_复现脚本与运行记录/extract_xlsx_urls.ps1","3016","2026-08-15T19:14:47.938Z","f5d1f049170d2dac54c32442af6bd0ba917515fa899c7fccb59f05a4cc123d4c"
"ARCHIVE_V1.0","12_复现脚本与运行记录/latex_compile.log","59880","2026-08-15T19:41:48.049Z","535c8d1dd4daade7c8c55b062d3194cceef91a3f2afc6f13df18cf70dabcaa33"
"ARCHIVE_V1.0","12_复现脚本与运行记录/old_source_hash_comparison.csv","44930","2026-08-15T19:44:57.231Z","3ab7d21d58034bf775ea7377a39db65b3a8c8beb6cade585e2cf180d14a1b76d"
"ARCHIVE_V1.0","12_复现脚本与运行记录/pdf_visual_qa.json","509","2026-08-15T19:44:58.140Z","2f8c2134fa25c8805c3198ec55dc9edf6b6f7b8a808f3fd4d5a05500ae7bdea9"
"ARCHIVE_V1.0","12_复现脚本与运行记录/qa_summaries/ndjson_qa_summary.csv","1826","2026-08-15T19:41:16.466Z","6b1edf17db76419c2774c5d224db3c6787984a54c8e9ee8d834fc62c0df7f5aa"
"ARCHIVE_V1.0","12_复现脚本与运行记录/qa_summaries/ndjson_qa_summary.json","3011","2026-08-15T19:41:16.467Z","58e2d556f5c25e6e66583ef9bfb2253c78a71941db64ce75f7183f5de9d28fc4"
"ARCHIVE_V1.0","12_复现脚本与运行记录/qa_summaries/ndjson_qa_summary.json.gz","891","2026-08-15T19:41:16.470Z","ed5f951dc07c68065aef9425bb9d85f9be3188ec1e39ac1e35f9f5a6dd4f7574"
"ARCHIVE_V1.0","12_复现脚本与运行记录/run_manifest.json","1395","2026-08-15T19:44:58.199Z","7152df333b7a4852e393d0702e4a142ce4abae5e194f382f75139c0a38255ecb"
"ARCHIVE_V1.0","12_复现脚本与运行记录/state/archive_state.json","3710355","2026-08-15T19:44:58.223Z","ff7bf27b10809ceef6d2ab491ea9b6f3dd7d4e972d04496336e6caf0927ea69e"
"ARCHIVE_V1.0","12_复现脚本与运行记录/state/old_source_hashes_before.jsonl","47318","2026-08-15T19:30:06.535Z","43e6a1be03dd58bf4f345a6db4eb4db607c1fc702dad06c5b46b33f4256ac414"
"ARCHIVE_V1.0","delivery/offline_ai_handoff_roundtrip_test.json","4780","2026-08-15T19:46:34.451Z","d124145299cc06ad4ebe94ec35db73ff18dc66aaf9a3e375246e3129aac45b2a"
"ARCHIVE_V1.0","delivery/package_hashes.txt","222","2026-08-15T19:46:34.446Z","10ffbea52332ac81d190c4571f6b6d8c40e85ca70bae30849f7a56f32784ecdb"
"ARCHIVE_V1.0","delivery/package_verification.json","575","2026-08-15T19:46:34.449Z","0733cb48d97251050359f2f27e765fa9f5050b72cdf75b8604f96d9e8d40a580"
"ARCHIVE_V1.0","delivery/XH-202612_调研资料本机冷备份_V1.0.zip","114836791","2026-08-15T19:46:27.817Z","40a9d2519ef60c0c8455b44c4fe011477b5004702333956cf0a6e3a57eb0aa42"
"ARCHIVE_V1.0","delivery/XH-202612_调研资料AI交接包_V1.0.zip","30416463","2026-08-15T19:46:23.283Z","a6723afd6aac99cb5606b7fed1cdd1892707ad2a873eff71ea508c3216422ee5"
"ARCHIVE_V1.0","report/调研资料归档与AI交接说明书_V1.0.pdf","671394","2026-08-15T19:41:47.979Z","eae957eb66727e2136828038da1efa01336e6c6100c54f539369ca14004e1216"
"ARCHIVE_V1.0","report/调研资料归档与AI交接说明书_V1.0.tex","214253","2026-08-15T19:41:17.349Z","1157e1e1858c6fd12001b320ee3268de171fefbbf62dbfd84f989746bf45e860"
"ARCHIVE_V1.0","report/research_sources.bib","158565","2026-08-15T19:41:17.332Z","5983dd31cab744192362ad8fcee35dc7fa3897f1beb7399093d5445c949024be"
