asset_id,archive_run_id_v10,old_download_status,title,publisher,category,evidence_grade,redistribution_scope,content_type,required_fields,data_usage,preferred_endpoint,request_parameters,extraction_method,raw_local_path,extracted_local_path,target_table,smartbi_page,acceptance_rule,replacement_source,acquisition_state,content_state,extraction_state,formal_use_state,failure_reason,owner,next_action,final_status,reviewed_at
LCL-0156,20260816_research_archive_v1,ALREADY_LOCAL_VERIFIED,heywhale_dataset_page.html,项目已有资料,10_数据集原件与说明,内部,private_only,EMPTY_SHELL,case_evidence: 案例ID、事件簇、命题角色、关键事实、来源等级、页码、复核状态,保存既有原始数据、代理数据、质量检查、字段说明和复现记录。,,公开GET；具体API查询参数在正式source_registry冻结；禁止认证信息落盘。,HTML表格: cheerio；正文: Readability+Markdown；动态页: 公开API/人工任务卡,10_数据集原件与说明/本地原件/最终数据/最终数据/research/media_sentiment_gold_paper/metadata/heywhale_dataset_page.html,,case_evidence,DB05 决策、约束与证据中心,取得状态、内容可用性、提取状态和正式用途四态齐全；不得单独支撑核心结论。,,ACQUIRED,EMPTY_SHELL,FAILED,EXCLUDED,EMPTY_SHELL,B,补充权威替代来源；无法取得时删除相应字段和结论承诺。,ACQUIRED|EMPTY_SHELL|FAILED|EXCLUDED,2026-08-16T09:22:23.189Z
LCL-0157,20260816_research_archive_v1,ALREADY_LOCAL_VERIFIED,sge_en_daily.html,项目已有资料,10_数据集原件与说明,内部,private_only,NARRATIVE_CONTENT,asset_monthly_return: 月份、资产、计价口径、价格、收益、成本、来源版本；case_evidence: 案例ID、事件簇、命题角色、关键事实、来源等级、页码、复核状态,保存既有原始数据、代理数据、质量检查、字段说明和复现记录。,,公开GET；具体API查询参数在正式source_registry冻结；禁止认证信息落盘。,HTML表格: cheerio；正文: Readability+Markdown；动态页: 公开API/人工任务卡,10_数据集原件与说明/本地原件/最终数据/最终数据/research/media_sentiment_gold_paper/metadata/sge_en_daily.html,02_提取正文/LCL-0157/content.json,asset_monthly_return | case_evidence,DB04 多币种—黄金周期实验室 | DB05 决策、约束与证据中心,取得状态、内容可用性、提取状态和正式用途四态齐全；不得单独支撑核心结论。,,ACQUIRED,NARRATIVE_CONTENT,EXTRACTED,SUPPLEMENT,,B,按项目用途复核；不足以单独支持核心结论。,ACQUIRED|NARRATIVE_CONTENT|EXTRACTED|SUPPLEMENT,2026-08-16T09:22:23.189Z
LCL-0160,20260816_research_archive_v1,ALREADY_LOCAL_VERIFIED,sge_quotation_daily_new.html,项目已有资料,10_数据集原件与说明,内部,private_only,NARRATIVE_CONTENT,asset_monthly_return: 月份、资产、计价口径、价格、收益、成本、来源版本；case_evidence: 案例ID、事件簇、命题角色、关键事实、来源等级、页码、复核状态,保存既有原始数据、代理数据、质量检查、字段说明和复现记录。,,公开GET；具体API查询参数在正式source_registry冻结；禁止认证信息落盘。,HTML表格: cheerio；正文: Readability+Markdown；动态页: 公开API/人工任务卡,10_数据集原件与说明/本地原件/最终数据/最终数据/research/media_sentiment_gold_paper/metadata/sge_quotation_daily_new.html,02_提取正文/LCL-0160/content.json,asset_monthly_return | case_evidence,DB04 多币种—黄金周期实验室 | DB05 决策、约束与证据中心,取得状态、内容可用性、提取状态和正式用途四态齐全；不得单独支撑核心结论。,,ACQUIRED,NARRATIVE_CONTENT,EXTRACTED,SUPPLEMENT,,B,按项目用途复核；不足以单独支持核心结论。,ACQUIRED|NARRATIVE_CONTENT|EXTRACTED|SUPPLEMENT,2026-08-16T09:22:23.189Z
WEB-0001,20260816_research_archive_v1,METADATA_ONLY_LICENSE,5. 中国建设银行，2013年8月，《2013年上半年黄金市场回顾与预判》——6月20日美联储声明后金价单日跌5%,ccb.com,05_全球周期与历史危机,D,metadata_only,NOT_ACQUIRED,asset_monthly_return: 月份、资产、计价口径、价格、收益、成本、来源版本；case_evidence: 案例ID、事件簇、命题角色、关键事实、来源等级、页码、复核状态；historical_crisis_event: 历史事件、制度环境、政策节点、起止期、可比性、黄金与美元表现；global_cycle_month: 月份、工业生产、失业、CPI、利率、利差、美元、金融条件、市场回撤、周期标签,识别全球经济周期、资产泡沫、信用危机、衰退与历史制度差异。,http://ccb.com/cn/ccbtoday/jhbkhb/20130813_1376363753.html,公开GET；具体API查询参数在正式source_registry冻结；禁止认证信息落盘。,HTML表格: cheerio；正文: Readability+Markdown；动态页: 公开API/人工任务卡,,,asset_monthly_return | case_evidence | historical_crisis_event | global_cycle_month,DB04 多币种—黄金周期实验室 | DB05 决策、约束与证据中心 | DB06 全球周期与历史危机,取得状态、内容可用性、提取状态和正式用途四态齐全；不得单独支撑核心结论。,,NOT_APPLICABLE,NOT_ACQUIRED,FAILED,EXCLUDED,NOT_ACQUIRED,B,仅保留元数据；正式分析改用许可允许的权威替代源。,NOT_APPLICABLE|NOT_ACQUIRED|FAILED|EXCLUDED,2026-08-16T09:22:23.191Z
WEB-0002,20260816_research_archive_v1,DOWNLOADED_VERIFIED,shanghai gold exchange,上海黄金交易所,06_黄金美元与储备配置,B,shared,MIXED_CONTENT,asset_monthly_return: 月份、资产、计价口径、价格、收益、成本、来源版本；portfolio_scenario: 情景、周期、权重、成本、流动性、CVaR、回撤、合法可用比例,比较美元、短债、黄金、人民币资产与套保工具的周期性作用。,https://en.sge.com.cn/,公开GET；具体API查询参数在正式source_registry冻结；禁止认证信息落盘。,HTML表格: cheerio；正文: Readability+Markdown；动态页: 公开API/人工任务卡,06_黄金美元与储备配置/外部原件/WEB-0002__a_href=_/original.html,02_提取正文/WEB-0002/content.json,asset_monthly_return | portfolio_scenario,DB04 多币种—黄金周期实验室 | DB04/DB05 配置与约束,取得状态、内容可用性、提取状态和正式用途四态齐全；不得单独支撑核心结论。,,ACQUIRED,MIXED_CONTENT,EXTRACTED,SUPPLEMENT,,B,按项目用途复核；不足以单独支持核心结论。,ACQUIRED|MIXED_CONTENT|EXTRACTED|SUPPLEMENT,2026-08-16T09:22:23.191Z
WEB-0003,20260816_research_archive_v1,METADATA_ONLY_LICENSE,"4. 人民网财经，2013年4月22日，""黄金暴跌美联储和高盛难逃操纵嫌疑""——4月12日-5.03%、4月15日-9.09%为30年最大单日跌幅",finance.people.com.cn,05_全球周期与历史危机,D,metadata_only,NOT_ACQUIRED,asset_monthly_return: 月份、资产、计价口径、价格、收益、成本、来源版本；case_evidence: 案例ID、事件簇、命题角色、关键事实、来源等级、页码、复核状态；historical_crisis_event: 历史事件、制度环境、政策节点、起止期、可比性、黄金与美元表现；global_cycle_month: 月份、工业生产、失业、CPI、利率、利差、美元、金融条件、市场回撤、周期标签,识别全球经济周期、资产泡沫、信用危机、衰退与历史制度差异。,http://finance.people.com.cn/stock/n/2013/0422/c67815-21224610.html,公开GET；具体API查询参数在正式source_registry冻结；禁止认证信息落盘。,HTML表格: cheerio；正文: Readability+Markdown；动态页: 公开API/人工任务卡,,,asset_monthly_return | case_evidence | historical_crisis_event | global_cycle_month,DB04 多币种—黄金周期实验室 | DB05 决策、约束与证据中心 | DB06 全球周期与历史危机,取得状态、内容可用性、提取状态和正式用途四态齐全；不得单独支撑核心结论。,,NOT_APPLICABLE,NOT_ACQUIRED,FAILED,EXCLUDED,NOT_ACQUIRED,B,仅保留元数据；正式分析改用许可允许的权威替代源。,NOT_APPLICABLE|NOT_ACQUIRED|FAILED|EXCLUDED,2026-08-16T09:22:23.191Z
WEB-0011,20260816_research_archive_v1,DOWNLOADED_VERIFIED,中国人民银行办公厅关于印发《黄金租借业务管理暂行办法》的通知（银办发〔2022〕88号）,www.pbc.gov.cn,08_企业案例与公开披露,A,shared,MIXED_CONTENT,company_overseas_exposure: 企业、财年、海外收入、披露地区、汇兑损益、外币资产负债、套保、现金、授信、页码；country_event: 事件ID、国家、类型、起止月、触发值、证据等级、决策时可知性；asset_monthly_return: 月份、资产、计价口径、价格、收益、成本、来源版本；portfolio_scenario: 情景、周期、权重、成本、流动性、CVaR、回撤、合法可用比例,核验企业海外收入、汇兑损益、冻结、退出和储备配置事实。,https://www.pbc.gov.cn/tiaofasi/144941/3581332/4600134/index.html,公开GET；具体API查询参数在正式source_registry冻结；禁止认证信息落盘。,HTML表格: cheerio；正文: Readability+Markdown；动态页: 公开API/人工任务卡,08_企业案例与公开披露/外部原件/WEB-0011_人民银行，2022/original.html,02_提取正文/WEB-0011/content.json,company_overseas_exposure | country_event | asset_monthly_return | portfolio_scenario,DB03 中国企业海外风险 | DB02 国别与危机下钻 | DB04 多币种—黄金周期实验室 | DB04/DB05 配置与约束,取得状态、内容可用性、提取状态和正式用途四态齐全；核心数字须A级或双B级并有人审。,,ACQUIRED,MIXED_CONTENT,EXTRACTED,CORE,,D,人工复核关键字段与source_locator；通过后映射至正式source_registry。,ACQUIRED|MIXED_CONTENT|EXTRACTED|CORE,2026-08-16T09:22:23.191Z
WEB-0013,20260816_research_archive_v1,DOWNLOADED_VERIFIED,首页-上海黄金交易所,上海黄金交易所,06_黄金美元与储备配置,B,shared,STRUCTURED_DATA,asset_monthly_return: 月份、资产、计价口径、价格、收益、成本、来源版本；portfolio_scenario: 情景、周期、权重、成本、流动性、CVaR、回撤、合法可用比例,比较美元、短债、黄金、人民币资产与套保工具的周期性作用。,https://www.sge.com.cn/,公开GET；具体API查询参数在正式source_registry冻结；禁止认证信息落盘。,HTML表格: cheerio；正文: Readability+Markdown；动态页: 公开API/人工任务卡,06_黄金美元与储备配置/外部原件/WEB-0013__a_href=_/original.html,02_提取正文/WEB-0013/content.json,asset_monthly_return | portfolio_scenario,DB04 多币种—黄金周期实验室 | DB04/DB05 配置与约束,取得状态、内容可用性、提取状态和正式用途四态齐全；不得单独支撑核心结论。,,ACQUIRED,STRUCTURED_DATA,EXTRACTED,SUPPLEMENT,,B,按项目用途复核；不足以单独支持核心结论。,ACQUIRED|STRUCTURED_DATA|EXTRACTED|SUPPLEMENT,2026-08-16T09:22:23.191Z
WEB-0026,20260816_research_archive_v1,DOWNLOADED_VERIFIED,Precious metals retreat from record highs,World Bank,06_黄金美元与储备配置,B,shared,NARRATIVE_CONTENT,asset_monthly_return: 月份、资产、计价口径、价格、收益、成本、来源版本；portfolio_scenario: 情景、周期、权重、成本、流动性、CVaR、回撤、合法可用比例,比较美元、短债、黄金、人民币资产与套保工具的周期性作用。,https://blogs.worldbank.org/en/opendata/precious-metals-retreat-from-record-highs,公开GET；具体API查询参数在正式source_registry冻结；禁止认证信息落盘。,HTML表格: cheerio；正文: Readability+Markdown；动态页: 公开API/人工任务卡,06_黄金美元与储备配置/外部原件/WEB-0026_XLSX_entry_xl_worksheets_sheet4.xml/original.html,02_提取正文/WEB-0026/content.json,asset_monthly_return | portfolio_scenario,DB04 多币种—黄金周期实验室 | DB04/DB05 配置与约束,取得状态、内容可用性、提取状态和正式用途四态齐全；不得单独支撑核心结论。,,ACQUIRED,NARRATIVE_CONTENT,EXTRACTED,SUPPLEMENT,,B,按项目用途复核；不足以单独支持核心结论。,ACQUIRED|NARRATIVE_CONTENT|EXTRACTED|SUPPLEMENT,2026-08-16T09:22:23.192Z
WEB-0038,20260816_research_archive_v1,METADATA_ONLY_LICENSE,http cookies,curl.se,06_黄金美元与储备配置,D,metadata_only,NOT_ACQUIRED,asset_monthly_return: 月份、资产、计价口径、价格、收益、成本、来源版本；portfolio_scenario: 情景、周期、权重、成本、流动性、CVaR、回撤、合法可用比例,比较美元、短债、黄金、人民币资产与套保工具的周期性作用。,https://curl.se/docs/http-cookies.html,公开GET；具体API查询参数在正式source_registry冻结；禁止认证信息落盘。,HTML表格: cheerio；正文: Readability+Markdown；动态页: 公开API/人工任务卡,,,asset_monthly_return | portfolio_scenario,DB04 多币种—黄金周期实验室 | DB04/DB05 配置与约束,取得状态、内容可用性、提取状态和正式用途四态齐全；不得单独支撑核心结论。,,NOT_APPLICABLE,NOT_ACQUIRED,FAILED,EXCLUDED,NOT_ACQUIRED,B,仅保留元数据；正式分析改用许可允许的权威替代源。,NOT_APPLICABLE|NOT_ACQUIRED|FAILED|EXCLUDED,2026-08-16T09:22:23.192Z
WEB-0039,20260816_research_archive_v1,DOWNLOADED_VERIFIED,Residential property prices - dashboards | BIS Data Portal,Bank for International Settlements,04_国别货币与中国出海,B,shared,DOWNLOAD_LANDING,source_registry: 平台版本、导入能力、ETL、模型、AIChat、XML、评分条款；country_monthly_risk: ISO3、月份、官方汇率、CPI、储备、平行汇率、发布日期、质量标记；country_policy_year: ISO3、年份、汇率制度、资本限制、汇出限制、制裁主体、有效期、原文定位,支持亚非拉国别风险、汇率、通胀、资本管制和中国投资暴露研究。,https://data.bis.org/topics/RPP/tables-and-dashboards,公开GET；具体API查询参数在正式source_registry冻结；禁止认证信息落盘。,HTML表格: cheerio；正文: Readability+Markdown；动态页: 公开API/人工任务卡,"04_国别货币与中国出海/外部原件/WEB-0039_boards,/original.html",02_提取正文/WEB-0039/content.json,source_registry | country_monthly_risk | country_policy_year,通用交付与评分证据 | DB01/DB02 国别风险与危机下钻 | DB02/DB05 政策与约束,取得状态、内容可用性、提取状态和正式用途四态齐全；不得单独支撑核心结论。,,ACQUIRED,DOWNLOAD_LANDING,EXTRACTED,SUPPLEMENT,,B,按项目用途复核；不足以单独支持核心结论。,ACQUIRED|DOWNLOAD_LANDING|EXTRACTED|SUPPLEMENT,2026-08-16T09:22:23.192Z
WEB-0040,20260816_research_archive_v1,DOWNLOADED_VERIFIED,WEO,International Monetary Fund,06_黄金美元与储备配置,B,private_only,NARRATIVE_CONTENT,source_registry: 平台版本、导入能力、ETL、模型、AIChat、XML、评分条款；asset_monthly_return: 月份、资产、计价口径、价格、收益、成本、来源版本；portfolio_scenario: 情景、周期、权重、成本、流动性、CVaR、回撤、合法可用比例,比较美元、短债、黄金、人民币资产与套保工具的周期性作用。,https://data.imf.org/-/media/iData/External-Storage/Documents/2F78EE59F79143A7921E5E203D3AAA80/en/WEOApr2026all.xlsx,公开GET；具体API查询参数在正式source_registry冻结；禁止认证信息落盘。,HTML表格: cheerio；正文: Readability+Markdown；动态页: 公开API/人工任务卡,06_黄金美元与储备配置/外部原件/WEB-0040_PDF_link_annotation_/original.html,02_提取正文/WEB-0040/content.json | 01_新增原件/WEB-0040/WEB-0040-R01_WEOApr2026all.xlsx | 01_新增原件/WEB-0040/WEB-0040-R02_WEOhistorical.xlsx | 03_提取表格/WEB-0040/WEB-0040-R01/April_2026_WEO.csv | 03_提取表格/WEB-0040/WEB-0040-R01/Countries.csv | 03_提取表格/WEB-0040/WEB-0040-R01/Country_Groups.csv | 03_提取表格/WEB-0040/WEB-0040-R01/Commodity_Prices.csv | 03_提取表格/WEB-0040/WEB-0040-R01/Country_Group_Composition.csv | 03_提取表格/WEB-0040/WEB-0040-R02/Info.csv | 03_提取表格/WEB-0040/WEB-0040-R02/ngdp_rpch.csv | 03_提取表格/WEB-0040/WEB-0040-R02/pcpi_pch.csv | 03_提取表格/WEB-0040/WEB-0040-R02/bca_gdp_bp6.csv,source_registry | asset_monthly_return | portfolio_scenario,通用交付与评分证据 | DB04 多币种—黄金周期实验室 | DB04/DB05 配置与约束,取得状态、内容可用性、提取状态和正式用途四态齐全；不得单独支撑核心结论。,,ACQUIRED,NARRATIVE_CONTENT,EXTRACTED,SUPPLEMENT,UNEXPECTED_HTML_INSTEAD_OF_STRUCTURED_RESOURCE,B,按项目用途复核；不足以单独支持核心结论。,ACQUIRED|NARRATIVE_CONTENT|EXTRACTED|SUPPLEMENT,2026-08-16T09:22:23.192Z
WEB-0042,20260816_research_archive_v1,DOWNLOADED_VERIFIED,"Inflation, consumer prices (annual %) | Data",World Bank,04_国别货币与中国出海,B,shared,DOWNLOAD_LANDING,country_monthly_risk: ISO3、月份、官方汇率、CPI、储备、平行汇率、发布日期、质量标记；country_policy_year: ISO3、年份、汇率制度、资本限制、汇出限制、制裁主体、有效期、原文定位,支持亚非拉国别风险、汇率、通胀、资本管制和中国投资暴露研究。,https://api.worldbank.org/v2/en/indicator/FP.CPI.TOTL.ZG?downloadformat=csv,公开GET；具体API查询参数在正式source_registry冻结；禁止认证信息落盘。,HTML表格: cheerio；正文: Readability+Markdown；动态页: 公开API/人工任务卡,04_国别货币与中国出海/外部原件/WEB-0042_PDF_link_annotation_/original.html,02_提取正文/WEB-0042/content.json | 01_新增原件/WEB-0042/WEB-0042-R01_FP.CPI.TOTL.ZG.zip | 01_新增原件/WEB-0042/WEB-0042-R02_FP.CPI.TOTL.ZG.xls | 01_新增原件/WEB-0042/WEB-0042-R03_FP.CPI.TOTL.ZG.zip | 01_新增原件/WEB-0042/expanded/WEB-0042-R01 | 01_新增原件/WEB-0042/expanded/WEB-0042-R01/API_FP.CPI.TOTL.ZG_DS2_en_csv_v2_285.csv | 01_新增原件/WEB-0042/expanded/WEB-0042-R01/Metadata_Country_API_FP.CPI.TOTL.ZG_DS2_en_csv_v2_285.csv | 01_新增原件/WEB-0042/expanded/WEB-0042-R01/Metadata_Indicator_API_FP.CPI.TOTL.ZG_DS2_en_csv_v2_285.csv | 01_新增原件/WEB-0042/expanded/WEB-0042-R03 | 01_新增原件/WEB-0042/expanded/WEB-0042-R03/API_FP.CPI.TOTL.ZG_DS2_en_xml_v2_2812.xml,country_monthly_risk | country_policy_year,DB01/DB02 国别风险与危机下钻 | DB02/DB05 政策与约束,取得状态、内容可用性、提取状态和正式用途四态齐全；不得单独支撑核心结论。,,ACQUIRED,DOWNLOAD_LANDING,EXTRACTED,SUPPLEMENT,,B,按项目用途复核；不足以单独支持核心结论。,ACQUIRED|DOWNLOAD_LANDING|EXTRACTED|SUPPLEMENT,2026-08-16T09:22:23.192Z
WEB-0043,20260816_research_archive_v1,DOWNLOADED_VERIFIED,"Official exchange rate (LCU per US$, period average) | Data",World Bank,04_国别货币与中国出海,B,shared,DOWNLOAD_LANDING,country_monthly_risk: ISO3、月份、官方汇率、CPI、储备、平行汇率、发布日期、质量标记；country_policy_year: ISO3、年份、汇率制度、资本限制、汇出限制、制裁主体、有效期、原文定位,支持亚非拉国别风险、汇率、通胀、资本管制和中国投资暴露研究。,https://api.worldbank.org/v2/en/indicator/PA.NUS.FCRF?downloadformat=csv,公开GET；具体API查询参数在正式source_registry冻结；禁止认证信息落盘。,HTML表格: cheerio；正文: Readability+Markdown；动态页: 公开API/人工任务卡,04_国别货币与中国出海/外部原件/WEB-0043_PDF_link_annotation_/original.html,02_提取正文/WEB-0043/content.json | 01_新增原件/WEB-0043/WEB-0043-R01_PA.NUS.FCRF.zip | 01_新增原件/WEB-0043/WEB-0043-R02_PA.NUS.FCRF.xls | 01_新增原件/WEB-0043/WEB-0043-R03_PA.NUS.FCRF.zip | 01_新增原件/WEB-0043/expanded/WEB-0043-R01 | 01_新增原件/WEB-0043/expanded/WEB-0043-R01/API_PA.NUS.FCRF_DS2_en_csv_v2_32.csv | 01_新增原件/WEB-0043/expanded/WEB-0043-R01/Metadata_Country_API_PA.NUS.FCRF_DS2_en_csv_v2_32.csv | 01_新增原件/WEB-0043/expanded/WEB-0043-R01/Metadata_Indicator_API_PA.NUS.FCRF_DS2_en_csv_v2_32.csv | 01_新增原件/WEB-0043/expanded/WEB-0043-R03 | 01_新增原件/WEB-0043/expanded/WEB-0043-R03/API_PA.NUS.FCRF_DS2_en_xml_v2_753.xml,country_monthly_risk | country_policy_year,DB01/DB02 国别风险与危机下钻 | DB02/DB05 政策与约束,取得状态、内容可用性、提取状态和正式用途四态齐全；不得单独支撑核心结论。,,ACQUIRED,DOWNLOAD_LANDING,EXTRACTED,SUPPLEMENT,,B,按项目用途复核；不足以单独支持核心结论。,ACQUIRED|DOWNLOAD_LANDING|EXTRACTED|SUPPLEMENT,2026-08-16T09:22:23.193Z
WEB-0044,20260816_research_archive_v1,DOWNLOADED_VERIFIED,Summary Terms of Use | Data,World Bank,04_国别货币与中国出海,B,shared,NARRATIVE_CONTENT,country_monthly_risk: ISO3、月份、官方汇率、CPI、储备、平行汇率、发布日期、质量标记；country_policy_year: ISO3、年份、汇率制度、资本限制、汇出限制、制裁主体、有效期、原文定位,支持亚非拉国别风险、汇率、通胀、资本管制和中国投资暴露研究。,https://data.worldbank.org/summary-terms-of-use,公开GET；具体API查询参数在正式source_registry冻结；禁止认证信息落盘。,HTML表格: cheerio；正文: Readability+Markdown；动态页: 公开API/人工任务卡,04_国别货币与中国出海/外部原件/WEB-0044_World_Bank数据许可/original.html,02_提取正文/WEB-0044/content.json,country_monthly_risk | country_policy_year,DB01/DB02 国别风险与危机下钻 | DB02/DB05 政策与约束,取得状态、内容可用性、提取状态和正式用途四态齐全；不得单独支撑核心结论。,,ACQUIRED,NARRATIVE_CONTENT,EXTRACTED,SUPPLEMENT,,B,按项目用途复核；不足以单独支持核心结论。,ACQUIRED|NARRATIVE_CONTENT|EXTRACTED|SUPPLEMENT,2026-08-16T09:22:23.193Z
WEB-0045,20260816_research_archive_v1,DOWNLOADED_VERIFIED,DataBank | The World Bank,World Bank,07_会计合规与制裁,B,shared,MIXED_CONTENT,country_monthly_risk: ISO3、月份、官方汇率、CPI、储备、平行汇率、发布日期、质量标记；country_policy_year: ISO3、年份、汇率制度、资本限制、汇出限制、制裁主体、有效期、原文定位；country_event: 事件ID、国家、类型、起止月、触发值、证据等级、决策时可知性；case_evidence: 案例ID、事件簇、命题角色、关键事实、来源等级、页码、复核状态；historical_crisis_event: 历史事件、制度环境、政策节点、起止期、可比性、黄金与美元表现,限定会计分类、托管、制裁、外汇管制和合法可用性边界。,https://databank.worldbank.org/,公开GET；具体API查询参数在正式source_registry冻结；禁止认证信息落盘。,HTML表格: cheerio；正文: Readability+Markdown；动态页: 公开API/人工任务卡,07_会计合规与制裁/外部原件/WEB-0045_8._俄罗斯_2015_年_GDP（-2%）：世界银行_WDI：_/original.html,02_提取正文/WEB-0045/content.json,country_monthly_risk | country_policy_year | country_event | case_evidence | historical_crisis_event,DB01/DB02 国别风险与危机下钻 | DB02/DB05 政策与约束 | DB02 国别与危机下钻 | DB05 决策、约束与证据中心 | DB06 全球周期与历史危机,取得状态、内容可用性、提取状态和正式用途四态齐全；不得单独支撑核心结论。,,ACQUIRED,MIXED_CONTENT,EXTRACTED,SUPPLEMENT,,A/D,按项目用途复核；不足以单独支持核心结论。,ACQUIRED|MIXED_CONTENT|EXTRACTED|SUPPLEMENT,2026-08-16T09:22:23.193Z
WEB-0046,20260816_research_archive_v1,DOWNLOADED_VERIFIED,World Bank Data Catalog,World Bank,06_黄金美元与储备配置,B,shared,NARRATIVE_CONTENT,source_registry: 平台版本、导入能力、ETL、模型、AIChat、XML、评分条款；asset_monthly_return: 月份、资产、计价口径、价格、收益、成本、来源版本；portfolio_scenario: 情景、周期、权重、成本、流动性、CVaR、回撤、合法可用比例,比较美元、短债、黄金、人民币资产与套保工具的周期性作用。,https://datacatalog.worldbank.org/,公开GET；具体API查询参数在正式source_registry冻结；禁止认证信息落盘。,HTML表格: cheerio；正文: Readability+Markdown；动态页: 公开API/人工任务卡,"06_黄金美元与储备配置/外部原件/WEB-0046_3_World_Bank,_Global_Economic_Monitor,/original.html",02_提取正文/WEB-0046/content.json,source_registry | asset_monthly_return | portfolio_scenario,通用交付与评分证据 | DB04 多币种—黄金周期实验室 | DB04/DB05 配置与约束,取得状态、内容可用性、提取状态和正式用途四态齐全；不得单独支撑核心结论。,,ACQUIRED,NARRATIVE_CONTENT,EXTRACTED,SUPPLEMENT,,B,按项目用途复核；不足以单独支持核心结论。,ACQUIRED|NARRATIVE_CONTENT|EXTRACTED|SUPPLEMENT,2026-08-16T09:22:23.193Z
WEB-0048,20260816_research_archive_v1,DOWNLOADED_VERIFIED,Global Economic Monitor - World Bank Data Catalog,World Bank,06_黄金美元与储备配置,B,shared,DOWNLOAD_LANDING,source_registry: 平台版本、导入能力、ETL、模型、AIChat、XML、评分条款；asset_monthly_return: 月份、资产、计价口径、价格、收益、成本、来源版本；portfolio_scenario: 情景、周期、权重、成本、流动性、CVaR、回撤、合法可用比例,比较美元、短债、黄金、人民币资产与套保工具的周期性作用。,https://datacatalogfiles.worldbank.org/ddh-published/0037798/DR0092042/GemDataEXTR.zip,公开GET；具体API查询参数在正式source_registry冻结；禁止认证信息落盘。,HTML表格: cheerio；正文: Readability+Markdown；动态页: 公开API/人工任务卡,06_黄金美元与储备配置/外部原件/WEB-0048_PDF_link_annotation_/original.html,02_提取正文/WEB-0048/content.json | 01_新增原件/WEB-0048/WEB-0048-R01_GemDataEXTR.zip | 01_新增原件/WEB-0048/expanded/WEB-0048-R01 | 03_提取表格/WEB-0048/WEB-0048-R01-E001/annual.csv | 03_提取表格/WEB-0048/WEB-0048-R01-E001/monthly.csv | 03_提取表格/WEB-0048/WEB-0048-R01-E002/annual.csv | 03_提取表格/WEB-0048/WEB-0048-R01-E002/monthly.csv | 03_提取表格/WEB-0048/WEB-0048-R01-E003/annual.csv | 03_提取表格/WEB-0048/WEB-0048-R01-E003/monthly.csv | 03_提取表格/WEB-0048/WEB-0048-R01-E004/annual.csv | 03_提取表格/WEB-0048/WEB-0048-R01-E004/monthly.csv | 03_提取表格/WEB-0048/WEB-0048-R01-E005/annual.csv | 03_提取表格/WEB-0048/WEB-0048-R01-E005/monthly.csv | 03_提取表格/WEB-0048/WEB-0048-R01-E006/annual.csv | 03_提取表格/WEB-0048/WEB-0048-R01-E006/monthly.csv | 03_提取表格/WEB-0048/WEB-0048-R01-E007/annual.csv | 03_提取表格/WEB-0048/WEB-0048-R01-E007/monthly.csv | 03_提取表格/WEB-0048/WEB-0048-R01-E008/annual.csv | 03_提取表格/WEB-0048/WEB-0048-R01-E008/monthly.csv | 03_提取表格/WEB-0048/WEB-0048-R01-E009/annual.csv | 03_提取表格/WEB-0048/WEB-0048-R01-E009/monthly.csv | 03_提取表格/WEB-0048/WEB-0048-R01-E009/quarterly.csv | 03_提取表格/WEB-0048/WEB-0048-R01-E010/annual.csv | 03_提取表格/WEB-0048/WEB-0048-R01-E010/monthly.csv | 03_提取表格/WEB-0048/WEB-0048-R01-E010/quarterly.csv | 03_提取表格/WEB-0048/WEB-0048-R01-E011/annual.csv | 03_提取表格/WEB-0048/WEB-0048-R01-E011/monthly.csv | 03_提取表格/WEB-0048/WEB-0048-R01-E011/quarterly.csv | 03_提取表格/WEB-0048/WEB-0048-R01-E012/annual.csv | 03_提取表格/WEB-0048/WEB-0048-R01-E012/monthly.csv | 03_提取表格/WEB-0048/WEB-0048-R01-E012/quarterly.csv | 03_提取表格/WEB-0048/WEB-0048-R01-E013/annual.csv | 03_提取表格/WEB-0048/WEB-0048-R01-E013/monthly.csv | 03_提取表格/WEB-0048/WEB-0048-R01-E013/quarterly.csv | 03_提取表格/WEB-0048/WEB-0048-R01-E014/annual.csv | 03_提取表格/WEB-0048/WEB-0048-R01-E014/monthly.csv | 03_提取表格/WEB-0048/WEB-0048-R01-E014/quarterly.csv | 03_提取表格/WEB-0048/WEB-0048-R01-E015/annual.csv | 03_提取表格/WEB-0048/WEB-0048-R01-E015/monthly.csv | 03_提取表格/WEB-0048/WEB-0048-R01-E016/annual.csv | 03_提取表格/WEB-0048/WEB-0048-R01-E016/quarterly.csv | 03_提取表格/WEB-0048/WEB-0048-R01-E017/annual.csv | 03_提取表格/WEB-0048/WEB-0048-R01-E017/quarterly.csv | 03_提取表格/WEB-0048/WEB-0048-R01-E018/annual.csv | 03_提取表格/WEB-0048/WEB-0048-R01-E018/quarterly.csv | 03_提取表格/WEB-0048/WEB-0048-R01-E019/annual.csv | 03_提取表格/WEB-0048/WEB-0048-R01-E019/quarterly.csv | 03_提取表格/WEB-0048/WEB-0048-R01-E020/quarterly.csv | 03_提取表格/WEB-0048/WEB-0048-R01-E021/annual.csv | 03_提取表格/WEB-0048/WEB-0048-R01-E021/monthly.csv | 03_提取表格/WEB-0048/WEB-0048-R01-E021/quarterly.csv | 03_提取表格/WEB-0048/WEB-0048-R01-E022/annual.csv | 03_提取表格/WEB-0048/WEB-0048-R01-E022/monthly.csv | 03_提取表格/WEB-0048/WEB-0048-R01-E022/quarterly.csv | 03_提取表格/WEB-0048/WEB-0048-R01-E023/annual.csv | 03_提取表格/WEB-0048/WEB-0048-R01-E023/monthly.csv | 03_提取表格/WEB-0048/WEB-0048-R01-E023/quarterly.csv | 03_提取表格/WEB-0048/WEB-0048-R01-E024/annual.csv | 03_提取表格/WEB-0048/WEB-0048-R01-E024/monthly.csv | 03_提取表格/WEB-0048/WEB-0048-R01-E024/quarterly.csv | 03_提取表格/WEB-0048/WEB-0048-R01-E025/annual.csv | 03_提取表格/WEB-0048/WEB-0048-R01-E025/monthly.csv | 03_提取表格/WEB-0048/WEB-0048-R01-E025/quarterly.csv | 03_提取表格/WEB-0048/WEB-0048-R01-E026/annual.csv | 03_提取表格/WEB-0048/WEB-0048-R01-E026/monthly.csv | 03_提取表格/WEB-0048/WEB-0048-R01-E026/quarterly.csv | 03_提取表格/WEB-0048/WEB-0048-R01-E027/annual.csv | 03_提取表格/WEB-0048/WEB-0048-R01-E027/monthly.csv | 03_提取表格/WEB-0048/WEB-0048-R01-E028/annual.csv | 03_提取表格/WEB-0048/WEB-0048-R01-E028/monthly.csv | 03_提取表格/WEB-0048/WEB-0048-R01-E029/annual.csv | 03_提取表格/WEB-0048/WEB-0048-R01-E029/monthly.csv | 03_提取表格/WEB-0048/WEB-0048-R01-E030/annual.csv | 03_提取表格/WEB-0048/WEB-0048-R01-E030/monthly.csv | 03_提取表格/WEB-0048/WEB-0048-R01-E031/annual.csv | 03_提取表格/WEB-0048/WEB-0048-R01-E031/monthly.csv | 03_提取表格/WEB-0048/WEB-0048-R01-E032/annual.csv | 03_提取表格/WEB-0048/WEB-0048-R01-E032/monthly.csv | 03_提取表格/WEB-0048/WEB-0048-R01-E033/monthly.csv | 03_提取表格/WEB-0048/WEB-0048-R01-E034/annual.csv | 03_提取表格/WEB-0048/WEB-0048-R01-E034/monthly.csv | 03_提取表格/WEB-0048/WEB-0048-R01-E035/annual.csv | 03_提取表格/WEB-0048/WEB-0048-R01-E035/monthly.csv,source_registry | asset_monthly_return | portfolio_scenario,通用交付与评分证据 | DB04 多币种—黄金周期实验室 | DB04/DB05 配置与约束,取得状态、内容可用性、提取状态和正式用途四态齐全；不得单独支撑核心结论。,,ACQUIRED,DOWNLOAD_LANDING,EXTRACTED,SUPPLEMENT,,B,按项目用途复核；不足以单独支持核心结论。,ACQUIRED|DOWNLOAD_LANDING|EXTRACTED|SUPPLEMENT,2026-08-16T09:22:23.193Z
WEB-0049,20260816_research_archive_v1,DOWNLOADED_VERIFIED,World Bank Data Help Desk,World Bank,04_国别货币与中国出海,B,shared,NARRATIVE_CONTENT,source_registry: 平台版本、导入能力、ETL、模型、AIChat、XML、评分条款；country_monthly_risk: ISO3、月份、官方汇率、CPI、储备、平行汇率、发布日期、质量标记；country_policy_year: ISO3、年份、汇率制度、资本限制、汇出限制、制裁主体、有效期、原文定位,支持亚非拉国别风险、汇率、通胀、资本管制和中国投资暴露研究。,https://datahelpdesk.worldbank.org/,公开GET；具体API查询参数在正式source_registry冻结；禁止认证信息落盘。,HTML表格: cheerio；正文: Readability+Markdown；动态页: 公开API/人工任务卡,"04_国别货币与中国出海/外部原件/WEB-0049_8_World_Bank,_Indicator_API_Queries,/original.html",02_提取正文/WEB-0049/content.json,source_registry | country_monthly_risk | country_policy_year,通用交付与评分证据 | DB01/DB02 国别风险与危机下钻 | DB02/DB05 政策与约束,取得状态、内容可用性、提取状态和正式用途四态齐全；不得单独支撑核心结论。,,ACQUIRED,NARRATIVE_CONTENT,EXTRACTED,SUPPLEMENT,,B,按项目用途复核；不足以单独支持核心结论。,ACQUIRED|NARRATIVE_CONTENT|EXTRACTED|SUPPLEMENT,2026-08-16T09:22:23.193Z
WEB-0050,20260816_research_archive_v1,DOWNLOADED_VERIFIED,About the Indicators API Documentation – World Bank Data Help Desk,World Bank,06_黄金美元与储备配置,B,shared,NARRATIVE_CONTENT,source_registry: 平台版本、导入能力、ETL、模型、AIChat、XML、评分条款；asset_monthly_return: 月份、资产、计价口径、价格、收益、成本、来源版本；portfolio_scenario: 情景、周期、权重、成本、流动性、CVaR、回撤、合法可用比例,比较美元、短债、黄金、人民币资产与套保工具的周期性作用。,https://addons.mozilla.org/en-US/firefox/addon/jsonview/,公开GET；具体API查询参数在正式source_registry冻结；禁止认证信息落盘。,HTML表格: cheerio；正文: Readability+Markdown；动态页: 公开API/人工任务卡,06_黄金美元与储备配置/外部原件/WEB-0050_PDF_link_annotation_/original.html,02_提取正文/WEB-0050/content.json,source_registry | asset_monthly_return | portfolio_scenario,通用交付与评分证据 | DB04 多币种—黄金周期实验室 | DB04/DB05 配置与约束,取得状态、内容可用性、提取状态和正式用途四态齐全；不得单独支撑核心结论。,,ACQUIRED,NARRATIVE_CONTENT,EXTRACTED,SUPPLEMENT,UNEXPECTED_HTML_INSTEAD_OF_STRUCTURED_RESOURCE,B,按项目用途复核；不足以单独支持核心结论。,ACQUIRED|NARRATIVE_CONTENT|EXTRACTED|SUPPLEMENT,2026-08-16T09:22:23.193Z
WEB-0060,20260816_research_archive_v1,DOWNLOADED_VERIFIED,shanghai gold exchange,上海黄金交易所,06_黄金美元与储备配置,B,shared,STRUCTURED_DATA,asset_monthly_return: 月份、资产、计价口径、价格、收益、成本、来源版本；portfolio_scenario: 情景、周期、权重、成本、流动性、CVaR、回撤、合法可用比例,比较美元、短债、黄金、人民币资产与套保工具的周期性作用。,https://en.sge.com.cn/h5_data_BenchmarkPrice,公开GET；具体API查询参数在正式source_registry冻结；禁止认证信息落盘。,HTML表格: cheerio；正文: Readability+Markdown；动态页: 公开API/人工任务卡,06_黄金美元与储备配置/外部原件/WEB-0060_PDF_link_annotation_/original.html,02_提取正文/WEB-0060/content.json,asset_monthly_return | portfolio_scenario,DB04 多币种—黄金周期实验室 | DB04/DB05 配置与约束,取得状态、内容可用性、提取状态和正式用途四态齐全；不得单独支撑核心结论。,,ACQUIRED,STRUCTURED_DATA,EXTRACTED,SUPPLEMENT,,B,按项目用途复核；不足以单独支持核心结论。,ACQUIRED|STRUCTURED_DATA|EXTRACTED|SUPPLEMENT,2026-08-16T09:22:23.193Z
WEB-0063,20260816_research_archive_v1,METADATA_ONLY_LICENSE,财新报道，2019,finance.caixin.com,08_企业案例与公开披露,C,metadata_only,NOT_ACQUIRED,company_overseas_exposure: 企业、财年、海外收入、披露地区、汇兑损益、外币资产负债、套保、现金、授信、页码；country_event: 事件ID、国家、类型、起止月、触发值、证据等级、决策时可知性；asset_monthly_return: 月份、资产、计价口径、价格、收益、成本、来源版本；portfolio_scenario: 情景、周期、权重、成本、流动性、CVaR、回撤、合法可用比例,核验企业海外收入、汇兑损益、冻结、退出和储备配置事实。,https://finance.caixin.com/2019-06-25/101431232.html,公开GET；具体API查询参数在正式source_registry冻结；禁止认证信息落盘。,HTML表格: cheerio；正文: Readability+Markdown；动态页: 公开API/人工任务卡,,,company_overseas_exposure | country_event | asset_monthly_return | portfolio_scenario,DB03 中国企业海外风险 | DB02 国别与危机下钻 | DB04 多币种—黄金周期实验室 | DB04/DB05 配置与约束,取得状态、内容可用性、提取状态和正式用途四态齐全；不得单独支撑核心结论。,,NOT_APPLICABLE,NOT_ACQUIRED,FAILED,EXCLUDED,NOT_ACQUIRED,D,仅保留元数据；正式分析改用许可允许的权威替代源。,NOT_APPLICABLE|NOT_ACQUIRED|FAILED|EXCLUDED,2026-08-16T09:22:23.193Z
WEB-0064,20260816_research_archive_v1,METADATA_ONLY_LICENSE,世界黄金协会，2026-01,finance.eastmoney.com,08_企业案例与公开披露,D,metadata_only,NOT_ACQUIRED,company_overseas_exposure: 企业、财年、海外收入、披露地区、汇兑损益、外币资产负债、套保、现金、授信、页码；country_event: 事件ID、国家、类型、起止月、触发值、证据等级、决策时可知性；asset_monthly_return: 月份、资产、计价口径、价格、收益、成本、来源版本；portfolio_scenario: 情景、周期、权重、成本、流动性、CVaR、回撤、合法可用比例,核验企业海外收入、汇兑损益、冻结、退出和储备配置事实。,https://finance.eastmoney.com/a/202601293635229941.html,公开GET；具体API查询参数在正式source_registry冻结；禁止认证信息落盘。,HTML表格: cheerio；正文: Readability+Markdown；动态页: 公开API/人工任务卡,,,company_overseas_exposure | country_event | asset_monthly_return | portfolio_scenario,DB03 中国企业海外风险 | DB02 国别与危机下钻 | DB04 多币种—黄金周期实验室 | DB04/DB05 配置与约束,取得状态、内容可用性、提取状态和正式用途四态齐全；不得单独支撑核心结论。,,NOT_APPLICABLE,NOT_ACQUIRED,FAILED,EXCLUDED,NOT_ACQUIRED,D,仅保留元数据；正式分析改用许可允许的权威替代源。,NOT_APPLICABLE|NOT_ACQUIRED|FAILED|EXCLUDED,2026-08-16T09:22:23.193Z
WEB-0065,20260816_research_archive_v1,METADATA_ONLY_LICENSE,世界黄金协会，2026-01,finance.eastmoney.com,08_企业案例与公开披露,D,metadata_only,NOT_ACQUIRED,company_overseas_exposure: 企业、财年、海外收入、披露地区、汇兑损益、外币资产负债、套保、现金、授信、页码；country_event: 事件ID、国家、类型、起止月、触发值、证据等级、决策时可知性；asset_monthly_return: 月份、资产、计价口径、价格、收益、成本、来源版本；portfolio_scenario: 情景、周期、权重、成本、流动性、CVaR、回撤、合法可用比例,核验企业海外收入、汇兑损益、冻结、退出和储备配置事实。,https://finance.eastmoney.com/a/202601293635238166.html,公开GET；具体API查询参数在正式source_registry冻结；禁止认证信息落盘。,HTML表格: cheerio；正文: Readability+Markdown；动态页: 公开API/人工任务卡,,,company_overseas_exposure | country_event | asset_monthly_return | portfolio_scenario,DB03 中国企业海外风险 | DB02 国别与危机下钻 | DB04 多币种—黄金周期实验室 | DB04/DB05 配置与约束,取得状态、内容可用性、提取状态和正式用途四态齐全；不得单独支撑核心结论。,,NOT_APPLICABLE,NOT_ACQUIRED,FAILED,EXCLUDED,NOT_ACQUIRED,D,仅保留元数据；正式分析改用许可允许的权威替代源。,NOT_APPLICABLE|NOT_ACQUIRED|FAILED|EXCLUDED,2026-08-16T09:22:23.193Z
WEB-0066,20260816_research_archive_v1,METADATA_ONLY_LICENSE,证券时报·数据宝,finance.sina.cn,08_企业案例与公开披露,C,metadata_only,NOT_ACQUIRED,company_overseas_exposure: 企业、财年、海外收入、披露地区、汇兑损益、外币资产负债、套保、现金、授信、页码；country_event: 事件ID、国家、类型、起止月、触发值、证据等级、决策时可知性；asset_monthly_return: 月份、资产、计价口径、价格、收益、成本、来源版本；portfolio_scenario: 情景、周期、权重、成本、流动性、CVaR、回撤、合法可用比例,核验企业海外收入、汇兑损益、冻结、退出和储备配置事实。,https://finance.sina.cn/2019-11-01/detail-iicezuev6448497.d.html,公开GET；具体API查询参数在正式source_registry冻结；禁止认证信息落盘。,HTML表格: cheerio；正文: Readability+Markdown；动态页: 公开API/人工任务卡,,,company_overseas_exposure | country_event | asset_monthly_return | portfolio_scenario,DB03 中国企业海外风险 | DB02 国别与危机下钻 | DB04 多币种—黄金周期实验室 | DB04/DB05 配置与约束,取得状态、内容可用性、提取状态和正式用途四态齐全；不得单独支撑核心结论。,,NOT_APPLICABLE,NOT_ACQUIRED,FAILED,EXCLUDED,NOT_ACQUIRED,D,仅保留元数据；正式分析改用许可允许的权威替代源。,NOT_APPLICABLE|NOT_ACQUIRED|FAILED|EXCLUDED,2026-08-16T09:22:23.193Z
WEB-0067,20260816_research_archive_v1,METADATA_ONLY_LICENSE,"3. 新浪财经（2022）：""对1970年代滞涨期的回顾和对比""（美元指数 1971 年 120.4→1980 年 84.7），",finance.sina.cn,05_全球周期与历史危机,C,metadata_only,NOT_ACQUIRED,asset_monthly_return: 月份、资产、计价口径、价格、收益、成本、来源版本；case_evidence: 案例ID、事件簇、命题角色、关键事实、来源等级、页码、复核状态；historical_crisis_event: 历史事件、制度环境、政策节点、起止期、可比性、黄金与美元表现；global_cycle_month: 月份、工业生产、失业、CPI、利率、利差、美元、金融条件、市场回撤、周期标签,识别全球经济周期、资产泡沫、信用危机、衰退与历史制度差异。,https://finance.sina.cn/futuremarket/qsyw/2022-07-06/detail-imizirav2178461.d.html,公开GET；具体API查询参数在正式source_registry冻结；禁止认证信息落盘。,HTML表格: cheerio；正文: Readability+Markdown；动态页: 公开API/人工任务卡,,,asset_monthly_return | case_evidence | historical_crisis_event | global_cycle_month,DB04 多币种—黄金周期实验室 | DB05 决策、约束与证据中心 | DB06 全球周期与历史危机,取得状态、内容可用性、提取状态和正式用途四态齐全；不得单独支撑核心结论。,,NOT_APPLICABLE,NOT_ACQUIRED,FAILED,EXCLUDED,NOT_ACQUIRED,B,仅保留元数据；正式分析改用许可允许的权威替代源。,NOT_APPLICABLE|NOT_ACQUIRED|FAILED|EXCLUDED,2026-08-16T09:22:23.193Z
WEB-0068,20260816_research_archive_v1,METADATA_ONLY_LICENSE,新浪财经引外汇局，2026-01,finance.sina.cn,08_企业案例与公开披露,C,metadata_only,NOT_ACQUIRED,company_overseas_exposure: 企业、财年、海外收入、披露地区、汇兑损益、外币资产负债、套保、现金、授信、页码；country_event: 事件ID、国家、类型、起止月、触发值、证据等级、决策时可知性；asset_monthly_return: 月份、资产、计价口径、价格、收益、成本、来源版本；portfolio_scenario: 情景、周期、权重、成本、流动性、CVaR、回撤、合法可用比例,核验企业海外收入、汇兑损益、冻结、退出和储备配置事实。,https://finance.sina.cn/stock/ggyj/2026-01-21/detail-inhiaktt8097986.d.html?vt=4,公开GET；具体API查询参数在正式source_registry冻结；禁止认证信息落盘。,HTML表格: cheerio；正文: Readability+Markdown；动态页: 公开API/人工任务卡,,,company_overseas_exposure | country_event | asset_monthly_return | portfolio_scenario,DB03 中国企业海外风险 | DB02 国别与危机下钻 | DB04 多币种—黄金周期实验室 | DB04/DB05 配置与约束,取得状态、内容可用性、提取状态和正式用途四态齐全；不得单独支撑核心结论。,,NOT_APPLICABLE,NOT_ACQUIRED,FAILED,EXCLUDED,NOT_ACQUIRED,D,仅保留元数据；正式分析改用许可允许的权威替代源。,NOT_APPLICABLE|NOT_ACQUIRED|FAILED|EXCLUDED,2026-08-16T09:22:23.193Z
WEB-0069,20260816_research_archive_v1,METADATA_ONLY_LICENSE,粤开证券李奇霖，2019,finance.sina.cn,08_企业案例与公开披露,C,metadata_only,NOT_ACQUIRED,company_overseas_exposure: 企业、财年、海外收入、披露地区、汇兑损益、外币资产负债、套保、现金、授信、页码；country_event: 事件ID、国家、类型、起止月、触发值、证据等级、决策时可知性；asset_monthly_return: 月份、资产、计价口径、价格、收益、成本、来源版本；portfolio_scenario: 情景、周期、权重、成本、流动性、CVaR、回撤、合法可用比例,核验企业海外收入、汇兑损益、冻结、退出和储备配置事实。,https://finance.sina.cn/zl/2019-04-03/zl-ihvhiewr2875426.d.html,公开GET；具体API查询参数在正式source_registry冻结；禁止认证信息落盘。,HTML表格: cheerio；正文: Readability+Markdown；动态页: 公开API/人工任务卡,,,company_overseas_exposure | country_event | asset_monthly_return | portfolio_scenario,DB03 中国企业海外风险 | DB02 国别与危机下钻 | DB04 多币种—黄金周期实验室 | DB04/DB05 配置与约束,取得状态、内容可用性、提取状态和正式用途四态齐全；不得单独支撑核心结论。,,NOT_APPLICABLE,NOT_ACQUIRED,FAILED,EXCLUDED,NOT_ACQUIRED,D,仅保留元数据；正式分析改用许可允许的权威替代源。,NOT_APPLICABLE|NOT_ACQUIRED|FAILED|EXCLUDED,2026-08-16T09:22:23.193Z
WEB-0091,20260816_research_archive_v1,METADATA_ONLY_LICENSE,WGC 报告，2023,fund.eastmoney.com,08_企业案例与公开披露,D,metadata_only,NOT_ACQUIRED,company_overseas_exposure: 企业、财年、海外收入、披露地区、汇兑损益、外币资产负债、套保、现金、授信、页码；country_event: 事件ID、国家、类型、起止月、触发值、证据等级、决策时可知性；asset_monthly_return: 月份、资产、计价口径、价格、收益、成本、来源版本；portfolio_scenario: 情景、周期、权重、成本、流动性、CVaR、回撤、合法可用比例,核验企业海外收入、汇兑损益、冻结、退出和储备配置事实。,https://fund.eastmoney.com/a/202303312678415644.html,公开GET；具体API查询参数在正式source_registry冻结；禁止认证信息落盘。,HTML表格: cheerio；正文: Readability+Markdown；动态页: 公开API/人工任务卡,,,company_overseas_exposure | country_event | asset_monthly_return | portfolio_scenario,DB03 中国企业海外风险 | DB02 国别与危机下钻 | DB04 多币种—黄金周期实验室 | DB04/DB05 配置与约束,取得状态、内容可用性、提取状态和正式用途四态齐全；不得单独支撑核心结论。,,NOT_APPLICABLE,NOT_ACQUIRED,FAILED,EXCLUDED,NOT_ACQUIRED,D,仅保留元数据；正式分析改用许可允许的权威替代源。,NOT_APPLICABLE|NOT_ACQUIRED|FAILED|EXCLUDED,2026-08-16T09:22:23.194Z
WEB-0098,20260816_research_archive_v1,DOWNLOADED_VERIFIED,Treasury Prohibits Transactions with Central Bank of Russia and Imposes Sanctions on Key Sources of Russia’s Wealth | U.S. Department of the Treasury,U.S. Department of the Treasury,06_黄金美元与储备配置,A,shared,NARRATIVE_CONTENT,asset_monthly_return: 月份、资产、计价口径、价格、收益、成本、来源版本；portfolio_scenario: 情景、周期、权重、成本、流动性、CVaR、回撤、合法可用比例,比较美元、短债、黄金、人民币资产与套保工具的周期性作用。,https://home.treasury.gov/news/press-releases/jy0612,公开GET；具体API查询参数在正式source_registry冻结；禁止认证信息落盘。,HTML表格: cheerio；正文: Readability+Markdown；动态页: 公开API/人工任务卡,06_黄金美元与储备配置/外部原件/WEB-0098_XLSX_entry_xl_worksheets_sheet4.xml/original.html,02_提取正文/WEB-0098/content.json,asset_monthly_return | portfolio_scenario,DB04 多币种—黄金周期实验室 | DB04/DB05 配置与约束,取得状态、内容可用性、提取状态和正式用途四态齐全；核心数字须A级或双B级并有人审。,,ACQUIRED,NARRATIVE_CONTENT,EXTRACTED,CORE,,B,人工复核关键字段与source_locator；通过后映射至正式source_registry。,ACQUIRED|NARRATIVE_CONTENT|EXTRACTED|CORE,2026-08-16T09:22:23.194Z
WEB-0099,20260816_research_archive_v1,DOWNLOADED_VERIFIED,Legislative Basis | U.S. Department of the Treasury,U.S. Department of the Treasury,05_全球周期与历史危机,A,shared,NARRATIVE_CONTENT,asset_monthly_return: 月份、资产、计价口径、价格、收益、成本、来源版本；case_evidence: 案例ID、事件簇、命题角色、关键事实、来源等级、页码、复核状态；historical_crisis_event: 历史事件、制度环境、政策节点、起止期、可比性、黄金与美元表现；global_cycle_month: 月份、工业生产、失业、CPI、利率、利差、美元、金融条件、市场回撤、周期标签,识别全球经济周期、资产泡沫、信用危机、衰退与历史制度差异。,https://home.treasury.gov/policy-issues/international/exchange-stabilization-fund/legislative-basis,公开GET；具体API查询参数在正式source_registry冻结；禁止认证信息落盘。,HTML表格: cheerio；正文: Readability+Markdown；动态页: 公开API/人工任务卡,05_全球周期与历史危机/外部原件/WEB-0099_3._U.S._Department_of_the_Treasury（美国财政部），《Exchange_Stabilization_Fund_–/original.html,02_提取正文/WEB-0099/content.json,asset_monthly_return | case_evidence | historical_crisis_event | global_cycle_month,DB04 多币种—黄金周期实验室 | DB05 决策、约束与证据中心 | DB06 全球周期与历史危机,取得状态、内容可用性、提取状态和正式用途四态齐全；核心数字须A级或双B级并有人审。,,ACQUIRED,NARRATIVE_CONTENT,EXTRACTED,CORE,,B,人工复核关键字段与source_locator；通过后映射至正式source_registry。,ACQUIRED|NARRATIVE_CONTENT|EXTRACTED|CORE,2026-08-16T09:22:23.194Z
WEB-0101,20260816_research_archive_v1,DOWNLOADED_VERIFIED,Daily Treasury Rates | U.S. Department of the Treasury,U.S. Department of the Treasury,06_黄金美元与储备配置,A,shared,MIXED_CONTENT,asset_monthly_return: 月份、资产、计价口径、价格、收益、成本、来源版本；portfolio_scenario: 情景、周期、权重、成本、流动性、CVaR、回撤、合法可用比例,比较美元、短债、黄金、人民币资产与套保工具的周期性作用。,https://home.treasury.gov/resource-center/data-chart-center/interest-rates/daily-treasury-rates.csv/all/all?type=daily_treasury_real_yield_curve&page&_format=csv,公开GET；具体API查询参数在正式source_registry冻结；禁止认证信息落盘。,HTML表格: cheerio；正文: Readability+Markdown；动态页: 公开API/人工任务卡,06_黄金美元与储备配置/外部原件/WEB-0101_XLSX_entry_xl_worksheets_sheet2.xml/original.html,02_提取正文/WEB-0101/content.json,asset_monthly_return | portfolio_scenario,DB04 多币种—黄金周期实验室 | DB04/DB05 配置与约束,取得状态、内容可用性、提取状态和正式用途四态齐全；核心数字须A级或双B级并有人审。,,ACQUIRED,MIXED_CONTENT,EXTRACTED,CORE,HTTP_403 | UNEXPECTED_HTML_INSTEAD_OF_STRUCTURED_RESOURCE | UNEXPECTED_HTML_INSTEAD_OF_STRUCTURED_RESOURCE,B,人工复核关键字段与source_locator；通过后映射至正式source_registry。,ACQUIRED|MIXED_CONTENT|EXTRACTED|CORE,2026-08-16T09:22:23.194Z
WEB-0104,20260816_research_archive_v1,METADATA_ONLY_LICENSE,"1. 日经指数历史数据（峰值 38,957 点、谷底 7,607 点）：日经平均指数官方历史数据，<",indexes.nikkei.co.jp,05_全球周期与历史危机,D,metadata_only,NOT_ACQUIRED,case_evidence: 案例ID、事件簇、命题角色、关键事实、来源等级、页码、复核状态；historical_crisis_event: 历史事件、制度环境、政策节点、起止期、可比性、黄金与美元表现；global_cycle_month: 月份、工业生产、失业、CPI、利率、利差、美元、金融条件、市场回撤、周期标签,识别全球经济周期、资产泡沫、信用危机、衰退与历史制度差异。,https://indexes.nikkei.co.jp/nkave/historical/en/nikkei_stock_average_daily_en.html,公开GET；具体API查询参数在正式source_registry冻结；禁止认证信息落盘。,HTML表格: cheerio；正文: Readability+Markdown；动态页: 公开API/人工任务卡,,,case_evidence | historical_crisis_event | global_cycle_month,DB05 决策、约束与证据中心 | DB06 全球周期与历史危机,取得状态、内容可用性、提取状态和正式用途四态齐全；不得单独支撑核心结论。,,NOT_APPLICABLE,NOT_ACQUIRED,FAILED,EXCLUDED,NOT_ACQUIRED,B,仅保留元数据；正式分析改用许可允许的权威替代源。,NOT_APPLICABLE|NOT_ACQUIRED|FAILED|EXCLUDED,2026-08-16T09:22:23.194Z
WEB-0108,20260816_research_archive_v1,DOWNLOADED_VERIFIED,中国人寿完成国内保险机构首笔黄金询价交易_中共上海市委金融委员会办公室、中共上海市金融工作委员会,jrj.sh.gov.cn,08_企业案例与公开披露,A,shared,DOWNLOAD_LANDING,company_overseas_exposure: 企业、财年、海外收入、披露地区、汇兑损益、外币资产负债、套保、现金、授信、页码；country_event: 事件ID、国家、类型、起止月、触发值、证据等级、决策时可知性；asset_monthly_return: 月份、资产、计价口径、价格、收益、成本、来源版本；portfolio_scenario: 情景、周期、权重、成本、流动性、CVaR、回撤、合法可用比例,核验企业海外收入、汇兑损益、冻结、退出和储备配置事实。,https://jrj.sh.gov.cn/BX182/20250326/21ddc678b47f47358f7f87bceb73d090.html,公开GET；具体API查询参数在正式source_registry冻结；禁止认证信息落盘。,HTML表格: cheerio；正文: Readability+Markdown；动态页: 公开API/人工任务卡,08_企业案例与公开披露/外部原件/WEB-0108_上海市委金融办，2025-03/original.html,02_提取正文/WEB-0108/content.json,company_overseas_exposure | country_event | asset_monthly_return | portfolio_scenario,DB03 中国企业海外风险 | DB02 国别与危机下钻 | DB04 多币种—黄金周期实验室 | DB04/DB05 配置与约束,取得状态、内容可用性、提取状态和正式用途四态齐全；核心数字须A级或双B级并有人审。,,ACQUIRED,DOWNLOAD_LANDING,EXTRACTED,CORE,,D,人工复核关键字段与source_locator；通过后映射至正式source_registry。,ACQUIRED|DOWNLOAD_LANDING|EXTRACTED|CORE,2026-08-16T09:22:23.194Z
WEB-0109,20260816_research_archive_v1,DOWNLOADED_VERIFIED,上金所启用香港黄金交割仓库 中国黄金市场国际化迈出关键一步_中共上海市委金融委员会办公室、中共上海市金融工作委员会,jrj.sh.gov.cn,08_企业案例与公开披露,A,shared,NARRATIVE_CONTENT,company_overseas_exposure: 企业、财年、海外收入、披露地区、汇兑损益、外币资产负债、套保、现金、授信、页码；country_event: 事件ID、国家、类型、起止月、触发值、证据等级、决策时可知性；asset_monthly_return: 月份、资产、计价口径、价格、收益、成本、来源版本；portfolio_scenario: 情景、周期、权重、成本、流动性、CVaR、回撤、合法可用比例,核验企业海外收入、汇兑损益、冻结、退出和储备配置事实。,https://jrj.sh.gov.cn/QT186/20250630/fe7d02adf9a24321921a3f4853668c0f.html,公开GET；具体API查询参数在正式source_registry冻结；禁止认证信息落盘。,HTML表格: cheerio；正文: Readability+Markdown；动态页: 公开API/人工任务卡,08_企业案例与公开披露/外部原件/WEB-0109_上海金融局，2025/original.html,02_提取正文/WEB-0109/content.json,company_overseas_exposure | country_event | asset_monthly_return | portfolio_scenario,DB03 中国企业海外风险 | DB02 国别与危机下钻 | DB04 多币种—黄金周期实验室 | DB04/DB05 配置与约束,取得状态、内容可用性、提取状态和正式用途四态齐全；核心数字须A级或双B级并有人审。,,ACQUIRED,NARRATIVE_CONTENT,EXTRACTED,CORE,,D,人工复核关键字段与source_locator；通过后映射至正式source_registry。,ACQUIRED|NARRATIVE_CONTENT|EXTRACTED|CORE,2026-08-16T09:22:23.194Z
WEB-0126,20260816_research_archive_v1,METADATA_ONLY_LICENSE,新浪新闻引中国新闻周刊，2021,news.sina.cn,08_企业案例与公开披露,C,metadata_only,NOT_ACQUIRED,company_overseas_exposure: 企业、财年、海外收入、披露地区、汇兑损益、外币资产负债、套保、现金、授信、页码；country_event: 事件ID、国家、类型、起止月、触发值、证据等级、决策时可知性；asset_monthly_return: 月份、资产、计价口径、价格、收益、成本、来源版本；portfolio_scenario: 情景、周期、权重、成本、流动性、CVaR、回撤、合法可用比例,核验企业海外收入、汇兑损益、冻结、退出和储备配置事实。,https://news.sina.cn/gn/2021-11-20/detail-iktzscyy6640228.d.html?vt=4,公开GET；具体API查询参数在正式source_registry冻结；禁止认证信息落盘。,HTML表格: cheerio；正文: Readability+Markdown；动态页: 公开API/人工任务卡,,,company_overseas_exposure | country_event | asset_monthly_return | portfolio_scenario,DB03 中国企业海外风险 | DB02 国别与危机下钻 | DB04 多币种—黄金周期实验室 | DB04/DB05 配置与约束,取得状态、内容可用性、提取状态和正式用途四态齐全；不得单独支撑核心结论。,,NOT_APPLICABLE,NOT_ACQUIRED,FAILED,EXCLUDED,NOT_ACQUIRED,D,仅保留元数据；正式分析改用许可允许的权威替代源。,NOT_APPLICABLE|NOT_ACQUIRED|FAILED|EXCLUDED,2026-08-16T09:22:23.195Z
WEB-0128,20260816_research_archive_v1,DOWNLOADED_VERIFIED,Home | Office of Foreign Assets Control,U.S. Department of the Treasury,07_会计合规与制裁,A,shared,NARRATIVE_CONTENT,source_registry: 平台版本、导入能力、ETL、模型、AIChat、XML、评分条款；country_policy_year: ISO3、年份、汇率制度、资本限制、汇出限制、制裁主体、有效期、原文定位；case_evidence: 案例ID、事件簇、命题角色、关键事实、来源等级、页码、复核状态,限定会计分类、托管、制裁、外汇管制和合法可用性边界。,https://ofac.treasury.gov/,公开GET；具体API查询参数在正式source_registry冻结；禁止认证信息落盘。,HTML表格: cheerio；正文: Readability+Markdown；动态页: 公开API/人工任务卡,07_会计合规与制裁/外部原件/WEB-0128_7._2014_年西方制裁（首轮）：EU_美国财政部_OFAC_公告：_/original.html,02_提取正文/WEB-0128/content.json,source_registry | country_policy_year | case_evidence,通用交付与评分证据 | DB02/DB05 政策与约束 | DB05 决策、约束与证据中心,取得状态、内容可用性、提取状态和正式用途四态齐全；核心数字须A级或双B级并有人审。,,ACQUIRED,NARRATIVE_CONTENT,EXTRACTED,CORE,,A/D,人工复核关键字段与source_locator；通过后映射至正式source_registry。,ACQUIRED|NARRATIVE_CONTENT|EXTRACTED|CORE,2026-08-16T09:22:23.195Z
WEB-0129,20260816_research_archive_v1,DOWNLOADED_VERIFIED,1029 | Office of Foreign Assets Control,U.S. Department of the Treasury,07_会计合规与制裁,A,shared,NARRATIVE_CONTENT,country_policy_year: ISO3、年份、汇率制度、资本限制、汇出限制、制裁主体、有效期、原文定位；asset_monthly_return: 月份、资产、计价口径、价格、收益、成本、来源版本,限定会计分类、托管、制裁、外汇管制和合法可用性边界。,https://ofac.treasury.gov/faqs/1029,公开GET；具体API查询参数在正式source_registry冻结；禁止认证信息落盘。,HTML表格: cheerio；正文: Readability+Markdown；动态页: 公开API/人工任务卡,07_会计合规与制裁/外部原件/WEB-0129_PDF_link_annotation_/original.html,02_提取正文/WEB-0129/content.json,country_policy_year | asset_monthly_return,DB02/DB05 政策与约束 | DB04 多币种—黄金周期实验室,取得状态、内容可用性、提取状态和正式用途四态齐全；核心数字须A级或双B级并有人审。,,ACQUIRED,NARRATIVE_CONTENT,EXTRACTED,CORE,,A/D,人工复核关键字段与source_locator；通过后映射至正式source_registry。,ACQUIRED|NARRATIVE_CONTENT|EXTRACTED|CORE,2026-08-16T09:22:23.195Z
WEB-0133,20260816_research_archive_v1,METADATA_ONLY_LICENSE,"3. 财新网，《""直升机撒钱""：赤字货币化是魔鬼吗》，2016。",opinion.caixin.com,04_国别货币与中国出海,C,metadata_only,NOT_ACQUIRED,country_monthly_risk: ISO3、月份、官方汇率、CPI、储备、平行汇率、发布日期、质量标记；country_policy_year: ISO3、年份、汇率制度、资本限制、汇出限制、制裁主体、有效期、原文定位；country_event: 事件ID、国家、类型、起止月、触发值、证据等级、决策时可知性；case_evidence: 案例ID、事件簇、命题角色、关键事实、来源等级、页码、复核状态,支持亚非拉国别风险、汇率、通胀、资本管制和中国投资暴露研究。,https://opinion.caixin.com/2016-08-24/100981080.html,公开GET；具体API查询参数在正式source_registry冻结；禁止认证信息落盘。,HTML表格: cheerio；正文: Readability+Markdown；动态页: 公开API/人工任务卡,,,country_monthly_risk | country_policy_year | country_event | case_evidence,DB01/DB02 国别风险与危机下钻 | DB02/DB05 政策与约束 | DB02 国别与危机下钻 | DB05 决策、约束与证据中心,取得状态、内容可用性、提取状态和正式用途四态齐全；不得单独支撑核心结论。,,NOT_APPLICABLE,NOT_ACQUIRED,FAILED,EXCLUDED,NOT_ACQUIRED,B,仅保留元数据；正式分析改用许可允许的权威替代源。,NOT_APPLICABLE|NOT_ACQUIRED|FAILED|EXCLUDED,2026-08-16T09:22:23.195Z
WEB-0134,20260816_research_archive_v1,METADATA_ONLY_LICENSE,财新网专栏，2023,opinion.caixin.com,08_企业案例与公开披露,C,metadata_only,NOT_ACQUIRED,company_overseas_exposure: 企业、财年、海外收入、披露地区、汇兑损益、外币资产负债、套保、现金、授信、页码；country_event: 事件ID、国家、类型、起止月、触发值、证据等级、决策时可知性；asset_monthly_return: 月份、资产、计价口径、价格、收益、成本、来源版本；portfolio_scenario: 情景、周期、权重、成本、流动性、CVaR、回撤、合法可用比例,核验企业海外收入、汇兑损益、冻结、退出和储备配置事实。,https://opinion.caixin.com/2023-08-09/102091459.html,公开GET；具体API查询参数在正式source_registry冻结；禁止认证信息落盘。,HTML表格: cheerio；正文: Readability+Markdown；动态页: 公开API/人工任务卡,,,company_overseas_exposure | country_event | asset_monthly_return | portfolio_scenario,DB03 中国企业海外风险 | DB02 国别与危机下钻 | DB04 多币种—黄金周期实验室 | DB04/DB05 配置与约束,取得状态、内容可用性、提取状态和正式用途四态齐全；不得单独支撑核心结论。,,NOT_APPLICABLE,NOT_ACQUIRED,FAILED,EXCLUDED,NOT_ACQUIRED,D,仅保留元数据；正式分析改用许可允许的权威替代源。,NOT_APPLICABLE|NOT_ACQUIRED|FAILED|EXCLUDED,2026-08-16T09:22:23.195Z
WEB-0139,20260816_research_archive_v1,DOWNLOADED_VERIFIED,Forecasting the Price of Gold with Integrated Media Sentiment—A Prediction Framework Based on Online News Sentiment Mining with CNN-QRLSTM - PMC,NCBI/PMC,06_黄金美元与储备配置,A,shared,MIXED_CONTENT,asset_monthly_return: 月份、资产、计价口径、价格、收益、成本、来源版本；portfolio_scenario: 情景、周期、权重、成本、流动性、CVaR、回撤、合法可用比例,比较美元、短债、黄金、人民币资产与套保工具的周期性作用。,https://pmc.ncbi.nlm.nih.gov/articles/PMC13025532/,公开GET；具体API查询参数在正式source_registry冻结；禁止认证信息落盘。,HTML表格: cheerio；正文: Readability+Markdown；动态页: 公开API/人工任务卡,06_黄金美元与储备配置/外部原件/WEB-0139_-_PMC：/original.html,02_提取正文/WEB-0139/content.json,asset_monthly_return | portfolio_scenario,DB04 多币种—黄金周期实验室 | DB04/DB05 配置与约束,取得状态、内容可用性、提取状态和正式用途四态齐全；核心数字须A级或双B级并有人审。,,ACQUIRED,MIXED_CONTENT,EXTRACTED,CORE,,B,人工复核关键字段与source_locator；通过后映射至正式source_registry。,ACQUIRED|MIXED_CONTENT|EXTRACTED|CORE,2026-08-16T09:22:23.196Z
WEB-0159,20260816_research_archive_v1,DOWNLOADED_VERIFIED,World Bank Commodities Price Data (The Pink Sheet),World Bank,06_黄金美元与储备配置,B,shared,NARRATIVE_CONTENT,country_exposure: ISO3、国家、年份、中国投资流量、存量、企业存在、表号、页码；asset_monthly_return: 月份、资产、计价口径、价格、收益、成本、来源版本；portfolio_scenario: 情景、周期、权重、成本、流动性、CVaR、回撤、合法可用比例,比较美元、短债、黄金、人民币资产与套保工具的周期性作用。,https://thedocs.worldbank.org/en/doc/74e8be41ceb20fa0da750cda2f6b9e4e-0050012026/world-bank-commodities-price-data-the-pink-sheet,公开GET；具体API查询参数在正式source_registry冻结；禁止认证信息落盘。,HTML表格: cheerio；正文: Readability+Markdown；动态页: 公开API/人工任务卡,06_黄金美元与储备配置/外部原件/WEB-0159_XLSX_entry_xl_worksheets_sheet2.xml/original.html,02_提取正文/WEB-0159/content.json,country_exposure | asset_monthly_return | portfolio_scenario,DB01 亚非拉风险全景 | DB04 多币种—黄金周期实验室 | DB04/DB05 配置与约束,取得状态、内容可用性、提取状态和正式用途四态齐全；不得单独支撑核心结论。,,ACQUIRED,NARRATIVE_CONTENT,EXTRACTED,SUPPLEMENT,,B,按项目用途复核；不足以单独支持核心结论。,ACQUIRED|NARRATIVE_CONTENT|EXTRACTED|SUPPLEMENT,2026-08-16T09:22:23.197Z
WEB-0162,20260816_research_archive_v1,DOWNLOADED_VERIFIED,Front page | U.S. Department of the Treasury,U.S. Department of the Treasury,05_全球周期与历史危机,A,shared,NARRATIVE_CONTENT,asset_monthly_return: 月份、资产、计价口径、价格、收益、成本、来源版本；case_evidence: 案例ID、事件簇、命题角色、关键事实、来源等级、页码、复核状态；historical_crisis_event: 历史事件、制度环境、政策节点、起止期、可比性、黄金与美元表现；global_cycle_month: 月份、工业生产、失业、CPI、利率、利差、美元、金融条件、市场回撤、周期标签,识别全球经济周期、资产泡沫、信用危机、衰退与历史制度差异。,https://home.treasury.gov/,公开GET；具体API查询参数在正式source_registry冻结；禁止认证信息落盘。,HTML表格: cheerio；正文: Readability+Markdown；动态页: 公开API/人工任务卡,05_全球周期与历史危机/外部原件/WEB-0162_7._美国财政部《1995_年墨西哥金融救援》文件（200_亿美元外汇稳定基金）：_/original.html,02_提取正文/WEB-0162/content.json,asset_monthly_return | case_evidence | historical_crisis_event | global_cycle_month,DB04 多币种—黄金周期实验室 | DB05 决策、约束与证据中心 | DB06 全球周期与历史危机,取得状态、内容可用性、提取状态和正式用途四态齐全；核心数字须A级或双B级并有人审。,,ACQUIRED,NARRATIVE_CONTENT,EXTRACTED,CORE,,B,人工复核关键字段与source_locator；通过后映射至正式source_registry。,ACQUIRED|NARRATIVE_CONTENT|EXTRACTED|CORE,2026-08-16T09:22:23.197Z
WEB-0173,20260816_research_archive_v1,METADATA_ONLY_LICENSE,AzerNews，2013,www.azernews.az,07_会计合规与制裁,D,metadata_only,NOT_ACQUIRED,country_policy_year: ISO3、年份、汇率制度、资本限制、汇出限制、制裁主体、有效期、原文定位；asset_monthly_return: 月份、资产、计价口径、价格、收益、成本、来源版本,限定会计分类、托管、制裁、外汇管制和合法可用性边界。,https://www.azernews.az/business/62020.html,公开GET；具体API查询参数在正式source_registry冻结；禁止认证信息落盘。,HTML表格: cheerio；正文: Readability+Markdown；动态页: 公开API/人工任务卡,,,country_policy_year | asset_monthly_return,DB02/DB05 政策与约束 | DB04 多币种—黄金周期实验室,取得状态、内容可用性、提取状态和正式用途四态齐全；不得单独支撑核心结论。,,NOT_APPLICABLE,NOT_ACQUIRED,FAILED,EXCLUDED,NOT_ACQUIRED,A/D,仅保留元数据；正式分析改用许可允许的权威替代源。,NOT_APPLICABLE|NOT_ACQUIRED|FAILED|EXCLUDED,2026-08-16T09:22:23.197Z
WEB-0183,20260816_research_archive_v1,METADATA_ONLY_LICENSE,www.bde.es 来源资料（WEB-0183）,www.bde.es,06_黄金美元与储备配置,D,metadata_only,NOT_ACQUIRED,source_registry: 平台版本、导入能力、ETL、模型、AIChat、XML、评分条款；asset_monthly_return: 月份、资产、计价口径、价格、收益、成本、来源版本；portfolio_scenario: 情景、周期、权重、成本、流动性、CVaR、回撤、合法可用比例,比较美元、短债、黄金、人民币资产与套保工具的周期性作用。,https://www.bde.es/wbe/en/areas-actuacion/analisis-e-investigacion/recursos/indices-de-riesgo-geopolitico-generales-y-bilaterales-para-34-economias-6075d2451c9da91.html,公开GET；具体API查询参数在正式source_registry冻结；禁止认证信息落盘。,HTML表格: cheerio；正文: Readability+Markdown；动态页: 公开API/人工任务卡,,,source_registry | asset_monthly_return | portfolio_scenario,通用交付与评分证据 | DB04 多币种—黄金周期实验室 | DB04/DB05 配置与约束,取得状态、内容可用性、提取状态和正式用途四态齐全；不得单独支撑核心结论。,,NOT_APPLICABLE,NOT_ACQUIRED,FAILED,EXCLUDED,NOT_ACQUIRED,B,仅保留元数据；正式分析改用许可允许的权威替代源。,NOT_APPLICABLE|NOT_ACQUIRED|FAILED|EXCLUDED,2026-08-16T09:22:23.197Z
WEB-0187,20260816_research_archive_v1,DOWNLOADED_VERIFIED,Bank for International Settlements,Bank for International Settlements,06_黄金美元与储备配置,B,shared,NARRATIVE_CONTENT,asset_monthly_return: 月份、资产、计价口径、价格、收益、成本、来源版本；portfolio_scenario: 情景、周期、权重、成本、流动性、CVaR、回撤、合法可用比例,比较美元、短债、黄金、人民币资产与套保工具的周期性作用。,https://www.bis.org/,公开GET；具体API查询参数在正式source_registry冻结；禁止认证信息落盘。,HTML表格: cheerio；正文: Readability+Markdown；动态页: 公开API/人工任务卡,"06_黄金美元与储备配置/外部原件/WEB-0187_change_Reserve_Returns,_BIS_Working_Papers_No._906,_2020,/original.html",02_提取正文/WEB-0187/content.json,asset_monthly_return | portfolio_scenario,DB04 多币种—黄金周期实验室 | DB04/DB05 配置与约束,取得状态、内容可用性、提取状态和正式用途四态齐全；不得单独支撑核心结论。,,ACQUIRED,NARRATIVE_CONTENT,EXTRACTED,SUPPLEMENT,,B,按项目用途复核；不足以单独支持核心结论。,ACQUIRED|NARRATIVE_CONTENT|EXTRACTED|SUPPLEMENT,2026-08-16T09:22:23.197Z
WEB-0191,20260816_research_archive_v1,DOWNLOADED_VERIFIED,What share for gold? On the interaction of gold and foreign exchange reserve returns,Bank for International Settlements,06_黄金美元与储备配置,B,shared,NARRATIVE_CONTENT,asset_monthly_return: 月份、资产、计价口径、价格、收益、成本、来源版本；portfolio_scenario: 情景、周期、权重、成本、流动性、CVaR、回撤、合法可用比例,比较美元、短债、黄金、人民币资产与套保工具的周期性作用。,https://www.bis.org/publ/work906.htm,公开GET；具体API查询参数在正式source_registry冻结；禁止认证信息落盘。,HTML表格: cheerio；正文: Readability+Markdown；动态页: 公开API/人工任务卡,06_黄金美元与储备配置/外部原件/WEB-0191_PDF_link_annotation_/original.html,02_提取正文/WEB-0191/content.json,asset_monthly_return | portfolio_scenario,DB04 多币种—黄金周期实验室 | DB04/DB05 配置与约束,取得状态、内容可用性、提取状态和正式用途四态齐全；不得单独支撑核心结论。,,ACQUIRED,NARRATIVE_CONTENT,EXTRACTED,SUPPLEMENT,,B,按项目用途复核；不足以单独支持核心结论。,ACQUIRED|NARRATIVE_CONTENT|EXTRACTED|SUPPLEMENT,2026-08-16T09:22:23.198Z
WEB-0194,20260816_research_archive_v1,DOWNLOADED_VERIFIED,CPI Home : U.S. Bureau of Labor Statistics,www.bls.gov,05_全球周期与历史危机,A,shared,NARRATIVE_CONTENT,country_monthly_risk: ISO3、月份、官方汇率、CPI、储备、平行汇率、发布日期、质量标记；asset_monthly_return: 月份、资产、计价口径、价格、收益、成本、来源版本；case_evidence: 案例ID、事件簇、命题角色、关键事实、来源等级、页码、复核状态；historical_crisis_event: 历史事件、制度环境、政策节点、起止期、可比性、黄金与美元表现；global_cycle_month: 月份、工业生产、失业、CPI、利率、利差、美元、金融条件、市场回撤、周期标签,识别全球经济周期、资产泡沫、信用危机、衰退与历史制度差异。,https://www.bls.gov/cpi/,公开GET；具体API查询参数在正式source_registry冻结；禁止认证信息落盘。,HTML表格: cheerio；正文: Readability+Markdown；动态页: 公开API/人工任务卡,05_全球周期与历史危机/外部原件/WEB-0194_1._美国_CPI_数据（2022-06_峰值_9.1%）：美国劳工统计局：_/original.html,02_提取正文/WEB-0194/content.json,country_monthly_risk | asset_monthly_return | case_evidence | historical_crisis_event | global_cycle_month,DB01/DB02 国别风险与危机下钻 | DB04 多币种—黄金周期实验室 | DB05 决策、约束与证据中心 | DB06 全球周期与历史危机,取得状态、内容可用性、提取状态和正式用途四态齐全；核心数字须A级或双B级并有人审。,,ACQUIRED,NARRATIVE_CONTENT,EXTRACTED,CORE,,B,人工复核关键字段与source_locator；通过后映射至正式source_registry。,ACQUIRED|NARRATIVE_CONTENT|EXTRACTED|CORE,2026-08-16T09:22:23.198Z
WEB-0195,20260816_research_archive_v1,DOWNLOADED_VERIFIED,"Databases, Tables & Calculators by Subject : U.S. Bureau of Labor Statistics",www.bls.gov,06_黄金美元与储备配置,A,shared,MIXED_CONTENT,asset_monthly_return: 月份、资产、计价口径、价格、收益、成本、来源版本；portfolio_scenario: 情景、周期、权重、成本、流动性、CVaR、回撤、合法可用比例,比较美元、短债、黄金、人民币资产与套保工具的周期性作用。,https://www.bls.gov/data/,公开GET；具体API查询参数在正式source_registry冻结；禁止认证信息落盘。,HTML表格: cheerio；正文: Readability+Markdown；动态页: 公开API/人工任务卡,06_黄金美元与储备配置/外部原件/WEB-0195_XLSX_entry_xl_worksheets_sheet2.xml/original.html,02_提取正文/WEB-0195/content.json,asset_monthly_return | portfolio_scenario,DB04 多币种—黄金周期实验室 | DB04/DB05 配置与约束,取得状态、内容可用性、提取状态和正式用途四态齐全；核心数字须A级或双B级并有人审。,,ACQUIRED,MIXED_CONTENT,EXTRACTED,CORE,,B,人工复核关键字段与source_locator；通过后映射至正式source_registry。,ACQUIRED|MIXED_CONTENT|EXTRACTED|CORE,2026-08-16T09:22:23.198Z
WEB-0197,20260816_research_archive_v1,DOWNLOADED_VERIFIED,Home : 日本銀行 Bank of Japan,Bank of Japan,05_全球周期与历史危机,B,shared,NARRATIVE_CONTENT,source_registry: 平台版本、导入能力、ETL、模型、AIChat、XML、评分条款；historical_crisis_event: 历史事件、制度环境、政策节点、起止期、可比性、黄金与美元表现；global_cycle_month: 月份、工业生产、失业、CPI、利率、利差、美元、金融条件、市场回撤、周期标签,识别全球经济周期、资产泡沫、信用危机、衰退与历史制度差异。,https://www.boj.or.jp/en/rss/whatsnew.xml,公开GET；具体API查询参数在正式source_registry冻结；禁止认证信息落盘。,HTML表格: cheerio；正文: Readability+Markdown；动态页: 公开API/人工任务卡,"05_全球周期与历史危机/外部原件/WEB-0197_Accord,_bubble_formation_and_subsequent_adjustment,/original.html",02_提取正文/WEB-0197/content.json | 01_新增原件/WEB-0197/WEB-0197-R01_whatsnew.xml | 01_新增原件/WEB-0197/WEB-0197-R02_mei260810.xlsx | 01_新增原件/WEB-0197/WEB-0197-R03_call.xlsx | 01_新增原件/WEB-0197/WEB-0197-R01_whatsnew.xml | 03_提取表格/WEB-0197/WEB-0197-R02/mei.csv | 03_提取表格/WEB-0197/WEB-0197-R03/業態別・By_Sector_(1)_(2).csv | 03_提取表格/WEB-0197/WEB-0197-R03/業態別・By_Sector_(3)_(4).csv | 03_提取表格/WEB-0197/WEB-0197-R03/期間別・By_Period.csv,source_registry | historical_crisis_event | global_cycle_month,通用交付与评分证据 | DB06 全球周期与历史危机,取得状态、内容可用性、提取状态和正式用途四态齐全；不得单独支撑核心结论。,,ACQUIRED,NARRATIVE_CONTENT,EXTRACTED,SUPPLEMENT,,B,按项目用途复核；不足以单独支持核心结论。,ACQUIRED|NARRATIVE_CONTENT|EXTRACTED|SUPPLEMENT,2026-08-16T09:22:23.198Z
WEB-0198,20260816_research_archive_v1,DOWNLOADED_VERIFIED,Speech by Board Member Kamezaki in Mie (Recent Economic and Financial Developments in Japan) : 日本銀行 Bank of Japan,Bank of Japan,05_全球周期与历史危机,B,shared,NARRATIVE_CONTENT,source_registry: 平台版本、导入能力、ETL、模型、AIChat、XML、评分条款；historical_crisis_event: 历史事件、制度环境、政策节点、起止期、可比性、黄金与美元表现；global_cycle_month: 月份、工业生产、失业、CPI、利率、利差、美元、金融条件、市场回撤、周期标签,识别全球经济周期、资产泡沫、信用危机、衰退与历史制度差异。,https://www.boj.or.jp/en/about/press/koen_2011/ko110906a.htm,公开GET；具体API查询参数在正式source_registry冻结；禁止认证信息落盘。,HTML表格: cheerio；正文: Readability+Markdown；动态页: 公开API/人工任务卡,05_全球周期与历史危机/外部原件/WEB-0198_PDF_link_annotation_/original.html,02_提取正文/WEB-0198/content.json,source_registry | historical_crisis_event | global_cycle_month,通用交付与评分证据 | DB06 全球周期与历史危机,取得状态、内容可用性、提取状态和正式用途四态齐全；不得单独支撑核心结论。,,ACQUIRED,NARRATIVE_CONTENT,EXTRACTED,SUPPLEMENT,,B,按项目用途复核；不足以单独支持核心结论。,ACQUIRED|NARRATIVE_CONTENT|EXTRACTED|SUPPLEMENT,2026-08-16T09:22:23.199Z
WEB-0199,20260816_research_archive_v1,DOWNLOADED_VERIFIED,"Speech by Board Member NAKAMURA in Miyazaki (Economic Activity, Prices, and Monetary Policy in Japan (via webcast)) : 日本銀行 Bank of Japan",Bank of Japan,05_全球周期与历史危机,B,shared,NARRATIVE_CONTENT,source_registry: 平台版本、导入能力、ETL、模型、AIChat、XML、评分条款；historical_crisis_event: 历史事件、制度环境、政策节点、起止期、可比性、黄金与美元表现；global_cycle_month: 月份、工业生产、失业、CPI、利率、利差、美元、金融条件、市场回撤、周期标签,识别全球经济周期、资产泡沫、信用危机、衰退与历史制度差异。,https://www.boj.or.jp/en/about/press/koen_2021/ko210831a.htm,公开GET；具体API查询参数在正式source_registry冻结；禁止认证信息落盘。,HTML表格: cheerio；正文: Readability+Markdown；动态页: 公开API/人工任务卡,05_全球周期与历史危机/外部原件/WEB-0199_PDF_link_annotation_/original.html,02_提取正文/WEB-0199/content.json,source_registry | historical_crisis_event | global_cycle_month,通用交付与评分证据 | DB06 全球周期与历史危机,取得状态、内容可用性、提取状态和正式用途四态齐全；不得单独支撑核心结论。,,ACQUIRED,NARRATIVE_CONTENT,EXTRACTED,SUPPLEMENT,,B,按项目用途复核；不足以单独支持核心结论。,ACQUIRED|NARRATIVE_CONTENT|EXTRACTED|SUPPLEMENT,2026-08-16T09:22:23.199Z
WEB-0200,20260816_research_archive_v1,DOWNLOADED_VERIFIED,Flow of Funds : 日本銀行 Bank of Japan,Bank of Japan,05_全球周期与历史危机,B,shared,MIXED_CONTENT,case_evidence: 案例ID、事件簇、命题角色、关键事实、来源等级、页码、复核状态；historical_crisis_event: 历史事件、制度环境、政策节点、起止期、可比性、黄金与美元表现；global_cycle_month: 月份、工业生产、失业、CPI、利率、利差、美元、金融条件、市场回撤、周期标签,识别全球经济周期、资产泡沫、信用危机、衰退与历史制度差异。,https://www.boj.or.jp/en/statistics/sj/sjds.xlsx,公开GET；具体API查询参数在正式source_registry冻结；禁止认证信息落盘。,HTML表格: cheerio；正文: Readability+Markdown；动态页: 公开API/人工任务卡,05_全球周期与历史危机/外部原件/WEB-0200_5._日银资金循环统计（家庭金融资产）：日本银行，_/original.html,02_提取正文/WEB-0200/content.json | 01_新增原件/WEB-0200/WEB-0200-R01_sjds.xlsx | 01_新增原件/WEB-0200/WEB-0200-R02_sjfs.xlsx | 01_新增原件/WEB-0200/WEB-0200-R03_sjfy.xlsx | 03_提取表格/WEB-0200/WEB-0200-R01/SDDS.csv | 03_提取表格/WEB-0200/WEB-0200-R02/OFCS.csv | 03_提取表格/WEB-0200/WEB-0200-R03/1.csv | 03_提取表格/WEB-0200/WEB-0200-R03/2.csv | 03_提取表格/WEB-0200/WEB-0200-R03/3.csv | 03_提取表格/WEB-0200/WEB-0200-R03/4.csv | 03_提取表格/WEB-0200/WEB-0200-R03/5.csv | 03_提取表格/WEB-0200/WEB-0200-R03/6.csv | 03_提取表格/WEB-0200/WEB-0200-R03/7.csv | 03_提取表格/WEB-0200/WEB-0200-R03/8.csv | 03_提取表格/WEB-0200/WEB-0200-R03/9.csv | 03_提取表格/WEB-0200/WEB-0200-R03/10.csv | 03_提取表格/WEB-0200/WEB-0200-R03/19.csv | 03_提取表格/WEB-0200/WEB-0200-R03/20.csv | 03_提取表格/WEB-0200/WEB-0200-R03/21.csv | 03_提取表格/WEB-0200/WEB-0200-R03/22.csv | 03_提取表格/WEB-0200/WEB-0200-R03/23.csv | 03_提取表格/WEB-0200/WEB-0200-R03/24.csv | 03_提取表格/WEB-0200/WEB-0200-R03/25.csv | 03_提取表格/WEB-0200/WEB-0200-R03/26.csv | 03_提取表格/WEB-0200/WEB-0200-R03/27.csv | 03_提取表格/WEB-0200/WEB-0200-R03/28.csv | 03_提取表格/WEB-0200/WEB-0200-R03/45.csv | 03_提取表格/WEB-0200/WEB-0200-R03/46.csv | 03_提取表格/WEB-0200/WEB-0200-R03/47.csv | 03_提取表格/WEB-0200/WEB-0200-R03/48.csv | 03_提取表格/WEB-0200/WEB-0200-R03/49.csv | 03_提取表格/WEB-0200/WEB-0200-R03/50.csv | 03_提取表格/WEB-0200/WEB-0200-R03/51.csv | 03_提取表格/WEB-0200/WEB-0200-R03/52.csv | 03_提取表格/WEB-0200/WEB-0200-R03/53.csv | 03_提取表格/WEB-0200/WEB-0200-R03/54.csv,case_evidence | historical_crisis_event | global_cycle_month,DB05 决策、约束与证据中心 | DB06 全球周期与历史危机,取得状态、内容可用性、提取状态和正式用途四态齐全；不得单独支撑核心结论。,,ACQUIRED,MIXED_CONTENT,EXTRACTED,SUPPLEMENT,,B,按项目用途复核；不足以单独支持核心结论。,ACQUIRED|MIXED_CONTENT|EXTRACTED|SUPPLEMENT,2026-08-16T09:22:23.199Z
WEB-0216,20260816_research_archive_v1,DOWNLOADED_VERIFIED,National Financial Conditions Index: Current Data - Federal Reserve Bank of Chicago,Federal Reserve Bank of Chicago,04_国别货币与中国出海,B,shared,NARRATIVE_CONTENT,source_registry: 平台版本、导入能力、ETL、模型、AIChat、XML、评分条款；country_monthly_risk: ISO3、月份、官方汇率、CPI、储备、平行汇率、发布日期、质量标记；country_policy_year: ISO3、年份、汇率制度、资本限制、汇出限制、制裁主体、有效期、原文定位,支持亚非拉国别风险、汇率、通胀、资本管制和中国投资暴露研究。,https://www.chicagofed.org/research/data/nfci/current-data,公开GET；具体API查询参数在正式source_registry冻结；禁止认证信息落盘。,HTML表格: cheerio；正文: Readability+Markdown；动态页: 公开API/人工任务卡,04_国别货币与中国出海/外部原件/WEB-0216_PDF_link_annotation_/original.html,02_提取正文/WEB-0216/content.json,source_registry | country_monthly_risk | country_policy_year,通用交付与评分证据 | DB01/DB02 国别风险与危机下钻 | DB02/DB05 政策与约束,取得状态、内容可用性、提取状态和正式用途四态齐全；不得单独支撑核心结论。,,ACQUIRED,NARRATIVE_CONTENT,EXTRACTED,SUPPLEMENT,,B,按项目用途复核；不足以单独支持核心结论。,ACQUIRED|NARRATIVE_CONTENT|EXTRACTED|SUPPLEMENT,2026-08-16T09:22:23.199Z
WEB-0218,20260816_research_archive_v1,METADATA_ONLY_LICENSE,2. 中国黄金集团黄金珠宝股份有限公司官网/公告,www.chinagoldsh.com,07_会计合规与制裁,D,metadata_only,NOT_ACQUIRED,company_overseas_exposure: 企业、财年、海外收入、披露地区、汇兑损益、外币资产负债、套保、现金、授信、页码；country_policy_year: ISO3、年份、汇率制度、资本限制、汇出限制、制裁主体、有效期、原文定位；asset_monthly_return: 月份、资产、计价口径、价格、收益、成本、来源版本；case_evidence: 案例ID、事件簇、命题角色、关键事实、来源等级、页码、复核状态,限定会计分类、托管、制裁、外汇管制和合法可用性边界。,https://www.chinagoldsh.com/portal/cn/index.html,公开GET；具体API查询参数在正式source_registry冻结；禁止认证信息落盘。,HTML表格: cheerio；正文: Readability+Markdown；动态页: 公开API/人工任务卡,,,company_overseas_exposure | country_policy_year | asset_monthly_return | case_evidence,DB03 中国企业海外风险 | DB02/DB05 政策与约束 | DB04 多币种—黄金周期实验室 | DB05 决策、约束与证据中心,取得状态、内容可用性、提取状态和正式用途四态齐全；不得单独支撑核心结论。,,NOT_APPLICABLE,NOT_ACQUIRED,FAILED,EXCLUDED,NOT_ACQUIRED,A/D,仅保留元数据；正式分析改用许可允许的权威替代源。,NOT_APPLICABLE|NOT_ACQUIRED|FAILED|EXCLUDED,2026-08-16T09:22:23.199Z
WEB-0225,20260816_research_archive_v1,METADATA_ONLY_LICENSE,www.cmegroup.com 来源资料（WEB-0225）,www.cmegroup.com,06_黄金美元与储备配置,D,metadata_only,NOT_ACQUIRED,asset_monthly_return: 月份、资产、计价口径、价格、收益、成本、来源版本；portfolio_scenario: 情景、周期、权重、成本、流动性、CVaR、回撤、合法可用比例,比较美元、短债、黄金、人民币资产与套保工具的周期性作用。,https://www.cmegroup.com/markets/metals/precious.html,公开GET；具体API查询参数在正式source_registry冻结；禁止认证信息落盘。,HTML表格: cheerio；正文: Readability+Markdown；动态页: 公开API/人工任务卡,,,asset_monthly_return | portfolio_scenario,DB04 多币种—黄金周期实验室 | DB04/DB05 配置与约束,取得状态、内容可用性、提取状态和正式用途四态齐全；不得单独支撑核心结论。,,NOT_APPLICABLE,NOT_ACQUIRED,FAILED,EXCLUDED,NOT_ACQUIRED,B,仅保留元数据；正式分析改用许可允许的权威替代源。,NOT_APPLICABLE|NOT_ACQUIRED|FAILED|EXCLUDED,2026-08-16T09:22:23.199Z
WEB-0227,20260816_research_archive_v1,METADATA_ONLY_LICENSE,7. 新华网/新华财经，2023，《黎巴嫩本币兑美元汇率跌破 100000 比 1 大关》——黑市破 10 万、累计贬值超 98%。,www.cnfin.com,06_黄金美元与储备配置,D,metadata_only,NOT_ACQUIRED,country_monthly_risk: ISO3、月份、官方汇率、CPI、储备、平行汇率、发布日期、质量标记；country_event: 事件ID、国家、类型、起止月、触发值、证据等级、决策时可知性；asset_monthly_return: 月份、资产、计价口径、价格、收益、成本、来源版本；portfolio_scenario: 情景、周期、权重、成本、流动性、CVaR、回撤、合法可用比例；case_evidence: 案例ID、事件簇、命题角色、关键事实、来源等级、页码、复核状态,比较美元、短债、黄金、人民币资产与套保工具的周期性作用。,https://www.cnfin.com/hs-lb/detail/20230314/3822485_1.html,公开GET；具体API查询参数在正式source_registry冻结；禁止认证信息落盘。,HTML表格: cheerio；正文: Readability+Markdown；动态页: 公开API/人工任务卡,,,country_monthly_risk | country_event | asset_monthly_return | portfolio_scenario | case_evidence,DB01/DB02 国别风险与危机下钻 | DB02 国别与危机下钻 | DB04 多币种—黄金周期实验室 | DB04/DB05 配置与约束 | DB05 决策、约束与证据中心,取得状态、内容可用性、提取状态和正式用途四态齐全；不得单独支撑核心结论。,,NOT_APPLICABLE,NOT_ACQUIRED,FAILED,EXCLUDED,NOT_ACQUIRED,B,仅保留元数据；正式分析改用许可允许的权威替代源。,NOT_APPLICABLE|NOT_ACQUIRED|FAILED|EXCLUDED,2026-08-16T09:22:23.199Z
WEB-0235,20260816_research_archive_v1,DOWNLOADED_VERIFIED,亚洲金融危机回顾与思考 - 国务院发展研究中心,www.drc.gov.cn,05_全球周期与历史危机,A,shared,MIXED_CONTENT,case_evidence: 案例ID、事件簇、命题角色、关键事实、来源等级、页码、复核状态；historical_crisis_event: 历史事件、制度环境、政策节点、起止期、可比性、黄金与美元表现；global_cycle_month: 月份、工业生产、失业、CPI、利率、利差、美元、金融条件、市场回撤、周期标签,识别全球经济周期、资产泡沫、信用危机、衰退与历史制度差异。,https://www.drc.gov.cn/DocView.aspx?chnid=379&leafid=1338&docid=2905952,公开GET；具体API查询参数在正式source_registry冻结；禁止认证信息落盘。,HTML表格: cheerio；正文: Readability+Markdown；动态页: 公开API/人工任务卡,05_全球周期与历史危机/外部原件/WEB-0235_5._国务院发展研究中心，张瑾《亚洲金融危机回顾与思考》，2022——各国股市跌幅与韩元半年贬值_48%：/original.html,02_提取正文/WEB-0235/content.json,case_evidence | historical_crisis_event | global_cycle_month,DB05 决策、约束与证据中心 | DB06 全球周期与历史危机,取得状态、内容可用性、提取状态和正式用途四态齐全；核心数字须A级或双B级并有人审。,,ACQUIRED,MIXED_CONTENT,EXTRACTED,CORE,,B,人工复核关键字段与source_locator；通过后映射至正式source_registry。,ACQUIRED|MIXED_CONTENT|EXTRACTED|CORE,2026-08-16T09:22:23.199Z
WEB-0237,20260816_research_archive_v1,DOWNLOADED_VERIFIED,European Central Bank,European Central Bank,05_全球周期与历史危机,B,shared,MIXED_CONTENT,asset_monthly_return: 月份、资产、计价口径、价格、收益、成本、来源版本；case_evidence: 案例ID、事件簇、命题角色、关键事实、来源等级、页码、复核状态；historical_crisis_event: 历史事件、制度环境、政策节点、起止期、可比性、黄金与美元表现；global_cycle_month: 月份、工业生产、失业、CPI、利率、利差、美元、金融条件、市场回撤、周期标签,识别全球经济周期、资产泡沫、信用危机、衰退与历史制度差异。,https://www.ecb.europa.eu/home/html/index.en.html,公开GET；具体API查询参数在正式source_registry冻结；禁止认证信息落盘。,HTML表格: cheerio；正文: Readability+Markdown；动态页: 公开API/人工任务卡,05_全球周期与历史危机/外部原件/WEB-0237_7._《华盛顿协议》（1999-09）：欧洲央行（ECB）声明：_/original.html,02_提取正文/WEB-0237/content.json,asset_monthly_return | case_evidence | historical_crisis_event | global_cycle_month,DB04 多币种—黄金周期实验室 | DB05 决策、约束与证据中心 | DB06 全球周期与历史危机,取得状态、内容可用性、提取状态和正式用途四态齐全；不得单独支撑核心结论。,,ACQUIRED,MIXED_CONTENT,EXTRACTED,SUPPLEMENT,,B,按项目用途复核；不足以单独支持核心结论。,ACQUIRED|MIXED_CONTENT|EXTRACTED|SUPPLEMENT,2026-08-16T09:22:23.200Z
WEB-0238,20260816_research_archive_v1,DOWNLOADED_VERIFIED,Publications by date,European Central Bank,05_全球周期与历史危机,B,shared,NARRATIVE_CONTENT,case_evidence: 案例ID、事件簇、命题角色、关键事实、来源等级、页码、复核状态；historical_crisis_event: 历史事件、制度环境、政策节点、起止期、可比性、黄金与美元表现；global_cycle_month: 月份、工业生产、失业、CPI、利率、利差、美元、金融条件、市场回撤、周期标签,识别全球经济周期、资产泡沫、信用危机、衰退与历史制度差异。,https://www.ecb.europa.eu/press/pubbydate/html/index.en.html,公开GET；具体API查询参数在正式source_registry冻结；禁止认证信息落盘。,HTML表格: cheerio；正文: Readability+Markdown；动态页: 公开API/人工任务卡,05_全球周期与历史危机/外部原件/WEB-0238_1._ECB《The_Financial_Crisis_in_the_Global_Economy》与希腊救助文件：_/original.html,02_提取正文/WEB-0238/content.json,case_evidence | historical_crisis_event | global_cycle_month,DB05 决策、约束与证据中心 | DB06 全球周期与历史危机,取得状态、内容可用性、提取状态和正式用途四态齐全；不得单独支撑核心结论。,,ACQUIRED,NARRATIVE_CONTENT,EXTRACTED,SUPPLEMENT,,B,按项目用途复核；不足以单独支持核心结论。,ACQUIRED|NARRATIVE_CONTENT|EXTRACTED|SUPPLEMENT,2026-08-16T09:22:23.200Z
WEB-0247,20260816_research_archive_v1,METADATA_ONLY_LICENSE,3. 名义 GDP 停滞数据：日本内阁府国民经济核算，<,www.esri.cao.go.jp,05_全球周期与历史危机,D,metadata_only,NOT_ACQUIRED,case_evidence: 案例ID、事件簇、命题角色、关键事实、来源等级、页码、复核状态；historical_crisis_event: 历史事件、制度环境、政策节点、起止期、可比性、黄金与美元表现；global_cycle_month: 月份、工业生产、失业、CPI、利率、利差、美元、金融条件、市场回撤、周期标签,识别全球经济周期、资产泡沫、信用危机、衰退与历史制度差异。,https://www.esri.cao.go.jp/en/sna/menu.html,公开GET；具体API查询参数在正式source_registry冻结；禁止认证信息落盘。,HTML表格: cheerio；正文: Readability+Markdown；动态页: 公开API/人工任务卡,,,case_evidence | historical_crisis_event | global_cycle_month,DB05 决策、约束与证据中心 | DB06 全球周期与历史危机,取得状态、内容可用性、提取状态和正式用途四态齐全；不得单独支撑核心结论。,,NOT_APPLICABLE,NOT_ACQUIRED,FAILED,EXCLUDED,NOT_ACQUIRED,B,仅保留元数据；正式分析改用许可允许的权威替代源。,NOT_APPLICABLE|NOT_ACQUIRED|FAILED|EXCLUDED,2026-08-16T09:22:23.200Z
WEB-0251,20260816_research_archive_v1,METADATA_ONLY_LICENSE,方达律所速评,www.fangdalaw.com,08_企业案例与公开披露,D,metadata_only,NOT_ACQUIRED,company_overseas_exposure: 企业、财年、海外收入、披露地区、汇兑损益、外币资产负债、套保、现金、授信、页码；country_event: 事件ID、国家、类型、起止月、触发值、证据等级、决策时可知性；asset_monthly_return: 月份、资产、计价口径、价格、收益、成本、来源版本；portfolio_scenario: 情景、周期、权重、成本、流动性、CVaR、回撤、合法可用比例,核验企业海外收入、汇兑损益、冻结、退出和储备配置事实。,https://www.fangdalaw.com/content/details32_8567.html,公开GET；具体API查询参数在正式source_registry冻结；禁止认证信息落盘。,HTML表格: cheerio；正文: Readability+Markdown；动态页: 公开API/人工任务卡,,,company_overseas_exposure | country_event | asset_monthly_return | portfolio_scenario,DB03 中国企业海外风险 | DB02 国别与危机下钻 | DB04 多币种—黄金周期实验室 | DB04/DB05 配置与约束,取得状态、内容可用性、提取状态和正式用途四态齐全；不得单独支撑核心结论。,,NOT_APPLICABLE,NOT_ACQUIRED,FAILED,EXCLUDED,NOT_ACQUIRED,D,仅保留元数据；正式分析改用许可允许的权威替代源。,NOT_APPLICABLE|NOT_ACQUIRED|FAILED|EXCLUDED,2026-08-16T09:22:23.200Z
WEB-0252,20260816_research_archive_v1,METADATA_ONLY_LICENSE,www.fdic.gov 来源资料（WEB-0252）,www.fdic.gov,06_黄金美元与储备配置,A,metadata_only,NOT_ACQUIRED,asset_monthly_return: 月份、资产、计价口径、价格、收益、成本、来源版本；portfolio_scenario: 情景、周期、权重、成本、流动性、CVaR、回撤、合法可用比例,比较美元、短债、黄金、人民币资产与套保工具的周期性作用。,https://www.fdic.gov/news/press-releases/2023/pr23016.html,公开GET；具体API查询参数在正式source_registry冻结；禁止认证信息落盘。,HTML表格: cheerio；正文: Readability+Markdown；动态页: 公开API/人工任务卡,,,asset_monthly_return | portfolio_scenario,DB04 多币种—黄金周期实验室 | DB04/DB05 配置与约束,取得状态、内容可用性、提取状态和正式用途四态齐全；不得单独支撑核心结论。,,NOT_APPLICABLE,NOT_ACQUIRED,FAILED,EXCLUDED,NOT_ACQUIRED,B,仅保留元数据；正式分析改用许可允许的权威替代源。,NOT_APPLICABLE|NOT_ACQUIRED|FAILED|EXCLUDED,2026-08-16T09:22:23.200Z
WEB-0253,20260816_research_archive_v1,DOWNLOADED_VERIFIED,The Fed - The Federal Reserve’s responses to the post-Covid period of high inflation,Federal Reserve Board,06_黄金美元与储备配置,A,shared,MIXED_CONTENT,asset_monthly_return: 月份、资产、计价口径、价格、收益、成本、来源版本；portfolio_scenario: 情景、周期、权重、成本、流动性、CVaR、回撤、合法可用比例,比较美元、短债、黄金、人民币资产与套保工具的周期性作用。,https://www.federalreserve.gov/feeds/feds_notes.xml,公开GET；具体API查询参数在正式source_registry冻结；禁止认证信息落盘。,HTML表格: cheerio；正文: Readability+Markdown；动态页: 公开API/人工任务卡,06_黄金美元与储备配置/外部原件/WEB-0253_XLSX_entry_xl_worksheets_sheet4.xml/original.html,02_提取正文/WEB-0253/content.json | 01_新增原件/WEB-0253/WEB-0253-R01_feds_notes.xml | 01_新增原件/WEB-0253/WEB-0253-R01_feds_notes.xml,asset_monthly_return | portfolio_scenario,DB04 多币种—黄金周期实验室 | DB04/DB05 配置与约束,取得状态、内容可用性、提取状态和正式用途四态齐全；核心数字须A级或双B级并有人审。,,ACQUIRED,MIXED_CONTENT,EXTRACTED,CORE,,B,人工复核关键字段与source_locator；通过后映射至正式source_registry。,ACQUIRED|MIXED_CONTENT|EXTRACTED|CORE,2026-08-16T09:22:23.200Z
WEB-0254,20260816_research_archive_v1,DOWNLOADED_VERIFIED,The Fed - Meeting calendars and information,Federal Reserve Board,05_全球周期与历史危机,A,shared,NARRATIVE_CONTENT,case_evidence: 案例ID、事件簇、命题角色、关键事实、来源等级、页码、复核状态；historical_crisis_event: 历史事件、制度环境、政策节点、起止期、可比性、黄金与美元表现；global_cycle_month: 月份、工业生产、失业、CPI、利率、利差、美元、金融条件、市场回撤、周期标签,识别全球经济周期、资产泡沫、信用危机、衰退与历史制度差异。,https://www.federalreserve.gov/monetarypolicy/fomccalendars.htm,公开GET；具体API查询参数在正式source_registry冻结；禁止认证信息落盘。,HTML表格: cheerio；正文: Readability+Markdown；动态页: 公开API/人工任务卡,05_全球周期与历史危机/外部原件/WEB-0254_2._美联储加息记录：美联储官网（FOMC_声明与经济预测）：_/original.html,02_提取正文/WEB-0254/content.json,case_evidence | historical_crisis_event | global_cycle_month,DB05 决策、约束与证据中心 | DB06 全球周期与历史危机,取得状态、内容可用性、提取状态和正式用途四态齐全；核心数字须A级或双B级并有人审。,,ACQUIRED,NARRATIVE_CONTENT,EXTRACTED,CORE,,B,人工复核关键字段与source_locator；通过后映射至正式source_registry。,ACQUIRED|NARRATIVE_CONTENT|EXTRACTED|CORE,2026-08-16T09:22:23.200Z
WEB-0256,20260816_research_archive_v1,DOWNLOADED_VERIFIED,Federal Reserve Board - 2020 FOMC Press Releases,Federal Reserve Board,04_国别货币与中国出海,A,shared,NARRATIVE_CONTENT,country_monthly_risk: ISO3、月份、官方汇率、CPI、储备、平行汇率、发布日期、质量标记；country_policy_year: ISO3、年份、汇率制度、资本限制、汇出限制、制裁主体、有效期、原文定位,支持亚非拉国别风险、汇率、通胀、资本管制和中国投资暴露研究。,https://www.federalreserve.gov/newsevents/pressreleases/2020-press-fomc.htm,公开GET；具体API查询参数在正式source_registry冻结；禁止认证信息落盘。,HTML表格: cheerio；正文: Readability+Markdown；动态页: 公开API/人工任务卡,04_国别货币与中国出海/外部原件/WEB-0256_2020年FOMC官方新闻稿索引（替代失效汇总链接）/original.html,02_提取正文/WEB-0256/content.json,country_monthly_risk | country_policy_year,DB01/DB02 国别风险与危机下钻 | DB02/DB05 政策与约束,取得状态、内容可用性、提取状态和正式用途四态齐全；核心数字须A级或双B级并有人审。,,ACQUIRED,NARRATIVE_CONTENT,EXTRACTED,CORE,,B,人工复核关键字段与source_locator；通过后映射至正式source_registry。,ACQUIRED|NARRATIVE_CONTENT|EXTRACTED|CORE,2026-08-16T09:22:23.200Z
WEB-0257,20260816_research_archive_v1,DOWNLOADED_VERIFIED,Federal Reserve Board - Federal Reserve issues FOMC statement,Federal Reserve Board,06_黄金美元与储备配置,A,shared,NARRATIVE_CONTENT,asset_monthly_return: 月份、资产、计价口径、价格、收益、成本、来源版本；portfolio_scenario: 情景、周期、权重、成本、流动性、CVaR、回撤、合法可用比例,比较美元、短债、黄金、人民币资产与套保工具的周期性作用。,https://www.federalreserve.gov/newsevents/pressreleases/monetary20200315a.htm,公开GET；具体API查询参数在正式source_registry冻结；禁止认证信息落盘。,HTML表格: cheerio；正文: Readability+Markdown；动态页: 公开API/人工任务卡,06_黄金美元与储备配置/外部原件/WEB-0257_XLSX_entry_xl_worksheets_sheet4.xml/original.html,02_提取正文/WEB-0257/content.json,asset_monthly_return | portfolio_scenario,DB04 多币种—黄金周期实验室 | DB04/DB05 配置与约束,取得状态、内容可用性、提取状态和正式用途四态齐全；核心数字须A级或双B级并有人审。,,ACQUIRED,NARRATIVE_CONTENT,EXTRACTED,CORE,,B,人工复核关键字段与source_locator；通过后映射至正式source_registry。,ACQUIRED|NARRATIVE_CONTENT|EXTRACTED|CORE,2026-08-16T09:22:23.200Z
WEB-0258,20260816_research_archive_v1,DOWNLOADED_VERIFIED,"Federal Reserve Board - Implementation Note issued March 15, 2020",Federal Reserve Board,06_黄金美元与储备配置,A,shared,NARRATIVE_CONTENT,asset_monthly_return: 月份、资产、计价口径、价格、收益、成本、来源版本；portfolio_scenario: 情景、周期、权重、成本、流动性、CVaR、回撤、合法可用比例,比较美元、短债、黄金、人民币资产与套保工具的周期性作用。,https://www.federalreserve.gov/newsevents/pressreleases/monetary20200315a1.htm,公开GET；具体API查询参数在正式source_registry冻结；禁止认证信息落盘。,HTML表格: cheerio；正文: Readability+Markdown；动态页: 公开API/人工任务卡,06_黄金美元与储备配置/外部原件/WEB-0258_XLSX_entry_xl_worksheets_sheet4.xml/original.html,02_提取正文/WEB-0258/content.json,asset_monthly_return | portfolio_scenario,DB04 多币种—黄金周期实验室 | DB04/DB05 配置与约束,取得状态、内容可用性、提取状态和正式用途四态齐全；核心数字须A级或双B级并有人审。,,ACQUIRED,NARRATIVE_CONTENT,EXTRACTED,CORE,,B,人工复核关键字段与source_locator；通过后映射至正式source_registry。,ACQUIRED|NARRATIVE_CONTENT|EXTRACTED|CORE,2026-08-16T09:22:23.200Z
WEB-0259,20260816_research_archive_v1,DOWNLOADED_VERIFIED,"Federal Reserve Board - Implementation Note issued December 15, 2021",Federal Reserve Board,06_黄金美元与储备配置,A,shared,NARRATIVE_CONTENT,asset_monthly_return: 月份、资产、计价口径、价格、收益、成本、来源版本；portfolio_scenario: 情景、周期、权重、成本、流动性、CVaR、回撤、合法可用比例,比较美元、短债、黄金、人民币资产与套保工具的周期性作用。,https://www.federalreserve.gov/newsevents/pressreleases/monetary20211215a1.htm,公开GET；具体API查询参数在正式source_registry冻结；禁止认证信息落盘。,HTML表格: cheerio；正文: Readability+Markdown；动态页: 公开API/人工任务卡,06_黄金美元与储备配置/外部原件/WEB-0259_XLSX_entry_xl_worksheets_sheet4.xml/original.html,02_提取正文/WEB-0259/content.json,asset_monthly_return | portfolio_scenario,DB04 多币种—黄金周期实验室 | DB04/DB05 配置与约束,取得状态、内容可用性、提取状态和正式用途四态齐全；核心数字须A级或双B级并有人审。,,ACQUIRED,NARRATIVE_CONTENT,EXTRACTED,CORE,,B,人工复核关键字段与source_locator；通过后映射至正式source_registry。,ACQUIRED|NARRATIVE_CONTENT|EXTRACTED|CORE,2026-08-16T09:22:23.201Z
WEB-0260,20260816_research_archive_v1,DOWNLOADED_VERIFIED,Federal Reserve Board - Federal Reserve issues FOMC statement,Federal Reserve Board,06_黄金美元与储备配置,A,shared,NARRATIVE_CONTENT,asset_monthly_return: 月份、资产、计价口径、价格、收益、成本、来源版本；portfolio_scenario: 情景、周期、权重、成本、流动性、CVaR、回撤、合法可用比例,比较美元、短债、黄金、人民币资产与套保工具的周期性作用。,https://www.federalreserve.gov/newsevents/pressreleases/monetary20220316a.htm,公开GET；具体API查询参数在正式source_registry冻结；禁止认证信息落盘。,HTML表格: cheerio；正文: Readability+Markdown；动态页: 公开API/人工任务卡,06_黄金美元与储备配置/外部原件/WEB-0260_XLSX_entry_xl_worksheets_sheet4.xml/original.html,02_提取正文/WEB-0260/content.json,asset_monthly_return | portfolio_scenario,DB04 多币种—黄金周期实验室 | DB04/DB05 配置与约束,取得状态、内容可用性、提取状态和正式用途四态齐全；核心数字须A级或双B级并有人审。,,ACQUIRED,NARRATIVE_CONTENT,EXTRACTED,CORE,,B,人工复核关键字段与source_locator；通过后映射至正式source_registry。,ACQUIRED|NARRATIVE_CONTENT|EXTRACTED|CORE,2026-08-16T09:22:23.201Z
WEB-0261,20260816_research_archive_v1,DOWNLOADED_VERIFIED,Federal Reserve Board - Federal Reserve Board announces it will make available additional funding to eligible depository institutions to help assur...,Federal Reserve Board,06_黄金美元与储备配置,A,shared,NARRATIVE_CONTENT,asset_monthly_return: 月份、资产、计价口径、价格、收益、成本、来源版本；portfolio_scenario: 情景、周期、权重、成本、流动性、CVaR、回撤、合法可用比例,比较美元、短债、黄金、人民币资产与套保工具的周期性作用。,https://www.federalreserve.gov/newsevents/pressreleases/monetary20230312a.htm,公开GET；具体API查询参数在正式source_registry冻结；禁止认证信息落盘。,HTML表格: cheerio；正文: Readability+Markdown；动态页: 公开API/人工任务卡,06_黄金美元与储备配置/外部原件/WEB-0261_XLSX_entry_xl_worksheets_sheet4.xml/original.html,02_提取正文/WEB-0261/content.json,asset_monthly_return | portfolio_scenario,DB04 多币种—黄金周期实验室 | DB04/DB05 配置与约束,取得状态、内容可用性、提取状态和正式用途四态齐全；核心数字须A级或双B级并有人审。,,ACQUIRED,NARRATIVE_CONTENT,EXTRACTED,CORE,,B,人工复核关键字段与source_locator；通过后映射至正式source_registry。,ACQUIRED|NARRATIVE_CONTENT|EXTRACTED|CORE,2026-08-16T09:22:23.201Z
WEB-0262,20260816_research_archive_v1,DOWNLOADED_VERIFIED,Federal Reserve Board - Federal Reserve issues FOMC statement,Federal Reserve Board,06_黄金美元与储备配置,A,shared,NARRATIVE_CONTENT,asset_monthly_return: 月份、资产、计价口径、价格、收益、成本、来源版本；portfolio_scenario: 情景、周期、权重、成本、流动性、CVaR、回撤、合法可用比例,比较美元、短债、黄金、人民币资产与套保工具的周期性作用。,https://www.federalreserve.gov/newsevents/pressreleases/monetary20240918a.htm,公开GET；具体API查询参数在正式source_registry冻结；禁止认证信息落盘。,HTML表格: cheerio；正文: Readability+Markdown；动态页: 公开API/人工任务卡,06_黄金美元与储备配置/外部原件/WEB-0262_XLSX_entry_xl_worksheets_sheet4.xml/original.html,02_提取正文/WEB-0262/content.json,asset_monthly_return | portfolio_scenario,DB04 多币种—黄金周期实验室 | DB04/DB05 配置与约束,取得状态、内容可用性、提取状态和正式用途四态齐全；核心数字须A级或双B级并有人审。,,ACQUIRED,NARRATIVE_CONTENT,EXTRACTED,CORE,,B,人工复核关键字段与source_locator；通过后映射至正式source_registry。,ACQUIRED|NARRATIVE_CONTENT|EXTRACTED|CORE,2026-08-16T09:22:23.201Z
WEB-0263,20260816_research_archive_v1,DOWNLOADED_VERIFIED,Federal Reserve Board - Federal Reserve issues FOMC statement,Federal Reserve Board,06_黄金美元与储备配置,A,shared,NARRATIVE_CONTENT,asset_monthly_return: 月份、资产、计价口径、价格、收益、成本、来源版本；portfolio_scenario: 情景、周期、权重、成本、流动性、CVaR、回撤、合法可用比例,比较美元、短债、黄金、人民币资产与套保工具的周期性作用。,https://www.federalreserve.gov/newsevents/pressreleases/monetary20251210a.htm,公开GET；具体API查询参数在正式source_registry冻结；禁止认证信息落盘。,HTML表格: cheerio；正文: Readability+Markdown；动态页: 公开API/人工任务卡,06_黄金美元与储备配置/外部原件/WEB-0263_XLSX_entry_xl_worksheets_sheet4.xml/original.html,02_提取正文/WEB-0263/content.json,asset_monthly_return | portfolio_scenario,DB04 多币种—黄金周期实验室 | DB04/DB05 配置与约束,取得状态、内容可用性、提取状态和正式用途四态齐全；核心数字须A级或双B级并有人审。,,ACQUIRED,NARRATIVE_CONTENT,EXTRACTED,CORE,,B,人工复核关键字段与source_locator；通过后映射至正式source_registry。,ACQUIRED|NARRATIVE_CONTENT|EXTRACTED|CORE,2026-08-16T09:22:23.201Z
WEB-0264,20260816_research_archive_v1,DOWNLOADED_VERIFIED,Federal Reserve Board - Industrial Production and Capacity Utilization - G.17,Federal Reserve Board,06_黄金美元与储备配置,A,shared,MIXED_CONTENT,asset_monthly_return: 月份、资产、计价口径、价格、收益、成本、来源版本；portfolio_scenario: 情景、周期、权重、成本、流动性、CVaR、回撤、合法可用比例,比较美元、短债、黄金、人民币资产与套保工具的周期性作用。,https://www.federalreserve.gov/releases/g17/data/FRB_g17_xml.zip,公开GET；具体API查询参数在正式source_registry冻结；禁止认证信息落盘。,HTML表格: cheerio；正文: Readability+Markdown；动态页: 公开API/人工任务卡,06_黄金美元与储备配置/外部原件/WEB-0264_XLSX_entry_xl_worksheets_sheet2.xml/original.html,02_提取正文/WEB-0264/content.json | 01_新增原件/WEB-0264/WEB-0264-R01_FRB_g17_xml.zip | 01_新增原件/WEB-0264/WEB-0264-R02_g17.txt | 01_新增原件/WEB-0264/WEB-0264-R03_g17.txt | 01_新增原件/WEB-0264/expanded/WEB-0264-R01 | 01_新增原件/WEB-0264/expanded/WEB-0264-R01/G17_data.xml | 01_新增原件/WEB-0264/expanded/WEB-0264-R01/G17_struct.xml | 01_新增原件/WEB-0264/WEB-0264-R02_g17.txt | 01_新增原件/WEB-0264/WEB-0264-R03_g17.txt,asset_monthly_return | portfolio_scenario,DB04 多币种—黄金周期实验室 | DB04/DB05 配置与约束,取得状态、内容可用性、提取状态和正式用途四态齐全；核心数字须A级或双B级并有人审。,,ACQUIRED,MIXED_CONTENT,EXTRACTED,CORE,,B,人工复核关键字段与source_locator；通过后映射至正式source_registry。,ACQUIRED|MIXED_CONTENT|EXTRACTED|CORE,2026-08-16T09:22:23.201Z
WEB-0265,20260816_research_archive_v1,DOWNLOADED_VERIFIED,"Federal Reserve Board - Foreign Exchange Rates - H.10 - August 12, 2026",Federal Reserve Board,06_黄金美元与储备配置,A,shared,MIXED_CONTENT,asset_monthly_return: 月份、资产、计价口径、价格、收益、成本、来源版本；portfolio_scenario: 情景、周期、权重、成本、流动性、CVaR、回撤、合法可用比例,比较美元、短债、黄金、人民币资产与套保工具的周期性作用。,https://www.federalreserve.gov/releases/h10/current/,公开GET；具体API查询参数在正式source_registry冻结；禁止认证信息落盘。,HTML表格: cheerio；正文: Readability+Markdown；动态页: 公开API/人工任务卡,06_黄金美元与储备配置/外部原件/WEB-0265_-_来源：/original.html,02_提取正文/WEB-0265/content.json,asset_monthly_return | portfolio_scenario,DB04 多币种—黄金周期实验室 | DB04/DB05 配置与约束,取得状态、内容可用性、提取状态和正式用途四态齐全；核心数字须A级或双B级并有人审。,,ACQUIRED,MIXED_CONTENT,EXTRACTED,CORE,,B,人工复核关键字段与source_locator；通过后映射至正式source_registry。,ACQUIRED|MIXED_CONTENT|EXTRACTED|CORE,2026-08-16T09:22:23.201Z
WEB-0266,20260816_research_archive_v1,DOWNLOADED_VERIFIED,"Federal Reserve Board - Foreign Exchange Rates - H.10 - August 12, 2026",Federal Reserve Board,06_黄金美元与储备配置,A,shared,MIXED_CONTENT,asset_monthly_return: 月份、资产、计价口径、价格、收益、成本、来源版本；portfolio_scenario: 情景、周期、权重、成本、流动性、CVaR、回撤、合法可用比例,比较美元、短债、黄金、人民币资产与套保工具的周期性作用。,https://www.federalreserve.gov/releases/h10/data/FRB_h10_xml.zip,公开GET；具体API查询参数在正式source_registry冻结；禁止认证信息落盘。,HTML表格: cheerio；正文: Readability+Markdown；动态页: 公开API/人工任务卡,06_黄金美元与储备配置/外部原件/WEB-0266_XLSX_entry_xl_worksheets_sheet2.xml/original.html,02_提取正文/WEB-0266/content.json | 01_新增原件/WEB-0266/WEB-0266-R01_FRB_h10_xml.zip | 01_新增原件/WEB-0266/expanded/WEB-0266-R01 | 01_新增原件/WEB-0266/expanded/WEB-0266-R01/H10_data.xml | 01_新增原件/WEB-0266/expanded/WEB-0266-R01/H10_struct.xml,asset_monthly_return | portfolio_scenario,DB04 多币种—黄金周期实验室 | DB04/DB05 配置与约束,取得状态、内容可用性、提取状态和正式用途四态齐全；核心数字须A级或双B级并有人审。,,ACQUIRED,MIXED_CONTENT,EXTRACTED,CORE,,B,人工复核关键字段与source_locator；通过后映射至正式source_registry。,ACQUIRED|MIXED_CONTENT|EXTRACTED|CORE,2026-08-16T09:22:23.201Z
WEB-0269,20260816_research_archive_v1,METADATA_ONLY_LICENSE,中国金融新闻网，2025-02,www.financialnews.com.cn,08_企业案例与公开披露,D,metadata_only,NOT_ACQUIRED,company_overseas_exposure: 企业、财年、海外收入、披露地区、汇兑损益、外币资产负债、套保、现金、授信、页码；country_event: 事件ID、国家、类型、起止月、触发值、证据等级、决策时可知性；asset_monthly_return: 月份、资产、计价口径、价格、收益、成本、来源版本；portfolio_scenario: 情景、周期、权重、成本、流动性、CVaR、回撤、合法可用比例,核验企业海外收入、汇兑损益、冻结、退出和储备配置事实。,https://www.financialnews.com.cn/2025-02/05/content_417794.html,公开GET；具体API查询参数在正式source_registry冻结；禁止认证信息落盘。,HTML表格: cheerio；正文: Readability+Markdown；动态页: 公开API/人工任务卡,,,company_overseas_exposure | country_event | asset_monthly_return | portfolio_scenario,DB03 中国企业海外风险 | DB02 国别与危机下钻 | DB04 多币种—黄金周期实验室 | DB04/DB05 配置与约束,取得状态、内容可用性、提取状态和正式用途四态齐全；不得单独支撑核心结论。,,NOT_APPLICABLE,NOT_ACQUIRED,FAILED,EXCLUDED,NOT_ACQUIRED,D,仅保留元数据；正式分析改用许可允许的权威替代源。,NOT_APPLICABLE|NOT_ACQUIRED|FAILED|EXCLUDED,2026-08-16T09:22:23.201Z
WEB-0270,20260816_research_archive_v1,METADATA_ONLY_LICENSE,中国金融新闻网，2024-02,www.financialnews.com.cn,08_企业案例与公开披露,D,metadata_only,NOT_ACQUIRED,company_overseas_exposure: 企业、财年、海外收入、披露地区、汇兑损益、外币资产负债、套保、现金、授信、页码；country_event: 事件ID、国家、类型、起止月、触发值、证据等级、决策时可知性；asset_monthly_return: 月份、资产、计价口径、价格、收益、成本、来源版本；portfolio_scenario: 情景、周期、权重、成本、流动性、CVaR、回撤、合法可用比例,核验企业海外收入、汇兑损益、冻结、退出和储备配置事实。,https://www.financialnews.com.cn/jg/zc/202402/t20240202_286986.html,公开GET；具体API查询参数在正式source_registry冻结；禁止认证信息落盘。,HTML表格: cheerio；正文: Readability+Markdown；动态页: 公开API/人工任务卡,,,company_overseas_exposure | country_event | asset_monthly_return | portfolio_scenario,DB03 中国企业海外风险 | DB02 国别与危机下钻 | DB04 多币种—黄金周期实验室 | DB04/DB05 配置与约束,取得状态、内容可用性、提取状态和正式用途四态齐全；不得单独支撑核心结论。,,NOT_APPLICABLE,NOT_ACQUIRED,FAILED,EXCLUDED,NOT_ACQUIRED,D,仅保留元数据；正式分析改用许可允许的权威替代源。,NOT_APPLICABLE|NOT_ACQUIRED|FAILED|EXCLUDED,2026-08-16T09:22:23.201Z
WEB-0271,20260816_research_archive_v1,METADATA_ONLY_LICENSE,中国黄金协会，2026-02,www.fx678.com,08_企业案例与公开披露,D,metadata_only,NOT_ACQUIRED,company_overseas_exposure: 企业、财年、海外收入、披露地区、汇兑损益、外币资产负债、套保、现金、授信、页码；country_event: 事件ID、国家、类型、起止月、触发值、证据等级、决策时可知性；asset_monthly_return: 月份、资产、计价口径、价格、收益、成本、来源版本；portfolio_scenario: 情景、周期、权重、成本、流动性、CVaR、回撤、合法可用比例,核验企业海外收入、汇兑损益、冻结、退出和储备配置事实。,https://www.fx678.com/C/20260205/202602051010132463.html,公开GET；具体API查询参数在正式source_registry冻结；禁止认证信息落盘。,HTML表格: cheerio；正文: Readability+Markdown；动态页: 公开API/人工任务卡,,,company_overseas_exposure | country_event | asset_monthly_return | portfolio_scenario,DB03 中国企业海外风险 | DB02 国别与危机下钻 | DB04 多币种—黄金周期实验室 | DB04/DB05 配置与约束,取得状态、内容可用性、提取状态和正式用途四态齐全；不得单独支撑核心结论。,,NOT_APPLICABLE,NOT_ACQUIRED,FAILED,EXCLUDED,NOT_ACQUIRED,D,仅保留元数据；正式分析改用许可允许的权威替代源。,NOT_APPLICABLE|NOT_ACQUIRED|FAILED|EXCLUDED,2026-08-16T09:22:23.201Z
WEB-0274,20260816_research_archive_v1,METADATA_ONLY_LICENSE,www.gdeltproject.org 来源资料（WEB-0274）,www.gdeltproject.org,06_黄金美元与储备配置,D,metadata_only,NOT_ACQUIRED,asset_monthly_return: 月份、资产、计价口径、价格、收益、成本、来源版本；portfolio_scenario: 情景、周期、权重、成本、流动性、CVaR、回撤、合法可用比例,比较美元、短债、黄金、人民币资产与套保工具的周期性作用。,https://www.gdeltproject.org/data.html,公开GET；具体API查询参数在正式source_registry冻结；禁止认证信息落盘。,HTML表格: cheerio；正文: Readability+Markdown；动态页: 公开API/人工任务卡,,,asset_monthly_return | portfolio_scenario,DB04 多币种—黄金周期实验室 | DB04/DB05 配置与约束,取得状态、内容可用性、提取状态和正式用途四态齐全；不得单独支撑核心结论。,,NOT_APPLICABLE,NOT_ACQUIRED,FAILED,EXCLUDED,NOT_ACQUIRED,B,仅保留元数据；正式分析改用许可允许的权威替代源。,NOT_APPLICABLE|NOT_ACQUIRED|FAILED|EXCLUDED,2026-08-16T09:22:23.201Z
WEB-0289,20260816_research_archive_v1,DOWNLOADED_VERIFIED,黄金及黄金制品进出口管理办法_人民银行_中国政府网,www.gov.cn,08_企业案例与公开披露,A,shared,NARRATIVE_CONTENT,company_overseas_exposure: 企业、财年、海外收入、披露地区、汇兑损益、外币资产负债、套保、现金、授信、页码；country_event: 事件ID、国家、类型、起止月、触发值、证据等级、决策时可知性；asset_monthly_return: 月份、资产、计价口径、价格、收益、成本、来源版本；portfolio_scenario: 情景、周期、权重、成本、流动性、CVaR、回撤、合法可用比例,核验企业海外收入、汇兑损益、冻结、退出和储备配置事实。,https://www.gov.cn/zhengce/2015-04/01/content_5712727.htm,公开GET；具体API查询参数在正式source_registry冻结；禁止认证信息落盘。,HTML表格: cheerio；正文: Readability+Markdown；动态页: 公开API/人工任务卡,08_企业案例与公开披露/外部原件/WEB-0289_办法全文，中国政府网/original.html,02_提取正文/WEB-0289/content.json,company_overseas_exposure | country_event | asset_monthly_return | portfolio_scenario,DB03 中国企业海外风险 | DB02 国别与危机下钻 | DB04 多币种—黄金周期实验室 | DB04/DB05 配置与约束,取得状态、内容可用性、提取状态和正式用途四态齐全；核心数字须A级或双B级并有人审。,,ACQUIRED,NARRATIVE_CONTENT,EXTRACTED,CORE,,D,人工复核关键字段与source_locator；通过后映射至正式source_registry。,ACQUIRED|NARRATIVE_CONTENT|EXTRACTED|CORE,2026-08-16T09:22:23.201Z
WEB-0291,20260816_research_archive_v1,METADATA_ONLY_LICENSE,Z 值模型应用研究，2021,www.gwyoo.com,08_企业案例与公开披露,D,metadata_only,NOT_ACQUIRED,company_overseas_exposure: 企业、财年、海外收入、披露地区、汇兑损益、外币资产负债、套保、现金、授信、页码；country_event: 事件ID、国家、类型、起止月、触发值、证据等级、决策时可知性；asset_monthly_return: 月份、资产、计价口径、价格、收益、成本、来源版本；portfolio_scenario: 情景、周期、权重、成本、流动性、CVaR、回撤、合法可用比例,核验企业海外收入、汇兑损益、冻结、退出和储备配置事实。,https://www.gwyoo.com/lunwen/cwlw/cwyjlw/202105/740664.html,公开GET；具体API查询参数在正式source_registry冻结；禁止认证信息落盘。,HTML表格: cheerio；正文: Readability+Markdown；动态页: 公开API/人工任务卡,,,company_overseas_exposure | country_event | asset_monthly_return | portfolio_scenario,DB03 中国企业海外风险 | DB02 国别与危机下钻 | DB04 多币种—黄金周期实验室 | DB04/DB05 配置与约束,取得状态、内容可用性、提取状态和正式用途四态齐全；不得单独支撑核心结论。,,NOT_APPLICABLE,NOT_ACQUIRED,FAILED,EXCLUDED,NOT_ACQUIRED,D,仅保留元数据；正式分析改用许可允许的权威替代源。,NOT_APPLICABLE|NOT_ACQUIRED|FAILED|EXCLUDED,2026-08-16T09:22:23.201Z
WEB-0292,20260816_research_archive_v1,METADATA_ONLY_LICENSE,汉坤律所解读,www.hankunlaw.com,08_企业案例与公开披露,D,metadata_only,NOT_ACQUIRED,company_overseas_exposure: 企业、财年、海外收入、披露地区、汇兑损益、外币资产负债、套保、现金、授信、页码；country_event: 事件ID、国家、类型、起止月、触发值、证据等级、决策时可知性；asset_monthly_return: 月份、资产、计价口径、价格、收益、成本、来源版本；portfolio_scenario: 情景、周期、权重、成本、流动性、CVaR、回撤、合法可用比例,核验企业海外收入、汇兑损益、冻结、退出和储备配置事实。,https://www.hankunlaw.com/portal/article/index/cid/8/id/13961.html,公开GET；具体API查询参数在正式source_registry冻结；禁止认证信息落盘。,HTML表格: cheerio；正文: Readability+Markdown；动态页: 公开API/人工任务卡,,,company_overseas_exposure | country_event | asset_monthly_return | portfolio_scenario,DB03 中国企业海外风险 | DB02 国别与危机下钻 | DB04 多币种—黄金周期实验室 | DB04/DB05 配置与约束,取得状态、内容可用性、提取状态和正式用途四态齐全；不得单独支撑核心结论。,,NOT_APPLICABLE,NOT_ACQUIRED,FAILED,EXCLUDED,NOT_ACQUIRED,D,仅保留元数据；正式分析改用许可允许的权威替代源。,NOT_APPLICABLE|NOT_ACQUIRED|FAILED|EXCLUDED,2026-08-16T09:22:23.201Z
WEB-0298,20260816_research_archive_v1,DOWNLOADED_VERIFIED,IATA - Home,IATA,08_企业案例与公开披露,B,private_only,NARRATIVE_CONTENT,company_overseas_exposure: 企业、财年、海外收入、披露地区、汇兑损益、外币资产负债、套保、现金、授信、页码；country_event: 事件ID、国家、类型、起止月、触发值、证据等级、决策时可知性；portfolio_scenario: 情景、周期、权重、成本、流动性、CVaR、回撤、合法可用比例；case_evidence: 案例ID、事件簇、命题角色、关键事实、来源等级、页码、复核状态,核验企业海外收入、汇兑损益、冻结、退出和储备配置事实。,https://www.iata.org/,公开GET；具体API查询参数在正式source_registry冻结；禁止认证信息落盘。,HTML表格: cheerio；正文: Readability+Markdown；动态页: 公开API/人工任务卡,08_企业案例与公开披露/外部原件/WEB-0298_6._IATA《2024_Blocked_Funds_Update》（尼日利亚清兑后、其余国家仍高企）：_/original.html,02_提取正文/WEB-0298/content.json,company_overseas_exposure | country_event | portfolio_scenario | case_evidence,DB03 中国企业海外风险 | DB02 国别与危机下钻 | DB04/DB05 配置与约束 | DB05 决策、约束与证据中心,取得状态、内容可用性、提取状态和正式用途四态齐全；不得单独支撑核心结论。,,ACQUIRED,NARRATIVE_CONTENT,EXTRACTED,SUPPLEMENT,,D,按项目用途复核；不足以单独支持核心结论。,ACQUIRED|NARRATIVE_CONTENT|EXTRACTED|SUPPLEMENT,2026-08-16T09:22:23.202Z
WEB-0299,20260816_research_archive_v1,DOWNLOADED_VERIFIED,IATA - Blocked Funds,IATA,04_国别货币与中国出海,B,private_only,MIXED_CONTENT,country_monthly_risk: ISO3、月份、官方汇率、CPI、储备、平行汇率、发布日期、质量标记；country_policy_year: ISO3、年份、汇率制度、资本限制、汇出限制、制裁主体、有效期、原文定位,支持亚非拉国别风险、汇率、通胀、资本管制和中国投资暴露研究。,https://www.iata.org/blocked-funds,公开GET；具体API查询参数在正式source_registry冻结；禁止认证信息落盘。,HTML表格: cheerio；正文: Readability+Markdown；动态页: 公开API/人工任务卡,04_国别货币与中国出海/外部原件/WEB-0299_url_=/original.html,02_提取正文/WEB-0299/content.json,country_monthly_risk | country_policy_year,DB01/DB02 国别风险与危机下钻 | DB02/DB05 政策与约束,取得状态、内容可用性、提取状态和正式用途四态齐全；不得单独支撑核心结论。,,ACQUIRED,MIXED_CONTENT,EXTRACTED,SUPPLEMENT,,B,按项目用途复核；不足以单独支持核心结论。,ACQUIRED|MIXED_CONTENT|EXTRACTED|SUPPLEMENT,2026-08-16T09:22:23.202Z
WEB-0300,20260816_research_archive_v1,DOWNLOADED_VERIFIED,IATA - Pressroom,IATA,08_企业案例与公开披露,B,private_only,NARRATIVE_CONTENT,company_overseas_exposure: 企业、财年、海外收入、披露地区、汇兑损益、外币资产负债、套保、现金、授信、页码；country_event: 事件ID、国家、类型、起止月、触发值、证据等级、决策时可知性；portfolio_scenario: 情景、周期、权重、成本、流动性、CVaR、回撤、合法可用比例；case_evidence: 案例ID、事件簇、命题角色、关键事实、来源等级、页码、复核状态,核验企业海外收入、汇兑损益、冻结、退出和储备配置事实。,https://www.iata.org/en/pressroom,公开GET；具体API查询参数在正式source_registry冻结；禁止认证信息落盘。,HTML表格: cheerio；正文: Readability+Markdown；动态页: 公开API/人工任务卡,08_企业案例与公开披露/外部原件/WEB-0300_1._IATA《Blocked_Funds_Report》（2023-04_峰值_22.7_亿美元、分国别数据）：_/original.html,02_提取正文/WEB-0300/content.json,company_overseas_exposure | country_event | portfolio_scenario | case_evidence,DB03 中国企业海外风险 | DB02 国别与危机下钻 | DB04/DB05 配置与约束 | DB05 决策、约束与证据中心,取得状态、内容可用性、提取状态和正式用途四态齐全；不得单独支撑核心结论。,,ACQUIRED,NARRATIVE_CONTENT,EXTRACTED,SUPPLEMENT,,D,按项目用途复核；不足以单独支持核心结论。,ACQUIRED|NARRATIVE_CONTENT|EXTRACTED|SUPPLEMENT,2026-08-16T09:22:23.202Z
WEB-0301,20260816_research_archive_v1,DOWNLOADED_VERIFIED,IATA - Blocked Funds Drop to $1.8 billion with Major Clearance in Nigeria,IATA,04_国别货币与中国出海,B,private_only,MIXED_CONTENT,country_monthly_risk: ISO3、月份、官方汇率、CPI、储备、平行汇率、发布日期、质量标记；country_policy_year: ISO3、年份、汇率制度、资本限制、汇出限制、制裁主体、有效期、原文定位,支持亚非拉国别风险、汇率、通胀、资本管制和中国投资暴露研究。,https://www.iata.org/en/pressroom/2024-releases/2024-06-02-01,公开GET；具体API查询参数在正式source_registry冻结；禁止认证信息落盘。,HTML表格: cheerio；正文: Readability+Markdown；动态页: 公开API/人工任务卡,04_国别货币与中国出海/外部原件/WEB-0301_PDF_link_annotation_/original.html,02_提取正文/WEB-0301/content.json,country_monthly_risk | country_policy_year,DB01/DB02 国别风险与危机下钻 | DB02/DB05 政策与约束,取得状态、内容可用性、提取状态和正式用途四态齐全；不得单独支撑核心结论。,,ACQUIRED,MIXED_CONTENT,EXTRACTED,SUPPLEMENT,,B,按项目用途复核；不足以单独支持核心结论。,ACQUIRED|MIXED_CONTENT|EXTRACTED|SUPPLEMENT,2026-08-16T09:22:23.202Z
WEB-0303,20260816_research_archive_v1,DOWNLOADED_VERIFIED,IFRS - IFRS Foundation,IFRS Foundation,07_会计合规与制裁,B,private_only,NARRATIVE_CONTENT,company_overseas_exposure: 企业、财年、海外收入、披露地区、汇兑损益、外币资产负债、套保、现金、授信、页码；country_policy_year: ISO3、年份、汇率制度、资本限制、汇出限制、制裁主体、有效期、原文定位；asset_monthly_return: 月份、资产、计价口径、价格、收益、成本、来源版本；case_evidence: 案例ID、事件簇、命题角色、关键事实、来源等级、页码、复核状态,限定会计分类、托管、制裁、外汇管制和合法可用性边界。,https://www.ifrs.org/,公开GET；具体API查询参数在正式source_registry冻结；禁止认证信息落盘。,HTML表格: cheerio；正文: Readability+Markdown；动态页: 公开API/人工任务卡,07_会计合规与制裁/外部原件/WEB-0303_4._IAS_29《恶性通货膨胀经济中的财务报告》准则文本：IFRS_Foundation：_/original.html,02_提取正文/WEB-0303/content.json,company_overseas_exposure | country_policy_year | asset_monthly_return | case_evidence,DB03 中国企业海外风险 | DB02/DB05 政策与约束 | DB04 多币种—黄金周期实验室 | DB05 决策、约束与证据中心,取得状态、内容可用性、提取状态和正式用途四态齐全；不得单独支撑核心结论。,,ACQUIRED,NARRATIVE_CONTENT,EXTRACTED,SUPPLEMENT,,A/D,按项目用途复核；不足以单独支持核心结论。,ACQUIRED|NARRATIVE_CONTENT|EXTRACTED|SUPPLEMENT,2026-08-16T09:22:23.202Z
WEB-0309,20260816_research_archive_v1,DOWNLOADED_VERIFIED,IFRS - IFRS Accounting Standards Navigator,IFRS Foundation,07_会计合规与制裁,B,private_only,NARRATIVE_CONTENT,country_policy_year: ISO3、年份、汇率制度、资本限制、汇出限制、制裁主体、有效期、原文定位；asset_monthly_return: 月份、资产、计价口径、价格、收益、成本、来源版本,限定会计分类、托管、制裁、外汇管制和合法可用性边界。,https://www.ifrs.org/issued-standards/list-of-standards/,公开GET；具体API查询参数在正式source_registry冻结；禁止认证信息落盘。,HTML表格: cheerio；正文: Readability+Markdown；动态页: 公开API/人工任务卡,"07_会计合规与制裁/外部原件/WEB-0309_Economies,/original.html",02_提取正文/WEB-0309/content.json,country_policy_year | asset_monthly_return,DB02/DB05 政策与约束 | DB04 多币种—黄金周期实验室,取得状态、内容可用性、提取状态和正式用途四态齐全；不得单独支撑核心结论。,,ACQUIRED,NARRATIVE_CONTENT,EXTRACTED,SUPPLEMENT,,A/D,按项目用途复核；不足以单独支持核心结论。,ACQUIRED|NARRATIVE_CONTENT|EXTRACTED|SUPPLEMENT,2026-08-16T09:22:23.202Z
WEB-0310,20260816_research_archive_v1,DOWNLOADED_VERIFIED,IFRS - IAS 29 Financial Reporting in Hyperinflationary Economies,IFRS Foundation,07_会计合规与制裁,B,private_only,NARRATIVE_CONTENT,country_policy_year: ISO3、年份、汇率制度、资本限制、汇出限制、制裁主体、有效期、原文定位；asset_monthly_return: 月份、资产、计价口径、价格、收益、成本、来源版本,限定会计分类、托管、制裁、外汇管制和合法可用性边界。,https://www.ifrs.org/issued-standards/list-of-standards/ias-29-financial-reporting-in-hyperinflationary-economies/,公开GET；具体API查询参数在正式source_registry冻结；禁止认证信息落盘。,HTML表格: cheerio；正文: Readability+Markdown；动态页: 公开API/人工任务卡,07_会计合规与制裁/外部原件/WEB-0310_PDF_link_annotation_/original.html,02_提取正文/WEB-0310/content.json,country_policy_year | asset_monthly_return,DB02/DB05 政策与约束 | DB04 多币种—黄金周期实验室,取得状态、内容可用性、提取状态和正式用途四态齐全；不得单独支撑核心结论。,,ACQUIRED,NARRATIVE_CONTENT,EXTRACTED,SUPPLEMENT,,A/D,按项目用途复核；不足以单独支持核心结论。,ACQUIRED|NARRATIVE_CONTENT|EXTRACTED|SUPPLEMENT,2026-08-16T09:22:23.202Z
WEB-0318,20260816_research_archive_v1,DOWNLOADED_VERIFIED,"Money Matters, an IMF Exhibit -- The Importance of Global Cooperation, Reinventing the System (1972-1981), Part 3 of 7",International Monetary Fund,05_全球周期与历史危机,B,private_only,STRUCTURED_DATA,case_evidence: 案例ID、事件簇、命题角色、关键事实、来源等级、页码、复核状态；historical_crisis_event: 历史事件、制度环境、政策节点、起止期、可比性、黄金与美元表现；global_cycle_month: 月份、工业生产、失业、CPI、利率、利差、美元、金融条件、市场回撤、周期标签,识别全球经济周期、资产泡沫、信用危机、衰退与历史制度差异。,https://www.imf.org/external/np/exr/center/mm/eng/mm_rs_03.htm,公开GET；具体API查询参数在正式source_registry冻结；禁止认证信息落盘。,HTML表格: cheerio；正文: Readability+Markdown；动态页: 公开API/人工任务卡,05_全球周期与历史危机/外部原件/WEB-0318_1._IMF《Mexico_The_Tequila_Crisis》案例研究（比索汇率、外储、救助规模）：_/original.html,02_提取正文/WEB-0318/content.json,case_evidence | historical_crisis_event | global_cycle_month,DB05 决策、约束与证据中心 | DB06 全球周期与历史危机,取得状态、内容可用性、提取状态和正式用途四态齐全；不得单独支撑核心结论。,,ACQUIRED,STRUCTURED_DATA,EXTRACTED,SUPPLEMENT,,B,按项目用途复核；不足以单独支持核心结论。,ACQUIRED|STRUCTURED_DATA|EXTRACTED|SUPPLEMENT,2026-08-16T09:22:23.203Z
WEB-0325,20260816_research_archive_v1,METADATA_ONLY_LICENSE,金杜律所，2022,www.kingandwood.com,08_企业案例与公开披露,D,metadata_only,NOT_ACQUIRED,company_overseas_exposure: 企业、财年、海外收入、披露地区、汇兑损益、外币资产负债、套保、现金、授信、页码；country_event: 事件ID、国家、类型、起止月、触发值、证据等级、决策时可知性；asset_monthly_return: 月份、资产、计价口径、价格、收益、成本、来源版本；portfolio_scenario: 情景、周期、权重、成本、流动性、CVaR、回撤、合法可用比例,核验企业海外收入、汇兑损益、冻结、退出和储备配置事实。,https://www.kingandwood.com/cn/zh/insights/latest-thinking/gold-market-foreign-investors-participate-in-chinas-gold-market.html,公开GET；具体API查询参数在正式source_registry冻结；禁止认证信息落盘。,HTML表格: cheerio；正文: Readability+Markdown；动态页: 公开API/人工任务卡,,,company_overseas_exposure | country_event | asset_monthly_return | portfolio_scenario,DB03 中国企业海外风险 | DB02 国别与危机下钻 | DB04 多币种—黄金周期实验室 | DB04/DB05 配置与约束,取得状态、内容可用性、提取状态和正式用途四态齐全；不得单独支撑核心结论。,,NOT_APPLICABLE,NOT_ACQUIRED,FAILED,EXCLUDED,NOT_ACQUIRED,D,仅保留元数据；正式分析改用许可允许的权威替代源。,NOT_APPLICABLE|NOT_ACQUIRED|FAILED|EXCLUDED,2026-08-16T09:22:23.203Z
WEB-0335,20260816_research_archive_v1,DOWNLOADED_VERIFIED,&nbsp;,MDPI,06_黄金美元与储备配置,B,private_only,BLOCK_PAGE,asset_monthly_return: 月份、资产、计价口径、价格、收益、成本、来源版本；portfolio_scenario: 情景、周期、权重、成本、流动性、CVaR、回撤、合法可用比例,比较美元、短债、黄金、人民币资产与套保工具的周期性作用。,https://www.mdpi.com/1099-4300/28/3/271,公开GET；具体API查询参数在正式source_registry冻结；禁止认证信息落盘。,HTML表格: cheerio；正文: Readability+Markdown；动态页: 公开API/人工任务卡,"06_黄金美元与储备配置/外部原件/WEB-0335_论文,论文PDF,完整论文,2026-02-28,一次性,MDPI_PMC,/original.html",,asset_monthly_return | portfolio_scenario,DB04 多币种—黄金周期实验室 | DB04/DB05 配置与约束,取得状态、内容可用性、提取状态和正式用途四态齐全；不得单独支撑核心结论。,WEB-0115,ACQUIRED,BLOCK_PAGE,FAILED,REPLACED,BLOCK_PAGE,B,使用WEB-0115官方开放PDF，不再使用拦截页。,ACQUIRED|BLOCK_PAGE|FAILED|REPLACED,2026-08-16T09:22:23.203Z
WEB-0336,20260816_research_archive_v1,DOWNLOADED_VERIFIED,&nbsp;,MDPI,04_国别货币与中国出海,B,private_only,BLOCK_PAGE,country_monthly_risk: ISO3、月份、官方汇率、CPI、储备、平行汇率、发布日期、质量标记；country_policy_year: ISO3、年份、汇率制度、资本限制、汇出限制、制裁主体、有效期、原文定位,支持亚非拉国别风险、汇率、通胀、资本管制和中国投资暴露研究。,https://www.mdpi.com/1099-4300/28/3/271/pdf,公开GET；具体API查询参数在正式source_registry冻结；禁止认证信息落盘。,HTML表格: cheerio；正文: Readability+Markdown；动态页: 公开API/人工任务卡,04_国别货币与中国出海/外部原件/WEB-0336_缺失论文PDF恢复候选/original.html,,country_monthly_risk | country_policy_year,DB01/DB02 国别风险与危机下钻 | DB02/DB05 政策与约束,取得状态、内容可用性、提取状态和正式用途四态齐全；不得单独支撑核心结论。,WEB-0115,ACQUIRED,BLOCK_PAGE,FAILED,REPLACED,BLOCK_PAGE,B,使用WEB-0115官方开放PDF，不再使用拦截页。,ACQUIRED|BLOCK_PAGE|FAILED|REPLACED,2026-08-16T09:22:23.203Z
WEB-0344,20260816_research_archive_v1,DOWNLOADED_VERIFIED,商务部、国家统计局和国家外汇管理局联合发布《2024年度中国对外直接投资统计公报》,中华人民共和国商务部,06_黄金美元与储备配置,A,shared,NARRATIVE_CONTENT,source_registry: 平台版本、导入能力、ETL、模型、AIChat、XML、评分条款；country_exposure: ISO3、国家、年份、中国投资流量、存量、企业存在、表号、页码；asset_monthly_return: 月份、资产、计价口径、价格、收益、成本、来源版本；portfolio_scenario: 情景、周期、权重、成本、流动性、CVaR、回撤、合法可用比例,比较美元、短债、黄金、人民币资产与套保工具的周期性作用。,https://www.mofcom.gov.cn/zfxxgk/fdzdgknr/ztfl/tjsj/gwjjhztj/art/2025/art_73650df853694bf0a192e5fceb2948bb.html,公开GET；具体API查询参数在正式source_registry冻结；禁止认证信息落盘。,HTML表格: cheerio；正文: Readability+Markdown；动态页: 公开API/人工任务卡,06_黄金美元与储备配置/外部原件/WEB-0344_PDF_link_annotation_/original.html,02_提取正文/WEB-0344/content.json,source_registry | country_exposure | asset_monthly_return | portfolio_scenario,通用交付与评分证据 | DB01 亚非拉风险全景 | DB04 多币种—黄金周期实验室 | DB04/DB05 配置与约束,取得状态、内容可用性、提取状态和正式用途四态齐全；核心数字须A级或双B级并有人审。,,ACQUIRED,NARRATIVE_CONTENT,EXTRACTED,CORE,,B,人工复核关键字段与source_locator；通过后映射至正式source_registry。,ACQUIRED|NARRATIVE_CONTENT|EXTRACTED|CORE,2026-08-16T09:22:23.203Z
WEB-0345,20260816_research_archive_v1,DOWNLOADED_VERIFIED,人社部，2020,www.mohrss.gov.cn,08_企业案例与公开披露,A,shared,BLOCK_PAGE,company_overseas_exposure: 企业、财年、海外收入、披露地区、汇兑损益、外币资产负债、套保、现金、授信、页码；country_event: 事件ID、国家、类型、起止月、触发值、证据等级、决策时可知性；asset_monthly_return: 月份、资产、计价口径、价格、收益、成本、来源版本；portfolio_scenario: 情景、周期、权重、成本、流动性、CVaR、回撤、合法可用比例,核验企业海外收入、汇兑损益、冻结、退出和储备配置事实。,https://www.mohrss.gov.cn/shbxjjjds/SHBXJDSzhengcewenjian/202012/t20201230_406915.html,公开GET；具体API查询参数在正式source_registry冻结；禁止认证信息落盘。,HTML表格: cheerio；正文: Readability+Markdown；动态页: 公开API/人工任务卡,08_企业案例与公开披露/外部原件/WEB-0345_人社部，2020/original.html,,company_overseas_exposure | country_event | asset_monthly_return | portfolio_scenario,DB03 中国企业海外风险 | DB02 国别与危机下钻 | DB04 多币种—黄金周期实验室 | DB04/DB05 配置与约束,取得状态、内容可用性、提取状态和正式用途四态齐全；不得单独支撑核心结论。,,ACQUIRED,BLOCK_PAGE,FAILED,EXCLUDED,BLOCK_PAGE,D,补充权威替代来源；无法取得时删除相应字段和结论承诺。,ACQUIRED|BLOCK_PAGE|FAILED|EXCLUDED,2026-08-16T09:22:23.203Z
WEB-0348,20260816_research_archive_v1,DOWNLOADED_VERIFIED,The Golden Dilemma | NBER,National Bureau of Economic Research,05_全球周期与历史危机,B,private_only,NARRATIVE_CONTENT,asset_monthly_return: 月份、资产、计价口径、价格、收益、成本、来源版本；historical_crisis_event: 历史事件、制度环境、政策节点、起止期、可比性、黄金与美元表现；global_cycle_month: 月份、工业生产、失业、CPI、利率、利差、美元、金融条件、市场回撤、周期标签,识别全球经济周期、资产泡沫、信用危机、衰退与历史制度差异。,https://www.nber.org/papers/w18706,公开GET；具体API查询参数在正式source_registry冻结；禁止认证信息落盘。,HTML表格: cheerio；正文: Readability+Markdown；动态页: 公开API/人工任务卡,05_全球周期与历史危机/外部原件/WEB-0348_PDF_link_annotation_/original.html,02_提取正文/WEB-0348/content.json,asset_monthly_return | historical_crisis_event | global_cycle_month,DB04 多币种—黄金周期实验室 | DB06 全球周期与历史危机,取得状态、内容可用性、提取状态和正式用途四态齐全；不得单独支撑核心结论。,,ACQUIRED,NARRATIVE_CONTENT,EXTRACTED,SUPPLEMENT,,B,按项目用途复核；不足以单独支持核心结论。,ACQUIRED|NARRATIVE_CONTENT|EXTRACTED|SUPPLEMENT,2026-08-16T09:22:23.203Z
WEB-0349,20260816_research_archive_v1,DOWNLOADED_VERIFIED,Business Cycle Dating | NBER,National Bureau of Economic Research,05_全球周期与历史危机,B,private_only,NARRATIVE_CONTENT,source_registry: 平台版本、导入能力、ETL、模型、AIChat、XML、评分条款；historical_crisis_event: 历史事件、制度环境、政策节点、起止期、可比性、黄金与美元表现；global_cycle_month: 月份、工业生产、失业、CPI、利率、利差、美元、金融条件、市场回撤、周期标签,识别全球经济周期、资产泡沫、信用危机、衰退与历史制度差异。,https://www.nber.org/research/business-cycle-dating,公开GET；具体API查询参数在正式source_registry冻结；禁止认证信息落盘。,HTML表格: cheerio；正文: Readability+Markdown；动态页: 公开API/人工任务卡,05_全球周期与历史危机/外部原件/WEB-0349_PDF_link_annotation_/original.html,02_提取正文/WEB-0349/content.json,source_registry | historical_crisis_event | global_cycle_month,通用交付与评分证据 | DB06 全球周期与历史危机,取得状态、内容可用性、提取状态和正式用途四态齐全；不得单独支撑核心结论。,,ACQUIRED,NARRATIVE_CONTENT,EXTRACTED,SUPPLEMENT,,B,按项目用途复核；不足以单独支持核心结论。,ACQUIRED|NARRATIVE_CONTENT|EXTRACTED|SUPPLEMENT,2026-08-16T09:22:23.204Z
WEB-0350,20260816_research_archive_v1,DOWNLOADED_VERIFIED,Public Use Data Archive | NBER,National Bureau of Economic Research,05_全球周期与历史危机,B,private_only,NARRATIVE_CONTENT,source_registry: 平台版本、导入能力、ETL、模型、AIChat、XML、评分条款；historical_crisis_event: 历史事件、制度环境、政策节点、起止期、可比性、黄金与美元表现；global_cycle_month: 月份、工业生产、失业、CPI、利率、利差、美元、金融条件、市场回撤、周期标签,识别全球经济周期、资产泡沫、信用危机、衰退与历史制度差异。,https://www.nber.org/research/data,公开GET；具体API查询参数在正式source_registry冻结；禁止认证信息落盘。,HTML表格: cheerio；正文: Readability+Markdown；动态页: 公开API/人工任务卡,"05_全球周期与历史危机/外部原件/WEB-0350_sions_and_Contractions,/original.html",02_提取正文/WEB-0350/content.json,source_registry | historical_crisis_event | global_cycle_month,通用交付与评分证据 | DB06 全球周期与历史危机,取得状态、内容可用性、提取状态和正式用途四态齐全；不得单独支撑核心结论。,,ACQUIRED,NARRATIVE_CONTENT,EXTRACTED,SUPPLEMENT,,B,按项目用途复核；不足以单独支持核心结论。,ACQUIRED|NARRATIVE_CONTENT|EXTRACTED|SUPPLEMENT,2026-08-16T09:22:23.204Z
WEB-0351,20260816_research_archive_v1,DOWNLOADED_VERIFIED,US Business Cycle Expansions and Contractions | NBER,National Bureau of Economic Research,05_全球周期与历史危机,B,private_only,MIXED_CONTENT,source_registry: 平台版本、导入能力、ETL、模型、AIChat、XML、评分条款；historical_crisis_event: 历史事件、制度环境、政策节点、起止期、可比性、黄金与美元表现；global_cycle_month: 月份、工业生产、失业、CPI、利率、利差、美元、金融条件、市场回撤、周期标签,识别全球经济周期、资产泡沫、信用危机、衰退与历史制度差异。,https://www.nber.org/sites/default/files/2023-03/BCDC_spreadsheet_for_website.xlsx,公开GET；具体API查询参数在正式source_registry冻结；禁止认证信息落盘。,HTML表格: cheerio；正文: Readability+Markdown；动态页: 公开API/人工任务卡,05_全球周期与历史危机/外部原件/WEB-0351_PDF_link_annotation_/original.html,02_提取正文/WEB-0351/content.json | 01_新增原件/WEB-0351/WEB-0351-R01_BCDC_spreadsheet_for_website.xlsx | 03_提取表格/WEB-0351/WEB-0351-R01/NBER_Chronology.csv,source_registry | historical_crisis_event | global_cycle_month,通用交付与评分证据 | DB06 全球周期与历史危机,取得状态、内容可用性、提取状态和正式用途四态齐全；不得单独支撑核心结论。,,ACQUIRED,MIXED_CONTENT,EXTRACTED,SUPPLEMENT,UNEXPECTED_HTML_INSTEAD_OF_STRUCTURED_RESOURCE,B,按项目用途复核；不足以单独支持核心结论。,ACQUIRED|MIXED_CONTENT|EXTRACTED|SUPPLEMENT,2026-08-16T09:22:23.204Z
WEB-0357,20260816_research_archive_v1,DOWNLOADED_VERIFIED,国家金融监督管理总局,www.nfra.gov.cn,08_企业案例与公开披露,A,shared,STRUCTURED_DATA,company_overseas_exposure: 企业、财年、海外收入、披露地区、汇兑损益、外币资产负债、套保、现金、授信、页码；country_event: 事件ID、国家、类型、起止月、触发值、证据等级、决策时可知性；asset_monthly_return: 月份、资产、计价口径、价格、收益、成本、来源版本；portfolio_scenario: 情景、周期、权重、成本、流动性、CVaR、回撤、合法可用比例,核验企业海外收入、汇兑损益、冻结、退出和储备配置事实。,https://www.nfra.gov.cn/cn/view/pages/ItemDetail.html?docId=1151066&itemId=4214&generaltype=1,公开GET；具体API查询参数在正式source_registry冻结；禁止认证信息落盘。,HTML表格: cheerio；正文: Readability+Markdown；动态页: 公开API/人工任务卡,08_企业案例与公开披露/外部原件/WEB-0357_金融监管总局官网全文/original.html,02_提取正文/WEB-0357/content.json,company_overseas_exposure | country_event | asset_monthly_return | portfolio_scenario,DB03 中国企业海外风险 | DB02 国别与危机下钻 | DB04 多币种—黄金周期实验室 | DB04/DB05 配置与约束,取得状态、内容可用性、提取状态和正式用途四态齐全；核心数字须A级或双B级并有人审。,,ACQUIRED,STRUCTURED_DATA,EXTRACTED,CORE,,D,人工复核关键字段与source_locator；通过后映射至正式source_registry。,ACQUIRED|STRUCTURED_DATA|EXTRACTED|CORE,2026-08-16T09:22:23.204Z
WEB-0358,20260816_research_archive_v1,DUPLICATE_CONTENT,金融监管总局原文，2025-02-07,www.nfra.gov.cn,08_企业案例与公开披露,A,shared,STRUCTURED_DATA,company_overseas_exposure: 企业、财年、海外收入、披露地区、汇兑损益、外币资产负债、套保、现金、授信、页码；country_event: 事件ID、国家、类型、起止月、触发值、证据等级、决策时可知性；asset_monthly_return: 月份、资产、计价口径、价格、收益、成本、来源版本；portfolio_scenario: 情景、周期、权重、成本、流动性、CVaR、回撤、合法可用比例,核验企业海外收入、汇兑损益、冻结、退出和储备配置事实。,https://www.nfra.gov.cn/cn/view/pages/ItemDetail.html?docId=1198136&itemId=915,公开GET；具体API查询参数在正式source_registry冻结；禁止认证信息落盘。,HTML表格: cheerio；正文: Readability+Markdown；动态页: 公开API/人工任务卡,08_企业案例与公开披露/外部原件/WEB-0357_金融监管总局官网全文/original.html,02_提取正文/WEB-0358/content.json,company_overseas_exposure | country_event | asset_monthly_return | portfolio_scenario,DB03 中国企业海外风险 | DB02 国别与危机下钻 | DB04 多币种—黄金周期实验室 | DB04/DB05 配置与约束,取得状态、内容可用性、提取状态和正式用途四态齐全；不得单独支撑核心结论。,WEB-0357,ACQUIRED,STRUCTURED_DATA,EXTRACTED,REPLACED,,D,使用替代来源：WEB-0357,ACQUIRED|STRUCTURED_DATA|EXTRACTED|REPLACED,2026-08-16T09:22:23.204Z
WEB-0359,20260816_research_archive_v1,DOWNLOADED_VERIFIED,国家金融监督管理总局,www.nfra.gov.cn,08_企业案例与公开披露,A,shared,LOW_CONTENT,company_overseas_exposure: 企业、财年、海外收入、披露地区、汇兑损益、外币资产负债、套保、现金、授信、页码；country_event: 事件ID、国家、类型、起止月、触发值、证据等级、决策时可知性；asset_monthly_return: 月份、资产、计价口径、价格、收益、成本、来源版本；portfolio_scenario: 情景、周期、权重、成本、流动性、CVaR、回撤、合法可用比例,核验企业海外收入、汇兑损益、冻结、退出和储备配置事实。,https://www.nfra.gov.cn/cn/view/pages/rulesDetail.html?docId=1151066,公开GET；具体API查询参数在正式source_registry冻结；禁止认证信息落盘。,HTML表格: cheerio；正文: Readability+Markdown；动态页: 公开API/人工任务卡,08_企业案例与公开披露/外部原件/WEB-0359_办法附件测算示例/original.html,02_提取正文/WEB-0359/content.json,company_overseas_exposure | country_event | asset_monthly_return | portfolio_scenario,DB03 中国企业海外风险 | DB02 国别与危机下钻 | DB04 多币种—黄金周期实验室 | DB04/DB05 配置与约束,取得状态、内容可用性、提取状态和正式用途四态齐全；不得单独支撑核心结论。,,ACQUIRED,LOW_CONTENT,PARTIAL,EXCLUDED,,D,补充权威替代来源；无法取得时删除相应字段和结论承诺。,ACQUIRED|LOW_CONTENT|PARTIAL|EXCLUDED,2026-08-16T09:22:23.204Z
WEB-0363,20260816_research_archive_v1,DOWNLOADED_VERIFIED,Economic Policy Uncertainty Index,www.policyuncertainty.com,06_黄金美元与储备配置,D,private_only,STRUCTURED_DATA,asset_monthly_return: 月份、资产、计价口径、价格、收益、成本、来源版本；portfolio_scenario: 情景、周期、权重、成本、流动性、CVaR、回撤、合法可用比例,比较美元、短债、黄金、人民币资产与套保工具的周期性作用。,https://www.policyuncertainty.com/,公开GET；具体API查询参数在正式source_registry冻结；禁止认证信息落盘。,HTML表格: cheerio；正文: Readability+Markdown；动态页: 公开API/人工任务卡,06_黄金美元与储备配置/外部原件/WEB-0363_XLSX_entry_xl_worksheets_sheet11.xml/original.html,02_提取正文/WEB-0363/content.json,asset_monthly_return | portfolio_scenario,DB04 多币种—黄金周期实验室 | DB04/DB05 配置与约束,取得状态、内容可用性、提取状态和正式用途四态齐全；不得单独支撑核心结论。,,ACQUIRED,STRUCTURED_DATA,EXTRACTED,EXCLUDED,,B,补充权威替代来源；无法取得时删除相应字段和结论承诺。,ACQUIRED|STRUCTURED_DATA|EXTRACTED|EXCLUDED,2026-08-16T09:22:23.204Z
WEB-0364,20260816_research_archive_v1,DOWNLOADED_VERIFIED,China Policy Uncertainty Indices Based on Mainland Papers,www.policyuncertainty.com,06_黄金美元与储备配置,D,private_only,MIXED_CONTENT,asset_monthly_return: 月份、资产、计价口径、价格、收益、成本、来源版本；portfolio_scenario: 情景、周期、权重、成本、流动性、CVaR、回撤、合法可用比例,比较美元、短债、黄金、人民币资产与套保工具的周期性作用。,https://www.policyuncertainty.com/media/China_Mainland_Paper_EPU.xlsx,公开GET；具体API查询参数在正式source_registry冻结；禁止认证信息落盘。,HTML表格: cheerio；正文: Readability+Markdown；动态页: 公开API/人工任务卡,06_黄金美元与储备配置/外部原件/WEB-0364_-_来源：/original.html,02_提取正文/WEB-0364/content.json | 01_新增原件/WEB-0364/WEB-0364-R01_China_Mainland_Paper_EPU.xlsx | 03_提取表格/WEB-0364/WEB-0364-R01/EPU_1949-1978.csv | 03_提取表格/WEB-0364/WEB-0364-R01/EPU_1979-1999.csv | 03_提取表格/WEB-0364/WEB-0364-R01/EPU_2000_onwards.csv | 03_提取表格/WEB-0364/WEB-0364-R01/TPU_2000_onwards.csv,asset_monthly_return | portfolio_scenario,DB04 多币种—黄金周期实验室 | DB04/DB05 配置与约束,取得状态、内容可用性、提取状态和正式用途四态齐全；不得单独支撑核心结论。,,ACQUIRED,MIXED_CONTENT,EXTRACTED,EXCLUDED,,B,补充权威替代来源；无法取得时删除相应字段和结论承诺。,ACQUIRED|MIXED_CONTENT|EXTRACTED|EXCLUDED,2026-08-16T09:22:23.204Z
WEB-0367,20260816_research_archive_v1,METADATA_ONLY_LICENSE,PR Newswire，2025,www.prnewswire.com,08_企业案例与公开披露,D,metadata_only,NOT_ACQUIRED,company_overseas_exposure: 企业、财年、海外收入、披露地区、汇兑损益、外币资产负债、套保、现金、授信、页码；country_event: 事件ID、国家、类型、起止月、触发值、证据等级、决策时可知性；asset_monthly_return: 月份、资产、计价口径、价格、收益、成本、来源版本；portfolio_scenario: 情景、周期、权重、成本、流动性、CVaR、回撤、合法可用比例,核验企业海外收入、汇兑损益、冻结、退出和储备配置事实。,https://www.prnewswire.com/news-releases/prestige-wealth-inc-signs-and-closes-approx-150-million-financing-for-aurelion-treasury-initiating-nasdaq-s-first-tether-gold-treasury-prestige-wealth-inc-nasdaq-aure-plans-to-be-renamed-to-aurelion-inc-subject-to-appro-302583388.html,公开GET；具体API查询参数在正式source_registry冻结；禁止认证信息落盘。,HTML表格: cheerio；正文: Readability+Markdown；动态页: 公开API/人工任务卡,,,company_overseas_exposure | country_event | asset_monthly_return | portfolio_scenario,DB03 中国企业海外风险 | DB02 国别与危机下钻 | DB04 多币种—黄金周期实验室 | DB04/DB05 配置与约束,取得状态、内容可用性、提取状态和正式用途四态齐全；不得单独支撑核心结论。,,NOT_APPLICABLE,NOT_ACQUIRED,FAILED,EXCLUDED,NOT_ACQUIRED,D,仅保留元数据；正式分析改用许可允许的权威替代源。,NOT_APPLICABLE|NOT_ACQUIRED|FAILED|EXCLUDED,2026-08-16T09:22:23.205Z
WEB-0381,20260816_research_archive_v1,METADATA_ONLY_LICENSE,中国证券业协会，2025,www.sac.net.cn,08_企业案例与公开披露,D,metadata_only,NOT_ACQUIRED,company_overseas_exposure: 企业、财年、海外收入、披露地区、汇兑损益、外币资产负债、套保、现金、授信、页码；country_event: 事件ID、国家、类型、起止月、触发值、证据等级、决策时可知性；asset_monthly_return: 月份、资产、计价口径、价格、收益、成本、来源版本；portfolio_scenario: 情景、周期、权重、成本、流动性、CVaR、回撤、合法可用比例,核验企业海外收入、汇兑损益、冻结、退出和储备配置事实。,https://www.sac.net.cn/sjb/xxgk/hysj/jjsj/202512/t20251231_73981.html,公开GET；具体API查询参数在正式source_registry冻结；禁止认证信息落盘。,HTML表格: cheerio；正文: Readability+Markdown；动态页: 公开API/人工任务卡,,,company_overseas_exposure | country_event | asset_monthly_return | portfolio_scenario,DB03 中国企业海外风险 | DB02 国别与危机下钻 | DB04 多币种—黄金周期实验室 | DB04/DB05 配置与约束,取得状态、内容可用性、提取状态和正式用途四态齐全；不得单独支撑核心结论。,,NOT_APPLICABLE,NOT_ACQUIRED,FAILED,EXCLUDED,NOT_ACQUIRED,D,仅保留元数据；正式分析改用许可允许的权威替代源。,NOT_APPLICABLE|NOT_ACQUIRED|FAILED|EXCLUDED,2026-08-16T09:22:23.205Z
WEB-0382,20260816_research_archive_v1,DOWNLOADED_VERIFIED,国家外汇管理局门户网站,www.safe.gov.cn,05_全球周期与历史危机,A,shared,NARRATIVE_CONTENT,case_evidence: 案例ID、事件簇、命题角色、关键事实、来源等级、页码、复核状态；historical_crisis_event: 历史事件、制度环境、政策节点、起止期、可比性、黄金与美元表现；global_cycle_month: 月份、工业生产、失业、CPI、利率、利差、美元、金融条件、市场回撤、周期标签,识别全球经济周期、资产泡沫、信用危机、衰退与历史制度差异。,https://www.safe.gov.cn/,公开GET；具体API查询参数在正式source_registry冻结；禁止认证信息落盘。,HTML表格: cheerio；正文: Readability+Markdown；动态页: 公开API/人工任务卡,05_全球周期与历史危机/外部原件/WEB-0382_7._中国央行_2022_年_11_月重启购金（+32_吨）：国家外汇管理局_2022_年_12_月官方储备数据公报：_/original.html,02_提取正文/WEB-0382/content.json,case_evidence | historical_crisis_event | global_cycle_month,DB05 决策、约束与证据中心 | DB06 全球周期与历史危机,取得状态、内容可用性、提取状态和正式用途四态齐全；核心数字须A级或双B级并有人审。,,ACQUIRED,NARRATIVE_CONTENT,EXTRACTED,CORE,,B,人工复核关键字段与source_locator；通过后映射至正式source_registry。,ACQUIRED|NARRATIVE_CONTENT|EXTRACTED|CORE,2026-08-16T09:22:23.205Z
WEB-0383,20260816_research_archive_v1,METADATA_ONLY_LICENSE,7. 上海高级金融学院（转文汇报，2015）：港股及全球市场1987年10月跌幅数据。,www.saif.sjtu.edu.cn,05_全球周期与历史危机,D,metadata_only,NOT_ACQUIRED,case_evidence: 案例ID、事件簇、命题角色、关键事实、来源等级、页码、复核状态；historical_crisis_event: 历史事件、制度环境、政策节点、起止期、可比性、黄金与美元表现；global_cycle_month: 月份、工业生产、失业、CPI、利率、利差、美元、金融条件、市场回撤、周期标签,识别全球经济周期、资产泡沫、信用危机、衰退与历史制度差异。,https://www.saif.sjtu.edu.cn/show-66-2563.html,公开GET；具体API查询参数在正式source_registry冻结；禁止认证信息落盘。,HTML表格: cheerio；正文: Readability+Markdown；动态页: 公开API/人工任务卡,,,case_evidence | historical_crisis_event | global_cycle_month,DB05 决策、约束与证据中心 | DB06 全球周期与历史危机,取得状态、内容可用性、提取状态和正式用途四态齐全；不得单独支撑核心结论。,,NOT_APPLICABLE,NOT_ACQUIRED,FAILED,EXCLUDED,NOT_ACQUIRED,B,仅保留元数据；正式分析改用许可允许的权威替代源。,NOT_APPLICABLE|NOT_ACQUIRED|FAILED|EXCLUDED,2026-08-16T09:22:23.205Z
WEB-0385,20260816_research_archive_v1,DOWNLOADED_VERIFIED,Form 10-K,U.S. SEC,08_企业案例与公开披露,A,shared,MIXED_CONTENT,company_overseas_exposure: 企业、财年、海外收入、披露地区、汇兑损益、外币资产负债、套保、现金、授信、页码；country_event: 事件ID、国家、类型、起止月、触发值、证据等级、决策时可知性；portfolio_scenario: 情景、周期、权重、成本、流动性、CVaR、回撤、合法可用比例；case_evidence: 案例ID、事件簇、命题角色、关键事实、来源等级、页码、复核状态；historical_crisis_event: 历史事件、制度环境、政策节点、起止期、可比性、黄金与美元表现,核验企业海外收入、汇兑损益、冻结、退出和储备配置事实。,https://www.sec.gov/Archives/edgar/data/1164727/000119312506043441/d10k.htm,公开GET；具体API查询参数在正式source_registry冻结；禁止认证信息落盘。,HTML表格: cheerio；正文: Readability+Markdown；动态页: 公开API/人工任务卡,08_企业案例与公开披露/外部原件/WEB-0385_2._Newmont_公司_10-K_年报（SEC，2006）——引_LBMA_伦敦下午定盘价年度高_低_均价（2000：279；2001：27/original.html,02_提取正文/WEB-0385/content.json,company_overseas_exposure | country_event | portfolio_scenario | case_evidence | historical_crisis_event,DB03 中国企业海外风险 | DB02 国别与危机下钻 | DB04/DB05 配置与约束 | DB05 决策、约束与证据中心 | DB06 全球周期与历史危机,取得状态、内容可用性、提取状态和正式用途四态齐全；核心数字须A级或双B级并有人审。,,ACQUIRED,MIXED_CONTENT,EXTRACTED,CORE,,D,人工复核关键字段与source_locator；通过后映射至正式source_registry。,ACQUIRED|MIXED_CONTENT|EXTRACTED|CORE,2026-08-16T09:22:23.205Z
WEB-0386,20260816_research_archive_v1,DOWNLOADED_VERIFIED,FWP,U.S. SEC,08_企业案例与公开披露,A,shared,MIXED_CONTENT,company_overseas_exposure: 企业、财年、海外收入、披露地区、汇兑损益、外币资产负债、套保、现金、授信、页码；country_event: 事件ID、国家、类型、起止月、触发值、证据等级、决策时可知性；portfolio_scenario: 情景、周期、权重、成本、流动性、CVaR、回撤、合法可用比例；case_evidence: 案例ID、事件簇、命题角色、关键事实、来源等级、页码、复核状态；historical_crisis_event: 历史事件、制度环境、政策节点、起止期、可比性、黄金与美元表现,核验企业海外收入、汇兑损益、冻结、退出和储备配置事实。,https://www.sec.gov/Archives/edgar/data/1222333/000095012309004884/y01039ffwp.htm,公开GET；具体API查询参数在正式source_registry冻结；禁止认证信息落盘。,HTML表格: cheerio；正文: Readability+Markdown；动态页: 公开API/人工任务卡,08_企业案例与公开披露/外部原件/WEB-0386_3._美国SEC备案文件（SPDR_Gold_Trust_FWP，载2008年3月17日金价1011美元纪录），2009年，/original.html,02_提取正文/WEB-0386/content.json,company_overseas_exposure | country_event | portfolio_scenario | case_evidence | historical_crisis_event,DB03 中国企业海外风险 | DB02 国别与危机下钻 | DB04/DB05 配置与约束 | DB05 决策、约束与证据中心 | DB06 全球周期与历史危机,取得状态、内容可用性、提取状态和正式用途四态齐全；核心数字须A级或双B级并有人审。,,ACQUIRED,MIXED_CONTENT,EXTRACTED,CORE,,D,人工复核关键字段与source_locator；通过后映射至正式source_registry。,ACQUIRED|MIXED_CONTENT|EXTRACTED|CORE,2026-08-16T09:22:23.205Z
WEB-0387,20260816_research_archive_v1,DOWNLOADED_VERIFIED,Directory List of /Archives/edgar/data/1668717,U.S. SEC,08_企业案例与公开披露,A,shared,MIXED_CONTENT,company_overseas_exposure: 企业、财年、海外收入、披露地区、汇兑损益、外币资产负债、套保、现金、授信、页码；country_monthly_risk: ISO3、月份、官方汇率、CPI、储备、平行汇率、发布日期、质量标记；country_event: 事件ID、国家、类型、起止月、触发值、证据等级、决策时可知性；portfolio_scenario: 情景、周期、权重、成本、流动性、CVaR、回撤、合法可用比例；case_evidence: 案例ID、事件簇、命题角色、关键事实、来源等级、页码、复核状态,核验企业海外收入、汇兑损益、冻结、退出和储备配置事实。,https://www.sec.gov/Archives/edgar/data/1668717,公开GET；具体API查询参数在正式source_registry冻结；禁止认证信息落盘。,HTML表格: cheerio；正文: Readability+Markdown；动态页: 公开API/人工任务卡,08_企业案例与公开披露/外部原件/WEB-0387_3._AB_InBev_2023_年报（阿根廷贬值_+_IAS_29_冲击_3.03_亿美元）：SEC_EDGAR：_/original.html,02_提取正文/WEB-0387/content.json,company_overseas_exposure | country_monthly_risk | country_event | portfolio_scenario | case_evidence,DB03 中国企业海外风险 | DB01/DB02 国别风险与危机下钻 | DB02 国别与危机下钻 | DB04/DB05 配置与约束 | DB05 决策、约束与证据中心,取得状态、内容可用性、提取状态和正式用途四态齐全；核心数字须A级或双B级并有人审。,,ACQUIRED,MIXED_CONTENT,EXTRACTED,CORE,,D,人工复核关键字段与source_locator；通过后映射至正式source_registry。,ACQUIRED|MIXED_CONTENT|EXTRACTED|CORE,2026-08-16T09:22:23.205Z
WEB-0388,20260816_research_archive_v1,DOWNLOADED_VERIFIED,Directory List of /Archives/edgar/data/1668717/000119312524052002,U.S. SEC,08_企业案例与公开披露,A,shared,MIXED_CONTENT,company_overseas_exposure: 企业、财年、海外收入、披露地区、汇兑损益、外币资产负债、套保、现金、授信、页码；country_event: 事件ID、国家、类型、起止月、触发值、证据等级、决策时可知性；portfolio_scenario: 情景、周期、权重、成本、流动性、CVaR、回撤、合法可用比例；case_evidence: 案例ID、事件簇、命题角色、关键事实、来源等级、页码、复核状态,核验企业海外收入、汇兑损益、冻结、退出和储备配置事实。,https://www.sec.gov/Archives/edgar/data/1668717/000119312524052002/0001193125-24-052002.txt,公开GET；具体API查询参数在正式source_registry冻结；禁止认证信息落盘。,HTML表格: cheerio；正文: Readability+Markdown；动态页: 公开API/人工任务卡,08_企业案例与公开披露/外部原件/WEB-0388_1._AB_InBev_2023_年报（20-F，IAS_29_重述与贬值负面影响_3.03_亿美元）：SEC_EDGAR：_/original.html,02_提取正文/WEB-0388/content.json,company_overseas_exposure | country_event | portfolio_scenario | case_evidence,DB03 中国企业海外风险 | DB02 国别与危机下钻 | DB04/DB05 配置与约束 | DB05 决策、约束与证据中心,取得状态、内容可用性、提取状态和正式用途四态齐全；核心数字须A级或双B级并有人审。,,ACQUIRED,MIXED_CONTENT,EXTRACTED,CORE,DECLARED_SIZE_EXCEEDS_50MB,D,人工复核关键字段与source_locator；通过后映射至正式source_registry。,ACQUIRED|MIXED_CONTENT|EXTRACTED|CORE,2026-08-16T09:22:23.205Z
WEB-0389,20260816_research_archive_v1,DOWNLOADED_VERIFIED,EX-99.1,U.S. SEC,08_企业案例与公开披露,A,shared,NARRATIVE_CONTENT,company_overseas_exposure: 企业、财年、海外收入、披露地区、汇兑损益、外币资产负债、套保、现金、授信、页码；country_event: 事件ID、国家、类型、起止月、触发值、证据等级、决策时可知性；asset_monthly_return: 月份、资产、计价口径、价格、收益、成本、来源版本；portfolio_scenario: 情景、周期、权重、成本、流动性、CVaR、回撤、合法可用比例,核验企业海外收入、汇兑损益、冻结、退出和储备配置事实。,https://www.sec.gov/Archives/edgar/data/1668717/000119312524052002/d788729dex991.htm,公开GET；具体API查询参数在正式source_registry冻结；禁止认证信息落盘。,HTML表格: cheerio；正文: Readability+Markdown；动态页: 公开API/人工任务卡,08_企业案例与公开披露/外部原件/WEB-0389_AB_InBev_FY2023，SEC/original.html,02_提取正文/WEB-0389/content.json,company_overseas_exposure | country_event | asset_monthly_return | portfolio_scenario,DB03 中国企业海外风险 | DB02 国别与危机下钻 | DB04 多币种—黄金周期实验室 | DB04/DB05 配置与约束,取得状态、内容可用性、提取状态和正式用途四态齐全；核心数字须A级或双B级并有人审。,,ACQUIRED,NARRATIVE_CONTENT,EXTRACTED,CORE,,D,人工复核关键字段与source_locator；通过后映射至正式source_registry。,ACQUIRED|NARRATIVE_CONTENT|EXTRACTED|CORE,2026-08-16T09:22:23.205Z
WEB-0390,20260816_research_archive_v1,DOWNLOADED_VERIFIED,Barrick 2009 年报，SEC,U.S. SEC,08_企业案例与公开披露,A,shared,MIXED_CONTENT,company_overseas_exposure: 企业、财年、海外收入、披露地区、汇兑损益、外币资产负债、套保、现金、授信、页码；country_event: 事件ID、国家、类型、起止月、触发值、证据等级、决策时可知性；asset_monthly_return: 月份、资产、计价口径、价格、收益、成本、来源版本；portfolio_scenario: 情景、周期、权重、成本、流动性、CVaR、回撤、合法可用比例,核验企业海外收入、汇兑损益、冻结、退出和储备配置事实。,https://www.sec.gov/Archives/edgar/data/756894/000110465910017012/a10-4461_1ex99d1.htm,公开GET；具体API查询参数在正式source_registry冻结；禁止认证信息落盘。,HTML表格: cheerio；正文: Readability+Markdown；动态页: 公开API/人工任务卡,08_企业案例与公开披露/外部原件/WEB-0390_Barrick_2009_年报，SEC/original.html,02_提取正文/WEB-0390/content.json,company_overseas_exposure | country_event | asset_monthly_return | portfolio_scenario,DB03 中国企业海外风险 | DB02 国别与危机下钻 | DB04 多币种—黄金周期实验室 | DB04/DB05 配置与约束,取得状态、内容可用性、提取状态和正式用途四态齐全；核心数字须A级或双B级并有人审。,,ACQUIRED,MIXED_CONTENT,EXTRACTED,CORE,,D,人工复核关键字段与source_locator；通过后映射至正式source_registry。,ACQUIRED|MIXED_CONTENT|EXTRACTED|CORE,2026-08-16T09:22:23.206Z
WEB-0391,20260816_research_archive_v1,DOWNLOADED_VERIFIED,EDGAR Entity Landing Page,U.S. SEC,08_企业案例与公开披露,A,shared,MIXED_CONTENT,company_overseas_exposure: 企业、财年、海外收入、披露地区、汇兑损益、外币资产负债、套保、现金、授信、页码；country_event: 事件ID、国家、类型、起止月、触发值、证据等级、决策时可知性；asset_monthly_return: 月份、资产、计价口径、价格、收益、成本、来源版本；portfolio_scenario: 情景、周期、权重、成本、流动性、CVaR、回撤、合法可用比例；case_evidence: 案例ID、事件簇、命题角色、关键事实、来源等级、页码、复核状态,核验企业海外收入、汇兑损益、冻结、退出和储备配置事实。,https://www.sec.gov/edgar/browse/?CIK=0001321655,公开GET；具体API查询参数在正式source_registry冻结；禁止认证信息落盘。,HTML表格: cheerio；正文: Readability+Markdown；动态页: 公开API/人工任务卡,08_企业案例与公开披露/外部原件/WEB-0391_4._Palantir_10-Q_10-K（SEC_EDGAR）：_/original.html,02_提取正文/WEB-0391/content.json,company_overseas_exposure | country_event | asset_monthly_return | portfolio_scenario | case_evidence,DB03 中国企业海外风险 | DB02 国别与危机下钻 | DB04 多币种—黄金周期实验室 | DB04/DB05 配置与约束 | DB05 决策、约束与证据中心,取得状态、内容可用性、提取状态和正式用途四态齐全；核心数字须A级或双B级并有人审。,,ACQUIRED,MIXED_CONTENT,EXTRACTED,CORE,,D,人工复核关键字段与source_locator；通过后映射至正式source_registry。,ACQUIRED|MIXED_CONTENT|EXTRACTED|CORE,2026-08-16T09:22:23.206Z
WEB-0392,20260816_research_archive_v1,DUPLICATE_CONTENT,5. 2025 年人民币金价上涨（约 +20%+）：上海黄金交易所（SGE）Au99.99 行情,上海黄金交易所,07_会计合规与制裁,B,shared,STRUCTURED_DATA,source_registry: 平台版本、导入能力、ETL、模型、AIChat、XML、评分条款；company_overseas_exposure: 企业、财年、海外收入、披露地区、汇兑损益、外币资产负债、套保、现金、授信、页码；country_policy_year: ISO3、年份、汇率制度、资本限制、汇出限制、制裁主体、有效期、原文定位；asset_monthly_return: 月份、资产、计价口径、价格、收益、成本、来源版本；case_evidence: 案例ID、事件簇、命题角色、关键事实、来源等级、页码、复核状态,限定会计分类、托管、制裁、外汇管制和合法可用性边界。,https://www.sge.com.cn/,公开GET；具体API查询参数在正式source_registry冻结；禁止认证信息落盘。,HTML表格: cheerio；正文: Readability+Markdown；动态页: 公开API/人工任务卡,06_黄金美元与储备配置/外部原件/WEB-0013__a_href=_/original.html,02_提取正文/WEB-0392/content.json,source_registry | company_overseas_exposure | country_policy_year | asset_monthly_return | case_evidence,通用交付与评分证据 | DB03 中国企业海外风险 | DB02/DB05 政策与约束 | DB04 多币种—黄金周期实验室 | DB05 决策、约束与证据中心,取得状态、内容可用性、提取状态和正式用途四态齐全；不得单独支撑核心结论。,WEB-0013,ACQUIRED,STRUCTURED_DATA,EXTRACTED,REPLACED,,A/D,使用替代来源：WEB-0013,ACQUIRED|STRUCTURED_DATA|EXTRACTED|REPLACED,2026-08-16T09:22:23.206Z
WEB-0393,20260816_research_archive_v1,DOWNLOADED_VERIFIED,现货实盘合约_详情-上海黄金交易所,上海黄金交易所,08_企业案例与公开披露,B,shared,STRUCTURED_DATA,company_overseas_exposure: 企业、财年、海外收入、披露地区、汇兑损益、外币资产负债、套保、现金、授信、页码；country_event: 事件ID、国家、类型、起止月、触发值、证据等级、决策时可知性；asset_monthly_return: 月份、资产、计价口径、价格、收益、成本、来源版本；portfolio_scenario: 情景、周期、权重、成本、流动性、CVaR、回撤、合法可用比例,核验企业海外收入、汇兑损益、冻结、退出和储备配置事实。,https://www.sge.com.cn/cpfw/Product_service_details?pro_id=793736488955461632&parent_cplx=0&cplx=7,公开GET；具体API查询参数在正式source_registry冻结；禁止认证信息落盘。,HTML表格: cheerio；正文: Readability+Markdown；动态页: 公开API/人工任务卡,08_企业案例与公开披露/外部原件/WEB-0393_SGE_官网/original.html,02_提取正文/WEB-0393/content.json,company_overseas_exposure | country_event | asset_monthly_return | portfolio_scenario,DB03 中国企业海外风险 | DB02 国别与危机下钻 | DB04 多币种—黄金周期实验室 | DB04/DB05 配置与约束,取得状态、内容可用性、提取状态和正式用途四态齐全；不得单独支撑核心结论。,,ACQUIRED,STRUCTURED_DATA,EXTRACTED,SUPPLEMENT,,D,按项目用途复核；不足以单独支持核心结论。,ACQUIRED|STRUCTURED_DATA|EXTRACTED|SUPPLEMENT,2026-08-16T09:22:23.206Z
WEB-0394,20260816_research_archive_v1,DOWNLOADED_VERIFIED,每日行情-上海黄金交易所,上海黄金交易所,06_黄金美元与储备配置,B,shared,DOWNLOAD_LANDING,asset_monthly_return: 月份、资产、计价口径、价格、收益、成本、来源版本；portfolio_scenario: 情景、周期、权重、成本、流动性、CVaR、回撤、合法可用比例,比较美元、短债、黄金、人民币资产与套保工具的周期性作用。,https://www.sge.com.cn/sjzx/mrhqsj,公开GET；具体API查询参数在正式source_registry冻结；禁止认证信息落盘。,HTML表格: cheerio；正文: Readability+Markdown；动态页: 公开API/人工任务卡,06_黄金美元与储备配置/外部原件/WEB-0394_-_SGE_更早历史数据：/original.html,02_提取正文/WEB-0394/content.json,asset_monthly_return | portfolio_scenario,DB04 多币种—黄金周期实验室 | DB04/DB05 配置与约束,取得状态、内容可用性、提取状态和正式用途四态齐全；不得单独支撑核心结论。,,ACQUIRED,DOWNLOAD_LANDING,EXTRACTED,SUPPLEMENT,,B,按项目用途复核；不足以单独支持核心结论。,ACQUIRED|DOWNLOAD_LANDING|EXTRACTED|SUPPLEMENT,2026-08-16T09:22:23.206Z
WEB-0395,20260816_research_archive_v1,DOWNLOADED_VERIFIED,每日行情,上海黄金交易所,06_黄金美元与储备配置,B,shared,DOWNLOAD_LANDING,asset_monthly_return: 月份、资产、计价口径、价格、收益、成本、来源版本；portfolio_scenario: 情景、周期、权重、成本、流动性、CVaR、回撤、合法可用比例,比较美元、短债、黄金、人民币资产与套保工具的周期性作用。,https://www.sge.com.cn/sjzx/quotation_daily_new,公开GET；具体API查询参数在正式source_registry冻结；禁止认证信息落盘。,HTML表格: cheerio；正文: Readability+Markdown；动态页: 公开API/人工任务卡,06_黄金美元与储备配置/外部原件/WEB-0395_XLSX_entry_xl_worksheets_sheet11.xml/original.html,02_提取正文/WEB-0395/content.json,asset_monthly_return | portfolio_scenario,DB04 多币种—黄金周期实验室 | DB04/DB05 配置与约束,取得状态、内容可用性、提取状态和正式用途四态齐全；不得单独支撑核心结论。,,ACQUIRED,DOWNLOAD_LANDING,EXTRACTED,SUPPLEMENT,,B,按项目用途复核；不足以单独支持核心结论。,ACQUIRED|DOWNLOAD_LANDING|EXTRACTED|SUPPLEMENT,2026-08-16T09:22:23.206Z
WEB-0396,20260816_research_archive_v1,DOWNLOADED_VERIFIED,每日行情,上海黄金交易所,06_黄金美元与储备配置,B,shared,MIXED_CONTENT,asset_monthly_return: 月份、资产、计价口径、价格、收益、成本、来源版本；portfolio_scenario: 情景、周期、权重、成本、流动性、CVaR、回撤、合法可用比例,比较美元、短债、黄金、人民币资产与套保工具的周期性作用。,https://www.sge.com.cn/sjzx/quotation_daily_new?start_date=2024-01-01&end_date=2024-01-31&inst_ids=Ag%28T%2BD%29&p=,公开GET；具体API查询参数在正式source_registry冻结；禁止认证信息落盘。,HTML表格: cheerio；正文: Readability+Markdown；动态页: 公开API/人工任务卡,06_黄金美元与储备配置/外部原件/WEB-0396_XLSX_entry_xl_worksheets_sheet6.xml/original.html,02_提取正文/WEB-0396/content.json,asset_monthly_return | portfolio_scenario,DB04 多币种—黄金周期实验室 | DB04/DB05 配置与约束,取得状态、内容可用性、提取状态和正式用途四态齐全；不得单独支撑核心结论。,,ACQUIRED,MIXED_CONTENT,EXTRACTED,SUPPLEMENT,,B,按项目用途复核；不足以单独支持核心结论。,ACQUIRED|MIXED_CONTENT|EXTRACTED|SUPPLEMENT,2026-08-16T09:22:23.206Z
WEB-0397,20260816_research_archive_v1,DOWNLOADED_VERIFIED,每日行情,上海黄金交易所,06_黄金美元与储备配置,B,shared,MIXED_CONTENT,asset_monthly_return: 月份、资产、计价口径、价格、收益、成本、来源版本；portfolio_scenario: 情景、周期、权重、成本、流动性、CVaR、回撤、合法可用比例,比较美元、短债、黄金、人民币资产与套保工具的周期性作用。,https://www.sge.com.cn/sjzx/quotation_daily_new?start_date=2024-01-01&end_date=2024-01-31&inst_ids=Au99.99&p=,公开GET；具体API查询参数在正式source_registry冻结；禁止认证信息落盘。,HTML表格: cheerio；正文: Readability+Markdown；动态页: 公开API/人工任务卡,06_黄金美元与储备配置/外部原件/WEB-0397_XLSX_entry_xl_worksheets_sheet6.xml/original.html,02_提取正文/WEB-0397/content.json,asset_monthly_return | portfolio_scenario,DB04 多币种—黄金周期实验室 | DB04/DB05 配置与约束,取得状态、内容可用性、提取状态和正式用途四态齐全；不得单独支撑核心结论。,,ACQUIRED,MIXED_CONTENT,EXTRACTED,SUPPLEMENT,,B,按项目用途复核；不足以单独支持核心结论。,ACQUIRED|MIXED_CONTENT|EXTRACTED|SUPPLEMENT,2026-08-16T09:22:23.206Z
WEB-0398,20260816_research_archive_v1,DOWNLOADED_VERIFIED,每日行情,上海黄金交易所,06_黄金美元与储备配置,B,shared,MIXED_CONTENT,asset_monthly_return: 月份、资产、计价口径、价格、收益、成本、来源版本；portfolio_scenario: 情景、周期、权重、成本、流动性、CVaR、回撤、合法可用比例,比较美元、短债、黄金、人民币资产与套保工具的周期性作用。,https://www.sge.com.cn/sjzx/quotation_daily_new?start_date=2024-02-01&end_date=2024-02-29&inst_ids=Ag%28T%2BD%29&p=,公开GET；具体API查询参数在正式source_registry冻结；禁止认证信息落盘。,HTML表格: cheerio；正文: Readability+Markdown；动态页: 公开API/人工任务卡,06_黄金美元与储备配置/外部原件/WEB-0398_XLSX_entry_xl_worksheets_sheet6.xml/original.html,02_提取正文/WEB-0398/content.json,asset_monthly_return | portfolio_scenario,DB04 多币种—黄金周期实验室 | DB04/DB05 配置与约束,取得状态、内容可用性、提取状态和正式用途四态齐全；不得单独支撑核心结论。,,ACQUIRED,MIXED_CONTENT,EXTRACTED,SUPPLEMENT,,B,按项目用途复核；不足以单独支持核心结论。,ACQUIRED|MIXED_CONTENT|EXTRACTED|SUPPLEMENT,2026-08-16T09:22:23.206Z
WEB-0399,20260816_research_archive_v1,DOWNLOADED_VERIFIED,每日行情,上海黄金交易所,06_黄金美元与储备配置,B,shared,MIXED_CONTENT,asset_monthly_return: 月份、资产、计价口径、价格、收益、成本、来源版本；portfolio_scenario: 情景、周期、权重、成本、流动性、CVaR、回撤、合法可用比例,比较美元、短债、黄金、人民币资产与套保工具的周期性作用。,https://www.sge.com.cn/sjzx/quotation_daily_new?start_date=2024-02-01&end_date=2024-02-29&inst_ids=Au99.99&p=,公开GET；具体API查询参数在正式source_registry冻结；禁止认证信息落盘。,HTML表格: cheerio；正文: Readability+Markdown；动态页: 公开API/人工任务卡,06_黄金美元与储备配置/外部原件/WEB-0399_XLSX_entry_xl_worksheets_sheet6.xml/original.html,02_提取正文/WEB-0399/content.json,asset_monthly_return | portfolio_scenario,DB04 多币种—黄金周期实验室 | DB04/DB05 配置与约束,取得状态、内容可用性、提取状态和正式用途四态齐全；不得单独支撑核心结论。,,ACQUIRED,MIXED_CONTENT,EXTRACTED,SUPPLEMENT,,B,按项目用途复核；不足以单独支持核心结论。,ACQUIRED|MIXED_CONTENT|EXTRACTED|SUPPLEMENT,2026-08-16T09:22:23.206Z
WEB-0400,20260816_research_archive_v1,DOWNLOADED_VERIFIED,每日行情,上海黄金交易所,06_黄金美元与储备配置,B,shared,MIXED_CONTENT,asset_monthly_return: 月份、资产、计价口径、价格、收益、成本、来源版本；portfolio_scenario: 情景、周期、权重、成本、流动性、CVaR、回撤、合法可用比例,比较美元、短债、黄金、人民币资产与套保工具的周期性作用。,https://www.sge.com.cn/sjzx/quotation_daily_new?start_date=2024-03-01&end_date=2024-03-31&inst_ids=Ag%28T%2BD%29&p=,公开GET；具体API查询参数在正式source_registry冻结；禁止认证信息落盘。,HTML表格: cheerio；正文: Readability+Markdown；动态页: 公开API/人工任务卡,06_黄金美元与储备配置/外部原件/WEB-0400_XLSX_entry_xl_worksheets_sheet6.xml/original.html,02_提取正文/WEB-0400/content.json,asset_monthly_return | portfolio_scenario,DB04 多币种—黄金周期实验室 | DB04/DB05 配置与约束,取得状态、内容可用性、提取状态和正式用途四态齐全；不得单独支撑核心结论。,,ACQUIRED,MIXED_CONTENT,EXTRACTED,SUPPLEMENT,,B,按项目用途复核；不足以单独支持核心结论。,ACQUIRED|MIXED_CONTENT|EXTRACTED|SUPPLEMENT,2026-08-16T09:22:23.206Z
WEB-0401,20260816_research_archive_v1,DOWNLOADED_VERIFIED,每日行情,上海黄金交易所,06_黄金美元与储备配置,B,shared,MIXED_CONTENT,asset_monthly_return: 月份、资产、计价口径、价格、收益、成本、来源版本；portfolio_scenario: 情景、周期、权重、成本、流动性、CVaR、回撤、合法可用比例,比较美元、短债、黄金、人民币资产与套保工具的周期性作用。,https://www.sge.com.cn/sjzx/quotation_daily_new?start_date=2024-03-01&end_date=2024-03-31&inst_ids=Au99.99&p=,公开GET；具体API查询参数在正式source_registry冻结；禁止认证信息落盘。,HTML表格: cheerio；正文: Readability+Markdown；动态页: 公开API/人工任务卡,06_黄金美元与储备配置/外部原件/WEB-0401_XLSX_entry_xl_worksheets_sheet6.xml/original.html,02_提取正文/WEB-0401/content.json,asset_monthly_return | portfolio_scenario,DB04 多币种—黄金周期实验室 | DB04/DB05 配置与约束,取得状态、内容可用性、提取状态和正式用途四态齐全；不得单独支撑核心结论。,,ACQUIRED,MIXED_CONTENT,EXTRACTED,SUPPLEMENT,,B,按项目用途复核；不足以单独支持核心结论。,ACQUIRED|MIXED_CONTENT|EXTRACTED|SUPPLEMENT,2026-08-16T09:22:23.206Z
WEB-0402,20260816_research_archive_v1,DOWNLOADED_VERIFIED,每日行情,上海黄金交易所,06_黄金美元与储备配置,B,shared,MIXED_CONTENT,asset_monthly_return: 月份、资产、计价口径、价格、收益、成本、来源版本；portfolio_scenario: 情景、周期、权重、成本、流动性、CVaR、回撤、合法可用比例,比较美元、短债、黄金、人民币资产与套保工具的周期性作用。,https://www.sge.com.cn/sjzx/quotation_daily_new?start_date=2024-04-01&end_date=2024-04-30&inst_ids=Ag%28T%2BD%29&p=,公开GET；具体API查询参数在正式source_registry冻结；禁止认证信息落盘。,HTML表格: cheerio；正文: Readability+Markdown；动态页: 公开API/人工任务卡,06_黄金美元与储备配置/外部原件/WEB-0402_XLSX_entry_xl_worksheets_sheet6.xml/original.html,02_提取正文/WEB-0402/content.json,asset_monthly_return | portfolio_scenario,DB04 多币种—黄金周期实验室 | DB04/DB05 配置与约束,取得状态、内容可用性、提取状态和正式用途四态齐全；不得单独支撑核心结论。,,ACQUIRED,MIXED_CONTENT,EXTRACTED,SUPPLEMENT,,B,按项目用途复核；不足以单独支持核心结论。,ACQUIRED|MIXED_CONTENT|EXTRACTED|SUPPLEMENT,2026-08-16T09:22:23.207Z
WEB-0403,20260816_research_archive_v1,DOWNLOADED_VERIFIED,每日行情,上海黄金交易所,06_黄金美元与储备配置,B,shared,MIXED_CONTENT,asset_monthly_return: 月份、资产、计价口径、价格、收益、成本、来源版本；portfolio_scenario: 情景、周期、权重、成本、流动性、CVaR、回撤、合法可用比例,比较美元、短债、黄金、人民币资产与套保工具的周期性作用。,https://www.sge.com.cn/sjzx/quotation_daily_new?start_date=2024-04-01&end_date=2024-04-30&inst_ids=Au99.99&p=,公开GET；具体API查询参数在正式source_registry冻结；禁止认证信息落盘。,HTML表格: cheerio；正文: Readability+Markdown；动态页: 公开API/人工任务卡,06_黄金美元与储备配置/外部原件/WEB-0403_XLSX_entry_xl_worksheets_sheet6.xml/original.html,02_提取正文/WEB-0403/content.json,asset_monthly_return | portfolio_scenario,DB04 多币种—黄金周期实验室 | DB04/DB05 配置与约束,取得状态、内容可用性、提取状态和正式用途四态齐全；不得单独支撑核心结论。,,ACQUIRED,MIXED_CONTENT,EXTRACTED,SUPPLEMENT,,B,按项目用途复核；不足以单独支持核心结论。,ACQUIRED|MIXED_CONTENT|EXTRACTED|SUPPLEMENT,2026-08-16T09:22:23.207Z
WEB-0404,20260816_research_archive_v1,DOWNLOADED_VERIFIED,每日行情,上海黄金交易所,06_黄金美元与储备配置,B,shared,MIXED_CONTENT,asset_monthly_return: 月份、资产、计价口径、价格、收益、成本、来源版本；portfolio_scenario: 情景、周期、权重、成本、流动性、CVaR、回撤、合法可用比例,比较美元、短债、黄金、人民币资产与套保工具的周期性作用。,https://www.sge.com.cn/sjzx/quotation_daily_new?start_date=2024-05-01&end_date=2024-05-31&inst_ids=Ag%28T%2BD%29&p=,公开GET；具体API查询参数在正式source_registry冻结；禁止认证信息落盘。,HTML表格: cheerio；正文: Readability+Markdown；动态页: 公开API/人工任务卡,06_黄金美元与储备配置/外部原件/WEB-0404_XLSX_entry_xl_worksheets_sheet6.xml/original.html,02_提取正文/WEB-0404/content.json,asset_monthly_return | portfolio_scenario,DB04 多币种—黄金周期实验室 | DB04/DB05 配置与约束,取得状态、内容可用性、提取状态和正式用途四态齐全；不得单独支撑核心结论。,,ACQUIRED,MIXED_CONTENT,EXTRACTED,SUPPLEMENT,,B,按项目用途复核；不足以单独支持核心结论。,ACQUIRED|MIXED_CONTENT|EXTRACTED|SUPPLEMENT,2026-08-16T09:22:23.207Z
WEB-0405,20260816_research_archive_v1,DOWNLOADED_VERIFIED,每日行情,上海黄金交易所,06_黄金美元与储备配置,B,shared,MIXED_CONTENT,asset_monthly_return: 月份、资产、计价口径、价格、收益、成本、来源版本；portfolio_scenario: 情景、周期、权重、成本、流动性、CVaR、回撤、合法可用比例,比较美元、短债、黄金、人民币资产与套保工具的周期性作用。,https://www.sge.com.cn/sjzx/quotation_daily_new?start_date=2024-05-01&end_date=2024-05-31&inst_ids=Au99.99&p=,公开GET；具体API查询参数在正式source_registry冻结；禁止认证信息落盘。,HTML表格: cheerio；正文: Readability+Markdown；动态页: 公开API/人工任务卡,06_黄金美元与储备配置/外部原件/WEB-0405_XLSX_entry_xl_worksheets_sheet6.xml/original.html,02_提取正文/WEB-0405/content.json,asset_monthly_return | portfolio_scenario,DB04 多币种—黄金周期实验室 | DB04/DB05 配置与约束,取得状态、内容可用性、提取状态和正式用途四态齐全；不得单独支撑核心结论。,,ACQUIRED,MIXED_CONTENT,EXTRACTED,SUPPLEMENT,,B,按项目用途复核；不足以单独支持核心结论。,ACQUIRED|MIXED_CONTENT|EXTRACTED|SUPPLEMENT,2026-08-16T09:22:23.207Z
WEB-0406,20260816_research_archive_v1,DOWNLOADED_VERIFIED,每日行情,上海黄金交易所,06_黄金美元与储备配置,B,shared,MIXED_CONTENT,asset_monthly_return: 月份、资产、计价口径、价格、收益、成本、来源版本；portfolio_scenario: 情景、周期、权重、成本、流动性、CVaR、回撤、合法可用比例,比较美元、短债、黄金、人民币资产与套保工具的周期性作用。,https://www.sge.com.cn/sjzx/quotation_daily_new?start_date=2024-06-01&end_date=2024-06-30&inst_ids=Ag%28T%2BD%29&p=,公开GET；具体API查询参数在正式source_registry冻结；禁止认证信息落盘。,HTML表格: cheerio；正文: Readability+Markdown；动态页: 公开API/人工任务卡,06_黄金美元与储备配置/外部原件/WEB-0406_XLSX_entry_xl_worksheets_sheet6.xml/original.html,02_提取正文/WEB-0406/content.json,asset_monthly_return | portfolio_scenario,DB04 多币种—黄金周期实验室 | DB04/DB05 配置与约束,取得状态、内容可用性、提取状态和正式用途四态齐全；不得单独支撑核心结论。,,ACQUIRED,MIXED_CONTENT,EXTRACTED,SUPPLEMENT,,B,按项目用途复核；不足以单独支持核心结论。,ACQUIRED|MIXED_CONTENT|EXTRACTED|SUPPLEMENT,2026-08-16T09:22:23.207Z
WEB-0407,20260816_research_archive_v1,DOWNLOADED_VERIFIED,每日行情,上海黄金交易所,06_黄金美元与储备配置,B,shared,MIXED_CONTENT,asset_monthly_return: 月份、资产、计价口径、价格、收益、成本、来源版本；portfolio_scenario: 情景、周期、权重、成本、流动性、CVaR、回撤、合法可用比例,比较美元、短债、黄金、人民币资产与套保工具的周期性作用。,https://www.sge.com.cn/sjzx/quotation_daily_new?start_date=2024-06-01&end_date=2024-06-30&inst_ids=Au99.99&p=,公开GET；具体API查询参数在正式source_registry冻结；禁止认证信息落盘。,HTML表格: cheerio；正文: Readability+Markdown；动态页: 公开API/人工任务卡,06_黄金美元与储备配置/外部原件/WEB-0407_XLSX_entry_xl_worksheets_sheet6.xml/original.html,02_提取正文/WEB-0407/content.json,asset_monthly_return | portfolio_scenario,DB04 多币种—黄金周期实验室 | DB04/DB05 配置与约束,取得状态、内容可用性、提取状态和正式用途四态齐全；不得单独支撑核心结论。,,ACQUIRED,MIXED_CONTENT,EXTRACTED,SUPPLEMENT,,B,按项目用途复核；不足以单独支持核心结论。,ACQUIRED|MIXED_CONTENT|EXTRACTED|SUPPLEMENT,2026-08-16T09:22:23.207Z
WEB-0408,20260816_research_archive_v1,DOWNLOADED_VERIFIED,每日行情,上海黄金交易所,06_黄金美元与储备配置,B,shared,MIXED_CONTENT,asset_monthly_return: 月份、资产、计价口径、价格、收益、成本、来源版本；portfolio_scenario: 情景、周期、权重、成本、流动性、CVaR、回撤、合法可用比例,比较美元、短债、黄金、人民币资产与套保工具的周期性作用。,https://www.sge.com.cn/sjzx/quotation_daily_new?start_date=2024-07-01&end_date=2024-07-31&inst_ids=Ag%28T%2BD%29&p=,公开GET；具体API查询参数在正式source_registry冻结；禁止认证信息落盘。,HTML表格: cheerio；正文: Readability+Markdown；动态页: 公开API/人工任务卡,06_黄金美元与储备配置/外部原件/WEB-0408_XLSX_entry_xl_worksheets_sheet6.xml/original.html,02_提取正文/WEB-0408/content.json,asset_monthly_return | portfolio_scenario,DB04 多币种—黄金周期实验室 | DB04/DB05 配置与约束,取得状态、内容可用性、提取状态和正式用途四态齐全；不得单独支撑核心结论。,,ACQUIRED,MIXED_CONTENT,EXTRACTED,SUPPLEMENT,,B,按项目用途复核；不足以单独支持核心结论。,ACQUIRED|MIXED_CONTENT|EXTRACTED|SUPPLEMENT,2026-08-16T09:22:23.207Z
WEB-0409,20260816_research_archive_v1,DOWNLOADED_VERIFIED,每日行情,上海黄金交易所,06_黄金美元与储备配置,B,shared,MIXED_CONTENT,asset_monthly_return: 月份、资产、计价口径、价格、收益、成本、来源版本；portfolio_scenario: 情景、周期、权重、成本、流动性、CVaR、回撤、合法可用比例,比较美元、短债、黄金、人民币资产与套保工具的周期性作用。,https://www.sge.com.cn/sjzx/quotation_daily_new?start_date=2024-07-01&end_date=2024-07-31&inst_ids=Au99.99&p=,公开GET；具体API查询参数在正式source_registry冻结；禁止认证信息落盘。,HTML表格: cheerio；正文: Readability+Markdown；动态页: 公开API/人工任务卡,06_黄金美元与储备配置/外部原件/WEB-0409_XLSX_entry_xl_worksheets_sheet6.xml/original.html,02_提取正文/WEB-0409/content.json,asset_monthly_return | portfolio_scenario,DB04 多币种—黄金周期实验室 | DB04/DB05 配置与约束,取得状态、内容可用性、提取状态和正式用途四态齐全；不得单独支撑核心结论。,,ACQUIRED,MIXED_CONTENT,EXTRACTED,SUPPLEMENT,,B,按项目用途复核；不足以单独支持核心结论。,ACQUIRED|MIXED_CONTENT|EXTRACTED|SUPPLEMENT,2026-08-16T09:22:23.207Z
WEB-0410,20260816_research_archive_v1,DOWNLOADED_VERIFIED,每日行情,上海黄金交易所,06_黄金美元与储备配置,B,shared,MIXED_CONTENT,asset_monthly_return: 月份、资产、计价口径、价格、收益、成本、来源版本；portfolio_scenario: 情景、周期、权重、成本、流动性、CVaR、回撤、合法可用比例,比较美元、短债、黄金、人民币资产与套保工具的周期性作用。,https://www.sge.com.cn/sjzx/quotation_daily_new?start_date=2024-08-01&end_date=2024-08-31&inst_ids=Ag%28T%2BD%29&p=,公开GET；具体API查询参数在正式source_registry冻结；禁止认证信息落盘。,HTML表格: cheerio；正文: Readability+Markdown；动态页: 公开API/人工任务卡,06_黄金美元与储备配置/外部原件/WEB-0410_XLSX_entry_xl_worksheets_sheet6.xml/original.html,02_提取正文/WEB-0410/content.json,asset_monthly_return | portfolio_scenario,DB04 多币种—黄金周期实验室 | DB04/DB05 配置与约束,取得状态、内容可用性、提取状态和正式用途四态齐全；不得单独支撑核心结论。,,ACQUIRED,MIXED_CONTENT,EXTRACTED,SUPPLEMENT,,B,按项目用途复核；不足以单独支持核心结论。,ACQUIRED|MIXED_CONTENT|EXTRACTED|SUPPLEMENT,2026-08-16T09:22:23.207Z
WEB-0411,20260816_research_archive_v1,DOWNLOADED_VERIFIED,每日行情,上海黄金交易所,06_黄金美元与储备配置,B,shared,MIXED_CONTENT,asset_monthly_return: 月份、资产、计价口径、价格、收益、成本、来源版本；portfolio_scenario: 情景、周期、权重、成本、流动性、CVaR、回撤、合法可用比例,比较美元、短债、黄金、人民币资产与套保工具的周期性作用。,https://www.sge.com.cn/sjzx/quotation_daily_new?start_date=2024-08-01&end_date=2024-08-31&inst_ids=Au99.99&p=,公开GET；具体API查询参数在正式source_registry冻结；禁止认证信息落盘。,HTML表格: cheerio；正文: Readability+Markdown；动态页: 公开API/人工任务卡,06_黄金美元与储备配置/外部原件/WEB-0411_XLSX_entry_xl_worksheets_sheet6.xml/original.html,02_提取正文/WEB-0411/content.json,asset_monthly_return | portfolio_scenario,DB04 多币种—黄金周期实验室 | DB04/DB05 配置与约束,取得状态、内容可用性、提取状态和正式用途四态齐全；不得单独支撑核心结论。,,ACQUIRED,MIXED_CONTENT,EXTRACTED,SUPPLEMENT,,B,按项目用途复核；不足以单独支持核心结论。,ACQUIRED|MIXED_CONTENT|EXTRACTED|SUPPLEMENT,2026-08-16T09:22:23.207Z
WEB-0412,20260816_research_archive_v1,DOWNLOADED_VERIFIED,每日行情,上海黄金交易所,06_黄金美元与储备配置,B,shared,MIXED_CONTENT,asset_monthly_return: 月份、资产、计价口径、价格、收益、成本、来源版本；portfolio_scenario: 情景、周期、权重、成本、流动性、CVaR、回撤、合法可用比例,比较美元、短债、黄金、人民币资产与套保工具的周期性作用。,https://www.sge.com.cn/sjzx/quotation_daily_new?start_date=2024-09-01&end_date=2024-09-30&inst_ids=Ag%28T%2BD%29&p=,公开GET；具体API查询参数在正式source_registry冻结；禁止认证信息落盘。,HTML表格: cheerio；正文: Readability+Markdown；动态页: 公开API/人工任务卡,06_黄金美元与储备配置/外部原件/WEB-0412_XLSX_entry_xl_worksheets_sheet6.xml/original.html,02_提取正文/WEB-0412/content.json,asset_monthly_return | portfolio_scenario,DB04 多币种—黄金周期实验室 | DB04/DB05 配置与约束,取得状态、内容可用性、提取状态和正式用途四态齐全；不得单独支撑核心结论。,,ACQUIRED,MIXED_CONTENT,EXTRACTED,SUPPLEMENT,,B,按项目用途复核；不足以单独支持核心结论。,ACQUIRED|MIXED_CONTENT|EXTRACTED|SUPPLEMENT,2026-08-16T09:22:23.207Z
WEB-0413,20260816_research_archive_v1,DOWNLOADED_VERIFIED,每日行情,上海黄金交易所,06_黄金美元与储备配置,B,shared,MIXED_CONTENT,asset_monthly_return: 月份、资产、计价口径、价格、收益、成本、来源版本；portfolio_scenario: 情景、周期、权重、成本、流动性、CVaR、回撤、合法可用比例,比较美元、短债、黄金、人民币资产与套保工具的周期性作用。,https://www.sge.com.cn/sjzx/quotation_daily_new?start_date=2024-09-01&end_date=2024-09-30&inst_ids=Au99.99&p=,公开GET；具体API查询参数在正式source_registry冻结；禁止认证信息落盘。,HTML表格: cheerio；正文: Readability+Markdown；动态页: 公开API/人工任务卡,06_黄金美元与储备配置/外部原件/WEB-0413_XLSX_entry_xl_worksheets_sheet6.xml/original.html,02_提取正文/WEB-0413/content.json,asset_monthly_return | portfolio_scenario,DB04 多币种—黄金周期实验室 | DB04/DB05 配置与约束,取得状态、内容可用性、提取状态和正式用途四态齐全；不得单独支撑核心结论。,,ACQUIRED,MIXED_CONTENT,EXTRACTED,SUPPLEMENT,,B,按项目用途复核；不足以单独支持核心结论。,ACQUIRED|MIXED_CONTENT|EXTRACTED|SUPPLEMENT,2026-08-16T09:22:23.207Z
WEB-0414,20260816_research_archive_v1,DOWNLOADED_VERIFIED,每日行情,上海黄金交易所,06_黄金美元与储备配置,B,shared,MIXED_CONTENT,asset_monthly_return: 月份、资产、计价口径、价格、收益、成本、来源版本；portfolio_scenario: 情景、周期、权重、成本、流动性、CVaR、回撤、合法可用比例,比较美元、短债、黄金、人民币资产与套保工具的周期性作用。,https://www.sge.com.cn/sjzx/quotation_daily_new?start_date=2024-10-01&end_date=2024-10-31&inst_ids=Ag%28T%2BD%29&p=,公开GET；具体API查询参数在正式source_registry冻结；禁止认证信息落盘。,HTML表格: cheerio；正文: Readability+Markdown；动态页: 公开API/人工任务卡,06_黄金美元与储备配置/外部原件/WEB-0414_XLSX_entry_xl_worksheets_sheet6.xml/original.html,02_提取正文/WEB-0414/content.json,asset_monthly_return | portfolio_scenario,DB04 多币种—黄金周期实验室 | DB04/DB05 配置与约束,取得状态、内容可用性、提取状态和正式用途四态齐全；不得单独支撑核心结论。,,ACQUIRED,MIXED_CONTENT,EXTRACTED,SUPPLEMENT,,B,按项目用途复核；不足以单独支持核心结论。,ACQUIRED|MIXED_CONTENT|EXTRACTED|SUPPLEMENT,2026-08-16T09:22:23.207Z
WEB-0415,20260816_research_archive_v1,DOWNLOADED_VERIFIED,每日行情,上海黄金交易所,06_黄金美元与储备配置,B,shared,MIXED_CONTENT,asset_monthly_return: 月份、资产、计价口径、价格、收益、成本、来源版本；portfolio_scenario: 情景、周期、权重、成本、流动性、CVaR、回撤、合法可用比例,比较美元、短债、黄金、人民币资产与套保工具的周期性作用。,https://www.sge.com.cn/sjzx/quotation_daily_new?start_date=2024-10-01&end_date=2024-10-31&inst_ids=Au99.99&p=,公开GET；具体API查询参数在正式source_registry冻结；禁止认证信息落盘。,HTML表格: cheerio；正文: Readability+Markdown；动态页: 公开API/人工任务卡,06_黄金美元与储备配置/外部原件/WEB-0415_XLSX_entry_xl_worksheets_sheet6.xml/original.html,02_提取正文/WEB-0415/content.json,asset_monthly_return | portfolio_scenario,DB04 多币种—黄金周期实验室 | DB04/DB05 配置与约束,取得状态、内容可用性、提取状态和正式用途四态齐全；不得单独支撑核心结论。,,ACQUIRED,MIXED_CONTENT,EXTRACTED,SUPPLEMENT,,B,按项目用途复核；不足以单独支持核心结论。,ACQUIRED|MIXED_CONTENT|EXTRACTED|SUPPLEMENT,2026-08-16T09:22:23.208Z
WEB-0416,20260816_research_archive_v1,DOWNLOADED_VERIFIED,每日行情,上海黄金交易所,06_黄金美元与储备配置,B,shared,MIXED_CONTENT,asset_monthly_return: 月份、资产、计价口径、价格、收益、成本、来源版本；portfolio_scenario: 情景、周期、权重、成本、流动性、CVaR、回撤、合法可用比例,比较美元、短债、黄金、人民币资产与套保工具的周期性作用。,https://www.sge.com.cn/sjzx/quotation_daily_new?start_date=2024-11-01&end_date=2024-11-30&inst_ids=Ag%28T%2BD%29&p=,公开GET；具体API查询参数在正式source_registry冻结；禁止认证信息落盘。,HTML表格: cheerio；正文: Readability+Markdown；动态页: 公开API/人工任务卡,06_黄金美元与储备配置/外部原件/WEB-0416_XLSX_entry_xl_worksheets_sheet6.xml/original.html,02_提取正文/WEB-0416/content.json,asset_monthly_return | portfolio_scenario,DB04 多币种—黄金周期实验室 | DB04/DB05 配置与约束,取得状态、内容可用性、提取状态和正式用途四态齐全；不得单独支撑核心结论。,,ACQUIRED,MIXED_CONTENT,EXTRACTED,SUPPLEMENT,,B,按项目用途复核；不足以单独支持核心结论。,ACQUIRED|MIXED_CONTENT|EXTRACTED|SUPPLEMENT,2026-08-16T09:22:23.208Z
WEB-0417,20260816_research_archive_v1,DOWNLOADED_VERIFIED,每日行情,上海黄金交易所,06_黄金美元与储备配置,B,shared,MIXED_CONTENT,asset_monthly_return: 月份、资产、计价口径、价格、收益、成本、来源版本；portfolio_scenario: 情景、周期、权重、成本、流动性、CVaR、回撤、合法可用比例,比较美元、短债、黄金、人民币资产与套保工具的周期性作用。,https://www.sge.com.cn/sjzx/quotation_daily_new?start_date=2024-11-01&end_date=2024-11-30&inst_ids=Au99.99&p=,公开GET；具体API查询参数在正式source_registry冻结；禁止认证信息落盘。,HTML表格: cheerio；正文: Readability+Markdown；动态页: 公开API/人工任务卡,06_黄金美元与储备配置/外部原件/WEB-0417_XLSX_entry_xl_worksheets_sheet6.xml/original.html,02_提取正文/WEB-0417/content.json,asset_monthly_return | portfolio_scenario,DB04 多币种—黄金周期实验室 | DB04/DB05 配置与约束,取得状态、内容可用性、提取状态和正式用途四态齐全；不得单独支撑核心结论。,,ACQUIRED,MIXED_CONTENT,EXTRACTED,SUPPLEMENT,,B,按项目用途复核；不足以单独支持核心结论。,ACQUIRED|MIXED_CONTENT|EXTRACTED|SUPPLEMENT,2026-08-16T09:22:23.208Z
WEB-0418,20260816_research_archive_v1,DOWNLOADED_VERIFIED,每日行情,上海黄金交易所,06_黄金美元与储备配置,B,shared,MIXED_CONTENT,asset_monthly_return: 月份、资产、计价口径、价格、收益、成本、来源版本；portfolio_scenario: 情景、周期、权重、成本、流动性、CVaR、回撤、合法可用比例,比较美元、短债、黄金、人民币资产与套保工具的周期性作用。,https://www.sge.com.cn/sjzx/quotation_daily_new?start_date=2024-12-01&end_date=2024-12-31&inst_ids=Ag%28T%2BD%29&p=,公开GET；具体API查询参数在正式source_registry冻结；禁止认证信息落盘。,HTML表格: cheerio；正文: Readability+Markdown；动态页: 公开API/人工任务卡,06_黄金美元与储备配置/外部原件/WEB-0418_XLSX_entry_xl_worksheets_sheet6.xml/original.html,02_提取正文/WEB-0418/content.json,asset_monthly_return | portfolio_scenario,DB04 多币种—黄金周期实验室 | DB04/DB05 配置与约束,取得状态、内容可用性、提取状态和正式用途四态齐全；不得单独支撑核心结论。,,ACQUIRED,MIXED_CONTENT,EXTRACTED,SUPPLEMENT,,B,按项目用途复核；不足以单独支持核心结论。,ACQUIRED|MIXED_CONTENT|EXTRACTED|SUPPLEMENT,2026-08-16T09:22:23.208Z
WEB-0419,20260816_research_archive_v1,DOWNLOADED_VERIFIED,每日行情,上海黄金交易所,06_黄金美元与储备配置,B,shared,MIXED_CONTENT,asset_monthly_return: 月份、资产、计价口径、价格、收益、成本、来源版本；portfolio_scenario: 情景、周期、权重、成本、流动性、CVaR、回撤、合法可用比例,比较美元、短债、黄金、人民币资产与套保工具的周期性作用。,https://www.sge.com.cn/sjzx/quotation_daily_new?start_date=2024-12-01&end_date=2024-12-31&inst_ids=Au99.99&p=,公开GET；具体API查询参数在正式source_registry冻结；禁止认证信息落盘。,HTML表格: cheerio；正文: Readability+Markdown；动态页: 公开API/人工任务卡,06_黄金美元与储备配置/外部原件/WEB-0419_XLSX_entry_xl_worksheets_sheet6.xml/original.html,02_提取正文/WEB-0419/content.json,asset_monthly_return | portfolio_scenario,DB04 多币种—黄金周期实验室 | DB04/DB05 配置与约束,取得状态、内容可用性、提取状态和正式用途四态齐全；不得单独支撑核心结论。,,ACQUIRED,MIXED_CONTENT,EXTRACTED,SUPPLEMENT,,B,按项目用途复核；不足以单独支持核心结论。,ACQUIRED|MIXED_CONTENT|EXTRACTED|SUPPLEMENT,2026-08-16T09:22:23.208Z
WEB-0420,20260816_research_archive_v1,DOWNLOADED_VERIFIED,每日行情,上海黄金交易所,06_黄金美元与储备配置,B,shared,MIXED_CONTENT,asset_monthly_return: 月份、资产、计价口径、价格、收益、成本、来源版本；portfolio_scenario: 情景、周期、权重、成本、流动性、CVaR、回撤、合法可用比例,比较美元、短债、黄金、人民币资产与套保工具的周期性作用。,https://www.sge.com.cn/sjzx/quotation_daily_new?start_date=2025-01-01&end_date=2025-01-31&inst_ids=Ag%28T%2BD%29&p=,公开GET；具体API查询参数在正式source_registry冻结；禁止认证信息落盘。,HTML表格: cheerio；正文: Readability+Markdown；动态页: 公开API/人工任务卡,06_黄金美元与储备配置/外部原件/WEB-0420_XLSX_entry_xl_worksheets_sheet6.xml/original.html,02_提取正文/WEB-0420/content.json,asset_monthly_return | portfolio_scenario,DB04 多币种—黄金周期实验室 | DB04/DB05 配置与约束,取得状态、内容可用性、提取状态和正式用途四态齐全；不得单独支撑核心结论。,,ACQUIRED,MIXED_CONTENT,EXTRACTED,SUPPLEMENT,,B,按项目用途复核；不足以单独支持核心结论。,ACQUIRED|MIXED_CONTENT|EXTRACTED|SUPPLEMENT,2026-08-16T09:22:23.208Z
WEB-0421,20260816_research_archive_v1,DOWNLOADED_VERIFIED,每日行情,上海黄金交易所,06_黄金美元与储备配置,B,shared,MIXED_CONTENT,asset_monthly_return: 月份、资产、计价口径、价格、收益、成本、来源版本；portfolio_scenario: 情景、周期、权重、成本、流动性、CVaR、回撤、合法可用比例,比较美元、短债、黄金、人民币资产与套保工具的周期性作用。,https://www.sge.com.cn/sjzx/quotation_daily_new?start_date=2025-01-01&end_date=2025-01-31&inst_ids=Au99.99&p=,公开GET；具体API查询参数在正式source_registry冻结；禁止认证信息落盘。,HTML表格: cheerio；正文: Readability+Markdown；动态页: 公开API/人工任务卡,06_黄金美元与储备配置/外部原件/WEB-0421_XLSX_entry_xl_worksheets_sheet6.xml/original.html,02_提取正文/WEB-0421/content.json,asset_monthly_return | portfolio_scenario,DB04 多币种—黄金周期实验室 | DB04/DB05 配置与约束,取得状态、内容可用性、提取状态和正式用途四态齐全；不得单独支撑核心结论。,,ACQUIRED,MIXED_CONTENT,EXTRACTED,SUPPLEMENT,,B,按项目用途复核；不足以单独支持核心结论。,ACQUIRED|MIXED_CONTENT|EXTRACTED|SUPPLEMENT,2026-08-16T09:22:23.208Z
WEB-0422,20260816_research_archive_v1,DOWNLOADED_VERIFIED,每日行情,上海黄金交易所,06_黄金美元与储备配置,B,shared,MIXED_CONTENT,asset_monthly_return: 月份、资产、计价口径、价格、收益、成本、来源版本；portfolio_scenario: 情景、周期、权重、成本、流动性、CVaR、回撤、合法可用比例,比较美元、短债、黄金、人民币资产与套保工具的周期性作用。,https://www.sge.com.cn/sjzx/quotation_daily_new?start_date=2025-02-01&end_date=2025-02-28&inst_ids=Ag%28T%2BD%29&p=,公开GET；具体API查询参数在正式source_registry冻结；禁止认证信息落盘。,HTML表格: cheerio；正文: Readability+Markdown；动态页: 公开API/人工任务卡,06_黄金美元与储备配置/外部原件/WEB-0422_XLSX_entry_xl_worksheets_sheet6.xml/original.html,02_提取正文/WEB-0422/content.json,asset_monthly_return | portfolio_scenario,DB04 多币种—黄金周期实验室 | DB04/DB05 配置与约束,取得状态、内容可用性、提取状态和正式用途四态齐全；不得单独支撑核心结论。,,ACQUIRED,MIXED_CONTENT,EXTRACTED,SUPPLEMENT,,B,按项目用途复核；不足以单独支持核心结论。,ACQUIRED|MIXED_CONTENT|EXTRACTED|SUPPLEMENT,2026-08-16T09:22:23.208Z
WEB-0423,20260816_research_archive_v1,DOWNLOADED_VERIFIED,每日行情,上海黄金交易所,06_黄金美元与储备配置,B,shared,MIXED_CONTENT,asset_monthly_return: 月份、资产、计价口径、价格、收益、成本、来源版本；portfolio_scenario: 情景、周期、权重、成本、流动性、CVaR、回撤、合法可用比例,比较美元、短债、黄金、人民币资产与套保工具的周期性作用。,https://www.sge.com.cn/sjzx/quotation_daily_new?start_date=2025-02-01&end_date=2025-02-28&inst_ids=Au99.99&p=,公开GET；具体API查询参数在正式source_registry冻结；禁止认证信息落盘。,HTML表格: cheerio；正文: Readability+Markdown；动态页: 公开API/人工任务卡,06_黄金美元与储备配置/外部原件/WEB-0423_XLSX_entry_xl_worksheets_sheet6.xml/original.html,02_提取正文/WEB-0423/content.json,asset_monthly_return | portfolio_scenario,DB04 多币种—黄金周期实验室 | DB04/DB05 配置与约束,取得状态、内容可用性、提取状态和正式用途四态齐全；不得单独支撑核心结论。,,ACQUIRED,MIXED_CONTENT,EXTRACTED,SUPPLEMENT,,B,按项目用途复核；不足以单独支持核心结论。,ACQUIRED|MIXED_CONTENT|EXTRACTED|SUPPLEMENT,2026-08-16T09:22:23.208Z
WEB-0424,20260816_research_archive_v1,DOWNLOADED_VERIFIED,每日行情,上海黄金交易所,06_黄金美元与储备配置,B,shared,MIXED_CONTENT,asset_monthly_return: 月份、资产、计价口径、价格、收益、成本、来源版本；portfolio_scenario: 情景、周期、权重、成本、流动性、CVaR、回撤、合法可用比例,比较美元、短债、黄金、人民币资产与套保工具的周期性作用。,https://www.sge.com.cn/sjzx/quotation_daily_new?start_date=2025-03-01&end_date=2025-03-31&inst_ids=Ag%28T%2BD%29&p=,公开GET；具体API查询参数在正式source_registry冻结；禁止认证信息落盘。,HTML表格: cheerio；正文: Readability+Markdown；动态页: 公开API/人工任务卡,06_黄金美元与储备配置/外部原件/WEB-0424_XLSX_entry_xl_worksheets_sheet6.xml/original.html,02_提取正文/WEB-0424/content.json,asset_monthly_return | portfolio_scenario,DB04 多币种—黄金周期实验室 | DB04/DB05 配置与约束,取得状态、内容可用性、提取状态和正式用途四态齐全；不得单独支撑核心结论。,,ACQUIRED,MIXED_CONTENT,EXTRACTED,SUPPLEMENT,,B,按项目用途复核；不足以单独支持核心结论。,ACQUIRED|MIXED_CONTENT|EXTRACTED|SUPPLEMENT,2026-08-16T09:22:23.208Z
WEB-0425,20260816_research_archive_v1,DOWNLOADED_VERIFIED,每日行情,上海黄金交易所,06_黄金美元与储备配置,B,shared,MIXED_CONTENT,asset_monthly_return: 月份、资产、计价口径、价格、收益、成本、来源版本；portfolio_scenario: 情景、周期、权重、成本、流动性、CVaR、回撤、合法可用比例,比较美元、短债、黄金、人民币资产与套保工具的周期性作用。,https://www.sge.com.cn/sjzx/quotation_daily_new?start_date=2025-03-01&end_date=2025-03-31&inst_ids=Au99.99&p=,公开GET；具体API查询参数在正式source_registry冻结；禁止认证信息落盘。,HTML表格: cheerio；正文: Readability+Markdown；动态页: 公开API/人工任务卡,06_黄金美元与储备配置/外部原件/WEB-0425_XLSX_entry_xl_worksheets_sheet6.xml/original.html,02_提取正文/WEB-0425/content.json,asset_monthly_return | portfolio_scenario,DB04 多币种—黄金周期实验室 | DB04/DB05 配置与约束,取得状态、内容可用性、提取状态和正式用途四态齐全；不得单独支撑核心结论。,,ACQUIRED,MIXED_CONTENT,EXTRACTED,SUPPLEMENT,,B,按项目用途复核；不足以单独支持核心结论。,ACQUIRED|MIXED_CONTENT|EXTRACTED|SUPPLEMENT,2026-08-16T09:22:23.208Z
WEB-0426,20260816_research_archive_v1,DOWNLOADED_VERIFIED,每日行情,上海黄金交易所,06_黄金美元与储备配置,B,shared,MIXED_CONTENT,asset_monthly_return: 月份、资产、计价口径、价格、收益、成本、来源版本；portfolio_scenario: 情景、周期、权重、成本、流动性、CVaR、回撤、合法可用比例,比较美元、短债、黄金、人民币资产与套保工具的周期性作用。,https://www.sge.com.cn/sjzx/quotation_daily_new?start_date=2025-04-01&end_date=2025-04-30&inst_ids=Ag%28T%2BD%29&p=,公开GET；具体API查询参数在正式source_registry冻结；禁止认证信息落盘。,HTML表格: cheerio；正文: Readability+Markdown；动态页: 公开API/人工任务卡,06_黄金美元与储备配置/外部原件/WEB-0426_XLSX_entry_xl_worksheets_sheet6.xml/original.html,02_提取正文/WEB-0426/content.json,asset_monthly_return | portfolio_scenario,DB04 多币种—黄金周期实验室 | DB04/DB05 配置与约束,取得状态、内容可用性、提取状态和正式用途四态齐全；不得单独支撑核心结论。,,ACQUIRED,MIXED_CONTENT,EXTRACTED,SUPPLEMENT,,B,按项目用途复核；不足以单独支持核心结论。,ACQUIRED|MIXED_CONTENT|EXTRACTED|SUPPLEMENT,2026-08-16T09:22:23.208Z
WEB-0427,20260816_research_archive_v1,DOWNLOADED_VERIFIED,每日行情,上海黄金交易所,06_黄金美元与储备配置,B,shared,MIXED_CONTENT,asset_monthly_return: 月份、资产、计价口径、价格、收益、成本、来源版本；portfolio_scenario: 情景、周期、权重、成本、流动性、CVaR、回撤、合法可用比例,比较美元、短债、黄金、人民币资产与套保工具的周期性作用。,https://www.sge.com.cn/sjzx/quotation_daily_new?start_date=2025-04-01&end_date=2025-04-30&inst_ids=Au99.99&p=,公开GET；具体API查询参数在正式source_registry冻结；禁止认证信息落盘。,HTML表格: cheerio；正文: Readability+Markdown；动态页: 公开API/人工任务卡,06_黄金美元与储备配置/外部原件/WEB-0427_XLSX_entry_xl_worksheets_sheet6.xml/original.html,02_提取正文/WEB-0427/content.json,asset_monthly_return | portfolio_scenario,DB04 多币种—黄金周期实验室 | DB04/DB05 配置与约束,取得状态、内容可用性、提取状态和正式用途四态齐全；不得单独支撑核心结论。,,ACQUIRED,MIXED_CONTENT,EXTRACTED,SUPPLEMENT,,B,按项目用途复核；不足以单独支持核心结论。,ACQUIRED|MIXED_CONTENT|EXTRACTED|SUPPLEMENT,2026-08-16T09:22:23.208Z
WEB-0428,20260816_research_archive_v1,DOWNLOADED_VERIFIED,每日行情,上海黄金交易所,06_黄金美元与储备配置,B,shared,MIXED_CONTENT,asset_monthly_return: 月份、资产、计价口径、价格、收益、成本、来源版本；portfolio_scenario: 情景、周期、权重、成本、流动性、CVaR、回撤、合法可用比例,比较美元、短债、黄金、人民币资产与套保工具的周期性作用。,https://www.sge.com.cn/sjzx/quotation_daily_new?start_date=2025-05-01&end_date=2025-05-31&inst_ids=Ag%28T%2BD%29&p=,公开GET；具体API查询参数在正式source_registry冻结；禁止认证信息落盘。,HTML表格: cheerio；正文: Readability+Markdown；动态页: 公开API/人工任务卡,06_黄金美元与储备配置/外部原件/WEB-0428_XLSX_entry_xl_worksheets_sheet6.xml/original.html,02_提取正文/WEB-0428/content.json,asset_monthly_return | portfolio_scenario,DB04 多币种—黄金周期实验室 | DB04/DB05 配置与约束,取得状态、内容可用性、提取状态和正式用途四态齐全；不得单独支撑核心结论。,,ACQUIRED,MIXED_CONTENT,EXTRACTED,SUPPLEMENT,,B,按项目用途复核；不足以单独支持核心结论。,ACQUIRED|MIXED_CONTENT|EXTRACTED|SUPPLEMENT,2026-08-16T09:22:23.209Z
WEB-0429,20260816_research_archive_v1,DOWNLOADED_VERIFIED,每日行情,上海黄金交易所,06_黄金美元与储备配置,B,shared,MIXED_CONTENT,asset_monthly_return: 月份、资产、计价口径、价格、收益、成本、来源版本；portfolio_scenario: 情景、周期、权重、成本、流动性、CVaR、回撤、合法可用比例,比较美元、短债、黄金、人民币资产与套保工具的周期性作用。,https://www.sge.com.cn/sjzx/quotation_daily_new?start_date=2025-05-01&end_date=2025-05-31&inst_ids=Au99.99&p=,公开GET；具体API查询参数在正式source_registry冻结；禁止认证信息落盘。,HTML表格: cheerio；正文: Readability+Markdown；动态页: 公开API/人工任务卡,06_黄金美元与储备配置/外部原件/WEB-0429_XLSX_entry_xl_worksheets_sheet6.xml/original.html,02_提取正文/WEB-0429/content.json,asset_monthly_return | portfolio_scenario,DB04 多币种—黄金周期实验室 | DB04/DB05 配置与约束,取得状态、内容可用性、提取状态和正式用途四态齐全；不得单独支撑核心结论。,,ACQUIRED,MIXED_CONTENT,EXTRACTED,SUPPLEMENT,,B,按项目用途复核；不足以单独支持核心结论。,ACQUIRED|MIXED_CONTENT|EXTRACTED|SUPPLEMENT,2026-08-16T09:22:23.209Z
WEB-0430,20260816_research_archive_v1,DOWNLOADED_VERIFIED,每日行情,上海黄金交易所,06_黄金美元与储备配置,B,shared,MIXED_CONTENT,asset_monthly_return: 月份、资产、计价口径、价格、收益、成本、来源版本；portfolio_scenario: 情景、周期、权重、成本、流动性、CVaR、回撤、合法可用比例,比较美元、短债、黄金、人民币资产与套保工具的周期性作用。,https://www.sge.com.cn/sjzx/quotation_daily_new?start_date=2025-06-01&end_date=2025-06-30&inst_ids=Ag%28T%2BD%29&p=,公开GET；具体API查询参数在正式source_registry冻结；禁止认证信息落盘。,HTML表格: cheerio；正文: Readability+Markdown；动态页: 公开API/人工任务卡,06_黄金美元与储备配置/外部原件/WEB-0430_XLSX_entry_xl_worksheets_sheet6.xml/original.html,02_提取正文/WEB-0430/content.json,asset_monthly_return | portfolio_scenario,DB04 多币种—黄金周期实验室 | DB04/DB05 配置与约束,取得状态、内容可用性、提取状态和正式用途四态齐全；不得单独支撑核心结论。,,ACQUIRED,MIXED_CONTENT,EXTRACTED,SUPPLEMENT,,B,按项目用途复核；不足以单独支持核心结论。,ACQUIRED|MIXED_CONTENT|EXTRACTED|SUPPLEMENT,2026-08-16T09:22:23.209Z
WEB-0431,20260816_research_archive_v1,DOWNLOADED_VERIFIED,每日行情,上海黄金交易所,06_黄金美元与储备配置,B,shared,MIXED_CONTENT,asset_monthly_return: 月份、资产、计价口径、价格、收益、成本、来源版本；portfolio_scenario: 情景、周期、权重、成本、流动性、CVaR、回撤、合法可用比例,比较美元、短债、黄金、人民币资产与套保工具的周期性作用。,https://www.sge.com.cn/sjzx/quotation_daily_new?start_date=2025-06-01&end_date=2025-06-30&inst_ids=Au99.99&p=,公开GET；具体API查询参数在正式source_registry冻结；禁止认证信息落盘。,HTML表格: cheerio；正文: Readability+Markdown；动态页: 公开API/人工任务卡,06_黄金美元与储备配置/外部原件/WEB-0431_XLSX_entry_xl_worksheets_sheet6.xml/original.html,02_提取正文/WEB-0431/content.json,asset_monthly_return | portfolio_scenario,DB04 多币种—黄金周期实验室 | DB04/DB05 配置与约束,取得状态、内容可用性、提取状态和正式用途四态齐全；不得单独支撑核心结论。,,ACQUIRED,MIXED_CONTENT,EXTRACTED,SUPPLEMENT,,B,按项目用途复核；不足以单独支持核心结论。,ACQUIRED|MIXED_CONTENT|EXTRACTED|SUPPLEMENT,2026-08-16T09:22:23.209Z
WEB-0432,20260816_research_archive_v1,DOWNLOADED_VERIFIED,每日行情,上海黄金交易所,06_黄金美元与储备配置,B,shared,MIXED_CONTENT,asset_monthly_return: 月份、资产、计价口径、价格、收益、成本、来源版本；portfolio_scenario: 情景、周期、权重、成本、流动性、CVaR、回撤、合法可用比例,比较美元、短债、黄金、人民币资产与套保工具的周期性作用。,https://www.sge.com.cn/sjzx/quotation_daily_new?start_date=2025-07-01&end_date=2025-07-31&inst_ids=Ag%28T%2BD%29&p=,公开GET；具体API查询参数在正式source_registry冻结；禁止认证信息落盘。,HTML表格: cheerio；正文: Readability+Markdown；动态页: 公开API/人工任务卡,06_黄金美元与储备配置/外部原件/WEB-0432_XLSX_entry_xl_worksheets_sheet6.xml/original.html,02_提取正文/WEB-0432/content.json,asset_monthly_return | portfolio_scenario,DB04 多币种—黄金周期实验室 | DB04/DB05 配置与约束,取得状态、内容可用性、提取状态和正式用途四态齐全；不得单独支撑核心结论。,,ACQUIRED,MIXED_CONTENT,EXTRACTED,SUPPLEMENT,,B,按项目用途复核；不足以单独支持核心结论。,ACQUIRED|MIXED_CONTENT|EXTRACTED|SUPPLEMENT,2026-08-16T09:22:23.209Z
WEB-0433,20260816_research_archive_v1,DOWNLOADED_VERIFIED,每日行情,上海黄金交易所,06_黄金美元与储备配置,B,shared,MIXED_CONTENT,asset_monthly_return: 月份、资产、计价口径、价格、收益、成本、来源版本；portfolio_scenario: 情景、周期、权重、成本、流动性、CVaR、回撤、合法可用比例,比较美元、短债、黄金、人民币资产与套保工具的周期性作用。,https://www.sge.com.cn/sjzx/quotation_daily_new?start_date=2025-07-01&end_date=2025-07-31&inst_ids=Au99.99&p=,公开GET；具体API查询参数在正式source_registry冻结；禁止认证信息落盘。,HTML表格: cheerio；正文: Readability+Markdown；动态页: 公开API/人工任务卡,06_黄金美元与储备配置/外部原件/WEB-0433_XLSX_entry_xl_worksheets_sheet6.xml/original.html,02_提取正文/WEB-0433/content.json,asset_monthly_return | portfolio_scenario,DB04 多币种—黄金周期实验室 | DB04/DB05 配置与约束,取得状态、内容可用性、提取状态和正式用途四态齐全；不得单独支撑核心结论。,,ACQUIRED,MIXED_CONTENT,EXTRACTED,SUPPLEMENT,,B,按项目用途复核；不足以单独支持核心结论。,ACQUIRED|MIXED_CONTENT|EXTRACTED|SUPPLEMENT,2026-08-16T09:22:23.209Z
WEB-0434,20260816_research_archive_v1,DOWNLOADED_VERIFIED,每日行情,上海黄金交易所,06_黄金美元与储备配置,B,shared,MIXED_CONTENT,asset_monthly_return: 月份、资产、计价口径、价格、收益、成本、来源版本；portfolio_scenario: 情景、周期、权重、成本、流动性、CVaR、回撤、合法可用比例,比较美元、短债、黄金、人民币资产与套保工具的周期性作用。,https://www.sge.com.cn/sjzx/quotation_daily_new?start_date=2025-08-01&end_date=2025-08-31&inst_ids=Ag%28T%2BD%29&p=,公开GET；具体API查询参数在正式source_registry冻结；禁止认证信息落盘。,HTML表格: cheerio；正文: Readability+Markdown；动态页: 公开API/人工任务卡,06_黄金美元与储备配置/外部原件/WEB-0434_XLSX_entry_xl_worksheets_sheet6.xml/original.html,02_提取正文/WEB-0434/content.json,asset_monthly_return | portfolio_scenario,DB04 多币种—黄金周期实验室 | DB04/DB05 配置与约束,取得状态、内容可用性、提取状态和正式用途四态齐全；不得单独支撑核心结论。,,ACQUIRED,MIXED_CONTENT,EXTRACTED,SUPPLEMENT,,B,按项目用途复核；不足以单独支持核心结论。,ACQUIRED|MIXED_CONTENT|EXTRACTED|SUPPLEMENT,2026-08-16T09:22:23.209Z
WEB-0435,20260816_research_archive_v1,DOWNLOADED_VERIFIED,每日行情,上海黄金交易所,06_黄金美元与储备配置,B,shared,MIXED_CONTENT,asset_monthly_return: 月份、资产、计价口径、价格、收益、成本、来源版本；portfolio_scenario: 情景、周期、权重、成本、流动性、CVaR、回撤、合法可用比例,比较美元、短债、黄金、人民币资产与套保工具的周期性作用。,https://www.sge.com.cn/sjzx/quotation_daily_new?start_date=2025-08-01&end_date=2025-08-31&inst_ids=Au99.99&p=,公开GET；具体API查询参数在正式source_registry冻结；禁止认证信息落盘。,HTML表格: cheerio；正文: Readability+Markdown；动态页: 公开API/人工任务卡,06_黄金美元与储备配置/外部原件/WEB-0435_XLSX_entry_xl_worksheets_sheet6.xml/original.html,02_提取正文/WEB-0435/content.json,asset_monthly_return | portfolio_scenario,DB04 多币种—黄金周期实验室 | DB04/DB05 配置与约束,取得状态、内容可用性、提取状态和正式用途四态齐全；不得单独支撑核心结论。,,ACQUIRED,MIXED_CONTENT,EXTRACTED,SUPPLEMENT,,B,按项目用途复核；不足以单独支持核心结论。,ACQUIRED|MIXED_CONTENT|EXTRACTED|SUPPLEMENT,2026-08-16T09:22:23.209Z
WEB-0436,20260816_research_archive_v1,DOWNLOADED_VERIFIED,每日行情,上海黄金交易所,06_黄金美元与储备配置,B,shared,MIXED_CONTENT,asset_monthly_return: 月份、资产、计价口径、价格、收益、成本、来源版本；portfolio_scenario: 情景、周期、权重、成本、流动性、CVaR、回撤、合法可用比例,比较美元、短债、黄金、人民币资产与套保工具的周期性作用。,https://www.sge.com.cn/sjzx/quotation_daily_new?start_date=2025-09-01&end_date=2025-09-30&inst_ids=Ag%28T%2BD%29&p=,公开GET；具体API查询参数在正式source_registry冻结；禁止认证信息落盘。,HTML表格: cheerio；正文: Readability+Markdown；动态页: 公开API/人工任务卡,06_黄金美元与储备配置/外部原件/WEB-0436_XLSX_entry_xl_worksheets_sheet6.xml/original.html,02_提取正文/WEB-0436/content.json,asset_monthly_return | portfolio_scenario,DB04 多币种—黄金周期实验室 | DB04/DB05 配置与约束,取得状态、内容可用性、提取状态和正式用途四态齐全；不得单独支撑核心结论。,,ACQUIRED,MIXED_CONTENT,EXTRACTED,SUPPLEMENT,,B,按项目用途复核；不足以单独支持核心结论。,ACQUIRED|MIXED_CONTENT|EXTRACTED|SUPPLEMENT,2026-08-16T09:22:23.209Z
WEB-0437,20260816_research_archive_v1,DOWNLOADED_VERIFIED,每日行情,上海黄金交易所,06_黄金美元与储备配置,B,shared,MIXED_CONTENT,asset_monthly_return: 月份、资产、计价口径、价格、收益、成本、来源版本；portfolio_scenario: 情景、周期、权重、成本、流动性、CVaR、回撤、合法可用比例,比较美元、短债、黄金、人民币资产与套保工具的周期性作用。,https://www.sge.com.cn/sjzx/quotation_daily_new?start_date=2025-09-01&end_date=2025-09-30&inst_ids=Au99.99&p=,公开GET；具体API查询参数在正式source_registry冻结；禁止认证信息落盘。,HTML表格: cheerio；正文: Readability+Markdown；动态页: 公开API/人工任务卡,06_黄金美元与储备配置/外部原件/WEB-0437_XLSX_entry_xl_worksheets_sheet6.xml/original.html,02_提取正文/WEB-0437/content.json,asset_monthly_return | portfolio_scenario,DB04 多币种—黄金周期实验室 | DB04/DB05 配置与约束,取得状态、内容可用性、提取状态和正式用途四态齐全；不得单独支撑核心结论。,,ACQUIRED,MIXED_CONTENT,EXTRACTED,SUPPLEMENT,,B,按项目用途复核；不足以单独支持核心结论。,ACQUIRED|MIXED_CONTENT|EXTRACTED|SUPPLEMENT,2026-08-16T09:22:23.209Z
WEB-0438,20260816_research_archive_v1,DOWNLOADED_VERIFIED,每日行情,上海黄金交易所,06_黄金美元与储备配置,B,shared,MIXED_CONTENT,asset_monthly_return: 月份、资产、计价口径、价格、收益、成本、来源版本；portfolio_scenario: 情景、周期、权重、成本、流动性、CVaR、回撤、合法可用比例,比较美元、短债、黄金、人民币资产与套保工具的周期性作用。,https://www.sge.com.cn/sjzx/quotation_daily_new?start_date=2025-10-01&end_date=2025-10-31&inst_ids=Ag%28T%2BD%29&p=,公开GET；具体API查询参数在正式source_registry冻结；禁止认证信息落盘。,HTML表格: cheerio；正文: Readability+Markdown；动态页: 公开API/人工任务卡,06_黄金美元与储备配置/外部原件/WEB-0438_XLSX_entry_xl_worksheets_sheet6.xml/original.html,02_提取正文/WEB-0438/content.json,asset_monthly_return | portfolio_scenario,DB04 多币种—黄金周期实验室 | DB04/DB05 配置与约束,取得状态、内容可用性、提取状态和正式用途四态齐全；不得单独支撑核心结论。,,ACQUIRED,MIXED_CONTENT,EXTRACTED,SUPPLEMENT,,B,按项目用途复核；不足以单独支持核心结论。,ACQUIRED|MIXED_CONTENT|EXTRACTED|SUPPLEMENT,2026-08-16T09:22:23.209Z
WEB-0439,20260816_research_archive_v1,DOWNLOADED_VERIFIED,每日行情,上海黄金交易所,06_黄金美元与储备配置,B,shared,MIXED_CONTENT,asset_monthly_return: 月份、资产、计价口径、价格、收益、成本、来源版本；portfolio_scenario: 情景、周期、权重、成本、流动性、CVaR、回撤、合法可用比例,比较美元、短债、黄金、人民币资产与套保工具的周期性作用。,https://www.sge.com.cn/sjzx/quotation_daily_new?start_date=2025-10-01&end_date=2025-10-31&inst_ids=Au99.99&p=,公开GET；具体API查询参数在正式source_registry冻结；禁止认证信息落盘。,HTML表格: cheerio；正文: Readability+Markdown；动态页: 公开API/人工任务卡,06_黄金美元与储备配置/外部原件/WEB-0439_XLSX_entry_xl_worksheets_sheet6.xml/original.html,02_提取正文/WEB-0439/content.json,asset_monthly_return | portfolio_scenario,DB04 多币种—黄金周期实验室 | DB04/DB05 配置与约束,取得状态、内容可用性、提取状态和正式用途四态齐全；不得单独支撑核心结论。,,ACQUIRED,MIXED_CONTENT,EXTRACTED,SUPPLEMENT,,B,按项目用途复核；不足以单独支持核心结论。,ACQUIRED|MIXED_CONTENT|EXTRACTED|SUPPLEMENT,2026-08-16T09:22:23.209Z
WEB-0440,20260816_research_archive_v1,DOWNLOADED_VERIFIED,每日行情,上海黄金交易所,06_黄金美元与储备配置,B,shared,MIXED_CONTENT,asset_monthly_return: 月份、资产、计价口径、价格、收益、成本、来源版本；portfolio_scenario: 情景、周期、权重、成本、流动性、CVaR、回撤、合法可用比例,比较美元、短债、黄金、人民币资产与套保工具的周期性作用。,https://www.sge.com.cn/sjzx/quotation_daily_new?start_date=2025-11-01&end_date=2025-11-30&inst_ids=Ag%28T%2BD%29&p=,公开GET；具体API查询参数在正式source_registry冻结；禁止认证信息落盘。,HTML表格: cheerio；正文: Readability+Markdown；动态页: 公开API/人工任务卡,06_黄金美元与储备配置/外部原件/WEB-0440_XLSX_entry_xl_worksheets_sheet6.xml/original.html,02_提取正文/WEB-0440/content.json,asset_monthly_return | portfolio_scenario,DB04 多币种—黄金周期实验室 | DB04/DB05 配置与约束,取得状态、内容可用性、提取状态和正式用途四态齐全；不得单独支撑核心结论。,,ACQUIRED,MIXED_CONTENT,EXTRACTED,SUPPLEMENT,,B,按项目用途复核；不足以单独支持核心结论。,ACQUIRED|MIXED_CONTENT|EXTRACTED|SUPPLEMENT,2026-08-16T09:22:23.210Z
WEB-0441,20260816_research_archive_v1,DOWNLOADED_VERIFIED,每日行情,上海黄金交易所,06_黄金美元与储备配置,B,shared,MIXED_CONTENT,asset_monthly_return: 月份、资产、计价口径、价格、收益、成本、来源版本；portfolio_scenario: 情景、周期、权重、成本、流动性、CVaR、回撤、合法可用比例,比较美元、短债、黄金、人民币资产与套保工具的周期性作用。,https://www.sge.com.cn/sjzx/quotation_daily_new?start_date=2025-11-01&end_date=2025-11-30&inst_ids=Au99.99&p=,公开GET；具体API查询参数在正式source_registry冻结；禁止认证信息落盘。,HTML表格: cheerio；正文: Readability+Markdown；动态页: 公开API/人工任务卡,06_黄金美元与储备配置/外部原件/WEB-0441_XLSX_entry_xl_worksheets_sheet6.xml/original.html,02_提取正文/WEB-0441/content.json,asset_monthly_return | portfolio_scenario,DB04 多币种—黄金周期实验室 | DB04/DB05 配置与约束,取得状态、内容可用性、提取状态和正式用途四态齐全；不得单独支撑核心结论。,,ACQUIRED,MIXED_CONTENT,EXTRACTED,SUPPLEMENT,,B,按项目用途复核；不足以单独支持核心结论。,ACQUIRED|MIXED_CONTENT|EXTRACTED|SUPPLEMENT,2026-08-16T09:22:23.210Z
WEB-0442,20260816_research_archive_v1,DOWNLOADED_VERIFIED,每日行情,上海黄金交易所,06_黄金美元与储备配置,B,shared,MIXED_CONTENT,asset_monthly_return: 月份、资产、计价口径、价格、收益、成本、来源版本；portfolio_scenario: 情景、周期、权重、成本、流动性、CVaR、回撤、合法可用比例,比较美元、短债、黄金、人民币资产与套保工具的周期性作用。,https://www.sge.com.cn/sjzx/quotation_daily_new?start_date=2025-12-01&end_date=2025-12-31&inst_ids=Ag%28T%2BD%29&p=,公开GET；具体API查询参数在正式source_registry冻结；禁止认证信息落盘。,HTML表格: cheerio；正文: Readability+Markdown；动态页: 公开API/人工任务卡,06_黄金美元与储备配置/外部原件/WEB-0442_XLSX_entry_xl_worksheets_sheet6.xml/original.html,02_提取正文/WEB-0442/content.json,asset_monthly_return | portfolio_scenario,DB04 多币种—黄金周期实验室 | DB04/DB05 配置与约束,取得状态、内容可用性、提取状态和正式用途四态齐全；不得单独支撑核心结论。,,ACQUIRED,MIXED_CONTENT,EXTRACTED,SUPPLEMENT,,B,按项目用途复核；不足以单独支持核心结论。,ACQUIRED|MIXED_CONTENT|EXTRACTED|SUPPLEMENT,2026-08-16T09:22:23.210Z
WEB-0443,20260816_research_archive_v1,DOWNLOADED_VERIFIED,每日行情,上海黄金交易所,06_黄金美元与储备配置,B,shared,MIXED_CONTENT,asset_monthly_return: 月份、资产、计价口径、价格、收益、成本、来源版本；portfolio_scenario: 情景、周期、权重、成本、流动性、CVaR、回撤、合法可用比例,比较美元、短债、黄金、人民币资产与套保工具的周期性作用。,https://www.sge.com.cn/sjzx/quotation_daily_new?start_date=2025-12-01&end_date=2025-12-31&inst_ids=Au99.99&p=,公开GET；具体API查询参数在正式source_registry冻结；禁止认证信息落盘。,HTML表格: cheerio；正文: Readability+Markdown；动态页: 公开API/人工任务卡,06_黄金美元与储备配置/外部原件/WEB-0443_XLSX_entry_xl_worksheets_sheet6.xml/original.html,02_提取正文/WEB-0443/content.json,asset_monthly_return | portfolio_scenario,DB04 多币种—黄金周期实验室 | DB04/DB05 配置与约束,取得状态、内容可用性、提取状态和正式用途四态齐全；不得单独支撑核心结论。,,ACQUIRED,MIXED_CONTENT,EXTRACTED,SUPPLEMENT,,B,按项目用途复核；不足以单独支持核心结论。,ACQUIRED|MIXED_CONTENT|EXTRACTED|SUPPLEMENT,2026-08-16T09:22:23.210Z
WEB-0444,20260816_research_archive_v1,DOWNLOADED_VERIFIED,每日行情,上海黄金交易所,06_黄金美元与储备配置,B,shared,MIXED_CONTENT,asset_monthly_return: 月份、资产、计价口径、价格、收益、成本、来源版本；portfolio_scenario: 情景、周期、权重、成本、流动性、CVaR、回撤、合法可用比例,比较美元、短债、黄金、人民币资产与套保工具的周期性作用。,https://www.sge.com.cn/sjzx/quotation_daily_new?start_date=2026-01-01&end_date=2026-01-31&inst_ids=Ag%28T%2BD%29&p=,公开GET；具体API查询参数在正式source_registry冻结；禁止认证信息落盘。,HTML表格: cheerio；正文: Readability+Markdown；动态页: 公开API/人工任务卡,06_黄金美元与储备配置/外部原件/WEB-0444_XLSX_entry_xl_worksheets_sheet6.xml/original.html,02_提取正文/WEB-0444/content.json,asset_monthly_return | portfolio_scenario,DB04 多币种—黄金周期实验室 | DB04/DB05 配置与约束,取得状态、内容可用性、提取状态和正式用途四态齐全；不得单独支撑核心结论。,,ACQUIRED,MIXED_CONTENT,EXTRACTED,SUPPLEMENT,,B,按项目用途复核；不足以单独支持核心结论。,ACQUIRED|MIXED_CONTENT|EXTRACTED|SUPPLEMENT,2026-08-16T09:22:23.210Z
WEB-0445,20260816_research_archive_v1,DOWNLOADED_VERIFIED,每日行情,上海黄金交易所,06_黄金美元与储备配置,B,shared,MIXED_CONTENT,asset_monthly_return: 月份、资产、计价口径、价格、收益、成本、来源版本；portfolio_scenario: 情景、周期、权重、成本、流动性、CVaR、回撤、合法可用比例,比较美元、短债、黄金、人民币资产与套保工具的周期性作用。,https://www.sge.com.cn/sjzx/quotation_daily_new?start_date=2026-01-01&end_date=2026-01-31&inst_ids=Au99.99&p=,公开GET；具体API查询参数在正式source_registry冻结；禁止认证信息落盘。,HTML表格: cheerio；正文: Readability+Markdown；动态页: 公开API/人工任务卡,06_黄金美元与储备配置/外部原件/WEB-0445_XLSX_entry_xl_worksheets_sheet6.xml/original.html,02_提取正文/WEB-0445/content.json,asset_monthly_return | portfolio_scenario,DB04 多币种—黄金周期实验室 | DB04/DB05 配置与约束,取得状态、内容可用性、提取状态和正式用途四态齐全；不得单独支撑核心结论。,,ACQUIRED,MIXED_CONTENT,EXTRACTED,SUPPLEMENT,,B,按项目用途复核；不足以单独支持核心结论。,ACQUIRED|MIXED_CONTENT|EXTRACTED|SUPPLEMENT,2026-08-16T09:22:23.210Z
WEB-0446,20260816_research_archive_v1,DOWNLOADED_VERIFIED,每日行情,上海黄金交易所,06_黄金美元与储备配置,B,shared,MIXED_CONTENT,asset_monthly_return: 月份、资产、计价口径、价格、收益、成本、来源版本；portfolio_scenario: 情景、周期、权重、成本、流动性、CVaR、回撤、合法可用比例,比较美元、短债、黄金、人民币资产与套保工具的周期性作用。,https://www.sge.com.cn/sjzx/quotation_daily_new?start_date=2026-02-01&end_date=2026-02-28&inst_ids=Ag%28T%2BD%29&p=,公开GET；具体API查询参数在正式source_registry冻结；禁止认证信息落盘。,HTML表格: cheerio；正文: Readability+Markdown；动态页: 公开API/人工任务卡,06_黄金美元与储备配置/外部原件/WEB-0446_XLSX_entry_xl_worksheets_sheet6.xml/original.html,02_提取正文/WEB-0446/content.json,asset_monthly_return | portfolio_scenario,DB04 多币种—黄金周期实验室 | DB04/DB05 配置与约束,取得状态、内容可用性、提取状态和正式用途四态齐全；不得单独支撑核心结论。,,ACQUIRED,MIXED_CONTENT,EXTRACTED,SUPPLEMENT,,B,按项目用途复核；不足以单独支持核心结论。,ACQUIRED|MIXED_CONTENT|EXTRACTED|SUPPLEMENT,2026-08-16T09:22:23.210Z
WEB-0447,20260816_research_archive_v1,DOWNLOADED_VERIFIED,每日行情,上海黄金交易所,06_黄金美元与储备配置,B,shared,MIXED_CONTENT,asset_monthly_return: 月份、资产、计价口径、价格、收益、成本、来源版本；portfolio_scenario: 情景、周期、权重、成本、流动性、CVaR、回撤、合法可用比例,比较美元、短债、黄金、人民币资产与套保工具的周期性作用。,https://www.sge.com.cn/sjzx/quotation_daily_new?start_date=2026-02-01&end_date=2026-02-28&inst_ids=Au99.99&p=,公开GET；具体API查询参数在正式source_registry冻结；禁止认证信息落盘。,HTML表格: cheerio；正文: Readability+Markdown；动态页: 公开API/人工任务卡,06_黄金美元与储备配置/外部原件/WEB-0447_XLSX_entry_xl_worksheets_sheet6.xml/original.html,02_提取正文/WEB-0447/content.json,asset_monthly_return | portfolio_scenario,DB04 多币种—黄金周期实验室 | DB04/DB05 配置与约束,取得状态、内容可用性、提取状态和正式用途四态齐全；不得单独支撑核心结论。,,ACQUIRED,MIXED_CONTENT,EXTRACTED,SUPPLEMENT,,B,按项目用途复核；不足以单独支持核心结论。,ACQUIRED|MIXED_CONTENT|EXTRACTED|SUPPLEMENT,2026-08-16T09:22:23.210Z
WEB-0448,20260816_research_archive_v1,DOWNLOADED_VERIFIED,每日行情,上海黄金交易所,06_黄金美元与储备配置,B,shared,MIXED_CONTENT,asset_monthly_return: 月份、资产、计价口径、价格、收益、成本、来源版本；portfolio_scenario: 情景、周期、权重、成本、流动性、CVaR、回撤、合法可用比例,比较美元、短债、黄金、人民币资产与套保工具的周期性作用。,https://www.sge.com.cn/sjzx/quotation_daily_new?start_date=2026-03-01&end_date=2026-03-31&inst_ids=Ag%28T%2BD%29&p=,公开GET；具体API查询参数在正式source_registry冻结；禁止认证信息落盘。,HTML表格: cheerio；正文: Readability+Markdown；动态页: 公开API/人工任务卡,06_黄金美元与储备配置/外部原件/WEB-0448_XLSX_entry_xl_worksheets_sheet6.xml/original.html,02_提取正文/WEB-0448/content.json,asset_monthly_return | portfolio_scenario,DB04 多币种—黄金周期实验室 | DB04/DB05 配置与约束,取得状态、内容可用性、提取状态和正式用途四态齐全；不得单独支撑核心结论。,,ACQUIRED,MIXED_CONTENT,EXTRACTED,SUPPLEMENT,,B,按项目用途复核；不足以单独支持核心结论。,ACQUIRED|MIXED_CONTENT|EXTRACTED|SUPPLEMENT,2026-08-16T09:22:23.210Z
WEB-0449,20260816_research_archive_v1,DOWNLOADED_VERIFIED,每日行情,上海黄金交易所,06_黄金美元与储备配置,B,shared,MIXED_CONTENT,asset_monthly_return: 月份、资产、计价口径、价格、收益、成本、来源版本；portfolio_scenario: 情景、周期、权重、成本、流动性、CVaR、回撤、合法可用比例,比较美元、短债、黄金、人民币资产与套保工具的周期性作用。,https://www.sge.com.cn/sjzx/quotation_daily_new?start_date=2026-03-01&end_date=2026-03-31&inst_ids=Au99.99&p=,公开GET；具体API查询参数在正式source_registry冻结；禁止认证信息落盘。,HTML表格: cheerio；正文: Readability+Markdown；动态页: 公开API/人工任务卡,06_黄金美元与储备配置/外部原件/WEB-0449_XLSX_entry_xl_worksheets_sheet6.xml/original.html,02_提取正文/WEB-0449/content.json,asset_monthly_return | portfolio_scenario,DB04 多币种—黄金周期实验室 | DB04/DB05 配置与约束,取得状态、内容可用性、提取状态和正式用途四态齐全；不得单独支撑核心结论。,,ACQUIRED,MIXED_CONTENT,EXTRACTED,SUPPLEMENT,,B,按项目用途复核；不足以单独支持核心结论。,ACQUIRED|MIXED_CONTENT|EXTRACTED|SUPPLEMENT,2026-08-16T09:22:23.211Z
WEB-0450,20260816_research_archive_v1,DOWNLOADED_VERIFIED,每日行情,上海黄金交易所,06_黄金美元与储备配置,B,shared,MIXED_CONTENT,asset_monthly_return: 月份、资产、计价口径、价格、收益、成本、来源版本；portfolio_scenario: 情景、周期、权重、成本、流动性、CVaR、回撤、合法可用比例,比较美元、短债、黄金、人民币资产与套保工具的周期性作用。,https://www.sge.com.cn/sjzx/quotation_daily_new?start_date=2026-04-01&end_date=2026-04-30&inst_ids=Ag%28T%2BD%29&p=,公开GET；具体API查询参数在正式source_registry冻结；禁止认证信息落盘。,HTML表格: cheerio；正文: Readability+Markdown；动态页: 公开API/人工任务卡,06_黄金美元与储备配置/外部原件/WEB-0450_XLSX_entry_xl_worksheets_sheet6.xml/original.html,02_提取正文/WEB-0450/content.json,asset_monthly_return | portfolio_scenario,DB04 多币种—黄金周期实验室 | DB04/DB05 配置与约束,取得状态、内容可用性、提取状态和正式用途四态齐全；不得单独支撑核心结论。,,ACQUIRED,MIXED_CONTENT,EXTRACTED,SUPPLEMENT,,B,按项目用途复核；不足以单独支持核心结论。,ACQUIRED|MIXED_CONTENT|EXTRACTED|SUPPLEMENT,2026-08-16T09:22:23.211Z
WEB-0451,20260816_research_archive_v1,DOWNLOADED_VERIFIED,每日行情,上海黄金交易所,06_黄金美元与储备配置,B,shared,MIXED_CONTENT,asset_monthly_return: 月份、资产、计价口径、价格、收益、成本、来源版本；portfolio_scenario: 情景、周期、权重、成本、流动性、CVaR、回撤、合法可用比例,比较美元、短债、黄金、人民币资产与套保工具的周期性作用。,https://www.sge.com.cn/sjzx/quotation_daily_new?start_date=2026-04-01&end_date=2026-04-30&inst_ids=Au99.99&p=,公开GET；具体API查询参数在正式source_registry冻结；禁止认证信息落盘。,HTML表格: cheerio；正文: Readability+Markdown；动态页: 公开API/人工任务卡,06_黄金美元与储备配置/外部原件/WEB-0451_XLSX_entry_xl_worksheets_sheet6.xml/original.html,02_提取正文/WEB-0451/content.json,asset_monthly_return | portfolio_scenario,DB04 多币种—黄金周期实验室 | DB04/DB05 配置与约束,取得状态、内容可用性、提取状态和正式用途四态齐全；不得单独支撑核心结论。,,ACQUIRED,MIXED_CONTENT,EXTRACTED,SUPPLEMENT,,B,按项目用途复核；不足以单独支持核心结论。,ACQUIRED|MIXED_CONTENT|EXTRACTED|SUPPLEMENT,2026-08-16T09:22:23.211Z
WEB-0452,20260816_research_archive_v1,DOWNLOADED_VERIFIED,每日行情,上海黄金交易所,06_黄金美元与储备配置,B,shared,MIXED_CONTENT,asset_monthly_return: 月份、资产、计价口径、价格、收益、成本、来源版本；portfolio_scenario: 情景、周期、权重、成本、流动性、CVaR、回撤、合法可用比例,比较美元、短债、黄金、人民币资产与套保工具的周期性作用。,https://www.sge.com.cn/sjzx/quotation_daily_new?start_date=2026-05-01&end_date=2026-05-31&inst_ids=Ag%28T%2BD%29&p=,公开GET；具体API查询参数在正式source_registry冻结；禁止认证信息落盘。,HTML表格: cheerio；正文: Readability+Markdown；动态页: 公开API/人工任务卡,06_黄金美元与储备配置/外部原件/WEB-0452_XLSX_entry_xl_worksheets_sheet6.xml/original.html,02_提取正文/WEB-0452/content.json,asset_monthly_return | portfolio_scenario,DB04 多币种—黄金周期实验室 | DB04/DB05 配置与约束,取得状态、内容可用性、提取状态和正式用途四态齐全；不得单独支撑核心结论。,,ACQUIRED,MIXED_CONTENT,EXTRACTED,SUPPLEMENT,,B,按项目用途复核；不足以单独支持核心结论。,ACQUIRED|MIXED_CONTENT|EXTRACTED|SUPPLEMENT,2026-08-16T09:22:23.211Z
WEB-0453,20260816_research_archive_v1,DOWNLOADED_VERIFIED,每日行情,上海黄金交易所,06_黄金美元与储备配置,B,shared,MIXED_CONTENT,asset_monthly_return: 月份、资产、计价口径、价格、收益、成本、来源版本；portfolio_scenario: 情景、周期、权重、成本、流动性、CVaR、回撤、合法可用比例,比较美元、短债、黄金、人民币资产与套保工具的周期性作用。,https://www.sge.com.cn/sjzx/quotation_daily_new?start_date=2026-05-01&end_date=2026-05-31&inst_ids=Au99.99&p=,公开GET；具体API查询参数在正式source_registry冻结；禁止认证信息落盘。,HTML表格: cheerio；正文: Readability+Markdown；动态页: 公开API/人工任务卡,06_黄金美元与储备配置/外部原件/WEB-0453_XLSX_entry_xl_worksheets_sheet6.xml/original.html,02_提取正文/WEB-0453/content.json,asset_monthly_return | portfolio_scenario,DB04 多币种—黄金周期实验室 | DB04/DB05 配置与约束,取得状态、内容可用性、提取状态和正式用途四态齐全；不得单独支撑核心结论。,,ACQUIRED,MIXED_CONTENT,EXTRACTED,SUPPLEMENT,,B,按项目用途复核；不足以单独支持核心结论。,ACQUIRED|MIXED_CONTENT|EXTRACTED|SUPPLEMENT,2026-08-16T09:22:23.211Z
WEB-0454,20260816_research_archive_v1,DOWNLOADED_VERIFIED,每日行情,上海黄金交易所,06_黄金美元与储备配置,B,shared,MIXED_CONTENT,asset_monthly_return: 月份、资产、计价口径、价格、收益、成本、来源版本；portfolio_scenario: 情景、周期、权重、成本、流动性、CVaR、回撤、合法可用比例,比较美元、短债、黄金、人民币资产与套保工具的周期性作用。,https://www.sge.com.cn/sjzx/quotation_daily_new?start_date=2026-06-01&end_date=2026-06-30&inst_ids=Ag%28T%2BD%29&p=,公开GET；具体API查询参数在正式source_registry冻结；禁止认证信息落盘。,HTML表格: cheerio；正文: Readability+Markdown；动态页: 公开API/人工任务卡,06_黄金美元与储备配置/外部原件/WEB-0454_XLSX_entry_xl_worksheets_sheet6.xml/original.html,02_提取正文/WEB-0454/content.json,asset_monthly_return | portfolio_scenario,DB04 多币种—黄金周期实验室 | DB04/DB05 配置与约束,取得状态、内容可用性、提取状态和正式用途四态齐全；不得单独支撑核心结论。,,ACQUIRED,MIXED_CONTENT,EXTRACTED,SUPPLEMENT,,B,按项目用途复核；不足以单独支持核心结论。,ACQUIRED|MIXED_CONTENT|EXTRACTED|SUPPLEMENT,2026-08-16T09:22:23.211Z
WEB-0455,20260816_research_archive_v1,DOWNLOADED_VERIFIED,每日行情,上海黄金交易所,06_黄金美元与储备配置,B,shared,MIXED_CONTENT,asset_monthly_return: 月份、资产、计价口径、价格、收益、成本、来源版本；portfolio_scenario: 情景、周期、权重、成本、流动性、CVaR、回撤、合法可用比例,比较美元、短债、黄金、人民币资产与套保工具的周期性作用。,https://www.sge.com.cn/sjzx/quotation_daily_new?start_date=2026-06-01&end_date=2026-06-30&inst_ids=Au99.99&p=,公开GET；具体API查询参数在正式source_registry冻结；禁止认证信息落盘。,HTML表格: cheerio；正文: Readability+Markdown；动态页: 公开API/人工任务卡,06_黄金美元与储备配置/外部原件/WEB-0455_XLSX_entry_xl_worksheets_sheet6.xml/original.html,02_提取正文/WEB-0455/content.json,asset_monthly_return | portfolio_scenario,DB04 多币种—黄金周期实验室 | DB04/DB05 配置与约束,取得状态、内容可用性、提取状态和正式用途四态齐全；不得单独支撑核心结论。,,ACQUIRED,MIXED_CONTENT,EXTRACTED,SUPPLEMENT,,B,按项目用途复核；不足以单独支持核心结论。,ACQUIRED|MIXED_CONTENT|EXTRACTED|SUPPLEMENT,2026-08-16T09:22:23.211Z
WEB-0456,20260816_research_archive_v1,DOWNLOADED_VERIFIED,每日行情,上海黄金交易所,06_黄金美元与储备配置,B,shared,MIXED_CONTENT,asset_monthly_return: 月份、资产、计价口径、价格、收益、成本、来源版本；portfolio_scenario: 情景、周期、权重、成本、流动性、CVaR、回撤、合法可用比例,比较美元、短债、黄金、人民币资产与套保工具的周期性作用。,https://www.sge.com.cn/sjzx/quotation_daily_new?start_date=2026-07-01&end_date=2026-07-24&inst_ids=Ag%28T%2BD%29&p=,公开GET；具体API查询参数在正式source_registry冻结；禁止认证信息落盘。,HTML表格: cheerio；正文: Readability+Markdown；动态页: 公开API/人工任务卡,06_黄金美元与储备配置/外部原件/WEB-0456_XLSX_entry_xl_worksheets_sheet6.xml/original.html,02_提取正文/WEB-0456/content.json,asset_monthly_return | portfolio_scenario,DB04 多币种—黄金周期实验室 | DB04/DB05 配置与约束,取得状态、内容可用性、提取状态和正式用途四态齐全；不得单独支撑核心结论。,,ACQUIRED,MIXED_CONTENT,EXTRACTED,SUPPLEMENT,,B,按项目用途复核；不足以单独支持核心结论。,ACQUIRED|MIXED_CONTENT|EXTRACTED|SUPPLEMENT,2026-08-16T09:22:23.211Z
WEB-0457,20260816_research_archive_v1,DOWNLOADED_VERIFIED,每日行情,上海黄金交易所,06_黄金美元与储备配置,B,shared,MIXED_CONTENT,asset_monthly_return: 月份、资产、计价口径、价格、收益、成本、来源版本；portfolio_scenario: 情景、周期、权重、成本、流动性、CVaR、回撤、合法可用比例,比较美元、短债、黄金、人民币资产与套保工具的周期性作用。,https://www.sge.com.cn/sjzx/quotation_daily_new?start_date=2026-07-01&end_date=2026-07-24&inst_ids=Au99.99&p=,公开GET；具体API查询参数在正式source_registry冻结；禁止认证信息落盘。,HTML表格: cheerio；正文: Readability+Markdown；动态页: 公开API/人工任务卡,06_黄金美元与储备配置/外部原件/WEB-0457_XLSX_entry_xl_worksheets_sheet6.xml/original.html,02_提取正文/WEB-0457/content.json,asset_monthly_return | portfolio_scenario,DB04 多币种—黄金周期实验室 | DB04/DB05 配置与约束,取得状态、内容可用性、提取状态和正式用途四态齐全；不得单独支撑核心结论。,,ACQUIRED,MIXED_CONTENT,EXTRACTED,SUPPLEMENT,,B,按项目用途复核；不足以单独支持核心结论。,ACQUIRED|MIXED_CONTENT|EXTRACTED|SUPPLEMENT,2026-08-16T09:22:23.211Z
WEB-0460,20260816_research_archive_v1,METADATA_ONLY_LICENSE,新浪财经，2025-10,www.sina.cn,08_企业案例与公开披露,C,metadata_only,NOT_ACQUIRED,company_overseas_exposure: 企业、财年、海外收入、披露地区、汇兑损益、外币资产负债、套保、现金、授信、页码；country_event: 事件ID、国家、类型、起止月、触发值、证据等级、决策时可知性；asset_monthly_return: 月份、资产、计价口径、价格、收益、成本、来源版本；portfolio_scenario: 情景、周期、权重、成本、流动性、CVaR、回撤、合法可用比例,核验企业海外收入、汇兑损益、冻结、退出和储备配置事实。,https://www.sina.cn/news/detail/5218620311077476.html,公开GET；具体API查询参数在正式source_registry冻结；禁止认证信息落盘。,HTML表格: cheerio；正文: Readability+Markdown；动态页: 公开API/人工任务卡,,,company_overseas_exposure | country_event | asset_monthly_return | portfolio_scenario,DB03 中国企业海外风险 | DB02 国别与危机下钻 | DB04 多币种—黄金周期实验室 | DB04/DB05 配置与约束,取得状态、内容可用性、提取状态和正式用途四态齐全；不得单独支撑核心结论。,,NOT_APPLICABLE,NOT_ACQUIRED,FAILED,EXCLUDED,NOT_ACQUIRED,D,仅保留元数据；正式分析改用许可允许的权威替代源。,NOT_APPLICABLE|NOT_ACQUIRED|FAILED|EXCLUDED,2026-08-16T09:22:23.212Z
WEB-0469,20260816_research_archive_v1,DOWNLOADED_VERIFIED,首页 | 上海证券交易所,www.sse.com.cn,07_会计合规与制裁,D,private_only,MIXED_CONTENT,company_overseas_exposure: 企业、财年、海外收入、披露地区、汇兑损益、外币资产负债、套保、现金、授信、页码；country_policy_year: ISO3、年份、汇率制度、资本限制、汇出限制、制裁主体、有效期、原文定位；asset_monthly_return: 月份、资产、计价口径、价格、收益、成本、来源版本；case_evidence: 案例ID、事件簇、命题角色、关键事实、来源等级、页码、复核状态,限定会计分类、托管、制裁、外汇管制和合法可用性边界。,https://www.sse.com.cn/,公开GET；具体API查询参数在正式source_registry冻结；禁止认证信息落盘。,HTML表格: cheerio；正文: Readability+Markdown；动态页: 公开API/人工任务卡,07_会计合规与制裁/外部原件/WEB-0469_1._传音控股_2023_2024_年报与三季报（人民币营收、非洲占比、汇率损失）：上交所披露：_/original.html,02_提取正文/WEB-0469/content.json,company_overseas_exposure | country_policy_year | asset_monthly_return | case_evidence,DB03 中国企业海外风险 | DB02/DB05 政策与约束 | DB04 多币种—黄金周期实验室 | DB05 决策、约束与证据中心,取得状态、内容可用性、提取状态和正式用途四态齐全；不得单独支撑核心结论。,,ACQUIRED,MIXED_CONTENT,EXTRACTED,EXCLUDED,,A/D,补充权威替代来源；无法取得时删除相应字段和结论承诺。,ACQUIRED|MIXED_CONTENT|EXTRACTED|EXCLUDED,2026-08-16T09:22:23.212Z
WEB-0471,20260816_research_archive_v1,DOWNLOADED_VERIFIED,2024年全国规模以上工业企业利润下降3.3% - 国家统计局,www.stats.gov.cn,08_企业案例与公开披露,A,shared,MIXED_CONTENT,company_overseas_exposure: 企业、财年、海外收入、披露地区、汇兑损益、外币资产负债、套保、现金、授信、页码；country_event: 事件ID、国家、类型、起止月、触发值、证据等级、决策时可知性；asset_monthly_return: 月份、资产、计价口径、价格、收益、成本、来源版本；portfolio_scenario: 情景、周期、权重、成本、流动性、CVaR、回撤、合法可用比例,核验企业海外收入、汇兑损益、冻结、退出和储备配置事实。,https://www.stats.gov.cn/sj/zxfb/202501/P020250127324149881531.xlsx,公开GET；具体API查询参数在正式source_registry冻结；禁止认证信息落盘。,HTML表格: cheerio；正文: Readability+Markdown；动态页: 公开API/人工任务卡,08_企业案例与公开披露/外部原件/WEB-0471_国家统计局，2025-01/original.html,02_提取正文/WEB-0471/content.json | 01_新增原件/WEB-0471/WEB-0471-R01_P020250127324149881531.xlsx | 03_提取表格/WEB-0471/WEB-0471-R01/附表1.csv | 03_提取表格/WEB-0471/WEB-0471-R01/附表2.csv | 03_提取表格/WEB-0471/WEB-0471-R01/附表3.csv | 03_提取表格/WEB-0471/WEB-0471-R01/12月用1.csv | 03_提取表格/WEB-0471/WEB-0471-R01/12月用2.csv | 03_提取表格/WEB-0471/WEB-0471-R01/12月用3.csv,company_overseas_exposure | country_event | asset_monthly_return | portfolio_scenario,DB03 中国企业海外风险 | DB02 国别与危机下钻 | DB04 多币种—黄金周期实验室 | DB04/DB05 配置与约束,取得状态、内容可用性、提取状态和正式用途四态齐全；核心数字须A级或双B级并有人审。,,ACQUIRED,MIXED_CONTENT,EXTRACTED,CORE,,D,人工复核关键字段与source_locator；通过后映射至正式source_registry。,ACQUIRED|MIXED_CONTENT|EXTRACTED|CORE,2026-08-16T09:22:23.212Z
WEB-0472,20260816_research_archive_v1,DOWNLOADED_VERIFIED,国家统计局信息公开,www.stats.gov.cn,08_企业案例与公开披露,A,shared,MIXED_CONTENT,company_overseas_exposure: 企业、财年、海外收入、披露地区、汇兑损益、外币资产负债、套保、现金、授信、页码；country_event: 事件ID、国家、类型、起止月、触发值、证据等级、决策时可知性；asset_monthly_return: 月份、资产、计价口径、价格、收益、成本、来源版本；portfolio_scenario: 情景、周期、权重、成本、流动性、CVaR、回撤、合法可用比例,核验企业海外收入、汇兑损益、冻结、退出和储备配置事实。,https://www.stats.gov.cn/xxgk/sjfb/zxfb2020/202412/P020241227323532210431.xlsx,公开GET；具体API查询参数在正式source_registry冻结；禁止认证信息落盘。,HTML表格: cheerio；正文: Readability+Markdown；动态页: 公开API/人工任务卡,08_企业案例与公开披露/外部原件/WEB-0472_2024-12/original.html,02_提取正文/WEB-0472/content.json | 01_新增原件/WEB-0472/WEB-0472-R01_P020241227323532210431.xlsx | 03_提取表格/WEB-0472/WEB-0472-R01/附表1.csv | 03_提取表格/WEB-0472/WEB-0472-R01/附表2.csv | 03_提取表格/WEB-0472/WEB-0472-R01/附表3.csv | 03_提取表格/WEB-0472/WEB-0472-R01/12月用1.csv | 03_提取表格/WEB-0472/WEB-0472-R01/12月用2.csv | 03_提取表格/WEB-0472/WEB-0472-R01/12月用3.csv,company_overseas_exposure | country_event | asset_monthly_return | portfolio_scenario,DB03 中国企业海外风险 | DB02 国别与危机下钻 | DB04 多币种—黄金周期实验室 | DB04/DB05 配置与约束,取得状态、内容可用性、提取状态和正式用途四态齐全；核心数字须A级或双B级并有人审。,,ACQUIRED,MIXED_CONTENT,EXTRACTED,CORE,,D,人工复核关键字段与source_locator；通过后映射至正式source_registry。,ACQUIRED|MIXED_CONTENT|EXTRACTED|CORE,2026-08-16T09:22:23.212Z
WEB-0492,20260816_research_archive_v1,DOWNLOADED_VERIFIED,"World Bank Group - International Development, Poverty and Sustainability",World Bank,06_黄金美元与储备配置,B,shared,NARRATIVE_CONTENT,asset_monthly_return: 月份、资产、计价口径、价格、收益、成本、来源版本；portfolio_scenario: 情景、周期、权重、成本、流动性、CVaR、回撤、合法可用比例,比较美元、短债、黄金、人民币资产与套保工具的周期性作用。,https://www.worldbank.org/ext/en/home,公开GET；具体API查询参数在正式source_registry冻结；禁止认证信息落盘。,HTML表格: cheerio；正文: Readability+Markdown；动态页: 公开API/人工任务卡,"06_黄金美元与储备配置/外部原件/WEB-0492_17_World_Bank,_Commodity_Markets_Pink_Sheet,/original.html",02_提取正文/WEB-0492/content.json,asset_monthly_return | portfolio_scenario,DB04 多币种—黄金周期实验室 | DB04/DB05 配置与约束,取得状态、内容可用性、提取状态和正式用途四态齐全；不得单独支撑核心结论。,,ACQUIRED,NARRATIVE_CONTENT,EXTRACTED,SUPPLEMENT,,B,按项目用途复核；不足以单独支持核心结论。,ACQUIRED|NARRATIVE_CONTENT|EXTRACTED|SUPPLEMENT,2026-08-16T09:22:23.212Z
WEB-0493,20260816_research_archive_v1,DOWNLOADED_VERIFIED,Sudan | World Bank Group,World Bank,07_会计合规与制裁,B,shared,NARRATIVE_CONTENT,country_policy_year: ISO3、年份、汇率制度、资本限制、汇出限制、制裁主体、有效期、原文定位；asset_monthly_return: 月份、资产、计价口径、价格、收益、成本、来源版本；case_evidence: 案例ID、事件簇、命题角色、关键事实、来源等级、页码、复核状态,限定会计分类、托管、制裁、外汇管制和合法可用性边界。,https://www.worldbank.org/ext/en/country/sudan,公开GET；具体API查询参数在正式source_registry冻结；禁止认证信息落盘。,HTML表格: cheerio；正文: Readability+Markdown；动态页: 公开API/人工任务卡,07_会计合规与制裁/外部原件/WEB-0493_3._苏丹_GDP（2023_年_-12%～-18%）：世界银行《Sudan_Economic_Update》：_/original.html,02_提取正文/WEB-0493/content.json,country_policy_year | asset_monthly_return | case_evidence,DB02/DB05 政策与约束 | DB04 多币种—黄金周期实验室 | DB05 决策、约束与证据中心,取得状态、内容可用性、提取状态和正式用途四态齐全；不得单独支撑核心结论。,,ACQUIRED,NARRATIVE_CONTENT,EXTRACTED,SUPPLEMENT,,A/D,按项目用途复核；不足以单独支持核心结论。,ACQUIRED|NARRATIVE_CONTENT|EXTRACTED|SUPPLEMENT,2026-08-16T09:22:23.212Z
WEB-0494,20260816_research_archive_v1,DOWNLOADED_VERIFIED,Lebanon’s Crisis: Great Denial in the Deliberate Depression,World Bank,06_黄金美元与储备配置,B,shared,NARRATIVE_CONTENT,country_monthly_risk: ISO3、月份、官方汇率、CPI、储备、平行汇率、发布日期、质量标记；country_event: 事件ID、国家、类型、起止月、触发值、证据等级、决策时可知性；asset_monthly_return: 月份、资产、计价口径、价格、收益、成本、来源版本；portfolio_scenario: 情景、周期、权重、成本、流动性、CVaR、回撤、合法可用比例；case_evidence: 案例ID、事件簇、命题角色、关键事实、来源等级、页码、复核状态,比较美元、短债、黄金、人民币资产与套保工具的周期性作用。,https://www.worldbank.org/en/news/press-release/2022/01/24/lebanon-s-crisis-great-denial-in-the-deliberate-depression,公开GET；具体API查询参数在正式source_registry冻结；禁止认证信息落盘。,HTML表格: cheerio；正文: Readability+Markdown；动态页: 公开API/人工任务卡,06_黄金美元与储备配置/外部原件/WEB-0494_2._世界银行（World_Bank），2022，《Lebanon's_Crisis_Great_Denial_in_the_Deliberat/original.html,02_提取正文/WEB-0494/content.json,country_monthly_risk | country_event | asset_monthly_return | portfolio_scenario | case_evidence,DB01/DB02 国别风险与危机下钻 | DB02 国别与危机下钻 | DB04 多币种—黄金周期实验室 | DB04/DB05 配置与约束 | DB05 决策、约束与证据中心,取得状态、内容可用性、提取状态和正式用途四态齐全；不得单独支撑核心结论。,,ACQUIRED,NARRATIVE_CONTENT,EXTRACTED,SUPPLEMENT,,B,按项目用途复核；不足以单独支持核心结论。,ACQUIRED|NARRATIVE_CONTENT|EXTRACTED|SUPPLEMENT,2026-08-16T09:22:23.212Z
WEB-0495,20260816_research_archive_v1,DOWNLOADED_VERIFIED,Lebanon: Normalization of Crisis is No Road to Stabilization,World Bank,04_国别货币与中国出海,B,shared,NARRATIVE_CONTENT,country_monthly_risk: ISO3、月份、官方汇率、CPI、储备、平行汇率、发布日期、质量标记；country_policy_year: ISO3、年份、汇率制度、资本限制、汇出限制、制裁主体、有效期、原文定位；country_event: 事件ID、国家、类型、起止月、触发值、证据等级、决策时可知性；case_evidence: 案例ID、事件簇、命题角色、关键事实、来源等级、页码、复核状态,支持亚非拉国别风险、汇率、通胀、资本管制和中国投资暴露研究。,https://www.worldbank.org/en/news/press-release/2023/05/16/lebanon-normalization-of-crisis-is-no-road-to-stabilization,公开GET；具体API查询参数在正式source_registry冻结；禁止认证信息落盘。,HTML表格: cheerio；正文: Readability+Markdown；动态页: 公开API/人工任务卡,"04_国别货币与中国出海/外部原件/WEB-0495_1._世界银行（World_Bank），2023，《Lebanon_Economic_Monitor,_Spring_2023_Normaliz/original.html",02_提取正文/WEB-0495/content.json,country_monthly_risk | country_policy_year | country_event | case_evidence,DB01/DB02 国别风险与危机下钻 | DB02/DB05 政策与约束 | DB02 国别与危机下钻 | DB05 决策、约束与证据中心,取得状态、内容可用性、提取状态和正式用途四态齐全；不得单独支撑核心结论。,,ACQUIRED,NARRATIVE_CONTENT,EXTRACTED,SUPPLEMENT,,B,按项目用途复核；不足以单独支持核心结论。,ACQUIRED|NARRATIVE_CONTENT|EXTRACTED|SUPPLEMENT,2026-08-16T09:22:23.213Z
WEB-0496,20260816_research_archive_v1,DOWNLOADED_VERIFIED,Conflict in Middle East Could Bring ‘Dual Shock’ to Global Commodity Markets,World Bank,06_黄金美元与储备配置,B,shared,NARRATIVE_CONTENT,country_exposure: ISO3、国家、年份、中国投资流量、存量、企业存在、表号、页码；asset_monthly_return: 月份、资产、计价口径、价格、收益、成本、来源版本；portfolio_scenario: 情景、周期、权重、成本、流动性、CVaR、回撤、合法可用比例,比较美元、短债、黄金、人民币资产与套保工具的周期性作用。,https://www.worldbank.org/en/news/press-release/2023/10/26/commodity-markets-outlook-october-2023-press-release,公开GET；具体API查询参数在正式source_registry冻结；禁止认证信息落盘。,HTML表格: cheerio；正文: Readability+Markdown；动态页: 公开API/人工任务卡,06_黄金美元与储备配置/外部原件/WEB-0496_XLSX_entry_xl_worksheets_sheet4.xml/original.html,02_提取正文/WEB-0496/content.json,country_exposure | asset_monthly_return | portfolio_scenario,DB01 亚非拉风险全景 | DB04 多币种—黄金周期实验室 | DB04/DB05 配置与约束,取得状态、内容可用性、提取状态和正式用途四态齐全；不得单独支撑核心结论。,,ACQUIRED,NARRATIVE_CONTENT,EXTRACTED,SUPPLEMENT,,B,按项目用途复核；不足以单独支持核心结论。,ACQUIRED|NARRATIVE_CONTENT|EXTRACTED|SUPPLEMENT,2026-08-16T09:22:23.213Z
WEB-0497,20260816_research_archive_v1,DOWNLOADED_VERIFIED,Global Economic Prospects,World Bank,05_全球周期与历史危机,B,shared,MIXED_CONTENT,case_evidence: 案例ID、事件簇、命题角色、关键事实、来源等级、页码、复核状态；historical_crisis_event: 历史事件、制度环境、政策节点、起止期、可比性、黄金与美元表现；global_cycle_month: 月份、工业生产、失业、CPI、利率、利差、美元、金融条件、市场回撤、周期标签,识别全球经济周期、资产泡沫、信用危机、衰退与历史制度差异。,https://openknowledge.worldbank.org/bitstream/handle/10986/25823/Global-Economic-Prospects-January-2017-Charts.zip,公开GET；具体API查询参数在正式source_registry冻结；禁止认证信息落盘。,HTML表格: cheerio；正文: Readability+Markdown；动态页: 公开API/人工任务卡,05_全球周期与历史危机/外部原件/WEB-0497_5._世界银行《Global_Economic_Prospects》1995_年墨西哥_GDP_数据（-6.2%）：_/original.html,02_提取正文/WEB-0497/content.json,case_evidence | historical_crisis_event | global_cycle_month,DB05 决策、约束与证据中心 | DB06 全球周期与历史危机,取得状态、内容可用性、提取状态和正式用途四态齐全；不得单独支撑核心结论。,,ACQUIRED,MIXED_CONTENT,EXTRACTED,SUPPLEMENT,UNEXPECTED_HTML_INSTEAD_OF_STRUCTURED_RESOURCE | UNEXPECTED_HTML_INSTEAD_OF_STRUCTURED_RESOURCE | UNEXPECTED_HTML_INSTEAD_OF_STRUCTURED_RESOURCE,B,按项目用途复核；不足以单独支持核心结论。,ACQUIRED|MIXED_CONTENT|EXTRACTED|SUPPLEMENT,2026-08-16T09:22:23.213Z
WEB-0498,20260816_research_archive_v1,DOWNLOADED_VERIFIED,Commodity Markets,World Bank,07_会计合规与制裁,B,shared,MIXED_CONTENT,country_exposure: ISO3、国家、年份、中国投资流量、存量、企业存在、表号、页码；country_policy_year: ISO3、年份、汇率制度、资本限制、汇出限制、制裁主体、有效期、原文定位；asset_monthly_return: 月份、资产、计价口径、价格、收益、成本、来源版本；case_evidence: 案例ID、事件簇、命题角色、关键事实、来源等级、页码、复核状态；historical_crisis_event: 历史事件、制度环境、政策节点、起止期、可比性、黄金与美元表现,限定会计分类、托管、制裁、外汇管制和合法可用性边界。,https://thedocs.worldbank.org/en/doc/74e8be41ceb20fa0da750cda2f6b9e4e-0050012026/related/CMO-Historical-Data-Annual.xlsx,公开GET；具体API查询参数在正式source_registry冻结；禁止认证信息落盘。,HTML表格: cheerio；正文: Readability+Markdown；动态页: 公开API/人工任务卡,07_会计合规与制裁/外部原件/WEB-0498_8._布伦特_2024_年走势：世界银行_Pink_Sheet：_/original.html,02_提取正文/WEB-0498/content.json | 01_新增原件/WEB-0498/WEB-0498-R01_CMO-Historical-Data-Annual.xlsx | 01_新增原件/WEB-0498/WEB-0498-R02_CMO-Historical-Data-Monthly.xlsx | 03_提取表格/WEB-0498/WEB-0498-R01/AFOSHEET.csv | 03_提取表格/WEB-0498/WEB-0498-R01/Annual_Prices_(Nominal).csv | 03_提取表格/WEB-0498/WEB-0498-R01/Annual_Indices_(Nominal).csv | 03_提取表格/WEB-0498/WEB-0498-R01/Annual_Prices_(Real).csv | 03_提取表格/WEB-0498/WEB-0498-R01/Annual_Indices_(Real).csv | 03_提取表格/WEB-0498/WEB-0498-R01/Description.csv | 03_提取表格/WEB-0498/WEB-0498-R01/Definitions.csv | 03_提取表格/WEB-0498/WEB-0498-R01/Index_Weights.csv | 03_提取表格/WEB-0498/WEB-0498-R02/AFOSHEET.csv | 03_提取表格/WEB-0498/WEB-0498-R02/Monthly_Prices.csv | 03_提取表格/WEB-0498/WEB-0498-R02/Monthly_Indices.csv | 03_提取表格/WEB-0498/WEB-0498-R02/Description.csv | 03_提取表格/WEB-0498/WEB-0498-R02/Index_Weights.csv,country_exposure | country_policy_year | asset_monthly_return | case_evidence | historical_crisis_event,DB01 亚非拉风险全景 | DB02/DB05 政策与约束 | DB04 多币种—黄金周期实验室 | DB05 决策、约束与证据中心 | DB06 全球周期与历史危机,取得状态、内容可用性、提取状态和正式用途四态齐全；不得单独支撑核心结论。,,ACQUIRED,MIXED_CONTENT,EXTRACTED,SUPPLEMENT,,A/D,按项目用途复核；不足以单独支持核心结论。,ACQUIRED|MIXED_CONTENT|EXTRACTED|SUPPLEMENT,2026-08-16T09:22:23.213Z
WEB-0500,20260816_research_archive_v1,METADATA_ONLY_LICENSE,中国清算网典型案例，2021,www.yunqingsuan.com,08_企业案例与公开披露,D,metadata_only,NOT_ACQUIRED,company_overseas_exposure: 企业、财年、海外收入、披露地区、汇兑损益、外币资产负债、套保、现金、授信、页码；country_event: 事件ID、国家、类型、起止月、触发值、证据等级、决策时可知性；asset_monthly_return: 月份、资产、计价口径、价格、收益、成本、来源版本；portfolio_scenario: 情景、周期、权重、成本、流动性、CVaR、回撤、合法可用比例,核验企业海外收入、汇兑损益、冻结、退出和储备配置事实。,https://www.yunqingsuan.com/html/yqs/news/63/87563.html,公开GET；具体API查询参数在正式source_registry冻结；禁止认证信息落盘。,HTML表格: cheerio；正文: Readability+Markdown；动态页: 公开API/人工任务卡,,,company_overseas_exposure | country_event | asset_monthly_return | portfolio_scenario,DB03 中国企业海外风险 | DB02 国别与危机下钻 | DB04 多币种—黄金周期实验室 | DB04/DB05 配置与约束,取得状态、内容可用性、提取状态和正式用途四态齐全；不得单独支撑核心结论。,,NOT_APPLICABLE,NOT_ACQUIRED,FAILED,EXCLUDED,NOT_ACQUIRED,D,仅保留元数据；正式分析改用许可允许的权威替代源。,NOT_APPLICABLE|NOT_ACQUIRED|FAILED|EXCLUDED,2026-08-16T09:22:23.213Z
WEB-0501,20260816_research_archive_v1,METADATA_ONLY_LICENSE,Research Affiliates，2021,www.zhitongcaijing.com,08_企业案例与公开披露,D,metadata_only,NOT_ACQUIRED,company_overseas_exposure: 企业、财年、海外收入、披露地区、汇兑损益、外币资产负债、套保、现金、授信、页码；country_event: 事件ID、国家、类型、起止月、触发值、证据等级、决策时可知性；asset_monthly_return: 月份、资产、计价口径、价格、收益、成本、来源版本；portfolio_scenario: 情景、周期、权重、成本、流动性、CVaR、回撤、合法可用比例,核验企业海外收入、汇兑损益、冻结、退出和储备配置事实。,https://www.zhitongcaijing.com/content/detail/491607.html,公开GET；具体API查询参数在正式source_registry冻结；禁止认证信息落盘。,HTML表格: cheerio；正文: Readability+Markdown；动态页: 公开API/人工任务卡,,,company_overseas_exposure | country_event | asset_monthly_return | portfolio_scenario,DB03 中国企业海外风险 | DB02 国别与危机下钻 | DB04 多币种—黄金周期实验室 | DB04/DB05 配置与约束,取得状态、内容可用性、提取状态和正式用途四态齐全；不得单独支撑核心结论。,,NOT_APPLICABLE,NOT_ACQUIRED,FAILED,EXCLUDED,NOT_ACQUIRED,D,仅保留元数据；正式分析改用许可允许的权威替代源。,NOT_APPLICABLE|NOT_ACQUIRED|FAILED|EXCLUDED,2026-08-16T09:22:23.213Z
WEB-0502,20260816_research_archive_v1,METADATA_ONLY_LICENSE,北京日报，2025-02,xinwen.bjd.com.cn,08_企业案例与公开披露,D,metadata_only,NOT_ACQUIRED,company_overseas_exposure: 企业、财年、海外收入、披露地区、汇兑损益、外币资产负债、套保、现金、授信、页码；country_event: 事件ID、国家、类型、起止月、触发值、证据等级、决策时可知性；asset_monthly_return: 月份、资产、计价口径、价格、收益、成本、来源版本；portfolio_scenario: 情景、周期、权重、成本、流动性、CVaR、回撤、合法可用比例,核验企业海外收入、汇兑损益、冻结、退出和储备配置事实。,https://xinwen.bjd.com.cn/content/s67a5ceb2e4b08edd28f4c180.html,公开GET；具体API查询参数在正式source_registry冻结；禁止认证信息落盘。,HTML表格: cheerio；正文: Readability+Markdown；动态页: 公开API/人工任务卡,,,company_overseas_exposure | country_event | asset_monthly_return | portfolio_scenario,DB03 中国企业海外风险 | DB02 国别与危机下钻 | DB04 多币种—黄金周期实验室 | DB04/DB05 配置与约束,取得状态、内容可用性、提取状态和正式用途四态齐全；不得单独支撑核心结论。,,NOT_APPLICABLE,NOT_ACQUIRED,FAILED,EXCLUDED,NOT_ACQUIRED,D,仅保留元数据；正式分析改用许可允许的权威替代源。,NOT_APPLICABLE|NOT_ACQUIRED|FAILED|EXCLUDED,2026-08-16T09:22:23.213Z
